family,features,seed,step,variant,energy_un,energy_sym,energy_op,norm_f2,norm_pi2,R_un,R_sym,R_op,energy_un_relative,energy_sym_relative,energy_op_relative,norm_f2_relative,norm_pi2_relative,R_un_relative,R_sym_relative,R_op_relative,zero_state,resolution_R_op,censored_R_op
HGNN,real,,0,base,537.8210134601367,138.10400599443432,138.10400599443432,309.21454203686864,309.21454203686864,1.7393134550444609,0.44662843178302963,0.44662843178302963,1.0,1.0,1.0,1.0,1.0,1.0,1.0,1.0,False,1e-24,False
HGNN,real,,0,restart,537.8210134601367,138.10400599443432,138.10400599443432,309.21454203686864,309.21454203686864,1.7393134550444609,0.44662843178302963,0.44662843178302963,1.0,1.0,1.0,1.0,1.0,1.0,1.0,1.0,False,1e-24,False
HGNN,real,,1,base,88.60301997193989,24.502309301591445,24.502309301591445,118.63607252726038,118.63607252726038,0.7468472116824378,0.20653338212929517,0.20653338212929517,0.16474443681904807,0.17741925098522418,0.17741925098522418,0.3836691241808253,0.3836691241808253,0.42939195894586274,0.46242775298646527,0.46242775298646527,False,1e-24,False
HGNN,real,,1,restart,112.49458193329724,30.67331402696472,30.673314026964732,129.98726065508777,129.98726065508777,0.8654277455064912,0.2359716934750571,0.23597169347505717,0.2091673235479397,0.22210299988112492,0.222102999881125,0.42037887286552317,0.42037887286552317,0.49756859121426666,0.5283400623041643,0.5283400623041645,False,1e-24,False
HGNN,real,,2,base,33.10153518697655,9.190532675815051,9.190532675815053,80.19818315901189,80.19818315901189,0.41274669678420167,0.11459776660516913,0.11459776660516915,0.06154749323388056,0.06654790793096499,0.066547907930965,0.2593609687006558,0.2593609687006558,0.23730437753305997,0.2565841277673972,0.25658412776739725,False,1e-24,False
HGNN,real,,2,restart,53.157421430646366,14.555139277739029,14.55513927773903,92.69486165494973,92.69486165494973,0.5734667540528969,0.1570220723983551,0.15702207239835514,0.09883849849720756,0.10539259287182162,0.10539259287182164,0.2997752338694906,0.2997752338694906,0.3297086861426239,0.35157204786872104,0.3515720478687211,False,1e-24,False
HGNN,real,,3,base,19.25313616229401,5.1556672577025235,5.155667257702524,64.33201808749995,64.33201808749995,0.2992776650672956,0.08014154399276179,0.08014154399276181,0.03579840817008362,0.03733177195388742,0.03733177195388743,0.2080497820824657,0.2080497820824657,0.1720665497063296,0.17943672701896918,0.17943672701896923,False,1e-24,False
HGNN,real,,3,restart,37.03790433988959,9.950567430710775,9.950567430710775,77.77648398271317,77.77648398271317,0.4762095487386875,0.12793799515188187,0.12793799515188187,0.06886659950603594,0.07205125846321786,0.07205125846321786,0.2515291922248587,0.2515291922248587,0.2737916776056415,0.28645286785959395,0.28645286785959395,False,1e-24,False
HGNN,real,,4,base,13.345094904118687,3.4340676710209053,3.4340676710209057,55.0289390933033,55.0289390933033,0.24251048855387997,0.062404758797881515,0.06240475879788153,0.02481326420896313,0.024865807811246986,0.024865807811246986,0.17796361946891237,0.17796361946891237,0.13942885789248427,0.13972410701385332,0.13972410701385335,False,1e-24,False
HGNN,real,,4,restart,30.479352068532304,8.031821991366563,8.031821991366563,69.65507429481816,69.65507429481816,0.4375754728151908,0.1153084979476373,0.1153084979476373,0.05667192487039452,0.05815777705746096,0.05815777705746096,0.2252645488015663,0.2252645488015663,0.2515794214930657,0.25817545355834787,0.25817545355834787,False,1e-24,False
HGNN,real,,5,base,10.08941353732577,2.5000367344651977,2.500036734465198,48.68934506175585,48.68934506175585,0.20722015308541764,0.05134669056020859,0.051346690560208595,0.01875979793428729,0.018102564921729722,0.018102564921729722,0.15746136886392123,0.15746136886392123,0.11913905022951748,0.11496511844358492,0.11496511844358494,False,1e-24,False
HGNN,real,,5,restart,27.144106841635708,7.048769598980689,7.04876959898069,64.53333153746493,64.53333153746493,0.42062150201988496,0.10922680467671989,0.1092268046767199,0.050470521162795046,0.051039573748966845,0.051039573748966845,0.208700829891016,0.208700829891016,0.24183191408079627,0.24455855674181945,0.24455855674181948,False,1e-24,False
HGNN,real,,6,base,8.045064303599927,1.9224625342186477,1.9224625342186477,44.00901671756125,44.00901671756125,0.18280490916738987,0.04368337848937926,0.04368337848937926,0.014958627688868145,0.013920396590784805,0.013920396590784805,0.14232518440970968,0.14232518440970968,0.1051017622138253,0.09780698088338559,0.09780698088338559,False,1e-24,False
HGNN,real,,6,restart,25.197097725888895,6.476929356484173,6.476929356484173,61.02606261762809,61.02606261762809,0.4128907657662059,0.10613382346271896,0.10613382346271896,0.04685034071796547,0.04689892454492013,0.04689892454492013,0.197358320264096,0.197358320264096,0.2373872084808609,0.23763337913578766,0.23763337913578766,False,1e-24,False
HGNN,real,,7,base,6.651486002906454,1.5339343657421562,1.5339343657421565,40.37589040669463,40.37589040669463,0.16473905431949526,0.037991344594293285,0.03799134459429329,0.01236747140115131,0.011107095371324528,0.01110709537132453,0.13057565191057696,0.13057565191057696,0.0947149887455359,0.08506253048563046,0.08506253048563048,False,1e-24,False
HGNN,real,,7,restart,23.95351351200134,6.115553713750826,6.115553713750827,58.49816626187247,58.49816626187247,0.40947460480677655,0.10454265671122034,0.10454265671122036,0.04453807663239766,0.044282232580547205,0.04428223258054721,0.1891831020511886,0.1891831020511886,0.23542312262300613,0.23407076055114817,0.2340707605511482,False,1e-24,False
HGNN,real,,8,base,5.6451728199879225,1.2566736478616134,1.2566736478616138,37.45746417957418,37.45746417957418,0.1507088892329843,0.0335493519218764,0.03354935192187641,0.0104963783093357,0.009099472812629766,0.00909947281262977,0.12113745987764057,0.12113745987764057,0.08664849271181647,0.07511691942212614,0.07511691942212616,False,1e-24,False
HGNN,real,,8,restart,23.109529546411324,5.873893199619196,5.873893199619197,56.61237663640416,56.61237663640416,0.4082063131677627,0.10375634355265759,0.10375634355265763,0.04296881112497514,0.04253238823395114,0.042532388233951154,0.18308445735923404,0.18308445735923404,0.23469393166818683,0.23231020725313345,0.23231020725313353,False,1e-24,False
HGNN,real,,9,base,4.887116081593623,1.0500932432658598,1.05009324326586,35.05452011086432,35.05452011086432,0.13941471930403002,0.029956001107554982,0.02995600110755499,0.00908688199100249,0.00760364071776585,0.007603640717765852,0.11336633743016089,0.11336633743016089,0.08015502835310744,0.06707141546713598,0.06707141546713599,False,1e-24,False
HGNN,real,,9,restart,22.511799107547123,5.705597867750691,5.705597867750693,55.170547844008745,55.170547844008745,0.4080401588760333,0.1034174589652963,0.10341745896529633,0.04185741825652132,0.04131377527151986,0.04131377527151987,0.1784215822470296,0.1784215822470296,0.23459840300355914,0.23155144546537984,0.2315514454653799,False,1e-24,False
HGNN,real,,10,base,4.297631888552164,0.8911218369806055,0.8911218369806058,33.03874214302437,33.03874214302437,0.13007855656089326,0.026972026753408117,0.026972026753408124,0.007990821818029811,0.006452541550579774,0.006452541550579775,0.10684731036706889,0.10684731036706889,0.07478729965759286,0.06039030396190949,0.0603903039619095,False,1e-24,False
HGNN,real,,10,restart,22.07507323432731,5.584767877683612,5.584767877683612,54.04762194540984,54.04762194540984,0.40843745644579843,0.10333050144786095,0.10333050144786095,0.041045389975197605,0.040438855031538205,0.040438855031538205,0.17479003926977524,0.17479003926977524,0.23482682506780114,0.2313567477899806,0.2313567477899806,False,1e-24,False
HGNN,real,,11,base,3.8279343079253816,0.765728194126584,0.765728194126584,31.322741784788022,31.322741784788022,0.12220942643611195,0.024446397425478956,0.024446397425478956,0.0071174874393581285,0.005544576267812559,0.005544576267812559,0.10129776425926731,0.10129776425926731,0.07026302595525427,0.05473542588384727,0.05473542588384727,False,1e-24,False
HGNN,real,,11,restart,21.748380933266965,5.495931119731756,5.495931119731756,53.16041767249739,53.16041767249739,0.40910854138225705,0.10338389652222547,0.10338389652222547,0.04043795312746544,0.039795595212156594,0.039795595212156594,0.1719208201603885,0.1719208201603885,0.23521265830246757,0.23147629923490623,0.23147629923490623,False,1e-24,False
HGNN,real,,12,base,3.446482698634025,0.6648944229841676,0.6648944229841677,29.84434016872547,29.84434016872547,0.11548195333350571,0.022278744285354476,0.02227874428535448,0.006408233617464406,0.0048144470408118594,0.00481444704081186,0.0965166126150918,0.0965166126150918,0.06639513596504301,0.049882055641673535,0.04988205564167354,False,1e-24,False
HGNN,real,,12,restart,21.499491042415016,5.429362060486045,5.4293620604860475,52.451361356389796,52.451361356389796,0.4098938614068189,0.10351231922457284,0.1035123192245729,0.03997517855261072,0.03931357400816347,0.03931357400816349,0.16962773164185743,0.16962773164185743,0.2356641698010328,0.23176383736102749,0.2317638373610276,False,1e-24,False
HGNN,real,,13,base,3.131933281198104,0.5825529411948698,0.5825529411948698,28.55773491410342,28.55773491410342,0.10967022736986674,0.020399129796081,0.020399129796081,0.005823374696813038,0.004218218993722362,0.004218218993722362,0.09235573050991369,0.09235573050991369,0.06305374517272581,0.04567360325594055,0.04567360325594055,False,1e-24,False
HGNN,real,,13,restart,21.3071033720985,5.378697450770142,5.378697450770142,51.87934299713383,51.87934299713383,0.4107049577184439,0.10367705410354364,0.10367705410354364,0.03961746164400805,0.0389467156440553,0.0389467156440553,0.16777782395159183,0.16777782395159183,0.2361305011050727,0.2321326783645282,0.2321326783645282,False,1e-24,False
HGNN,real,,14,base,2.869279748980911,0.5144624264368372,0.5144624264368373,27.42824215931132,27.42824215931132,0.10461041332197987,0.018756667796962258,0.01875666779696226,0.0053350086314423685,0.0037251810527318832,0.003725181052731884,0.08870295031609789,0.08870295031609789,0.06014465823775611,0.04199613473347835,0.04199613473347836,False,1e-24,False
HGNN,real,,14,restart,21.156634167005045,5.339636587661197,5.3396365876611975,51.41426544818193,51.41426544818193,0.41149346358605166,0.10385515656238968,0.1038551565623897,0.03933768602846377,0.03866387907586394,0.038663879075863945,0.16627376290100757,0.16627376290100757,0.23658384427063087,0.23253144934768083,0.23253144934768086,False,1e-24,False
HGNN,real,,15,base,2.647630329816657,0.4575624817967099,0.45756248179671,26.42900917422845,26.42900917422845,0.10017894777525083,0.01731288822748943,0.017312888227489432,0.004922883754174658,0.0033131731299318717,0.003313173129931872,0.08547143028957944,0.08547143028957944,0.05759683367291034,0.03876351570000354,0.03876351570000355,False,1e-24,False
HGNN,real,,15,restart,21.03780630412121,5.309193530763085,5.309193530763086,51.03363883032303,51.03363883032303,0.4122341025704212,0.10403321519782523,0.10403321519782525,0.03911674288955713,0.03844344334933375,0.038443443349333764,0.16504281620829503,0.16504281620829503,0.2370096668744988,0.23293012221032128,0.23293012221032133,False,1e-24,False
HGNN,real,,16,base,2.4588684980442843,0.40958579254204963,0.40958579254204974,25.538869913538367,25.538869913538367,0.09627945584001028,0.016037741447789154,0.016037741447789158,0.004571908565314055,0.002965777781699947,0.002965777781699948,0.08259271942809626,0.08259271942809626,0.055354861747763086,0.035908465083074305,0.03590846508307431,False,1e-24,False
HGNN,real,,16,restart,20.943203855717908,5.2852476103909565,5.285247610390957,50.720369599199174,50.720369599199174,0.4129150481594397,0.1042036493849683,0.10420364938496832,0.038940843387611924,0.038270052865837616,0.03827005286583762,0.16402970334154474,0.16402970334154474,0.23740116938777123,0.2333117239513091,0.23331172395130914,False,1e-24,False
HGNN,real,,17,base,2.2968126815674745,0.3688153683315723,0.3688153683315723,24.740893788118846,24.740893788118846,0.09283466883764957,0.01490711578531112,0.01490711578531112,0.0042705893300647585,0.002670562419068682,0.002670562419068682,0.0800120641970613,0.0800120641970613,0.05337431764723311,0.03337699690500882,0.03337699690500882,False,1e-24,False
HGNN,real,,17,restart,20.867369285885093,5.266263222327861,5.266263222327863,50.461278619429244,50.461278619429244,0.41353231342517893,0.10436246100787817,0.10436246100787822,0.03879984002787906,0.03813258843874591,0.03813258843874592,0.16319180296964358,0.16319180296964358,0.2377560595681174,0.23366730279853087,0.23366730279853096,False,1e-24,False
HGNN,real,,18,base,2.1566693973940416,0.333926988921857,0.33392698892185707,24.021371929925298,24.021371929925298,0.0897812749282363,0.013901245519863837,0.01390124551986384,0.004010013263555561,0.002417938469759628,0.0024179384697596285,0.07768513010963486,0.07768513010963486,0.051618800894023605,0.031124855765154263,0.03112485576515427,False,1e-24,False
HGNN,real,,18,restart,20.806219693495514,5.251109679765562,5.251109679765562,50.2460806427452,50.2460806427452,0.4140864208181704,0.10450784643485911,0.10450784643485911,0.03868614124917912,0.03802286285581886,0.03802286285581886,0.16249585259400315,0.16249585259400315,0.23807463779298216,0.23399282042489541,0.23399282042489541,False,1e-24,False
HGNN,real,,19,base,2.034665476247363,0.3038835965174513,0.3038835965174513,23.369089514705056,23.369089514705056,0.08706652755842476,0.013003655804657335,0.013003655804657335,0.0037831647059624837,0.002200396681684223,0.002200396681684223,0.07557564841797992,0.07557564841797992,0.05005798541137551,0.02911515452060262,0.02911515452060262,False,1e-24,False
HGNN,real,,19,restart,20.756657914329153,5.238942272809562,5.238942272809562,50.06666501573813,50.06666501573813,0.4145803981112869,0.10463932980482592,0.10463932980482592,0.03859398832483074,0.03793475964064862,0.03793475964064862,0.16191562235701232,0.16191562235701232,0.2383586448485729,0.2342872113785611,0.2342872113785611,False,1e-24,False
HGNN,real,,20,base,1.9277934067344478,0.27786245747389715,0.27786245747389715,22.774791104874915,22.774791104874915,0.08464593145365036,0.012200439345167959,0.012200439345167959,0.0035844516270045965,0.002011979706693629,0.002011979706693629,0.07365368703183242,0.07365368703183242,0.048666289108587744,0.02731675477188359,0.02731675477188359,False,1e-24,False
HGNN,real,,20,restart,20.716306660949186,5.229121893712923,5.229121893712925,49.91657837200224,49.91657837200224,0.41501856370365275,0.10475721822804045,0.10475721822804049,0.0385189610343938,0.03786365106544165,0.037863651065441664,0.1614302420681448,0.1614302420681448,0.2386105635531026,0.23455116327867612,0.23455116327867623,False,1e-24,False
HGNN,real,,21,base,1.8336304178892473,0.2552036469216534,0.2552036469216534,22.230779906890678,22.230779906890678,0.0824816054843354,0.01147974331042476,0.01147974331042476,0.0034093692362304026,0.0018479090818838253,0.0018479090818838253,0.07189435451661272,0.07189435451661272,0.047421932628139755,0.025703118058551126,0.025703118058551126,False,1e-24,False
HGNN,real,,21,restart,20.68332265760991,5.221159596344459,5.221159596344459,49.79064595789317,49.79064595789317,0.4154057907804877,0.10486225868127673,0.10486225868127673,0.03845763207454697,0.03780599671058692,0.03780599671058692,0.16102297657125217,0.16102297657125217,0.23883319569322195,0.23478634860446684,0.23478634860446684,False,1e-24,False
HGNN,real,,22,base,1.7502070294327294,0.23537280294425864,0.23537280294425866,21.73061223482406,21.73061223482406,0.08054108234594337,0.010831393078151084,0.010831393078151086,0.003254255571333222,0.001704315535595284,0.0017043155355952841,0.07027681198846415,0.07027681198846415,0.046306249234347785,0.024251463425447428,0.02425146342544743,False,1e-24,False
HGNN,real,,22,restart,20.65626414436736,5.214677647958002,5.214677647958003,49.684690090257895,49.684690090257895,0.4157470662862725,0.10495542265605251,0.10495542265605255,0.03840732070224029,0.03775906144364963,0.037759061443649634,0.16068031523670653,0.16068031523670653,0.2390294084602738,0.23499494252313846,0.23499494252313854,False,1e-24,False
HGNN,real,,23,base,1.6759096595071743,0.21793367401933297,0.21793367401933297,21.268861124380017,21.268861124380017,0.07879639862738662,0.010246607599008698,0.010246607599008698,0.0031161104113894816,0.001578040205641217,0.001578040205641217,0.06878350864185444,0.06878350864185444,0.045303161657754436,0.022942130123920237,0.022942130123920237,False,1e-24,False
HGNN,real,,23,restart,20.63399480723819,5.209381713676973,5.209381713676974,49.59531792803759,49.59531792803759,0.41604723327266396,0.10503777234044037,0.10503777234044039,0.038365914106789696,0.037720714009461205,0.03772071400946121,0.16039128561464674,0.16039128561464674,0.2392019863159334,0.2351793232712675,0.23517932327126753,False,1e-24,False
HGNN,real,,24,base,1.6094072311495946,0.20252754087420116,0.20252754087420116,20.840931120820862,20.840931120820862,0.0772233842057919,0.009717777948599843,0.009717777948599843,0.0029924588122640992,0.0014664856346191953,0.0014664856346191953,0.06739958277361978,0.06739958277361978,0.04439877354011379,0.021758081790280433,0.021758081790280433,False,1e-24,False
HGNN,real,,24,restart,20.615613076270424,5.205040694964494,5.205040694964495,49.51975952632564,49.51975952632564,0.41631084790124584,0.1051103790638845,0.10511037906388451,0.03833173594991646,0.03768928104210287,0.037689281042102875,0.16014692970171254,0.16014692970171254,0.23935354877744217,0.23534188955293986,0.2353418895529399,False,1e-24,False
HGNN,real,,25,base,1.549595042673064,0.18885756174310286,0.1888575617431029,20.442911562439747,20.442911562439747,0.07580109310457382,0.009238290796605283,0.009238290796605285,0.0028812467417432363,0.0013675024151776883,0.0013675024151776885,0.0661123873016369,0.0661123873016369,0.0435810422122194,0.020684511193620584,0.020684511193620587,False,1e-24,False
HGNN,real,,25,restart,20.60039940870363,5.201471918813024,5.2014719188130245,49.455742910529615,49.455742910529615,0.4165421080818018,0.10517427527522953,0.10517427527522956,0.038303448346446084,0.037663439821018996,0.037663439821019,0.15993989993081517,0.15993989993081517,0.23948650938893246,0.2354849530186712,0.23548495301867126,False,1e-24,False
HGNN,real,,26,base,1.4955512867306269,0.17667670728747575,0.1766767072874758,20.07145924105282,20.07145924105282,0.07451133815281981,0.008802384777590712,0.008802384777590714,0.0027807602330537744,0.0012793018277441998,0.0012793018277442003,0.06491111028878983,0.06491111028878983,0.042839511151205996,0.019708518650390975,0.01970851865039098,False,1e-24,False
HGNN,real,,26,restart,20.58777652683617,5.198530124873165,5.198530124873166,49.401396772523896,49.401396772523896,0.4167448265002639,0.10523042797373873,0.10523042797373874,0.03827997793240211,0.03764213852770259,0.037642138527702595,0.15976414449044124,0.15976414449044124,0.2396030602141297,0.23561067877751962,0.23561067877751965,False,1e-24,False
HGNN,real,,27,base,1.4465029881203586,0.16577835472117236,0.1657783547211724,19.723703766035957,19.723703766035957,0.07333830426977025,0.008405031665839618,0.00840503166583962,0.002689562051162907,0.0012003877333424588,0.001200387733342459,0.06378646889021228,0.06378646889021228,0.042165087642523615,0.018818845975132076,0.01881884597513208,False,1e-24,False
HGNN,real,,27,restart,20.577279119855188,5.196099186231418,5.19609918623142,49.35517402641925,49.35517402641925,0.41692243064203177,0.10527972575783051,0.10527972575783054,0.0382604595299629,0.03762453629651282,0.037624536296512835,0.15961466010396907,0.15961466010396907,0.2397051718497597,0.23572105639923746,0.23572105639923752,False,1e-24,False
HGNN,real,,28,base,1.40179905659396,0.15598888004561245,0.15598888004561248,19.397170671488873,19.397170671488873,0.0722682230483443,0.008041836754826016,0.008041836754826018,0.0026064415883926065,0.0011295029345629475,0.0011295029345629478,0.06273046068181388,0.06273046068181388,0.0415498556851542,0.01800565343035015,0.018005653430350155,False,1e-24,False
HGNN,real,,28,restart,20.568530547127654,5.194085823150055,5.194085823150057,49.3157912895157,49.3157912895157,0.41707797866158186,0.10532297439287551,0.10532297439287554,0.038244192830617606,0.0376099576963711,0.03760995769637111,0.15948729631103709,0.15948729631103709,0.23979460254961368,0.23581788999057948,0.23581788999057954,False,1e-24,False
HGNN,real,,29,base,1.3608887832756167,0.14716177088288693,0.14716177088288696,19.089718527962383,19.089718527962383,0.071289096341688,0.007708954465060665,0.007708954465060667,0.0025303748816361297,0.0010655865470608988,0.001065586547060899,0.06173616027957138,0.06173616027957138,0.0409869170706011,0.01726033077268499,0.017260330772684993,False,1e-24,False
HGNN,real,,29,restart,20.56122477987894,5.192414786956945,5.192414786956948,49.282180641307185,49.282180641307185,0.4172141839568884,0.1053608975777501,0.10536089757775015,0.038230608818342386,0.03759785785769461,0.03759785785769462,0.15937859945613786,0.15937859945613786,0.2398729123533535,0.23590279991161428,0.23590279991161436,False,1e-24,False
HGNN,real,,30,base,1.323304549337036,0.13917290983008507,0.1391729098300851,18.79948720583394,18.79948720583394,0.07039045984862725,0.0074030162794491705,0.007403016279449171,0.002460492461652615,0.0010077398467043296,0.0010077398467043298,0.06079755202325646,0.06079755202325646,0.04047025545882867,0.016575335900347533,0.016575335900347536,False,1e-24,False
HGNN,real,,30,restart,20.555112301955333,5.1910251401845295,5.19102514018453,49.25345093295028,49.25345093295028,0.41733344390299526,0.10539414075271958,0.1053941407527196,0.03821924355411762,0.03758779553718182,0.03758779553718183,0.15928568756341877,0.15928568756341877,0.23994147960657686,0.23597723130156578,0.23597723130156584,False,1e-24,False
HGNN,real,,31,base,1.2886478271574822,0.1319167682020801,0.13191676820208015,18.52485508878142,18.52485508878142,0.06956317989973819,0.007121068832650054,0.007121068832650056,0.0023960533242589578,0.0009551987087716805,0.000955198708771681,0.0599093916047863,0.0599093916047863,0.03999461954254818,0.01594405623533936,0.015944056235339364,False,1e-24,False
HGNN,real,,31,restart,20.549989030098022,5.189867362271435,5.1898673622714355,49.22885658518361,49.22885658518361,0.41743786989119197,0.10542327655510543,0.10542327655510546,0.038209717574787895,0.03757941216043067,0.037579412160430675,0.15920614942913613,0.15920614942913613,0.24000151823152618,0.23604246629403935,0.2360424662940394,False,1e-24,False
HGNN,real,,32,base,1.25657777833505,0.12530331447955426,0.12530331447955426,18.264403521226274,18.264403521226274,0.06879927816283174,0.0068605204836791394,0.0068605204836791394,0.0023364237299890993,0.0009073112222726114,0.0009073112222726114,0.05906709109123513,0.05906709109123513,0.03955542226347756,0.015360689099640557,0.015360689099640557,False,1e-24,False
HGNN,real,,32,restart,20.545687556065236,5.188901082627276,5.188901082627277,49.20777230038685,49.20777230038685,0.41752931692670253,0.1054488110323678,0.10544881103236782,0.03820171960906114,0.03757241540724309,0.0375724154072431,0.15913796284043993,0.15913796284043993,0.2400540947439687,0.23609963792809865,0.23609963792809868,False,1e-24,False
HGNN,real,,33,base,1.2268019164822819,0.11925548860166725,0.11925548860166725,18.016887139745492,18.016887139745492,0.06809178005982736,0.006619095056581005,0.006619095056581005,0.0022810598429196787,0.0008635194015043512,0.0008635194015043512,0.058266622976603996,0.058266622976603996,0.039148653661215296,0.014820138140682757,0.014820138140682757,False,1e-24,False
HGNN,real,,33,restart,20.542070187388134,5.1880932944005185,5.188093294400519,49.189672475933435,49.189672475933435,0.4176094117609455,0.10547119005394573,0.10547119005394574,0.0381949936378057,0.03756656627766179,0.0375665662776618,0.15907942799814503,0.15907942799814503,0.24010014442754393,0.2361497445043607,0.23614974450436071,False,1e-24,False
HGNN,real,,34,base,1.1990684236788292,0.11370712769213963,0.11370712769213964,17.78120901765602,17.78120901765602,0.06743458346888576,0.006394791691567939,0.0063947916915679396,0.002229493444230595,0.000823344166401097,0.0008233441664010972,0.057504439799393105,0.057504439799393105,0.03877080538491089,0.014317923438144448,0.01431792343814445,False,1e-24,False
HGNN,real,,34,restart,20.53902339081173,5.187416939362304,5.187416939362304,49.17411437674769,49.17411437674769,0.4176795790047568,0.10549080558154819,0.10549080558154819,0.03818932856243648,0.03756166884522785,0.03756166884522785,0.15902911309677184,0.15902911309677184,0.2401404863472869,0.2361936636241627,0.2361936636241627,False,1e-24,False
HGNN,real,,35,base,1.1731597999535888,0.10860125445043561,0.10860125445043563,17.556399767050102,17.556399767050102,0.06682234487251641,0.0061858499402741305,0.006185849940274131,0.002181320124340109,0.0007863729489122301,0.0007863729489122302,0.05677740655857252,0.05677740655857252,0.03841880523531526,0.013850103352307836,0.013850103352307838,False,1e-24,False
HGNN,real,,35,restart,20.5364533363074,5.18684978127829,5.1868497812782905,49.160724329786895,49.160724329786895,0.41774106497174185,0.1055080016006911,0.10550800160069111,0.038184549919653824,0.0375575620991568,0.037557562099156803,0.15898580967749346,0.15898580967749346,0.2401758370581129,0.23623216547025935,0.23623216547025938,False,1e-24,False
HGNN,real,,36,base,1.1488875936391296,0.10388865873464681,0.10388865873464681,17.341599909777027,17.341599909777027,0.06625038056560155,0.005990719384321362,0.005990719384321362,0.0021361894847648703,0.0007522494223580567,0.0007522494223580567,0.05608274370132739,0.05608274370132739,0.038089960365371885,0.013413206500099462,0.013413206500099462,False,1e-24,False
HGNN,real,,36,restart,20.53428230940412,5.186373504946331,5.1863735049463315,49.149186359504604,49.149186359504604,0.417794959192303,0.10552307960930009,0.10552307960930012,0.038180513210694995,0.037554113420542955,0.03755411342054296,0.1589484958752179,0.1589484958752179,0.24020682297408155,0.23626592509579147,0.23626592509579153,False,1e-24,False
HGNN,real,,37,base,1.126088012771146,0.0995267175276505,0.09952671752765052,17.13604495998807,17.13604495998807,0.06571458089661372,0.005808033169849934,0.005808033169849936,0.002093796978155097,0.000720664956899668,0.0007206649568996682,0.05541797888000004,0.05541797888000004,0.03778190797410574,0.013004172498967676,0.01300417249896768,False,1e-24,False
HGNN,real,,37,restart,20.532445812065202,5.185972992768509,5.1859729927685105,49.139232803687705,49.139232803687705,0.4178422136563012,0.10553630361887381,0.10553630361887384,0.03817709851083583,0.03755121334407567,0.037551213344075685,0.15891630607019988,0.15891630607019988,0.24023399143176305,0.23629553362187863,0.23629553362187872,False,1e-24,False
HGNN,real,,38,base,1.104618258074108,0.09547840972906332,0.09547840972906332,16.939052764486977,16.939052764486977,0.06521133580680258,0.005636584941115214,0.005636584941115214,0.002053877090014413,0.000691351485726715,0.000691351485726715,0.054780906010776426,0.054780906010776426,0.03749257249616092,0.012620300321259988,0.012620300321259988,False,1e-24,False
HGNN,real,,38,restart,20.53089021208302,5.185635741720015,5.1856357417200165,49.13063654240153,49.13063654240153,0.4178836599107384,0.10554790466117048,0.1055479046611705,0.038174206098781915,0.0375487713363579,0.03754877133635791,0.1588885057564451,0.1588885057564451,0.24025782052037095,0.23632150832807985,0.2363215083280799,False,1e-24,False
HGNN,real,,39,base,1.0843534494838962,0.09171149092308947,0.09171149092308949,16.75001272961576,16.75001272961576,0.06473747017318063,0.005475308729821681,0.005475308729821682,0.0020161976240154265,0.0006640755296177687,0.0006640755296177688,0.05416955043342885,0.05416955043342885,0.03722012842792951,0.012259203266489683,0.012259203266489684,False,1e-24,False
HGNN,real,,39,restart,20.52957083129529,5.185351391874034,5.185351391874035,49.12320454569163,49.12320454569163,0.4179200241751297,0.10555808481612622,0.10555808481612623,0.038171752901984636,0.037546712381992794,0.0375467123819928,0.15886447067497397,0.15886447067497397,0.2402787277721868,0.23634430167089301,0.23634430167089304,False,1e-24,False
HGNN,real,,40,base,1.06518404279109,0.0881978000667839,0.08819780006678392,16.568376629501113,16.568376629501113,0.06429018766355526,0.005323261417762665,0.005323261417762666,0.0019805548986234272,0.0006386331767257956,0.0006386331767257957,0.05358213918517976,0.05358213918517976,0.036962968047592006,0.011918769695227743,0.011918769695227744,False,1e-24,False
HGNN,real,,40,restart,20.528450386233004,5.1851113439513155,5.185111343951316,49.11677250302127,49.11677250302127,0.41795194065266117,0.10556702078973876,0.10556702078973877,0.03816966959725268,0.03754497421429092,0.03754497421429093,0.15884366944541992,0.15884366944541992,0.24029707781567028,0.23636430929462818,0.2363643092946282,False,1e-24,False
HGNN,real,,41,base,1.0470136524481422,0.08491267538537893,0.08491267538537897,16.39365074376872,16.39365074376872,0.0638670219838687,0.005179607441475751,0.005179607441475753,0.0019467696989227939,0.0006148458531231959,0.0006148458531231963,0.05301707557406551,0.05301707557406551,0.036719673385287595,0.011597128782862584,0.011597128782862587,False,1e-24,False
HGNN,real,,41,restart,20.527497712834744,5.184908448196012,5.184908448196014,49.11120034276569,49.11120034276569,0.41797996321746467,0.10557486707733815,0.10557486707733818,0.038167898239543675,0.037543505062445234,0.03754350506244525,0.15882564907607097,0.15882564907607097,0.24031318909493524,0.23638187711396308,0.23638187711396313,False,1e-24,False
HGNN,real,,42,base,1.0297572120594436,0.08183446099141475,0.08183446099141477,16.225389116022903,16.225389116022903,0.0634657945455704,0.005043605451076767,0.005043605451076768,0.0019146838563156464,0.0005925567502706094,0.0005925567502706095,0.05247291737685577,0.05247291737685577,0.03648899188441457,0.011292620648760961,0.011292620648760963,False,1e-24,False
HGNN,real,,42,restart,20.526686720883884,5.18473675060603,5.184736750606031,49.10636848614426,49.10636848614426,0.41800457565245625,0.10558175875027172,0.10558175875027176,0.03816639031789211,0.03754226181400544,0.03754226181400545,0.15881002284908435,0.15881002284908435,0.24032733975588724,0.23639730755332417,0.23639730755332425,False,1e-24,False
HGNN,real,,43,base,1.0133394164567502,0.07894408911601146,0.07894408911601146,16.063187759575804,16.063187759575804,0.06308457770797485,0.004914596672690341,0.004914596672690341,0.0018841573517875553,0.0005716277999871557,0.0005716277999871557,0.05194835810037854,0.05194835810037854,0.0362698152682101,0.011003770299777586,0.011003770299777586,False,1e-24,False
HGNN,real,,43,restart,20.525995534792916,5.184591285437149,5.1845912854371505,49.10217470878959,49.10217470878959,0.41802620060163315,0.10558781390407694,0.10558781390407698,0.03816510515782274,0.03754120851241702,0.03754120851241703,0.1587964601707994,0.1587964601707994,0.24033977279325275,0.2364108650283399,0.23641086502834002,False,1e-24,False
HGNN,real,,44,base,0.9976933992273056,0.0762247255443068,0.07622472554430682,15.906679665707985,15.906679665707985,0.06272166286080166,0.00479199475605421,0.0047919947560542105,0.0018550658569633123,0.000551937107076957,0.0005519371070769571,0.05144221083823212,0.05144221083823212,0.036061161189141926,0.01072926489906523,0.010729264899065232,False,1e-24,False
HGNN,real,,44,restart,20.525405785981448,5.184467905156076,5.184467905156078,49.09853150629104,49.09853150629104,0.4180452073877507,0.10559313580471924,0.10559313580471927,0.03816400860563027,0.037540315125724984,0.03754031512572499,0.15878467805190374,0.15878467805190374,0.2403507005452703,0.2364227807512621,0.23642278075126216,False,1e-24,False
HGNN,real,,45,base,0.982759607622047,0.07366146802731571,0.0736614680273157,15.75553049341053,15.75553049341053,0.062375532707900166,0.004675276916770483,0.004675276916770482,0.001827298642162276,0.0005333767655536677,0.0005333767655536676,0.05095339433140873,0.05095339433140873,0.035862157293726965,0.010467933933596315,0.010467933933596314,False,1e-24,False
HGNN,real,,45,restart,20.524902028903927,5.184363140786753,5.184363140786754,49.095363878705705,49.095363878705705,0.4180619188323454,0.10559781476709625,0.10559781476709626,0.038163071942567815,0.03753955653535269,0.037539556535352694,0.15877443394254048,0.15877443394254048,0.2403603086147912,0.23643325693693243,0.23643325693693246,False,1e-24,False
HGNN,real,,46,base,0.9684848433212834,0.07124108920964958,0.07124108920964958,15.609434839084685,15.609434839084685,0.06204483719655759,0.004563976206958372,0.004563976206958372,0.001800756792841579,0.0005158509972007665,0.0005158509972007665,0.05048092090450106,0.05048092090450106,0.035672027383339924,0.010218731908172685,0.010218731908172685,False,1e-24,False
HGNN,real,,46,restart,20.524471258185354,5.18427408698862,5.184274086988621,49.0926074641284,49.0926074641284,0.418076617201122,0.10560192979720481,0.10560192979720483,0.03816227098703095,0.037538911703962806,0.03753891170396281,0.15876551969627267,0.15876551969627267,0.24036875928751725,0.23644247047959058,0.2364424704795906,False,1e-24,False
HGNN,real,,47,base,0.9548214428810325,0.06895181705166999,0.06895181705166997,15.468113000840233,15.468113000840233,0.061728372609455746,0.004457674769244607,0.004457674769244606,0.0017753516857552164,0.0004992745616260312,0.0004992745616260311,0.05002388600144142,0.05002388600144142,0.03549007939335341,0.009980723241126145,0.009980723241126144,False,1e-24,False
HGNN,real,,47,restart,20.524102508625194,5.184198307309389,5.184198307309389,49.09020696367748,49.09020696367748,0.4180895493842847,0.10560555002640849,0.10560555002640849,0.03816158535082312,0.03753836298940029,0.03753836298940029,0.1587577564764865,0.1587577564764865,0.24037619451037787,0.23645057616419562,0.23645057616419562,False,1e-24,False
HGNN,real,,48,base,0.9417265760632149,0.06678314690169673,0.06678314690169673,15.331308165458788,15.331308165458788,0.061425063399671985,0.004355997947530543,0.004355997947530543,0.0017510036843010333,0.00048357139549151196,0.00048357139549151196,0.04958145908813948,0.04958145908813948,0.03531569494936254,0.00975306907833998,0.00975306907833998,False,1e-24,False
HGNN,real,,48,restart,20.523786523268832,5.184133755932187,5.184133755932189,49.088114810248065,49.088114810248065,0.41810093140884086,0.10560873596331105,0.10560873596331108,0.038160997821982755,0.0375378955780697,0.03753789557806971,0.15875099045113839,0.15875099045113839,0.2403827384858316,0.23645770946936798,0.23645770946936803,False,1e-24,False
HGNN,real,,49,base,0.9291616438545265,0.06472568034037564,0.06472568034037564,15.198783957270209,15.198783957270209,0.06113394640431546,0.004258609144148974,0.004258609144148974,0.0017276410192243186,0.0004686734455985594,0.0004686734455985594,0.049152875725547246,0.049152875725547246,0.03514832029098098,0.009535015778435239,0.009535015778435239,False,1e-24,False
HGNN,real,,49,restart,20.52351547750464,5.184078712937121,5.184078712937122,49.08629004155416,49.08629004155416,0.41811095236837803,0.10561154058594616,0.10561154058594618,0.038160493851781864,0.037537497016169416,0.03753749701616942,0.15874508914817287,0.15874508914817287,0.24038849993125025,0.2364639890127994,0.2364639890127995,False,1e-24,False
HGNN,real,,50,base,0.9170917609499878,0.062770986715752,0.06277098671575201,15.070322297528822,15.070322297528822,0.06085415712047308,0.0041652053271644335,0.004165205327164434,0.0017051988263711876,0.0004545196662744288,0.0004545196662744289,0.04873743064688057,0.04873743064688057,0.03498745838134019,0.009325884853626771,0.009325884853626773,False,1e-24,False
HGNN,real,,50,restart,20.52328274936509,5.1840317306577886,5.184031730657789,49.084697344679654,49.084697344679654,0.41811977784537835,0.1056140102943854,0.10561401029438541,0.038160061127634384,0.03753715682126345,0.037537156821263455,0.15873993836559966,0.15873993836559966,0.24039357404654255,0.2364695186841403,0.23646951868414032,False,1e-24,False
HGNN,real,,51,base,0.9054853099355961,0.060911483946078454,0.06091148394607846,14.945721530694234,14.945721530694234,0.06058491776900757,0.004075513103933035,0.004075513103933036,0.0016836183177560255,0.00044105515627499776,0.0004410551562749978,0.04833447169801027,0.04833447169801027,0.034832662044495526,0.00912506417843301,0.009125064178433012,False,1e-24,False
HGNN,real,,51,restart,20.523082728002375,5.1839915891636,5.1839915891636,49.08330624486221,49.08330624486221,0.4181275528917865,0.10561618574148586,0.10561618574148589,0.03815968921698436,0.03753686615993253,0.03753686615993253,0.1587354395480205,0.1587354395480205,0.2403980442278003,0.23647438950504118,0.23647438950504124,False,1e-24,False
HGNN,real,,52,base,0.8943135564442666,0.059140335713435334,0.05914033571343534,14.824794780581843,14.824794780581843,0.060325526908182034,0.003989285287840875,0.003989285287840875,0.0016628460659998982,0.00042823041437204025,0.00042823041437204025,0.047943394521251965,0.047943394521251965,0.03468352799388882,0.008932000302611398,0.008932000302611398,False,1e-24,False
HGNN,real,,52,restart,20.522910653759645,5.183957259261671,5.183957259261674,49.08209041577079,49.08209041577079,0.41813440462522217,0.10561810255734319,0.10561810255734325,0.038159369269941706,0.03753661757987374,0.037536617579873754,0.1587315075560663,0.1587315075560663,0.2404019835599637,0.2364786812512018,0.23647868125120192,False,1e-24,False
HGNN,real,,53,base,0.8835503162558551,0.05745136262530973,0.05745136262530973,14.70736850486455,14.70736850486455,0.06007535039076606,0.003906297894576269,0.003906297894576269,0.0016428333853514333,0.0004160006960813654,0.0004160006960813654,0.047563637880623816,0.047563637880623816,0.03453969163323145,0.008746191725819044,0.008746191725819044,False,1e-24,False
HGNN,real,,53,restart,20.522762484436644,5.183927871705075,5.183927871705076,49.08102709228338,49.08102709228338,0.4181404444908871,0.1056197919810872,0.10561979198108722,0.03815909377062262,0.03753640478694,0.03753640478694001,0.1587280687673198,0.1587280687673198,0.24040545611728076,0.23648246386695976,0.23648246386695979,False,1e-24,False
HGNN,real,,54,base,0.8731716667265499,0.05583896529981107,0.05583896529981109,14.593281221055014,14.593281221055014,0.05983381348580799,0.003826347512528387,0.003826347512528388,0.0016235357951317189,0.0004043254567290497,0.00040432545672904985,0.04719467954167243,0.04719467954167243,0.03440082252700017,0.008567183009941498,0.008567183009941502,False,1e-24,False
HGNN,real,,54,restart,20.5226347833064,5.183902691531929,5.183902691531931,49.08009656987191,49.08009656987191,0.418145770232741,0.10562128141194604,0.10562128141194609,0.03815885632893282,0.03753622245933144,0.037536222459331456,0.15872505945732635,0.15872505945732635,0.24040851809661432,0.2364857986991219,0.236485798699122,False,1e-24,False
HGNN,real,,55,base,0.8631556961147223,0.0542980576465009,0.05429805764650091,14.482382381021324,14.482382381021324,0.05960039401016361,0.003749248999091246,0.003749248999091247,0.0016049125536421597,0.00039316786834329157,0.0003931678683432916,0.04683603263165593,0.04683603263165593,0.03426662045148158,0.008394559621122859,0.00839455962112286,False,1e-24,False
HGNN,real,,55,restart,20.522524625221074,5.183881096652541,5.1838810966525415,49.079281777273906,49.079281777273906,0.4181504676118549,0.10562259488998738,0.10562259488998739,0.038158651505985096,0.037536066092546616,0.03753606609254662,0.15872242441761367,0.15872242441761367,0.24041121880539126,0.23648873957334277,0.2364887395733428,False,1e-24,False
HGNN,real,,56,base,0.8534822853597155,0.05282400887968109,0.05282400887968109,14.3745313744067,14.3745313744067,0.05937461633561897,0.003674833460917703,0.0036748334609177035,0.0015869262524138537,0.0003824943997772949,0.0003824943997772949,0.04648724241660271,0.04648724241660271,0.0341368119492304,0.008227943407559246,0.008227943407559246,False,1e-24,False
HGNN,real,,56,restart,20.522429517783568,5.183862559958902,5.183862559958902,49.07856791126669,49.07856791126669,0.4181546119048912,0.10562375351561291,0.10562375351561291,0.038158474667529314,0.03753593186983884,0.03753593186983884,0.15872011577455142,0.15872011577455142,0.2404136015231379,0.23649133373337175,0.23649133373337175,False,1e-24,False
HGNN,real,,57,base,0.8441329176998584,0.05141259302322755,0.05141259302322756,14.269596644134154,14.269596644134154,0.059156046155436265,0.0036029464816275574,0.003602946481627558,0.0015695424622199623,0.00037227445107783125,0.0003722744510778313,0.046147883440853,0.046147883440853,0.03401114732015001,0.008066988631341443,0.008066988631341445,False,1e-24,False
HGNN,real,,57,restart,20.52234733508472,5.183846634358858,5.183846634358859,49.077942124140144,49.077942124140144,0.41815826921133925,0.10562477581571336,0.10562477581571338,0.03815832186074641,0.037535816553849785,0.03753581655384979,0.158718091978638,0.158718091978638,0.24041570425306125,0.2364936226608732,0.23649362266087323,False,1e-24,False
HGNN,real,,58,base,0.8350905122132455,0.050059944852882905,0.050059944852882905,14.167454899561433,14.167454899561433,0.05894428590975056,0.0035334465652283502,0.0035334465652283502,0.0015527294235689853,0.0003624800344669245,0.0003624800344669245,0.045817556982401565,0.045817556982401565,0.03388939799137229,0.007911378483277762,0.007911378483277762,False,1e-24,False
HGNN,real,,58,restart,20.52227626193502,5.183832940242008,5.183832940242009,49.07739325594802,49.07739325594802,0.4181614975943692,0.10562567806336666,0.1056256780633667,0.03815818971055532,0.03753571739585106,0.03753571739585108,0.15871631693860105,0.15871631693860105,0.2404175603779711,0.23649564279123012,0.2364956427912302,False,1e-24,False
HGNN,real,,59,base,0.8263392779515928,0.048762521379250405,0.048762521379250405,14.067990414877798,14.067990414877798,0.058738970782755605,0.0034662037676455146,0.0034662037676455146,0.001536457775487869,0.0003530854954433079,0.0003530854954433079,0.045495888783912454,0.045495888783912454,0.033771354215881746,0.007760822018893287,0.007760822018893287,False,1e-24,False
HGNN,real,,59,restart,20.52221474687283,5.183821154969999,5.1838211549699995,49.076911604857564,49.076911604857564,0.4181643480768983,0.10562647455706874,0.10562647455706875,0.038158075332238646,0.03753563205964431,0.03753563205964432,0.15871475927870807,0.15871475927870807,0.2404191992329577,0.23649742613874092,0.23649742613874095,False,1e-24,False
HGNN,real,,60,base,0.8178645858321157,0.04751706810744109,0.04751706810744109,13.971094402058382,13.971094402058382,0.0585397651963198,0.003401098492358647,0.003401098492358647,0.0015207003173235735,0.00034406726847124235,0.00034406726847124235,0.045182527024853064,0.045182527024853064,0.033656823056556755,0.007615051461862346,0.007615051461862346,False,1e-24,False
HGNN,real,,60,restart,20.52216146252164,5.183811004054348,5.18381100405435,49.07648872995585,49.07648872995585,0.41816686551161303,0.10562717786470728,0.10562717786470731,0.03815797625773271,0.0375355585576805,0.037535558557680516,0.15871339170104198,0.15871339170104198,0.24042064660560206,0.23649900084287637,0.23649900084287645,False,1e-24,False
HGNN,real,,61,base,0.8096528558699359,0.04632058942144303,0.046320589421443036,13.876664449161737,13.876664449161737,0.05834635973480251,0.003338020429271183,0.0033380204292711834,0.001505431799068125,0.00033540366253611626,0.0003354036625361163,0.04487714050494811,0.04487714050494811,0.033545626618125046,0.00747381982814023,0.007473819828140231,False,1e-24,False
HGNN,real,,61,restart,20.522115272108937,5.183802253742605,5.183802253742605,49.07611728174029,49.07611728174029,0.4181690893412341,0.10562779903681047,0.10562779903681047,0.03815789037337426,0.037535495197376936,0.037535495197376936,0.1587121904373074,0.1587121904373074,0.240421925173082,0.23650039164574288,0.23650039164574288,False,1e-24,False
HGNN,real,,62,base,0.8016914576865412,0.04517032253614505,0.045170322536145065,13.784604016010494,13.784604016010494,0.05815846844460642,0.003276867618662153,0.0032768676186621538,0.0014906287363685587,0.00032707467253314463,0.00032707467253314474,0.04457941701321056,0.04457941701321056,0.03343760049456971,0.007336898830153389,0.007336898830153391,False,1e-24,False
HGNN,real,,62,restart,20.52207520115714,5.183794704781246,5.1837947047812465,49.0757908562516,49.0757908562516,0.41817105426316126,0.10562834779301167,0.10562834779301168,0.03815781586726387,0.03753544053595488,0.03753544053595489,0.15871113477709642,0.15871113477709642,0.2404230548843031,0.2365016203095765,0.23650162030957653,False,1e-24,False
HGNN,real,,63,base,0.7939686225286912,0.044063714540326905,0.044063714540326905,13.69482198036744,13.69482198036744,0.05797582645958488,0.0032175456244334954,0.0032175456244334954,0.0014762692469388614,0.00031906181303750666,0.00031906181303750666,0.04428906186027487,0.04428906186027487,0.033332592403882075,0.007204077025702131,0.007204077025702131,False,1e-24,False
HGNN,real,,63,restart,20.522040413521413,5.183788187162995,5.183788187162997,49.07550386942167,49.07550386942167,0.4181727908107825,0.10562883268515862,0.10562883268515864,0.03815775118471177,0.03753539334240533,0.03753539334240534,0.15871020666152966,0.15871020666152966,0.240424053294116,0.23650270598194406,0.23650270598194412,False,1e-24,False
HGNN,real,,64,base,0.786473365285535,0.042998402122130366,0.04299840212213037,13.607232228637145,13.607232228637145,0.05779818790998215,0.0031599668029210185,0.003159966802921019,0.0014623329055621374,0.00031134797149811303,0.0003113479714981131,0.044005796554725786,0.044005796554725786,0.03323046098582886,0.0070751581808300955,0.007075158180830096,False,1e-24,False
HGNN,real,,64,restart,20.522010191084824,5.183782555698507,5.183782555698507,49.075251448724956,49.075251448724956,0.4181743258621249,0.10562926124004994,0.10562926124004994,0.03815769499048389,0.03753535256542389,0.03753535256542389,0.15870939033285683,0.15870939033285683,0.24042493585576005,0.2365036655153298,0.2365036655153298,False,1e-24,False
HGNN,real,,65,base,0.7791954152067965,0.041972193626474016,0.041972193626474016,13.521753285910151,13.521753285910151,0.05762532407825608,0.0031040496553216665,0.0031040496553216665,0.0014488006152711445,0.00030391727831678917,0.00030391727831678917,0.04372935760666104,0.04372935760666104,0.03313107474166181,0.006949959819910439,0.006949959819910439,False,1e-24,False
HGNN,real,,65,restart,20.521983916534328,5.183777686279208,5.183777686279209,49.07502933965916,49.07502933965916,0.41817568308512104,0.10562964008439267,0.1056296400843927,0.03815764613677636,0.03753531730635039,0.037535317306350395,0.1587086720320152,0.1587086720320152,0.24042571617686445,0.2365045137469151,0.23650451374691517,False,1e-24,False
HGNN,real,,66,base,0.7721251542076989,0.04098305314317483,0.04098305314317484,13.438307980842058,13.438307980842058,0.05745702177003661,0.0030497182533397176,0.003049718253339718,0.0014356544926352694,0.00029675499163164375,0.0002967549916316438,0.04345949544391016,0.04345949544391016,0.03303431109751742,0.006828311939669034,0.0068283119396690345,False,1e-24,False
HGNN,real,,66,restart,20.521961058734817,5.183773472720218,5.183773472720218,49.074833824947646,49.074833824947646,0.4181768833275659,0.1056299750542405,0.1056299750542405,0.038157603636020644,0.03753528679630863,0.03753528679630863,0.15870803973733,0.15870803973733,0.24042640624364994,0.23650526374361033,0.23650526374361033,False,1e-24,False
HGNN,real,,67,base,0.7652535618019219,0.04002908636653825,0.040029086366538257,13.35682314144066,13.35682314144066,0.057293081872714084,0.002996901729000563,0.0029969017290005636,0.0014228777653713647,0.00028984739492749726,0.0002898473949274973,0.04319597342820987,0.04319597342820987,0.032940055575692385,0.006710055866878727,0.006710055866878728,False,1e-24,False
HGNN,real,,67,restart,20.521941160296496,5.183769824090623,5.183769824090624,49.07466165466817,49.07466165466817,0.41817794495877836,0.10563027129087753,0.10563027129087754,0.038157566637766906,0.037535260376875185,0.03753526037687519,0.15870748293855094,0.15870748293855094,0.2404270166173634,0.2365059270167384,0.23650592701673842,False,1e-24,False
HGNN,real,,68,base,0.7585721658364813,0.03910852800299956,0.03910852800299957,13.277229318333914,13.277229318333914,0.05713331807781643,0.002945533820749514,0.002945533820749515,0.001410454680742419,0.0002831817058556264,0.0002831817058556264,0.04293856696025256,0.04293856696025256,0.032848201060087796,0.006595043242075648,0.0065950432420756495,False,1e-24,False
HGNN,real,,68,restart,20.52192382699586,5.1837666624536505,5.1837666624536505,49.07450998577541,49.07450998577541,0.4181788841690785,0.10563053332486054,0.10563053332486054,0.03815753440901384,0.03753523748371615,0.03753523748371615,0.15870699244126785,0.15870699244126785,0.24042755660645934,0.23650651371020517,0.23650651371020517,False,1e-24,False
HGNN,real,,69,base,0.7520729983155815,0.03821973053399437,0.038219730533994384,13.199460532522684,13.199460532522684,0.05697755574650332,0.0028955524689682007,0.0028955524689682015,0.001398370423418432,0.0002767459948666127,0.0002767459948666128,0.042687062663918536,0.042687062663918536,0.03275864714393694,0.006483135113921384,0.0064831351139213855,False,1e-24,False
HGNN,real,,69,restart,20.521908718764937,5.183763920951931,5.183763920951931,49.07437632970818,49.07437632970818,0.4181797152323988,0.10563076514971079,0.10563076514971079,0.03815750631745448,0.03753521763272269,0.03753521763272269,0.15870656019747248,0.15870656019747248,0.24042803441758526,0.23650703276549534,0.23650703276549534,False,1e-24,False
HGNN,real,,70,base,0.7457485556971714,0.037361154167395834,0.03736115416739584,13.123454044994073,13.123454044994073,0.05682563090024583,0.002846899454922632,0.0028468994549226325,0.0013866110416536305,0.0002705291124495079,0.00027052911244950797,0.04244125764120538,0.04244125764120538,0.032671299549507156,0.00637420113080854,0.0063742011308085406,False,1e-24,False
HGNN,real,,70,restart,20.521895542008675,5.183761542183588,5.183761542183589,49.074258506961364,49.074258506961364,0.41818045073666404,0.10563097028655569,0.1056309702865557,0.03815748181719151,0.03753520040825244,0.037535200408252443,0.1587061791586441,0.1587061791586441,0.24042845728803633,0.23650749206640478,0.2365074920664048,False,1e-24,False
HGNN,real,,71,base,0.7395917631286469,0.036531357833254945,0.036531357833254945,13.049150145893012,13.049150145893012,0.05667738932112911,0.0027995200779226638,0.0027995200779226638,0.0013751633807879571,0.0002645206239327133,0.0002645206239327133,0.04220095879040876,0.04220095879040876,0.032586069610828314,0.006268118818021554,0.006268118818021554,False,1e-24,False
HGNN,real,,71,restart,20.521884043048306,5.1837594768236634,5.183759476823664,49.07415460766418,49.07415460766418,0.4181811017859754,0.10563115184085285,0.10563115184085287,0.03815746043654612,0.03753518545314734,0.037535185453147345,0.15870584314825953,0.15870584314825953,0.2404288316019988,0.23650789856604573,0.23650789856604576,False,1e-24,False
HGNN,real,,72,base,0.7335959421589865,0.03572899109878127,0.035728991098781276,12.976491961228144,12.976491961228144,0.05653268574826414,0.002753362866137802,0.0027533628661378026,0.0013640150232124774,0.0002587107509410058,0.0002587107509410059,0.04196598218100918,0.04196598218100918,0.0325028738116782,0.006164772930253968,0.006164772930253969,False,1e-24,False
HGNN,real,,72,restart,20.52187400252025,5.1837576824527005,5.183757682452701,49.07406295734258,49.07406295734258,0.4181816781781203,0.10563131255218586,0.10563131255218587,0.038157441767643636,0.03753517246025151,0.037535172460251516,0.1587055467510688,0.1587055467510688,0.2404291629926077,0.23650825839833936,0.2365082583983394,False,1e-24,False
HGNN,real,,73,base,0.7277547815253853,0.0349527868939819,0.0349527868939819,12.905425275329833,12.905425275329833,0.05639138315856744,0.002708379317092175,0.002708379317092175,0.0013531542340513747,0.00025309031872247444,0.00025309031872247444,0.041736152479501035,0.041736152479501035,0.032421633372074356,0.006064054870577284,0.006064054870577284,False,1e-24,False
HGNN,real,,73,restart,20.521865230586872,5.183756122560452,5.183756122560454,49.073982087160886,49.073982087160886,0.4181821885604828,0.10563145483799381,0.10563145483799384,0.03815742545750856,0.0375351611651972,0.037535161165197214,0.15870528521685645,0.15870528521685645,0.2404294564315856,0.2365085769759261,0.23650857697592614,False,1e-24,False
HGNN,real,,74,base,0.722062310664644,0.03420155495354049,0.03420155495354049,12.835898367487742,12.835898367487742,0.05625335212170015,0.002664523664363857,0.002664523664363857,0.0013425699119102258,0.00024765070866169397,0.00024765070866169397,0.04151130242107849,0.04151130242107849,0.03234227387740307,0.005965862168081302,0.005965862168081302,False,1e-24,False
HGNN,real,,74,restart,20.52185756283737,5.183754765697715,5.183754765697717,49.073910708036664,49.073910708036664,0.418182640567029,0.10563158083198758,0.10563158083198762,0.038157411200442894,0.03753515134026325,0.037535151340263265,0.15870505437672924,0.15870505437672924,0.2404297163080011,0.23650885907617944,0.23650885907617952,False,1e-24,False
HGNN,real,,75,base,0.7165128756444548,0.033474175892705786,0.03347417589270579,12.767861861378083,12.767861861378083,0.0561184702202847,0.002621752667450366,0.002621752667450367,0.0013322515441237268,0.0002423838153837103,0.00024238381538371033,0.0412912723226831,0.0412912723226831,0.03226472494507908,0.0058700980073834695,0.005870098007383471,False,1e-24,False
HGNN,real,,75,restart,20.521850856776297,5.183753584753636,5.183753584753636,49.07384768810816,49.07384768810816,0.4181830409387129,0.10563169241791062,0.10563169241791062,0.03815739873149709,0.037535142789142155,0.037535142789142155,0.15870485057024558,0.15870485057024558,0.240429946497495,0.2365091089167966,0.2365091089167966,False,1e-24,False
HGNN,real,,76,base,0.7111011172483923,0.03276959584546085,0.03276959584546086,12.70126858604958,12.70126858604958,0.055986621527666085,0.00258002542214195,0.002580025422141951,0.0013221891660079197,0.00023728200792945493,0.00023728200792945495,0.041075909633432335,0.041075909633432335,0.03218891992428986,0.005776670804055118,0.00577667080405512,False,1e-24,False
HGNN,real,,76,restart,20.521844988812678,5.183752556339357,5.183752556339358,49.07379203310602,49.07379203310602,0.41818339562934714,0.10563179125921855,0.10563179125921857,0.03815738782087167,0.03753513534247707,0.03753513534247708,0.15870467058193788,0.15870467058193788,0.24043015042314925,0.23650933022225076,0.2365093302222508,False,1e-24,False
HGNN,real,,77,base,0.7058219509817515,0.0320868216023035,0.032086821602303514,12.636073447375935,12.636073447375935,0.055857696136478674,0.0025393031890746723,0.002539303189074673,0.0013123733236839528,0.00023233809454880418,0.0002323380945488043,0.04086506851889681,0.04086506851889681,0.032114795624950086,0.005685493820752226,0.005685493820752228,False,1e-24,False
HGNN,real,,77,restart,20.521839851675956,5.183751660261889,5.18375166026189,49.073742869242714,49.073742869242714,0.41818370989872367,0.10563187882518002,0.10563187882518003,0.03815737826911264,0.03753512885405219,0.0375351288540522,0.15870451158597676,0.15870451158597676,0.24043033110902595,0.2365095262822309,0.23650952628223093,False,1e-24,False
HGNN,real,,78,base,0.7006705487941688,0.03142491619279567,0.03142491619279567,12.572233309004016,12.572233309004016,0.055731589732140964,0.002499549238422874,0.002499549238422874,0.0013027950400939523,0.00022754529071417463,0.00022754529071417463,0.040658609476086634,0.040658609476086634,0.03204229207248692,0.005596484819482217,0.005596484819482217,False,1e-24,False
HGNN,real,,78,restart,20.521835352196458,5.183750879074606,5.183750879074607,49.07369942828711,49.07369942828711,0.4181839883945501,0.1056319564138379,0.10563195641383794,0.03815736990298453,0.037535123197537906,0.03753512319753791,0.15870437109790228,0.15870437109790228,0.24043049122727586,0.23650970000305196,0.23650970000305205,False,1e-24,False
HGNN,real,,79,base,0.6956423223398646,0.03078299486480869,0.030782994864808698,12.509706881932871,12.509706881932871,0.05560820320614747,0.0024607287089409738,0.0024607287089409746,0.0012934457838758762,0.0002228971900065612,0.00022289719000656124,0.04045639897634989,0.04045639897634989,0.03197135228550623,0.005509565745998871,0.005509565745998874,False,1e-24,False
HGNN,real,,79,restart,20.521831409397148,5.18375019769287,5.183750197692871,49.07366103453618,49.07366103453618,0.4181842352245671,0.10563202517221496,0.10563202517221498,0.038157362571922315,0.03753511826370756,0.03753511826370757,0.15870424693249055,0.15870424693249055,0.24043063313960125,0.2365098539528952,0.23650985395289525,False,1e-24,False
HGNN,real,,80,base,0.6907329076179202,0.030160221418256673,0.03016022141825668,12.448454621952177,12.448454621952177,0.05548744230467371,0.0024228084797827637,0.002422808479782764,0.0012843174408043417,0.00021838773756839574,0.0002183877375683958,0.040258309133688504,0.040258309133688504,0.03190192207376175,0.005424662442806047,0.005424662442806048,False,1e-24,False
HGNN,real,,80,restart,20.52182795285173,5.183749603065064,5.183749603065065,49.07362709343575,49.07362709343575,0.41818445402004517,0.10563208611410056,0.10563208611410058,0.03815735614497854,0.03753511395805544,0.03753511395805545,0.158704137166953,0.158704137166953,0.24043075893376298,0.23650999040163262,0.23650999040163265,False,1e-24,False
HGNN,real,,81,base,0.6859381508537007,0.02955580485619585,0.02955580485619586,12.388438634250093,12.388438634250093,0.05536921730857187,0.0023857570537164745,0.0023857570537164753,0.0012754022875391842,0.0002140112058544266,0.00021401120585442667,0.04006421739626004,0.04006421739626004,0.031833949854171914,0.0053417043876764795,0.005341704387676481,False,1e-24,False
HGNN,real,,81,restart,20.521824921270643,5.183749083890802,5.183749083890803,49.07359708163546,49.07359708163546,0.4181846479917082,0.10563214013571234,0.10563214013571237,0.03815735050819416,0.03753511019875636,0.037535110198756376,0.15870404010877426,0.15870404010877426,0.24043087045573303,0.2365101113558933,0.2365101113558934,False,1e-24,False
HGNN,real,,82,base,0.6812540954988016,0.02896899632058657,0.02896899632058657,12.329622584572808,12.329622584572808,0.05525344274132178,0.002349544450519795,0.002349544450519795,0.001266692967453746,0.00020976217244381774,0.00020976217244381774,0.039874006259067556,0.039874006259067556,0.03176738648290936,0.005260624454963482,0.005260624454963482,False,1e-24,False
HGNN,real,,82,restart,20.521822261282352,5.18374863037936,5.183748630379361,49.07357053829172,49.07357053829172,0.4181848199790015,0.10563218802949179,0.10563218802949183,0.03815734556233257,0.03753510691491649,0.037535106914916495,0.1587039542675859,0.1587039542675859,0.2404309693380206,0.23651021858995197,0.23651021858995205,False,1e-24,False
HGNN,real,,83,base,0.6766769702410355,0.02839908628385721,0.028399086283857223,12.271971616381267,12.271971616381267,0.05514003710192515,0.002314142109483747,0.002314142109483748,0.0012581824683411905,0.00020563549970448874,0.00020563549970448885,0.03968756299604448,0.03968756299604448,0.03170218510183125,0.005181358697307359,0.005181358697307361,False,1e-24,False
HGNN,real,,83,restart,20.521819926382147,5.183748234042399,5.183748234042401,49.073547057458136,49.073547057458136,0.41818497249351094,0.10563223049625835,0.10563223049625839,0.038157341220925026,0.03753510404507243,0.037535104045072445,0.1587038783305571,0.1587038783305571,0.2404310570246357,0.23651031367294162,0.2365103136729417,False,1e-24,False
HGNN,real,,84,base,0.6722031779283049,0.02784540197075705,0.027845401970757053,12.215452273506594,12.215452273506594,0.05502892262009885,0.0022795228000807937,0.002279522800080794,0.001249864101820054,0.00020162631612495902,0.00020162631612495905,0.03950477940992215,0.03950477940992215,0.03163830099773027,0.005103846145621507,0.0051038461456215075,False,1e-24,False
HGNN,real,,84,restart,20.521817876024603,5.18374788751599,5.18374788751599,49.073526281423376,49.073526281423376,0.41818510775723633,0.10563226815592179,0.10563226815592179,0.0381573374085832,0.037535101535902574,0.037535101535902574,0.1587038111408492,0.1587038111408492,0.24043113479309372,0.2365103979928388,0.2365103979928388,False,1e-24,False
HGNN,real,,85,base,0.6678292853209632,0.027307304987905026,0.027307304987905037,12.160032427855356,12.160032427855356,0.054920025031442055,0.002245660539962982,0.0022456605399629828,0.0012417314842802488,0.0001977299991501009,0.00019772999915010096,0.039325551598428626,0.039325551598428626,0.03157569147306928,0.005028028625490451,0.005028028625490452,False,1e-24,False
HGNN,real,,85,restart,20.521816074839574,5.183747584407648,5.183747584407648,49.07350789487543,49.07350789487543,0.41818522773634026,0.10563230155692553,0.10563230155692556,0.03815733405954145,0.03753509934111945,0.03753509934111945,0.15870375167874298,0.15870375167874298,0.24043120377381919,0.23651047277760698,0.23651047277760706,False,1e-24,False
HGNN,real,,86,base,0.6635520135966814,0.026784189140992978,0.02678418914099299,12.105681211759494,12.105681211759494,0.0548132733705316,0.0022125305195526495,0.0022125305195526503,0.0012337785192282449,0.00019394215937568385,0.00019394215937568394,0.03914977973550835,0.03914977973550835,0.03151431572702371,0.0049538505883286186,0.00495385058832862,False,1e-24,False
HGNN,real,,86,restart,20.521814491954267,5.183747319164779,5.183747319164779,49.07349161978736,49.07349161978736,0.41818533417091275,0.10563233118457367,0.10563233118457367,0.0381573311163963,0.03753509742051717,0.03753509742051717,0.15870369904509915,0.15870369904509915,0.24043126496725856,0.23651053911384096,0.23651053911384096,False,1e-24,False
HGNN,real,,87,base,0.6593682295400694,0.026275478421833483,0.026275478421833486,12.052368954604871,12.052368954604871,0.05470859978014059,0.002180109032572751,0.002180109032572751,0.0012259993809054502,0.00019025862597274985,0.00019025862597274988,0.03897736786637877,0.03897736786637877,0.03145413474579377,0.004881258955837902,0.004881258955837902,False,1e-24,False
HGNN,real,,87,restart,20.521813100406714,5.183747086961443,5.183747086961445,49.073477210932616,49.073477210932616,0.4181854286012333,0.10563235746837611,0.10563235746837615,0.03815732852901589,0.03753509573915149,0.0375350957391515,0.15870365244685494,0.15870365244685494,0.24043131925897943,0.2365105979632123,0.2365105979632124,False,1e-24,False
HGNN,real,,88,base,0.6552749373565422,0.025780625149398773,0.025780625149398773,12.000067123406822,12.000067123406822,0.05460593933498844,0.0021483734119380196,0.0021483734119380196,0.0012183884990672853,0.00018667543322702565,0.00018667543322702565,0.038808223715351704,0.038808223715351704,0.03139511120127141,0.004810202976468124,0.004810202976468124,False,1e-24,False
HGNN,real,,88,restart,20.52181187663787,5.183746883600816,5.183746883600817,49.07346445195104,49.07346445195104,0.4181855123909429,0.10563238078852864,0.10563238078852866,0.03815732625359561,0.03753509426663354,0.03753509426663355,0.15870361118430146,0.15870361118430146,0.24043136743299276,0.23651065017697853,0.23651065017697856,False,1e-24,False
HGNN,real,,89,base,0.6512692710562636,0.025299108250713624,0.02529910825071363,11.948748267032055,11.948748267032055,0.054505229878613226,0.0021173019704931535,0.002117301970493154,0.0012109405448222335,0.0001831888080910064,0.00018318880809100645,0.0386422585054469,0.0386422585054469,0.031337209357251795,0.0047406340927299735,0.004740634092729974,False,1e-24,False
HGNN,real,,89,restart,20.52181080005149,5.183746705431093,5.183746705431095,49.07345315189587,49.07345315189587,0.41818558674749917,0.10563240148163137,0.1056324014816314,0.03815732425183972,0.03753509297652091,0.037535092976520926,0.1587035746399168,0.1587035746399168,0.2404314101835137,0.2365106965087865,0.23651069650878656,False,1e-24,False
HGNN,real,,90,base,0.6473484873595998,0.024830431668973724,0.024830431668973724,11.898385963793654,11.898385963793654,0.054406411872119226,0.0020868739461412504,0.0020868739461412504,0.0012036504174405625,0.00017979515865726884,0.00017979515865726884,0.03847938678891425,0.03847938678891425,0.031280394982472245,0.004672505818337704,0.004672505818337704,False,1e-24,False
HGNN,real,,90,restart,20.52180985263254,5.183746549272963,5.183746549272965,49.073443142201896,49.073443142201896,0.41818565274023567,0.10563241984573679,0.10563241984573683,0.038157322490251895,0.03753509184579245,0.03753509184579246,0.15870354226856095,0.15870354226856095,0.2404314481253443,0.236510737625975,0.23651073762597508,False,1e-24,False
HGNN,real,,91,base,0.6435099590804451,0.024374122887589635,0.024374122887589642,11.84895477217055,11.84895477217055,0.0543094282536926,0.0020570694509558555,0.002057069450955856,0.0011965132320515813,0.00017649106347119233,0.0001764910634711924,0.038319526287860554,0.038319526287860554,0.031224635269842333,0.00460577362427113,0.004605773624271131,False,1e-24,False
HGNN,real,,91,restart,20.521809018615986,5.183746412356972,5.183746412356973,49.07343427402192,49.07343427402192,0.4181857113163089,0.10563243614480634,0.10563243614480637,0.03815732093951934,0.03753509085439477,0.03753509085439478,0.158703513588862,0.158703513588862,0.24043148180304227,0.23651077411955307,0.23651077411955315,False,1e-24,False
HGNN,real,,92,base,0.6397511689481473,0.02392973156002739,0.023929731560027392,11.800430184424796,11.800430184424796,0.05421422430790235,0.0020278694239140426,0.0020278694239140426,0.0011895243081564081,0.00017327326160974485,0.00017327326160974487,0.038162597744247725,0.038162597744247725,0.03116989876129976,0.004540394832945104,0.004540394832945104,False,1e-24,False
HGNN,real,,92,restart,20.521808284199302,5.183746292269422,5.183746292269424,49.073426415886146,49.073426415886146,0.41818576331478546,0.10563245061264623,0.10563245061264627,0.03815731957397827,0.03753508998485048,0.037535089984850493,0.15870348817564656,0.15870348817564656,0.24043151169902016,0.2365108065130123,0.23651080651301237,False,1e-24,False
HGNN,real,,93,base,0.6360697038326044,0.02349682823635119,0.023496828236351193,11.752788582909742,11.752788582909742,0.054120747543909865,0.0019992555869267474,0.0019992555869267474,0.0011826791588903768,0.000170138643460481,0.00017013864346048101,0.038008524778593435,0.038008524778593435,0.031116155277788278,0.004476328519761541,0.004476328519761541,False,1e-24,False
HGNN,real,,93,restart,20.52180763729257,5.183746186905603,5.183746186905603,49.07341945164417,49.07341945164417,0.4181858094790866,0.10563246345638393,0.10563246345638394,0.03815731837114923,0.03753508922191954,0.03753508922191954,0.15870346565328416,0.15870346565328416,0.24043153824070015,0.23651083527011055,0.23651083527011058,False,1e-24,False
HGNN,real,,94,base,0.632463249340537,0.0230750031782887,0.0230750031782887,11.706007198879913,11.706007198879913,0.0540289475818069,0.0019712104038767915,0.0019712104038767915,0.0011759734809755908,0.0001670842421415251,0.0001670842421415251,0.03785723375676222,0.03785723375676222,0.03106337585390886,0.004413535421395649,0.004413535421395649,False,1e-24,False
HGNN,real,,94,restart,20.521807067301303,5.183746094429314,5.183746094429315,49.073413278654954,49.073413278654954,0.41818585046798645,0.10563247485953955,0.10563247485953957,0.038157317311333316,0.037535088552306174,0.037535088552306174,0.1587034456898336,0.1587034456898336,0.24043156180683756,0.23651086080174896,0.236510860801749,False,1e-24,False
HGNN,real,,95,base,0.6289295847539758,0.022663865255449864,0.02266386525544987,11.660064073629252,11.660064073629252,0.05393877604638397,0.0019437170424052074,0.001943717042405208,0.001169403145309777,0.00016410722550918062,0.00016410722550918067,0.037708653664286544,0.037708653664286544,0.031011532676842982,0.0043519778502356015,0.004351977850235603,False,1e-24,False
HGNN,real,,95,restart,20.521806564937425,5.183746013237844,5.183746013237845,49.07340780619422,49.07340780619422,0.41818588686533176,0.1056324849847402,0.10563248498474025,0.038157316377260705,0.037535087964405266,0.03753508796440527,0.15870342799189258,0.15870342799189258,0.24043158273310888,0.2365108834720492,0.23651088347204932,False,1e-24,False
HGNN,real,,96,base,0.6254665782846992,0.02226304091604973,0.02226304091604973,11.614938021798944,11.614938021798944,0.053850186467704085,0.0019167593382131184,0.0019167593382131184,0.0011629641881426018,0.0001612048887050166,0.0001612048887050166,0.03756271598770428,0.03756271598770428,0.030960599029188532,0.004291619614454533,0.004291619614454533,False,1e-24,False
HGNN,real,,96,restart,20.521806122054745,5.183745941931619,5.183745941931619,49.073402954052575,49.073402954052575,0.41818591918863485,0.105632493976119,0.105632493976119,0.03815731555378474,0.03753508744808262,0.03753508744808262,0.1587034123000638,0.1587034123000638,0.24043160131705243,0.23651090360372504,0.23651090360372504,False,1e-24,False
HGNN,real,,97,base,0.6220721826207769,0.021872173226125037,0.021872173226125044,11.570608596708796,11.570608596708796,0.05376313418792183,0.0018903217616700362,0.0018903217616700369,0.001156652802795116,0.00015837464719891254,0.0001583746471989126,0.037419354602440384,0.037419354602440384,0.030910549235386393,0.004232425943246594,0.004232425943246595,False,1e-24,False
HGNN,real,,97,restart,20.521805731505683,5.1837458792878905,5.183745879287891,49.07339865130125,49.07339865130125,0.41818594789667207,0.10563250196143562,0.10563250196143563,0.03815731482761553,0.03753508699448443,0.03753508699448443,0.15870339838496364,0.15870339838496364,0.24043161782243688,0.23651092148283,0.23651092148283004,False,1e-24,False
HGNN,real,,98,base,0.6187444307435243,0.021490920971803683,0.02149092097180369,11.52705605757802,11.52705605757802,0.053677576273844396,0.0018643893865403127,0.0018643893865403131,0.0011504653318819898,0.0001556140302886636,0.00015561403028866366,0.037278505666798856,0.037278505666798856,0.030861358611448373,0.004174363416805551,0.004174363416805552,False,1e-24,False
HGNN,real,,98,restart,20.521805387016364,5.183745824237937,5.183745824237937,49.07339483520486,49.07339483520486,0.41818597339620345,0.10563250905395195,0.10563250905395195,0.03815731418708771,0.03753508659587214,0.03753508659587214,0.1587033860437058,0.1587033860437058,0.24043163248312457,0.23651093736295725,0.23651093736295725,False,1e-24,False
HGNN,real,,99,base,0.6154814319950902,0.02111895781969368,0.02111895781969369,11.484261338511837,11.484261338511837,0.05359347143478067,0.0018389478606579965,0.001838947860657997,0.0011443982599997644,0.00015292067502042475,0.0001529206750204248,0.03714010752166543,0.03714010752166543,0.030813003417725356,0.004117399900665863,0.004117399900665865,False,1e-24,False
HGNN,real,,99,restart,20.521805083077677,5.183745775847232,5.183745775847234,49.07339145026341,49.07339145026341,0.4181859960479158,0.10563251535409028,0.10563251535409031,0.0381573136219579,0.03753508624547893,0.037535086245478945,0.15870337509680327,0.15870337509680327,0.24043164550648863,0.23651095146895204,0.2365109514689521,False,1e-24,False
HGNN,real,,100,base,0.6122813683786403,0.020755971530911767,0.020755971530911774,11.442206019139935,11.442206019139935,0.05351077994526995,0.0018139833783968095,0.00181398337839681,0.0011384482068475792,0.0001502923204975549,0.00015029232049755496,0.03700410059555234,0.03700410059555234,0.030765460814481015,0.00406150448406302,0.004061504484063021,False,1e-24,False
HGNN,real,,100,restart,20.521804814850267,5.183745733298279,5.18374573329828,49.07338844736802,49.07338844736802,0.41818601617168183,0.10563252095090046,0.10563252095090048,0.03815731312322802,0.03753508593738539,0.037535085937385394,0.15870336538543792,0.15870336538543792,0.24043165707643654,0.23651096400019678,0.2365109640001968,False,1e-24,False
HGNN,real,,101,base,0.6091424910746374,0.020401663224677274,0.020401663224677277,11.40087229680162,11.40087229680162,0.053429463572320264,0.001789482654796574,0.0017894826547965742,0.0011326119207497032,0.00014772680254835963,0.00014772680254835965,0.03687042731464504,0.03687042731464504,0.030718708820058248,0.004006647422002676,0.004006647422002677,False,1e-24,False
HGNN,real,,101,restart,20.52180457808156,5.1837456958756425,5.183745695875643,49.07338578305642,49.07338578305642,0.4181860340512133,0.10563252592335773,0.10563252592335774,0.038157312682991024,0.03753508566641109,0.037535085666411096,0.15870335676905276,0.15870335676905276,0.24043166735608534,0.2365109751335168,0.23651097513351685,False,1e-24,False
HGNN,real,,102,base,0.6060631171581164,0.020055746687760407,0.020055746687760403,11.36024296018039,11.36024296018039,0.05334948550682166,0.0017654329012204454,0.0017654329012204452,0.0011268862725517844,0.00014522204872586148,0.00014522204872586145,0.036739032017536456,0.036739032017536456,0.030672726271445953,0.003952800080757254,0.0039528000807572536,False,1e-24,False
HGNN,real,,102,restart,20.52180436903332,5.183745662952967,5.183745662952969,49.073383418856544,49.073383418856544,0.41818604993817843,0.10563253034151102,0.10563253034151104,0.038157312294296204,0.03753508542802064,0.037535085428020656,0.15870334912322903,0.15870334912322903,0.24043167649012903,0.23651098502575155,0.2365109850257516,False,1e-24,False
HGNN,real,,103,base,0.6030416265031134,0.019717947726400092,0.019717947726400096,11.320301364297991,11.320301364297991,0.05327081029883077,0.0017418218024289201,0.0017418218024289204,0.0011212682498650845,0.00014277607361508934,0.00014277607361508937,0.0366098608743577,0.0366098608743577,0.030627492787071577,0.003899934886534699,0.0038999348865346993,False,1e-24,False
HGNN,real,,103,restart,20.52180418441829,5.183745633981674,5.183745633981675,49.07338132070719,49.07338132070719,0.4181860640558475,0.10563253426749954,0.10563253426749956,0.0381573119510314,0.037535085218241844,0.03753508521824185,0.15870334233781286,0.15870334233781286,0.2404316846069346,0.23651099381603052,0.2365109938160306,False,1e-24,False
HGNN,real,,104,base,0.6000764588615284,0.01938800355760001,0.019388003557600012,11.281031406784575,11.281031406784575,0.05319340379645019,0.001718637494966975,0.0017186374949669752,0.0011157549516350501,0.00014038697442550187,0.0001403869744255019,0.036482861810035766,0.036482861810035766,0.030582988731660474,0.0038480252770873363,0.0038480252770873367,False,1e-24,False
HGNN,real,,104,restart,20.521804021344852,5.183745608481125,5.183745608481126,49.07337945844705,49.07337945844705,0.41818607660231993,0.10563253775645244,0.10563253775645245,0.03815731164782004,0.037535085033594415,0.03753508503359442,0.15870333631526254,0.15870333631526254,0.24043169182039711,0.23651100162778782,0.23651100162778785,False,1e-24,False
HGNN,real,,105,base,0.5971661111047424,0.01906566223697473,0.019065662236974732,11.242417505347632,11.242417505347632,0.053117233088051656,0.0016958685467699317,0.0016958685467699322,0.0011103435830125004,0.0001380529268480676,0.00013805292684806761,0.03635798443142808,0.03635798443142808,0.03053919518301769,0.0037970456560494524,0.0037970456560494532,False,1e-24,False
HGNN,real,,105,restart,20.52180387726859,5.1837455860300485,5.183745586030049,49.0733778053635,49.0733778053635,0.41818608775338156,0.10563254085728513,0.10563254085728514,0.03815731137993117,0.037535084871027975,0.03753508487102798,0.15870333096918943,0.15870333096918943,0.24043169823158286,0.23651100857054486,0.23651100857054488,False,1e-24,False
HGNN,real,,106,base,0.5943091346172232,0.018750682120556632,0.018750682120556635,11.20444457636797,11.20444457636797,0.05304226644761309,0.0016735039379020115,0.0016735039379020117,0.001105031450507416,0.00013577218115825183,0.00013577218115825185,0.036235179958101806,0.036235179958101806,0.03049609390060011,0.0037469713498109614,0.003746971349810962,False,1e-24,False
HGNN,real,,106,restart,20.521803749949864,5.183745566259082,5.183745566259084,49.07337633779434,49.07337633779434,0.4181860976650346,0.10563254361340468,0.10563254361340473,0.038157311143200506,0.037535084727868,0.03753508472786801,0.15870332622306996,0.15870332622306996,0.24043170393018365,0.23651101474149,0.23651101474149008,False,1e-24,False
HGNN,real,,107,base,0.591504132832203,0.0184428313581883,0.018442831358188302,11.167098014555993,11.167098014555993,0.05296847328295985,0.0016515330423489249,0.0016515330423489253,0.001099815957406888,0.00013354305854771192,0.00013354305854771194,0.036114401156542325,0.036114401156542325,0.03045366729575829,0.00369777856675106,0.003697778566751061,False,1e-24,False
HGNN,real,,107,restart,20.521803637416745,5.183745548844265,5.183745548844265,49.07337503477601,49.07337503477601,0.4181861064757397,0.1056325460633345,0.1056325460633345,0.03815731093396153,0.03753508460176871,0.03753508460176871,0.15870332200910794,0.15870332200910794,0.24043170899580601,0.23651102022687706,0.23651102022687706,False,1e-24,False
HGNN,real,,108,base,0.5887497589002737,0.01814188741631998,0.01814188741631998,11.130363673606217,11.130363673606217,0.052895824086718266,0.0016299456107926116,0.0016299456107926118,0.001094694599440213,0.00013136394766891202,0.00013136394766891202,0.03599560227758987,0.03599560227758987,0.030411898403537693,0.003649444358670907,0.0036494443586709076,False,1e-24,False
HGNN,real,,108,restart,20.52180353793251,5.183745533501363,5.183745533501364,49.0733738777329,49.0733738777329,0.41818611430840097,0.10563254824126722,0.10563254824126725,0.038157310748985054,0.03753508449067199,0.037535084490672,0.1587033182672299,0.1587033182672299,0.2404317134991123,0.23651102510326324,0.23651102510326333,False,1e-24,False
HGNN,real,,109,base,0.5860447134824401,0.017847636628207268,0.017847636628207268,11.094227847792272,11.094227847792272,0.05282429038980498,0.0016087317543022077,0.0016087317543022077,0.0010896649606753936,0.0001292333013781406,0.0001292333013781406,0.035878738996917785,0.035878738996917785,0.03037077085593791,0.003601946584277741,0.003601946584277741,False,1e-24,False
HGNN,real,,109,restart,20.521803449967095,5.183745519980908,5.183745519980909,49.073372850202745,49.073372850202745,0.41818612127212507,0.10563255017755503,0.10563255017755505,0.03815731058542615,0.037535084392771464,0.03753508439277147,0.15870331494419682,0.15870331494419682,0.24043171750283232,0.23651102943860708,0.2365110294386071,False,1e-24,False
HGNN,real,,110,base,0.5833877426598055,0.017559873769663868,0.017559873769663878,11.058677254448497,11.058677254448497,0.05275384471729023,0.0015878819288807963,0.0015878819288807971,0.0010847247096325036,0.0001271496336635705,0.00012714963366357057,0.03576376835837797,0.03576376835837797,0.030330268856536682,0.0035552638745850896,0.0035552638745850913,False,1e-24,False
HGNN,real,,110,restart,20.52180337217219,5.183745508063891,5.1837455080638914,49.07337193759405,49.07337193759405,0.41818612746378003,0.1056325518991438,0.10563255189914382,0.03815731044077784,0.037535084306481295,0.0375350843064813,0.15870331199281976,0.15870331199281976,0.2404317210626593,0.23651103329324025,0.23651103329324027,False,1e-24,False
HGNN,real,,111,base,0.5807776359526422,0.0172784016586693,0.017278401658669305,11.023699017287896,11.023699017287896,0.052684460546486137,0.0015673869208123767,0.0015673869208123771,0.0010798715956004375,0.0001251115167460503,0.00012511151674605034,0.03565064872005116,0.03565064872005116,0.03029037715639324,0.0035093756001046686,0.0035093756001046694,False,1e-24,False
HGNN,real,,111,restart,20.521803303359277,5.183745497557972,5.1837454975579735,49.073371126971544,49.073371126971544,0.41818613296937635,0.10563255342995784,0.10563255342995787,0.03815731031283023,0.037535084230408786,0.0375350842304088,0.15870330937126614,0.15870330937126614,0.24043172422804407,0.23651103672072923,0.23651103672072932,False,1e-24,False
HGNN,real,,112,base,0.5782132244421261,0.017003030777262805,0.017003030777262805,10.98928065050956,10.98928065050956,0.052616112267122324,0.001547237832757906,0.0015472378327579064,0.0010751034451445495,0.00012311757834126868,0.00012311757834126868,0.0355393397028503,0.0355393397028503,0.030251081031151646,0.003464261839715453,0.003464261839715454,False,1e-24,False
HGNN,real,,112,restart,20.52180324248046,5.183745488294183,5.183745488294184,49.073370406866644,49.073370406866644,0.41818613786529163,0.10563255479124055,0.10563255479124056,0.03815731019963491,0.037535084163330436,0.03753508416333044,0.1587033070424465,0.1587033070424465,0.24043172704289914,0.23651103976863802,0.23651103976863805,False,1e-24,False
HGNN,real,,113,base,0.5756933789885016,0.016733578914275286,0.016733578914275286,10.955410043651689,10.955410043651689,0.05254877514348242,0.001527426070553321,0.001527426070553321,0.001070418158793589,0.00012116649907280503,0.00012116649907280503,0.035429802141535245,0.035429802141535245,0.030212366259271622,0.003419903351104478,0.003419903351104478,False,1e-24,False
HGNN,real,,113,restart,20.52180318861155,5.183745480124059,5.183745480124061,49.07336976710966,49.07336976710966,0.41818614221935574,0.10563255600185723,0.10563255600185727,0.038157310099473506,0.037535084104171224,0.03753508410417124,0.15870330497347207,0.15870330497347207,0.24043172954622255,0.23651104247920587,0.23651104247920596,False,1e-24,False
HGNN,real,,114,base,0.5732170085398788,0.016469870827559935,0.01646987082755994,10.922075447149268,10.922075447149268,0.052482425278383524,0.0015079433306660298,0.00150794333066603,0.0010658137078951558,0.00011925701002636869,0.00011925701002636872,0.03532199803800623,0.03532199803800623,0.03017421910131889,0.0033762815426819554,0.003376281542681956,False,1e-24,False
HGNN,real,,114,restart,20.521803140937298,5.183745472917093,5.183745472917094,49.07336919868149,49.07336919868149,0.4181861460918131,0.10563255707856249,0.1056325570785625,0.03815731001083016,0.03753508405198616,0.03753508405198617,0.15870330313517506,0.15870330313517506,0.24043173177265123,0.23651104488994643,0.23651104488994645,False,1e-24,False
HGNN,real,,115,base,0.5707830585262806,0.016211737924482515,0.01621173792448252,10.889265458557967,10.889265458557967,0.052417039578890726,0.0014887815882697185,0.0014887815882697187,0.0010612881316296636,0.00011738789043625468,0.00011738789043625471,0.035215890516751974,0.035215890516751974,0.030136626280253105,0.0033333784468807907,0.003333378446880791,False,1e-24,False
HGNN,real,,115,restart,20.521803098738342,5.183745466558548,5.183745466558548,49.07336869358242,49.07336869358242,0.4181861495361758,0.10563255803623799,0.10563255803623799,0.03815730993236734,0.03753508400594445,0.03753508400594445,0.15870330150168435,0.15870330150168435,0.24043173375295138,0.23651104703417958,0.23651104703417958,False,1e-24,False
HGNN,real,,116,base,0.5683905093339208,0.015959017959523394,0.0159590179595234,10.8569690094084,10.8569690094084,0.05235259572366529,0.0014699330859002798,0.0014699330859002803,0.0010568395341734819,0.0001155579654957044,0.00011555796549570444,0.035111443782336375,0.035111443782336375,0.03009957496265504,0.0032911766947572377,0.0032911766947572385,False,1e-24,False
HGNN,real,,116,restart,20.521803061379803,5.183745460947518,5.183745460947519,49.07336824471594,49.07336824471594,0.41818615259998027,0.10563255888810297,0.105632558888103,0.03815730986290457,0.037535083965315436,0.03753508396531544,0.15870330005004993,0.15870330005004993,0.24043173551445357,0.23651104894150324,0.23651104894150332,False,1e-24,False
HGNN,real,,117,base,0.566038374855043,0.015711554747927056,0.01571155474792706,10.825175352657007,10.825175352657007,0.052289072131853326,0.001451390322658441,0.0014513903226584413,0.0010524660820025729,0.00011376610428346475,0.00011376610428346478,0.0350086230788146,0.0350086230788146,0.030063052740839456,0.003249659491815606,0.0032496594918156063,False,1e-24,False
HGNN,real,,117,restart,20.521803028301242,5.18374545599524,5.183745455995242,49.073367845786045,49.073367845786045,0.4181861553254585,0.1056325596459011,0.10563255964590114,0.038157309801399794,0.037535083929456384,0.0375350839294564,0.15870329875991043,0.15870329875991043,0.24043173708143867,0.23651105063821146,0.23651105063821157,False,1e-24,False
HGNN,real,,118,base,0.5637257011089669,0.01546919789441126,0.015469197894411264,10.793874050701993,10.793874050701993,0.052226447933427976,0.0014331460439271295,0.0014331460439271297,0.0010481660013285262,0.00011201121779939302,0.00011201121779939305,0.034907394650976684,0.034907394650976684,0.030027047615803642,0.003208810594985467,0.0032088105949854675,False,1e-24,False
HGNN,real,,118,restart,20.52180299900778,5.1837454516236114,5.1837454516236114,49.073367491206206,49.073367491206206,0.41818615775013246,0.10563256032006613,0.10563256032006613,0.038157309746932856,0.037535083897801774,0.037535083897801774,0.15870329761319904,0.15870329761319904,0.2404317384754795,0.23651105214766538,0.23651105214766538,False,1e-24,False
HGNN,real,,119,base,0.5614515649302737,0.015231802536018546,0.015231802536018548,10.763054963934671,10.763054963934671,0.052164702940903945,0.001415193231573931,0.0014151932315739312,0.0010439375756594318,0.0001102922571024652,0.00011029225710246522,0.03480772570732252,0.03480772570732252,0.029991547980964994,0.0031686142906849836,0.003168614290684984,False,1e-24,False
HGNN,real,,119,restart,20.521802973062396,5.18374544776389,5.183745447763892,49.073367176018806,49.073367176018806,0.41818615990734376,0.10563256091986867,0.1056325609198687,0.03815730969869119,0.037535083869853846,0.03753508386985386,0.1587032965938828,0.1587032965938828,0.24043173971574547,0.23651105349062185,0.2365110534906219,False,1e-24,False
HGNN,real,,120,base,0.5592150727203362,0.014999229098256985,0.014999229098256985,10.73270823979836,10.73270823979836,0.05210381762234901,0.0013975250946110488,0.0013975250946110488,0.0010397791434785307,0.00010860821154501097,0.00010860821154501097,0.03470958438467834,0.03470958438467834,0.029956542606644248,0.003129055373908576,0.003129055373908576,False,1e-24,False
HGNN,real,,120,restart,20.52180295007902,5.183745444355568,5.183745444355569,49.07336689582391,49.07336689582391,0.41818616182672,0.1056325614535468,0.10563256145354684,0.03815730965595694,0.03753508384517446,0.03753508384517447,0.15870329568773237,0.15870329568773237,0.24043174081927068,0.2365110546855259,0.236511054685526,False,1e-24,False
HGNN,real,,121,base,0.5570153592586476,0.014771343063736569,0.014771343063736576,10.702824302328636,10.702824302328636,0.05204377307562235,0.0013801350602871,0.0013801350602871004,0.0010356890960340538,0.00010695810709742818,0.00010695810709742823,0.03461293971436992,0.03461293971436992,0.029922020625254113,0.0030901191282814797,0.003090119128281481,False,1e-24,False
HGNN,real,,121,restart,20.52180292971657,5.183745441345365,5.183745441345365,49.07336664671599,49.07336664671599,0.41818616353459215,0.10563256192842158,0.10563256192842158,0.03815730961809593,0.03753508382337782,0.03753508382337782,0.1587032948821172,0.1587032948821172,0.2404317418011938,0.2365110557487694,0.2365110557487694,False,1e-24,False
HGNN,real,,122,base,0.554851586570627,0.014548014752562207,0.014548014752562212,10.673393842150364,10.673393842150364,0.05198455100377345,0.0013630167655868327,0.0013630167655868332,0.0010316658752340712,0.00010534100475802636,0.0001053410047580264,0.0345177615898729,0.0345177615898729,0.029887971517155085,0.00305179130702763,0.003051791307027631,False,1e-24,False
HGNN,real,,122,restart,20.52180291167361,5.183745438686351,5.183745438686352,49.073366425228045,49.073366425228045,0.4181861650543621,0.10563256235099959,0.10563256235099962,0.03815730958454766,0.03753508380412412,0.037535083804124125,0.15870329416582507,0.15870329416582507,0.2404317426749696,0.2365110566949206,0.23651105669492065,False,1e-24,False
HGNN,real,,123,base,0.5527229428487992,0.014329119113794444,0.014329119113794447,10.644407806908324,10.644407806908324,0.05192613369154052,0.0013461640491164485,0.0013461640491164487,0.001027707971640582,0.00010375599904301051,0.00010375599904301054,0.034424020735865514,0.034424020735865514,0.029854385097143495,0.0030140581148009175,0.003014058114800918,False,1e-24,False
HGNN,real,,123,restart,20.521802895683717,5.183745436337187,5.183745436337189,49.073366228282005,49.073366228282005,0.41818616640683137,0.10563256272706409,0.10563256272706412,0.038157309554816776,0.037535083787114,0.03753508378711402,0.15870329352890147,0.15870329352890147,0.24043174345255758,0.2365110575369281,0.23651105753692817,False,1e-24,False
HGNN,real,,124,base,0.5506286414244369,0.014114535527335624,0.014114535527335624,10.615857392109612,10.615857392109612,0.051868503982890675,0.0013295709433537091,0.0013295709433537091,0.0010238139225574338,0.00010220221655195468,0.00010220221655195468,0.034331688678612825,0.034331688678612825,0.02982125150153846,0.0029769061903331976,0.0029769061903331976,False,1e-24,False
HGNN,real,,124,restart,20.521802881511373,5.1837454342614535,5.183745434261455,49.07336605314482,49.07336605314482,0.4181861676104905,0.10563256306175595,0.10563256306175599,0.03815730952846537,0.03753508377208379,0.0375350837720838,0.1587032929625077,0.1587032929625077,0.24043174414458876,0.23651105828630237,0.23651105828630248,False,1e-24,False
HGNN,real,,125,base,0.5485679197869391,0.013904147615641823,0.013904147615641823,10.587734032357307,10.587734032357307,0.051811645259547866,0.0013132316672433576,0.0013132316672433576,0.001019982310206998,0.00010067881460442335,0.00010067881460442335,0.03424073771761646,0.03424073771761646,0.029788561175836725,0.002940322589855454,0.002940322589855454,False,1e-24,False
HGNN,real,,125,restart,20.521802868948303,5.183745432427052,5.183745432427053,49.07336589738952,49.07336589738952,0.41818616868177716,0.10563256335964524,0.10563256335964526,0.038157309505106166,0.03753508375880103,0.03753508375880104,0.158703292458795,0.158703292458795,0.24043174476051377,0.23651105895327582,0.23651105895327584,False,1e-24,False
HGNN,real,,126,base,0.5465400386483884,0.013697843064700482,0.013697843064700486,10.560029392955979,10.560029392955979,0.05175554142045812,0.001297140619119637,0.0012971406191196373,0.0010162117599908506,9.918497994368471e-05,9.918497994368474e-05,0.03415114089846678,0.03415114089846678,0.029756304862906455,0.002904294771251336,0.0029042947712513366,False,1e-24,False
HGNN,real,,126,restart,20.521802857810343,5.183745430805684,5.183745430805685,49.07336575886071,49.07336575886071,0.41818616963530597,0.10563256362479485,0.1056325636247949,0.038157309484396745,0.037535083747060834,0.03753508374706085,0.15870329201079275,0.15870329201079275,0.24043174530873515,0.23651105954694515,0.23651105954694523,False,1e-24,False
HGNN,real,,127,base,0.5445442810508887,0.013495513453750345,0.013495513453750349,10.532735361870849,10.532735361870849,0.05170017686214471,0.0012812923699388609,0.001281292369938861,0.0010125009388299968,9.77199275037266e-05,9.771992750372663e-05,0.03406287198683882,0.03406287198683882,0.02972447359169261,0.0028688105789049,0.0028688105789049004,False,1e-24,False
HGNN,real,,127,restart,20.52180284793457,5.183745429372406,5.183745429372406,49.073365635644,49.073365635644,0.4181861704840709,0.10563256386081737,0.10563256386081739,0.038157309466034184,0.03753508373668259,0.03753508373668259,0.15870329161230984,0.15870329161230984,0.24043174579672363,0.23651106007539902,0.23651106007539904,False,1e-24,False
HGNN,real,,128,base,0.5425799515144235,0.013297054093253987,0.013297054093253992,10.50584404202329,10.50584404202329,0.051645536459908235,0.0012656816568060482,0.0012656816568060486,0.0010088485535804368,9.628289923602844e-05,9.628289923602848e-05,0.03397590544357595,0.03397590544357595,0.029693058666408152,0.0028338582292067593,0.00283385822920676,False,1e-24,False
HGNN,real,,128,restart,20.52180283917686,5.1837454281052215,5.183745428105222,49.07336552603893,49.07336552603893,0.4181861712396257,0.10563256407092485,0.10563256407092486,0.038157309449750494,0.037535083727507,0.03753508372750701,0.15870329125784696,0.15870329125784696,0.24043174623112193,0.23651106054582915,0.23651106054582918,False,1e-24,False
HGNN,real,,129,base,0.5406463752231245,0.013102363870664747,0.013102363870664751,10.479347743906443,10.479347743906443,0.051591605549830236,0.0012503033767806344,0.0012503033767806346,0.001005253349520151,9.487316299277214e-05,9.487316299277216e-05,0.03389021640080872,0.03389021640080872,0.029662051656187204,0.0027994262966850865,0.002799426296685087,False,1e-24,False
HGNN,real,,129,restart,20.521802831409694,5.183745426984726,5.183745426984728,49.073365428534814,49.073365428534814,0.4181861719122453,0.10563256425797363,0.10563256425797367,0.038157309435308574,0.03753508371939359,0.0375350837193936,0.15870329094251862,0.15870329094251862,0.24043174661783748,0.23651106096463093,0.236511060964631,False,1e-24,False
HGNN,real,,130,base,0.538742897247953,0.012911345103558812,0.012911345103558814,10.453238978505565,10.453238978505565,0.05153836991154044,0.00123515258094718,0.0012351525809471801,0.001001714108903788,9.349001146338324e-05,9.349001146338325e-05,0.03380578063905931,0.03380578063905931,0.029631444385177255,0.0027655037007299444,0.002765503700729945,False,1e-24,False
HGNN,real,,130,restart,20.521802824520215,5.18374542599381,5.183745425993811,49.073365341789575,49.073365341789575,0.41818617251106666,0.10563256442450401,0.10563256442450403,0.03815730942249859,0.03753508371221845,0.037535083712218455,0.15870329066198446,0.15870329066198446,0.24043174696212355,0.23651106133749206,0.2365110613374921,False,1e-24,False
HGNN,real,,131,base,0.5368688818039233,0.012723903399730318,0.012723903399730318,10.427510450508596,10.427510450508596,0.05148581575171069,0.0012202244687378584,0.0012202244687378584,0.0009982296495815817,9.213276116149086e-05,9.213276116149086e-05,0.033722574565284484,0.033722574565284484,0.02960122892304918,0.0027320796928813496,0.0027320796928813496,False,1e-24,False
HGNN,real,,131,restart,20.521802818408517,5.183745425117369,5.183745425117371,49.07336526461067,49.07336526461067,0.41818617304421646,0.10563256457277517,0.1056325645727752,0.03815730941113478,0.037535083705872205,0.03753508370587222,0.15870329041238784,0.15870329041238784,0.2404317472686524,0.23651106166947083,0.23651106166947092,False,1e-24,False
HGNN,real,,132,base,0.5350237115401049,0.012539947523872224,0.012539947523872224,10.402155051793155,10.402155051793155,0.0514339296882405,0.0012055143824942843,0.0012055143824942843,0.0009947988236792106,9.080075145957455e-05,9.080075145957455e-05,0.03364057519181253,0.03364057519181253,0.029571397575904875,0.0026991438446532182,0.0026991438446532182,False,1e-24,False
HGNN,real,,132,restart,20.52180281298618,5.1837454243420815,5.183745424342081,49.07336519593847,49.07336519593847,0.41818617351892257,0.10563256470479654,0.10563256470479652,0.03815730940105273,0.03753508370025841,0.037535083700258404,0.1587032901903019,0.1587032901903019,0.2404317475415797,0.23651106196506635,0.23651106196506633,False,1e-24,False
HGNN,real,,133,base,0.533206786860742,0.012359389270489154,0.012359389270489157,10.377165855177067,10.377165855177067,0.05138269873510119,0.0011910178022569791,0.0011910178022569793,0.0009914205163355212,8.949334366873649e-05,8.949334366873651e-05,0.03355976011613246,0.03355976011613246,0.02954194287756357,0.002666686035866993,0.0026666860358669935,False,1e-24,False
HGNN,real,,133,restart,20.521802808174908,5.183745423656181,5.183745423656182,49.07336513483124,49.07336513483124,0.4181861739416147,0.1056325648223555,0.10563256482235552,0.03815730939210687,0.03753508369529186,0.03753508369529187,0.1587032899926811,0.1587032899926811,0.24043174778460213,0.2365110622282806,0.23651106222828064,False,1e-24,False
HGNN,real,,134,base,0.531417525275925,0.012182143342709954,0.012182143342709954,10.352536108420042,10.352536108420042,0.0513321102878073,0.0011767303407714594,0.0011767303407714594,0.0009880936444951935,8.820992016119288e-05,8.820992016119288e-05,0.03348010750149544,0.03348010750149544,0.029512857581208748,0.002634696443470286,0.002634696443470286,False,1e-24,False
HGNN,real,,134,restart,20.521802803905352,5.183745423049289,5.183745423049291,49.073365080452035,49.073365080452035,0.41818617431801186,0.10563256492704207,0.10563256492704211,0.03815730938416825,0.037535083690897406,0.03753508369089742,0.15870328981681872,0.15870328981681872,0.2404317480010077,0.2365110624626736,0.23651106246267367,False,1e-24,False
HGNN,real,,135,base,0.5296553607803439,0.012008127236687866,0.012008127236687868,10.328259228464914,10.328259228464914,0.051282152109486355,0.0011626477387005544,0.0011626477387005547,0.000984817155753625,8.694988353322496e-05,8.694988353322497e-05,0.033401596058290954,0.033401596058290954,0.029484134651379137,0.0026031655308172683,0.0026031655308172688,False,1e-24,False
HGNN,real,,135,restart,20.52180280011612,5.183745422512239,5.18374542251224,49.07336503205697,49.07336503205697,0.4181861746532022,0.10563256502027074,0.10563256502027078,0.03815730937712272,0.03753508368700867,0.037535083687008676,0.15870328966030903,0.15870328966030903,0.24043174819372184,0.23651106267141236,0.23651106267141245,False,1e-24,False
HGNN,real,,136,base,0.5279197432587214,0.011837261131295079,0.01183726113129508,10.304328795907375,10.304328795907375,0.05123281231751825,0.0011487658600331683,0.0011487658600331685,0.000981590027251419,8.57126558064661e-05,8.571265580646611e-05,0.03332420502616192,0.03332420502616192,0.02945576725628712,0.002572084037388901,0.0025720840373889015,False,1e-24,False
HGNN,real,,136,restart,20.52180279675281,5.183745422036936,5.183745422036938,49.073364988984736,49.073364988984736,0.41818617495171245,0.10563256510330006,0.1056325651033001,0.038157309370869134,0.03753508368356704,0.037535083683567054,0.15870328952101342,0.15870328952101342,0.2404317483653472,0.2365110628573148,0.2365110628573149,False,1e-24,False
HGNN,real,,137,base,0.526210137916628,0.011669467782835733,0.011669467782835735,10.2807385496838,10.2807385496838,0.05118407937071917,0.0011350806876802295,0.0011350806876802297,0.0009784112646160686,8.44976776655271e-05,8.449767766552712e-05,0.03324791415682512,0.03324791415682512,0.029427748760450304,0.0025414429689322765,0.002541442968932277,False,1e-24,False
HGNN,real,,137,restart,20.521802793767243,5.18374542161623,5.183745421616231,49.0733649506475,49.0733649506475,0.4181861752175702,0.10563256517724963,0.10563256517724966,0.03815730936531791,0.03753508368052074,0.03753508368052075,0.15870328939703077,0.15870328939703077,0.24043174851819932,0.2365110630228877,0.23651106302288777,False,1e-24,False
HGNN,real,,138,base,0.524526024735424,0.011504672424517977,0.011504672424517979,10.257482381967229,10.257482381967229,0.05113594205704381,0.0011215883192491095,0.0011215883192491098,0.0009752799009485,8.330440773008151e-05,8.330440773008152e-05,0.03317270369756477,0.03317270369756477,0.02940007271762102,0.0025112335879995495,0.00251123358799955,False,1e-24,False
HGNN,real,,138,restart,20.521802791116713,5.183745421243808,5.183745421243808,49.07336491652264,49.07336491652264,0.4181861754543588,0.1056325652431158,0.1056325652431158,0.038157309360389635,0.037535083677824065,0.037535083677824065,0.15870328928667096,0.15870328928667096,0.24043174865433845,0.2365110631703619,0.2365110631703619,False,1e-24,False
HGNN,real,,139,base,0.5228668979501697,0.011342802670440697,0.011342802670440699,10.23455433326211,10.23455433326211,0.0510883894817835,0.0011082849629882564,0.0011082849629882566,0.000972194995852323,8.21323218596412e-05,8.213232185964121e-05,0.03309855437536897,0.03309855437536897,0.029372732864000963,0.002481447404867984,0.0024814474048679845,False,1e-24,False
HGNN,real,,139,restart,20.521802788763388,5.183745420914089,5.183745420914089,49.073364886145434,49.073364886145434,0.41818617566526756,0.10563256530178518,0.10563256530178519,0.03815730935601397,0.0375350836754366,0.0375350836754366,0.15870328918843105,0.15870328918843105,0.24043174877559823,0.2365110633017225,0.23651106330172256,False,1e-24,False
HGNN,real,,140,base,0.5212322655493905,0.011183788423864907,0.01118378842386491,10.211948587688905,10.211948587688905,0.05104141105623722,0.0010951669338942433,0.0010951669338942437,0.0009691556345037164,8.09809124893569e-05,8.098091248935693e-05,0.03302544738168007,0.03302544738168007,0.029345723111727715,0.0024520761688236435,0.0024520761688236444,False,1e-24,False
HGNN,real,,140,restart,20.52180278667374,5.183745420622144,5.183745420622145,49.0733648591027,49.0733648591027,0.4181861758531342,0.10563256535404669,0.1056325653540467,0.03815730935212857,0.037535083673322645,0.03753508367332265,0.15870328910097484,0.15870328910097484,0.24043174888361019,0.23651106341873593,0.23651106341873596,False,1e-24,False
HGNN,real,,141,base,0.519621648795654,0.011027561789552935,0.011027561789552937,10.18965946845009,10.18965946845009,0.05099499648683467,0.00108223064997385,0.00108223064997385,0.0009661609267600109,7.984968799527331e-05,7.984968799527333e-05,0.03295336435773174,0.03295336435773174,0.02931903754262116,0.0024231118597921983,0.0024231118597921983,False,1e-24,False
HGNN,real,,141,restart,20.521802784818036,5.1837454203636195,5.18374542036362,49.073364835027,49.073364835027,0.4181861760204841,0.10563256540060255,0.10563256540060259,0.03815730934867816,0.03753508367145069,0.0375350836714507,0.158703289023114,0.158703289023114,0.24043174897982622,0.23651106352297438,0.23651106352297446,False,1e-24,False
HGNN,real,,142,base,0.5180345817659692,0.010874056989971065,0.010874056989971065,10.167681433469529,10.167681433469529,0.05094913576469122,0.0010694726286541907,0.0010694726286541907,0.0009632100063051291,7.873817208755912e-05,7.873817208755912e-05,0.03288228738044669,0.03288228738044669,0.02929267040217822,0.002394546680301214,0.002394546680301214,False,1e-24,False
HGNN,real,,142,restart,20.521802783169928,5.18374542013466,5.183745420134662,49.07336481359153,49.07336481359153,0.4181861761695652,0.1056325654420777,0.10563256544207773,0.038157309345613746,0.037535083669792815,0.03753508366979283,0.15870328895379168,0.15870328895379168,0.24043174906553885,0.23651106361583715,0.2365110636158372,False,1e-24,False
HGNN,real,,143,base,0.5164706109110703,0.01072321028516282,0.01072321028516282,10.146009071197563,10.146009071197563,0.0509038191555756,0.0010568894833342711,0.0010568894833342711,0.0009603020298301362,7.764590323031595e-05,7.764590323031595e-05,0.03281219894887034,0.03281219894887034,0.029266616093804883,0.002366373047759091,0.002366373047759091,False,1e-24,False
HGNN,real,,143,restart,20.521802781706064,5.183745419931869,5.18374541993187,49.073364794505665,49.073364794505665,0.4181861763023782,0.10563256547902844,0.10563256547902847,0.0381573093428919,0.037535083668324414,0.03753508366832442,0.158703288892068,0.158703288892068,0.24043174914189827,0.23651106369856975,0.2365110636985698,False,1e-24,False
HGNN,real,,144,base,0.5149292946327018,0.010574959896111007,0.010574959896111008,10.124637096574615,10.124637096574615,0.05085903719027258,0.0010444779200716977,0.001044477920071698,0.0009574361762472644,7.657243408664904e-05,7.657243408664906e-05,0.03274308197111707,0.03274308197111707,0.029240869173275327,0.00233858358703662,0.0023385835870366203,False,1e-24,False
HGNN,real,,144,restart,20.52180278040571,5.183745419752231,5.183745419752232,49.0733647775109,49.0733647775109,0.4181861764207035,0.10563256551194983,0.10563256551194984,0.03815730934047409,0.037535083667023676,0.03753508366702368,0.1587032888371069,0.1587032888371069,0.24043174920992816,0.23651106377228068,0.2365110637722807,False,1e-24,False
HGNN,real,,145,base,0.5134102028780645,0.010429245931416756,0.010429245931416758,10.103560347146368,10.103560347146368,0.05081478065532326,0.0010322347343985898,0.00103223473439859,0.0009546116459358435,7.551733098775615e-05,7.551733098775617e-05,0.03267491975180679,0.03267491975180679,0.02921542434340814,0.0023111711233378116,0.002311171123337812,False,1e-24,False
HGNN,real,,145,restart,20.521802779250518,5.18374541959309,5.183745419593091,49.0733647623773,49.0733647623773,0.41818617652612666,0.10563256554128264,0.10563256554128266,0.03815730933832617,0.03753508366587135,0.037535083665871355,0.15870328878816484,0.15870328878816484,0.24043174927054012,0.23651106383795678,0.2365110638379568,False,1e-24,False
HGNN,real,,146,base,0.5119129167506263,0.010286010317133405,0.010286010317133405,10.082773779323995,10.082773779323995,0.05077104058412663,0.0010201568082610533,0.0010201568082610535,0.0009518276600186604,7.448017342486023e-05,7.448017342486023e-05,0.032607695979970416,0.032607695979970416,0.02919027644895026,0.0022841286753473894,0.00228412867534739,False,1e-24,False
HGNN,real,,146,restart,20.521802778224178,5.183745419452092,5.183745419452093,49.07336474890027,49.07336474890027,0.41818617662005886,0.10563256556741932,0.10563256556741933,0.03815730933641784,0.03753508366485039,0.037535083664850394,0.15870328874458012,0.15870328874458012,0.24043174932454545,0.23651106389647672,0.23651106389647675,False,1e-24,False
HGNN,real,,147,base,0.5104370281365469,0.010145196729601897,0.010145196729601898,10.062272464783202,10.062272464783202,0.05072780824838702,0.0010082411070768476,0.0010082411070768478,0.00094908345966735,7.346055356287604e-05,7.346055356287606e-05,0.03254139471740448,0.03254139471740448,0.029165420471659778,0.0022574494486429096,0.00225744944864291,False,1e-24,False
HGNN,real,,147,restart,20.521802777312242,5.183745419327154,5.183745419327155,49.07336473689786,49.07336473689786,0.41818617670375613,0.1056325655907091,0.10563256559070913,0.03815730933472223,0.03753508366394573,0.037535083663945736,0.1587032887057643,0.1587032887057643,0.24043174937266631,0.2365110639486225,0.23651106394862256,False,1e-24,False
HGNN,real,,148,base,0.5089821393459997,0.010006750531142911,0.010006750531142914,10.042051586996166,10.042051586996166,0.05068507514989268,0.0009964846769061645,0.000996484676906165,0.0009463783054354857,7.245807577476202e-05,7.245807577476205e-05,0.03247600038745532,0.03247600038745532,0.029140851525579124,0.0022311268293601447,0.0022311268293601456,False,1e-24,False
HGNN,real,,148,restart,20.521802776501882,5.183745419216438,5.1837454192164385,49.07336472620812,49.07336472620812,0.41818617677833714,0.1056325656114631,0.10563256561146311,0.03815730933321548,0.03753508366314404,0.037535083663144043,0.15870328867119368,0.15870328867119368,0.24043174941554588,0.23651106399509064,0.23651106399509067,False,1e-24,False
HGNN,real,,149,base,0.5075478627687161,0.009870618708468658,0.00987061870846866,10.02210643789068,10.02210643789068,0.05064283301261148,0.0009848846417306754,0.0009848846417306757,0.000943711476618114,7.147235619556504e-05,7.147235619556505e-05,0.03241149776421483,0.03241149776421483,0.029116564852490565,0.0022051543781008744,0.002205154378100875,False,1e-24,False
HGNN,real,,149,restart,20.521802775781733,5.183745419118314,5.183745419118315,49.07336471668701,49.07336471668701,0.4181861768447978,0.10563256562995818,0.1056325656299582,0.03815730933187647,0.037535083662433535,0.03753508366243354,0.15870328864040242,0.15870328864040242,0.24043174945375673,0.2365110640365011,0.23651106403650113,False,1e-24,False
HGNN,real,,150,base,0.5061338205431071,0.009736749813684756,0.009736749813684756,10.002432414631212,10.002432414631212,0.05060107377509015,0.0009734382008362462,0.0009734382008362462,0.0009410822706365336,7.050302229521969e-05,7.050302229521969e-05,0.032347871962110336,0.032347871962110336,0.02909255581754622,0.002179525824072791,0.002179525824072791,False,1e-24,False
HGNN,real,,150,restart,20.521802775141683,5.183745419031345,5.183745419031345,49.07336470820631,49.07336470820631,0.4181861769040246,0.10563256564644102,0.10563256564644102,0.03815730933068639,0.037535083661803796,0.037535083661803796,0.15870328861297583,0.15870328861297583,0.24043174948780857,0.23651106407340614,0.23651106407340614,False,1e-24,False
HGNN,real,,151,base,0.5047396442383542,0.009605093907759503,0.009605093907759505,9.983025016516669,9.983025016516669,0.05055978958314488,0.000962142626294947,0.0009621426262949471,0.0009384900024471905,6.954971246921392e-05,6.954971246921394e-05,0.03228510842587203,0.03228510842587203,0.02906881990506562,0.0021542350594517283,0.0021542350594517287,False,1e-24,False
HGNN,real,,151,restart,20.521802774572787,5.183745418954252,5.183745418954252,49.073364700651965,49.073364700651965,0.41818617695680743,0.1056325656611311,0.1056325656611311,0.03815730932962861,0.03753508366124557,0.03753508366124557,0.15870328858854507,0.15870328858854507,0.2404317495181555,0.2365110641062972,0.2365110641062972,False,1e-24,False
HGNN,real,,152,base,0.5033649745488876,0.009475602506344438,0.009475602506344438,9.963879841990035,9.963879841990035,0.050518972782830456,0.000950995260542195,0.000950995260542195,0.0009359340039736047,6.861207564628002e-05,6.861207564628002e-05,0.03222319292086208,0.03222319292086208,0.02904535271449336,0.0021292761339568836,0.0021292761339568836,False,1e-24,False
HGNN,real,,152,restart,20.521802774067098,5.183745418885906,5.183745418885907,49.07336469392242,49.07336469392242,0.4181861770038494,0.105632565674224,0.10563256567422404,0.038157309328688355,0.03753508366075068,0.037535083660750694,0.15870328856678173,0.15870328856678173,0.2404317495452018,0.23651106413561215,0.23651106413561224,False,1e-24,False
HGNN,real,,153,base,0.502009461000706,0.009348228527836119,0.00934822852783612,9.944992585755282,9.944992585755282,0.050478615913676965,0.0009399935140450543,0.0009399935140450545,0.0009334136235603129,6.768977091231415e-05,6.768977091231416e-05,0.032162111523750744,0.032162111523750744,0.029022149956510635,0.0021046432496301523,0.0021046432496301527,False,1e-24,False
HGNN,real,,153,restart,20.521802773617537,5.183745418825312,5.183745418825312,49.073364687927345,49.073364687927345,0.4181861770457764,0.10563256568589391,0.10563256568589391,0.03815730932785246,0.03753508366031193,0.03753508366031193,0.15870328854739366,0.15870328854739366,0.24043174956930727,0.23651106416174106,0.23651106416174106,False,1e-24,False
HGNN,real,,154,base,0.500672761669011,0.009222926243574943,0.009222926243574944,9.926359035997011,9.926359035997011,0.050438711702182865,0.0009291348630579314,0.0009291348630579315,0.0009309282254478531,6.678246714976996e-05,6.678246714976997e-05,0.032101850613524704,0.032101850613524704,0.028999207449294143,0.0020803307558111338,0.0020803307558111338,False,1e-24,False
HGNN,real,,154,restart,20.521802773217868,5.183745418771585,5.1837454187715855,49.07336468258632,49.07336468258632,0.4181861770831464,0.10563256569629585,0.10563256569629587,0.03815730932710933,0.03753508365992289,0.0375350836599229,0.15870328853012078,0.15870328853012078,0.24043174959079278,0.23651106418503098,0.236511064185031,False,1e-24,False
HGNN,real,,155,base,0.4993545429066606,0.009099651230082141,0.009099651230082143,9.907975071698704,9.907975071698704,0.05039925305555368,0.0009184168474620539,0.0009184168474620541,0.0009284771892678618,6.588984269181057e-05,6.588984269181058e-05,0.03204239686281425,0.03204239686281425,0.028976521114916203,0.002056333144299728,0.0020563331442997284,False,1e-24,False
HGNN,real,,155,restart,20.521802772862515,5.183745418723943,5.183745418723944,49.07336467782775,49.07336467782775,0.4181861771164561,0.10563256570556807,0.10563256570556809,0.038157309326448605,0.03753508365957792,0.037535083659577924,0.15870328851473153,0.15870328851473153,0.24043174960994382,0.23651106420579146,0.2365110642057915,False,1e-24,False
HGNN,real,,156,base,0.49805447908297196,0.008978360323241312,0.008978360323241313,9.889836660055511,9.889836660055511,0.05036023305567681,0.0009078370686853098,0.0009078370686853101,0.000926059909557416,6.501158499054071e-05,6.501158499054073e-05,0.03198373722952627,0.03198373722952627,0.028954086975880654,0.0020326450446986623,0.002032645044698663,False,1e-24,False
HGNN,real,,156,restart,20.521802772546533,5.183745418681692,5.183745418681693,49.07336467358791,49.07336467358791,0.41818617714614753,0.10563256571383353,0.10563256571383356,0.03815730932586108,0.03753508365927199,0.037535083659271995,0.15870328850101992,0.15870328850101992,0.2404317496270146,0.2365110642242978,0.23651106422429785,False,1e-24,False
HGNN,real,,157,base,0.4967722523324197,0.008859011574335574,0.008859011574335576,9.871939853977741,9.871939853977741,0.05032164495332223,0.0008973931876991709,0.0008973931876991711,0.0009236757952917741,6.414739029867532e-05,6.414739029867533e-05,0.03192585894877052,0.03192585894877052,0.02893190115178859,0.0020092612199286075,0.002009261219928608,False,1e-24,False
HGNN,real,,157,restart,20.52180277226555,5.183745418644219,5.183745418644221,49.07336466981008,49.07336466981008,0.4181861771726151,0.10563256572120186,0.1056325657212019,0.03815730932533864,0.03753508365900065,0.037535083659000656,0.1587032884888024,0.1587032884888024,0.24043174964223185,0.23651106424079546,0.23651106424079557,False,1e-24,False
HGNN,real,,158,base,0.4955075523128071,0.008741564207856033,0.008741564207856036,9.854280789681354,9.854280789681354,0.05028348216256072,0.0008870829230895803,0.0008870829230895806,0.0009213242694347311,6.329696336403394e-05,6.329696336403397e-05,0.03186874952506728,0.03186874952506728,0.028909959856129187,0.0019861765619088975,0.001986176561908898,False,1e-24,False
HGNN,real,,158,restart,20.521802772015665,5.183745418610982,5.183745418610983,49.07336466644377,49.07336466644377,0.4181861771962096,0.10563256572777072,0.10563256572777073,0.03815730932487401,0.03753508365875998,0.03753508365875999,0.15870328847791576,0.15870328847791576,0.24043174965579725,0.23651106425550314,0.23651106425550317,False,1e-24,False
HGNN,real,,159,base,0.4942600759725005,0.008625978581001498,0.0086259785810015,9.83685568436202,9.83685568436202,0.050245738255390124,0.0008769040491988214,0.0008769040491988216,0.0009190047685058239,6.246001713628155e-05,6.246001713628157e-05,0.03181239672482525,0.03181239672482525,0.02888825939319013,0.001963386087397181,0.0019633860873971816,False,1e-24,False
HGNN,real,,159,restart,20.521802771793432,5.1837454185815,5.183745418581502,49.073364663443996,49.073364663443996,0.418186177217244,0.10563256573362707,0.10563256573362712,0.038157309324460806,0.037535083658546506,0.03753508365854652,0.1587032884682145,0.1587032884682145,0.24043174966789077,0.23651106426861548,0.2365110642686156,False,1e-24,False
HGNN,real,,160,base,0.4930295273263392,0.008512216144793422,0.008512216144793423,9.819660833949337,9.819660833949337,0.050208406956561785,0.0008668543943355243,0.0008668543943355245,0.0009167167421636689,6.163627248536491e-05,6.163627248536491e-05,0.03175678856907871,0.03175678856907871,0.028866796155083124,0.0019408849339816298,0.0019408849339816302,False,1e-24,False
HGNN,real,,160,restart,20.52180277159575,5.183745418555344,5.183745418555344,49.073364660770736,49.073364660770736,0.41818617723599627,0.10563256573884838,0.1056325657388484,0.03815730932409324,0.037535083658357116,0.037535083658357116,0.15870328845956916,0.15870328845956916,0.24043174967867217,0.236511064280306,0.23651106428030602,False,1e-24,False
HGNN,real,,161,base,0.4918156172398555,0.008400239406733909,0.00840023940673391,9.802692610938044,9.802692610938044,0.05017148213859911,0.0008569318390500943,0.0008569318390500944,0.0009144596528047503,6.0825457931122175e-05,6.082545793112219e-05,0.031701913326473624,0.031701913326473624,0.028845566618879867,0.0019186683562196249,0.001918668356219625,False,1e-24,False
HGNN,real,,161,restart,20.521802771419924,5.183745418532138,5.18374541853214,49.073364658388336,49.073364658388336,0.4181861772527154,0.10563256574350371,0.10563256574350374,0.03815730932376632,0.037535083658189076,0.03753508365818909,0.15870328845186446,0.15870328845186446,0.24043174968828468,0.23651106429072927,0.23651106429072932,False,1e-24,False
HGNN,real,,162,base,0.49061806322145085,0.008290011894938097,0.0082900118949381,9.785947462293182,9.785947462293182,0.05013495781700041,0.000847134314472956,0.0008471343144729562,0.0009122329751770019,6.0027309383568426e-05,6.002730938356844e-05,0.03164775950649298,0.03164775950649298,0.028824567343853986,0.0018967317219170912,0.0018967317219170919,False,1e-24,False
HGNN,real,,162,restart,20.52180277126351,5.183745418511549,5.18374541851155,49.07336465626507,49.07336465626507,0.41818617726762175,0.10563256574765459,0.1056325657476546,0.03815730932347549,0.037535083658039994,0.03753508365804,0.15870328844499784,0.15870328844499784,0.24043174969685494,0.23651106430002308,0.2365110643000231,False,1e-24,False
HGNN,real,,163,base,0.4894365892221944,0.008181498123675818,0.008181498123675818,9.769421907426251,9.769421907426251,0.050098828145619126,0.0008374598007131447,0.0008374598007131447,0.0009100361960075617,5.924156989338556e-05,5.924156989338556e-05,0.031594315852911635,0.031594315852911635,0.028803794968824917,0.001875070508542948,0.001875070508542948,False,1e-24,False
HGNN,real,,163,restart,20.52180277112435,5.183745418493279,5.183745418493279,49.073364654372654,49.073364654372654,0.4181861772809125,0.1056325657513558,0.1056325657513558,0.03815730932321674,0.037535083657907704,0.037535083657907704,0.15870328843887777,0.15870328843887777,0.2404317497044963,0.23651106430831006,0.23651106430831006,False,1e-24,False
HGNN,real,,164,base,0.48827092544292516,0.008074663560260426,0.008074663560260426,9.753112536239644,9.753112536239644,0.050063087412213964,0.0008279063253148568,0.0008279063253148568,0.0009078688136441062,5.8467989412166943e-05,5.8467989412166943e-05,0.031541571337472055,0.031541571337472055,0.02878324620959954,0.0018536802997733259,0.0018536802997733259,False,1e-24,False
HGNN,real,,164,restart,20.521802771000544,5.183745418477064,5.183745418477065,49.07336465268594,49.07336465268594,0.41818617729276325,0.1056325657546561,0.10563256575465611,0.03815730932298654,0.03753508365779029,0.0375350836577903,0.1587032884334229,0.1587032884334229,0.24043174971130976,0.23651106431569943,0.23651106431569946,False,1e-24,False
HGNN,real,,165,base,0.48712080814835457,0.007969474593225908,0.007969474593225908,9.737016007236612,9.737016007236612,0.050027730034162755,0.0008184719617696986,0.0008184719617696987,0.0009057303377092014,5.77063245619905e-05,5.77063245619905e-05,0.031489515153771894,0.031489515153771894,0.028762917856507888,0.0018325567821604986,0.0018325567821604989,False,1e-24,False
HGNN,real,,165,restart,20.52180277089039,5.183745418462675,5.183745418462676,49.07336465118247,49.07336465118247,0.4181861773033306,0.10563256575759919,0.1056325657575992,0.038157309322781725,0.037535083657686104,0.03753508365768611,0.1587032884285607,0.1587032884285607,0.24043174971738535,0.236511064322289,0.23651106432228905,False,1e-24,False
HGNN,real,,166,base,0.48598597948787653,0.007865898501736135,0.007865898501736135,9.721129045694274,9.721129045694274,0.04999275055433315,0.0008091548280824574,0.0008091548280824574,0.0009036202887671251,5.6956338413913464e-05,5.6956338413913464e-05,0.03143813671135555,0.03143813671135555,0.028742806772029037,0.0018116957419216466,0.0018116957419216466,False,1e-24,False
HGNN,real,,166,restart,20.521802770792373,5.183745418449903,5.183745418449904,49.073364649842304,49.073364649842304,0.4181861773127537,0.10563256576022367,0.10563256576022369,0.03815730932259948,0.03753508365759362,0.03753508365759363,0.1587032884242266,0.1587032884242266,0.24043174972280307,0.2365110643281652,0.23651106432816524,False,1e-24,False
HGNN,real,,167,base,0.4848661873228149,0.007763903426172883,0.007763903426172883,9.705448441897207,9.705448441897207,0.04995814363710472,0.0007999530853883147,0.0007999530853883147,0.000901538198002658,5.621780027500269e-05,5.621780027500269e-05,0.03138742563000157,0.03138742563000157,0.028722909888504067,0.0017910930618428,0.0017910930618428,False,1e-24,False
HGNN,real,,167,restart,20.521802770705147,5.183745418438567,5.183745418438567,49.073364648647654,49.073364648647654,0.41818617732115665,0.10563256576256422,0.10563256576256422,0.03815730932243729,0.03753508365751154,0.03753508365751154,0.1587032884203631,0.1587032884203631,0.24043174972763426,0.23651106433340569,0.23651106433340569,False,1e-24,False
HGNN,real,,168,base,0.4837611850598352,0.007663458339851801,0.007663458339851801,9.689971049429296,9.689971049429296,0.04992390406453557,0.0007908649366195115,0.0007908649366195115,0.0008994836069113383,5.54904854835322e-05,5.54904854835322e-05,0.03133737173419848,0.03133737173419848,0.028703224205932104,0.0017707447182935068,0.0017707447182935068,False,1e-24,False
HGNN,real,,168,restart,20.521802770627527,5.183745418428504,5.183745418428505,49.073364647582665,49.073364647582665,0.4181861773286504,0.1056325657646516,0.10563256576465162,0.03815730932229297,0.03753508365743868,0.037535083657438684,0.15870328841691891,0.15870328841691891,0.2404317497319427,0.23651106433807934,0.23651106433807936,False,1e-24,False
HGNN,real,,169,base,0.48267073149027867,0.0075645330218179424,0.007564533021817943,9.674693783521587,9.674693783521587,0.04989002673266901,0.0007818886252195627,0.0007818886252195628,0.0008974560670007259,5.477417521199782e-05,5.4774175211997825e-05,0.0312879650478018,0.0312879650478018,0.028683746789846865,0.0017506467783479605,0.0017506467783479608,False,1e-24,False
HGNN,real,,169,restart,20.52180277055845,5.183745418419571,5.183745418419572,49.07336464663324,49.07336464663324,0.41818617733533336,0.10563256576651323,0.10563256576651325,0.03815730932216453,0.03753508365737399,0.037535083657374,0.15870328841384848,0.15870328841384848,0.24043174973578502,0.2365110643422475,0.23651106434224758,False,1e-24,False
HGNN,real,,170,base,0.48159459063517085,0.00746709803067476,0.007467098030674761,9.659613619454053,9.659613619454053,0.04985650664797397,0.0007730224339031885,0.0007730224339031886,0.0008954551395022178,5.406865627761507e-05,5.4068656277615075e-05,0.03123919578886528,0.03123919578886528,0.028664474769270108,0.001730795397008491,0.0017307953970084912,False,1e-24,False
HGNN,real,,170,restart,20.521802770496965,5.18374541841164,5.1837454184116405,49.073364645786796,49.073364645786796,0.4181861773412936,0.10563256576817362,0.10563256576817363,0.03815730932205021,0.03753508365731656,0.037535083657316566,0.1587032884111111,0.1587032884111111,0.24043174973921178,0.23651106434596514,0.23651106434596517,False,1e-24,False
HGNN,real,,171,base,0.4805325315956807,0.007371124679402665,0.0073711246794026675,9.644727591009184,9.644727591009184,0.04982333892391457,0.000764264683460218,0.0007642646834602182,0.0008934803950930002,5.337372095998233e-05,5.337372095998235e-05,0.031191054364639852,0.031191054364639852,0.028645405334739374,0.001711186814527506,0.0017111868145275064,False,1e-24,False
HGNN,real,,171,restart,20.521802770442232,5.183745418404596,5.183745418404597,49.07336464503212,49.07336464503212,0.41818617734660934,0.10563256576965455,0.10563256576965456,0.03815730932194844,0.03753508365726556,0.037535083657265565,0.15870328840867046,0.15870328840867046,0.24043174974226802,0.23651106434928093,0.23651106434928096,False,1e-24,False
HGNN,real,,172,base,0.4794843284088044,0.0072765850111252885,0.007276585011125289,9.630032788975464,9.630032788975464,0.04979051877764339,0.0007556137316017843,0.0007556137316017844,0.000891531413627712,5.2689166825606345e-05,5.268916682560635e-05,0.03114353136673386,0.03114353136673386,0.02862653573640677,0.0016918173538241258,0.001691817353824126,False,1e-24,False
HGNN,real,,172,restart,20.521802770393514,5.183745418398344,5.1837454183983445,49.07336464435926,49.07336464435926,0.41818617735135044,0.1056325657709755,0.10563256577097552,0.03815730932185786,0.03753508365722028,0.03753508365722029,0.15870328840649442,0.15870328840649442,0.24043174974499384,0.23651106435223854,0.23651106435223856,False,1e-24,False
HGNN,real,,173,base,0.47844975990807465,0.0071834517757835975,0.0071834517757836,9.615526359698862,9.615526359698862,0.04975804152681442,0.0007470679718472082,0.0007470679718472084,0.0008896077838794549,5.20147965590013e-05,5.201479655900132e-05,0.03109661756642859,0.03109661756642859,0.02860786328220665,0.001672683417991918,0.0016726834179919185,False,1e-24,False
HGNN,real,,173,restart,20.52180277035014,5.183745418392791,5.183745418392792,49.07336464375932,49.07336464375932,0.4181861773555791,0.10563256577215374,0.10563256577215376,0.03815730932177721,0.03753508365718008,0.037535083657180085,0.15870328840455422,0.15870328840455422,0.2404317497474251,0.23651106435487662,0.23651106435487665,False,1e-24,False
HGNN,real,,174,base,0.47742860958908395,0.007091698407679755,0.007091698407679758,9.601205503680532,9.601205503680532,0.04972590258651022,0.0007386258324500209,0.0007386258324500212,0.0008877091032897527,5.1350417800085796e-05,5.135041780008581e-05,0.031050303910143236,0.031050303910143236,0.02858938533608889,0.001653781487894265,0.0016537814878942654,False,1e-24,False
HGNN,real,,174,restart,20.52180277031154,5.183745418387858,5.183745418387859,49.073364643224366,49.073364643224366,0.41818617735935126,0.10563256577320475,0.10563256577320476,0.03815730932170544,0.03753508365714436,0.037535083657144364,0.1587032884028242,0.1587032884028242,0.24043174974959383,0.23651106435722982,0.23651106435722985,False,1e-24,False
HGNN,real,,175,base,0.4764206654796403,0.00700129900385455,0.007001299003854551,9.587067474219,9.587067474219,0.04969409746627985,0.0007302857753616577,0.0007302857753616578,0.0008858349777271257,5.0695842987615485e-05,5.069584298761549e-05,0.031004581515043695,0.031004581515043695,0.028571099316315903,0.001635108119844076,0.0016351081198440762,False,1e-24,False
HGNN,real,,175,restart,20.52180277027716,5.183745418383478,5.18374541838348,49.07336464274734,49.07336464274734,0.4181861773627156,0.10563256577414232,0.10563256577414235,0.03815730932164151,0.037535083657112646,0.03753508365711266,0.1587032884012815,0.1587032884012815,0.24043174975152815,0.23651106435932903,0.2365110643593291,False,1e-24,False
HGNN,real,,176,base,0.4754257200143657,0.006912228303263701,0.006912228303263703,9.573109576095193,9.573109576095193,0.049662621767282505,0.0007220462952313926,0.0007220462952313927,0.0008839850212539238,5.005088920840043e-05,5.0050889208400444e-05,0.030959441664790012,0.030959441664790012,0.02855300269382037,0.0016166599433646443,0.0016166599433646445,False,1e-24,False
HGNN,real,,176,restart,20.521802770246556,5.183745418379587,5.183745418379589,49.07336464232197,49.07336464232197,0.4181861773657169,0.10563256577497865,0.10563256577497868,0.038157309321584613,0.03753508365708447,0.03753508365708448,0.15870328839990583,0.15870328839990583,0.2404317497532537,0.23651106436120156,0.23651106436120165,False,1e-24,False
HGNN,real,,177,base,0.47444356991356823,0.006824461666720087,0.006824461666720087,9.559329164298752,9.559329164298752,0.049631471179533565,0.000713905918441162,0.000713905918441162,0.0008821588559011073,4.9415378052068356e-05,4.9415378052068356e-05,0.030914875805417207,0.030914875805417207,0.028535092990621905,0.001598433659028619,0.001598433659028619,False,1e-24,False
HGNN,real,,177,restart,20.5218027702193,5.183745418376131,5.183745418376132,49.07336464194264,49.07336464194264,0.41818617736839403,0.10563256577572476,0.10563256577572479,0.03815730932153393,0.037535083657059445,0.03753508365705945,0.1587032883986791,0.1587032883986791,0.2404317497547929,0.23651106436287211,0.23651106436287217,False,1e-24,False
HGNN,real,,178,base,0.4734740160662158,0.006737975057570344,0.006737975057570344,9.545723642794044,9.545723642794044,0.04960064147924876,0.0007058632021739664,0.0007058632021739664,0.000880356111450654,4.878913547114548e-05,4.878913547114548e-05,0.030870875541344614,0.030870875541344614,0.028517367778300117,0.0015804260363721583,0.0015804260363721583,False,1e-24,False
HGNN,real,,178,restart,20.521802770195038,5.183745418373062,5.183745418373063,49.073364641604336,49.073364641604336,0.4181861773707825,0.10563256577639041,0.10563256577639045,0.03815730932148882,0.03753508365703722,0.037535083657037234,0.15870328839758502,0.15870328839758502,0.24043174975616613,0.2365110643643625,0.2365110643643626,False,1e-24,False
HGNN,real,,179,base,0.4725168634168556,0.0066527450230757625,0.006652745023075763,9.532290463324498,9.532290463324498,0.04957012852628284,0.0006979167335145953,0.0006979167335145954,0.0008785764252253014,4.817199164623706e-05,4.8171991646237066e-05,0.030827432631509073,0.030827432631509073,0.028499824676521988,0.0015626339118814554,0.0015626339118814557,False,1e-24,False
HGNN,real,,179,restart,20.521802770173434,5.183745418370335,5.183745418370335,49.07336464130264,49.07336464130264,0.41818617737291325,0.10563256577698425,0.10563256577698428,0.03815730932144865,0.03753508365701747,0.03753508365701747,0.15870328839660933,0.15870328839660933,0.24043174975739118,0.2365110643656921,0.2365110643656922,False,1e-24,False
HGNN,real,,180,base,0.47157192085632393,0.006568748676468765,0.0065687486764687665,9.519027124253846,9.519027124253846,0.04953992826165924,0.0006900651285814736,0.0006900651285814738,0.000876819441885338,4.756378085609978e-05,4.75637808560998e-05,0.030784538985617508,0.030784538985617508,0.02848246135162157,0.001545054187048944,0.0015450541870489446,False,1e-24,False
HGNN,real,,180,restart,20.521802770154185,5.183745418367913,5.183745418367913,49.07336464103356,49.07336464103356,0.41818617737481395,0.10563256577751412,0.10563256577751412,0.03815730932141286,0.03753508365699994,0.03753508365699994,0.1587032883957391,0.1587032883957391,0.24043174975848394,0.2365110643668785,0.2365110643668785,False,1e-24,False
HGNN,real,,181,base,0.47063900111610085,0.006485963679657514,0.006485963679657517,9.505931169442878,9.505931169442878,0.04951003670518729,0.000682307031688474,0.0006823070316884742,0.0008750848132321714,4.696434135240728e-05,4.69643413524073e-05,0.030742186660514353,0.030742186660514353,0.028465275515230058,0.001527683826496599,0.0015276838264965994,False,1e-24,False
HGNN,real,,181,restart,20.521802770137043,5.183745418365758,5.183745418365759,49.07336464079357,49.07336464079357,0.41818617737650976,0.10563256577798678,0.10563256577798681,0.03815730932138099,0.03753508365698433,0.03753508365698434,0.158703288394963,0.158703288394963,0.24043174975945894,0.23651106436793679,0.23651106436793684,False,1e-24,False
HGNN,real,,182,base,0.4697179206661699,0.00640436822655244,0.00640436822655244,9.493000187160536,9.493000187160536,0.049480449953163634,0.0006746411145355785,0.0006746411145355785,0.0008733721980184127,4.637351523901877e-05,4.637351523901877e-05,0.030700367856660037,0.030700367856660037,0.02844826492295421,0.0015105198561638292,0.0015105198561638292,False,1e-24,False
HGNN,real,,182,restart,20.52180277012178,5.183745418363848,5.183745418363848,49.07336464057953,49.07336464057953,0.41818617737802277,0.10563256577840861,0.10563256577840861,0.03815730932135261,0.0375350836569705,0.0375350836569705,0.15870328839427078,0.15870328839427078,0.24043174976032883,0.23651106436888125,0.23651106436888125,False,1e-24,False
HGNN,real,,183,base,0.46880849961624876,0.006323941026989627,0.006323941026989627,9.480231809027996,9.480231809027996,0.04945116417615483,0.0006670660754273284,0.0006670660754273284,0.0008716812617642298,4.579114835556969e-05,4.579114835556969e-05,0.030659074914716134,0.030659074914716134,0.0284314273731015,0.0014935593615575877,0.0014935593615575877,False,1e-24,False
HGNN,real,,183,restart,20.521802770108184,5.183745418362147,5.183745418362148,49.073364640388604,49.073364640388604,0.4181861773793727,0.10563256577878491,0.10563256577878492,0.03815730932132733,0.037535083656958186,0.03753508365695819,0.15870328839365333,0.15870328839365333,0.24043174976110496,0.23651106436972377,0.23651106436972383,False,1e-24,False
HGNN,real,,184,base,0.46791056162026196,0.0062446612912271954,0.006244661291227196,9.467623708994651,9.467623708994651,0.04942217561685799,0.0006595806385180367,0.0006595806385180368,0.000870011676579728,4.521709016521113e-05,4.521709016521114e-05,0.030618300312233684,0.030618300312233684,0.028414760705450095,0.0014767994860624065,0.0014767994860624067,False,1e-24,False
HGNN,real,,184,restart,20.521802770096073,5.183745418360636,5.183745418360637,49.073364640218294,49.073364640218294,0.41818617738057723,0.10563256577912072,0.10563256577912074,0.03815730932130481,0.03753508365694724,0.03753508365694725,0.15870328839310255,0.15870328839310255,0.2404317497617975,0.23651106437047567,0.2365110643704757,False,1e-24,False
HGNN,real,,185,base,0.4670239337839326,0.0061665087149916815,0.006166508714991683,9.455173602344802,9.455173602344802,0.04939348058803644,0.0006521835530827737,0.0006521835530827739,0.0008683631209931303,4.4651193646332e-05,4.465119364633201e-05,0.030578036660440865,0.030578036660440865,0.02839826280006201,0.001460237429308132,0.0014602374293081327,False,1e-24,False
HGNN,real,,185,restart,20.52180277008529,5.183745418359294,5.183745418359295,49.07336464006638,49.07336464006638,0.41818617738165204,0.10563256577942037,0.1056325657794204,0.03815730932128476,0.03753508365693753,0.037535083656937536,0.15870328839261125,0.15870328839261125,0.24043174976241544,0.23651106437114658,0.23651106437114663,False,1e-24,False
HGNN,real,,186,base,0.4661484465753759,0.006089463465052639,0.006089463465052639,9.442879244734016,9.442879244734016,0.04936507547052787,0.0006448735928131807,0.0006448735928131807,0.0008667352797845391,4.409331518810575e-05,4.409331518810575e-05,0.03053827670112653,0.03053827670112653,0.028381931576137887,0.0014438704455932573,0.0014438704455932573,False,1e-24,False
HGNN,real,,186,restart,20.52180277007567,5.1837454183581,5.1837454183581,49.07336463993087,49.07336463993087,0.41818617738261077,0.10563256577968774,0.10563256577968774,0.038157309321266875,0.03753508365692888,0.03753508365692888,0.15870328839217301,0.15870328839217301,0.24043174976296666,0.23651106437174524,0.23651106437174524,False,1e-24,False
HGNN,real,,187,base,0.46528393373858157,0.006013506165304475,0.006013506165304475,9.430738431254037,9.430738431254037,0.04933695671132204,0.0006376495551372045,0.0006376495551372045,0.0008651278438250692,4.354331448971019e-05,4.354331448971019e-05,0.030499013303616165,0.030499013303616165,0.028365764990911813,0.0014276958423618052,0.0014276958423618052,False,1e-24,False
HGNN,real,,187,restart,20.52180277006711,5.183745418357039,5.183745418357041,49.07336463980998,49.07336463980998,0.4181861773834666,0.10563256577992634,0.10563256577992637,0.038157309321250964,0.0375350836569212,0.03753508365692121,0.15870328839178205,0.15870328839178205,0.24043174976345869,0.23651106437227945,0.2365110643722795,False,1e-24,False
HGNN,real,,188,base,0.4644302322096772,0.0059386178833355525,0.005938617883335553,9.418748995525332,9.418748995525332,0.04930912082170564,0.0006305102605618726,0.0006305102605618727,0.0008635405099211521,4.3001054463075336e-05,4.300105446307534e-05,0.030460239461837162,0.030460239461837162,0.028349761038584723,0.0014117109787318064,0.0014117109787318066,False,1e-24,False
HGNN,real,,188,restart,20.521802770059484,5.183745418356096,5.1837454183560965,49.073364639702135,49.073364639702135,0.41818617738423014,0.10563256578013926,0.10563256578013928,0.03815730932123678,0.03753508365691437,0.037535083656914374,0.1587032883914333,0.1587032883914333,0.2404317497638977,0.23651106437275615,0.23651106437275624,False,1e-24,False
HGNN,real,,189,base,0.46358718203586746,0.005864780117465378,0.0058647801174653786,9.406908808816233,9.406908808816233,0.04928156437547154,0.0006234545520382698,0.0006234545520382699,0.0008619729806638144,4.246640113902078e-05,4.246640113902078e-05,0.030421948291470127,0.030421948291470127,0.028333917749294817,0.0013959132640734828,0.001395913264073483,False,1e-24,False
HGNN,real,,189,restart,20.52180277005268,5.183745418355257,5.183745418355259,49.073364639605934,49.073364639605934,0.4181861773849113,0.10563256578032926,0.10563256578032929,0.03815730932122413,0.037535083656908295,0.03753508365690831,0.1587032883911222,0.1587032883911222,0.24043174976428933,0.23651106437318156,0.23651106437318165,False,1e-24,False
HGNN,real,,190,base,0.4627546262969517,0.005791974784231571,0.005791974784231573,9.395215779187787,9.395215779187787,0.04925428400719038,0.0006164812943479075,0.0006164812943479078,0.0008604249642827522,4.193922357664984e-05,4.1939223576649855e-05,0.030384133027183322,0.030384133027183322,0.028318233188123834,0.0013803001566353298,0.0013803001566353305,False,1e-24,False
HGNN,real,,190,restart,20.521802770046634,5.183745418354515,5.183745418354515,49.073364639520086,49.073364639520086,0.4181861773855196,0.1056325657804989,0.1056325657804989,0.03815730932121288,0.037535083656902925,0.037535083656902925,0.15870328839084455,0.15870328839084455,0.24043174976463905,0.2365110643735614,0.2365110643735614,False,1e-24,False
HGNN,real,,191,base,0.46193241102932325,0.0057201842063090815,0.005720184206309082,9.383667850663409,9.383667850663409,0.0492272764105419,0.0006095893735097065,0.0006095893735097066,0.0008588961745050181,4.141939377587359e-05,4.1419393775873594e-05,0.03034678701994735,0.03034678701994735,0.02830270545413767,0.0013648691622163514,0.0013648691622163516,False,1e-24,False
HGNN,real,,191,restart,20.52180277004123,5.18374541835385,5.183745418353851,49.073364639443504,49.073364639443504,0.4181861773860621,0.10563256578065022,0.10563256578065024,0.038157309321202836,0.03753508365689811,0.037535083656898116,0.15870328839059689,0.15870328839059689,0.24043174976495096,0.2365110643739002,0.23651106437390024,False,1e-24,False
HGNN,real,,192,base,0.4611203851523607,0.005649391100844863,0.005649391100844864,9.3722630024225,9.3722630024225,0.049200538336704,0.0006027776962068429,0.000602777696206843,0.0008573863304181568,4.090678659294313e-05,4.0906786592943136e-05,0.03030990373442726,0.03030990373442726,0.028287332679460195,0.0013496178328827708,0.001349617832882771,False,1e-24,False
HGNN,real,,192,restart,20.521802770036423,5.183745418353263,5.183745418353263,49.073364639375185,49.073364639375185,0.41818617738654634,0.10563256578078531,0.10563256578078531,0.0381573093211939,0.03753508365689386,0.03753508365689386,0.15870328839037592,0.15870328839037592,0.24043174976522938,0.23651106437420266,0.23651106437420266,False,1e-24,False
HGNN,real,,193,base,0.46031840039712146,0.005579578568191944,0.005579578568191944,9.360999248017178,9.360999248017178,0.04917406659279722,0.0005960451892327408,0.0005960451892327408,0.0008558951563376211,4.040127965887394e-05,4.040127965887394e-05,0.030273476746449514,0.030273476746449514,0.0282721130283789,0.0013345437657276088,0.0013345437657276088,False,1e-24,False
HGNN,real,,193,restart,20.52180277003214,5.183745418352738,5.18374541835274,49.07336463931422,49.07336463931422,0.41818617738697855,0.10563256578090584,0.10563256578090588,0.03815730932118593,0.03753508365689006,0.037535083656890074,0.15870328839017878,0.15870328839017878,0.24043174976547788,0.23651106437447253,0.23651106437447264,False,1e-24,False
HGNN,real,,194,base,0.4595263112372551,0.0055107300810274765,0.005510730081027478,9.349874634611359,9.349874634611359,0.049147858040382804,0.0005893907989555133,0.0005893907989555134,0.0008544223816783151,3.990275330065054e-05,3.9902753300650555e-05,0.030237499740541126,0.030237499740541126,0.02825704469648139,0.001319644601671568,0.0013196446016715683,False,1e-24,False
HGNN,real,,194,restart,20.521802770028316,5.183745418352272,5.183745418352274,49.07336463925982,49.07336463925982,0.41818617738736424,0.10563256578101345,0.10563256578101349,0.03815730932117883,0.03753508365688668,0.037535083656886695,0.15870328839000286,0.15870328839000286,0.24043174976569961,0.23651106437471348,0.23651106437471356,False,1e-24,False
HGNN,real,,195,base,0.45874397482205526,0.005442829473840066,0.005442829473840068,9.338887242241404,9.338887242241404,0.0491219095940121,0.0005828134908001893,0.0005828134908001894,0.0008529677408301143,3.9411090465105085e-05,3.94110904651051e-05,0.030201966507538633,0.030201966507538633,0.028242125909821374,0.0013049180243037413,0.0013049180243037415,False,1e-24,False
HGNN,real,,195,restart,20.52180277002492,5.183745418351858,5.18374541835186,49.073364639211285,49.073364639211285,0.41818617738770864,0.1056325657811095,0.10563256578110952,0.03815730932117251,0.03753508365688368,0.0375350836568837,0.15870328838984588,0.15870328838984588,0.24043174976589762,0.23651106437492853,0.23651106437492858,False,1e-24,False
HGNN,real,,196,base,0.4579712509115727,0.005375860932772228,0.00537586093277223,9.328035183097622,9.328035183097622,0.049096218219825696,0.0005763122487480832,0.0005763122487480833,0.0008515309730372176,3.8926176645367394e-05,3.892617664536741e-05,0.030166870942264452,0.030166870942264452,0.02822735492411325,0.0012903617587606993,0.0012903617587606995,False,1e-24,False
HGNN,real,,196,restart,20.521802770021882,5.183745418351491,5.183745418351492,49.07336463916798,49.07336463916798,0.4181861773880158,0.10563256578119523,0.10563256578119525,0.038157309321166864,0.03753508365688103,0.03753508365688103,0.15870328838970582,0.15870328838970582,0.2404317497660742,0.23651106437512048,0.2365110643751205,False,1e-24,False
HGNN,real,,197,base,0.45720800181371574,0.005309808985804466,0.005309808985804466,9.317316600825915,9.317316600825915,0.04907078093420024,0.0005698860748526876,0.0005698860748526876,0.0008501118222811947,3.844789980978868e-05,3.844789980978868e-05,0.030132207041268396,0.030132207041268396,0.028212730023954122,0.0012759735706425785,0.0012759735706425785,False,1e-24,False
HGNN,real,,197,restart,20.521802770019175,5.1837454183511635,5.183745418351165,49.07336463912932,49.07336463912932,0.41818617738829006,0.10563256578127175,0.1056325657812718,0.03815730932116183,0.03753508365687866,0.037535083656878666,0.1587032883895808,0.1587032883895808,0.2404317497662319,0.23651106437529182,0.2365110643752919,False,1e-24,False
HGNN,real,,198,base,0.45645409232326606,0.005244658493267978,0.005244658493267979,9.306729669848878,9.306729669848878,0.04904559480244127,0.0005635339887714973,0.0005635339887714974,0.0008487100371675948,3.797615033324479e-05,3.79761503332448e-05,0.030097968900632127,0.030097968900632127,0.02819824952207223,0.001261751264964833,0.0012617512649648333,False,1e-24,False
HGNN,real,,198,restart,20.52180277001677,5.183745418350872,5.183745418350872,49.07336463909483,49.07336463909483,0.41818617738853503,0.10563256578134007,0.10563256578134007,0.03815730932115736,0.03753508365687655,0.03753508365687655,0.15870328838946926,0.15870328838946926,0.24043174976637274,0.23651106437544478,0.23651106437544478,False,1e-24,False
HGNN,real,,199,base,0.4557093896627416,0.00518039463867361,0.005180394638673613,9.296272594705732,9.296272594705732,0.04902065693752033,0.0005572550273131909,0.0005572550273131912,0.0008473253708159896,3.751082093072943e-05,3.751082093072945e-05,0.0300641507138345,0.0300641507138345,0.028183911758600893,0.001247692685144378,0.0012476926851443786,False,1e-24,False
HGNN,real,,199,restart,20.521802770014624,5.183745418350613,5.183745418350614,49.07336463906405,49.07336463906405,0.41818617738875347,0.10563256578140104,0.10563256578140105,0.03815730932115337,0.03753508365687467,0.037535083656874677,0.15870328838936973,0.15870328838936973,0.24043174976649834,0.23651106437558128,0.2365110643755813,False,1e-24,False
HGNN,real,,200,base,0.4549737634250417,0.005117002919845111,0.005117002919845111,9.285943609410422,9.285943609410422,0.04899596449885491,0.0005510482439996205,0.0005510482439996205,0.0008459575807533307,3.7051806593150745e-05,3.7051806593150745e-05,0.03003074676967563,0.03003074676967563,0.02816971510037704,0.0012337957120188837,0.0012337957120188837,False,1e-24,False
HGNN,real,,200,restart,20.5218027700127,5.183745418350382,5.183745418350385,49.07336463903658,49.07336463903658,0.4181861773889485,0.10563256578145547,0.10563256578145552,0.038157309321149795,0.037535083656873,0.03753508365687302,0.15870328838928088,0.15870328838928088,0.24043174976661044,0.23651106437570316,0.2365110643757033,False,1e-24,False
HGNN,real,,201,base,0.4542470855178102,0.005054469140345267,0.00505446914034527,9.275740976827338,9.275740976827338,0.04897151469112932,0.0005449127086420746,0.0005449127086420749,0.0008446064288105006,3.6599004525248645e-05,3.6599004525248665e-05,0.029997751450257994,0.029997751450257994,0.02815565794026327,0.0012200582628980304,0.001220058262898031,False,1e-24,False
HGNN,real,,201,restart,20.521802770010993,5.183745418350177,5.183745418350178,49.07336463901208,49.07336463901208,0.41818617738912245,0.10563256578150404,0.10563256578150405,0.03815730932114662,0.03753508365687151,0.03753508365687152,0.15870328838920164,0.15870328838920164,0.24043174976671047,0.2365110643758119,0.23651106437581193,False,1e-24,False
HGNN,real,,202,base,0.45352923010945617,0.004992779401183996,0.0049927794011839985,9.26566298806398,9.26566298806398,0.04894730476315534,0.0005388475069313109,0.0005388475069313111,0.0008432716810219461,3.615231408555381e-05,3.615231408555383e-05,0.029965159229022306,0.029965159229022306,0.028141738696492828,0.0012064782906455918,0.0012064782906455922,False,1e-24,False
HGNN,real,,202,restart,20.52180277000948,5.183745418349995,5.1837454183499965,49.07336463899019,49.07336463899019,0.41818617738927805,0.10563256578154742,0.10563256578154745,0.0381573093211438,0.037535083656870194,0.03753508365687021,0.15870328838913086,0.15870328838913086,0.24043174976679993,0.23651106437590905,0.2365110643759091,False,1e-24,False
HGNN,real,,203,base,0.45282007357677434,0.004931920092797875,0.0049319200927978755,9.255707961880146,9.255707961880146,0.048923332006770806,0.0005328517400408596,0.0005328517400408597,0.0008419531075282863,3.5711636728312095e-05,3.57116367283121e-05,0.02993296466883682,0.02993296466883682,0.028127955812036313,0.001193053782791233,0.0011930537827912332,False,1e-24,False
HGNN,real,,203,restart,20.521802770008115,5.183745418349831,5.183745418349833,49.073364638970666,49.073364638970666,0.41818617738941666,0.10563256578158613,0.10563256578158617,0.03815730932114127,0.03753508365686901,0.03753508365686902,0.15870328838906772,0.15870328838906772,0.24043174976687962,0.2365110643759957,0.23651106437599578,False,1e-24,False
HGNN,real,,204,base,0.4521194944541108,0.004871877887291045,0.0048718778872910455,9.245874244112965,9.245874244112965,0.048899593755775385,0.0005269245242431312,0.0005269245242431313,0.0008406504824817931,3.5276875947301515e-05,3.527687594730152e-05,0.02990116242013789,0.02990116242013789,0.02811430775398986,0.0011797827606709757,0.001179782760670976,False,1e-24,False
HGNN,real,,204,restart,20.52180277000691,5.183745418349689,5.183745418349689,49.073364638953244,49.073364638953244,0.4181861773895406,0.10563256578162072,0.10563256578162074,0.038157309321139025,0.03753508365686798,0.03753508365686798,0.15870328838901138,0.15870328838901138,0.2404317497669509,0.23651106437607317,0.2365110643760732,False,1e-24,False
HGNN,real,,205,base,0.45142737338401423,0.004812639730927797,0.004812639730927799,9.236160207117356,9.236160207117356,0.04887608738490111,0.0005210649905378635,0.0005210649905378638,0.0008393635839546348,3.484793722147169e-05,3.48479372214717e-05,0.029869747219120436,0.029869747219120436,0.02810079301298323,0.0011666632785952932,0.0011666632785952936,False,1e-24,False
HGNN,real,,205,restart,20.52180277000583,5.1837454183495595,5.18374541834956,49.0733646389377,49.0733646389377,0.4181861773896511,0.10563256578165155,0.10563256578165156,0.03815730932113702,0.037535083656867044,0.03753508365686705,0.15870328838896108,0.15870328838896108,0.2404317497670144,0.23651106437614217,0.23651106437614222,False,1e-24,False
HGNN,real,,206,base,0.45074359306933137,0.004754192836867625,0.004754192836867625,9.226564249221374,9.226564249221374,0.048852810308817766,0.0005152722842924796,0.0005152722842924796,0.0008380921938498048,3.4424727962338915e-05,3.4424727962338915e-05,0.029838713885976493,0.029838713885976493,0.02808741010260797,0.0011536934230438713,0.0011536934230438713,False,1e-24,False
HGNN,real,,206,restart,20.52180277000487,5.183745418349446,5.183745418349447,49.07336463892381,49.07336463892381,0.41818617738974984,0.10563256578167914,0.10563256578167915,0.03815730932113524,0.03753508365686622,0.037535083656866225,0.1587032883889162,0.1587032883889162,0.24043174976707118,0.23651106437620395,0.23651106437620398,False,1e-24,False
HGNN,real,,207,base,0.45006803822668506,0.004696524678133771,0.004696524678133772,9.217084794195948,9.217084794195948,0.04882975998117057,0.0005095455648939239,0.000509545564893924,0.0008368360978146201,3.400715746307203e-05,3.4007157463072036e-05,0.029808057323180374,0.029808057323180374,0.02807415755886415,0.0011408713118860716,0.001140871311886072,False,1e-24,False
HGNN,real,,207,restart,20.52180277000401,5.183745418349344,5.183745418349345,49.07336463891142,49.07336463891142,0.41818617738983793,0.10563256578170373,0.10563256578170375,0.038157309321133634,0.037535083656865476,0.03753508365686549,0.15870328838887612,0.15870328838887612,0.24043174976712184,0.23651106437625902,0.23651106437625907,False,1e-24,False
HGNN,real,,208,base,0.4494005955412979,0.004639622980806807,0.004639622980806807,9.207720290738603,9.207720290738603,0.04880693389364991,0.0005038840054115758,0.0005038840054115758,0.0008355950851567229,3.35951368492076e-05,3.35951368492076e-05,0.02977777251381902,0.02977777251381902,0.028061033939625498,0.0011281950936261951,0.0011281950936261951,False,1e-24,False
HGNN,real,,208,restart,20.521802770003248,5.183745418349254,5.183745418349255,49.07336463890035,49.07336463890035,0.41818617738991676,0.10563256578172572,0.10563256578172574,0.03815730932113222,0.03753508365686483,0.03753508365686484,0.15870328838884032,0.15870328838884032,0.24043174976716716,0.23651106437630826,0.23651106437630828,False,1e-24,False
HGNN,real,,209,base,0.4487411536231073,0.004583475717434977,0.004583475717434977,9.198469211970657,9.198469211970657,0.048784329575091344,0.000498286792270844,0.000498286792270844,0.0008343689487624827,3.31885790309348e-05,3.31885790309348e-05,0.02974785451996593,0.02974785451996593,0.02804803782412199,0.00111566294667266,0.00111566294667266,False,1e-24,False
HGNN,real,,209,restart,20.521802770002566,5.183745418349172,5.183745418349173,49.073364638890475,49.073364638890475,0.4181861773899869,0.1056325657817453,0.10563256578174533,0.03815730932113095,0.03753508365686424,0.03753508365686425,0.15870328838880837,0.15870328838880837,0.2404317497672075,0.2365110643763521,0.23651106437635216,False,1e-24,False
HGNN,real,,210,base,0.44808960296413325,0.00452807110065349,0.004528071100653491,9.189330054947497,9.189330054947497,0.04876194459060523,0.0004927531249370671,0.0004927531249370672,0.0008331574850177283,3.2787398656893226e-05,3.278739865689323e-05,0.029718298481097388,0.029718298481097388,0.0280351678124394,0.0011032730786302576,0.0011032730786302578,False,1e-24,False
HGNN,real,,210,restart,20.521802770001962,5.1837454183491,5.183745418349101,49.07336463888167,49.07336463888167,0.41818617739004976,0.1056325657817628,0.10563256578176282,0.038157309321129824,0.03753508365686372,0.03753508365686372,0.1587032883887799,0.1587032883887799,0.24043174976724363,0.23651106437639127,0.23651106437639133,False,1e-24,False
HGNN,real,,211,base,0.44744583589705333,0.00447339757700517,0.00447339757700517,9.180301340181538,9.180301340181538,0.04873977654073447,0.00048728221560935276,0.00048728221560935276,0.0008319604937307234,3.239151206942868e-05,3.239151206942868e-05,0.029689099612549726,0.029689099612549726,0.02802242252503507,0.0010910237256146571,0.0010910237256146571,False,1e-24,False
HGNN,real,,211,restart,20.52180277000142,5.183745418349037,5.183745418349038,49.0733646388738,49.0733646388738,0.4181861773901057,0.10563256578177846,0.10563256578177847,0.03815730932112881,0.03753508365686326,0.03753508365686327,0.15870328838875444,0.15870328838875444,0.2404317497672758,0.23651106437642633,0.23651106437642636,False,1e-24,False
HGNN,real,,212,base,0.4468097465549456,0.0044194438209552165,0.004419443820955217,9.1713816111774,9.1713816111774,0.04871782306063974,0.0004818732889240075,0.00048187328892400756,0.000830777778057315,3.2000837261254554e-05,3.200083726125456e-05,0.02966025320401609,0.02966025320401609,0.028009800602269472,0.0010789131515883872,0.0010789131515883874,False,1e-24,False
HGNN,real,,212,restart,20.52180277000093,5.183745418348981,5.183745418348982,49.07336463886677,49.07336463886677,0.4181861773901557,0.10563256578179243,0.10563256578179246,0.03815730932112791,0.03753508365686285,0.03753508365686286,0.1587032883887317,0.1587032883887317,0.24043174976730453,0.23651106437645764,0.2365110643764577,False,1e-24,False
HGNN,real,,213,base,0.44618123083215966,0.004366198729093114,0.004366198729093115,9.162569433979003,9.162569433979003,0.048696081819311,0.0004765255816672177,0.0004765255816672178,0.0008296091444281781,3.161529383346834e-05,3.161529383346835e-05,0.02963175461808171,0.02963175461808171,0.02799730070395288,0.001066939647717528,0.0010669396477175283,False,1e-24,False
HGNN,real,,213,restart,20.5218027700005,5.1837454183489315,5.1837454183489315,49.07336463886051,49.07336463886051,0.41818617739020025,0.10563256578180491,0.10563256578180491,0.03815730932112711,0.03753508365686249,0.03753508365686249,0.15870328838871148,0.15870328838871148,0.24043174976733014,0.23651106437648556,0.23651106437648556,False,1e-24,False
HGNN,real,,214,base,0.44556018634627664,0.004313651414514985,0.004313651414514986,9.153863396728141,9.153863396728141,0.04867455051880421,0.00047123834249665665,0.0004712383424966567,0.0008284544024780868,3.123480295487466e-05,3.123480295487467e-05,0.029603599288796377,0.029603599288796377,0.0279849215089065,0.0010551015317483918,0.0010551015317483918,False,1e-24,False
HGNN,real,,214,restart,20.521802770000114,5.1837454183488845,5.183745418348886,49.073364638854905,49.073364638854905,0.4181861773902401,0.10563256578181601,0.10563256578181605,0.03815730932112639,0.03753508365686215,0.037535083656862166,0.15870328838869335,0.15870328838869335,0.24043174976735307,0.23651106437651043,0.2365110643765105,False,1e-24,False
HGNN,real,,215,base,0.44494651240112637,0.004261791201379949,0.00426179120137995,9.145262109234219,9.145262109234219,0.04865322689350279,0.0004660108316717028,0.00046601083167170285,0.0008273133649771493,3.085928732256834e-05,3.085928732256835e-05,0.02957578272028293,0.02957578272028293,0.02797266171453788,0.0010433971474034798,0.00104339714740348,False,1e-24,False
HGNN,real,,215,restart,20.521802769999773,5.183745418348844,5.183745418348845,49.0733646388499,49.0733646388499,0.41818617739027575,0.10563256578182595,0.10563256578182598,0.03815730932112576,0.03753508365686186,0.037535083656861874,0.15870328838867717,0.15870328838867717,0.24043174976737355,0.23651106437653266,0.23651106437653271,False,1e-24,False
HGNN,real,,216,base,0.4443401099508191,0.004210607619634333,0.004210607619634333,9.136764202554774,9.136764202554774,0.04863210870940228,0.00046084232079196975,0.00046084232079196975,0.0008261858477639301,3.0488671123732817e-05,3.0488671123732817e-05,0.029548300485380694,0.029548300485380694,0.027960520036429622,0.001031824863796054,0.001031824863796054,False,1e-24,False
HGNN,real,,216,restart,20.52180276999946,5.183745418348809,5.183745418348809,49.07336463884544,49.07336463884544,0.4181861773903075,0.10563256578183486,0.10563256578183486,0.038157309321125175,0.03753508365686161,0.03753508365686161,0.15870328838866274,0.15870328838866274,0.24043174976739182,0.23651106437655262,0.23651106437655262,False,1e-24,False
HGNN,real,,217,base,0.44374088156476527,0.004160090399897752,0.004160090399897754,9.128368328586491,9.128368328586491,0.04861119376341791,0.0004557320925438526,0.0004557320925438527,0.0008250716696804101,3.012287999861066e-05,3.012287999861067e-05,0.029521148224322797,0.029521148224322797,0.027948495207941283,0.0010203830748626533,0.0010203830748626535,False,1e-24,False
HGNN,real,,217,restart,20.521802769999198,5.183745418348777,5.183745418348778,49.073364638841454,49.073364638841454,0.41818617739033603,0.10563256578184277,0.10563256578184278,0.03815730932112468,0.037535083656861375,0.03753508365686138,0.15870328838864986,0.15870328838864986,0.24043174976740822,0.23651106437657032,0.23651106437657035,False,1e-24,False
HGNN,real,,218,base,0.44314873139364797,0.004110229468505397,0.004110229468505396,9.120073159666344,9.120073159666344,0.04859047988271406,0.00045067944045481406,0.000450679440454814,0.0008239706525087164,2.9761841004605195e-05,2.976184100460519e-05,0.02949432164344628,0.02949432164344628,0.027936585979823847,0.0010090701988129417,0.0010090701988129415,False,1e-24,False
HGNN,real,,218,restart,20.52180276999895,5.1837454183487495,5.18374541834875,49.0733646388379,49.0733646388379,0.4181861773903613,0.10563256578184986,0.10563256578184987,0.038157309321124225,0.03753508365686117,0.03753508365686118,0.15870328838863837,0.15870328838863837,0.24043174976742274,0.2365110643765862,0.23651106437658623,False,1e-24,False
HGNN,real,,219,base,0.4425635651363153,0.0040610149427009945,0.0040610149427009945,9.11187738818259,9.11187738818259,0.04856996492405467,0.0004456836686551359,0.0004456836686551359,0.0008228826209095643,2.9405482581473098e-05,2.9405482581473098e-05,0.029467816513934042,0.029467816513934042,0.027924791119846255,0.0009978846775962693,0.0009978846775962693,False,1e-24,False
HGNN,real,,219,restart,20.521802769998732,5.183745418348724,5.183745418348724,49.073364638834725,49.073364638834725,0.41818617739038394,0.10563256578185617,0.10563256578185617,0.03815730932112382,0.03753508365686099,0.03753508365686099,0.15870328838862807,0.15870328838862807,0.24043174976743575,0.23651106437660033,0.23651106437660033,False,1e-24,False
HGNN,real,,220,base,0.44198529000756553,0.00401243712597523,0.004012437125975231,9.103779726195304,9.103779726195304,0.04854964677317409,0.0004407440916468799,0.00044074409164687994,0.0008218074023623577,2.9053734517570286e-05,2.9053734517570293e-05,0.02944162867058766,0.02944162867058766,0.027913109412433683,0.0009868249763843777,0.000986824976384378,False,1e-24,False
HGNN,real,,220,restart,20.52180276999854,5.183745418348702,5.183745418348702,49.0733646388319,49.0733646388319,0.4181861773904041,0.10563256578186182,0.10563256578186182,0.03815730932112346,0.03753508365686083,0.03753508365686083,0.15870328838861894,0.15870328838861894,0.24043174976744733,0.23651106437661298,0.23651106437661298,False,1e-24,False
HGNN,real,,221,base,0.44141381470679414,0.003964486503544482,0.003964486503544483,9.09577890506616,9.09577890506616,0.048529523344167456,0.0004358600340798021,0.00043586003407980223,0.0008207448271068936,2.870652791711381e-05,2.8706527917113818e-05,0.029415754010630072,0.029415754010630072,0.02790153965831704,0.0009758895830696717,0.000975889583069672,False,1e-24,False
HGNN,real,,221,restart,20.521802769998374,5.183745418348682,5.183745418348683,49.07336463882937,49.07336463882937,0.41818617739042224,0.10563256578186686,0.10563256578186687,0.038157309321123156,0.03753508365686069,0.037535083656860695,0.15870328838861075,0.15870328838861075,0.24043174976745776,0.23651106437662425,0.2365110643766243,False,1e-24,False
HGNN,real,,222,base,0.4408490493874748,0.003917153737965049,0.00391715373796505,9.087873675097185,9.087873675097185,0.04850959257889997,0.0004310308305339817,0.00043103083053398186,0.0008196947280866157,2.8363795168424825e-05,2.8363795168424828e-05,0.029390188492537356,0.029390188492537356,0.02789008067419334,0.0009650770077785258,0.0009650770077785263,False,1e-24,False
HGNN,real,,222,restart,20.521802769998214,5.183745418348663,5.183745418348664,49.0733646388271,49.0733646388271,0.41818617739043834,0.10563256578187137,0.10563256578187138,0.03815730932112286,0.037535083656860556,0.037535083656860556,0.15870328838860343,0.15870328838860343,0.24043174976746703,0.23651106437663436,0.23651106437663438,False,1e-24,False
HGNN,real,,223,base,0.4402909056274493,0.0038704296648781693,0.0038704296648781698,9.080062805178237,9.080062805178237,0.048489852446434334,0.0004262558253089302,0.0004262558253089303,0.0008186569408933735,2.8025469913118597e-05,2.80254699131186e-05,0.029364928134898622,0.029364928134898622,0.027878731292396527,0.0009543857823991009,0.0009543857823991011,False,1e-24,False
HGNN,real,,223,restart,20.52180276999808,5.183745418348648,5.18374541834865,49.07336463882509,49.07336463882509,0.4181861773904527,0.10563256578187537,0.1056325657818754,0.03815730932112261,0.037535083656860445,0.03753508365686046,0.15870328838859693,0.15870328838859693,0.2404317497674753,0.23651106437664332,0.23651106437664338,False,1e-24,False
HGNN,real,,224,base,0.43973929639999854,0.003824305288881292,0.003824305288881292,9.072345082442892,9.072345082442892,0.048470300942475925,0.0004215343722189554,0.0004215343722189554,0.0008176313037136323,2.769148701620874e-05,2.769148701620874e-05,0.02933996901530319,0.02933996901530319,0.027867490360578458,0.0009438144601231638,0.0009438144601231638,False,1e-24,False
HGNN,real,,224,restart,20.521802769997954,5.183745418348634,5.183745418348635,49.07336463882328,49.07336463882328,0.4181861773904656,0.10563256578187898,0.10563256578187902,0.03815730932112237,0.03753508365686034,0.03753508365686035,0.15870328838859107,0.15870328838859107,0.24043174976748272,0.2365110643766514,0.23651106437665148,False,1e-24,False
HGNN,real,,225,base,0.4391941360456693,0.0037787717795213054,0.0037787717795213062,9.064719311932572,9.064719311932572,0.04845093608883455,0.00041686583439456574,0.00041686583439456585,0.0008166176572760901,2.7361782537094488e-05,2.7361782537094495e-05,0.029315307269254357,0.029315307269254357,0.027856356741399458,0.0009333616150014327,0.0009333616150014329,False,1e-24,False
HGNN,real,,225,restart,20.52180276999784,5.183745418348621,5.1837454183486225,49.073364638821666,49.073364638821666,0.41818617739047703,0.1056325657818822,0.10563256578188222,0.038157309321122164,0.037535083656860244,0.03753508365686026,0.15870328838858586,0.15870328838858586,0.24043174976748927,0.2365110643766586,0.23651106437665867,False,1e-24,False
HGNN,real,,226,base,0.43865534024483577,0.0037338204674055076,0.003733820467405509,9.057184316268591,9.057184316268591,0.048431755932902824,0.000412249584089703,0.00041224958408970315,0.0008156158448006587,2.7036293701400545e-05,2.7036293701400555e-05,0.0292909390891088,0.0292909390891088,0.027845329312228426,0.0009230258415119713,0.0009230258415119716,False,1e-24,False
HGNN,real,,226,restart,20.52180276999774,5.18374541834861,5.183745418348611,49.07336463882022,49.07336463882022,0.41818617739048736,0.10563256578188508,0.1056325657818851,0.03815730932112198,0.03753508365686017,0.037535083656860174,0.1587032883885812,0.1587032883885812,0.2404317497674952,0.23651106437666505,0.23651106437666508,False,1e-24,False
HGNN,real,,227,base,0.43812282599096836,0.0036894428404263334,0.0036894428404263342,9.049738935331948,9.049738935331948,0.04841275854715004,0.0004076850024946054,0.0004076850024946055,0.0008146257119487617,2.671495887364064e-05,2.6714958873640647e-05,0.029266860723041025,0.029266860723041025,0.02783440696485183,0.00091280575414119,0.0009128057541411903,False,1e-24,False
HGNN,real,,227,restart,20.521802769997656,5.183745418348601,5.183745418348602,49.073364638818944,49.073364638818944,0.4181861773904964,0.10563256578188764,0.10563256578188765,0.03815730932112182,0.037535083656860105,0.03753508365686011,0.15870328838857706,0.15870328838857706,0.24043174976750042,0.23651106437667077,0.2365110643766708,False,1e-24,False
HGNN,real,,228,base,0.43759651156459123,0.0036456305400959324,0.0036456305400959332,9.04238202595059,9.04238202595059,0.048393942028631384,0.0004031714795541037,0.00040317147955410375,0.0008136471067749121,2.639771753067651e-05,2.6397717530676515e-05,0.029243068474031977,0.029243068474031977,0.027823588605191536,0.000902699986977011,0.0009026999869770112,False,1e-24,False
HGNN,real,,228,restart,20.52180276999758,5.183745418348591,5.183745418348593,49.0733646388178,49.0733646388178,0.4181861773905047,0.10563256578188991,0.10563256578188995,0.03815730932112168,0.03753508365686003,0.03753508365686004,0.15870328838857334,0.15870328838857334,0.24043174976750517,0.23651106437667588,0.23651106437667596,False,1e-24,False
HGNN,real,,229,base,0.437076316507906,0.00360237535798694,0.003602375357986942,9.035112461593968,9.035112461593968,0.04837530449851172,0.0003987084137911673,0.00039870841379116746,0.0008126798796795286,2.6084510235945786e-05,2.60845102359458e-05,0.029219558698881255,0.029219558698881255,0.027812873153031024,0.0008927071933137887,0.000892707193313789,False,1e-24,False
HGNN,real,,229,restart,20.521802769997507,5.183745418348583,5.183745418348585,49.073364638816784,49.073364638816784,0.41818617739051184,0.10563256578189194,0.10563256578189198,0.03815730932112154,0.03753508365685997,0.03753508365685999,0.15870328838857006,0.15870328838857006,0.24043174976750928,0.2365110643766804,0.2365110643766805,False,1e-24,False
HGNN,real,,230,base,0.43656216160005734,0.0035596692322757916,0.003559669232275792,9.027929132074672,9.027929132074672,0.048356844101603264,0.0003942952121355165,0.00039429521213551653,0.0008117238833629459,2.5775278614432435e-05,2.577527861443244e-05,0.02919632780724214,0.02919632780724214,0.027802259541749565,0.0008828260452685725,0.0008828260452685726,False,1e-24,False
HGNN,real,,230,restart,20.52180276999745,5.183745418348576,5.183745418348577,49.07336463881586,49.07336463881586,0.41818617739051855,0.10563256578189378,0.1056325657818938,0.038157309321121435,0.037535083656859924,0.03753508365685993,0.15870328838856707,0.15870328838856707,0.24043174976751316,0.23651106437668454,0.23651106437668457,False,1e-24,False
HGNN,real,,231,base,0.4360539688330268,0.003517504244385177,0.0035175042443851777,9.020830943256886,9.020830943256886,0.04833855900591721,0.00038993128975712903,0.0003899312897571292,0.0008107789727805924,2.546996532835503e-05,2.5469965328355032e-05,0.02917337226067881,0.02917337226067881,0.027791746718064433,0.0008730552334083293,0.0008730552334083297,False,1e-24,False
HGNN,real,,231,restart,20.52180276999739,5.18374541834857,5.183745418348572,49.07336463881506,49.07336463881506,0.41818617739052416,0.10563256578189538,0.10563256578189542,0.038157309321121324,0.037535083656859876,0.03753508365685989,0.15870328838856448,0.15870328838856448,0.24043174976751638,0.23651106437668812,0.2365110643766882,False,1e-24,False
HGNN,real,,232,base,0.43555166138812973,0.0034758726157223057,0.003475872615722307,9.013816816771572,9.013816816771572,0.04832044740222809,0.0003856160699044736,0.00038561606990447373,0.00080984500509929,2.5168514053548786e-05,2.5168514053548792e-05,0.029150688571745197,0.029150688571745197,0.02778133364178046,0.0008633934663877476,0.0008633934663877478,False,1e-24,False
HGNN,real,,232,restart,20.52180276999734,5.183745418348564,5.183745418348566,49.073364638814326,49.073364638814326,0.41818617739052943,0.10563256578189684,0.10563256578189686,0.03815730932112123,0.037535083656859834,0.03753508365685985,0.15870328838856212,0.15870328838856212,0.2404317497675194,0.2365110643766914,0.23651106437669145,False,1e-24,False
HGNN,real,,233,base,0.4350551636131012,0.003434766704509784,0.0034347667045097853,9.006885689738061,9.006885689738061,0.04830250750365119,0.0003813489837473084,0.00038134898374730854,0.0008089218396546484,2.4870869456518207e-05,2.4870869456518217e-05,0.02912827330308463,0.02912827330308463,0.02777101928554705,0.0008538394705972643,0.0008538394705972646,False,1e-24,False
HGNN,real,,233,restart,20.521802769997294,5.183745418348559,5.183745418348561,49.073364638813665,49.073364638813665,0.4181861773905341,0.10563256578189816,0.10563256578189818,0.038157309321121144,0.0375350836568598,0.03753508365685981,0.15870328838856,0.15870328838856,0.24043174976752207,0.23651106437669434,0.2365110643766944,False,1e-24,False
HGNN,real,,234,base,0.43456440099974813,0.003394179002706027,0.0033941790027060274,9.000036514492008,9.000036514492008,0.04828473754523166,0.00037712947022388893,0.000377129470223889,0.0008080093379095127,2.457697717213804e-05,2.4576977172138043e-05,0.029106123066550034,0.029106123066550034,0.02776080263462194,0.0008443919898209637,0.0008443919898209638,False,1e-24,False
HGNN,real,,234,restart,20.521802769997258,5.183745418348556,5.183745418348557,49.07336463881308,49.07336463881308,0.4181861773905383,0.10563256578189933,0.10563256578189935,0.03815730932112108,0.03753508365685977,0.03753508365685978,0.1587032883885581,0.1587032883885581,0.24043174976752452,0.23651106437669697,0.236511064376697,False,1e-24,False
HGNN,real,,235,base,0.4340793001621553,0.0033541021330122404,0.003354102133012241,8.993268258319404,8.993268258319404,0.04826713578354582,0.0003729569758924361,0.00037295697589243617,0.0008071073634134403,2.4286783781981047e-05,2.4286783781981047e-05,0.029084234522343738,0.029084234522343738,0.027750682686642013,0.0008350497849040143,0.0008350497849040144,False,1e-24,False
HGNN,real,,235,restart,20.521802769997226,5.183745418348552,5.183745418348553,49.07336463881257,49.07336463881257,0.4181861773905421,0.10563256578190036,0.10563256578190039,0.03815730932112102,0.03753508365685975,0.03753508365685976,0.15870328838855643,0.15870328838855643,0.24043174976752668,0.23651106437669928,0.23651106437669933,False,1e-24,False
HGNN,real,,236,base,0.4335997888154254,0.0033145288459631244,0.0033145288459631253,8.986579903196558,8.986579903196558,0.04824970049631366,0.0003688309547867186,0.0003688309547867187,0.0008062157817631717,2.400023679325205e-05,2.4000236793252057e-05,0.02906260437817656,0.02906260437817656,0.027740658451400464,0.0008258116334293184,0.0008258116334293186,False,1e-24,False
HGNN,real,,236,restart,20.521802769997198,5.18374541834855,5.1837454183485505,49.07336463881211,49.07336463881211,0.41818617739054537,0.1056325657819013,0.10563256578190132,0.038157309321120964,0.03753508365685973,0.03753508365685974,0.15870328838855494,0.15870328838855494,0.24043174976752857,0.23651106437670139,0.2365110643767014,False,1e-24,False
HGNN,real,,237,base,0.4331257957549364,0.0032754520170985464,0.0032754520170985464,8.979970445535864,8.979970445535864,0.04823242998202211,0.00036475086827561265,0.00036475086827561265,0.0008053344605640623,2.3717284618308244e-05,2.3717284618308244e-05,0.029041229388445625,0.029041229388445625,0.027730728950630223,0.0008166763294030668,0.0008166763294030668,False,1e-24,False
HGNN,real,,237,restart,20.521802769997166,5.183745418348546,5.183745418348546,49.07336463881169,49.07336463881169,0.4181861773905483,0.10563256578190214,0.10563256578190214,0.03815730932112091,0.0375350836568597,0.0375350836568597,0.15870328838855358,0.15870328838855358,0.24043174976753026,0.23651106437670325,0.23651106437670325,False,1e-24,False
HGNN,real,,238,base,0.4326572508361047,0.003236864644213525,0.003236864644213525,8.973438895937173,8.973438895937173,0.0482153225595591,0.0003607161849265004,0.0003607161849265004,0.0008044632693924543,2.3437876554746518e-05,2.3437876554746518e-05,0.029020106353430303,0.029020106353430303,0.02772089321779357,0.0008076426829488879,0.0008076426829488879,False,1e-24,False
HGNN,real,,238,restart,20.521802769997134,5.183745418348542,5.183745418348543,49.07336463881133,49.07336463881133,0.41818617739055075,0.10563256578190285,0.10563256578190287,0.038157309321120846,0.037535083656859675,0.03753508365685968,0.1587032883885524,0.1587032883885524,0.24043174976753165,0.23651106437670483,0.2365110643767049,False,1e-24,False
HGNN,real,,239,base,0.4321940849546332,0.0031987598446839823,0.0031987598446839827,8.966984278944615,8.966984278944615,0.04819837656785777,0.00035672638037238374,0.00035672638037238384,0.0008036020797589521,2.316196276603949e-05,2.3161962766039493e-05,0.028999232118505774,0.028999232118505774,0.027711150297877563,0.0007987095200103159,0.0007987095200103162,False,1e-24,False
HGNN,real,,239,restart,20.521802769997112,5.183745418348539,5.18374541834854,49.073364638810986,49.073364638810986,0.41818617739055325,0.10563256578190351,0.10563256578190353,0.03815730932112081,0.037535083656859654,0.03753508365685966,0.1587032883885513,0.1587032883885513,0.2404317497675331,0.23651106437670633,0.23651106437670635,False,1e-24,False
HGNN,real,,240,base,0.431736230027235,0.003161130852865808,0.003161130852865808,8.960605632808766,8.960605632808766,0.04818159036555034,0.0003527809371825829,0.0003527809371825829,0.0008027507650725799,2.28894942627023e-05,2.28894942627023e-05,0.02897860357337387,0.02897860357337387,0.027701499247195043,0.0007898756820612856,0.0007898756820612856,False,1e-24,False
HGNN,real,,240,restart,20.521802769997095,5.183745418348536,5.183745418348538,49.07336463881069,49.07336463881069,0.41818617739055536,0.1056325657819041,0.10563256578190414,0.038157309321120776,0.03753508365685963,0.03753508365685965,0.15870328838855036,0.15870328838855036,0.24043174976753431,0.23651106437670763,0.2365110643767077,False,1e-24,False
HGNN,real,,241,base,0.43128361897281636,0.0031239710175648464,0.0031239710175648477,8.954302009253954,8.954302009253954,0.048164962330631694,0.00034887934473690224,0.00034887934473690235,0.0008019092006057944,2.2620422883973e-05,2.262042288397301e-05,0.028958217651310538,0.028958217651310538,0.027691939133191196,0.0007811400258243892,0.0007811400258243894,False,1e-24,False
HGNN,real,,241,restart,20.521802769997073,5.183745418348535,5.183745418348537,49.07336463881043,49.07336463881043,0.41818617739055713,0.10563256578190462,0.10563256578190465,0.038157309321120735,0.037535083656859626,0.03753508365685964,0.15870328838854952,0.15870328838854952,0.24043174976753534,0.23651106437670882,0.23651106437670888,False,1e-24,False
HGNN,real,,242,base,0.4308361856941033,0.003087273799575535,0.0030872737995755353,8.94807247325059,8.94807247325059,0.048148490860131836,0.00034502109910314717,0.0003450210991031472,0.000801077263460322,2.2354701279990055e-05,2.235470127999006e-05,0.028938071328429578,0.028938071328429578,0.02768246903425527,0.0007725014229966378,0.0007725014229966379,False,1e-24,False
HGNN,real,,242,restart,20.521802769997063,5.183745418348534,5.183745418348535,49.07336463881019,49.07336463881019,0.41818617739055897,0.10563256578190511,0.10563256578190514,0.038157309321120714,0.03753508365685961,0.037535083656859626,0.15870328838854875,0.15870328838854875,0.2404317497675364,0.2365110643767099,0.23651106437670996,False,1e-24,False
HGNN,real,,243,base,0.430393865059705,0.003051032769285998,0.0030510327692859986,8.941916102792414,8.941916102792414,0.04813217436979755,0.0003412057029178803,0.00034120570291788034,0.0008002548325338088,2.209228289445099e-05,2.2092282894450993e-05,0.028918161622962225,0.028918161622962225,0.027673088039537518,0.000763958759982474,0.0007639587599824741,False,1e-24,False
HGNN,real,,243,restart,20.52180276999705,5.183745418348532,5.183745418348534,49.073364638809984,49.073364638809984,0.41818617739056047,0.10563256578190552,0.10563256578190555,0.038157309321120686,0.0375350836568596,0.03753508365685961,0.15870328838854808,0.15870328838854808,0.24043174976753726,0.23651106437671082,0.2365110643767109,False,1e-24,False
HGNN,real,,244,base,0.4299565928865925,0.00301524160434745,0.003015241604347451,8.935831988678459,8.935831988678459,0.048116011293782145,0.0003374326652703081,0.0003374326652703082,0.0007994417884872416,2.183312194773674e-05,2.1833121947736745e-05,0.02889848559455205,0.02889848559455205,0.027663795248770835,0.0007555109376337949,0.0007555109376337951,False,1e-24,False
HGNN,real,,244,restart,20.521802769997034,5.183745418348531,5.183745418348531,49.0733646388098,49.0733646388098,0.41818617739056174,0.1056325657819059,0.10563256578190591,0.038157309321120665,0.03753508365685959,0.03753508365685959,0.15870328838854747,0.15870328838854747,0.24043174976753798,0.23651106437671168,0.2365110643767117,False,1e-24,False
HGNN,real,,245,base,0.4295243059229898,0.0029798940874058775,0.002979894087405879,8.929819234299691,8.929819234299691,0.04810000008434378,0.0003337015015891945,0.0003337015015891946,0.0007986380137131368,2.1577173420486942e-05,2.1577173420486952e-05,0.028879040343564956,0.028879040343564956,0.027654589772097306,0.0007471568709967515,0.0007471568709967517,False,1e-24,False
HGNN,real,,245,restart,20.52180276999702,5.183745418348529,5.183745418348531,49.073364638809636,49.073364638809636,0.41818617739056285,0.1056325657819062,0.10563256578190625,0.03815730932112064,0.037535083656859584,0.03753508365685959,0.15870328838854694,0.15870328838854694,0.24043174976753862,0.23651106437671235,0.23651106437671246,False,1e-24,False
HGNN,real,,246,base,0.42909694183165803,0.002944984103894028,0.002944984103894028,8.923876955430108,8.923876955430108,0.04808413921155154,0.0003300117335327028,0.0003300117335327028,0.0007978433923044599,2.1324393037611905e-05,2.1324393037611905e-05,0.028859823010413545,0.028859823010413545,0.027645470729899226,0.0007388954890651055,0.0007388954890651055,False,1e-24,False
HGNN,real,,246,restart,20.521802769997013,5.183745418348528,5.183745418348529,49.07336463880948,49.07336463880948,0.4181861773905641,0.10563256578190652,0.10563256578190656,0.038157309321120624,0.03753508365685958,0.037535083656859584,0.15870328838854644,0.15870328838854644,0.2404317497675393,0.23651106437671307,0.23651106437671315,False,1e-24,False
HGNN,real,,247,base,0.4286744391735659,0.002910505639881772,0.002910505639881772,8.918004280022267,8.918004280022267,0.04806842716299925,0.00032636288888106534,0.00032636288888106534,0.0007970578100242624,2.1074737252727246e-05,2.1074737252727246e-05,0.028840830774895913,0.028840830774895913,0.027636437252634552,0.0007307257345399165,0.0007307257345399165,False,1e-24,False
HGNN,real,,247,restart,20.521802769997,5.1837454183485265,5.183745418348527,49.07336463880934,49.07336463880934,0.41818617739056496,0.1056325657819068,0.10563256578190683,0.038157309321120596,0.037535083656859564,0.03753508365685957,0.15870328838854597,0.15870328838854597,0.24043174976753984,0.23651106437671368,0.23651106437671376,False,1e-24,False
HGNN,real,,248,base,0.4282567373919338,0.00287645277998305,0.00287645277998305,8.91220034800705,8.91220034800705,0.04805286244352673,0.000322754501431993,0.000322754501431993,0.000796281154276015,2.0828163232998276e-05,2.0828163232998276e-05,0.028822060855548053,0.028822060855548053,0.02762748848067664,0.0007226465635953645,0.0007226465635953645,False,1e-24,False
HGNN,real,,248,restart,20.521802769996995,5.1837454183485265,5.183745418348528,49.07336463880922,49.07336463880922,0.4181861773905659,0.10563256578190706,0.10563256578190709,0.03815730932112059,0.037535083656859564,0.03753508365685958,0.15870328838854558,0.15870328838854558,0.24043174976754036,0.2365110643767143,0.23651106437671435,False,1e-24,False
HGNN,real,,249,base,0.42784377679663904,0.0028428197053175833,0.002842819705317584,8.906464311097604,8.906464311097604,0.04803744357494797,0.00031918611089873025,0.00031918611089873036,0.0007955133140746106,2.0584628844380886e-05,2.058462884438089e-05,0.028803510509009818,0.028803510509009818,0.027618623564157976,0.0007146569456504946,0.0007146569456504949,False,1e-24,False
HGNN,real,,249,restart,20.521802769996988,5.183745418348526,5.183745418348526,49.07336463880912,49.07336463880912,0.4181861773905666,0.10563256578190727,0.10563256578190727,0.038157309321120575,0.03753508365685956,0.03753508365685956,0.15870328838854528,0.15870328838854528,0.24043174976754078,0.23651106437671474,0.23651106437671474,False,1e-24,False
HGNN,real,,250,base,0.4274354985489768,0.0028096006915256746,0.0028096006915256746,8.90079533259734,8.90079533259734,0.04802216909578651,0.00031565726281067123,0.00031565726281067123,0.0007947541800180299,2.0344092637246914e-05,2.0344092637246914e-05,0.028785177029403974,0.028785177029403974,0.027609841662818015,0.000706755863146698,0.000706755863146698,False,1e-24,False
HGNN,real,,250,restart,20.52180276999698,5.183745418348525,5.183745418348526,49.073364638809025,49.073364638809025,0.41818617739056724,0.10563256578190744,0.10563256578190747,0.03815730932112056,0.03753508365685955,0.03753508365685956,0.15870328838854497,0.15870328838854497,0.24043174976754114,0.23651106437671512,0.23651106437671518,False,1e-24,False
HGNN,real,,251,base,0.42703184464676264,0.0027767901068344227,0.002776790106834423,8.895192587211852,8.895192587211852,0.04800703756101737,0.0003121675084164526,0.0003121675084164527,0.0007940036442596423,2.0106513832381727e-05,2.010651383238173e-05,0.02876705774772795,0.02876705774772795,0.027601141945854835,0.0006989423113307359,0.000698942311330736,False,1e-24,False
HGNN,real,,251,restart,20.52180276999698,5.183745418348525,5.183745418348526,49.07336463880894,49.07336463880894,0.41818617739056796,0.1056325657819076,0.10563256578190765,0.03815730932112056,0.03753508365685955,0.03753508365685956,0.1587032883885447,0.1587032883885447,0.24043174976754156,0.23651106437671549,0.2365110643767156,False,1e-24,False
HGNN,real,,252,base,0.4266327579097663,0.002744382410173783,0.0027443824101737835,8.889655260864691,8.889655260864691,0.04799204754181525,0.00030871640458944393,0.000308716404589444,0.0007932616004811205,1.9871852307342795e-05,1.98718523073428e-05,0.028749150031258067,0.028749150031258067,0.027592523591780334,0.000691215298043133,0.0006912152980431332,False,1e-24,False
HGNN,real,,252,restart,20.521802769996974,5.183745418348524,5.183745418348525,49.073364638808854,49.073364638808854,0.41818617739056857,0.1056325657819078,0.10563256578190781,0.03815730932112055,0.03753508365685954,0.03753508365685955,0.15870328838854442,0.15870328838854442,0.24043174976754192,0.23651106437671593,0.23651106437671596,False,1e-24,False
HGNN,real,,253,base,0.42623818196547275,0.0027123721493409214,0.002712372149340922,8.884182550516899,8.884182550516899,0.0479771976253092,0.0003053035137355558,0.0003053035137355559,0.0007925279438659672,1.9640068583167904e-05,1.9640068583167908e-05,0.02873145128296589,0.02873145128296589,0.027583985788279197,0.0006835738435117608,0.0006835738435117609,False,1e-24,False
HGNN,real,,253,restart,20.52180276999697,5.183745418348523,5.183745418348525,49.0733646388088,49.0733646388088,0.41818617739056896,0.1056325657819079,0.10563256578190793,0.03815730932112054,0.037535083656859536,0.03753508365685955,0.15870328838854422,0.15870328838854422,0.24043174976754214,0.23651106437671615,0.2365110643767162,False,1e-24,False
HGNN,real,,254,base,0.42584806123515573,0.0026807539592113854,0.0026807539592113854,8.878773663990152,8.878773663990152,0.04796248641434318,0.0003019284037032931,0.0003019284037032931,0.0007918025710736191,1.9411123811422395e-05,1.9411123811422395e-05,0.028713958940946277,0.028713958940946277,0.027575527732071246,0.0006760169801504458,0.0006760169801504458,False,1e-24,False
HGNN,real,,254,restart,20.521802769996967,5.183745418348523,5.183745418348525,49.073364638808734,49.073364638808734,0.41818617739056946,0.10563256578190804,0.10563256578190806,0.03815730932112054,0.037535083656859536,0.03753508365685955,0.15870328838854403,0.15870328838854403,0.24043174976754242,0.23651106437671646,0.2365110643767165,False,1e-24,False
HGNN,real,,255,base,0.4254623409202585,0.0026495225599956537,0.002649522559995654,8.873427819793502,8.873427819793502,0.04794791252724244,0.00029859064769597823,0.0002985906476959783,0.0007910853802141254,1.9184979761574993e-05,1.9184979761574993e-05,0.02869667047785707,0.02869667047785707,0.027567148628777082,0.000668543752362439,0.0006685437523624391,False,1e-24,False
HGNN,real,,255,restart,20.521802769996963,5.183745418348523,5.183745418348524,49.07336463880868,49.07336463880868,0.4181861773905698,0.10563256578190815,0.10563256578190816,0.03815730932112053,0.037535083656859536,0.03753508365685954,0.15870328838854383,0.15870328838854383,0.2404317497675426,0.2365110643767167,0.23651106437671673,False,1e-24,False
HGNN,real,,256,base,0.4250809669890711,0.0026186727555397023,0.0026186727555397023,8.868144246953547,8.868144246953547,0.04793347459758542,0.0002952898241860792,0.0002952898241860792,0.0007903762708233752,1.8961598808692315e-05,1.8961598808692315e-05,0.02867958340036986,0.02867958340036986,0.027558847692787,0.0006611532163485952,0.0006611532163485952,False,1e-24,False
HGNN,real,,256,restart,20.521802769996963,5.183745418348523,5.183745418348524,49.07336463880863,49.07336463880863,0.41818617739057024,0.10563256578190826,0.10563256578190827,0.03815730932112053,0.037535083656859536,0.03753508365685954,0.1587032883885437,0.1587032883885437,0.24043174976754286,0.23651106437671696,0.23651106437671698,False,1e-24,False
