family,section,series,step,mean,sd,lower,upper,seeds
HGNN,diagnostics,un,0,1.0,0.0,1.0,1.0,10
HGNN,diagnostics,un,1,0.4352582548569587,0.0014671021591892808,0.4337911526977694,0.43672535701614795,10
HGNN,diagnostics,un,2,0.2657935808851698,0.0013008028553795623,0.26449277802979027,0.26709438374054933,10
HGNN,diagnostics,un,3,0.20715998388714302,0.0013049179387294443,0.20585506594841357,0.20846490182587246,10
HGNN,diagnostics,un,4,0.17476843029731343,0.0012820202603289553,0.17348641003698448,0.17605045055764237,10
HGNN,diagnostics,un,5,0.15318877545649534,0.001225887558044579,0.15196288789845075,0.15441466301453993,10
HGNN,diagnostics,un,6,0.1377247849288568,0.001152054649057823,0.136572730279799,0.13887683957791463,10
HGNN,diagnostics,un,7,0.12615811850872496,0.0010728072023955537,0.1250853113063294,0.12723092571112052,10
HGNN,diagnostics,un,8,0.11722009396173635,0.0009960710719219832,0.11622402288981437,0.11821616503365834,10
HGNN,diagnostics,un,9,0.11012599812007691,0.0009263675338131135,0.1091996305862638,0.11105236565389003,10
HGNN,diagnostics,un,10,0.10436836466384454,0.0008658573509389682,0.10350250731290557,0.10523422201478351,10
HGNN,diagnostics,un,11,0.09960733119460435,0.0008151520461933476,0.098792179148411,0.10042248324079771,10
HGNN,diagnostics,un,12,0.09560807365002225,0.0007738949140474723,0.09483417873597477,0.09638196856406972,10
HGNN,diagnostics,un,13,0.09220369410245632,0.0007411711373041151,0.09146252296515221,0.09294486523976044,10
HGNN,diagnostics,un,14,0.08927253172446363,0.0007157964286827519,0.08855673529578088,0.08998832815314638,10
HGNN,diagnostics,un,15,0.08672389059140173,0.0006965153625198252,0.0860273752288819,0.08742040595392156,10
HGNN,diagnostics,un,16,0.08448880956846419,0.000682129038637282,0.08380668052982691,0.08517093860710147,10
HGNN,diagnostics,un,17,0.08251393282897859,0.0006715673969662521,0.08184236543201234,0.08318550022594484,10
HGNN,diagnostics,un,18,0.08075733770557655,0.000663920540629524,0.08009341716494703,0.08142125824620608,10
HGNN,diagnostics,un,19,0.07918563001654935,0.0006584425092422913,0.07852718750730706,0.07984407252579165,10
HGNN,diagnostics,un,20,0.07777188017308989,0.0006545388666922682,0.07711734130639762,0.07842641903978216,10
HGNN,diagnostics,un,21,0.07649412962487309,0.0006517465789146307,0.07584238304595846,0.07714587620378772,10
HGNN,diagnostics,un,22,0.07533429217621697,0.0006497117480377558,0.07468458042817921,0.07598400392425472,10
HGNN,diagnostics,un,23,0.0742773337959013,0.0006481683916870026,0.0736291654042143,0.07492550218758831,10
HGNN,diagnostics,un,24,0.07331065214843134,0.0006469197868351418,0.07266373236159619,0.07395757193526649,10
HGNN,diagnostics,un,25,0.0724236015248643,0.0006458228639917792,0.07177777866087251,0.07306942438885608,10
HGNN,diagnostics,un,26,0.07160712507160395,0.0006447755729208002,0.07096234949868316,0.07225190064452475,10
HGNN,diagnostics,un,27,0.07085346717851407,0.0006437068798211613,0.0702097602986929,0.07149717405833524,10
HGNN,diagnostics,un,28,0.07015594642547704,0.0006425689708904553,0.06951337745458658,0.0707985153963675,10
HGNN,diagnostics,un,29,0.06950877475119589,0.0006413312438561543,0.06886744350733974,0.07015010599505205,10
HGNN,diagnostics,un,30,0.06890691223801479,0.0006399757165887393,0.06826693652142606,0.06954688795460352,10
HGNN,diagnostics,un,31,0.06834594958374991,0.0006384935423451964,0.06770745604140471,0.06898444312609511,10
HGNN,diagnostics,un,32,0.06782201227593763,0.0006368823806028944,0.06718512989533475,0.06845889465654052,10
HGNN,diagnostics,un,33,0.06733168191134953,0.0006351444248661148,0.06669653748648341,0.06796682633621565,10
HGNN,diagnostics,un,34,0.0668719311618733,0.0006332849324923389,0.06623864622938096,0.06750521609436565,10
HGNN,diagnostics,un,35,0.06644006967948686,0.0006313111367336767,0.06580875854275318,0.06707138081622054,10
HGNN,diagnostics,un,36,0.06603369883016888,0.0006292314488883471,0.06540446738128053,0.06666293027905723,10
HGNN,diagnostics,un,37,0.06565067360047355,0.0006270548800001425,0.06502361872047341,0.0662777284804737,10
HGNN,diagnostics,un,38,0.0652890703680097,0.0006247906281603349,0.06466427973984937,0.06591386099617003,10
HGNN,diagnostics,un,39,0.06494715949495608,0.0006224477902233269,0.06432471170473275,0.06556960728517941,10
HGNN,diagnostics,un,40,0.06462338191160687,0.0006200351665157653,0.0640033467450911,0.06524341707812263,10
HGNN,diagnostics,un,41,0.06431632901923183,0.0006175611345926251,0.0636987678846392,0.06493389015382446,10
HGNN,diagnostics,un,42,0.06402472536901535,0.0006150335738111671,0.06340969179520418,0.06463975894282652,10
HGNN,diagnostics,un,43,0.06374741367455888,0.0006124598268704166,0.06313495384768847,0.0643598735014293,10
HGNN,diagnostics,un,44,0.06348334179546705,0.000609846687816229,0.06287349510765082,0.06409318848328328,10
HGNN,diagnostics,un,45,0.06323155139349251,0.0006072004085820807,0.06262435098491043,0.0638387518020746,10
HGNN,diagnostics,un,46,0.0629911680140998,0.0006045267181062954,0.06238664129599351,0.0635956947322061,10
HGNN,diagnostics,un,47,0.06276139238781801,0.0006018308495775533,0.06215956153824046,0.06336322323739557,10
HGNN,diagnostics,un,48,0.06254149277945918,0.0005991175725182023,0.06194237520694098,0.06314061035197738,10
HGNN,diagnostics,un,49,0.06233079824079472,0.0005963912273008222,0.06173440701349389,0.06292718946809554,10
HGNN,diagnostics,un,50,0.06212869264485334,0.0005936557603689672,0.06153503688448437,0.0627223484052223,10
HGNN,diagnostics,un,51,0.061934609398614796,0.0005909147589470398,0.061343694639667753,0.06252552415756184,10
HGNN,diagnostics,un,52,0.06174802674628789,0.0005881714844126707,0.06115985526187522,0.06233619823070056,10
HGNN,diagnostics,un,53,0.0615684635881915,0.000585428903796673,0.060983034684394824,0.062153892491988175,10
HGNN,diagnostics,un,54,0.0613954757509809,0.0005826897190927172,0.06081278603188818,0.06197816547007362,10
HGNN,diagnostics,un,55,0.061228652653965786,0.000579956394218341,0.06064869625974745,0.061808609048184124,10
HGNN,diagnostics,un,56,0.06106761432385639,0.0005772311795841391,0.060490383144272256,0.06164484550344053,10
HGNN,diagnostics,un,57,0.06091200871669763,0.000574516134309336,0.06033749258238829,0.06148652485100697,10
HGNN,diagnostics,un,58,0.060761509311209015,0.0005718131461776042,0.06018969616503141,0.06133332245738662,10
HGNN,diagnostics,un,59,0.06061581294239922,0.0005691239494630023,0.06004668899293622,0.06118493689186222,10
HGNN,diagnostics,un,60,0.06047463784830538,0.0005664501407778016,0.05990818770752758,0.061041087989083184,10
HGNN,diagnostics,un,61,0.060337721906120925,0.000563793193104132,0.059773928713016795,0.060901515099225055,10
HGNN,diagnostics,un,62,0.060204821036916586,0.0005611544681752555,0.05964366656874133,0.06076597550509184,10
HGNN,diagnostics,un,63,0.06007570776069535,0.0005585352273687209,0.05951717253332663,0.06063424298806407,10
HGNN,diagnostics,un,64,0.059950169885718864,0.0005559366412680377,0.059394233244450825,0.0605061065269869,10
HGNN,diagnostics,un,65,0.05982800931794761,0.000553359798039875,0.059274649519907734,0.06038136911598748,10
HGNN,diagnostics,un,66,0.05970904097809428,0.0005508057107640739,0.0591582352673302,0.06025984668885835,10
HGNN,diagnostics,un,67,0.05959309181523374,0.0005482753238417878,0.059044816491391955,0.06014136713907553,10
HGNN,diagnostics,un,68,0.059479999907174584,0.0005457695185961952,0.05893423038857839,0.06002576942577078,10
HGNN,diagnostics,un,69,0.05936961363890075,0.00054328911816859,0.058826324520732165,0.05991290275706934,10
HGNN,diagnostics,un,70,0.05926179095136001,0.0005408348918018813,0.058720956059558134,0.05980262584316189,10
HGNN,diagnostics,un,71,0.05915639865372553,0.0005384075585932609,0.05861799109513227,0.05969480621231879,10
HGNN,diagnostics,un,72,0.05905331179300475,0.0005360077907881936,0.05851730400221655,0.059589319583792946,10
HGNN,diagnostics,un,73,0.058952413075529064,0.0005336362166790654,0.05841877685885,0.05948604929220813,10
HGNN,diagnostics,un,74,0.058853592335438645,0.0005312934231637819,0.05832229891227486,0.05938488575860243,10
HGNN,diagnostics,un,75,0.058756746045791085,0.00052897995801261,0.05822776608777847,0.0592857260038037,10
HGNN,diagnostics,un,76,0.05866177686837722,0.0005266963318846599,0.058135080536492564,0.05918847320026188,10
HGNN,diagnostics,un,77,0.058568593238730524,0.0005244430201300956,0.058044150218600425,0.05909303625886062,10
HGNN,diagnostics,un,78,0.05847710898317397,0.000522220464408728,0.05795488851876524,0.0589993294475827,10
HGNN,diagnostics,un,79,0.05838724296506621,0.0005200290741514807,0.05786721389091473,0.058907272039217695,10
HGNN,diagnostics,un,80,0.058298918757691574,0.0005178692278870622,0.057781049529804514,0.058816787985578635,10
HGNN,diagnostics,un,81,0.05821206434148961,0.0005157412744529463,0.05769632306703666,0.058727805615942555,10
HGNN,diagnostics,un,82,0.05812661182354536,0.0005136455341068738,0.05761296628943848,0.058640257357652235,10
HGNN,diagnostics,un,83,0.05804249717746089,0.0005115822995524293,0.057530914877908464,0.05855407947701332,10
HGNN,diagnostics,un,84,0.05795966000190844,0.0005095518368902474,0.05745010816501819,0.05846921183879869,10
HGNN,diagnostics,un,85,0.057878043296325586,0.0005075543865044793,0.057370488909821105,0.05838559768283007,10
HGNN,diagnostics,un,86,0.05779759325235605,0.0005055901638926462,0.0572920030884634,0.0583031834162487,10
HGNN,diagnostics,un,87,0.05771825905976928,0.0005036593604458171,0.057214599699323465,0.058221918420215096,10
HGNN,diagnostics,un,88,0.057639992725706614,0.0005017621441846084,0.057138230581522,0.058141754869891225,10
HGNN,diagnostics,un,89,0.057562748906206385,0.0004998986604560761,0.05706285024575031,0.05806264756666246,10
HGNN,diagnostics,un,90,0.05748648474905357,0.0004980690325954355,0.05698841571645813,0.057984553781649004,10
HGNN,diagnostics,un,91,0.05741115974708353,0.000496273362556103,0.05691488638452743,0.05790743310963963,10
HGNN,diagnostics,un,92,0.05733673560114574,0.0004945117315110122,0.05684222386963472,0.05783124733265675,10
HGNN,diagnostics,un,93,0.057263176092001586,0.0004927842004277651,0.05677039189157382,0.057755960292429354,10
HGNN,diagnostics,un,94,0.057190446960492435,0.0004910908106197358,0.0566993561498727,0.05768153777111217,10
HGNN,diagnostics,un,95,0.05711851579536982,0.0004894315842751887,0.05662908421109463,0.05760794737964501,10
HGNN,diagnostics,un,96,0.05704735192823103,0.0004878065249660109,0.05655954540326502,0.05753515845319704,10
HGNN,diagnostics,un,97,0.056976926335048625,0.0004862156181377018,0.056490710716910926,0.057463141953186324,10
HGNN,diagnostics,un,98,0.0569072115438244,0.0004846588315819023,0.0564225527122425,0.0573918703754063,10
HGNN,diagnostics,un,99,0.05683818154793648,0.00048313611589295344,0.05635504543204353,0.05732131766382943,10
HGNN,diagnostics,un,100,0.05676981172478233,0.00048164740490950955,0.05628816431987282,0.05725145912969184,10
HGNN,diagnostics,un,101,0.056702078759351994,0.0004801926161424601,0.05622188614320953,0.057182271375494455,10
HGNN,diagnostics,un,102,0.05663496057239459,0.00047877165119019987,0.056156188921204386,0.05711373222358479,10
HGNN,diagnostics,un,103,0.05656843625286693,0.0004773843961423121,0.05609105185672462,0.05704582064900924,10
HGNN,diagnostics,un,104,0.05650248599437711,0.00047603072197261733,0.05602645527240449,0.05697851671634972,10
HGNN,diagnostics,un,105,0.05643709103535775,0.00047471048492261117,0.05596238055043514,0.056911801520280365,10
HGNN,diagnostics,un,106,0.05637223360272332,0.0004734235268760673,0.05589881007584726,0.05684565712959939,10
HGNN,diagnostics,un,107,0.05630789685878407,0.0004721696757258973,0.05583572718305817,0.05678006653450997,10
HGNN,diagnostics,un,108,0.056244064851206546,0.0004709487457338968,0.05577311610547265,0.05671501359694044,10
HGNN,diagnostics,un,109,0.056180722465824826,0.00046976053788434536,0.05571096192794048,0.05665048300370917,10
HGNN,diagnostics,un,110,0.056117855382121926,0.00046860484023211095,0.055649250541889815,0.056586460222354036,10
HGNN,diagnostics,un,111,0.05605545003121276,0.000467481428246124,0.055587968602966636,0.056522931459458886,10
HGNN,diagnostics,un,112,0.05599349355617261,0.0004663900651487205,0.05552710349102389,0.05645988362132134,10
HGNN,diagnostics,un,113,0.05593197377456571,0.0004653305022517451,0.055466643272313966,0.05639730427681746,10
HGNN,diagnostics,un,114,0.055870879143038774,0.00046430247928974785,0.05540657666374903,0.05633518162232852,10
HGNN,diagnostics,un,115,0.05581019872385347,0.00046330572475101724,0.05534689299910245,0.05627350444860449,10
HGNN,diagnostics,un,116,0.05574992215324063,0.00046233995620693403,0.0552875821970337,0.05621226210944756,10
HGNN,diagnostics,un,117,0.05569003961146692,0.00046140488063998075,0.05522863473082694,0.056151444492106906,10
HGNN,diagnostics,un,118,0.05563054179451169,0.0004605001947709641,0.055170041599740725,0.05609104198928266,10
HGNN,diagnostics,un,119,0.05557141988725904,0.00045962558538570103,0.05511179430187334,0.056031045472644744,10
HGNN,diagnostics,un,120,0.0555126655381161,0.0004587807296615355,0.055053884808454565,0.05597144626777764,10
HGNN,diagnostics,un,121,0.05545427083497436,0.00045796529549395007,0.05499630553948041,0.055912236130468314,10
HGNN,diagnostics,un,122,0.055396228282436386,0.0004571789418233716,0.054939049340613014,0.05585340722425976,10
HGNN,diagnostics,un,123,0.05533853078023532,0.0004564213189624979,0.05488210946127282,0.05579495209919782,10
HGNN,diagnostics,un,124,0.05528117160277892,0.0004556920689241645,0.054825479533854755,0.05573686367170309,10
HGNN,diagnostics,un,125,0.05522414437975467,0.00045499082574984253,0.05476915355400482,0.055679135205504514,10
HGNN,diagnostics,un,126,0.05516744307773604,0.00045431721583867,0.054713125861897374,0.05562176029357471,10
HGNN,diagnostics,un,127,0.0551110619827342,0.00045367085827734404,0.05465739112445686,0.055564732841011544,10
HGNN,diagnostics,un,128,0.05505499568364225,0.00045305136517035787,0.054601944318471894,0.055508047048812605,10
HGNN,diagnostics,un,129,0.05499923905652336,0.0004524583419708748,0.05454678071455248,0.05545169739849424,10
HGNN,diagnostics,un,130,0.05494378724969604,0.00045189138781190775,0.05449189586188413,0.05539567863750795,10
HGNN,diagnostics,un,131,0.054888635669573284,0.00045135009583773005,0.054437285573735554,0.055339985765411014,10
HGNN,diagnostics,un,132,0.054833779967215036,0.0004508340535352514,0.05438294591367979,0.055284614020750286,10
HGNN,diagnostics,un,133,0.0547792160255553,0.0004503428430652452,0.05432887318249006,0.05522955886862054,10
HGNN,diagnostics,un,134,0.054724939947267945,0.00044987604159314927,0.0542750639056748,0.05517481598886109,10
HGNN,diagnostics,un,135,0.05467094804323739,0.0004494332216191067,0.054221514821618286,0.055120381264856494,10
HGNN,diagnostics,un,136,0.05461723682160217,0.00044901395130712764,0.05416822287029504,0.055066250772909296,10
HGNN,diagnostics,un,137,0.05456380297734122,0.0004486177948129472,0.05411518518252827,0.05501242077215417,10
HGNN,diagnostics,un,138,0.05451064338237469,0.0004482443126103038,0.054062399069764386,0.054958887694985,10
HGNN,diagnostics,un,139,0.054457755076152636,0.00044789306181539676,0.05400986201433724,0.054905648137968034,10
HGNN,diagnostics,un,140,0.05440513525670619,0.00044756359650911613,0.05395757166019707,0.05485269885321531,10
HGNN,diagnostics,un,141,0.05435278127213785,0.0004472554680567518,0.053905525804081096,0.0548000367401946,10
HGNN,diagnostics,un,142,0.054300690612528194,0.0004469682254248821,0.053853722387103314,0.05474765883795307,10
HGNN,diagnostics,un,143,0.05424886090223805,0.0004467014154950821,0.05380215948674297,0.054695562317733135,10
HGNN,diagnostics,un,144,0.05419728989258617,0.0004464545833741176,0.05375083530921205,0.054643744475960286,10
HGNN,diagnostics,un,145,0.05414597545488352,0.0004462272727003358,0.053699748182183184,0.054592202727583854,10
HGNN,diagnostics,un,146,0.05409491557380648,0.00044601902594595814,0.05364889654786052,0.05454093459975244,10
HGNN,diagnostics,un,147,0.054044108341092,0.00044582938471487705,0.05359827895637712,0.05448993772580688,10
HGNN,diagnostics,un,148,0.053993551949538955,0.000445657890035752,0.05354789405950321,0.054439209839574704,10
HGNN,diagnostics,un,149,0.05394324468730055,0.0004455040826500751,0.05349774060465048,0.054388748769950625,10
HGNN,diagnostics,un,150,0.05389318493245372,0.0004453675032949484,0.05344781742915877,0.05433855243574867,10
HGNN,diagnostics,un,151,0.05384337114783161,0.00044524769298031236,0.053398123454851294,0.054288618840811924,10
HGNN,diagnostics,un,152,0.05379380187610707,0.00044514419326032866,0.053348657682846745,0.0542389460693674,10
HGNN,diagnostics,un,153,0.05374447573511445,0.0004450565464987757,0.05329941918861567,0.054189532281613224,10
HGNN,diagnostics,un,154,0.05369539141339861,0.00044498429612815,0.05325040711727046,0.05414037570952676,10
HGNN,diagnostics,un,155,0.05364654766598013,0.0004449269869023691,0.05320162067907776,0.0540914746528825,10
HGNN,diagnostics,un,156,0.05359794331032659,0.0004448841651427535,0.05315305914518384,0.054042827475469346,10
HGNN,diagnostics,un,157,0.053549577222519976,0.00044485537897731245,0.05310472184354266,0.05399443260149729,10
HGNN,diagnostics,un,158,0.05350144833361111,0.00044484017857297314,0.05305660815503814,0.05394628851218408,10
HGNN,diagnostics,un,159,0.05345355562615226,0.00044483811636080746,0.053008717509791456,0.05389839374251307,10
HGNN,diagnostics,un,160,0.05340589813089951,0.0004448487472540114,0.052961049383645493,0.05385074687815352,10
HGNN,diagnostics,un,161,0.053358474923677214,0.00044487162885861384,0.052913603294818604,0.053803346552535825,10
HGNN,diagnostics,un,162,0.05331128512239669,0.00044490632167683655,0.05286637880071985,0.05375619144407353,10
HGNN,diagnostics,un,163,0.053264327884222216,0.0004449523893029437,0.052819375494919274,0.05370928027352516,10
HGNN,diagnostics,un,164,0.053217602402877554,0.00044500939861169384,0.05277259300426586,0.05366261180148925,10
HGNN,diagnostics,un,165,0.05317110790608631,0.000445076919939239,0.052726030986147074,0.05361618482602555,10
HGNN,diagnostics,un,166,0.053124843653140276,0.00044515452725647905,0.0526796891258838,0.053569998180396754,10
HGNN,diagnostics,un,167,0.05307880893258966,0.0004452417983349549,0.05263356713425471,0.053524050730924616,10
HGNN,diagnostics,un,168,0.05303300306004984,0.00044533831490516156,0.05258766474514468,0.053478341374955,10
HGNN,diagnostics,un,169,0.052987425376119154,0.00044544366280740614,0.05254198171331175,0.05343286903892656,10
HGNN,diagnostics,un,170,0.05294207524440281,0.0004455574321352699,0.05249651781226754,0.05338763267653808,10
HGNN,diagnostics,un,171,0.052896952049638,0.00044567921737160676,0.052451272832266395,0.0533426312670096,10
HGNN,diagnostics,un,172,0.05285205519591581,0.0004458086175172994,0.05240624657839851,0.05329786381343311,10
HGNN,diagnostics,un,173,0.05280738410499543,0.0004459452362127503,0.05236143886878268,0.053253329341208175,10
HGNN,diagnostics,un,174,0.05276293821470633,0.00044608868185220065,0.05231684953285413,0.053209026896558535,10
HGNN,diagnostics,un,175,0.052718716977434965,0.0004462385676910599,0.0522724784097439,0.05316495554512603,10
HGNN,diagnostics,un,176,0.05267471985869151,0.0004463945119462075,0.0522283253467453,0.05312111437063772,10
HGNN,diagnostics,un,177,0.05263094633575366,0.0004465561378895838,0.052184390197864076,0.05307750247364324,10
HGNN,diagnostics,un,178,0.05258739589638356,0.00044672307393497267,0.05214067282244859,0.05303411897031853,10
HGNN,diagnostics,un,179,0.052544068037615,0.00044689495371828635,0.05209717308389671,0.05299096299133329,10
HGNN,diagnostics,un,180,0.05250096226460722,0.0004470714161713809,0.05205389084843584,0.052948033680778606,10
HGNN,diagnostics,un,181,0.052458078089562855,0.0004472521055896096,0.05201082598397325,0.052905330195152464,10
HGNN,diagnostics,un,182,0.05241541503070675,0.00044743667169319835,0.05196797835901355,0.052862851702399946,10
HGNN,diagnostics,un,183,0.05237297261132319,0.0004476247696827065,0.05192534784164048,0.0528205973810059,10
HGNN,diagnostics,un,184,0.05233075035884858,0.000447816060288555,0.05188293429856002,0.052778566419137134,10
HGNN,diagnostics,un,185,0.05228874780401756,0.0004480102098149695,0.05184073759420259,0.05273675801383253,10
HGNN,diagnostics,un,186,0.05224696448005957,0.0004482068901783696,0.0517987575898812,0.052695171370237937,10
HGNN,diagnostics,un,187,0.05220539992194419,0.0004484057789404265,0.05175699414300376,0.05265380570088461,10
HGNN,diagnostics,un,188,0.05216405366567249,0.00044860655933594095,0.05171544710633655,0.052612660225008434,10
HGNN,diagnostics,un,189,0.05212292524761277,0.00044880892029570073,0.05167411632731707,0.052571734167908474,10
HGNN,diagnostics,un,190,0.05208201420387831,0.0004490125564644866,0.05163300164741383,0.0525310267603428,10
HGNN,diagnostics,un,191,0.05204132006974545,0.0004492171682144333,0.05159210290153102,0.05249053723795988,10
HGNN,diagnostics,un,192,0.052000842379110124,0.00044942246165382313,0.0515514199174563,0.05245026484076395,10
HGNN,diagnostics,un,193,0.051960580663981,0.00044962814863161075,0.051510952515349394,0.05241020881261261,10
HGNN,diagnostics,un,194,0.051920534454007516,0.00044983394673766544,0.05147070050726985,0.05237036840074518,10
HGNN,diagnostics,un,195,0.05188070327604146,0.00045003957929911145,0.051430663696742346,0.052330742855340576,10
HGNN,diagnostics,un,196,0.051841086653730176,0.0004502447753727498,0.05139084187835743,0.05229133142910292,10
HGNN,diagnostics,un,197,0.05180168410714024,0.0004504492697337812,0.05135123483740646,0.052252133376874024,10
HGNN,diagnostics,un,198,0.051762495152409924,0.0004506528028610521,0.05131184234954887,0.052213147955270975,10
HGNN,diagnostics,un,199,0.051723519301429356,0.0004508551209188645,0.05127266418051049,0.05217437442234822,10
HGNN,diagnostics,un,200,0.05168475606154678,0.00045105597573558983,0.05123370008581119,0.05213581203728237,10
HGNN,diagnostics,un,201,0.051646204935299964,0.00045125512477924587,0.051194949810520717,0.05209746006007921,10
HGNN,diagnostics,un,202,0.051607865420171296,0.00045145233113007483,0.051156413089041224,0.05205931775130137,10
HGNN,diagnostics,un,203,0.051569737008365646,0.00045164736345043913,0.05111808964491521,0.05202138437181608,10
HGNN,diagnostics,un,204,0.05153181918660974,0.0004518399959519557,0.051079979190657786,0.051983659182561696,10
HGNN,diagnostics,un,205,0.051494111435972004,0.00045203000836027853,0.05104208142761173,0.05194614144433228,10
HGNN,diagnostics,un,206,0.05145661323170203,0.00045221718587740536,0.05100439604582462,0.05190883041757944,10
HGNN,diagnostics,un,207,0.05141932404308845,0.0004524013191418123,0.05096692272394664,0.05187172536223027,10
HGNN,diagnostics,un,208,0.05138224333333456,0.00045258220418646606,0.050929661129148096,0.05183482553752103,10
HGNN,diagnostics,un,209,0.05134537055945047,0.00045275964239483964,0.05089261091705563,0.051798130201845316,10
HGNN,diagnostics,un,210,0.05130870517216135,0.00045293344045514787,0.050855771731706204,0.0517616386126165,10
HGNN,diagnostics,un,211,0.051272246615830505,0.00045310341031273106,0.050819143205517774,0.05172535002614324,10
HGNN,diagnostics,un,212,0.05123599432839693,0.0004532693691209104,0.050782724959276014,0.05168926369751784,10
HGNN,diagnostics,un,213,0.051199947741326204,0.0004534311391902638,0.050746516602135944,0.051653378880516465,10
HGNN,diagnostics,un,214,0.051164106279574295,0.0004535885479365349,0.05071051773163776,0.05161769482751083,10
HGNN,diagnostics,un,215,0.051128469361563435,0.0004537414278272003,0.05067472793373624,0.05158221078939063,10
HGNN,diagnostics,un,216,0.05109303639916942,0.00045388961632688045,0.050639146782842544,0.0515469260154963,10
HGNN,diagnostics,un,217,0.05105780679771982,0.00045403295584155667,0.05060377384187826,0.05151183975356138,10
HGNN,diagnostics,un,218,0.051022779956002205,0.000454171293661855,0.05056860866234035,0.05147695124966406,10
HGNN,diagnostics,un,219,0.05098795526628229,0.0004543044819053503,0.05053365078437694,0.05144225974818764,10
HGNN,diagnostics,un,220,0.05095333211433082,0.00045443237745802854,0.05049889973687279,0.05140776449178885,10
HGNN,diagnostics,un,221,0.050918909879459275,0.00045455484191499125,0.05046435503754428,0.051373464721374267,10
HGNN,diagnostics,un,222,0.0508846879345634,0.00045467174152049775,0.0504300161930429,0.05133935967608389,10
HGNN,diagnostics,un,223,0.05085066564617443,0.0004547829471073243,0.050395882699067106,0.051305448593281754,10
HGNN,diagnostics,un,224,0.05081684237451721,0.0004548883340357,0.05036195404048151,0.05127173070855291,10
HGNN,diagnostics,un,225,0.0507832174735751,0.0004549877821316544,0.050328229691443446,0.051238205255706756,10
HGNN,diagnostics,un,226,0.05074979029116099,0.00045508117562504183,0.05029470911553595,0.051204871466786026,10
HGNN,diagnostics,un,227,0.05071656016899405,0.0004551684030871817,0.05026139176590687,0.05117172857208123,10
HGNN,diagnostics,un,228,0.05068352644278198,0.0004552493573682728,0.050228277085413706,0.05113877580015025,10
HGNN,diagnostics,un,229,0.05065068844230817,0.00045532393553451096,0.05019536450677366,0.05110601237784268,10
HGNN,diagnostics,un,230,0.05061804549152356,0.0004553920388050931,0.05016265345271847,0.05107343753032865,10
HGNN,diagnostics,un,231,0.05058559690864276,0.00045545357248908395,0.050130143336153676,0.05104105048113185,10
HGNN,diagnostics,un,232,0.05055334200624424,0.00045550844592223336,0.05009783356032201,0.05100885045216647,10
HGNN,diagnostics,un,233,0.05052128009137406,0.0004555565724037643,0.0500657235189703,0.05097683666377783,10
HGNN,diagnostics,un,234,0.05048941046565303,0.00045559786913316346,0.050033812596519865,0.05094500833478619,10
HGNN,diagnostics,un,235,0.050457732425386995,0.00045563225714708935,0.0500021001682399,0.05091336468253409,10
HGNN,diagnostics,un,236,0.050426245261679783,0.0004556596612563394,0.049970585600423445,0.05088190492293612,10
HGNN,diagnostics,un,237,0.05039494826054884,0.00045568000998299726,0.04993926825056584,0.05085062827053184,10
HGNN,diagnostics,un,238,0.05036384070304308,0.00045569323549774816,0.049908147467545336,0.05081953393854083,10
HGNN,diagnostics,un,239,0.05033292186536279,0.0004556992735574026,0.04987722259180539,0.050788621138920194,10
HGNN,diagnostics,un,240,0.05030219101898138,0.00045569806344268143,0.0498464929555387,0.05075788908242406,10
HGNN,diagnostics,un,241,0.050271647430768764,0.0004556895478962798,0.049815957882872484,0.05072733697866504,10
HGNN,diagnostics,un,242,0.0502412903631161,0.00045567367306120234,0.0497856166900549,0.0506969640361773,10
HGNN,diagnostics,un,243,0.05021111907406178,0.00045565038841950586,0.049755468685642276,0.05066676946248129,10
HGNN,diagnostics,un,244,0.05018113281741845,0.00045561964673130505,0.049725513170687144,0.050636752464149754,10
HGNN,diagnostics,un,245,0.05015133084290084,0.0004555814039742293,0.04969574943892661,0.05060691224687507,10
HGNN,diagnostics,un,246,0.05012171239625433,0.0004555356192832625,0.04966617677697106,0.05057724801553759,10
HGNN,diagnostics,un,247,0.05009227671938391,0.00045548225489099205,0.04963679446449292,0.0505477589742749,10
HGNN,diagnostics,un,248,0.05006302305048375,0.0004554212760683094,0.049607601774415436,0.05051844432655206,10
HGNN,diagnostics,un,249,0.05003395062416673,0.00045535265106558107,0.04957859797310115,0.050489303275232315,10
HGNN,diagnostics,un,250,0.05000505867159423,0.00045527635105428206,0.04954978232053995,0.05046033502264851,10
HGNN,diagnostics,un,251,0.0499763464206058,0.00045519235006912613,0.04952115407053667,0.050431538770674925,10
HGNN,diagnostics,un,252,0.04994781309584874,0.0004551006249506873,0.04949271247089805,0.05040291372079943,10
HGNN,diagnostics,un,253,0.049919457918907305,0.00045500115528857526,0.04946445676361873,0.05037445907419588,10
HGNN,diagnostics,un,254,0.04989128010843162,0.00045489392336509494,0.04943638618506652,0.05034617403179672,10
HGNN,diagnostics,un,255,0.04986327888026603,0.0004547789140994972,0.04940849996616653,0.05031805779436553,10
HGNN,diagnostics,un,256,0.04983545344757692,0.00045465611499272384,0.0493807973325842,0.05029010956256964,10
HGNN,diagnostics,sym,0,1.0,0.0,1.0,1.0,10
HGNN,diagnostics,sym,1,0.545375788296876,0.0018126532513251178,0.543563135045551,0.5471884415482011,10
HGNN,diagnostics,sym,2,0.32166962236863816,0.0020776964252636853,0.3195919259433745,0.32374731879390184,10
HGNN,diagnostics,sym,3,0.21998990335817092,0.0019602370006511654,0.21802966635751975,0.2219501403588221,10
HGNN,diagnostics,sym,4,0.16320736552895082,0.0017524737754655878,0.16145489175348524,0.1649598393044164,10
HGNN,diagnostics,sym,5,0.12823045741437372,0.0015608668293827838,0.12666959058499094,0.1297913242437565,10
HGNN,diagnostics,sym,6,0.10537406757713205,0.0014008835327886326,0.10397318404434341,0.10677495110992069,10
HGNN,diagnostics,sym,7,0.0896431421510666,0.001264733677477005,0.08837840847358959,0.09090787582854361,10
HGNN,diagnostics,sym,8,0.07828621950022636,0.0011456757474753397,0.07714054375275102,0.07943189524770171,10
HGNN,diagnostics,sym,9,0.06973615524975839,0.0010405903803383967,0.06869556486942,0.07077674563009678,10
HGNN,diagnostics,sym,10,0.06306927908564333,0.0009482099026519492,0.06212106918299138,0.06401748898829528,10
HGNN,diagnostics,sym,11,0.05771951514866851,0.0008677874783516881,0.05685172767031682,0.058587302627020194,10
HGNN,diagnostics,sym,12,0.053325394666198886,0.0007985518248817375,0.052526842841317145,0.05412394649108063,10
HGNN,diagnostics,sym,13,0.04964672000378157,0.0007395808584572262,0.048907139145324345,0.050386300862238796,10
HGNN,diagnostics,sym,14,0.04651796143590366,0.000689832193911639,0.04582812924199202,0.047207793629815295,10
HGNN,diagnostics,sym,15,0.043821335747436706,0.0006482108243353925,0.04317312492310131,0.0444695465717721,10
HGNN,diagnostics,sym,16,0.04147069213257891,0.0006136311443030387,0.04085706098827587,0.04208432327688195,10
HGNN,diagnostics,sym,17,0.03940151502253704,0.0005850625197500666,0.03881645250278697,0.039986577542287106,10
HGNN,diagnostics,sym,18,0.037564506327856316,0.0005615585849380791,0.037002947742918235,0.0381260649127944,10
HGNN,diagnostics,sym,19,0.03592133447541593,0.000542273244682702,0.03537906123073323,0.03646360772009863,10
HGNN,diagnostics,sym,20,0.03444173879291752,0.0005264665667717549,0.033915272226145765,0.03496820535968928,10
HGNN,diagnostics,sym,21,0.03310150792255641,0.0005135033730369086,0.0325880045495195,0.033615011295593314,10
HGNN,diagnostics,sym,22,0.031881037688027906,0.0005028469116725038,0.031378190776355404,0.03238388459970041,10
HGNN,diagnostics,sym,23,0.030764282732839637,0.0004940495791648718,0.030270233153674764,0.031258332312004505,10
HGNN,diagnostics,sym,24,0.029737981669155637,0.00048674224114264716,0.02925123942801299,0.030224723910298283,10
HGNN,diagnostics,sym,25,0.028791075911380987,0.0004806232875102096,0.028310452623870778,0.029271699198891197,10
HGNN,diagnostics,sym,26,0.027914268028846834,0.0004754481795288562,0.027438819849317977,0.02838971620837569,10
HGNN,diagnostics,sym,27,0.0270996821346142,0.0004710199332484275,0.026628662201365776,0.027570702067862628,10
HGNN,diagnostics,sym,28,0.026340599914111817,0.00046718074744192344,0.025873419166669895,0.02680778066155374,10
HGNN,diagnostics,sym,29,0.025631253412460774,0.00046380482207588166,0.025167448590384892,0.026095058234536655,10
HGNN,diagnostics,sym,30,0.024966660885001067,0.00046079231301767636,0.02450586857198339,0.025427453198018743,10
HGNN,diagnostics,sym,31,0.024342495651505675,0.0004580643145663377,0.023884431336939335,0.024800559966072014,10
HGNN,diagnostics,sym,32,0.02375498048090492,0.0004555587388418118,0.023299421742063106,0.02421053921974673,10
HGNN,diagnostics,sym,33,0.023200801897065963,0.00045322695825764016,0.022747574938808322,0.023654028855323604,10
HGNN,diagnostics,sym,34,0.022677040155014393,0.0004510310856367525,0.02222600906937764,0.023128071240651145,10
HGNN,diagnostics,sym,35,0.02218111163832262,0.0004489417802452514,0.02173216985807737,0.022630053418567872,10
HGNN,diagnostics,sym,36,0.021710721173490762,0.0004469364835266282,0.021263784689964135,0.02215765765701739,10
HGNN,diagnostics,sym,37,0.02126382231655375,0.00044499800355956583,0.020818824312994186,0.021708820320113315,10
HGNN,diagnostics,sym,38,0.020838584090626902,0.0004431133811805919,0.02039547070944631,0.021281697471807495,10
HGNN,diagnostics,sym,39,0.020433362976158796,0.0004412729828701338,0.01999208999328866,0.02087463595902893,10
HGNN,diagnostics,sym,40,0.02004667920389518,0.000439469775816186,0.019607209428078993,0.020486148979711367,10
HGNN,diagnostics,sym,41,0.019677196592607672,0.00043769874915128315,0.01923949784345639,0.020114895341758955,10
HGNN,diagnostics,sym,42,0.019323705323191036,0.00043595645239940704,0.01888774887079163,0.019759661775590444,10
HGNN,diagnostics,sym,43,0.018985107157914138,0.00043424062789089083,0.018550866530023247,0.01941934778580503,10
HGNN,diagnostics,sym,44,0.01866040270597897,0.0004325499185209453,0.018227852787458025,0.019092952624499913,10
HGNN,diagnostics,sym,45,0.01834868040977455,0.00043088363593676957,0.017917796773837782,0.01877956404571132,10
HGNN,diagnostics,sym,46,0.018049106984598683,0.00042924157720879895,0.017619865407389884,0.01847834856180748,10
HGNN,diagnostics,sym,47,0.017760919091424077,0.0004276238804161117,0.017333295211007967,0.018188542971840187,10
HGNN,diagnostics,sym,48,0.01748341606000191,0.00042603091147213766,0.017057385148529773,0.01790944697147405,10
HGNN,diagnostics,sym,49,0.017215953510148114,0.00042446317603069065,0.016791490334117424,0.017640416686178804,10
HGNN,diagnostics,sym,50,0.016957937743928588,0.0004229212515213071,0.01653501649240728,0.017380858995449895,10
HGNN,diagnostics,sym,51,0.01670882080180634,0.0004214057353292438,0.016287415066477094,0.017130226537135584,10
HGNN,diagnostics,sym,52,0.01646809609253653,0.00041991720590872346,0.016048178886627806,0.01688801329844525,10
HGNN,diagnostics,sym,53,0.01623529452040435,0.0004184561942376831,0.015816838326166666,0.01665375071464203,10
HGNN,diagnostics,sym,54,0.016009981044852916,0.000417023163519726,0.01559295788133319,0.01642700420837264,10
HGNN,diagnostics,sym,55,0.015791751617088092,0.0004156184954388733,0.015376133121649219,0.016207370112526966,10
HGNN,diagnostics,sym,56,0.015580230446225562,0.0004142424815952094,0.015165987964630354,0.01599447292782077,10
HGNN,diagnostics,sym,57,0.015375067554245222,0.00041289531900959357,0.014962172235235629,0.015787962873254815,10
HGNN,diagnostics,sym,58,0.015175936584665378,0.0004115771087963685,0.014764359475869009,0.015587513693461747,10
HGNN,diagnostics,sym,59,0.014982532834626475,0.000410287857273664,0.014572244977352811,0.01539282069190014,10
HGNN,diagnostics,sym,60,0.014794571484130017,0.0004090274789197427,0.014385544005210273,0.01520359896304976,10
HGNN,diagnostics,sym,61,0.014611785999632546,0.0004077958006968042,0.01420399019893574,0.01501958180032935,10
HGNN,diagnostics,sym,62,0.014433926692145951,0.00040659256735581586,0.014027334124790136,0.014840519259501767,10
HGNN,diagnostics,sym,63,0.014260759412524795,0.00040541744741136445,0.01385534196511343,0.01466617685993616,10
HGNN,diagnostics,sym,64,0.01409206436879475,0.00040427003953704874,0.0136877943292577,0.014496334408331799,10
HGNN,diagnostics,sym,65,0.013927635052249249,0.0004031498791825852,0.013524485173066664,0.014330784931431834,10
HGNN,diagnostics,sym,66,0.013767277260659586,0.0004020564452551605,0.013365220815404425,0.014169333705914746,10
HGNN,diagnostics,sym,67,0.013610808208344477,0.00040098916674160515,0.013209819041602872,0.014011797375086083,10
HGNN,diagnostics,sym,68,0.013458055714061423,0.0003999474291758548,0.013058108284885569,0.013858003143237277,10
HGNN,diagnostics,sym,69,0.01330885745873966,0.00039893058087909225,0.012909926877860568,0.013707788039618751,10
HGNN,diagnostics,sym,70,0.01316306030599639,0.00039793793891869036,0.0127651223670777,0.01356099824491508,10
HGNN,diagnostics,sym,71,0.01302051967918288,0.0003969687947474513,0.012623550884435428,0.01341748847393033,10
HGNN,diagnostics,sym,72,0.012881098989411258,0.0003960224194970903,0.012485076569914167,0.01327712140890835,10
HGNN,diagnostics,sym,73,0.012744669109630019,0.00039509806891016396,0.012349571040719855,0.013139767178540183,10
HGNN,diagnostics,sym,74,0.012611107890357947,0.00039419498790275965,0.012216912902455187,0.013005302878260707,10
HGNN,diagnostics,sym,75,0.012480299713162654,0.00039331241475693707,0.012086987298405717,0.012873612127919591,10
HGNN,diagnostics,sym,76,0.01235213507838933,0.00039244958494707944,0.01195968549344225,0.01274458466333641,10
HGNN,diagnostics,sym,77,0.012226510224015365,0.00039160573460847887,0.011834904489406885,0.012618115958623844,10
HGNN,diagnostics,sym,78,0.012103326772833232,0.000390780103659634,0.0117125466691736,0.012494106876492866,10
HGNN,diagnostics,sym,79,0.011982491405453075,0.0003899719385921548,0.01159251946686092,0.01237246334404523,10
HGNN,diagnostics,sym,80,0.011863915556872443,0.0003891804949438821,0.011474735061928561,0.012253096051816325,10
HGNN,diagnostics,sym,81,0.011747515134587567,0.00038840503947212195,0.011359110095115445,0.012135920174059688,10
HGNN,diagnostics,sym,82,0.011633210256422267,0.0003876448520446137,0.011245565404377654,0.01202085510846688,10
HGNN,diagnostics,sym,83,0.011520925006429776,0.00038689922726627455,0.011134025779163502,0.011907824233696051,10
HGNN,diagnostics,sym,84,0.011410587207382396,0.00038616747585993677,0.01102441973152246,0.011796754683242332,10
HGNN,diagnostics,sym,85,0.01130212820850613,0.0003854489258190962,0.010916679282687034,0.011687577134325227,10
HGNN,diagnostics,sym,86,0.011195482687244497,0.000384742923350458,0.01081073976389404,0.011580225610594954,10
HGNN,diagnostics,sym,87,0.011090588463949131,0.000384048833623551,0.01070653963032558,0.011474637297572683,10
HGNN,diagnostics,sym,88,0.010987386328496353,0.0003833660413441369,0.010604020287152217,0.01137075236984049,10
HGNN,diagnostics,sym,89,0.010885819877919905,0.0003826939511674557,0.01050312592675245,0.01126851382908736,10
HGNN,diagnostics,sym,90,0.01078583536423154,0.0003820319879666172,0.010403803376264922,0.011167867352198158,10
HGNN,diagnostics,sym,91,0.010687381551674539,0.0003813795969707063,0.010306001954703832,0.011068761148645245,10
HGNN,diagnostics,sym,92,0.010590409582721085,0.00038073624378628533,0.0102096733389348,0.010971145826507371,10
HGNN,diagnostics,sym,93,0.01049487285218373,0.0003801014143152709,0.01011477143786846,0.010874974266499,10
HGNN,diagnostics,sym,94,0.010400726888864734,0.0003794746145812197,0.010021252274283514,0.010780201503445955,10
HGNN,diagnostics,sym,95,0.010307929244215268,0.0003788553704753477,0.00992907387373992,0.010686784614690616,10
HGNN,diagnostics,sym,96,0.010216439387520088,0.00037824322743274007,0.009838196160087348,0.010594682614952828,10
HGNN,diagnostics,sym,97,0.010126218607162849,0.0003776377500484411,0.009748580857114407,0.01050385635721129,10
HGNN,diagnostics,sym,98,0.010037229917562845,0.00037703852164239324,0.009660191395920451,0.010414268439205239,10
HGNN,diagnostics,sym,99,0.009949437971406511,0.00037644514378140805,0.009572992827625103,0.01032588311518792,10
HGNN,diagnostics,sym,100,0.009862808976826402,0.00037585723576572796,0.009486951741060673,0.01023866621259213,10
HGNN,diagnostics,sym,101,0.009777310619207145,0.00037527443408697664,0.009402036185120168,0.010152585053294121,10
HGNN,diagnostics,sym,102,0.009692911987322354,0.00037469639186380626,0.009318215595458548,0.01006760837918616,10
HGNN,diagnostics,sym,103,0.009609583503528528,0.00037412277826078926,0.009235460725267739,0.009983706281789316,10
HGNN,diagnostics,sym,104,0.009527296857762376,0.00037355327789570996,0.009153743579866666,0.009900850135658086,10
HGNN,diagnostics,sym,105,0.009446024945106567,0.0003729875902397579,0.009073037354866809,0.009819012535346325,10
HGNN,diagnostics,sym,106,0.009365741806705682,0.00037242542901470344,0.008993316377690979,0.009738167235720385,10
HGNN,diagnostics,sym,107,0.009286422573829894,0.00037186652159067684,0.008914556052239217,0.009658289095420571,10
HGNN,diagnostics,sym,108,0.00920804341489798,0.0003713106083877154,0.008836732806510265,0.009579354023285695,10
HGNN,diagnostics,sym,109,0.00913058148528436,0.0003707574422838909,0.008759824043000469,0.009501338927568251,10
HGNN,diagnostics,sym,110,0.009054014879747007,0.00037020678803243926,0.008683808091714568,0.009424221667779446,10
HGNN,diagnostics,sym,111,0.008978322587323898,0.0003696584216899999,0.008608664165633897,0.009347981009013899,10
HGNN,diagnostics,sym,112,0.00890348444855606,0.00036911213005775363,0.008534372318498306,0.009272596578613814,10
HGNN,diagnostics,sym,113,0.008829481114904556,0.00036856771013698105,0.008460913404767576,0.009198048825041537,10
HGNN,diagnostics,sym,114,0.008756294010237402,0.00036802496860029686,0.008388269041637106,0.0091243189788377,10
HGNN,diagnostics,sym,115,0.008683905294270511,0.00036748372127959296,0.008316421572990918,0.009051389015550105,10
HGNN,diagnostics,sym,116,0.008612297827854044,0.00036694379267150726,0.008245354035182536,0.008979241620525552,10
HGNN,diagnostics,sym,117,0.00854145514000253,0.0003664050154610474,0.008175050124541483,0.008907860155463578,10
HGNN,diagnostics,sym,118,0.008471361396573328,0.00036586723006383037,0.008105494166509498,0.008837228626637158,10
HGNN,diagnostics,sym,119,0.008402001370504095,0.0003653302841872378,0.008036671086316857,0.008767331654691334,10
HGNN,diagnostics,sym,120,0.008333360413525195,0.00036479403241065553,0.007968566381114539,0.00869815444593585,10
HGNN,diagnostics,sym,121,0.008265424429268213,0.0003642583357848618,0.007901166093483352,0.008629682765053074,10
HGNN,diagnostics,sym,122,0.008198179847696422,0.0003637230614504613,0.00783445678624596,0.008561902909146882,10
HGNN,diagnostics,sym,123,0.008131613600787452,0.00036318808227526025,0.007768425518512192,0.008494801683062712,10
HGNN,diagnostics,sym,124,0.00806571309940256,0.0003626532765103014,0.007703059822892258,0.008428366375912861,10
HGNN,diagnostics,sym,125,0.00800046621128065,0.0003621185274642776,0.007638347683816373,0.008362584738744927,10
HGNN,diagnostics,sym,126,0.007935861240098875,0.0003615837231959229,0.007574277516902953,0.0082974449632948,10
HGNN,diagnostics,sym,127,0.007871886905544873,0.0003610487562239939,0.007510838149320879,0.008232935661768867,10
HGNN,diagnostics,sym,128,0.0078085323243489175,0.000360513523254321,0.007448018801094597,0.008169045847603239,10
HGNN,diagnostics,sym,129,0.007745786992227119,0.0003599779249234827,0.007385809067303637,0.008105764917150602,10
HGNN,diagnostics,sym,130,0.007683640766689548,0.0003594418655585021,0.007324198901131046,0.00804308263224805,10
HGNN,diagnostics,sym,131,0.007622083850669745,0.0003589052529520608,0.007263178597717684,0.007980989103621805,10
HGNN,diagnostics,sym,132,0.007561106776934441,0.0003583679981526172,0.007202738778781824,0.007919474775087058,10
HGNN,diagnostics,sym,133,0.007500700393234608,0.00035783001526884674,0.007142870377965761,0.007858530408503454,10
HGNN,diagnostics,sym,134,0.007440855848161001,0.00035729122128781395,0.007083564626873188,0.007798147069448815,10
HGNN,diagnostics,sym,135,0.007381564577669425,0.0003567515359062486,0.007024813041763176,0.0077383161135756735,10
HGNN,diagnostics,sym,136,0.007322818292242754,0.0003562108813743497,0.006966607410868405,0.007679029173617104,10
HGNN,diagnostics,sym,137,0.007264608964658488,0.00035566918235147656,0.006908939782307012,0.007620278147009964,10
HGNN,diagnostics,sym,138,0.007206928818332336,0.00035512636577317134,0.006851802452559165,0.007562055184105508,10
HGNN,diagnostics,sym,139,0.007149770316209789,0.0003545823607288832,0.006795187955480906,0.007504352676938672,10
HGNN,diagnostics,sym,140,0.0070931261501791494,0.00035403709834983443,0.006739089051829315,0.0074471632485289836,10
HGNN,diagnostics,sym,141,0.007036989230980874,0.00035349051170645084,0.0066834987192744225,0.007390479742687325,10
HGNN,diagnostics,sym,142,0.006981352678589327,0.0003529425357147981,0.0066284101428745286,0.007334295214304125,10
HGNN,diagnostics,sym,143,0.006926209813044322,0.0003523931070514838,0.0065738167059928385,0.0072786029200958054,10
HGNN,diagnostics,sym,144,0.006871554145710943,0.00035184216407650005,0.006519711981634442,0.007223396309787443,10
HGNN,diagnostics,sym,145,0.006817379370947246,0.00035128964676348025,0.006466089724183766,0.007168669017710726,10
HGNN,diagnostics,sym,146,0.006763679358160482,0.00035073549663690214,0.00641294386152358,0.007114414854797384,10
HGNN,diagnostics,sym,147,0.006710448144233376,0.00035017965671572574,0.00636026848751765,0.007060627800949102,10
HGNN,diagnostics,sym,148,0.006657679926303067,0.0003496220714630418,0.006308057854840025,0.007007301997766109,10
HGNN,diagnostics,sym,149,0.0066053690548759855,0.00034906268674126864,0.006256306368134717,0.006954431741617254,10
HGNN,diagnostics,sym,150,0.006553510027262949,0.0003485014497724742,0.006205008577490475,0.006902011477035423,10
HGNN,diagnostics,sym,151,0.0065020974813194046,0.00034793830910343805,0.0061541591722159665,0.006850035790422843,10
HGNN,diagnostics,sym,152,0.006451126189476557,0.0003473732145750489,0.006103752974901507,0.006798499404051606,10
HGNN,diagnostics,sym,153,0.0064005910530497475,0.000346806117295677,0.00605378493575407,0.006747397170345425,10
HGNN,diagnostics,sym,154,0.006350487096811214,0.00034623696961817664,0.006004250127193037,0.00669672406642939,10
HGNN,diagnostics,sym,155,0.006300809463814854,0.0003456657251201931,0.0059551437386946605,0.006646475188935047,10
HGNN,diagnostics,sym,156,0.006251553410461311,0.00034509233858743204,0.005906461071873878,0.006596645749048743,10
HGNN,diagnostics,sym,157,0.006202714301792235,0.00034451676599964377,0.005858197535792592,0.006547231067791879,10
HGNN,diagnostics,sym,158,0.00615428760700305,0.0003439389645189931,0.005810348642484057,0.0064982265715220425,10
HGNN,diagnostics,sym,159,0.006106268895164151,0.00034335889248059045,0.00576291000268356,0.006449627787644741,10
HGNN,diagnostics,sym,160,0.00605865383114087,0.00034277650938491265,0.005715877321755958,0.0064014303405257825,10
HGNN,diagnostics,sym,161,0.006011438171703032,0.00034219177589190004,0.005669246395811132,0.006353629947594932,10
HGNN,diagnostics,sym,162,0.00596461776181533,0.00034160465381650237,0.005623013107998827,0.006306222415631832,10
HGNN,diagnostics,sym,163,0.005918188531100206,0.00034101510612547485,0.005577173424974731,0.006259203637225681,10
HGNN,diagnostics,sym,164,0.0058721464904652665,0.0003404230969352358,0.00553172339353003,0.006212569587400503,10
HGNN,diagnostics,sym,165,0.00582648772888764,0.0003398285915106213,0.005486659137377019,0.0061663163203982616,10
HGNN,diagnostics,sym,166,0.005781208410348068,0.00033923155626435284,0.0054419768540837155,0.006120439966612421,10
HGNN,diagnostics,sym,167,0.00573630477090782,0.00033863195875709486,0.005397672812150724,0.006074936729664915,10
HGNN,diagnostics,sym,168,0.0056917731159218605,0.0003380297676979498,0.005353743348223911,0.00602980288361981,10
HGNN,diagnostics,sym,169,0.005647609817381998,0.00033742495294526004,0.005310184864436737,0.005985034770327258,10
HGNN,diagnostics,sym,170,0.005603811311384009,0.00033681748550762114,0.005266993825876388,0.00594062879689163,10
HGNN,diagnostics,sym,171,0.005560374095713072,0.0003362073375449755,0.005224166758168097,0.005896581433258047,10
HGNN,diagnostics,sym,172,0.0055172947275420004,0.00033559448236971257,0.005181700245172288,0.005852889209911713,10
HGNN,diagnostics,sym,173,0.005474569821237137,0.0003349788944476767,0.00513959092678946,0.005809548715684814,10
HGNN,diagnostics,sym,174,0.005432196046266892,0.00033436054939900585,0.005097835496867886,0.005766556595665898,10
HGNN,diagnostics,sym,175,0.005390170125208234,0.00033373942399873873,0.005056430701209496,0.0057239095492069725,10
HGNN,diagnostics,sym,176,0.005348488831846578,0.0003331154961771191,0.005015373335669458,0.0056816043280236974,10
HGNN,diagnostics,sym,177,0.0053071489893647605,0.00033248874501954506,0.004974660244345216,0.005639637734384305,10
HGNN,diagnostics,sym,178,0.005266147468616997,0.0003318591507661263,0.004934288317850871,0.005598006619383124,10
HGNN,diagnostics,sym,179,0.005225481186483876,0.000331226694810782,0.0048942544916730935,0.005556707881294658,10
HGNN,diagnostics,sym,180,0.005185147104304613,0.00033059135969987544,0.004854555744604737,0.0055157384640044885,10
HGNN,diagnostics,sym,181,0.005145142226383011,0.0003299531291303323,0.004815189097252679,0.005475095355513344,10
HGNN,diagnostics,sym,182,0.005105463598563691,0.0003293119879472206,0.004776151610616471,0.005434775586510911,10
HGNN,diagnostics,sym,183,0.005066108306875292,0.0003286679221407886,0.004737440384734504,0.005394776229016081,10
HGNN,diagnostics,sym,184,0.005027073476237565,0.0003280209188429206,0.004699052557394645,0.005355094395080485,10
HGNN,diagnostics,sym,185,0.004988356269229329,0.00032737096632301776,0.0046609853029063114,0.005315727235552347,10
HGNN,diagnostics,sym,186,0.0049499538849144846,0.0003267180539832868,0.004623235830931198,0.005276671938897771,10
HGNN,diagnostics,sym,187,0.00491186355772332,0.0003260621723534404,0.004585801385369879,0.00523792573007676,10
HGNN,diagnostics,sym,188,0.004874082556386543,0.0003254033130847966,0.004548679243301746,0.00519948586947134,10
HGNN,diagnostics,sym,189,0.004836608182919547,0.000324741468943788,0.0045118667139757585,0.005161349651863335,10
HGNN,diagnostics,sym,190,0.004799437771654526,0.0003240766338048821,0.004475361137849644,0.005123514405459408,10
HGNN,diagnostics,sym,191,0.004762568688318194,0.00032340880264292474,0.004439159885675269,0.005085977490961119,10
HGNN,diagnostics,sym,192,0.004725998329152937,0.00032273797152490314,0.004403260357628034,0.00504873630067784,10
HGNN,diagnostics,sym,193,0.004689724120079337,0.0003220641376011553,0.004367659982478182,0.005011788257680493,10
HGNN,diagnostics,sym,194,0.004653743515898077,0.0003213872990960252,0.004332356216802052,0.004975130814994102,10
HGNN,diagnostics,sym,195,0.0046180539995293755,0.00032070745529799016,0.004297346544231385,0.004938761454827366,10
HGNN,diagnostics,sym,196,0.004582653081288128,0.0003200246065492627,0.0042626284747388655,0.004902677687837391,10
HGNN,diagnostics,sym,197,0.004547538298193033,0.00031933875423489525,0.004228199543958137,0.004866877052427929,10
HGNN,diagnostics,sym,198,0.0045127072133080955,0.0003186499007714025,0.004194057312536693,0.004831357114079498,10
HGNN,diagnostics,sym,199,0.0044781574151148956,0.00031795804959491213,0.004160199365519983,0.004796115464709808,10
HGNN,diagnostics,sym,200,0.004443886516914172,0.000317263205148878,0.004126623311765294,0.00476114972206305,10
HGNN,diagnostics,sym,201,0.004409892156255252,0.00031656537287136474,0.004093326783383888,0.0047264575291266165,10
HGNN,diagnostics,sym,202,0.004376171994392003,0.000315864559181924,0.004060307435210079,0.004692036553573926,10
HGNN,diagnostics,sym,203,0.004342723715763973,0.00031516077146809366,0.0040275629442958795,0.0046578844872320665,10
HGNN,diagnostics,sym,204,0.004309545027501507,0.0003144540180715291,0.003995091009429978,0.004623999045573036,10
HGNN,diagnostics,sym,205,0.0042766336589536175,0.00031374430827379454,0.003962889350679823,0.004590377967227412,10
HGNN,diagnostics,sym,206,0.004243987361237525,0.0003130316522818351,0.00393095570895569,0.004557019013519361,10
HGNN,diagnostics,sym,207,0.004211603906808749,0.0003123160612131498,0.003899287845595599,0.004523919968021899,10
HGNN,diagnostics,sym,208,0.004179481089050737,0.000311597547080688,0.003867883541970049,0.004491078636131425,10
HGNN,diagnostics,sym,209,0.004147616721883058,0.0003108761227774877,0.0038367405991055707,0.004458492844660546,10
HGNN,diagnostics,sym,210,0.0041160086393872055,0.00031015180206108063,0.003805856837326125,0.004426160441448286,10
HGNN,diagnostics,sym,211,0.004084654695449121,0.0003094245995376827,0.0037752300959114386,0.004394079294986804,10
HGNN,diagnostics,sym,212,0.004053552763417604,0.00030869453064618854,0.003744858232771415,0.004362247294063792,10
HGNN,diagnostics,sym,213,0.0040227007357777666,0.00030796161164199453,0.003714739124135772,0.004330662347419761,10
HGNN,diagnostics,sym,214,0.003992096523838787,0.00030722585958066544,0.003684870664258122,0.004299322383419453,10
HGNN,diagnostics,sym,215,0.003961738057435198,0.00030648729230146557,0.003655250765133733,0.004268225349736664,10
HGNN,diagnostics,sym,216,0.003931623284641027,0.0003057459284107763,0.003625877356230251,0.004237369213051804,10
HGNN,diagnostics,sym,217,0.0039017501714961106,0.00030500178726540917,0.0035967483842307014,0.00420675195876152,10
HGNN,diagnostics,sym,218,0.0038721167017439313,0.0003042548889558445,0.0035678618127880867,0.0041763715906997755,10
HGNN,diagnostics,sym,219,0.003842720876580397,0.0003035052542894028,0.003539215622290994,0.0041462261308698,10
HGNN,diagnostics,sym,220,0.0038135607144129573,0.0003027529047733706,0.0035108078096395866,0.004116313619186328,10
HGNN,diagnostics,sym,221,0.0037846342506295144,0.0003019978625980952,0.0034826363880314194,0.004086632113227609,10
HGNN,diagnostics,sym,222,0.0037559395373766074,0.00030124015062006106,0.0034546993867565464,0.0040571796879966685,10
HGNN,diagnostics,sym,223,0.0037274746433463663,0.0003004797923449739,0.0034269948510013927,0.00402795443569134,10
HGNN,diagnostics,sym,224,0.0036992376535717594,0.00029971681191084677,0.0033995208416609125,0.003998954465482606,10
HGNN,diagnostics,sym,225,0.003671226669229683,0.0002989512340711254,0.0033722754351585577,0.003970177903300808,10
HGNN,diagnostics,sym,226,0.0036434398074514616,0.00029818308417784697,0.0033452567232736146,0.003941622891629308,10
HGNN,diagnostics,sym,227,0.0036158752011403532,0.00029741238816485225,0.003318462812975501,0.003913287589305206,10
HGNN,diagnostics,sym,228,0.0035885309987956715,0.00029663917253107056,0.003291891826264601,0.003885170171326742,10
HGNN,diagnostics,sym,229,0.0035614053643431383,0.0002958634643238713,0.003265541900019267,0.0038572688286670096,10
HGNN,diagnostics,sym,230,0.0035344964769711508,0.00029508529112251086,0.00323941118584864,0.0038295817680936615,10
HGNN,diagnostics,sym,231,0.0035078025309725923,0.00029430468102167423,0.003213497849950918,0.0038021072119942666,10
HGNN,diagnostics,sym,232,0.0034813217355918863,0.00029352166261512654,0.00318780007297676,0.003774843398207013,10
HGNN,diagnostics,sym,233,0.00345505231487701,0.0002927362649794794,0.0031623160498975306,0.0037477885798564894,10
HGNN,diagnostics,sym,234,0.0034289925075361425,0.0002919485176580842,0.0031370439898780584,0.0037209410251942267,10
HGNN,diagnostics,sym,235,0.0034031405667987154,0.0002911584506450599,0.0031119821161536554,0.0036942990174437754,10
HGNN,diagnostics,sym,236,0.0033774947602805937,0.00029036609436946154,0.003087128665911132,0.0036678608546500554,10
HGNN,diagnostics,sym,237,0.0033520533698531384,0.0002895714796796001,0.0030624818901735383,0.0036416248495327384,10
HGNN,diagnostics,sym,238,0.0033268146915159296,0.00028877463782751427,0.0030380400536884154,0.003615589329343444,10
HGNN,diagnostics,sym,239,0.003301777035272932,0.0002879756004536059,0.003013801434819326,0.0035897526357265377,10
HGNN,diagnostics,sym,240,0.0032769387250118865,0.0002871743995714453,0.0029897643254404413,0.0035641131245833318,10
HGNN,diagnostics,sym,241,0.003252298098386753,0.00028637106755274617,0.002965927030834007,0.003538669165939499,10
HGNN,diagnostics,sym,242,0.00322785350670299,0.0002855656371125198,0.0029422878695904704,0.0035134191438155097,10
HGNN,diagnostics,sym,243,0.0032036033148055225,0.0002847581412944146,0.002918845173511108,0.003488361456099937,10
HGNN,diagnostics,sym,244,0.0031795459009692274,0.000283948613456237,0.0028955972875129906,0.003463494514425464,10
HGNN,diagnostics,sym,245,0.0031556796567917635,0.0002831370872556662,0.002872542569536097,0.00343881674404743,10
HGNN,diagnostics,sym,246,0.003132002987088628,0.00028232359663616535,0.0028496793904524624,0.0034143265837247934,10
HGNN,diagnostics,sym,247,0.003108514309790271,0.0002815081758130819,0.002827006133977189,0.0033900224856033526,10
HGNN,diagnostics,sym,248,0.0030852120558411598,0.0002806908592599565,0.0028045211965812035,0.003365902915101116,10
HGNN,diagnostics,sym,249,0.003062094669100661,0.0002798716816950261,0.002782222987405635,0.0033419663507956872,10
HGNN,diagnostics,sym,250,0.003039160606245618,0.0002790506780679371,0.0027601099281776807,0.003318211284313555,10
HGNN,diagnostics,sym,251,0.0030164083366745285,0.000278227883546662,0.0027381804531278666,0.0032946362202211903,10
HGNN,diagnostics,sym,252,0.0029938363424132086,0.0002774033335046197,0.002716433008908589,0.0032712396759178282,10
HGNN,diagnostics,sym,253,0.0029714431180218517,0.0002765770635080127,0.002694866054513839,0.0032480201815298644,10
HGNN,diagnostics,sym,254,0.002949227170503386,0.00027574910930336523,0.0026734780612000207,0.0032249762798067516,10
HGNN,diagnostics,sym,255,0.0029271870192130586,0.000274919506805276,0.0026522675124077827,0.0032021065260183345,10
HGNN,diagnostics,sym,256,0.002905321195769147,0.0002740882920843811,0.002631232903684766,0.003179409487853528,10
HGNN,diagnostics,op,0,1.0,0.0,1.0,1.0,10
HGNN,diagnostics,op,1,0.5453757882968759,0.001812653251325107,0.5435631350455509,0.547188441548201,10
HGNN,diagnostics,op,2,0.32166962236863816,0.002077696425263643,0.31959192594337454,0.3237473187939018,10
HGNN,diagnostics,op,3,0.21998990335817092,0.001960237000651151,0.21802966635751977,0.22195014035882207,10
HGNN,diagnostics,op,4,0.16320736552895082,0.0017524737754655805,0.16145489175348524,0.1649598393044164,10
HGNN,diagnostics,op,5,0.12823045741437372,0.0015608668293827798,0.12666959058499094,0.1297913242437565,10
HGNN,diagnostics,op,6,0.10537406757713205,0.0014008835327886265,0.10397318404434343,0.10677495110992068,10
HGNN,diagnostics,op,7,0.0896431421510666,0.0012647336774770108,0.08837840847358959,0.09090787582854361,10
HGNN,diagnostics,op,8,0.07828621950022635,0.0011456757474753334,0.07714054375275102,0.07943189524770168,10
HGNN,diagnostics,op,9,0.06973615524975839,0.0010405903803383932,0.06869556486942,0.07077674563009678,10
HGNN,diagnostics,op,10,0.06306927908564333,0.0009482099026519537,0.06212106918299138,0.06401748898829529,10
HGNN,diagnostics,op,11,0.05771951514866851,0.0008677874783516854,0.05685172767031682,0.058587302627020194,10
HGNN,diagnostics,op,12,0.053325394666198886,0.0007985518248817371,0.05252684284131715,0.05412394649108062,10
HGNN,diagnostics,op,13,0.049646720003781564,0.0007395808584572252,0.04890713914532434,0.05038630086223879,10
HGNN,diagnostics,op,14,0.04651796143590366,0.0006898321939116418,0.04582812924199201,0.0472077936298153,10
HGNN,diagnostics,op,15,0.043821335747436706,0.0006482108243353946,0.04317312492310131,0.0444695465717721,10
HGNN,diagnostics,op,16,0.04147069213257891,0.0006136311443030416,0.040857060988275865,0.042084323276881955,10
HGNN,diagnostics,op,17,0.03940151502253704,0.0005850625197500678,0.03881645250278697,0.039986577542287106,10
HGNN,diagnostics,op,18,0.03756450632785632,0.0005615585849380777,0.03700294774291824,0.038126064912794404,10
HGNN,diagnostics,op,19,0.03592133447541593,0.000542273244682705,0.03537906123073322,0.036463607720098636,10
HGNN,diagnostics,op,20,0.03444173879291752,0.0005264665667717569,0.033915272226145765,0.03496820535968928,10
HGNN,diagnostics,op,21,0.03310150792255641,0.0005135033730369101,0.032588004549519496,0.03361501129559332,10
HGNN,diagnostics,op,22,0.031881037688027906,0.0005028469116725058,0.031378190776355404,0.03238388459970041,10
HGNN,diagnostics,op,23,0.030764282732839637,0.0004940495791648712,0.030270233153674764,0.031258332312004505,10
HGNN,diagnostics,op,24,0.029737981669155644,0.00048674224114264933,0.029251239428012995,0.030224723910298294,10
HGNN,diagnostics,op,25,0.02879107591138098,0.0004806232875102124,0.028310452623870767,0.029271699198891193,10
HGNN,diagnostics,op,26,0.027914268028846834,0.00047544817952885614,0.027438819849317977,0.02838971620837569,10
HGNN,diagnostics,op,27,0.0270996821346142,0.00047101993324842823,0.026628662201365772,0.02757070206786263,10
HGNN,diagnostics,op,28,0.026340599914111817,0.0004671807474419248,0.02587341916666989,0.026807780661553742,10
HGNN,diagnostics,op,29,0.025631253412460774,0.00046380482207588225,0.025167448590384892,0.026095058234536655,10
HGNN,diagnostics,op,30,0.024966660885001064,0.00046079231301767674,0.024505868571983388,0.02542745319801874,10
HGNN,diagnostics,op,31,0.02434249565150567,0.0004580643145663377,0.02388443133693933,0.02480055996607201,10
HGNN,diagnostics,op,32,0.023754980480904915,0.0004555587388418135,0.023299421742063103,0.024210539219746727,10
HGNN,diagnostics,op,33,0.023200801897065963,0.00045322695825763946,0.022747574938808322,0.023654028855323604,10
HGNN,diagnostics,op,34,0.022677040155014393,0.000451031085636753,0.02222600906937764,0.023128071240651145,10
HGNN,diagnostics,op,35,0.02218111163832262,0.0004489417802452528,0.02173216985807737,0.022630053418567872,10
HGNN,diagnostics,op,36,0.021710721173490762,0.0004469364835266279,0.021263784689964135,0.02215765765701739,10
HGNN,diagnostics,op,37,0.02126382231655375,0.00044499800355956583,0.020818824312994186,0.021708820320113315,10
HGNN,diagnostics,op,38,0.020838584090626895,0.0004431133811805937,0.020395470709446303,0.021281697471807488,10
HGNN,diagnostics,op,39,0.020433362976158796,0.00044127298287013466,0.01999208999328866,0.02087463595902893,10
HGNN,diagnostics,op,40,0.02004667920389518,0.0004394697758161856,0.019607209428078993,0.020486148979711367,10
HGNN,diagnostics,op,41,0.019677196592607672,0.00043769874915128363,0.01923949784345639,0.020114895341758955,10
HGNN,diagnostics,op,42,0.019323705323191033,0.00043595645239940926,0.018887748870791622,0.019759661775590444,10
HGNN,diagnostics,op,43,0.018985107157914138,0.0004342406278908928,0.018550866530023243,0.019419347785805032,10
HGNN,diagnostics,op,44,0.018660402705978973,0.00043254991852094773,0.018227852787458025,0.01909295262449992,10
HGNN,diagnostics,op,45,0.018348680409774547,0.0004308836359367697,0.01791779677383778,0.018779564045711315,10
HGNN,diagnostics,op,46,0.018049106984598683,0.00042924157720880025,0.01761986540738988,0.018478348561807485,10
HGNN,diagnostics,op,47,0.017760919091424073,0.00042762388041611287,0.01733329521100796,0.018188542971840187,10
HGNN,diagnostics,op,48,0.01748341606000191,0.00042603091147213956,0.017057385148529773,0.01790944697147405,10
HGNN,diagnostics,op,49,0.017215953510148114,0.00042446317603069103,0.016791490334117424,0.017640416686178804,10
HGNN,diagnostics,op,50,0.016957937743928588,0.00042292125152130805,0.01653501649240728,0.017380858995449895,10
HGNN,diagnostics,op,51,0.016708820801806336,0.0004214057353292452,0.01628741506647709,0.01713022653713558,10
HGNN,diagnostics,op,52,0.01646809609253653,0.0004199172059087244,0.016048178886627806,0.01688801329844525,10
HGNN,diagnostics,op,53,0.01623529452040435,0.0004184561942376855,0.015816838326166663,0.016653750714642035,10
HGNN,diagnostics,op,54,0.016009981044852913,0.00041702316351972693,0.015592957881333186,0.01642700420837264,10
HGNN,diagnostics,op,55,0.01579175161708809,0.00041561849543887366,0.015376133121649215,0.016207370112526962,10
HGNN,diagnostics,op,56,0.015580230446225557,0.0004142424815952104,0.015165987964630347,0.015994472927820767,10
HGNN,diagnostics,op,57,0.015375067554245222,0.0004128953190095945,0.014962172235235627,0.015787962873254815,10
HGNN,diagnostics,op,58,0.015175936584665378,0.0004115771087963704,0.014764359475869007,0.015587513693461749,10
HGNN,diagnostics,op,59,0.014982532834626472,0.0004102878572736645,0.014572244977352808,0.015392820691900136,10
HGNN,diagnostics,op,60,0.014794571484130017,0.0004090274789197444,0.014385544005210272,0.015203598963049762,10
HGNN,diagnostics,op,61,0.014611785999632542,0.00040779580069680435,0.014203990198935737,0.015019581800329347,10
HGNN,diagnostics,op,62,0.014433926692145951,0.00040659256735581684,0.014027334124790134,0.014840519259501769,10
HGNN,diagnostics,op,63,0.014260759412524799,0.00040541744741136505,0.013855341965113434,0.014666176859936163,10
HGNN,diagnostics,op,64,0.01409206436879475,0.00040427003953704874,0.0136877943292577,0.014496334408331799,10
HGNN,diagnostics,op,65,0.013927635052249249,0.0004031498791825849,0.013524485173066664,0.014330784931431834,10
HGNN,diagnostics,op,66,0.013767277260659586,0.0004020564452551615,0.013365220815404423,0.014169333705914748,10
HGNN,diagnostics,op,67,0.013610808208344477,0.00040098916674160596,0.013209819041602872,0.014011797375086083,10
HGNN,diagnostics,op,68,0.013458055714061421,0.00039994742917585577,0.013058108284885565,0.013858003143237277,10
HGNN,diagnostics,op,69,0.01330885745873966,0.00039893058087909225,0.012909926877860568,0.013707788039618751,10
HGNN,diagnostics,op,70,0.01316306030599639,0.00039793793891869134,0.012765122367077698,0.013560998244915082,10
HGNN,diagnostics,op,71,0.01302051967918288,0.0003969687947474515,0.012623550884435428,0.01341748847393033,10
HGNN,diagnostics,op,72,0.012881098989411258,0.00039602241949709163,0.012485076569914167,0.01327712140890835,10
HGNN,diagnostics,op,73,0.012744669109630019,0.00039509806891016406,0.012349571040719855,0.013139767178540183,10
HGNN,diagnostics,op,74,0.012611107890357945,0.0003941949879027609,0.012216912902455185,0.013005302878260705,10
HGNN,diagnostics,op,75,0.01248029971316265,0.0003933124147569375,0.012086987298405714,0.012873612127919588,10
HGNN,diagnostics,op,76,0.01235213507838933,0.00039244958494707966,0.01195968549344225,0.01274458466333641,10
HGNN,diagnostics,op,77,0.012226510224015365,0.00039160573460847957,0.011834904489406885,0.012618115958623844,10
HGNN,diagnostics,op,78,0.012103326772833232,0.0003907801036596351,0.011712546669173598,0.012494106876492867,10
HGNN,diagnostics,op,79,0.011982491405453075,0.00038997193859215536,0.01159251946686092,0.01237246334404523,10
HGNN,diagnostics,op,80,0.011863915556872443,0.0003891804949438814,0.011474735061928561,0.012253096051816325,10
HGNN,diagnostics,op,81,0.011747515134587567,0.000388405039472122,0.011359110095115445,0.012135920174059688,10
HGNN,diagnostics,op,82,0.011633210256422267,0.0003876448520446134,0.011245565404377654,0.01202085510846688,10
HGNN,diagnostics,op,83,0.011520925006429775,0.00038689922726627406,0.0111340257791635,0.01190782423369605,10
HGNN,diagnostics,op,84,0.011410587207382396,0.0003861674758599374,0.011024419731522458,0.011796754683242334,10
HGNN,diagnostics,op,85,0.01130212820850613,0.000385448925819096,0.010916679282687034,0.011687577134325227,10
HGNN,diagnostics,op,86,0.011195482687244497,0.00038474292335045803,0.01081073976389404,0.011580225610594954,10
HGNN,diagnostics,op,87,0.011090588463949131,0.0003840488336235512,0.01070653963032558,0.011474637297572683,10
HGNN,diagnostics,op,88,0.010987386328496352,0.00038336604134413726,0.010604020287152214,0.01137075236984049,10
HGNN,diagnostics,op,89,0.010885819877919905,0.00038269395116745543,0.01050312592675245,0.01126851382908736,10
HGNN,diagnostics,op,90,0.01078583536423154,0.0003820319879666182,0.010403803376264922,0.011167867352198158,10
HGNN,diagnostics,op,91,0.010687381551674539,0.00038137959697070605,0.010306001954703832,0.011068761148645245,10
HGNN,diagnostics,op,92,0.010590409582721083,0.0003807362437862861,0.010209673338934798,0.01097114582650737,10
HGNN,diagnostics,op,93,0.010494872852183727,0.00038010141431527044,0.010114771437868457,0.010874974266498997,10
HGNN,diagnostics,op,94,0.010400726888864734,0.0003794746145812199,0.010021252274283514,0.010780201503445955,10
HGNN,diagnostics,op,95,0.010307929244215268,0.0003788553704753489,0.009929073873739919,0.010686784614690617,10
HGNN,diagnostics,op,96,0.010216439387520086,0.00037824322743274105,0.009838196160087345,0.010594682614952828,10
HGNN,diagnostics,op,97,0.010126218607162847,0.0003776377500484411,0.009748580857114405,0.010503856357211289,10
HGNN,diagnostics,op,98,0.010037229917562845,0.00037703852164239313,0.009660191395920451,0.010414268439205239,10
HGNN,diagnostics,op,99,0.009949437971406513,0.0003764451437814083,0.009572992827625105,0.010325883115187921,10
HGNN,diagnostics,op,100,0.009862808976826402,0.0003758572357657279,0.009486951741060673,0.01023866621259213,10
HGNN,diagnostics,op,101,0.009777310619207145,0.0003752744340869766,0.009402036185120168,0.010152585053294121,10
HGNN,diagnostics,op,102,0.009692911987322356,0.0003746963918638059,0.00931821559545855,0.010067608379186162,10
HGNN,diagnostics,op,103,0.009609583503528528,0.0003741227782607889,0.009235460725267739,0.009983706281789316,10
HGNN,diagnostics,op,104,0.009527296857762376,0.0003735532778957102,0.009153743579866666,0.009900850135658086,10
HGNN,diagnostics,op,105,0.009446024945106565,0.00037298759023975846,0.009073037354866807,0.009819012535346323,10
HGNN,diagnostics,op,106,0.00936574180670568,0.00037242542901470377,0.008993316377690977,0.009738167235720383,10
HGNN,diagnostics,op,107,0.009286422573829892,0.00037186652159067706,0.008914556052239215,0.00965828909542057,10
HGNN,diagnostics,op,108,0.009208043414897978,0.00037131060838771544,0.008836732806510263,0.009579354023285693,10
HGNN,diagnostics,op,109,0.00913058148528436,0.00037075744228389054,0.008759824043000469,0.009501338927568251,10
HGNN,diagnostics,op,110,0.009054014879747007,0.0003702067880324396,0.008683808091714568,0.009424221667779446,10
HGNN,diagnostics,op,111,0.008978322587323898,0.0003696584216900001,0.008608664165633897,0.009347981009013899,10
HGNN,diagnostics,op,112,0.00890348444855606,0.00036911213005775406,0.008534372318498306,0.009272596578613814,10
HGNN,diagnostics,op,113,0.008829481114904555,0.0003685677101369803,0.008460913404767574,0.009198048825041535,10
HGNN,diagnostics,op,114,0.0087562940102374,0.0003680249686002968,0.008388269041637104,0.009124318978837698,10
HGNN,diagnostics,op,115,0.00868390529427051,0.00036748372127959274,0.008316421572990916,0.009051389015550103,10
HGNN,diagnostics,op,116,0.008612297827854044,0.00036694379267150694,0.008245354035182537,0.00897924162052555,10
HGNN,diagnostics,op,117,0.00854145514000253,0.0003664050154610475,0.008175050124541483,0.008907860155463578,10
HGNN,diagnostics,op,118,0.008471361396573326,0.0003658672300638303,0.008105494166509497,0.008837228626637156,10
HGNN,diagnostics,op,119,0.008402001370504095,0.0003653302841872377,0.008036671086316857,0.008767331654691334,10
HGNN,diagnostics,op,120,0.008333360413525195,0.0003647940324106551,0.007968566381114539,0.00869815444593585,10
HGNN,diagnostics,op,121,0.008265424429268215,0.0003642583357848612,0.007901166093483354,0.008629682765053076,10
HGNN,diagnostics,op,122,0.00819817984769642,0.0003637230614504613,0.007834456786245959,0.00856190290914688,10
HGNN,diagnostics,op,123,0.008131613600787452,0.00036318808227526036,0.007768425518512192,0.008494801683062712,10
HGNN,diagnostics,op,124,0.00806571309940256,0.0003626532765103014,0.007703059822892258,0.008428366375912861,10
HGNN,diagnostics,op,125,0.008000466211280649,0.0003621185274642774,0.007638347683816371,0.008362584738744926,10
HGNN,diagnostics,op,126,0.007935861240098875,0.0003615837231959234,0.007574277516902952,0.0082974449632948,10
HGNN,diagnostics,op,127,0.007871886905544873,0.00036104875622399325,0.00751083814932088,0.008232935661768866,10
HGNN,diagnostics,op,128,0.0078085323243489175,0.00036051352325432086,0.007448018801094597,0.008169045847603239,10
HGNN,diagnostics,op,129,0.0077457869922271175,0.0003599779249234832,0.007385809067303634,0.0081057649171506,10
HGNN,diagnostics,op,130,0.007683640766689546,0.0003594418655585021,0.007324198901131044,0.008043082632248049,10
HGNN,diagnostics,op,131,0.007622083850669745,0.00035890525295206085,0.007263178597717684,0.007980989103621806,10
HGNN,diagnostics,op,132,0.007561106776934441,0.0003583679981526175,0.007202738778781824,0.007919474775087058,10
HGNN,diagnostics,op,133,0.007500700393234608,0.00035783001526884647,0.007142870377965762,0.007858530408503454,10
HGNN,diagnostics,op,134,0.007440855848161,0.00035729122128781406,0.007083564626873186,0.007798147069448815,10
HGNN,diagnostics,op,135,0.007381564577669425,0.00035675153590624927,0.007024813041763176,0.0077383161135756735,10
HGNN,diagnostics,op,136,0.007322818292242753,0.00035621088137434897,0.006966607410868403,0.007679029173617102,10
HGNN,diagnostics,op,137,0.007264608964658488,0.00035566918235147645,0.006908939782307012,0.007620278147009964,10
HGNN,diagnostics,op,138,0.007206928818332336,0.0003551263657731715,0.006851802452559165,0.007562055184105508,10
HGNN,diagnostics,op,139,0.0071497703162097855,0.000354582360728883,0.006795187955480902,0.007504352676938669,10
HGNN,diagnostics,op,140,0.007093126150179148,0.00035403709834983476,0.006739089051829313,0.007447163248528983,10
HGNN,diagnostics,op,141,0.007036989230980872,0.0003534905117064506,0.006683498719274422,0.007390479742687322,10
HGNN,diagnostics,op,142,0.006981352678589325,0.00035294253571479747,0.006628410142874528,0.007334295214304122,10
HGNN,diagnostics,op,143,0.00692620981304432,0.00035239310705148405,0.006573816705992836,0.007278602920095805,10
HGNN,diagnostics,op,144,0.006871554145710943,0.0003518421640764996,0.006519711981634443,0.007223396309787442,10
HGNN,diagnostics,op,145,0.006817379370947246,0.00035128964676348046,0.006466089724183765,0.007168669017710727,10
HGNN,diagnostics,op,146,0.00676367935816048,0.00035073549663690193,0.006412943861523578,0.0071144148547973825,10
HGNN,diagnostics,op,147,0.006710448144233376,0.00035017965671572547,0.006360268487517651,0.007060627800949101,10
HGNN,diagnostics,op,148,0.006657679926303067,0.00034962207146304144,0.006308057854840026,0.007007301997766108,10
HGNN,diagnostics,op,149,0.006605369054875984,0.00034906268674126875,0.006256306368134715,0.0069544317416172525,10
HGNN,diagnostics,op,150,0.006553510027262946,0.00034850144977247364,0.006205008577490472,0.006902011477035419,10
HGNN,diagnostics,op,151,0.006502097481319404,0.00034793830910343805,0.006154159172215966,0.006850035790422842,10
HGNN,diagnostics,op,152,0.006451126189476556,0.00034737321457504897,0.006103752974901506,0.006798499404051605,10
HGNN,diagnostics,op,153,0.0064005910530497475,0.00034680611729567714,0.00605378493575407,0.006747397170345425,10
HGNN,diagnostics,op,154,0.0063504870968112154,0.00034623696961817675,0.006004250127193038,0.006696724066429393,10
HGNN,diagnostics,op,155,0.006300809463814854,0.0003456657251201927,0.005955143738694661,0.006646475188935046,10
HGNN,diagnostics,op,156,0.006251553410461311,0.0003450923385874315,0.005906461071873879,0.006596645749048742,10
HGNN,diagnostics,op,157,0.006202714301792233,0.0003445167659996436,0.00585819753579259,0.006547231067791877,10
HGNN,diagnostics,op,158,0.006154287607003048,0.00034393896451899366,0.005810348642484055,0.006498226571522042,10
HGNN,diagnostics,op,159,0.006106268895164149,0.00034335889248058996,0.0057629100026835595,0.006449627787644739,10
HGNN,diagnostics,op,160,0.00605865383114087,0.00034277650938491206,0.005715877321755958,0.0064014303405257825,10
HGNN,diagnostics,op,161,0.006011438171703031,0.00034219177589189955,0.0056692463958111314,0.006353629947594931,10
HGNN,diagnostics,op,162,0.005964617761815329,0.0003416046538165023,0.0056230131079988265,0.006306222415631831,10
HGNN,diagnostics,op,163,0.005918188531100206,0.00034101510612547447,0.005577173424974731,0.006259203637225681,10
HGNN,diagnostics,op,164,0.0058721464904652665,0.00034042309693523584,0.00553172339353003,0.006212569587400503,10
HGNN,diagnostics,op,165,0.00582648772888764,0.0003398285915106214,0.005486659137377019,0.0061663163203982616,10
HGNN,diagnostics,op,166,0.005781208410348068,0.0003392315562643527,0.0054419768540837155,0.006120439966612421,10
HGNN,diagnostics,op,167,0.00573630477090782,0.0003386319587570944,0.005397672812150725,0.006074936729664914,10
HGNN,diagnostics,op,168,0.0056917731159218605,0.00033802976769794953,0.005353743348223911,0.00602980288361981,10
HGNN,diagnostics,op,169,0.005647609817381996,0.0003374249529452601,0.005310184864436736,0.005985034770327256,10
HGNN,diagnostics,op,170,0.005603811311384008,0.0003368174855076208,0.0052669938258763874,0.005940628796891629,10
HGNN,diagnostics,op,171,0.005560374095713071,0.00033620733754497536,0.005224166758168096,0.005896581433258046,10
HGNN,diagnostics,op,172,0.0055172947275420004,0.0003355944823697126,0.005181700245172288,0.005852889209911713,10
HGNN,diagnostics,op,173,0.005474569821237134,0.00033497889444767634,0.005139590926789458,0.00580954871568481,10
HGNN,diagnostics,op,174,0.005432196046266891,0.0003343605493990056,0.005097835496867886,0.005766556595665896,10
HGNN,diagnostics,op,175,0.005390170125208234,0.0003337394239987383,0.005056430701209496,0.0057239095492069725,10
HGNN,diagnostics,op,176,0.005348488831846578,0.0003331154961771186,0.005015373335669459,0.005681604328023697,10
HGNN,diagnostics,op,177,0.0053071489893647605,0.0003324887450195452,0.004974660244345216,0.005639637734384305,10
HGNN,diagnostics,op,178,0.005266147468616997,0.00033185915076612587,0.004934288317850872,0.005598006619383123,10
HGNN,diagnostics,op,179,0.005225481186483876,0.0003312266948107819,0.0048942544916730935,0.005556707881294658,10
HGNN,diagnostics,op,180,0.005185147104304612,0.0003305913596998753,0.004854555744604736,0.005515738464004488,10
HGNN,diagnostics,op,181,0.0051451422263830105,0.0003299531291303321,0.004815189097252678,0.005475095355513343,10
HGNN,diagnostics,op,182,0.005105463598563691,0.00032931198794722044,0.004776151610616471,0.005434775586510911,10
HGNN,diagnostics,op,183,0.005066108306875292,0.00032866792214078836,0.004737440384734504,0.005394776229016081,10
HGNN,diagnostics,op,184,0.005027073476237565,0.0003280209188429201,0.004699052557394645,0.005355094395080485,10
HGNN,diagnostics,op,185,0.00498835626922933,0.000327370966323017,0.004660985302906313,0.005315727235552347,10
HGNN,diagnostics,op,186,0.004949953884914484,0.00032671805398328625,0.004623235830931198,0.0052766719388977696,10
HGNN,diagnostics,op,187,0.00491186355772332,0.0003260621723534404,0.004585801385369879,0.00523792573007676,10
HGNN,diagnostics,op,188,0.004874082556386543,0.000325403313084796,0.004548679243301747,0.005199485869471339,10
HGNN,diagnostics,op,189,0.004836608182919547,0.0003247414689437876,0.004511866713975759,0.005161349651863334,10
HGNN,diagnostics,op,190,0.004799437771654524,0.0003240766338048818,0.004475361137849642,0.0051235144054594065,10
HGNN,diagnostics,op,191,0.004762568688318194,0.00032340880264292426,0.00443915988567527,0.005085977490961118,10
HGNN,diagnostics,op,192,0.004725998329152937,0.0003227379715249029,0.004403260357628034,0.00504873630067784,10
HGNN,diagnostics,op,193,0.004689724120079336,0.0003220641376011551,0.004367659982478182,0.005011788257680491,10
HGNN,diagnostics,op,194,0.004653743515898076,0.00032138729909602536,0.004332356216802051,0.004975130814994101,10
HGNN,diagnostics,op,195,0.004618053999529375,0.00032070745529799006,0.004297346544231384,0.004938761454827365,10
HGNN,diagnostics,op,196,0.004582653081288127,0.0003200246065492627,0.004262628474738865,0.00490267768783739,10
HGNN,diagnostics,op,197,0.004547538298193033,0.0003193387542348953,0.004228199543958137,0.004866877052427929,10
HGNN,diagnostics,op,198,0.004512707213308095,0.00031864990077140224,0.004194057312536692,0.004831357114079497,10
HGNN,diagnostics,op,199,0.0044781574151148956,0.000317958049594912,0.004160199365519984,0.004796115464709807,10
HGNN,diagnostics,op,200,0.004443886516914171,0.00031726320514887757,0.0041266233117652935,0.004761149722063049,10
HGNN,diagnostics,op,201,0.004409892156255251,0.00031656537287136436,0.004093326783383887,0.004726457529126616,10
HGNN,diagnostics,op,202,0.004376171994392002,0.00031586455918192387,0.004060307435210078,0.0046920365535739255,10
HGNN,diagnostics,op,203,0.004342723715763973,0.0003151607714680934,0.0040275629442958795,0.0046578844872320665,10
HGNN,diagnostics,op,204,0.004309545027501507,0.00031445401807152906,0.003995091009429978,0.004623999045573036,10
HGNN,diagnostics,op,205,0.0042766336589536175,0.0003137443082737942,0.0039628893506798235,0.0045903779672274115,10
HGNN,diagnostics,op,206,0.0042439873612375245,0.0003130316522818348,0.00393095570895569,0.004557019013519359,10
HGNN,diagnostics,op,207,0.004211603906808748,0.0003123160612131496,0.0038992878455955987,0.004523919968021898,10
HGNN,diagnostics,op,208,0.004179481089050737,0.00031159754708068787,0.003867883541970049,0.004491078636131424,10
HGNN,diagnostics,op,209,0.004147616721883058,0.0003108761227774879,0.0038367405991055707,0.004458492844660546,10
HGNN,diagnostics,op,210,0.0041160086393872055,0.00031015180206108063,0.003805856837326125,0.004426160441448286,10
HGNN,diagnostics,op,211,0.004084654695449122,0.00030942459953768234,0.0037752300959114395,0.0043940792949868045,10
HGNN,diagnostics,op,212,0.004053552763417604,0.00030869453064618827,0.003744858232771415,0.004362247294063792,10
HGNN,diagnostics,op,213,0.004022700735777767,0.00030796161164199415,0.003714739124135773,0.004330662347419761,10
HGNN,diagnostics,op,214,0.003992096523838786,0.00030722585958066516,0.003684870664258121,0.004299322383419451,10
HGNN,diagnostics,op,215,0.0039617380574351975,0.00030648729230146573,0.0036552507651337316,0.004268225349736663,10
HGNN,diagnostics,op,216,0.003931623284641027,0.00030574592841077616,0.003625877356230251,0.004237369213051803,10
HGNN,diagnostics,op,217,0.00390175017149611,0.00030500178726540917,0.003596748384230701,0.00420675195876152,10
HGNN,diagnostics,op,218,0.003872116701743931,0.0003042548889558444,0.0035678618127880863,0.0041763715906997755,10
HGNN,diagnostics,op,219,0.003842720876580397,0.0003035052542894024,0.0035392156222909944,0.004146226130869799,10
HGNN,diagnostics,op,220,0.0038135607144129573,0.0003027529047733704,0.003510807809639587,0.004116313619186328,10
HGNN,diagnostics,op,221,0.0037846342506295135,0.0003019978625980947,0.003482636388031419,0.0040866321132276085,10
HGNN,diagnostics,op,222,0.0037559395373766074,0.00030124015062006106,0.0034546993867565464,0.0040571796879966685,10
HGNN,diagnostics,op,223,0.003727474643346366,0.00030047979234497363,0.0034269948510013922,0.004027954435691339,10
HGNN,diagnostics,op,224,0.0036992376535717594,0.0002997168119108466,0.003399520841660913,0.003998954465482606,10
HGNN,diagnostics,op,225,0.0036712266692296826,0.0002989512340711251,0.0033722754351585577,0.0039701779033008075,10
HGNN,diagnostics,op,226,0.0036434398074514608,0.0002981830841778465,0.003345256723273614,0.003941622891629307,10
HGNN,diagnostics,op,227,0.0036158752011403532,0.000297412388164852,0.0033184628129755015,0.003913287589305205,10
HGNN,diagnostics,op,228,0.0035885309987956707,0.0002966391725310708,0.0032918918262646,0.0038851701713267413,10
HGNN,diagnostics,op,229,0.003561405364343138,0.0002958634643238709,0.003265541900019267,0.0038572688286670088,10
HGNN,diagnostics,op,230,0.0035344964769711503,0.00029508529112251064,0.0032394111858486396,0.003829581768093661,10
HGNN,diagnostics,op,231,0.003507802530972591,0.00029430468102167406,0.003213497849950917,0.003802107211994265,10
HGNN,diagnostics,op,232,0.0034813217355918863,0.00029352166261512665,0.00318780007297676,0.003774843398207013,10
HGNN,diagnostics,op,233,0.003455052314877009,0.0002927362649794791,0.00316231604989753,0.003747788579856488,10
HGNN,diagnostics,op,234,0.003428992507536141,0.00029194851765808387,0.0031370439898780575,0.003720941025194225,10
HGNN,diagnostics,op,235,0.0034031405667987145,0.00029115845064505943,0.003111982116153655,0.003694299017443774,10
HGNN,diagnostics,op,236,0.003377494760280593,0.0002903660943694614,0.0030871286659111315,0.003667860854650054,10
HGNN,diagnostics,op,237,0.0033520533698531375,0.00028957147967959983,0.003062481890173538,0.003641624849532737,10
HGNN,diagnostics,op,238,0.0033268146915159287,0.00028877463782751395,0.003038040053688415,0.0036155893293434425,10
HGNN,diagnostics,op,239,0.0033017770352729314,0.0002879756004536058,0.0030138014348193255,0.0035897526357265373,10
HGNN,diagnostics,op,240,0.0032769387250118865,0.000287174399571445,0.0029897643254404417,0.0035641131245833313,10
HGNN,diagnostics,op,241,0.003252298098386753,0.00028637106755274584,0.0029659270308340074,0.0035386691659394986,10
HGNN,diagnostics,op,242,0.0032278535067029887,0.00028556563711251964,0.002942287869590469,0.0035134191438155084,10
HGNN,diagnostics,op,243,0.0032036033148055225,0.00028475814129441446,0.002918845173511108,0.003488361456099937,10
HGNN,diagnostics,op,244,0.0031795459009692274,0.0002839486134562367,0.0028955972875129906,0.003463494514425464,10
HGNN,diagnostics,op,245,0.0031556796567917635,0.000283137087255666,0.0028725425695360976,0.0034388167440474295,10
HGNN,diagnostics,op,246,0.003132002987088628,0.000282323596636165,0.002849679390452463,0.003414326583724793,10
HGNN,diagnostics,op,247,0.0031085143097902704,0.00028150817581308157,0.0028270061339771887,0.003390022485603352,10
HGNN,diagnostics,op,248,0.0030852120558411598,0.00028069085925995626,0.0028045211965812035,0.003365902915101116,10
HGNN,diagnostics,op,249,0.0030620946691006607,0.00027987168169502574,0.002782222987405635,0.0033419663507956864,10
HGNN,diagnostics,op,250,0.0030391606062456175,0.00027905067806793696,0.0027601099281776807,0.003318211284313554,10
HGNN,diagnostics,op,251,0.003016408336674528,0.0002782278835466617,0.002738180453127866,0.00329463622022119,10
HGNN,diagnostics,op,252,0.0029938363424132086,0.0002774033335046197,0.002716433008908589,0.0032712396759178282,10
HGNN,diagnostics,op,253,0.0029714431180218517,0.0002765770635080128,0.002694866054513839,0.0032480201815298644,10
HGNN,diagnostics,op,254,0.0029492271705033866,0.00027574910930336496,0.0026734780612000216,0.0032249762798067516,10
HGNN,diagnostics,op,255,0.002927187019213058,0.0002749195068052758,0.0026522675124077823,0.003202106526018334,10
HGNN,diagnostics,op,256,0.002905321195769147,0.0002740882920843808,0.0026312329036847666,0.0031794094878535278,10
HGNN,restart,base,0,1.0,0.0,1.0,1.0,10
HGNN,restart,base,1,0.1064510911287125,0.00041694872979692726,0.10603414239891557,0.10686803985850943,10
HGNN,restart,base,2,0.030637171191202607,0.00019515131830835414,0.030442019872894254,0.03083232250951096,10
HGNN,restart,base,3,0.013951572340525551,0.00010977160660353561,0.013841800733922015,0.014061343947129087,10
HGNN,restart,base,4,0.007863484126223513,6.984281715450572e-05,0.007793641309069007,0.007933326943378019,10
HGNN,restart,base,5,0.005042503164187523,4.9839939554053646e-05,0.004992663224633469,0.005092343103741577,10
HGNN,restart,base,6,0.0035322116498783833,3.8639838799278076e-05,0.0034935718110791054,0.003570851488677661,10
HGNN,restart,base,7,0.00263479580227658,3.155380704743914e-05,0.002603241995229141,0.002666349609324019,10
HGNN,restart,base,8,0.002057132729243345,2.6653704647843564e-05,0.0020304790245955014,0.002083786433891189,10
HGNN,restart,base,9,0.001661415771139171,2.3082513359125517e-05,0.0016383332577800454,0.0016844982844982967,10
HGNN,restart,base,10,0.0013768358127307166,2.0396019180817805e-05,0.0013564397935498988,0.0013972318319115343,10
HGNN,restart,base,11,0.0011641976672410938,1.832615236354043e-05,0.0011458715148775535,0.0011825238196046342,10
HGNN,restart,base,12,0.0010003897008148397,1.6694722143052228e-05,0.0009836949786717875,0.001017084422957892,10
HGNN,restart,base,13,0.0008710350328005264,1.5378105228016063e-05,0.0008556569275725103,0.0008864131380285425,10
HGNN,restart,base,14,0.0007667785015872765,1.4289479577929301e-05,0.0007524890220093471,0.0007810679811652058,10
HGNN,restart,base,15,0.0006812980014018163,1.3367860226526551e-05,0.0006679301411752897,0.0006946658616283428,10
HGNN,restart,base,16,0.000610182752094272,1.2570503753658377e-05,0.0005976122483406136,0.0006227532558479304,10
HGNN,restart,base,17,0.0005502710191889217,1.186745834721614e-05,0.0005384035608417056,0.0005621384775361378,10
HGNN,restart,base,18,0.000499243173350708,1.1237665113699304e-05,0.00048800550823700875,0.0005104808384644074,10
HGNN,restart,base,19,0.0004553628031811386,1.0666208096520461e-05,0.0004446965950846181,0.00046602901127765906,10
HGNN,restart,base,20,0.0004173069612308897,1.0142401528486682e-05,0.00040716455970240303,0.00042744936275937635,10
HGNN,restart,base,21,0.00038405187906033586,9.658473317529332e-06,0.00037439340574280653,0.0003937103523778652,10
HGNN,restart,base,22,0.0003547942234846875,9.208664803098438e-06,0.00034558555868158903,0.0003640028882877859,10
HGNN,restart,base,23,0.00032889571907160413,8.788617027154449e-06,0.0003201071020444497,0.00033768433609875857,10
HGNN,restart,base,24,0.00030584348673653,8.394952424375352e-06,0.00029744853431215465,0.0003142384391609054,10
HGNN,restart,base,25,0.0002852211697178935,8.024989137400603e-06,0.0002771961805804929,0.0002932461588552941,10
HGNN,restart,base,26,0.00026668759983548146,7.676545171663666e-06,0.0002590110546638178,0.0002743641450071451,10
HGNN,restart,base,27,0.0002499608215377603,7.347803430759145e-06,0.00024261301810700117,0.00025730862496851946,10
HGNN,restart,base,28,0.00023480598008572586,7.037218091532488e-06,0.00022776876199419338,0.00024184319817725834,10
HGNN,restart,base,29,0.00022102603479208467,6.743449140055004e-06,0.00021428258565202966,0.00022776948393213968,10
HGNN,restart,base,30,0.0002084545636095119,6.4653161690816085e-06,0.0002019892474404303,0.0002149198797785935,10
HGNN,restart,base,31,0.00019695013386783494,6.201765412439023e-06,0.0001907483684553959,0.00020315189928027397,10
HGNN,restart,base,32,0.00018639185845567745,5.951845924458732e-06,0.0001804400125312187,0.00019234370438013618,10
HGNN,restart,base,33,0.0001766758582541279,5.714692114574208e-06,0.00017096116613955368,0.0001823905503687021,10
HGNN,restart,base,34,0.0001677124238487346,5.4895107270037305e-06,0.00016222291312173088,0.00017320193457573833,10
HGNN,restart,base,35,0.00015942372152813076,5.275570952103357e-06,0.0001541481505760274,0.00016469929248023413,10
HGNN,restart,base,36,0.00015174192640238422,5.0721967622245715e-06,0.00014666972964015964,0.0001568141231646088,10
HGNN,restart,base,37,0.00014460769327847455,4.878760842655613e-06,0.00013972893243581895,0.00014948645412113016,10
HGNN,restart,base,38,0.00013796889656442934,4.694679678896878e-06,0.00013327421688553247,0.0001426635762433262,10
HGNN,restart,base,39,0.0001317795859246063,4.519409492949379e-06,0.00012726017643165693,0.00013629899541755568,10
HGNN,restart,base,40,0.00012599911607673046,4.352442812239772e-06,0.00012164667326449069,0.00013035155888897022,10
HGNN,restart,base,41,0.0001205914180035951,4.1933055179716744e-06,0.00011639811248562343,0.00012478472352156679,10
HGNN,restart,base,42,0.0001155243856655159,4.041554263719633e-06,0.00011148283140179626,0.00011956593992923553,10
HGNN,restart,base,43,0.00011076935756353657,3.8967741858716574e-06,0.00010687258337766492,0.00011466613174940822,10
HGNN,restart,base,44,0.00010630067659834542,3.7585768491300124e-06,0.0001025420997492154,0.00011005925344747543,10
HGNN,restart,base,45,0.00010209531487637448,3.6265983854859857e-06,9.846871649088849e-05,0.00010572191326186046,10
HGNN,restart,base,46,9.813255264108252e-05,3.500497795826077e-06,9.463205484525644e-05,0.00010163305043690859,10
HGNN,restart,base,47,9.439370251005812e-05,3.379955390941367e-06,9.101374711911675e-05,9.777365790099948e-05,10
HGNN,restart,base,48,9.086187179499876e-05,3.264671354134887e-06,8.759720044086388e-05,9.412654314913365e-05,10
HGNN,restart,base,49,8.7521756961148e-05,3.1543644115029275e-06,8.436739254964507e-05,9.067612137265093e-05,10
HGNN,restart,base,50,8.43594653136437e-05,3.0487705987643035e-06,8.13106947148794e-05,8.7408235912408e-05,10
HGNN,restart,base,51,8.136235983289332e-05,2.9476421155437362e-06,7.84147177173496e-05,8.431000194843706e-05,10
HGNN,restart,base,52,7.851892376010083e-05,2.8507462595099505e-06,7.566817750059088e-05,8.136967001961077e-05,10
HGNN,restart,base,53,7.581864208896023e-05,2.757864433880687e-06,7.306077765507954e-05,7.857650652284092e-05,10
HGNN,restart,base,54,7.32518975749597e-05,2.6687912226491126e-06,7.05831063523106e-05,7.592068879760881e-05,10
HGNN,restart,base,55,7.08098792490847e-05,2.583333528536327e-06,6.822654572054837e-05,7.339321277762104e-05,10
HGNN,restart,base,56,6.848450173328586e-05,2.501309769187626e-06,6.598319196409823e-05,7.09858115024735e-05,10
HGNN,restart,base,57,6.626833391303448e-05,2.4225491275458307e-06,6.384578478548865e-05,6.869088304058031e-05,10
HGNN,restart,base,58,6.415453573732555e-05,2.346890852678695e-06,6.180764488464686e-05,6.650142659000424e-05,10
HGNN,restart,base,59,6.213680209637043e-05,2.274183607630001e-06,5.986261848874043e-05,6.441098570400044e-05,10
HGNN,restart,base,60,6.020931287819922e-05,2.2042848611175955e-06,5.800502801708163e-05,6.241359773931681e-05,10
HGNN,restart,base,61,5.8366688432519484e-05,2.1370603201263514e-06,5.622962811239313e-05,6.0503748752645836e-05,10
HGNN,restart,base,62,5.660394977754887e-05,2.07238340064625e-06,5.453156637690262e-05,5.867633317819512e-05,10
HGNN,restart,base,63,5.4916482976496904e-05,2.010134733989618e-06,5.2906348242507284e-05,5.6926617710486525e-05,10
HGNN,restart,base,64,5.330000718764007e-05,1.950201706291483e-06,5.134980548134859e-05,5.525020889393155e-05,10
HGNN,restart,base,65,5.175054595775889e-05,1.8924780289537716e-06,4.985806792880512e-05,5.364302398671266e-05,10
HGNN,restart,base,66,5.026440138492658e-05,1.8368633379405763e-06,4.842753804698601e-05,5.210126472286716e-05,10
HGNN,restart,base,67,4.883813082478071e-05,1.7832628199685994e-06,4.705486800481211e-05,5.062139364474931e-05,10
HGNN,restart,base,68,4.746852585573549e-05,1.731586863765101e-06,4.5736938991970384e-05,4.920011271950059e-05,10
HGNN,restart,base,69,4.6152593254151094e-05,1.6817507346859423e-06,4.447084251946515e-05,4.783434398883704e-05,10
HGNN,restart,base,70,4.488753776114451e-05,1.633674271099367e-06,4.3253863490045147e-05,4.652121203224388e-05,10
HGNN,restart,base,71,4.367074644923446e-05,1.587281601047184e-06,4.2083464848187276e-05,4.525802805028165e-05,10
HGNN,restart,base,72,4.2499774519976096e-05,1.5425008777944853e-06,4.095727364218161e-05,4.4042275397770584e-05,10
HGNN,restart,base,73,4.137233238367485e-05,1.4992640329725503e-06,3.98730683507023e-05,4.2871596416647396e-05,10
HGNN,restart,base,74,4.028627388960751e-05,1.457506546107149e-06,3.882876734350036e-05,4.174378043571465e-05,10
HGNN,restart,base,75,3.923958559029158e-05,1.417167229406441e-06,3.782241836088514e-05,4.065675281969802e-05,10
HGNN,restart,base,76,3.823037693654082e-05,1.3781880267596322e-06,3.685218890978119e-05,3.960856496330046e-05,10
HGNN,restart,base,77,3.725687131159179e-05,1.3405138259693633e-06,3.591635748562242e-05,3.8597385137561156e-05,10
HGNN,restart,base,78,3.6317397822706734e-05,1.3040922833081654e-06,3.501330553939857e-05,3.76214901060149e-05,10
HGNN,restart,base,79,3.5410383777545484e-05,1.2688736595520072e-06,3.414151011799348e-05,3.667925743709749e-05,10
HGNN,restart,base,80,3.453434778041639e-05,1.23481066670274e-06,3.329953711371365e-05,3.576915844711913e-05,10
HGNN,restart,base,81,3.3687893390404384e-05,1.2018583246659535e-06,3.248603506573843e-05,3.4889751715070335e-05,10
HGNN,restart,base,82,3.286970328945437e-05,1.169973827201845e-06,3.169972946225253e-05,3.403967711665621e-05,10
HGNN,restart,base,83,3.207853391386213e-05,1.139116416514257e-06,3.0939417497347874e-05,3.321765033037639e-05,10
HGNN,restart,base,84,3.131321050738496e-05,1.109247265887507e-06,3.020396324149745e-05,3.2422457773272463e-05,10
HGNN,restart,base,85,3.057262255840385e-05,1.0803293698217458e-06,2.94922931885821e-05,3.165295192822559e-05,10
HGNN,restart,base,86,2.9855719587318596e-05,1.052327441156339e-06,2.8803392146162258e-05,3.0908047028474935e-05,10
HGNN,restart,base,87,2.91615072536911e-05,1.0252078147062094e-06,2.813629943898489e-05,3.018671506839731e-05,10
HGNN,restart,base,88,2.8489043755622875e-05,9.989383569696516e-07,2.7490105398653224e-05,2.9487982112592526e-05,10
HGNN,restart,base,89,2.7837436496502772e-05,9.734883814969438e-07,2.6863948115005827e-05,2.8810924877999717e-05,10
HGNN,restart,base,90,2.7205838996627823e-05,9.488285695379645e-07,2.625701042708986e-05,2.8154667566165787e-05,10
HGNN,restart,base,91,2.659344802931804e-05,9.249308956137171e-07,2.5668517133704323e-05,2.7518378924931756e-05,10
HGNN,restart,base,92,2.5999500963042787e-05,9.017685576816072e-07,2.509773240536118e-05,2.6901269520724395e-05,10
HGNN,restart,base,93,2.5423273292777457e-05,8.793159115874216e-07,2.4543957381190037e-05,2.6302589204364877e-05,10
HGNN,restart,base,94,2.4864076345337388e-05,8.575484095184403e-07,2.400652793581895e-05,2.5721624754855827e-05,10
HGNN,restart,base,95,2.4321255144809455e-05,8.364425421920735e-07,2.348481260261738e-05,2.515769768700153e-05,10
HGNN,restart,base,96,2.3794186425438918e-05,8.159757845330205e-07,2.2978210640905898e-05,2.461016220997194e-05,10
HGNN,restart,base,97,2.3282276780443703e-05,7.96126544609078e-07,2.2486150235834625e-05,2.407840332505278e-05,10
HGNN,restart,base,98,2.2784960936234485e-05,7.768741156118564e-07,2.2008086820622628e-05,2.3561835051846342e-05,10
HGNN,restart,base,99,2.2301700142427723e-05,7.581986306834314e-07,2.154350151174429e-05,2.3059898773111156e-05,10
HGNN,restart,base,100,2.1831980668860887e-05,7.400810204038593e-07,2.1091899648457028e-05,2.2572061689264747e-05,10
HGNN,restart,base,101,2.1375312401563394e-05,7.225029727672607e-07,2.0652809428796133e-05,2.2097815374330654e-05,10
HGNN,restart,base,102,2.0931227530311432e-05,7.054468954861418e-07,2.022578063482529e-05,2.1636674425797575e-05,10
HGNN,restart,base,103,2.049927932100682e-05,6.888958804746733e-07,1.9810383440532145e-05,2.1188175201481494e-05,10
HGNN,restart,base,104,2.007904096667622e-05,6.728336703719998e-07,1.940620729630422e-05,2.075187463704822e-05,10
HGNN,restart,base,105,1.9670104511392257e-05,6.57244626976113e-07,1.9012859884416143e-05,2.032734913836837e-05,10
HGNN,restart,base,106,1.9272079841878197e-05,6.421137014678293e-07,1.8629966140410368e-05,1.9914193543346025e-05,10
HGNN,restart,base,107,1.8884593741976802e-05,6.274264063125815e-07,1.825716733566422e-05,1.9512020148289384e-05,10
HGNN,restart,base,108,1.8507289005545977e-05,6.131687887354662e-07,1.789412021681051e-05,1.9120457794281443e-05,10
HGNN,restart,base,109,1.8139823603692465e-05,5.993274056720706e-07,1.7540496198020394e-05,1.8739151009364536e-05,10
HGNN,restart,base,110,1.7781869902573208e-05,5.858893001042756e-07,1.7195980602468933e-05,1.8367759202677483e-05,10
HGNN,restart,base,111,1.743311392828517e-05,5.728419786963655e-07,1.6860271949588802e-05,1.8005955906981535e-05,10
HGNN,restart,base,112,1.7093254675630628e-05,5.601733906524899e-07,1.6533081284978137e-05,1.765342806628312e-05,10
HGNN,restart,base,113,1.6762003457788912e-05,5.47871907721877e-07,1.6214131550067034e-05,1.730987536551079e-05,10
HGNN,restart,base,114,1.6439083294148966e-05,5.35926305283084e-07,1.590315698886588e-05,1.697500959943205e-05,10
HGNN,restart,base,115,1.61242283337621e-05,5.243257444432314e-07,1.559990258931887e-05,1.6648554078205328e-05,10
HGNN,restart,base,116,1.5817183312062518e-05,5.130597550923498e-07,1.5304123556970168e-05,1.633024306715487e-05,10
HGNN,restart,base,117,1.5517703038675874e-05,5.021182198570087e-07,1.5015584818818864e-05,1.6019821258532883e-05,10
HGNN,restart,base,118,1.5225551914294983e-05,4.914913589010375e-07,1.4734060555393946e-05,1.571704327319602e-05,10
HGNN,restart,base,119,1.4940503474748074e-05,4.811697155245432e-07,1.4459333759223531e-05,1.5421673190272617e-05,10
HGNN,restart,base,120,1.4662339960519257e-05,4.7114414251564884e-07,1.4191195818003609e-05,1.5133484103034905e-05,10
HGNN,restart,base,121,1.4390851910104936e-05,4.614057892123115e-07,1.3929446120892623e-05,1.4852257699317248e-05,10
HGNN,restart,base,122,1.412583777570399e-05,4.5194608923426085e-07,1.3673891686469729e-05,1.4577783864938251e-05,10
HGNN,restart,base,123,1.3867103559845083e-05,4.427567488477021e-07,1.3424346810997381e-05,1.4309860308692784e-05,10
HGNN,restart,base,124,1.3614462471651324e-05,4.338297359277356e-07,1.3180632735723588e-05,1.404829220757906e-05,10
HGNN,restart,base,125,1.3367734601532779e-05,4.251572694856206e-07,1.2942577332047158e-05,1.37928918710184e-05,10
HGNN,restart,base,126,1.312674661317984e-05,4.167318097300664e-07,1.2710014803449775e-05,1.3543478422909906e-05,10
HGNN,restart,base,127,1.2891331451807573e-05,4.085460486335699e-07,1.2482785403174004e-05,1.3299877500441143e-05,10
HGNN,restart,base,128,1.2661328067671875e-05,4.005929009765449e-07,1.226073516669533e-05,1.3061920968648419e-05,10
HGNN,restart,base,129,1.2436581153944242e-05,3.9286549584364785e-07,1.2043715658100594e-05,1.282944664978789e-05,10
HGNN,restart,base,130,1.221694089809261e-05,3.853571685481201e-07,1.1831583729544489e-05,1.260229806664073e-05,10
HGNN,restart,base,131,1.2002262745972333e-05,3.780614529614049e-07,1.1624201293010928e-05,1.2380324198933738e-05,10
HGNN,restart,base,132,1.179240717788359e-05,3.70972074226512e-07,1.1421435103657078e-05,1.2163379252110102e-05,10
HGNN,restart,base,133,1.158723949590011e-05,3.640829418348449e-07,1.1223156554065265e-05,1.1951322437734954e-05,10
HGNN,restart,base,134,1.1386629621819177e-05,3.5738814304725786e-07,1.1029241478771919e-05,1.1744017764866434e-05,10
HGNN,restart,base,135,1.119045190512469e-05,3.5088193664111443e-07,1.0839569968483574e-05,1.1541333841765804e-05,10
HGNN,restart,base,136,1.099858494039406e-05,3.4455874696611536e-07,1.0654026193427945e-05,1.1343143687360175e-05,10
HGNN,restart,base,137,1.0810911393615794e-05,3.38413158292472e-07,1.0472498235323322e-05,1.1149324551908267e-05,10
HGNN,restart,base,138,1.0627317836918307e-05,3.324399094358544e-07,1.0294877927482453e-05,1.0959757746354161e-05,10
HGNN,restart,base,139,1.0447694591241872e-05,3.26633888644291e-07,1.0121060702597581e-05,1.0774328479886163e-05,10
HGNN,restart,base,140,1.027193557651465e-05,3.209901287328888e-07,9.950945447781762e-06,1.059292570524754e-05,10
HGNN,restart,base,141,1.0099938168921065e-05,3.1550380245293495e-07,9.78443436646813e-06,1.0415441971374e-05,10
HGNN,restart,base,142,9.931603064875959e-06,3.101702180825257e-07,9.621432846793433e-06,1.0241773282958485e-05,10
HGNN,restart,base,143,9.766834151341695e-06,3.049848152264732e-07,9.461849336115222e-06,1.0071818966568168e-05,10
HGNN,restart,base,144,9.605538382147273e-06,2.9994316081379013e-07,9.305595221333483e-06,9.905481542961064e-06,10
HGNN,restart,base,145,9.447625659989215e-06,2.9504094528158145e-07,9.152584714707633e-06,9.742666605270797e-06,10
HGNN,restart,base,146,9.293008723813026e-06,2.9027397893462975e-07,9.002734744878396e-06,9.583282702747655e-06,10
HGNN,restart,base,147,9.141603041292077e-06,2.856381884705032e-07,8.855964852821575e-06,9.42724122976258e-06,10
HGNN,restart,base,148,8.993326706137436e-06,2.811296136604064e-07,8.71219709247703e-06,9.274456319797842e-06,10
HGNN,restart,base,149,8.848100339987867e-06,2.7674440417646504e-07,8.571355935811401e-06,9.124844744164333e-06,10
HGNN,restart,base,150,8.705846998643823e-06,2.7247881655654835e-07,8.433368182087274e-06,8.978325815200372e-06,10
HGNN,restart,base,151,8.566492082423058e-06,2.68329211298156e-07,8.298162871124903e-06,8.834821293721214e-06,10
HGNN,restart,base,152,8.429963250428185e-06,2.6429205007326196e-07,8.165671200354923e-06,8.694255300501448e-06,10
HGNN,restart,base,153,8.29619033852857e-06,2.6036389305643534e-07,8.035826445472135e-06,8.556554231585006e-06,10
HGNN,restart,base,154,8.165105280870321e-06,2.565413963589089e-07,7.908563884511412e-06,8.42164667722923e-06,10
HGNN,restart,base,155,8.03664203473843e-06,2.528213095616462e-07,7.783820725176785e-06,8.289463344300077e-06,10
HGNN,restart,base,156,7.910736508605267e-06,2.4920047334081615e-07,7.661536035264451e-06,8.159936981946083e-06,10
HGNN,restart,base,157,7.787326493208735e-06,2.4567581717946403e-07,7.541650676029271e-06,8.0330023103882e-06,10
HGNN,restart,base,158,7.666351595512156e-06,2.422443571594588e-07,7.424107238352697e-06,7.908595952671614e-06,10
HGNN,restart,base,159,7.547753175406129e-06,2.389031938282205e-07,7.308849981577908e-06,7.78665636923435e-06,10
HGNN,restart,base,160,7.4314742850202565e-06,2.3564951013498123e-07,7.195824774885275e-06,7.667123795155238e-06,10
HGNN,restart,base,161,7.317459610519843e-06,2.3248056943173643e-07,7.084979041088107e-06,7.549940179951579e-06,10
HGNN,restart,base,162,7.205655416269405e-06,2.2939371353430435e-07,6.976261702735101e-06,7.4350491298037095e-06,10
HGNN,restart,base,163,7.096009491251281e-06,2.2638636083926008e-07,6.869623130412021e-06,7.322395852090541e-06,10
HGNN,restart,base,164,6.9884710976335135e-06,2.2345600449281007e-07,6.765015093140703e-06,7.211927102126324e-06,10
HGNN,restart,base,165,6.8829909213868675e-06,2.2060021060794233e-07,6.662390710778925e-06,7.10359113199481e-06,10
HGNN,restart,base,166,6.779521024856108e-06,2.178166165265171e-07,6.561704408329591e-06,6.9973376413826255e-06,10
HGNN,restart,base,167,6.678014801195694e-06,2.1510292912319988e-07,6.4629118720724944e-06,6.893117730318894e-06,10
HGNN,restart,base,168,6.578426930584663e-06,2.124569231484216e-07,6.365970007436241e-06,6.790883853733085e-06,10
HGNN,restart,base,169,6.480713338139998e-06,2.0987643960781652e-07,6.2708368985321815e-06,6.6905897777478145e-06,10
HGNN,restart,base,170,6.384831153451853e-06,2.0735938417580078e-07,6.177471769276052e-06,6.592190537627654e-06,10
HGNN,restart,base,171,6.290738671667988e-06,2.0490372564122104e-07,6.085834946026767e-06,6.495642397309209e-06,10
HGNN,restart,base,172,6.198395316058447e-06,2.0250749438320204e-07,5.995887821675245e-06,6.4009028104416496e-06,10
HGNN,restart,base,173,6.107761601995039e-06,2.001687808755263e-07,5.907592821119513e-06,6.307930382870566e-06,10
HGNN,restart,base,174,6.018799102283426e-06,1.9788573421809943e-07,5.820913368065326e-06,6.216684836501525e-06,10
HGNN,restart,base,175,5.93147041378879e-06,1.9565656069419632e-07,5.735813853094594e-06,6.127126974482987e-06,10
HGNN,restart,base,176,5.84573912529894e-06,1.9347952235239244e-07,5.652259602946547e-06,6.039218647651333e-06,10
HGNN,restart,base,177,5.761569786571545e-06,1.9135293561222708e-07,5.570216850959318e-06,5.9529227221837725e-06,10
HGNN,restart,base,178,5.678927878514763e-06,1.892751698927592e-07,5.4896527086220035e-06,5.868203048407522e-06,10
HGNN,restart,base,179,5.597779784453003e-06,1.8724464626337314e-07,5.41053513818963e-06,5.785024430716376e-06,10
HGNN,restart,base,180,5.518092762431998e-06,1.85259836116244e-07,5.332832926315755e-06,5.703352598548242e-06,10
HGNN,restart,base,181,5.4398349185194114e-06,1.8331925986002234e-07,5.256515658659389e-06,5.623154178379434e-06,10
HGNN,restart,base,182,5.362975181059477e-06,1.8142148563437871e-07,5.181553695425098e-06,5.544396666693856e-06,10
HGNN,restart,base,183,5.2874832758420255e-06,1.7956512804513152e-07,5.107918147796894e-06,5.467048403887157e-06,10
HGNN,restart,base,184,5.213329702148214e-06,1.777488469197687e-07,5.035580855228445e-06,5.391078549067983e-06,10
HGNN,restart,base,185,5.140485709636975e-06,1.7597134608321656e-07,4.964514363553758e-06,5.316457055720191e-06,10
HGNN,restart,base,186,5.068923276037959e-06,1.7423137215378925e-07,4.89469190388417e-06,5.243154648191748e-06,10
HGNN,restart,base,187,4.998615085618319e-06,1.725277133592764e-07,4.826087372259043e-06,5.171142798977595e-06,10
HGNN,restart,base,188,4.929534508392138e-06,1.7085919837317933e-07,4.7586753100189594e-06,5.100393706765317e-06,10
HGNN,restart,base,189,4.861655580042845e-06,1.6922469517112436e-07,4.6924308848717205e-06,5.03088027521397e-06,10
HGNN,restart,base,190,4.794952982530241e-06,1.6762310990751228e-07,4.627329872622728e-06,4.962576092437753e-06,10
HGNN,restart,base,191,4.72940202535505e-06,1.6605338581247787e-07,4.563348639542572e-06,4.895455411167528e-06,10
HGNN,restart,base,192,4.664978627455202e-06,1.6451450210923367e-07,4.500464125345969e-06,4.829493129564436e-06,10
HGNN,restart,base,193,4.601659299709127e-06,1.6300547295189665e-07,4.43865382675723e-06,4.764664772661024e-06,10
HGNN,restart,base,194,4.539421128022523e-06,1.6152534638387676e-07,4.377895781638647e-06,4.7009464744064e-06,10
HGNN,restart,base,195,4.478241756976051e-06,1.6007320331690436e-07,4.318168553659147e-06,4.638314960292956e-06,10
HGNN,restart,base,196,4.418099374012427e-06,1.58648156530789e-07,4.259451217481638e-06,4.576747530543217e-06,10
HGNN,restart,base,197,4.358972694142339e-06,1.5724934969395006e-07,4.2017233444483895e-06,4.516222043836289e-06,10
HGNN,restart,base,198,4.300840945149499e-06,1.5587595640478356e-07,4.144964988744715e-06,4.4567169015542825e-06,10
HGNN,restart,base,199,4.2436838532760085e-06,1.5452717925389485e-07,4.089156674022113e-06,4.398211032529904e-06,10
HGNN,restart,base,200,4.18748162937e-06,1.5320224890720508e-07,4.034279380462796e-06,4.340683878277205e-06,10
HGNN,restart,base,201,4.132214955478339e-06,1.519004232099374e-07,3.9803145322684015e-06,4.284115378688277e-06,10
HGNN,restart,base,202,4.077864971867864e-06,1.5062098631144646e-07,3.927243985556417e-06,4.2284859581793105e-06,10
HGNN,restart,base,203,4.024413264459364e-06,1.4936324781085483e-07,3.87505001664851e-06,4.173776512270219e-06,10
HGNN,restart,base,204,3.971841852659168e-06,1.481265419234167e-07,3.823715310735752e-06,4.119968394582585e-06,10
HGNN,restart,base,205,3.920133177573811e-06,1.469102266675345e-07,3.7732229509062763e-06,4.067043404241346e-06,10
HGNN,restart,base,206,3.869270090593915e-06,1.457136830722952e-07,3.72355640752162e-06,4.01498377366621e-06,10
HGNN,restart,base,207,3.819235842333961e-06,1.445363144054109e-07,3.6746995279285504e-06,3.963772156739372e-06,10
HGNN,restart,base,208,3.7700140719151503e-06,1.4337754542140217e-07,3.626636526493748e-06,3.9133916173365525e-06,10
HGNN,restart,base,209,3.721588796579144e-06,1.422368216298432e-07,3.5793519749493008e-06,3.863825618208987e-06,10
HGNN,restart,base,210,3.673944401620933e-06,1.4111360858348432e-07,3.5328307930374487e-06,3.815058010204417e-06,10
HGNN,restart,base,211,3.6270656306295378e-06,1.400073911860297e-07,3.487058239443508e-06,3.7670730218155675e-06,10
HGNN,restart,base,212,3.5809375760257627e-06,1.3891767301933838e-07,3.4420199030064245e-06,3.719855249045101e-06,10
HGNN,restart,base,213,3.5355456698866023e-06,1.3784397568981219e-07,3.39770169419679e-06,3.6733896455764147e-06,10
HGNN,restart,base,214,3.490875675046341e-06,1.3678583819368463e-07,3.3540898368526566e-06,3.6276615132400255e-06,10
HGNN,restart,base,215,3.44691367646478e-06,1.3574281630095398e-07,3.3111708601638262e-06,3.582656492765734e-06,10
HGNN,restart,base,216,3.4036460728533935e-06,1.3471448195765203e-07,3.2689315908957413e-06,3.5383605548110456e-06,10
HGNN,restart,base,217,3.3610595685505923e-06,1.3370042270615547e-07,3.227359145844437e-06,3.4947599912567478e-06,10
HGNN,restart,base,218,3.3191411656376047e-06,1.3270024112321218e-07,3.1864409245143924e-06,3.451841406760817e-06,10
HGNN,restart,base,219,3.2778781562868206e-06,1.3171355427537246e-07,3.1461646020114483e-06,3.409591710562193e-06,10
HGNN,restart,base,220,3.2372581153347674e-06,1.3073999319147716e-07,3.10651812214329e-06,3.3679981085262447e-06,10
HGNN,restart,base,221,3.1972688930721634e-06,1.2977920235186607e-07,3.0674896907202973e-06,3.3270480954240295e-06,10
HGNN,restart,base,222,3.1578986082438166e-06,1.2883083919396596e-07,3.0290677690498507e-06,3.2867294474377826e-06,10
HGNN,restart,base,223,3.1191356412513896e-06,1.2789457363388955e-07,2.9912410676175e-06,3.247030214885279e-06,10
HGNN,restart,base,224,3.0809686275523142e-06,1.2697008760370407e-07,2.9539985399486103e-06,3.207938715156018e-06,10
HGNN,restart,base,225,3.043386451248415e-06,1.2605707460399744e-07,2.9173293766444174e-06,3.1694435258524124e-06,10
HGNN,restart,base,226,3.006378238858012e-06,1.2515523927138272e-07,2.8812229995866293e-06,3.1315334781293946e-06,10
HGNN,restart,base,227,2.96993335326553e-06,1.2426429696057898e-07,2.845669056304951e-06,3.0941976502261088e-06,10
HGNN,restart,base,228,2.9340413878428525e-06,1.233839733406956e-07,2.810657414502157e-06,3.057425361183548e-06,10
HGNN,restart,base,229,2.8986921607368693e-06,1.225140040053651e-07,2.776178156731504e-06,3.0212061647422345e-06,10
HGNN,restart,base,230,2.8638757093178755e-06,1.2165413409635293e-07,2.7422215752215226e-06,2.9855298434142283e-06,10
HGNN,restart,base,231,2.8295822847836788e-06,1.2080411794028289e-07,2.708778166843396e-06,2.9503864027239618e-06,10
HGNN,restart,base,232,2.795802346914445e-06,1.1996371869812237e-07,2.6758386282163227e-06,2.9157660656125676e-06,10
HGNN,restart,base,233,2.7625265589735032e-06,1.1913270802706524e-07,2.643393850946438e-06,2.8816592670005684e-06,10
HGNN,restart,base,234,2.729745782749507e-06,1.183108657544603e-07,2.6114349169950466e-06,2.8480566485039674e-06,10
HGNN,restart,base,235,2.697451073735503e-06,1.1749797956343708e-07,2.579953094172066e-06,2.8149490532989403e-06,10
HGNN,restart,base,236,2.6656336764406144e-06,1.1669384468988348e-07,2.548939831750731e-06,2.782327521130498e-06,10
HGNN,restart,base,237,2.6342850198302205e-06,1.1589826363042902e-07,2.5183867561997915e-06,2.7501832834606495e-06,10
HGNN,restart,base,238,2.6033967128906372e-06,1.151110458611075e-07,2.48828566702953e-06,2.7185077587517446e-06,10
HGNN,restart,base,239,2.572960540314444e-06,1.1433200756636112e-07,2.4586285327480828e-06,2.687292547880805e-06,10
HGNN,restart,base,240,2.5429684583027577e-06,1.1356097137806783e-07,2.42940748692469e-06,2.6565294296808254e-06,10
HGNN,restart,base,241,2.5134125904808696e-06,1.1279776612426625e-07,2.4006148243566033e-06,2.626210356605136e-06,10
HGNN,restart,base,242,2.4842852239237703e-06,1.1204222658727759e-07,2.3722429973364927e-06,2.596327450511048e-06,10
HGNN,restart,base,243,2.4555788052882423e-06,1.112941932709081e-07,2.3442846120173343e-06,2.56687299855915e-06,10
HGNN,restart,base,244,2.4272859370482865e-06,1.1055351217643614e-07,2.3167324248718502e-06,2.537839449224723e-06,10
HGNN,restart,base,245,2.399399373830768e-06,1.098200345870984e-07,2.2895793392436695e-06,2.509219408417866e-06,10
HGNN,restart,base,246,2.3719120188482725e-06,1.0909361686078002e-07,2.2628184019874925e-06,2.4810056357090524e-06,10
HGNN,restart,base,247,2.344816920426274e-06,1.0837412023063584e-07,2.236442800195638e-06,2.45319104065691e-06,10
HGNN,restart,base,248,2.318107268621791e-06,1.0766141061337122e-07,2.21044585800842e-06,2.4257686792351623e-06,10
HGNN,restart,base,249,2.2917763919308352e-06,1.0695535842491403e-07,2.184821033505921e-06,2.3987317503557494e-06,10
HGNN,restart,base,250,2.2658177540820095e-06,1.0625583840322441e-07,2.159561915678785e-06,2.372073592485234e-06,10
HGNN,restart,base,251,2.2402249509137417e-06,1.0556272943798868e-07,2.134662221475753e-06,2.3457876803517303e-06,10
HGNN,restart,base,252,2.2149917073326807e-06,1.048759144069544e-07,2.110115792925726e-06,2.3198676217396353e-06,10
HGNN,restart,base,253,2.1901118743508966e-06,1.0419528001866848e-07,2.085916594332228e-06,2.2943071543695652e-06,10
HGNN,restart,base,254,2.1655794261995904e-06,1.0352071666139208e-07,2.062058709538198e-06,2.2691001428609826e-06,10
HGNN,restart,base,255,2.1413884575170936e-06,1.0285211825796165e-07,2.0385363392591318e-06,2.2442405757750554e-06,10
HGNN,restart,base,256,2.1175331806090084e-06,1.0218938212638672e-07,2.0153437984826214e-06,2.2197225627353953e-06,10
HGNN,restart,restart,0,1.0,0.0,1.0,1.0,10
HGNN,restart,restart,1,0.14649934130359824,0.00044861567456219,0.14605072562903604,0.14694795697816043,10
HGNN,restart,restart,2,0.06087799440795141,0.00024402478746916542,0.06063396962048224,0.061122019195420575,10
HGNN,restart,restart,3,0.04001228312130512,0.00016166018903428074,0.03985062293227084,0.040173943310339404,10
HGNN,restart,restart,4,0.032281870080227835,0.00012091398686140328,0.03216095609336643,0.03240278406708924,10
HGNN,restart,restart,5,0.028711467542482095,9.858356634494604e-05,0.02861288397613715,0.02881005110882704,10
HGNN,restart,restart,6,0.026824490247909012,8.543941046491178e-05,0.0267390508374441,0.026909929658373924,10
HGNN,restart,restart,7,0.025734112705990148,7.724856753722275e-05,0.025656864138452924,0.025811361273527372,10
HGNN,restart,restart,8,0.025062996833809158,7.190899764058762e-05,0.02499108783616857,0.025134905831449745,10
HGNN,restart,restart,9,0.024629888407628392,6.830433171045532e-05,0.024561584075917936,0.024698192739338848,10
HGNN,restart,restart,10,0.02433974075291786,6.580381046159414e-05,0.024273936942456265,0.024405544563379452,10
HGNN,restart,restart,11,0.024139343063022484,6.403125513858591e-05,0.024075311807883897,0.02420337431816107,10
HGNN,restart,restart,12,0.02399735700372305,6.275214474199756e-05,0.02393460485898105,0.02406010914846505,10
HGNN,restart,restart,13,0.023894555984865846,6.181503752215347e-05,0.023832740947343695,0.023956371022388,10
HGNN,restart,restart,14,0.023818734219204333,6.111938136261035e-05,0.023757614837841723,0.023879853600566943,10
HGNN,restart,restart,15,0.023761912073615714,6.059689864437259e-05,0.02370131517497134,0.023822508972260088,10
HGNN,restart,restart,16,0.023718736845558905,6.020035380921093e-05,0.023658536491749694,0.023778937199368116,10
HGNN,restart,restart,17,0.023685535174814892,5.9896539920729325e-05,0.023625638634894162,0.023745431714735622,10
HGNN,restart,restart,18,0.023659734427999936,5.966177838960167e-05,0.023600072649610334,0.023719396206389538,10
HGNN,restart,restart,19,0.023639499856638612,5.9478966864714365e-05,0.023580020889773897,0.023698978823503327,10
HGNN,restart,restart,20,0.02362350154169237,5.9335606821494306e-05,0.023564165934870877,0.023682837148513863,10
HGNN,restart,restart,21,0.023610761392081528,5.922246473992155e-05,0.023551538927341607,0.02366998385682145,10
HGNN,restart,restart,22,0.02360055066396826,5.913265049188332e-05,0.023541418013476378,0.023659683314460143,10
HGNN,restart,restart,23,0.023592320041168742,5.9060974735050006e-05,0.023533259066433693,0.02365138101590379,10
HGNN,restart,restart,24,0.02358565111499585,5.900349546875148e-05,0.023526647619527098,0.0236446546104646,10
HGNN,restart,restart,25,0.02358022218536022,5.895719445705105e-05,0.023521264990903172,0.02363917937981727,10
HGNN,restart,restart,26,0.023575783809163118,5.891974386141683e-05,0.0235168640653017,0.023634703553024536,10
HGNN,restart,restart,27,0.023572141087585548,5.888933623456645e-05,0.02351325175135098,0.023631030423820115,10
HGNN,restart,restart,28,0.023569140680521704,5.886455949125948e-05,0.023510276121030443,0.023628005240012965,10
HGNN,restart,restart,29,0.023566661181807332,5.884430413069395e-05,0.023507816877676637,0.023625505485938027,10
HGNN,restart,restart,30,0.0235646059136499,5.882769381021973e-05,0.023505778219839683,0.02362343360746012,10
HGNN,restart,restart,31,0.023562897482511207,5.8814032982714e-05,0.023504083449528493,0.023621711515493922,10
HGNN,restart,restart,32,0.023561473631125072,5.880276711253081e-05,0.023502670864012542,0.0236202763982376,10
HGNN,restart,restart,33,0.0235602840535718,5.8793452240794676e-05,0.023501490601331006,0.023619077505812595,10
HGNN,restart,restart,34,0.023559287932371345,5.8785731554164265e-05,0.023500502200817182,0.023618073663925508,10
HGNN,restart,restart,35,0.023558452021385935,5.877931723836381e-05,0.023499672704147573,0.023617231338624298,10
HGNN,restart,restart,36,0.02355774914449863,5.877397634694318e-05,0.02349897516815169,0.023616523120845574,10
HGNN,restart,restart,37,0.02355715701326789,5.876951974027999e-05,0.02349838749352761,0.023615926533008168,10
HGNN,restart,restart,38,0.023556657290911213,5.876579338642106e-05,0.023497891497524792,0.023615423084297635,10
HGNN,restart,restart,39,0.023556234847684366,5.876267148884984e-05,0.023497472176195515,0.023614997519173217,10
HGNN,restart,restart,40,0.023555877165824177,5.876005103492795e-05,0.02349711711478925,0.023614637216859104,10
HGNN,restart,restart,41,0.023555573861990087,5.875784745440341e-05,0.023496816014535682,0.02361433170944449,10
HGNN,restart,restart,42,0.023555316302475128,5.875599114929665e-05,0.023496560311325833,0.023614072293624423,10
HGNN,restart,restart,43,0.023555097292004726,5.8754424710701836e-05,0.023496342867294025,0.023613851716715428,10
HGNN,restart,restart,44,0.02355491082116446,5.875310067928329e-05,0.02349615772048518,0.023613663921843744,10
HGNN,restart,restart,45,0.023554751860731967,5.875197973772492e-05,0.023495999880994243,0.02361350384046969,10
HGNN,restart,restart,46,0.023554616193679,5.875102924756407e-05,0.023495865164431435,0.023613367222926566,10
HGNN,restart,restart,47,0.023554500277539022,5.875022206154933e-05,0.023495750055477473,0.02361325049960057,10
HGNN,restart,restart,48,0.023554401131336798,5.874953555710284e-05,0.023495651595779696,0.0236131506668939,10
HGNN,restart,restart,49,0.02355431624245124,5.87489508477464e-05,0.023495567291603493,0.023613065193298984,10
HGNN,restart,restart,50,0.023554243489705168,5.874845213822762e-05,0.02349549503756694,0.023612991941843395,10
HGNN,restart,restart,51,0.023554181079703827,5.8748026195908683e-05,0.02349543305350792,0.023612929105899735,10
HGNN,restart,restart,52,0.023554127494020926,5.8747661916567955e-05,0.023495379832104358,0.023612875155937494,10
HGNN,restart,restart,53,0.023554081445289764,5.8747349966959565e-05,0.023495334095322805,0.023612828795256724,10
HGNN,restart,restart,54,0.02355404184062325,5.874708248998357e-05,0.023495294758133264,0.023612788923113234,10
HGNN,restart,restart,55,0.023554007751080318,5.8746852861058275e-05,0.02349526089821926,0.023612754603941376,10
HGNN,restart,restart,56,0.02355397838613197,5.874665548637571e-05,0.023495231730645594,0.023612725041618345,10
HGNN,restart,restart,57,0.023553953072270376,5.874648563558579e-05,0.02349520658663479,0.023612699557905962,10
HGNN,restart,restart,58,0.023553931235058653,5.874633930276358e-05,0.02349518489575589,0.023612677574361418,10
HGNN,restart,restart,59,0.023553912384043384,5.874621309069785e-05,0.023495166170952687,0.02361265859713408,10
HGNN,restart,restart,60,0.023553896100053796,5.874610411442027e-05,0.023495149995939376,0.023612642204168217,10
HGNN,restart,restart,61,0.023553882024494172,5.874600992065715e-05,0.023495136014573516,0.02361262803441483,10
HGNN,restart,restart,62,0.02355386985030391,5.874592842046839e-05,0.02349512392188344,0.023612615778724377,10
HGNN,restart,restart,63,0.023553859314315126,5.87458578328388e-05,0.023495113456482287,0.023612605172147964,10
HGNN,restart,restart,64,0.02355385019078324,5.8745796637332924e-05,0.02349510439414591,0.023612595987420573,10
HGNN,restart,restart,65,0.02355384228590377,5.874574353436004e-05,0.02349509654236941,0.023612588029438133,10
HGNN,restart,restart,66,0.02355383543315929,5.8745697411731725e-05,0.023495089735747557,0.02361258113057102,10
HGNN,restart,restart,67,0.023553829489366324,5.8745657316486717e-05,0.023495083832049835,0.023612575146682812,10
HGNN,restart,restart,68,0.023553824331313217,5.874562243113762e-05,0.02349507870888208,0.023612569953744354,10
HGNN,restart,restart,69,0.023553819852897444,5.874559205360284e-05,0.02349507426084384,0.023612565444951047,10
HGNN,restart,restart,70,0.023553815962685735,5.874556558022116e-05,0.023495070397105515,0.023612561528265956,10
HGNN,restart,restart,71,0.023553812581832496,5.874554249139701e-05,0.023495067039341098,0.023612558124323894,10
HGNN,restart,restart,72,0.023553809642302134,5.8745522339390424e-05,0.023495064119962744,0.023612555164641523,10
HGNN,restart,restart,73,0.0235538070853496,5.87455047379829e-05,0.023495061580611615,0.02361255259008758,10
HGNN,restart,restart,74,0.0235538048602204,5.8745489353678565e-05,0.02349505937086672,0.023612550349574078,10
HGNN,restart,restart,75,0.023553802923037475,5.874547589820973e-05,0.023495057447139266,0.023612548398935684,10
HGNN,restart,restart,76,0.023553801235847254,5.874546412216143e-05,0.023495055771725094,0.023612546699969414,10
HGNN,restart,restart,77,0.02355379976580145,5.8745453809528754e-05,0.023495054311991923,0.023612545219610977,10
HGNN,restart,restart,78,0.023553798484454786,5.8745444773066055e-05,0.02349505303968172,0.02361254392922785,10
HGNN,restart,restart,79,0.023553797367161677,5.87454368503079e-05,0.02349505193031137,0.023612542804011986,10
HGNN,restart,restart,80,0.023553796392557672,5.874542990016405e-05,0.02349505096265751,0.023612541822457835,10
HGNN,restart,restart,81,0.023553795542113287,5.87454238000028e-05,0.023495050118313283,0.02361254096591329,10
HGNN,restart,restart,82,0.02355379479974998,5.874541844315751e-05,0.023495049381306823,0.02361254021819314,10
HGNN,restart,restart,83,0.0235537941515093,5.874541373675334e-05,0.02349504873777255,0.023612539565246053,10
HGNN,restart,restart,84,0.023553793585267758,5.874540959987731e-05,0.02349504817566788,0.023612538994867635,10
HGNN,restart,restart,85,0.023553793090490806,5.874540596197262e-05,0.023495047684528834,0.023612538496452777,10
HGNN,restart,restart,86,0.023553792658020607,5.874540276148063e-05,0.023495047255259128,0.023612538060782087,10
HGNN,restart,restart,87,0.023553792279892675,5.8745399944648276e-05,0.023495046879948026,0.023612537679837325,10
HGNN,restart,restart,88,0.023553791949177515,5.874539746449637e-05,0.023495046551713018,0.023612537346642013,10
HGNN,restart,restart,89,0.023553791659843632,5.874539527995555e-05,0.023495046264563675,0.02361253705512359,10
HGNN,restart,restart,90,0.02355379140663911,5.874539335509471e-05,0.023495046013284015,0.023612536799994203,10
HGNN,restart,restart,91,0.023553791184989042,5.8745391658452666e-05,0.02349504579333059,0.023612536576647494,10
HGNN,restart,restart,92,0.023553790990906782,5.874539016247241e-05,0.02349504560074431,0.023612536381069252,10
HGNN,restart,restart,93,0.02355379082091701,5.874538884299964e-05,0.02349504543207401,0.023612536209760008,10
HGNN,restart,restart,94,0.023553790671989046,5.874538767885248e-05,0.023495045284310193,0.0236125360596679,10
HGNN,restart,restart,95,0.023553790541479044,5.874538665144523e-05,0.023495045154827598,0.02361253592813049,10
HGNN,restart,restart,96,0.02355379042707982,5.8745385744458003e-05,0.02349504504133536,0.02361253581282428,10
HGNN,restart,restart,97,0.02355379032677731,5.8745384943564384e-05,0.023495044941833746,0.023612535711720877,10
HGNN,restart,restart,98,0.023553790238812735,5.874538423617303e-05,0.023495044854576562,0.023612535623048908,10
HGNN,restart,restart,99,0.023553790161649754,5.874538361121112e-05,0.023495044778038543,0.023612535545260965,10
HGNN,restart,restart,100,0.02355379009394593,5.874538305894026e-05,0.023495044710886988,0.02361253547700487,10
HGNN,restart,restart,101,0.023553790034527858,5.874538257079786e-05,0.02349504465195706,0.023612535417098655,10
HGNN,restart,restart,102,0.023553789982369615,5.874538213924365e-05,0.023495044600230372,0.023612535364508858,10
HGNN,restart,restart,103,0.023553789936573925,5.8745381757636626e-05,0.023495044554816286,0.023612535318331563,10
HGNN,restart,restart,104,0.023553789896355815,5.87453814201305e-05,0.023495044514935684,0.023612535277775945,10
HGNN,restart,restart,105,0.023553789861028362,5.874538112156912e-05,0.02349504447990679,0.023612535242149933,10
HGNN,restart,restart,106,0.023553789829990283,5.8745380857408546e-05,0.023495044449132876,0.02361253521084769,10
HGNN,restart,restart,107,0.023553789802715115,5.874538062364658e-05,0.02349504442209147,0.02361253518333876,10
HGNN,restart,restart,108,0.02355378977874176,5.874538041674971e-05,0.02349504439832501,0.02361253515915851,10
HGNN,restart,restart,109,0.023553789757666307,5.874538023359955e-05,0.023495044377432706,0.023612535137899907,10
HGNN,restart,restart,110,0.023553789739134808,5.874538007144327e-05,0.023495044359063365,0.02361253511920625,10
HGNN,restart,restart,111,0.023553789722837046,5.874537992785563e-05,0.02349504434290919,0.0236125351027649,10
HGNN,restart,restart,112,0.023553789708501048,5.874537980069614e-05,0.02349504432870035,0.023612535088301745,10
HGNN,restart,restart,113,0.02355378969588833,5.874537968806076e-05,0.02349504431620027,0.023612535075576393,10
HGNN,restart,restart,114,0.023553789684789713,5.874537958828236e-05,0.02349504430520143,0.023612535064377996,10
HGNN,restart,restart,115,0.02355378967502167,5.874537949987855e-05,0.02349504429552179,0.023612535054521547,10
HGNN,restart,restart,116,0.023553789666423165,5.874537942154717e-05,0.023495044287001617,0.023612535045844714,10
HGNN,restart,restart,117,0.023553789658852846,5.8745379352129876e-05,0.023495044279500717,0.023612535038204974,10
HGNN,restart,restart,118,0.023553789652186633,5.8745379290604784e-05,0.02349504427289603,0.023612535031477238,10
HGNN,restart,restart,119,0.023553789646315555,5.87453792360713e-05,0.023495044267079483,0.023612535025551627,10
HGNN,restart,restart,120,0.023553789641143914,5.874537918772387e-05,0.02349504426195619,0.02361253502033164,10
HGNN,restart,restart,121,0.023553789636587646,5.874537914486267e-05,0.023495044257442782,0.02361253501573251,10
HGNN,restart,restart,122,0.02355378963257289,5.874537910686244e-05,0.023495044253466026,0.02361253501167975,10
HGNN,restart,restart,123,0.023553789629034722,5.874537907316141e-05,0.02349504424996156,0.023612535008107883,10
HGNN,restart,restart,124,0.02355378962591608,5.8745379043274504e-05,0.023495044246872807,0.023612535004959356,10
HGNN,restart,restart,125,0.023553789623166815,5.8745379016767286e-05,0.023495044244150047,0.023612535002183584,10
HGNN,restart,restart,126,0.023553789620742803,5.8745378993257575e-05,0.023495044241749547,0.02361253499973606,10
HGNN,restart,restart,127,0.02355378961860525,5.8745378972401435e-05,0.023495044239632848,0.02361253499757765,10
HGNN,restart,restart,128,0.023553789616720028,5.874537895390077e-05,0.023495044237766126,0.02361253499567393,10
HGNN,restart,restart,129,0.023553789615057115,5.8745378937483904e-05,0.02349504423611963,0.0236125349939946,10
HGNN,restart,restart,130,0.02355378961359009,5.8745378922917844e-05,0.023495044234667174,0.023612534992513007,10
HGNN,restart,restart,131,0.023553789612295695,5.8745378909996486e-05,0.0234950442333857,0.02361253499120569,10
HGNN,restart,restart,132,0.02355378961115346,5.874537889852886e-05,0.02349504423225493,0.02361253499005199,10
HGNN,restart,restart,133,0.023553789610145363,5.8745378888350105e-05,0.023495044231257013,0.023612534989033714,10
HGNN,restart,restart,134,0.023553789609255533,5.874537887931525e-05,0.023495044230376218,0.02361253498813485,10
HGNN,restart,restart,135,0.023553789608469995,5.874537887130062e-05,0.023495044229598694,0.023612534987341297,10
HGNN,restart,restart,136,0.02355378960777644,5.874537886418169e-05,0.023495044228912257,0.02361253498664062,10
HGNN,restart,restart,137,0.02355378960716401,5.8745378857864643e-05,0.023495044228306144,0.023612534986021873,10
HGNN,restart,restart,138,0.023553789606623153,5.874537885225828e-05,0.023495044227770896,0.02361253498547541,10
HGNN,restart,restart,139,0.02355378960614544,5.874537884727874e-05,0.023495044227298163,0.02361253498499272,10
HGNN,restart,restart,140,0.02355378960572346,5.8745378842857456e-05,0.0234950442268806,0.02361253498456632,10
HGNN,restart,restart,141,0.023553789605350657,5.874537883893373e-05,0.023495044226511722,0.023612534984189592,10
HGNN,restart,restart,142,0.023553789605021257,5.874537883544965e-05,0.02349504422618581,0.023612534983856705,10
HGNN,restart,restart,143,0.023553789604730185,5.874537883235456e-05,0.02349504422589783,0.023612534983562538,10
HGNN,restart,restart,144,0.02355378960447295,5.87453788296083e-05,0.02349504422564334,0.02361253498330256,10
HGNN,restart,restart,145,0.023553789604245583,5.8745378827167316e-05,0.023495044225418416,0.02361253498307275,10
HGNN,restart,restart,146,0.023553789604044605,5.874537882500021e-05,0.023495044225219603,0.023612534982869606,10
HGNN,restart,restart,147,0.023553789603866924,5.874537882307503e-05,0.023495044225043848,0.02361253498269,10
HGNN,restart,restart,148,0.023553789603709827,5.8745378821365194e-05,0.02349504422488846,0.023612534982531193,10
HGNN,restart,restart,149,0.023553789603570914,5.874537881984724e-05,0.023495044224751068,0.02361253498239076,10
HGNN,restart,restart,150,0.023553789603448068,5.874537881849835e-05,0.023495044224629568,0.023612534982266568,10
HGNN,restart,restart,151,0.02355378960333942,5.8745378817300364e-05,0.02349504422452212,0.023612534982156718,10
HGNN,restart,restart,152,0.02355378960324332,5.8745378816237806e-05,0.02349504422442708,0.023612534982059556,10
HGNN,restart,restart,153,0.02355378960315831,5.874537881529085e-05,0.02349504422434302,0.0236125349819736,10
HGNN,restart,restart,154,0.023553789603083096,5.874537881445212e-05,0.023495044224268645,0.023612534981897547,10
HGNN,restart,restart,155,0.023553789603016552,5.874537881370477e-05,0.023495044224202847,0.023612534981830257,10
HGNN,restart,restart,156,0.023553789602957665,5.874537881304193e-05,0.023495044224144623,0.023612534981770707,10
HGNN,restart,restart,157,0.023553789602905557,5.874537881245397e-05,0.023495044224093105,0.02361253498171801,10
HGNN,restart,restart,158,0.023553789602859435,5.87453788119307e-05,0.023495044224047502,0.023612534981671367,10
HGNN,restart,restart,159,0.023553789602818613,5.874537881146564e-05,0.023495044224007146,0.02361253498163008,10
HGNN,restart,restart,160,0.023553789602782472,5.874537881105287e-05,0.023495044223971417,0.023612534981593526,10
HGNN,restart,restart,161,0.023553789602750487,5.874537881068547e-05,0.0234950442239398,0.023612534981561174,10
HGNN,restart,restart,162,0.023553789602722162,5.874537881035839e-05,0.023495044223911805,0.02361253498153252,10
HGNN,restart,restart,163,0.023553789602697082,5.8745378810068275e-05,0.023495044223887013,0.02361253498150715,10
HGNN,restart,restart,164,0.023553789602674877,5.87453788098113e-05,0.023495044223865065,0.02361253498148469,10
HGNN,restart,restart,165,0.02355378960265521,5.874537880958411e-05,0.023495044223845626,0.023612534981464792,10
HGNN,restart,restart,166,0.02355378960263779,5.87453788093795e-05,0.02349504422382841,0.023612534981447168,10
HGNN,restart,restart,167,0.02355378960262236,5.87453788091986e-05,0.023495044223813162,0.02361253498143156,10
HGNN,restart,restart,168,0.023553789602608694,5.874537880903763e-05,0.023495044223799656,0.023612534981417733,10
HGNN,restart,restart,169,0.02355378960259659,5.874537880889509e-05,0.023495044223787693,0.023612534981405486,10
HGNN,restart,restart,170,0.02355378960258586,5.87453788087668e-05,0.02349504422377709,0.023612534981394626,10
HGNN,restart,restart,171,0.023553789602576355,5.874537880865537e-05,0.0234950442237677,0.023612534981385012,10
HGNN,restart,restart,172,0.023553789602567935,5.874537880855527e-05,0.02349504422375938,0.02361253498137649,10
HGNN,restart,restart,173,0.023553789602560472,5.874537880846513e-05,0.023495044223752006,0.02361253498136894,10
HGNN,restart,restart,174,0.02355378960255386,5.8745378808385885e-05,0.023495044223745473,0.023612534981362246,10
HGNN,restart,restart,175,0.023553789602547996,5.874537880831546e-05,0.02349504422373968,0.023612534981356313,10
HGNN,restart,restart,176,0.023553789602542802,5.8745378808253477e-05,0.023495044223734548,0.023612534981351057,10
HGNN,restart,restart,177,0.023553789602538195,5.874537880819822e-05,0.023495044223729996,0.023612534981346394,10
HGNN,restart,restart,178,0.02355378960253411,5.8745378808147896e-05,0.023495044223725964,0.02361253498134226,10
HGNN,restart,restart,179,0.023553789602530493,5.8745378808104216e-05,0.023495044223722387,0.023612534981338598,10
HGNN,restart,restart,180,0.023553789602527277,5.87453788080654e-05,0.023495044223719213,0.02361253498133534,10
HGNN,restart,restart,181,0.023553789602524435,5.874537880803159e-05,0.023495044223716403,0.023612534981332468,10
HGNN,restart,restart,182,0.023553789602521913,5.874537880800092e-05,0.02349504422371391,0.023612534981329914,10
HGNN,restart,restart,183,0.02355378960251967,5.8745378807971916e-05,0.023495044223711698,0.023612534981327645,10
HGNN,restart,restart,184,0.023553789602517687,5.874537880794915e-05,0.023495044223709738,0.023612534981325636,10
HGNN,restart,restart,185,0.023553789602515928,5.874537880792591e-05,0.023495044223708003,0.023612534981323853,10
HGNN,restart,restart,186,0.02355378960251437,5.874537880790769e-05,0.023495044223706463,0.023612534981322278,10
HGNN,restart,restart,187,0.023553789602512983,5.874537880789016e-05,0.023495044223705092,0.023612534981320873,10
HGNN,restart,restart,188,0.02355378960251175,5.874537880787406e-05,0.023495044223703878,0.023612534981319624,10
HGNN,restart,restart,189,0.023553789602510665,5.874537880786134e-05,0.023495044223702802,0.023612534981318527,10
HGNN,restart,restart,190,0.023553789602509694,5.874537880784873e-05,0.023495044223701845,0.023612534981317542,10
HGNN,restart,restart,191,0.02355378960250884,5.874537880783879e-05,0.023495044223701002,0.023612534981316678,10
HGNN,restart,restart,192,0.023553789602508077,5.874537880783032e-05,0.023495044223700245,0.023612534981315908,10
HGNN,restart,restart,193,0.023553789602507404,5.874537880781938e-05,0.023495044223699583,0.023612534981315225,10
HGNN,restart,restart,194,0.023553789602506803,5.874537880781493e-05,0.02349504422369899,0.023612534981314617,10
HGNN,restart,restart,195,0.02355378960250627,5.874537880780675e-05,0.023495044223698462,0.023612534981314076,10
HGNN,restart,restart,196,0.023553789602505794,5.874537880780059e-05,0.023495044223697994,0.023612534981313594,10
HGNN,restart,restart,197,0.023553789602505378,5.874537880779438e-05,0.023495044223697584,0.02361253498131317,10
HGNN,restart,restart,198,0.023553789602505003,5.874537880778926e-05,0.023495044223697213,0.023612534981312792,10
HGNN,restart,restart,199,0.023553789602504677,5.874537880778641e-05,0.02349504422369689,0.023612534981312463,10
HGNN,restart,restart,200,0.023553789602504382,5.874537880778235e-05,0.0234950442236966,0.023612534981312164,10
HGNN,restart,restart,201,0.02355378960250412,5.8745378807779294e-05,0.023495044223696342,0.0236125349813119,10
HGNN,restart,restart,202,0.023553789602503893,5.874537880777603e-05,0.023495044223696117,0.02361253498131167,10
HGNN,restart,restart,203,0.023553789602503684,5.874537880777315e-05,0.023495044223695912,0.023612534981311457,10
HGNN,restart,restart,204,0.0235537896025035,5.874537880777103e-05,0.023495044223695728,0.023612534981311273,10
HGNN,restart,restart,205,0.02355378960250334,5.87453788077697e-05,0.023495044223695572,0.02361253498131111,10
HGNN,restart,restart,206,0.0235537896025032,5.874537880776663e-05,0.023495044223695433,0.023612534981310964,10
HGNN,restart,restart,207,0.023553789602503074,5.87453788077654e-05,0.02349504422369531,0.02361253498131084,10
HGNN,restart,restart,208,0.023553789602502956,5.8745378807763634e-05,0.02349504422369519,0.02361253498131072,10
HGNN,restart,restart,209,0.02355378960250286,5.8745378807763844e-05,0.023495044223695093,0.023612534981310624,10
HGNN,restart,restart,210,0.02355378960250276,5.874537880776259e-05,0.023495044223695,0.023612534981310523,10
HGNN,restart,restart,211,0.023553789602502685,5.8745378807759846e-05,0.023495044223694927,0.023612534981310444,10
HGNN,restart,restart,212,0.023553789602502616,5.874537880776013e-05,0.023495044223694857,0.023612534981310374,10
HGNN,restart,restart,213,0.02355378960250255,5.874537880775822e-05,0.02349504422369479,0.02361253498131031,10
HGNN,restart,restart,214,0.023553789602502494,5.8745378807757576e-05,0.023495044223694736,0.023612534981310253,10
HGNN,restart,restart,215,0.02355378960250245,5.8745378807759006e-05,0.02349504422369469,0.023612534981310208,10
HGNN,restart,restart,216,0.023553789602502404,5.8745378807756505e-05,0.02349504422369465,0.02361253498131016,10
HGNN,restart,restart,217,0.023553789602502366,5.874537880775628e-05,0.02349504422369461,0.02361253498131012,10
HGNN,restart,restart,218,0.023553789602502328,5.8745378807756925e-05,0.02349504422369457,0.023612534981310086,10
HGNN,restart,restart,219,0.0235537896025023,5.8745378807755956e-05,0.023495044223694545,0.023612534981310055,10
HGNN,restart,restart,220,0.023553789602502272,5.874537880775566e-05,0.023495044223694517,0.023612534981310027,10
HGNN,restart,restart,221,0.023553789602502245,5.874537880775576e-05,0.02349504422369449,0.02361253498131,10
HGNN,restart,restart,222,0.023553789602502227,5.87453788077543e-05,0.023495044223694472,0.023612534981309982,10
HGNN,restart,restart,223,0.023553789602502203,5.874537880775516e-05,0.023495044223694448,0.023612534981309958,10
HGNN,restart,restart,224,0.02355378960250219,5.87453788077555e-05,0.023495044223694434,0.023612534981309944,10
HGNN,restart,restart,225,0.023553789602502172,5.8745378807753544e-05,0.023495044223694417,0.023612534981309927,10
HGNN,restart,restart,226,0.02355378960250216,5.8745378807754615e-05,0.023495044223694406,0.023612534981309916,10
HGNN,restart,restart,227,0.023553789602502147,5.8745378807754066e-05,0.023495044223694393,0.023612534981309902,10
HGNN,restart,restart,228,0.02355378960250214,5.874537880775298e-05,0.02349504422369439,0.023612534981309892,10
HGNN,restart,restart,229,0.02355378960250213,5.8745378807753924e-05,0.023495044223694375,0.023612534981309885,10
HGNN,restart,restart,230,0.023553789602502116,5.874537880775316e-05,0.023495044223694365,0.023612534981309868,10
HGNN,restart,restart,231,0.023553789602502116,5.874537880775303e-05,0.023495044223694365,0.023612534981309868,10
HGNN,restart,restart,232,0.023553789602502102,5.874537880775331e-05,0.023495044223694347,0.023612534981309857,10
HGNN,restart,restart,233,0.023553789602502102,5.874537880775333e-05,0.023495044223694347,0.023612534981309857,10
HGNN,restart,restart,234,0.023553789602502095,5.87453788077531e-05,0.023495044223694344,0.023612534981309847,10
HGNN,restart,restart,235,0.02355378960250209,5.87453788077529e-05,0.023495044223694337,0.02361253498130984,10
HGNN,restart,restart,236,0.02355378960250209,5.874537880775329e-05,0.023495044223694334,0.023612534981309843,10
HGNN,restart,restart,237,0.02355378960250208,5.874537880775411e-05,0.023495044223694327,0.023612534981309836,10
HGNN,restart,restart,238,0.023553789602502078,5.874537880775478e-05,0.023495044223694323,0.023612534981309833,10
HGNN,restart,restart,239,0.023553789602502078,5.874537880775309e-05,0.023495044223694327,0.02361253498130983,10
HGNN,restart,restart,240,0.023553789602502075,5.874537880775178e-05,0.023495044223694323,0.023612534981309826,10
HGNN,restart,restart,241,0.02355378960250207,5.874537880775136e-05,0.02349504422369432,0.023612534981309823,10
HGNN,restart,restart,242,0.023553789602502068,5.8745378807751166e-05,0.023495044223694316,0.02361253498130982,10
HGNN,restart,restart,243,0.023553789602502064,5.874537880775185e-05,0.023495044223694313,0.023612534981309816,10
HGNN,restart,restart,244,0.023553789602502064,5.874537880775133e-05,0.023495044223694313,0.023612534981309816,10
HGNN,restart,restart,245,0.023553789602502064,5.874537880775259e-05,0.023495044223694313,0.023612534981309816,10
HGNN,restart,restart,246,0.02355378960250206,5.874537880775256e-05,0.02349504422369431,0.023612534981309812,10
HGNN,restart,restart,247,0.02355378960250206,5.8745378807753226e-05,0.023495044223694306,0.023612534981309816,10
HGNN,restart,restart,248,0.02355378960250206,5.874537880775174e-05,0.02349504422369431,0.023612534981309812,10
HGNN,restart,restart,249,0.02355378960250206,5.874537880775197e-05,0.02349504422369431,0.023612534981309812,10
HGNN,restart,restart,250,0.02355378960250206,5.874537880775289e-05,0.02349504422369431,0.023612534981309812,10
HGNN,restart,restart,251,0.02355378960250206,5.874537880775212e-05,0.02349504422369431,0.023612534981309812,10
HGNN,restart,restart,252,0.02355378960250206,5.874537880775152e-05,0.02349504422369431,0.023612534981309812,10
HGNN,restart,restart,253,0.023553789602502057,5.874537880775226e-05,0.023495044223694306,0.02361253498130981,10
HGNN,restart,restart,254,0.023553789602502057,5.8745378807751837e-05,0.023495044223694306,0.02361253498130981,10
HGNN,restart,restart,255,0.023553789602502057,5.874537880775324e-05,0.023495044223694302,0.023612534981309812,10
HGNN,restart,restart,256,0.023553789602502057,5.874537880775163e-05,0.023495044223694306,0.02361253498130981,10
HNHN,diagnostics,un,0,1.0,0.0,1.0,1.0,10
HNHN,diagnostics,un,1,0.7758514881397859,0.0009526044325709913,0.7748988837072149,0.7768040925723568,10
HNHN,diagnostics,un,2,0.6053602747708138,0.0012408291880388778,0.6041194455827749,0.6066011039588527,10
HNHN,diagnostics,un,3,0.48287544867985643,0.0012362230059912024,0.48163922567386525,0.4841116716858476,10
HNHN,diagnostics,un,4,0.39694696924133427,0.0011564717752819184,0.3957904974660523,0.3981034410166162,10
HNHN,diagnostics,un,5,0.33646622643118096,0.0010848641999503781,0.3353813622312306,0.3375510906311313,10
HNHN,diagnostics,un,6,0.29300301218853186,0.0010397273112921445,0.2919632848772397,0.294042739499824,10
HNHN,diagnostics,un,7,0.26082874761195923,0.0010177501203284761,0.2598109974916308,0.2618464977322877,10
HNHN,diagnostics,un,8,0.23622699759814894,0.00101130224801804,0.2352156953501309,0.23723829984616698,10
HNHN,diagnostics,un,9,0.21681446192650283,0.0010137251853423888,0.21580073674116043,0.21782818711184523,10
HNHN,diagnostics,un,10,0.20105099280624797,0.0010203643651569062,0.20003062844109107,0.20207135717140487,10
HNHN,diagnostics,un,11,0.1879233895265571,0.001028313978097593,0.1868950755484595,0.1889517035046547,10
HNHN,diagnostics,un,12,0.1767499359682511,0.0010359043818704726,0.1757140315863806,0.17778584035012157,10
HNHN,diagnostics,un,13,0.16706088129319946,0.0010422537827348285,0.16601862751046462,0.1681031350759343,10
HNHN,diagnostics,un,14,0.15852491190931886,0.0010469499169351289,0.15747796199238373,0.159571861826254,10
HNHN,diagnostics,un,15,0.1509032217584227,0.0010498457149082394,0.14985337604351445,0.15195306747333093,10
HNHN,diagnostics,un,16,0.14402024313163792,0.0010509362669862167,0.1429693068646517,0.14507117939862413,10
HNHN,diagnostics,un,17,0.13774458010762464,0.0010502883770308871,0.13669429173059375,0.13879486848465553,10
HNHN,diagnostics,un,18,0.13197630819624445,0.0010480020999365227,0.13092830609630793,0.13302431029618098,10
HNHN,diagnostics,un,19,0.12663832988662355,0.0010441908039383184,0.12559413908268524,0.12768252069056185,10
HNHN,diagnostics,un,20,0.12167037002190773,0.0010389714657321005,0.12063139855617562,0.12270934148763983,10
HNHN,diagnostics,un,21,0.11702472581316577,0.0010324603208382264,0.11599226549232754,0.118057186134004,10
HNHN,diagnostics,un,22,0.11266320683744113,0.0010247711258516011,0.11163843571158953,0.11368797796329273,10
HNHN,diagnostics,un,23,0.10855489753818681,0.001016014566478226,0.10753888297170859,0.10957091210466503,10
HNHN,diagnostics,un,24,0.1046744983977846,0.0010062980787664572,0.10366820031901815,0.10568079647655106,10
HNHN,diagnostics,un,25,0.10100108099196652,0.0009957257533809132,0.1000053552385856,0.10199680674534743,10
HNHN,diagnostics,un,26,0.09751714360026567,0.0009843982011673155,0.09653274539909835,0.09850154180143299,10
HNHN,diagnostics,un,27,0.09420788814885843,0.0009724123574485322,0.0932354757914099,0.09518030050630696,10
HNHN,diagnostics,un,28,0.09106066223715123,0.000959861243132579,0.09010080099401865,0.0920205234802838,10
HNHN,diagnostics,un,29,0.08806452572196394,0.0009468337119645251,0.08711769200999941,0.08901135943392846,10
HNHN,diagnostics,un,30,0.08520991225333949,0.0009334142112266036,0.08427649804211289,0.08614332646456609,10
HNHN,diagnostics,un,31,0.08248836384890026,0.0009196825763213393,0.08156868127257892,0.08340804642522161,10
HNHN,diagnostics,un,32,0.07989232208745362,0.0009057138720654031,0.07898660821538821,0.08079803595951902,10
HNHN,diagnostics,un,33,0.07741496347804365,0.0008915782869246604,0.076523385191119,0.0783065417649683,10
HNHN,diagnostics,un,34,0.07505006947466111,0.00087734108137906,0.07417272839328205,0.07592741055604017,10
HNHN,diagnostics,un,35,0.07279192376961924,0.0008630625881008064,0.07192886118151844,0.07365498635772004,10
HNHN,diagnostics,un,36,0.07063523112334108,0.0008487982594165394,0.06978643286392454,0.07148402938275762,10
HNHN,diagnostics,un,37,0.06857505322302258,0.0008345987563046617,0.06774045446671792,0.06940965197932725,10
HNHN,diagnostics,un,38,0.06660675801122953,0.0008205100726767455,0.06578624793855278,0.06742726808390628,10
HNHN,diagnostics,un,39,0.06472597966164259,0.000806573688676149,0.06391940597296644,0.06553255335031874,10
HNHN,diagnostics,un,40,0.06292858695567315,0.0007928267470255836,0.06213576020864756,0.06372141370269872,10
HNHN,diagnostics,un,41,0.06121065826878178,0.0007793022469375294,0.060431356021844254,0.06198996051571931,10
HNHN,diagnostics,un,42,0.05956846173704951,0.0007660292506796414,0.05880243248636987,0.060334490987729146,10
HNHN,diagnostics,un,43,0.05799843946363571,0.0007530330984995625,0.05724540636513615,0.058751472562135275,10
HNHN,diagnostics,un,44,0.05649719485677139,0.0007403356282201239,0.05575685922855127,0.057237530484991514,10
HNHN,diagnostics,un,45,0.05506148237769757,0.0007279553963928034,0.05433352698130477,0.05578943777409037,10
HNHN,diagnostics,un,46,0.053688199127552294,0.0007159078984292404,0.05297229122912305,0.054404107025981537,10
HNHN,diagnostics,un,47,0.05237437782369788,0.000704205785610149,0.051670172038087735,0.053078583609308026,10
HNHN,diagnostics,un,48,0.051117180813925946,0.0006928590772960899,0.050424321736629855,0.051810039891222036,10
HNHN,diagnostics,un,49,0.04991389485580258,0.0006818753670342932,0.04923201948876829,0.05059577022283687,10
HNHN,diagnostics,un,50,0.04876192645166876,0.0006712600215734399,0.048090666430095325,0.0494331864732422,10
HNHN,diagnostics,un,51,0.04765879758036677,0.0006610163720665327,0.04699778120830024,0.0483198139524333,10
HNHN,diagnostics,un,52,0.04660214170696068,0.0006511458969654847,0.04595099580999519,0.047253287603926164,10
HNHN,diagnostics,un,53,0.04558969998347517,0.0006416483962940476,0.04494805158718112,0.046231348379769215,10
HNHN,diagnostics,un,54,0.0446193175785675,0.0006325221571331654,0.043986795421434334,0.04525183973570066,10
HNHN,diagnostics,un,55,0.04368894009336764,0.0006237641102693472,0.043065175983098294,0.04431270420363699,10
HNHN,diagnostics,un,56,0.0427966100355432,0.0006153699780468387,0.042181240057496364,0.043411980013590035,10
HNHN,diagnostics,un,57,0.04194046333484891,0.0006073344135325903,0.04133312892131632,0.0425477977483815,10
HNHN,diagnostics,un,58,0.04111872589173142,0.0005996511311533453,0.040519074760578075,0.041718377022884764,10
HNHN,diagnostics,un,59,0.040329710156576354,0.0005923130290003144,0.03973739712757604,0.04092202318557667,10
HNHN,diagnostics,un,60,0.03957181174139339,0.0005853123030216666,0.03898649943837172,0.04015712404441506,10
HNHN,diagnostics,un,61,0.038843506068537,0.0005786405533402263,0.038264865515196776,0.03942214662187723,10
HNHN,diagnostics,un,62,0.0381433450627785,0.0005722888829445763,0.037571056179833924,0.038715633945723076,10
HNHN,diagnostics,un,63,0.03746995389394149,0.0005662479890089527,0.03690370590493254,0.03803620188295044,10
HNHN,diagnostics,un,64,0.03682202777759895,0.000560508247101906,0.03626151953049705,0.03738253602470085,10
HNHN,diagnostics,un,65,0.036198328841172064,0.0005550597885473329,0.03564326905262473,0.0367533886297194,10
HNHN,diagnostics,un,66,0.035597683062303515,0.0005498925712040948,0.03504779049109942,0.03614757563350761,10
HNHN,diagnostics,un,67,0.035018977285702704,0.0005449964439335417,0.03447398084176916,0.035563973729636246,10
HNHN,diagnostics,un,68,0.03446115632386016,0.0005403612050270495,0.033920795118833114,0.03500151752888721,10
HNHN,diagnostics,un,69,0.03392322014616228,0.0005359766548689208,0.03338724349129336,0.034459196801031204,10
HNHN,diagnostics,un,70,0.03340422116005305,0.0005318326431132493,0.032872388516939806,0.0339360538031663,10
HNHN,diagnostics,un,71,0.03290326158701941,0.000527919110656316,0.03237534247636309,0.03343118069767573,10
HNHN,diagnostics,un,72,0.03241949093534577,0.0005242261266888453,0.031895264808656926,0.03294371706203461,10
HNHN,diagnostics,un,73,0.03195210357080609,0.0005207439211141626,0.03143135964969193,0.032472847491920254,10
HNHN,diagnostics,un,74,0.03150033638575039,0.0005174629126195554,0.03098287347313083,0.03201779929836994,10
HNHN,diagnostics,un,75,0.031063466566401233,0.0005143737326875107,0.030549092833713723,0.03157784029908874,10
HNHN,diagnostics,un,76,0.030640809457606756,0.0005114672458322414,0.030129342211774515,0.031152276703438998,10
HNHN,diagnostics,un,77,0.030231716523800238,0.0005087345663435128,0.029722981957456724,0.030740451090143752,10
HNHN,diagnostics,un,78,0.029835573404489252,0.0005061670718152938,0.029329406332673957,0.030341740476304547,10
HNHN,diagnostics,un,79,0.02945179806223653,0.0005037564137304654,0.028948041648506066,0.029955554475966994,10
HNHN,diagnostics,un,80,0.02907983902079585,0.000501494525365227,0.028578344495430622,0.02958133354616108,10
HNHN,diagnostics,un,81,0.028719173690823663,0.000499373627267755,0.028219800063555907,0.02921854731809142,10
HNHN,diagnostics,un,82,0.028369306780396692,0.0004973862305554749,0.027871920549841216,0.02886669301095217,10
HNHN,diagnostics,un,83,0.028029768787421257,0.0004955251382639397,0.027534243649157318,0.028525293925685195,10
HNHN,diagnostics,un,84,0.027700114570916968,0.0004937834449683289,0.02720633112594864,0.028193898015885295,10
HNHN,diagnostics,un,85,0.027379921998090907,0.0004921545348856157,0.02688776746320529,0.027872076532976523,10
HNHN,diagnostics,un,86,0.02706879066408302,0.0004906320786523794,0.02657815858543064,0.0275594227427354,10
HNHN,diagnostics,un,87,0.026766340681256127,0.0004892100289596614,0.026277130652296466,0.02725555071021579,10
HNHN,diagnostics,un,88,0.026472211534919667,0.00048788261521269603,0.02598432891970697,0.026960094150132362,10
HNHN,diagnostics,un,89,0.026186061002411665,0.000486644337369976,0.025699416665041688,0.026672705339781642,10
HNHN,diagnostics,un,90,0.025907564132515985,0.0004854899591027783,0.025422074173413207,0.026393054091618764,10
HNHN,diagnostics,un,91,0.025636412282257166,0.00048441450040344575,0.02515199778185372,0.026120826782660613,10
HNHN,diagnostics,un,92,0.025372312208192065,0.0004834132297583244,0.02488889897843374,0.02585572543795039,10
HNHN,diagnostics,un,93,0.025114985209402953,0.0004824816559894123,0.02463250355341354,0.025597466865392365,10
HNHN,diagnostics,un,94,0.024864166319488443,0.0004816155198575654,0.024382550799630878,0.025345781839346007,10
HNHN,diagnostics,un,95,0.024619603544945863,0.000480810785509509,0.024138792759436353,0.025100414330455373,10
HNHN,diagnostics,un,96,0.024381057147438462,0.0004800636318410199,0.023900993515597442,0.02486112077927948,10
HNHN,diagnostics,un,97,0.024148298967543537,0.0004793704438396338,0.023668928523703902,0.024627669411383172,10
HNHN,diagnostics,un,98,0.02392111178768043,0.00047872780396155784,0.02344238398371887,0.02439983959164199,10
HNHN,diagnostics,un,99,0.02369928873202066,0.000478132483589931,0.023221156248430727,0.02417742121561059,10
HNHN,diagnostics,un,100,0.0234826327012846,0.00047758143461441307,0.023005051266670188,0.02396021413589901,10
HNHN,diagnostics,un,101,0.023270955840430187,0.00047707178116575846,0.022793884059264427,0.023748027621595946,10
HNHN,diagnostics,un,102,0.023064079037337773,0.00047660081153316465,0.02258747822580461,0.023540679848870937,10
HNHN,diagnostics,un,103,0.022861831450691785,0.00047616597028721843,0.022385665480404566,0.023337997420979004,10
HNHN,diagnostics,un,104,0.022664050065353342,0.0004757648506263953,0.022188285214726947,0.023139814915979738,10
HNHN,diagnostics,un,105,0.022470579273608647,0.00047539518696130303,0.021995184086647343,0.02294597446056995,10
HNHN,diagnostics,un,106,0.022281270480765326,0.0004750548477469921,0.021806215633018333,0.02275632532851232,10
HNHN,diagnostics,un,107,0.022095981733652847,0.000474741828570664,0.021621239905082183,0.02257072356222351,10
HNHN,diagnostics,un,108,0.021914577370663636,0.0004744542454993909,0.021440123125164245,0.022389031616163027,10
HNHN,diagnostics,un,109,0.021736927692048772,0.0004741903286899726,0.021262737363358798,0.022211118020738746,10
HNHN,diagnostics,un,110,0.021562908649255464,0.00047394841626114027,0.021088960232994322,0.022036857065516606,10
HNHN,diagnostics,un,111,0.021392401552163827,0.0004737269484265344,0.02091867460373729,0.021866128500590363,10
HNHN,diagnostics,un,112,0.021225292793147076,0.0004735244618854609,0.020751768331261616,0.021698817255032535,10
HNHN,diagnostics,un,113,0.02106147358694252,0.00047333958446717776,0.02058813400247534,0.0215348131714097,10
HNHN,diagnostics,un,114,0.020900839725381058,0.00047317103002350195,0.020427668695357556,0.02137401075540456,10
HNHN,diagnostics,un,115,0.02074329134607939,0.0004730175935636726,0.020270273752515718,0.021216308939643064,10
HNHN,diagnostics,un,116,0.02058873271425342,0.00047287814662484246,0.020115854567628575,0.021061610860878262,10
HNHN,diagnostics,un,117,0.020437072016861766,0.00047275163287096786,0.019964320383990798,0.020909823649732734,10
HNHN,diagnostics,un,118,0.020288221168336697,0.0004726370639125622,0.019815584104424137,0.020760858232249258,10
HNHN,diagnostics,un,119,0.020142095627204797,0.0004725335153395306,0.019669562111865265,0.02061462914254433,10
HNHN,diagnostics,un,120,0.01999861422294252,0.0004724401229590868,0.01952617409998343,0.02047105434590161,10
HNHN,diagnostics,un,121,0.019857698992452065,0.000472356079230677,0.019385342913221387,0.020330055071682743,10
HNHN,diagnostics,un,122,0.019719275025580574,0.0004722806298898767,0.019246994395690695,0.020191555655470452,10
HNHN,diagnostics,un,123,0.019583270319141505,0.0004722130707531821,0.01911105724838832,0.02005548338989469,10
HNHN,diagnostics,un,124,0.019449615638930422,0.0004721527446957694,0.018977462894234652,0.019921768383626193,10
HNHN,diagnostics,un,125,0.01931824438925874,0.0004720990387944231,0.01884614535046432,0.019790343428053164,10
HNHN,diagnostics,un,126,0.01918909248955866,0.0004720513816279086,0.01871704110793075,0.019661143871186566,10
HNHN,diagnostics,un,127,0.01906209825764012,0.00047200924072744597,0.018590089016912673,0.019534107498367568,10
HNHN,diagnostics,un,128,0.01893720229920668,0.0004719721201698726,0.01846523017903681,0.019409174419376552,10
HNHN,diagnostics,un,129,0.018814347403261523,0.0004719395583066041,0.01834240784495492,0.019286286961568127,10
HNHN,diagnostics,un,130,0.018693478443057698,0.0004719111256215004,0.018221567317436196,0.0191653895686792,10
HNHN,diagnostics,un,131,0.01857454228226832,0.00047188642271114097,0.018102655859557178,0.01904642870497946,10
HNHN,diagnostics,un,132,0.018457487686072152,0.00047186507838116833,0.017985622607690984,0.01892935276445332,10
HNHN,diagnostics,un,133,0.018342265236869326,0.0004718467478526563,0.01787041848901667,0.018814111984721982,10
HNHN,diagnostics,un,134,0.018228827254359085,0.00047183111107274424,0.01775699614328634,0.01870065836543183,10
HNHN,diagnostics,un,135,0.018117127719728527,0.00047181787112390524,0.017645309848604622,0.018588945590852432,10
HNHN,diagnostics,un,136,0.018007122203716225,0.0004718067527266286,0.017535315450989596,0.018478928956442854,10
HNHN,diagnostics,un,137,0.017898767798329607,0.0004717975008303962,0.01742697029749921,0.018370565299160004,10
HNHN,diagnostics,un,138,0.017792023052008228,0.00047178987928815755,0.017320233172720072,0.018263812931296385,10
HNHN,diagnostics,un,139,0.01768684790803795,0.00047178366960970317,0.017215064238428245,0.018158631577647653,10
HNHN,diagnostics,un,140,0.017583203646032906,0.0004717786697895534,0.017111424976243354,0.01805498231582246,10
HNHN,diagnostics,un,141,0.017481052826313286,0.0004717746932052489,0.017009278133108038,0.017952827519518533,10
HNHN,diagnostics,un,142,0.017380359237017425,0.00047177156758204387,0.01690858766943538,0.017852130804599468,10
HNHN,diagnostics,un,143,0.017281087843796453,0.00047176913402031083,0.016809318709776144,0.017752856977816762,10
HNHN,diagnostics,un,144,0.017183204741948954,0.00047176724608207296,0.01671143749586688,0.017654971988031027,10
HNHN,diagnostics,un,145,0.017086677110861592,0.0004717657689333324,0.01661491134192826,0.017558442879794925,10
HNHN,diagnostics,un,146,0.016991473170629778,0.00047176457853898414,0.016519708592090794,0.01746323774916876,10
HNHN,diagnostics,un,147,0.016897562140739935,0.0004717635609073158,0.016425798579832618,0.017369325701647252,10
HNHN,diagnostics,un,148,0.01680491420070199,0.0004717626113812259,0.016333151589320763,0.017276676812083218,10
HNHN,diagnostics,un,149,0.01671350045252723,0.0004717616339735015,0.01624173881855373,0.01718526208650073,10
HNHN,diagnostics,un,150,0.01662329288495307,0.00047176054074354634,0.016151532344209525,0.017095053425696616,10
HNHN,diagnostics,un,151,0.016534264339321796,0.0004717592512132013,0.016062505088108595,0.017006023590534998,10
HNHN,diagnostics,un,152,0.016446388477026033,0.0004717576918193624,0.01597463078520667,0.016918146168845394,10
HNHN,diagnostics,un,153,0.016359639748438584,0.0004717557954012161,0.01588788395303737,0.0168313955438398,10
HNHN,diagnostics,un,154,0.01627399336324923,0.0004717535007201344,0.015802239862529096,0.016745746863969364,10
HNHN,diagnostics,un,155,0.016189425262135446,0.00047175075201023035,0.015717674510125214,0.016661176014145677,10
HNHN,diagnostics,un,156,0.01610591208969823,0.0004717474985578227,0.01563416459114041,0.016577659588256053,10
HNHN,diagnostics,un,157,0.016023431168598154,0.00047174369430809084,0.015551687474290064,0.016495174862906244,10
HNHN,diagnostics,un,158,0.015941960474830506,0.0004717392974972815,0.015470221177333226,0.01641369977232779,10
HNHN,diagnostics,un,159,0.015861478614081825,0.0004717342703089961,0.01538974434377283,0.01633321288439082,10
HNHN,diagnostics,un,160,0.01578196479911331,0.00047172857855309387,0.015310236220560216,0.016253693377666405,10
HNHN,diagnostics,un,161,0.015703398828119837,0.0004717221913658713,0.015231676636753965,0.01617512101948571,10
HNHN,diagnostics,un,162,0.015625761064015944,0.0004717150809302444,0.0151540459830857,0.016097476144946186,10
HNHN,diagnostics,un,163,0.015549032414603054,0.000471707222214735,0.01507732519238832,0.01602073963681779,10
HNHN,diagnostics,un,164,0.015473194313574598,0.00047169859273013775,0.01500149572084446,0.015944892906304735,10
HNHN,diagnostics,un,165,0.015398228702318153,0.00047168917230278707,0.014926539530015366,0.01586991787462094,10
HNHN,diagnostics,un,166,0.015324118012475943,0.0004716789428634345,0.014852439069612509,0.015795796955339378,10
HNHN,diagnostics,un,167,0.015250845149227107,0.00047166788825078016,0.014779177260976327,0.015722513037477886,10
HNHN,diagnostics,un,168,0.015178393475257138,0.00047165599402877923,0.014706737481228358,0.01565004946928592,10
HNHN,diagnostics,un,169,0.015106746795381858,0.0004716432473168712,0.014635103548064987,0.01557839004269873,10
HNHN,diagnostics,un,170,0.015035889341794836,0.00047162963663235067,0.014564259705162485,0.015507518978427186,10
HNHN,diagnostics,un,171,0.014965805759909028,0.0004716151517441224,0.014494190608164906,0.01543742091165315,10
HNHN,diagnostics,un,172,0.014896481094764802,0.00047159978353717114,0.014424881311227631,0.015368080878301972,10
HNHN,diagnostics,un,173,0.014827900777978072,0.00047158352388702613,0.014356317254091045,0.0152994843018651,10
HNHN,diagnostics,un,174,0.014760050615203607,0.0004715663655436657,0.014288484249659941,0.015231616980747273,10
HNHN,diagnostics,un,175,0.014692916774089904,0.00047154830202422943,0.014221368472065675,0.015164465076114133,10
HNHN,diagnostics,un,176,0.014626485772703122,0.000471529327514005,0.014154956445189116,0.015098015100217127,10
HNHN,diagnostics,un,177,0.014560744468398973,0.0004715094367751677,0.014089235031623805,0.015032253905174141,10
HNHN,diagnostics,un,178,0.014495680047122258,0.00047148862506276603,0.014024191422059492,0.014967168672185024,10
HNHN,diagnostics,un,179,0.014431280013115,0.0004714668880475415,0.013959813125067458,0.014902746901162542,10
HNHN,diagnostics,un,180,0.014367532179014935,0.00047144422174508693,0.013896087957269848,0.014838976400760023,10
HNHN,diagnostics,un,181,0.01430442465632718,0.00047142062245096676,0.013833004033876214,0.014775845278778146,10
HNHN,diagnostics,un,182,0.014241945846252583,0.0004713960866814369,0.013770549759571146,0.01471334193293402,10
HNHN,diagnostics,un,183,0.014180084430857253,0.0004713706111193525,0.013708713819737902,0.014651455041976605,10
HNHN,diagnostics,un,184,0.014118829364568476,0.00047134419256495834,0.013647485172003516,0.014590173557133435,10
HNHN,diagnostics,un,185,0.014058169865982784,0.00047131682789123603,0.013586853038091548,0.01452948669387402,10
HNHN,diagnostics,un,186,0.013998095409973016,0.00047128851400350116,0.013526806895969514,0.014469383923976517,10
HNHN,diagnostics,un,187,0.013938595720081432,0.0004712592478029655,0.013467336472278466,0.014409854967884397,10
HNHN,diagnostics,un,188,0.013879660761186848,0.0004712290261540123,0.013408431735032835,0.014350889787340861,10
HNHN,diagnostics,un,189,0.013821280732434235,0.00047119784585490014,0.013350082886579335,0.014292478578289134,10
HNHN,diagnostics,un,190,0.013763446060415768,0.0004711657036117032,0.013292280356804066,0.014234611764027471,10
HNHN,diagnostics,un,191,0.013706147392592894,0.0004711325960152362,0.013235014796577658,0.01417727998860813,10
HNHN,diagnostics,un,192,0.013649375590949402,0.0004710985195207636,0.01317827707142864,0.014120474110470165,10
HNHN,diagnostics,un,193,0.01359312172586603,0.00047106347043029484,0.013122058255435736,0.014064185196296325,10
HNHN,diagnostics,un,194,0.01353737707020751,0.0004710274448772837,0.013066349625330227,0.014008404515084793,10
HNHN,diagnostics,un,195,0.013482133093613412,0.0004709904388135538,0.013011142654799858,0.013953123532426967,10
HNHN,diagnostics,un,196,0.013427381456984628,0.00047095244799830866,0.012956429008986319,0.013898333904982936,10
HNHN,diagnostics,un,197,0.013373114007157474,0.00047091346798902004,0.012902200539168454,0.013844027475146495,10
HNHN,diagnostics,un,198,0.013319322771758077,0.00047087349413412524,0.012848449277623953,0.013790196265892202,10
HNHN,diagnostics,un,199,0.013265999954229757,0.0004708325215673369,0.01279516743266242,0.013736832475797094,10
HNHN,diagnostics,un,200,0.013213137929026644,0.00047079054520345666,0.012742347383823186,0.013683928474230101,10
HNHN,diagnostics,un,201,0.013160729236966965,0.00047074755973559125,0.012689981677231373,0.013631476796702556,10
HNHN,diagnostics,un,202,0.01310876658073975,0.0004707035596336417,0.01263806302110611,0.013579470140373391,10
HNHN,diagnostics,un,203,0.013057242820559057,0.00047065853914395674,0.0125865842814151,0.013527901359703014,10
HNHN,diagnostics,un,204,0.013006150969959902,0.0004706124922900689,0.012535538477669833,0.01347676346224997,10
HNHN,diagnostics,un,205,0.012955484191730612,0.00047056541287440366,0.012484918778856208,0.013426049604605016,10
HNHN,diagnostics,un,206,0.012905235793976224,0.00047051729448089496,0.01243471849949533,0.013375753088457119,10
HNHN,diagnostics,un,207,0.012855399226308068,0.000470468130478402,0.012384931095829665,0.01332586735678647,10
HNHN,diagnostics,un,208,0.012805968076154698,0.0004704179140248678,0.012335550162129831,0.013276385990179565,10
HNHN,diagnostics,un,209,0.012756936065189661,0.0004703666380721522,0.012286569427117509,0.013227302703261813,10
HNHN,diagnostics,un,210,0.012708297045871706,0.00047031429537145716,0.012237982750500248,0.013178611341243164,10
HNHN,diagnostics,un,211,0.012660044998093247,0.00047026087847929236,0.012189784119613955,0.01313030587657254,10
HNHN,diagnostics,un,212,0.012612174025933131,0.0004702063797639199,0.012141967646169212,0.01308238040569705,10
HNHN,diagnostics,un,213,0.012564678354509796,0.00047015079141223047,0.012094527563097566,0.013034829145922026,10
HNHN,diagnostics,un,214,0.012517552326931237,0.0004700941054369913,0.012047458221494245,0.012987646432368228,10
HNHN,diagnostics,un,215,0.012470790401338177,0.00047003631368441233,0.012000754087653765,0.012940826715022589,10
HNHN,diagnostics,un,216,0.012424387148037138,0.00046997740784202047,0.011954409740195118,0.012894364555879159,10
HNHN,diagnostics,un,217,0.012378337246720153,0.0004699173794467474,0.011908419867273406,0.0128482546261669,10
HNHN,diagnostics,un,218,0.012332635483767994,0.00046985621989324987,0.011862779263874744,0.012802491703661245,10
HNHN,diagnostics,un,219,0.012287276749633988,0.0004697939204423753,0.011817482829191614,0.012757070670076363,10
HNHN,diagnostics,un,220,0.012242256036305538,0.000469730472229776,0.011772525564075762,0.012711986508535314,10
HNHN,diagnostics,un,221,0.012197568434840638,0.0004696658662746313,0.011727902568566007,0.01266723430111527,10
HNHN,diagnostics,un,222,0.012153209132976725,0.00046960009348843247,0.011683609039488292,0.012622809226465158,10
HNHN,diagnostics,un,223,0.01210917341280937,0.0004695331446838331,0.011639640268125535,0.012578706557493203,10
HNHN,diagnostics,un,224,0.012065456648538388,0.0004694650105835184,0.01159599163795487,0.012534921659121907,10
HNHN,diagnostics,un,225,0.012022054304279033,0.00046939568182907877,0.011552658622449955,0.012491449986108112,10
HNHN,diagnostics,un,226,0.011978961931936056,0.0004693251489898583,0.011509636782946198,0.012448287080925914,10
HNHN,diagnostics,un,227,0.011936175169138462,0.0004692534025717888,0.011466921766566673,0.012405428571710252,10
HNHN,diagnostics,un,228,0.011893689737232958,0.0004691804330261407,0.011424509304206817,0.012362870170259098,10
HNHN,diagnostics,un,229,0.01185150143933403,0.0004691062307582279,0.011382395208575802,0.012320607670092257,10
HNHN,diagnostics,un,230,0.011809606158428848,0.00046903078613601224,0.011340575372292836,0.012278636944564861,10
HNHN,diagnostics,un,231,0.01176799985553506,0.0004689540894986211,0.01129904576603644,0.012236953945033682,10
HNHN,diagnostics,un,232,0.011726678567909819,0.00046887613116473946,0.01125780243674508,0.012195554699074558,10
HNHN,diagnostics,un,233,0.011685638407308263,0.00046879690144089784,0.011216841505867365,0.012154435308749162,10
HNHN,diagnostics,un,234,0.01164487555828991,0.0004687163906296157,0.011176159167660293,0.012113591948919526,10
HNHN,diagnostics,un,235,0.011604386276571305,0.0004686345890373981,0.011135751687533908,0.012073020865608703,10
HNHN,diagnostics,un,236,0.011564166887423516,0.0004685514869826076,0.011095615400440908,0.012032718374406124,10
HNHN,diagnostics,un,237,0.011524213784112914,0.00046846707480315534,0.011055746709309758,0.011992680858916069,10
HNHN,diagnostics,un,238,0.011484523426383965,0.0004683813428640326,0.011016142083519932,0.011952904769247997,10
HNHN,diagnostics,un,239,0.011445092338982596,0.00046829428156469063,0.010976798057417905,0.011913386620547287,10
HNHN,diagnostics,un,240,0.011405917110218874,0.0004682058813462228,0.010937711228872651,0.011874122991565096,10
HNHN,diagnostics,un,241,0.01136699439056777,0.00046811613269838654,0.010898878257869383,0.011835110523266155,10
HNHN,diagnostics,un,242,0.011328320891306767,0.0004680250261664332,0.010860295865140333,0.011796345917473201,10
HNHN,diagnostics,un,243,0.011289893383189217,0.00046793255235776505,0.010821960830831453,0.011757825935546981,10
HNHN,diagnostics,un,244,0.011251708695152232,0.00046783870194838233,0.010783869993203849,0.011719547397100615,10
HNHN,diagnostics,un,245,0.011213763713058163,0.00046774346568916915,0.010746020247368994,0.011681507178747332,10
HNHN,diagnostics,un,246,0.011176055378468518,0.0004676468344119667,0.01070840854405655,0.011643702212880485,10
HNHN,diagnostics,un,247,0.0111385806874494,0.0004675487990354627,0.010671031888413937,0.011606129486484863,10
HNHN,diagnostics,un,248,0.011101336689407437,0.0004674493505708903,0.010633887338836547,0.011568786039978327,10
HNHN,diagnostics,un,249,0.011064320485955336,0.0004673484801275248,0.01059697200582781,0.011531668966082861,10
HNHN,diagnostics,un,250,0.01102752922980613,0.0004672461789179982,0.010560283050888132,0.011494775408724128,10
HNHN,diagnostics,un,251,0.01099096012369526,0.0004671424382634085,0.010523817685431851,0.011458102561958668,10
HNHN,diagnostics,un,252,0.01095461041932965,0.00046703724959825695,0.010487573169731392,0.011421647668927906,10
HNHN,diagnostics,un,253,0.010918477416362994,0.00046693060447516014,0.010451546811887834,0.011385408020838154,10
HNHN,diagnostics,un,254,0.010882558461396465,0.00046682249456941215,0.010415735966827053,0.011349380955965877,10
HNHN,diagnostics,un,255,0.010846850947004077,0.00046671291168332604,0.010380138035320752,0.011313563858687403,10
HNHN,diagnostics,un,256,0.010811352310782014,0.00046660184775040555,0.01034475046303161,0.01127795415853242,10
HNHN,diagnostics,sym,0,1.0,0.0,1.0,1.0,10
HNHN,diagnostics,sym,1,0.8867429726411207,0.000532290492631586,0.8862106821484891,0.8872752631337523,10
HNHN,diagnostics,sym,2,0.7830518521874459,0.0009524041270695515,0.7820994480603763,0.7840042563145154,10
HNHN,diagnostics,sym,3,0.6953652935677626,0.0012539925267393396,0.6941113010410233,0.6966192860945019,10
HNHN,diagnostics,sym,4,0.624261892671991,0.0014572850968833733,0.6228046075751076,0.6257191777688743,10
HNHN,diagnostics,sym,5,0.5673604431718836,0.0015922305360104192,0.5657682126358732,0.568952673707894,10
HNHN,diagnostics,sym,6,0.5215921760972224,0.0016856307098371088,0.5199065453873853,0.5232778068070595,10
HNHN,diagnostics,sym,7,0.4842305198605432,0.001755600464592141,0.48247491939595105,0.4859861203251354,10
HNHN,diagnostics,sym,8,0.45315261613228053,0.001812104197909131,0.4513405119343714,0.45496472033018964,10
HNHN,diagnostics,sym,9,0.42679214983221614,0.0018597301945766714,0.42493241963763945,0.42865188002679283,10
HNHN,diagnostics,sym,10,0.40401488408677205,0.001900240221502963,0.4021146438652691,0.40591512430827503,10
HNHN,diagnostics,sym,11,0.38400085488345215,0.0019341874769841312,0.382066667406468,0.3859350423604363,10
HNHN,diagnostics,sym,12,0.3661534417816117,0.0019617393991258536,0.3641917023824858,0.36811518118073755,10
HNHN,diagnostics,sym,13,0.35003416716857105,0.0019830202588503178,0.3480511469097207,0.3520171874274214,10
HNHN,diagnostics,sym,14,0.335317168278331,0.001998217555218395,0.33331895072311263,0.3373153858335494,10
HNHN,diagnostics,sym,15,0.32175756789223897,0.002007592161471519,0.31974997573076747,0.3237651600537105,10
HNHN,diagnostics,sym,16,0.3091693826886582,0.0020114589775914447,0.30715792371106676,0.3111808416662496,10
HNHN,diagnostics,sym,17,0.29740993296041196,0.002010164812238196,0.29539976814817376,0.29942009777265016,10
HNHN,diagnostics,sym,18,0.28636870361971517,0.0020040715899875337,0.2843646320297276,0.2883727752097027,10
HNHN,diagnostics,sym,19,0.2759592834182583,0.001993545601474002,0.2739657378167843,0.27795282901973234,10
HNHN,diagnostics,sym,20,0.26611345980010986,0.0019789512752118096,0.26413450852489806,0.26809241107532167,10
HNHN,diagnostics,sym,21,0.25677684390569455,0.0019606477410935995,0.25481619616460094,0.25873749164678816,10
HNHN,diagnostics,sym,22,0.247905596621998,0.001938986873364011,0.24596660974863396,0.249844583495362,10
HNHN,diagnostics,sym,23,0.23946395741467966,0.0019143119890343689,0.2375496454256453,0.241378269403714,10
HNHN,diagnostics,sym,24,0.23142236580297498,0.0018869567597408806,0.2295354090432341,0.23330932256271586,10
HNHN,diagnostics,sym,25,0.22375602541614711,0.0018572441460079337,0.22189878127013918,0.22561326956215505,10
HNHN,diagnostics,sym,26,0.2164438020437288,0.0018254853075117768,0.214618316736217,0.21826928735124057,10
HNHN,diagnostics,sym,27,0.2094673760839926,0.001791978514653318,0.20767539756933928,0.21125935459864592,10
HNHN,diagnostics,sym,28,0.2028105903162702,0.001757008113660547,0.20105358220260963,0.20456759842993075,10
HNHN,diagnostics,sym,29,0.19645894862870686,0.0017208435995368307,0.19473810502917002,0.1981797922282437,10
HNHN,diagnostics,sym,30,0.19039923200244743,0.001683738841290461,0.18871549316115696,0.1920829708437379,10
HNHN,diagnostics,sym,31,0.18461920589027708,0.0016459314896436897,0.1829732744006334,0.18626513737992076,10
HNHN,diagnostics,sym,32,0.17910739895596378,0.0016076425829820694,0.1774997563729817,0.18071504153894585,10
HNHN,diagnostics,sym,33,0.17385293752861725,0.0015690763546810033,0.17228386117393624,0.17542201388329826,10
HNHN,diagnostics,sym,34,0.16884542347042525,0.0015304202348990254,0.16731500323552623,0.17037584370532427,10
HNHN,diagnostics,sym,35,0.16407484573450834,0.0014918450325511667,0.16258300070195716,0.16556669076705952,10
HNHN,diagnostics,sym,36,0.15953151789960213,0.0014535052782254894,0.15807801262137663,0.16098502317782762,10
HNHN,diagnostics,sym,37,0.15520603555086843,0.0014155397059077894,0.15379049584496063,0.15662157525677622,10
HNHN,diagnostics,sym,38,0.15108924863314932,0.001378071850126172,0.14971117678302315,0.1524673204832755,10
HNHN,diagnostics,sym,39,0.1471722449086558,0.0013412107351378588,0.14583103417351795,0.14851345564379365,10
HNHN,diagnostics,sym,40,0.14344634146021962,0.001305051633720694,0.14214128982649893,0.1447513930939403,10
HNHN,diagnostics,sym,41,0.1399030818347899,0.0012696768747206219,0.13863340496006926,0.14117275870951052,10
HNHN,diagnostics,sym,42,0.13653423695087902,0.0012351566805144955,0.13529908027036452,0.1377693936313935,10
HNHN,diagnostics,sym,43,0.1333318083220583,0.0012015500177943721,0.13213025830426392,0.13453335833985267,10
HNHN,diagnostics,sym,44,0.13028803249505333,0.001168905447420836,0.12911912704763248,0.13145693794247418,10
HNHN,diagnostics,sym,45,0.12739538588031024,0.0011372619614268412,0.1262581239188834,0.12853264784173707,10
HNHN,diagnostics,sym,46,0.12464658937702071,0.0011066497974947514,0.12353993957952596,0.12575323917451545,10
HNHN,diagnostics,sym,47,0.12203461237322093,0.0010770912233283988,0.12095752114989253,0.12311170359654933,10
HNHN,diagnostics,sym,48,0.11955267584270657,0.0010486012852575475,0.11850407455744902,0.12060127712796412,10
HNHN,diagnostics,sym,49,0.11719425437076655,0.0010211885171230106,0.11617306585364354,0.11821544288788957,10
HNHN,diagnostics,sym,50,0.1149530770256683,0.000994855606987173,0.11395822141868113,0.11594793263265547,10
HNHN,diagnostics,sym,51,0.11282312705705747,0.0009696000204923227,0.11185352703656515,0.11379272707754978,10
HNHN,diagnostics,sym,52,0.11079864044985303,0.0009454145807540991,0.10985322586909893,0.11174405503060714,10
HNHN,diagnostics,sym,53,0.10887410339608268,0.0009222880055391762,0.1079518153905435,0.10979639140162185,10
HNHN,diagnostics,sym,54,0.10704424877013538,0.0009002054031474469,0.10614404336698793,0.10794445417328283,10
HNHN,diagnostics,sym,55,0.10530405170738574,0.0008791487289154697,0.10442490297847028,0.10618320043630121,10
HNHN,diagnostics,sym,56,0.10364872439394686,0.0008590972045979574,0.1027896271893489,0.10450782159854481,10
HNHN,diagnostics,sym,57,0.1020737101780009,0.0008400277030859505,0.10123368247491496,0.10291373788108685,10
HNHN,diagnostics,sym,58,0.10057467711200448,0.0008219151010032923,0.09975276201100118,0.10139659221300777,10
HNHN,diagnostics,sym,59,0.09914751103111843,0.00080473260170786,0.09834277842941057,0.0999522436328263,10
HNHN,diagnostics,sym,60,0.09778830826729445,0.0007884520311286777,0.09699985623616578,0.09857676029842313,10
HNHN,diagnostics,sym,61,0.09649336809123749,0.0007730441087158638,0.09572032398252162,0.09726641219995336,10
HNHN,diagnostics,sym,62,0.09525918496647573,0.0007584786955831609,0.09450070627089256,0.0960176636620589,10
HNHN,diagnostics,sym,63,0.09408244069141422,0.000744725021701512,0.0933377156697127,0.09482716571311574,10
HNHN,diagnostics,sym,64,0.0929599964968366,0.0007317518937704226,0.09222824460306618,0.09369174839060702,10
HNHN,diagnostics,sym,65,0.09188888515808065,0.000719527885166636,0.09116935727291402,0.09260841304324728,10
HNHN,diagnostics,sym,66,0.09086630317321302,0.000708021509155605,0.09015828166405741,0.09157432468236863,10
HNHN,diagnostics,sym,67,0.08988960305108258,0.0006972013763611322,0.08919240167472145,0.09058680442744371,10
HNHN,diagnostics,sym,68,0.0889562857462108,0.0006870363373266667,0.08826924940888413,0.08964332208353747,10
HNHN,diagnostics,sym,69,0.08806399327112707,0.0006774956108717415,0.08738649766025533,0.08874148888199881,10
HNHN,diagnostics,sym,70,0.08721050151098787,0.0006685488988505133,0.08654195261213736,0.08787905040983839,10
HNHN,diagnostics,sym,71,0.08639371326013565,0.0006601664878543095,0.08573354677228133,0.08705387974798996,10
HNHN,diagnostics,sym,72,0.08561165149563424,0.0006523193383640038,0.08495933215727024,0.08626397083399824,10
HNHN,diagnostics,sym,73,0.08486245289874261,0.000644979161847468,0.08421747373689514,0.08550743206059008,10
HNHN,diagnostics,sym,74,0.08414436163172243,0.0006381184863058632,0.08350624314541656,0.08478248011802829,10
HNHN,diagnostics,sym,75,0.08345572337428234,0.0006317107107964569,0.08282401266348588,0.0840874340850788,10
HNHN,diagnostics,sym,76,0.08279497962130562,0.0006257301494922183,0.08216924947181341,0.08342070977079784,10
HNHN,diagnostics,sym,77,0.08216066224124825,0.0006201520658758803,0.08154051017537237,0.08278081430712414,10
HNHN,diagnostics,sym,78,0.08155138829269284,0.0006149526977024569,0.08093643559499039,0.0821663409903953,10
HNHN,diagnostics,sym,79,0.0809658550949647,0.000610109273397964,0.08035574582156674,0.08157596436836267,10
HNHN,diagnostics,sym,80,0.08040283554742234,0.0006056000205879813,0.07979723552683435,0.08100843556801032,10
HNHN,diagnostics,sym,81,0.07986117369099377,0.0006014041674678809,0.07925976952352588,0.08046257785846166,10
HNHN,diagnostics,sym,82,0.07933978050471142,0.0005975019377344897,0.07874227856697694,0.07993728244244591,10
HNHN,diagnostics,sym,83,0.07883762992937238,0.0005938745397975467,0.07824375538957483,0.07943150446916993,10
HNHN,diagnostics,sym,84,0.07835375510999405,0.0005905041509773431,0.0777632509590167,0.0789442592609714,10
HNHN,diagnostics,sym,85,0.0778872448484215,0.0005873738973745102,0.07729987095104698,0.078474618745796,10
HNHN,diagnostics,sym,86,0.07743724025725225,0.000584467830069461,0.07685277242718279,0.07802170808732171,10
HNHN,diagnostics,sym,87,0.07700293160615962,0.000581770898273776,0.07642116070788585,0.07758470250443339,10
HNHN,diagnostics,sym,88,0.07658355535169661,0.0005792689200153067,0.0760042864316813,0.07716282427171192,10
HNHN,diagnostics,sym,89,0.07617839134173812,0.0005769485508949061,0.07560144279084322,0.07675533989263303,10
HNHN,diagnostics,sym,90,0.07578676018585302,0.0005747972514060471,0.07521196293444697,0.07636155743725907,10
HNHN,diagnostics,sym,91,0.0754080207830821,0.0005728032532609455,0.07483521752982115,0.07598082403634306,10
HNHN,diagnostics,sym,92,0.07504156799881827,0.0005709555251190132,0.07447061247369925,0.07561252352393728,10
HNHN,diagnostics,sym,93,0.07468683048273908,0.0005692437380670804,0.074117586744672,0.07525607422080616,10
HNHN,diagnostics,sym,94,0.07434326862001474,0.0005676582311554463,0.0737756103888593,0.07491092685117018,10
HNHN,diagnostics,sym,95,0.07401037260830705,0.0005661899772512116,0.07344418263105584,0.07457656258555825,10
HNHN,diagnostics,sym,96,0.07368766065337626,0.0005648305494303532,0.07312283010394591,0.07425249120280661,10
HNHN,diagnostics,sym,97,0.07337467727642169,0.0005635720880931355,0.07281110518832855,0.07393824936451483,10
HNHN,diagnostics,sym,98,0.07307099172659351,0.0005624072689534465,0.07250858445764007,0.07363339899554695,10
HNHN,diagnostics,sym,99,0.07277619649242405,0.0005613292720224106,0.07221486722040164,0.07333752576444645,10
HNHN,diagnostics,sym,100,0.07248990590623475,0.0005603317516791394,0.07192957415455561,0.07305023765791388,10
HNHN,diagnostics,sym,101,0.07221175483587855,0.0005594088078976236,0.07165234602798093,0.07277116364377617,10
HNHN,diagnostics,sym,102,0.0719413974584726,0.0005585549586772515,0.07138284249979535,0.07249995241714985,10
HNHN,diagnostics,sym,103,0.0716785061110649,0.0005577651137067404,0.07112074099735816,0.07223627122477164,10
HNHN,diagnostics,sym,104,0.07142277021345708,0.0005570345492747648,0.07086573566418232,0.07197980476273184,10
HNHN,diagnostics,sym,105,0.07117389525867426,0.0005563588844282479,0.07061753637424602,0.07173025414310251,10
HNHN,diagnostics,sym,106,0.07093160186683137,0.0005557340583671786,0.0703758678084642,0.07148733592519854,10
HNHN,diagnostics,sym,107,0.07069562489839362,0.000555156309056386,0.07014046858933723,0.07125078120745001,10
HNHN,diagnostics,sym,108,0.0704657126230642,0.0005546221530269059,0.0699110904700373,0.0710203347760911,10
HNHN,diagnostics,sym,109,0.07024162594075918,0.0005541283663337554,0.06968749757442542,0.07079575430709294,10
HNHN,diagnostics,sym,110,0.07002313765134345,0.0005536719666322678,0.06946946568471118,0.07057680961797572,10
HNHN,diagnostics,sym,111,0.06981003177000569,0.0005532501963318331,0.06925678157367386,0.07036328196633752,10
HNHN,diagnostics,sym,112,0.06960210288534306,0.0005528605067834438,0.06904924237855961,0.07015496339212651,10
HNHN,diagnostics,sym,113,0.06939915555740978,0.0005525005434557084,0.06884665501395407,0.06995165610086548,10
HNHN,diagnostics,sym,114,0.06920100375315562,0.0005521681320533665,0.06864883562110226,0.06975317188520898,10
HNHN,diagnostics,sym,115,0.06900747031684397,0.0005518612655318125,0.06845560905131215,0.06955933158237579,10
HNHN,diagnostics,sym,116,0.06881838647319241,0.0005515780919615753,0.06826680838123084,0.06936996456515399,10
HNHN,diagnostics,sym,117,0.06863359136112322,0.0005513169031971717,0.06808227445792606,0.06918490826432039,10
HNHN,diagnostics,sym,118,0.06845293159614789,0.0005510761243057303,0.06790185547184216,0.06900400772045362,10
HNHN,diagnostics,sym,119,0.06827626085953645,0.0005508543037119623,0.06772540655582449,0.06882711516324841,10
HNHN,diagnostics,sym,120,0.06810343951254391,0.0005506501040175771,0.06755278940852634,0.06865408961656148,10
HNHN,diagnostics,sym,121,0.06793433423407737,0.0005504622934544708,0.0673838719406229,0.06848479652753184,10
HNHN,diagnostics,sym,122,0.06776881768029355,0.0005502897379330146,0.06721852794236054,0.06831910741822657,10
HNHN,diagnostics,sym,123,0.06760676816471582,0.0005501313936481868,0.06705663677106763,0.06815689955836401,10
HNHN,diagnostics,sym,124,0.0674480693575517,0.0005499863002081324,0.06689808305734356,0.06799805565775983,10
HNHN,diagnostics,sym,125,0.06729261000297905,0.0005498535742516251,0.06674275642872743,0.06784246357723067,10
HNHN,diagnostics,sym,126,0.06714028365325002,0.000549732403522273,0.06659055124972775,0.06769001605677229,10
HNHN,diagnostics,sym,127,0.06699098841853841,0.0005496220413695001,0.06644136637716891,0.06754061045990792,10
HNHN,diagnostics,sym,128,0.06684462673152582,0.000549521801647665,0.06629510492987815,0.06739414853317348,10
HNHN,diagnostics,sym,129,0.06670110512578938,0.0005494310539864775,0.0661516740718029,0.06725053617977585,10
HNHN,diagnostics,sym,130,0.06656033402711545,0.0005493492194073741,0.06601098480770808,0.06710968324652282,10
HNHN,diagnostics,sym,131,0.06642222755692109,0.0005492757662621413,0.06587295179065895,0.06697150332318323,10
HNHN,diagnostics,sym,132,0.06628670334701989,0.0005492102064715024,0.06573749314054839,0.06683591355349139,10
HNHN,diagnostics,sym,133,0.0661536823650183,0.0005491520920426155,0.06560453027297568,0.06670283445706092,10
HNHN,diagnostics,sym,134,0.06602308874967674,0.0005491010118461405,0.0654739877378306,0.06657218976152289,10
HNHN,diagnostics,sym,135,0.06589484965561243,0.0005490565886343258,0.0653457930669781,0.06644390624424676,10
HNHN,diagnostics,sym,136,0.0657688951067627,0.0005490184762831388,0.06521987663047957,0.06631791358304584,10
HNHN,diagnostics,sym,137,0.0656451578580659,0.0005489863572424792,0.06509617150082343,0.06619414421530838,10
HNHN,diagnostics,sym,138,0.06552357326485178,0.0005489599401794109,0.06497461332467237,0.06607253320503119,10
HNHN,diagnostics,sym,139,0.06540407915946751,0.0005489389578007234,0.06485514020166679,0.06595301811726824,10
HNHN,diagnostics,sym,140,0.06528661573469555,0.0005489231648416482,0.0647376925698539,0.0658355388995372,10
HNHN,diagnostics,sym,141,0.0651711254335498,0.0005489123362088306,0.06462221309734097,0.06572003776975864,10
HNHN,diagnostics,sym,142,0.06505755284506175,0.0005489062652662188,0.06450864657979553,0.06560645911032796,10
HNHN,diagnostics,sym,143,0.0649458446056951,0.0005489047622534749,0.06439693984344162,0.06549474936794857,10
HNHN,diagnostics,sym,144,0.06483594930604976,0.0005489076528271212,0.06428704165322263,0.06538485695887689,10
HNHN,diagnostics,sym,145,0.06472781740253893,0.0005489147767154619,0.06417890262582346,0.0652767321792544,10
HNHN,diagnostics,sym,146,0.06462140113374189,0.0005489259864788609,0.06407247514726302,0.06517032712022075,10
HNHN,diagnostics,sym,147,0.06451665444115617,0.0005489411463675054,0.06396771329478868,0.06506559558752367,10
HNHN,diagnostics,sym,148,0.06441353289408906,0.0005489601312694585,0.06386457276281961,0.06496249302535852,10
HNHN,diagnostics,sym,149,0.06431199361844517,0.0005489828257424064,0.06376301079270276,0.06486097644418758,10
HNHN,diagnostics,sym,150,0.06421199522918299,0.0005490091231225194,0.06366298610606047,0.0647610043523055,10
HNHN,diagnostics,sym,151,0.06411349776622711,0.0005490389247050617,0.06356445884152205,0.06466253669093218,10
HNHN,diagnostics,sym,152,0.0640164626336365,0.000549072138990963,0.06346739049464553,0.06456553477262747,10
HNHN,diagnostics,sym,153,0.06392085254184147,0.0005491086809947162,0.06337174386084676,0.06446996122283619,10
HNHN,diagnostics,sym,154,0.06382663145277456,0.0005491484716087943,0.06327748298116577,0.06437577992438336,10
HNHN,diagnostics,sym,155,0.06373376452773044,0.000549191437020257,0.06318457309071018,0.0642829559647507,10
HNHN,diagnostics,sym,156,0.06364221807780082,0.0005492375081757516,0.06309298056962508,0.06419145558597657,10
HNHN,diagnostics,sym,157,0.06355195951673978,0.0005492866202911626,0.06300267289644862,0.06410124613703094,10
HNHN,diagnostics,sym,158,0.06346295731612399,0.0005493387124023514,0.06291361860372163,0.06401229602852634,10
HNHN,diagnostics,sym,159,0.06337518096267994,0.0005493937269540633,0.06282578723572588,0.063924574689634,10
HNHN,diagnostics,sym,160,0.06328860091765921,0.0005494516094239822,0.06273914930823524,0.06383805252708319,10
HNHN,diagnostics,sym,161,0.06320318857814913,0.0005495123079791096,0.06265367627017002,0.06375270088612825,10
HNHN,diagnostics,sym,162,0.06311891624021347,0.000549575773162172,0.0625693404670513,0.06366849201337564,10
HNHN,diagnostics,sym,163,0.06303575706376383,0.0005496419576055711,0.06248611510615826,0.0635853990213694,10
HNHN,diagnostics,sym,164,0.06295368503906887,0.0005497108157708317,0.062403974223298034,0.0635033958548397,10
HNHN,diagnostics,sym,165,0.06287267495481355,0.000549782303711463,0.06232289265110209,0.06342245725852501,10
HNHN,diagnostics,sym,166,0.06279270236762594,0.0005498563788575081,0.062242845988768426,0.06334255874648344,10
HNHN,diagnostics,sym,167,0.06271374357299428,0.0005499329998199519,0.06216381057317433,0.06326367657281423,10
HNHN,diagnostics,sym,168,0.06263577557750091,0.0005500121262135813,0.06208576345128733,0.0631857877037145,10
HNHN,diagnostics,sym,169,0.06255877607230494,0.0005500937184966032,0.06200868235380833,0.06310886979080153,10
HNHN,diagnostics,sym,170,0.06248272340780832,0.0005501777378259685,0.06193254566998235,0.06303290114563428,10
HNHN,diagnostics,sym,171,0.062407596569444924,0.0005502641459268786,0.06185733242351805,0.06295786071537181,10
HNHN,diagnostics,sym,172,0.062333375154534756,0.0005503529049755058,0.06178302224955925,0.06288372805951026,10
HNHN,diagnostics,sym,173,0.06226003935014933,0.0005504439774937951,0.06170959537265554,0.06281048332764312,10
HNHN,diagnostics,sym,174,0.062187569911937204,0.0005505373262553881,0.06163703258568182,0.06273810723819259,10
HNHN,diagnostics,sym,175,0.062115948143861247,0.0005506329142017048,0.061565315229659544,0.06266658105806296,10
HNHN,diagnostics,sym,176,0.06204515587880246,0.0005507307043674495,0.061494425174435006,0.0625958865831699,10
HNHN,diagnostics,sym,177,0.061975175459987285,0.0005508306598146672,0.061424344800172614,0.06252600611980196,10
HNHN,diagnostics,sym,178,0.061905989723197795,0.0005509327435746342,0.06135505697962316,0.06245692246677243,10
HNHN,diagnostics,sym,179,0.061837581979726663,0.0005510369185970299,0.061286545061129634,0.06238861889832369,10
HNHN,diagnostics,sym,180,0.061769936000040625,0.0005511431477056844,0.06121879285233494,0.06232107914774631,10
HNHN,diagnostics,sym,181,0.06170303599811829,0.0005512513935603356,0.06115178460455796,0.062254287391678625,10
HNHN,diagnostics,sym,182,0.0616368666164299,0.0005513616186238884,0.06108550499780601,0.06218822823505379,10
HNHN,diagnostics,sym,183,0.0615714129115285,0.0005514737851348055,0.06101993912639369,0.062122886696663306,10
HNHN,diagnostics,sym,184,0.061506660340223715,0.0005515878550839804,0.06095507248513973,0.0620582481953077,10
HNHN,diagnostics,sym,185,0.06144259474631043,0.0005517037901958206,0.060890890956114614,0.06199429853650625,10
HNHN,diagnostics,sym,186,0.06137920234782675,0.0005518215519131955,0.06082738079591355,0.061931023899739944,10
HNHN,diagnostics,sym,187,0.061316469724816504,0.0005519411013858196,0.06076452862343069,0.06186841082620232,10
HNHN,diagnostics,sym,188,0.06125438380757318,0.0005520623994617153,0.060702321408111465,0.06180644620703489,10
HNHN,diagnostics,sym,189,0.06119293186534295,0.0005521854066815916,0.060640746458661354,0.061745117272024544,10
HNHN,diagnostics,sym,190,0.06113210149546629,0.0005523100832758006,0.060579791412190484,0.06168441157874209,10
HNHN,diagnostics,sym,191,0.06107188061293793,0.0005524363891635847,0.060519444223774345,0.06162431700210152,10
HNHN,diagnostics,sym,192,0.06101225744036668,0.0005525642839544087,0.060459693156412274,0.06156482172432109,10
HNHN,diagnostics,sym,193,0.06095322049831712,0.0005526937269512381,0.060400526771365884,0.061505914225268354,10
HNHN,diagnostics,sym,194,0.06089475859601605,0.0005528246771554301,0.06034193391886062,0.06144758327317148,10
HNHN,diagnostics,sym,195,0.06083686082240808,0.0005529570932732233,0.060283903729134856,0.0613898179156813,10
HNHN,diagnostics,sym,196,0.06077951653754449,0.0005530909337234625,0.06022642560382102,0.06133260747126795,10
HNHN,diagnostics,sym,197,0.06072271536429129,0.0005532261566465971,0.06016948920764469,0.061275941520937884,10
HNHN,diagnostics,sym,198,0.060666447180342455,0.0005533627199147308,0.06011308446042772,0.06121980990025719,10
HNHN,diagnostics,sym,199,0.06061070211052524,0.0005535005811425615,0.060057201529382674,0.0611642026916678,10
HNHN,diagnostics,sym,200,0.060555470519385125,0.0005536396976991712,0.060001830821685954,0.061109110217084296,10
HNHN,diagnostics,sym,201,0.06050074300403856,0.0005537800267204669,0.05994696297731809,0.06105452303075903,10
HNHN,diagnostics,sym,202,0.06044651038728199,0.0005539215251223049,0.05989258886215969,0.0610004319124043,10
HNHN,diagnostics,sym,203,0.06039276371094686,0.0005540641496140376,0.05983869956133282,0.060946827860560895,10
HNHN,diagnostics,sym,204,0.06033949422948957,0.0005542078567125954,0.05978528637277697,0.060893702086202164,10
HNHN,diagnostics,sym,205,0.060286693403807746,0.000554352602756836,0.05973234080105091,0.060841046006564585,10
HNHN,diagnostics,sym,206,0.06023435289527227,0.0005544983439222088,0.05967985455135006,0.06078885123919448,10
HNHN,diagnostics,sym,207,0.06018246455996725,0.0005546450362356925,0.05962781952373156,0.060737109596202946,10
HNHN,diagnostics,sym,208,0.06013102044312894,0.0005547926355908554,0.05957622780753808,0.06068581307871979,10
HNHN,diagnostics,sym,209,0.060080012773775594,0.0005549410977630298,0.059525071676012564,0.060634953871538624,10
HNHN,diagnostics,sym,210,0.06002943395952082,0.0005550903784245683,0.059474343581096246,0.06058452433794539,10
HNHN,diagnostics,sym,211,0.05997927658156277,0.0005552404331601588,0.05942403614840261,0.06053451701472293,10
HNHN,diagnostics,sym,212,0.05992953338984254,0.0005553912174820534,0.059374142172360485,0.060484924607324596,10
HNHN,diagnostics,sym,213,0.05988019729836465,0.0005555426868453405,0.059324654611519305,0.06043573998520999,10
HNHN,diagnostics,sym,214,0.05983126138067383,0.0005556947966630437,0.059275566584010786,0.06038695617733687,10
HNHN,diagnostics,sym,215,0.05978271886548127,0.0005558475023211928,0.05922687136316008,0.06033856636780246,10
HNHN,diagnostics,sym,216,0.05973456313243519,0.0005560007591937101,0.05917856237324148,0.0602905638916289,10
HNHN,diagnostics,sym,217,0.05968678770802991,0.0005561545226571481,0.05913063318537276,0.06024294223068706,10
HNHN,diagnostics,sym,218,0.059639386261647796,0.000556308748105282,0.05908307751354251,0.06019569500975308,10
HNHN,diagnostics,sym,219,0.05959235260172972,0.0005564633909634628,0.05903588921076626,0.060148815992693186,10
HNHN,diagnostics,sym,220,0.059545680672068335,0.0005566184067027575,0.05898906226536558,0.06010229907877109,10
HNHN,diagnostics,sym,221,0.05949936454822021,0.0005567737508539143,0.058942590797366294,0.06005613829907413,10
HNHN,diagnostics,sym,222,0.05945339843403193,0.0005569293790210063,0.058896469055010926,0.06001032781305294,10
HNHN,diagnostics,sym,223,0.059407776658276124,0.0005570852468948892,0.05885069141138123,0.059964861905171016,10
HNHN,diagnostics,sym,224,0.05936249367139327,0.0005572413102663823,0.05880525236112689,0.05991973498165965,10
HNHN,diagnostics,sym,225,0.0593175440423354,0.0005573975250391289,0.05876014651729627,0.05987494156737453,10
HNHN,diagnostics,sym,226,0.05927292245550793,0.000557553847242259,0.05871536860826567,0.059830476302750187,10
HNHN,diagnostics,sym,227,0.05922862370780598,0.000557710233042714,0.05867091347476327,0.059786333940848695,10
HNHN,diagnostics,sym,228,0.059184642705741974,0.000557866638757288,0.05862677606698469,0.05974250934449926,10
HNHN,diagnostics,sym,229,0.05914097446266096,0.0005580230208643739,0.05858295144179659,0.05969899748352533,10
HNHN,diagnostics,sym,230,0.05909761409604064,0.0005581793360154513,0.05853943476002519,0.05965579343205609,10
HNHN,diagnostics,sym,231,0.05905455682487311,0.0005583355410462247,0.05849622128382689,0.05961289236591933,10
HNHN,diagnostics,sym,232,0.05901179796712526,0.0005584915929874762,0.05845330637413779,0.05957028956011273,10
HNHN,diagnostics,sym,233,0.05896933293727522,0.000558647449075636,0.05841068548819959,0.059527980386350855,10
HNHN,diagnostics,sym,234,0.058927157243922126,0.0005588030667630301,0.0583683541771591,0.059485960310685156,10
HNHN,diagnostics,sym,235,0.05888526648746658,0.0005589584037278231,0.05832630808373876,0.0594442248911944,10
HNHN,diagnostics,sym,236,0.05884365635785942,0.0005591134178836821,0.05828454293997574,0.059402769775743096,10
HNHN,diagnostics,sym,237,0.05880232263241634,0.0005592680673891237,0.058243054565027215,0.05936159069980546,10
HNHN,diagnostics,sym,238,0.058761261173696365,0.0005594223106565337,0.05820183886303983,0.0593206834843529,10
HNHN,diagnostics,sym,239,0.0587204679274415,0.0005595761063609738,0.05816089182108052,0.05928004403380247,10
HNHN,diagnostics,sym,240,0.058679938920576005,0.0005597294134485886,0.058120209507127416,0.059239668334024595,10
HNHN,diagnostics,sym,241,0.05863967025926294,0.0005598821911448043,0.058079788068118136,0.05919955245040775,10
HNHN,diagnostics,sym,242,0.05859965812701619,0.0005600343989621568,0.05803962372805403,0.059159692525978344,10
HNHN,diagnostics,sym,243,0.05855989878286594,0.0005601859967079588,0.05799971278615798,0.059120084779573895,10
HNHN,diagnostics,sym,244,0.05852038855957613,0.0005603369444915006,0.05796005161508463,0.05908072550406763,10
HNHN,diagnostics,sym,245,0.05848112386191188,0.0005604872027311648,0.057920636659180715,0.05904161106464304,10
HNHN,diagnostics,sym,246,0.058442101164955206,0.0005606367321611259,0.05788146443279408,0.05900273789711633,10
HNHN,diagnostics,sym,247,0.05840331701246797,0.0005607854938378306,0.057842531518630134,0.0589641025063058,10
HNHN,diagnostics,sym,248,0.05836476801529953,0.0005609334491462075,0.057803834566153324,0.058925701464445736,10
HNHN,diagnostics,sym,249,0.05832645084983882,0.0005610805598056142,0.0577653702900332,0.058887531409644436,10
HNHN,diagnostics,sym,250,0.05828836225650839,0.0005612267878755022,0.05772713546863289,0.058849589044383886,10
HNHN,diagnostics,sym,251,0.05825049903829967,0.0005613720957608437,0.05768912694253883,0.058811871134060514,10
HNHN,diagnostics,sym,252,0.0582128580593481,0.0005615164462173226,0.05765134161313078,0.05877437450556543,10
HNHN,diagnostics,sym,253,0.058175436243546354,0.0005616598023562251,0.05761377644119013,0.058737096045902576,10
HNHN,diagnostics,sym,254,0.05813823057319517,0.0005618021276491433,0.05757642844554603,0.05870003270084431,10
HNHN,diagnostics,sym,255,0.058101238087690056,0.000561943385932425,0.05753929470175763,0.05866318147362248,10
HNHN,diagnostics,sym,256,0.05806445588224294,0.0005620835414113345,0.0575023723408316,0.05862653942365428,10
HNHN,diagnostics,op,0,1.0,0.0,1.0,1.0,10
HNHN,diagnostics,op,1,0.8000892546940092,0.0007372685777970508,0.799351986116212,0.8008265232718063,10
HNHN,diagnostics,op,2,0.6415133571820342,0.0010375743853046166,0.6404757827967296,0.6425509315673388,10
HNHN,diagnostics,op,3,0.5231485947272352,0.0011266579931113144,0.5220219367341239,0.5242752527203465,10
HNHN,diagnostics,op,4,0.4370389152556687,0.0011372181060615104,0.4359016971496072,0.43817613336173017,10
HNHN,diagnostics,op,5,0.37435798818218907,0.0011252793723658932,0.3732327088098232,0.37548326755455497,10
HNHN,diagnostics,op,6,0.32796869752232355,0.0011122013394964712,0.3268564961828271,0.32908089886182,10
HNHN,diagnostics,op,7,0.29278898667790676,0.0011052255731528375,0.2916837611047539,0.2938942122510596,10
HNHN,diagnostics,op,8,0.2653837599460595,0.0011052425641275225,0.264278517381932,0.26648900251018703,10
HNHN,diagnostics,op,9,0.24346511736823614,0.0011105091855996277,0.24235460818263652,0.24457562655383577,10
HNHN,diagnostics,op,10,0.2255019329284595,0.0011186891689866708,0.22438324375947283,0.22662062209744616,10
HNHN,diagnostics,op,11,0.21045445495463136,0.001127786644400157,0.2093266683102312,0.21158224159903152,10
HNHN,diagnostics,op,12,0.19760314347758373,0.001136404406816255,0.19646673907076748,0.1987395478844,10
HNHN,diagnostics,op,13,0.18643998212488877,0.0011436905672918194,0.18529629155759694,0.1875836726921806,10
HNHN,diagnostics,op,14,0.17659925068558407,0.0011491930661873847,0.1754500576193967,0.17774844375177146,10
HNHN,diagnostics,op,15,0.16781286817523638,0.0011527198960132802,0.1666601482792231,0.16896558807124967,10
HNHN,diagnostics,op,16,0.15988107775901347,0.0011542345513732917,0.1587268432076402,0.16103531231038676,10
HNHN,diagnostics,op,17,0.1526528252822447,0.0011537870864243287,0.15149903819582036,0.15380661236866902,10
HNHN,diagnostics,op,18,0.14601236453127736,0.0011514722999618687,0.14486089223131549,0.14716383683123924,10
HNHN,diagnostics,op,19,0.13986993732412575,0.0011474060251412661,0.13872253129898449,0.14101734334926702,10
HNHN,diagnostics,op,20,0.13415517176824637,0.0011417125087503839,0.13301345925949598,0.13529688427699677,10
HNHN,diagnostics,op,21,0.12881232816140237,0.0011345181239696676,0.1276778100374327,0.12994684628537204,10
HNHN,diagnostics,op,22,0.1237968236494283,0.0011259484559306575,0.12267087519349765,0.12492277210535896,10
HNHN,diagnostics,op,23,0.1190726570950817,0.0011161270379624634,0.11795653005711924,0.12018878413304417,10
HNHN,diagnostics,op,24,0.11461047784078082,0.0011051748017837767,0.11350530303899704,0.1157156526425646,10
HNHN,diagnostics,op,25,0.11038612190862332,0.001093209772036985,0.10929291213658633,0.1114793316806603,10
HNHN,diagnostics,op,26,0.106379492236404,0.0010803467972903553,0.10529914543911364,0.10745983903369435,10
HNHN,diagnostics,op,27,0.10257369535714697,0.0010666972466027048,0.10150699811054427,0.10364039260374967,10
HNHN,diagnostics,op,28,0.0989543714612946,0.0010523686658774894,0.09790200279541711,0.10000674012717209,10
HNHN,diagnostics,op,29,0.09550917182519499,0.0010374644142650549,0.09447170741092993,0.09654663623946004,10
HNHN,diagnostics,op,30,0.09222734959197673,0.0010220833070781856,0.09120526628489854,0.09324943289905492,10
HNHN,diagnostics,op,31,0.08909943845262165,0.0010063192888867213,0.08809311916373493,0.09010575774150838,10
HNHN,diagnostics,op,32,0.0861169999595558,0.0009902611543959592,0.08512673880515984,0.08710726111395176,10
HNHN,diagnostics,op,33,0.08327242472782904,0.0009739923282206492,0.08229843239960839,0.0842464170560497,10
HNHN,diagnostics,op,34,0.08055877612694733,0.0009575907089740668,0.07960118541797326,0.0815163668359214,10
HNHN,diagnostics,op,35,0.07796966757475392,0.0009411285786007906,0.07702853899615313,0.07891079615335471,10
HNHN,diagnostics,op,36,0.07549916644631079,0.0009246725745991278,0.07457449387171165,0.07642383902090992,10
HNHN,diagnostics,op,37,0.07314171906888425,0.0009082837205459652,0.07223343534833829,0.07405000278943022,10
HNHN,diagnostics,op,38,0.07089209240455305,0.000892017508948777,0.07000007489560427,0.07178410991350183,10
HNHN,diagnostics,op,39,0.06874532890725368,0.0008759240297088848,0.0678694048775448,0.06962125293696257,10
HNHN,diagnostics,op,40,0.06669671174082732,0.0008600481372182981,0.06583666360360903,0.06755675987804562,10
HNHN,diagnostics,op,41,0.06474173810220726,0.0008444296491918927,0.06389730845301538,0.06558616775139915,10
HNHN,diagnostics,op,42,0.0628760988411944,0.0008291035706525288,0.06204699527054187,0.06370520241184692,10
HNHN,diagnostics,op,43,0.06109566292905846,0.0008141003369564523,0.060281562592102,0.06190976326601491,10
HNHN,diagnostics,op,44,0.05939646562036185,0.0007994460703096373,0.05859701955005221,0.06019591169067148,10
HNHN,diagnostics,op,45,0.057774699389579666,0.0007851628448367487,0.05698953654474292,0.058559862234416414,10
HNHN,diagnostics,op,46,0.05622670691684598,0.0007712689558891756,0.055455437960956804,0.05699797587273516,10
HNHN,diagnostics,op,47,0.05474897555376703,0.0007577791898928617,0.05399119636387417,0.05550675474365989,10
HNHN,diagnostics,op,48,0.05333813282727973,0.0007447050916224927,0.052593427735657235,0.05408283791890222,10
HNHN,diagnostics,op,49,0.051990942642286875,0.000732055226334321,0.05125888741595255,0.052722997868621196,10
HNHN,diagnostics,op,50,0.05070430192655895,0.0007198354346875735,0.049984466491871375,0.05142413736124652,10
HNHN,diagnostics,op,51,0.04947523752767988,0.0007080490788304169,0.04876718844884946,0.050183286606510294,10
HNHN,diagnostics,op,52,0.04830090322453819,0.0006966972784182374,0.04760420594611996,0.04899760050295643,10
HNHN,diagnostics,op,53,0.04717857675743943,0.0006857791356721722,0.04649279762176726,0.0478643558931116,10
HNHN,diagnostics,op,54,0.04610565681335339,0.0006752919488743622,0.04543036486447903,0.046780948762227756,10
HNHN,diagnostics,op,55,0.045079659927790644,0.0006652314139390648,0.04441442851385158,0.04574489134172971,10
HNHN,diagnostics,op,56,0.04409821728372776,0.0006555918138978503,0.04344262546982991,0.04475380909762561,10
HNHN,diagnostics,op,57,0.04315907140204206,0.0006463661962990874,0.04251270520574297,0.04380543759834115,10
HNHN,diagnostics,op,58,0.04226007272804565,0.0006375465386500184,0.04162252618939563,0.042897619266695663,10
HNHN,diagnostics,op,59,0.0413991761257356,0.0006291239021300057,0.04077005222360559,0.0420283000278656,10
HNHN,diagnostics,op,60,0.04057443729596645,0.0006210885738801668,0.039953348722086286,0.041195525869846615,10
HNHN,diagnostics,op,61,0.03978400913745549,0.0006134301982315178,0.03917057893922397,0.040397439335687006,10
HNHN,diagnostics,op,62,0.039026138070793776,0.0006061378972751707,0.038420000173518605,0.039632275968068946,10
HNHN,diagnostics,op,63,0.038299160345824736,0.0005992003812071748,0.03769995996461756,0.038898360727031914,10
HNHN,diagnostics,op,64,0.03760149835215692,0.0005926060489000405,0.03700889230325688,0.03819410440105696,10
HNHN,diagnostics,op,65,0.03693165695143402,0.0005863430791650091,0.03634531387226901,0.03751800003059903,10
HNHN,diagnostics,op,66,0.036288219848475384,0.0005803995131756423,0.03570782033529974,0.03686861936165103,10
HNHN,diagnostics,op,67,0.035669846016671294,0.0005747633285259348,0.03509508268814536,0.03624460934519723,10
HNHN,diagnostics,op,68,0.03507526619117601,0.0005694225053950902,0.034505843685780926,0.0356446886965711,10
HNHN,diagnostics,op,69,0.0345032794415738,0.0005643650852882542,0.03393891435628555,0.035067644526862056,10
HNHN,diagnostics,op,70,0.03395274983385989,0.000559579222817214,0.033393170611042675,0.0345123290566771,10
HNHN,diagnostics,op,71,0.03342260318982217,0.0005550532309784482,0.032867549958843716,0.03397765642080062,10
HNHN,diagnostics,op,72,0.03291182395026218,0.0005507756203775501,0.03236104832988463,0.03346259957063973,10
HNHN,diagnostics,op,73,0.032419452146972436,0.0005467351328395745,0.03187271701413286,0.03296618727981201,10
HNHN,diagnostics,op,74,0.03194458048700418,0.0005429207698337637,0.03140165971717042,0.03248750125683794,10
HNHN,diagnostics,op,75,0.03148635155151687,0.0005393218161288505,0.03094702973538802,0.03202567336764572,10
HNHN,diagnostics,op,76,0.0310439551103995,0.0005359278590816154,0.030508027251317883,0.03157988296948112,10
HNHN,diagnostics,op,77,0.030616625552888473,0.0005327288039465478,0.030083896748941925,0.03114935435683502,10
HNHN,diagnostics,op,78,0.03020363943357111,0.0005297148855785171,0.029673924547992593,0.030733354319149628,10
HNHN,diagnostics,op,79,0.02980431313245015,0.0005268766768835447,0.029277436455566606,0.030331189809333695,10
HNHN,diagnostics,op,80,0.02941800062714211,0.0005242050943548898,0.02889379553278722,0.029942205721496997,10
HNHN,diagnostics,op,81,0.02904409137478352,0.0005216914010132329,0.028522399973770287,0.029565782775796755,10
HNHN,diagnostics,op,82,0.028682008300811475,0.0005193272070507488,0.028162681093760727,0.029201335507862223,10
HNHN,diagnostics,op,83,0.02833120589146132,0.0005171044684594919,0.02781410142300183,0.02884831035992081,10
HNHN,diagnostics,op,84,0.027991168386573912,0.000515015483905237,0.027476152902668676,0.028506183870479148,10
HNHN,diagnostics,op,85,0.027661408069118938,0.0005130528900883391,0.0271483551790306,0.028174460959207278,10
HNHN,diagnostics,op,86,0.027341463647712217,0.0005112096558142005,0.026830253991898017,0.027852673303526417,10
HNHN,diagnostics,op,87,0.027030898728324492,0.000509479074977153,0.02652141965334734,0.027540377803301645,10
HNHN,diagnostics,op,88,0.02672930037134148,0.0005078547586434061,0.026221445612698072,0.027237155129984886,10
HNHN,diagnostics,op,89,0.026436277730132417,0.0005063306264011922,0.025929947103731227,0.026942608356533608,10
HNHN,diagnostics,op,90,0.026151460767312534,0.0005049008971295295,0.025646559870183005,0.026656361664442064,10
HNHN,diagnostics,op,91,0.025874499044937264,0.0005035600793211714,0.025370938965616093,0.026378059124258436,10
HNHN,diagnostics,op,92,0.025605060584939797,0.0005023029610803471,0.02510275762385945,0.026107363546020144,10
HNHN,diagnostics,op,93,0.025342830796213196,0.0005011245999019971,0.024841706196311198,0.025843955396115195,10
HNHN,diagnostics,op,94,0.0250875114648416,0.0005000203123259958,0.024587491152515604,0.025587531777167594,10
HNHN,diagnostics,op,95,0.024838819804098085,0.0004989856635481351,0.02433983414054995,0.02533780546764622,10
HNHN,diagnostics,op,96,0.024596487560947327,0.0004980164570582951,0.024098471103889033,0.02509450401800562,10
HNHN,diagnostics,op,97,0.024360260175917255,0.0004971087243663784,0.023863151451550876,0.024857368900283634,10
HNHN,diagnostics,op,98,0.024129895993332883,0.0004962587148672872,0.023633637278465597,0.02462615470820017,10
HNHN,diagnostics,op,99,0.02390516551903669,0.0004954628858879526,0.02340970263314874,0.024400628404924643,10
HNHN,diagnostics,op,100,0.02368585072285074,0.0004947178929520561,0.023191132829898684,0.024180568615802794,10
HNHN,diagnostics,op,101,0.023471744383166602,0.0004940205802913494,0.02297772380287525,0.023965764963457953,10
HNHN,diagnostics,op,102,0.023262649471177503,0.0004933679716266552,0.022769281499550847,0.02375601744280416,10
HNHN,diagnostics,op,103,0.023058378572393592,0.0004927572612363121,0.022565621311157278,0.023551135833629906,10
HNHN,diagnostics,op,104,0.022858753343204065,0.0004921858053253524,0.02236656753787871,0.02335093914852942,10
HNHN,diagnostics,op,105,0.022663604000369594,0.0004916511137046122,0.022171952886664983,0.023155255114074205,10
HNHN,diagnostics,op,106,0.022472768841444064,0.0004911508417855055,0.02198161799965856,0.02296391968322957,10
HNHN,diagnostics,op,107,0.022286093794235906,0.0004906827828932598,0.021795411011342646,0.022776776577129166,10
HNHN,diagnostics,op,108,0.022103431993526393,0.0004902448608988373,0.021613187132627557,0.02259367685442523,10
HNHN,diagnostics,op,109,0.021924643383364733,0.0004898351231674285,0.021434808260197304,0.02241447850653216,10
HNHN,diagnostics,op,110,0.021749594343357596,0.0004894517338199309,0.021260142609537666,0.022239046077177527,10
HNHN,diagnostics,op,111,0.02157815733746435,0.0004890929673019345,0.021089064370162416,0.02206725030476628,10
HNHN,diagnostics,op,112,0.021410210583897717,0.0004887572022537353,0.020921453381643983,0.02189896778615145,10
HNHN,diagnostics,op,113,0.021245637744814316,0.0004884429156738378,0.020757194829140478,0.021734080660488153,10
HNHN,diagnostics,op,114,0.0210843276345592,0.00048814867736761305,0.020596178957191586,0.021572476311926814,10
HNHN,diagnostics,op,115,0.020926173945304473,0.0004878731446721189,0.020438300800632355,0.02141404708997659,10
HNHN,diagnostics,op,116,0.02077107498899356,0.00048761505744777066,0.020283459931545792,0.02125869004644133,10
HNHN,diagnostics,op,117,0.020618933454570297,0.00048737323332717945,0.020131560221243117,0.021106306687897477,10
HNHN,diagnostics,op,118,0.0204696561795358,0.00048714656321120585,0.019982509616324595,0.020956802742747003,10
HNHN,diagnostics,op,119,0.020323153934936194,0.0004869340070023603,0.019836219927933833,0.020810087941938556,10
HNHN,diagnostics,op,120,0.020179341222940846,0.0004867345895655392,0.01969260663337531,0.020666075812506384,10
HNHN,diagnostics,op,121,0.020038136086223866,0.00048654739690620234,0.019551588689317664,0.02052468348313007,10
HNHN,diagnostics,op,122,0.01989945992841173,0.0004863715725562712,0.019413088355855458,0.020385831500968003,10
HNHN,diagnostics,op,123,0.019763237344906908,0.00048620631415807877,0.01927703103074883,0.020249443659064986,10
HNHN,diagnostics,op,124,0.01962939596344131,0.0004860508702371178,0.019143345093204193,0.020115446833678427,10
HNHN,diagnostics,op,125,0.019497866293754763,0.0004859045371543151,0.019011961756600446,0.01998377083090908,10
HNHN,diagnostics,op,126,0.01936858158583265,0.00048576665622911613,0.018882814929603534,0.019854348242061764,10
HNHN,diagnostics,op,127,0.019241477696172984,0.00048563661102471033,0.018755841085148273,0.019727114307197695,10
HNHN,diagnostics,op,128,0.019116492961587288,0.0004855138247872097,0.018630979136800077,0.0196020067863745,10
HNHN,diagnostics,op,129,0.01899356808007153,0.00048539775803076873,0.018508170322040763,0.0194789658381023,10
HNHN,diagnostics,op,130,0.018872645998313287,0.0004852879062610386,0.018387358092052247,0.019357933904574326,10
HNHN,diagnostics,op,131,0.0187536718054289,0.0004851837978296111,0.01826848800759929,0.019238855603258512,10
HNHN,diagnostics,op,132,0.018636592632550984,0.00048508499191249376,0.01815150764063849,0.019121677624463478,10
HNHN,diagnostics,op,133,0.018521357557910532,0.0004849910766058491,0.01803636648130468,0.019006348634516383,10
HNHN,diagnostics,op,134,0.01840791751708117,0.0004849016671326777,0.01792301584994849,0.018892819184213847,10
HNHN,diagnostics,op,135,0.018296225218074006,0.000484816404154324,0.017811408813919682,0.01878104162222833,10
HNHN,diagnostics,op,136,0.018186235060991922,0.0004847349521810156,0.017701500108810907,0.018670970013172937,10
HNHN,diagnostics,op,137,0.01807790306197037,0.0004846569980759434,0.017593246063894424,0.018562560060046314,10
HNHN,diagnostics,op,138,0.017971186781149475,0.00048458224964764924,0.017486604531501825,0.018455769030797126,10
HNHN,diagnostics,op,139,0.017866045254438336,0.0004845104343257425,0.017381534820112593,0.018350555688764078,10
HNHN,diagnostics,op,140,0.017762438928847653,0.000484441297915248,0.017277997630932407,0.0182468802267629,10
HNHN,diagnostics,op,141,0.01766032960118118,0.00048437460342513536,0.017175954997756045,0.018144704204606316,10
HNHN,diagnostics,op,142,0.017559680359889383,0.00048431012996679373,0.01707537022992259,0.018043990489856176,10
HNHN,diagnostics,op,143,0.017460455529901657,0.00048424767171843704,0.01697620785818322,0.017944703201620095,10
HNHN,diagnostics,op,144,0.017362620620264405,0.00048418703695170495,0.0168784335833127,0.01784680765721611,10
HNHN,diagnostics,op,145,0.017266142274423645,0.0004841280471168293,0.016782014227306817,0.017750270321540473,10
HNHN,diagnostics,op,146,0.017170988223000547,0.0004840705359830238,0.016686917687017522,0.01765505875898357,10
HNHN,diagnostics,op,147,0.017077127238917966,0.00048401434883088985,0.016593112890087077,0.017561141587748855,10
HNHN,diagnostics,op,148,0.01698452909474476,0.00048395934169382537,0.016500569753050934,0.017468488436438584,10
HNHN,diagnostics,op,149,0.016893164522132943,0.00048390538064558365,0.01640925914148736,0.017377069902778527,10
HNHN,diagnostics,op,150,0.016803005173230526,0.0004838523411313103,0.016319152832099216,0.017286857514361837,10
HNHN,diagnostics,op,151,0.016714023583959882,0.000483800107339513,0.01623022347662037,0.017197823691299394,10
HNHN,diagnostics,op,152,0.0166261931390585,0.000483748571612558,0.01614244456744594,0.017109941710671057,10
HNHN,diagnostics,op,153,0.01653948803878505,0.0004836976338934924,0.016055790404891558,0.01702318567267854,10
HNHN,diagnostics,op,154,0.016453883267199664,0.000483647201206988,0.015970236065992675,0.016937530468406653,10
HNHN,diagnostics,op,155,0.01636935456193292,0.0004835971871724624,0.015885757374760456,0.016852951749105383,10
HNHN,diagnostics,op,156,0.016285878385362922,0.0004835475115474649,0.015802330873815457,0.016769425896910387,10
HNHN,diagnostics,op,157,0.016203431897125066,0.0004834980997995391,0.015719933797325527,0.016686929996924605,10
HNHN,diagnostics,op,158,0.01612199292788318,0.000483448882704911,0.01563854404517827,0.016605441810588092,10
HNHN,diagnostics,op,159,0.016041539954295265,0.00048339979597237934,0.015558140158322886,0.016524939750267646,10
HNHN,diagnostics,op,160,0.01596205207511084,0.0004833507798909597,0.015478701295219879,0.0164454028550018,10
HNHN,diagnostics,op,161,0.015883508988340685,0.00048330177899985084,0.015400207209340834,0.016366810767340534,10
HNHN,diagnostics,op,162,0.015805890969443126,0.0004832527417794052,0.01532263822766372,0.01628914371122253,10
HNHN,diagnostics,op,163,0.015729178850474416,0.00048320362036187307,0.015245975230112544,0.01621238247083629,10
HNHN,diagnostics,op,164,0.015653354000153625,0.00048315437026072417,0.0151701996298929,0.01613650837041435,10
HNHN,diagnostics,op,165,0.015578398304795465,0.0004831049501174611,0.015095293354678005,0.016061503254912925,10
HNHN,diagnostics,op,166,0.015504294150067034,0.0004830553214648642,0.015021238828602169,0.015987349471531898,10
HNHN,diagnostics,op,167,0.015431024403526967,0.00048300544850570415,0.014948018955021262,0.01591402985203267,10
HNHN,diagnostics,op,168,0.015358572397907957,0.0004829552979059921,0.014875617100001966,0.01584152769581395,10
HNHN,diagnostics,op,169,0.015286921915105662,0.0004829048386018834,0.014804017076503778,0.015769826753707545,10
HNHN,diagnostics,op,170,0.015216057170839098,0.00048285404161945344,0.014733203129219644,0.01569891121245855,10
HNHN,diagnostics,op,171,0.015145962799949753,0.0004828028799065281,0.014663159920043224,0.01562876567985628,10
HNHN,diagnostics,op,172,0.015076623842308148,0.00048275132817585944,0.014593872514132288,0.015559375170484007,10
HNHN,diagnostics,op,173,0.01500802572929858,0.00048269936275898985,0.01452532636653959,0.015490725092057568,10
HNHN,diagnostics,op,174,0.014940154270854258,0.0004826469614701141,0.014457507309384145,0.015422801232324371,10
HNHN,diagnostics,op,175,0.014872995643016524,0.00048259410347935956,0.014390401539537164,0.015355589746495884,10
HNHN,diagnostics,op,176,0.014806536375993348,0.00048254076919490335,0.014323995606798444,0.015289077145188252,10
HNHN,diagnostics,op,177,0.01474076334269361,0.00048248694015340355,0.014258276402540206,0.015223250282847014,10
HNHN,diagnostics,op,178,0.014675663747714864,0.00048243259891821784,0.014193231148796646,0.015158096346633083,10
HNHN,diagnostics,op,179,0.014611225116763576,0.0004823777289849181,0.014128847387778658,0.015093602845748495,10
HNHN,diagnostics,op,180,0.014547435286487817,0.00048232231469372413,0.014065112971794093,0.015029757601181542,10
HNHN,diagnostics,op,181,0.014484282394703549,0.00048226634114831643,0.014002016053555232,0.014966548735851865,10
HNHN,diagnostics,op,182,0.014421754870996598,0.00048220979414074095,0.013939545076855856,0.01490396466513734,10
HNHN,diagnostics,op,183,0.014359841427683229,0.00048215266008197005,0.01387768876760126,0.014841994087765199,10
HNHN,diagnostics,op,184,0.014298531051113316,0.0004820949259377601,0.013816436125175557,0.014780625977051076,10
HNHN,diagnostics,op,185,0.014237812993300769,0.0004820365791695169,0.013755776414131253,0.014719849572470285,10
HNHN,diagnostics,op,186,0.01417767676386665,0.0004819776076798115,0.01369569915618684,0.014659654371546461,10
HNHN,diagnostics,op,187,0.014118112122281323,0.00048191799976226706,0.013636194122519055,0.01460003012204359,10
HNHN,diagnostics,op,188,0.014059109070392439,0.00048185774405555814,0.01357725132633688,0.014540966814447998,10
HNHN,diagnostics,op,189,0.01400065784522637,0.0004817968295012158,0.013518861015725154,0.014482454674727585,10
HNHN,diagnostics,op,190,0.01394274891205129,0.0004817352453050326,0.013461013666746258,0.014424484157356322,10
HNHN,diagnostics,op,191,0.013885372957690675,0.00048167298090182227,0.013403699976788853,0.014367045938592497,10
HNHN,diagnostics,op,192,0.013828520884076472,0.00048161002592330473,0.013346910858153167,0.014310130909999778,10
HNHN,diagnostics,op,193,0.01377218380203191,0.0004815463701689227,0.013290637431862987,0.014253730172200833,10
HNHN,diagnostics,op,194,0.013716353025274127,0.00048148200357939046,0.013234871021694737,0.014197835028853517,10
HNHN,diagnostics,op,195,0.0136610200646276,0.0004814169162127986,0.013179603148414801,0.014142436980840398,10
HNHN,diagnostics,op,196,0.013606176622439412,0.0004813510982230945,0.013124825524216318,0.014087527720662506,10
HNHN,diagnostics,op,197,0.013551814587188205,0.00048128453984078374,0.013070530047347421,0.014033099127028988,10
HNHN,diagnostics,op,198,0.013497926028278739,0.00048121723135569533,0.013016708796923043,0.013979143259634435,10
HNHN,diagnostics,op,199,0.013444503191014558,0.000481149163101668,0.01296335402791289,0.013925652354116226,10
HNHN,diagnostics,op,200,0.013391538491741498,0.0004810803254430339,0.012910458166298464,0.013872618817184532,10
HNHN,diagnostics,op,201,0.013339024513155195,0.0004810107087627562,0.01285801380439244,0.01382003522191795,10
HNHN,diagnostics,op,202,0.013286953999765996,0.00048094030345211203,0.012806013696313885,0.013767894303218108,10
HNHN,diagnostics,op,203,0.013235319853515027,0.0004808690999018092,0.012754450753613217,0.013716188953416836,10
HNHN,diagnostics,op,204,0.01318411512953542,0.0004807970884944144,0.012703318041041006,0.013664912218029835,10
HNHN,diagnostics,op,205,0.013133333032053043,0.00048072425959803445,0.012652608772455009,0.013614057291651077,10
HNHN,diagnostics,op,206,0.013082966910421216,0.00048065060356111314,0.012602316306860102,0.013563617513982329,10
HNHN,diagnostics,op,207,0.013033010255284241,0.0004805761107082672,0.012552434144575974,0.013513586365992508,10
HNHN,diagnostics,op,208,0.012983456694864826,0.0004805007713371143,0.012502955923527712,0.01346395746620194,10
HNHN,diagnostics,op,209,0.012934299991370541,0.0004804245757159583,0.012453875415654583,0.013414724567086499,10
HNHN,diagnostics,op,210,0.012885534037514851,0.00048034751408230846,0.012405186523432542,0.01336588155159716,10
HNHN,diagnostics,op,211,0.012837152853148381,0.0004802695766421444,0.012356883276506237,0.013317422429790525,10
HNHN,diagnostics,op,212,0.01278915058199621,0.00048019075356985297,0.012308959828426358,0.013269341335566063,10
HNHN,diagnostics,op,213,0.012741521488497254,0.0004801110350088072,0.012261410453488447,0.01322163252350606,10
HNHN,diagnostics,op,214,0.012694259954741938,0.00048003041107249397,0.012214229543669443,0.013174290365814433,10
HNHN,diagnostics,op,215,0.012647360477504518,0.0004799488718461748,0.012167411605658344,0.013127309349350693,10
HNHN,diagnostics,op,216,0.01260081766536655,0.00047986640738899994,0.01212095125797755,0.01308068407275555,10
HNHN,diagnostics,op,217,0.012554626235928196,0.00047978300773654704,0.01207484322819165,0.013034409243664743,10
HNHN,diagnostics,op,218,0.012508781013104158,0.0004796986629037499,0.012029082350200409,0.012988479676007908,10
HNHN,diagnostics,op,219,0.01246327692450119,0.00047961336288813517,0.011983663561613055,0.012942890287389324,10
HNHN,diagnostics,op,220,0.012418108998874227,0.0004795270976733918,0.011938581901200835,0.01289763609654762,10
HNHN,diagnostics,op,221,0.012373272363658353,0.00047943985723318343,0.01189383250642517,0.012852712220891536,10
HNHN,diagnostics,op,222,0.01232876224257392,0.0004793516315352,0.011849410611038719,0.01280811387410912,10
HNHN,diagnostics,op,223,0.012284573953302158,0.0004792624105454095,0.011805311542756748,0.012763836363847567,10
HNHN,diagnostics,op,224,0.012240702905228926,0.00047917218423248526,0.01176153072099644,0.01271987508946141,10
HNHN,diagnostics,op,225,0.012197144597254076,0.00047908094257237394,0.011718063654681702,0.01267622553982645,10
HNHN,diagnostics,op,226,0.012153894615664277,0.00047898867555299247,0.011674905940111285,0.012632883291217268,10
HNHN,diagnostics,op,227,0.012110948632067024,0.00047889537317901044,0.011632053258888013,0.012589844005246034,10
HNHN,diagnostics,op,228,0.012068302401383768,0.0004788010254767292,0.011589501375907038,0.012547103426860497,10
HNHN,diagnostics,op,229,0.012025951759900153,0.0004787056224989992,0.011547246137401154,0.012504657382399153,10
HNHN,diagnostics,op,230,0.011983892623371382,0.0004786091543301922,0.01150528346904119,0.012462501777701574,10
HNHN,diagnostics,op,231,0.011942120985180871,0.00047851161109118155,0.01146360937408969,0.012420632596272053,10
HNHN,diagnostics,op,232,0.011900632914550433,0.0004784129829443388,0.011422219931606095,0.012379045897494771,10
HNHN,diagnostics,op,233,0.0118594245548002,0.0004783132600985257,0.011381111294701674,0.012337737814898725,10
HNHN,diagnostics,op,234,0.011818492121656707,0.0004782124328140483,0.011340279688842658,0.012296704554470756,10
HNHN,diagnostics,op,235,0.011777831901607475,0.0004781104914075942,0.011299721410199881,0.012255942393015069,10
HNHN,diagnostics,op,236,0.01173744025030063,0.00047800742625712104,0.011259432824043509,0.01221544767655775,10
HNHN,diagnostics,op,237,0.011697313590988034,0.00047790322780668455,0.011219410363181349,0.012175216818794719,10
HNHN,diagnostics,op,238,0.01165744841301054,0.0004777978865712097,0.01117965052643933,0.012135246299581749,10
HNHN,diagnostics,op,239,0.01161784127032402,0.0004776913931411806,0.01114014987718284,0.0120955326634652,10
HNHN,diagnostics,op,240,0.011578488780064814,0.00047758373818726523,0.01110090504187755,0.01205607251825208,10
HNHN,diagnostics,op,241,0.011539387621153387,0.00047747491246482855,0.01106191270868856,0.012016862533618215,10
HNHN,diagnostics,op,242,0.01150053453293495,0.0004773649068183796,0.01102316962611657,0.01197789943975333,10
HNHN,diagnostics,op,243,0.011461926313855866,0.00047725371218589415,0.010984672601669972,0.01193918002604176,10
HNHN,diagnostics,op,244,0.011423559820174775,0.00047714131960305186,0.010946418500571722,0.011900701139777828,10
HNHN,diagnostics,op,245,0.011385431964707258,0.00047702772020735267,0.010908404244499905,0.011862459684914612,10
HNHN,diagnostics,op,246,0.011347539715603087,0.00047691290524212634,0.010870626810360962,0.011824452620845213,10
HNHN,diagnostics,op,247,0.011309880095154984,0.000476796866060423,0.010833083229094561,0.011786676961215407,10
HNHN,diagnostics,op,248,0.011272450178637965,0.00047667959412878624,0.010795770584509179,0.011749129772766752,10
HNHN,diagnostics,op,249,0.011235247093178313,0.0004765610810309011,0.010758686012147411,0.011711808174209214,10
HNHN,diagnostics,op,250,0.011198268016651265,0.0004764413184711226,0.010721826698180142,0.011674709335122387,10
HNHN,diagnostics,op,251,0.01116151017660656,0.0004763202982778763,0.010685189878328684,0.011637830474884437,10
HNHN,diagnostics,op,252,0.011124970849221037,0.0004761980124069346,0.010648772836814101,0.011601168861627972,10
HNHN,diagnostics,op,253,0.011088647358277375,0.00047607445294455263,0.010612572905332822,0.011564721811221928,10
HNHN,diagnostics,op,254,0.011052537074168322,0.00047594961211050376,0.010576587462057817,0.011528486686278826,10
HNHN,diagnostics,op,255,0.011016637412925565,0.00047582348226094694,0.010540813930664618,0.011492460895186511,10
HNHN,diagnostics,op,256,0.010980945835272534,0.0004756960558912033,0.010505249779381332,0.011456641891163737,10
HNHN,restart,base,0,1.0,0.0,1.0,1.0,10
HNHN,restart,base,1,0.4999668772267526,0.0008922260110260452,0.49907465121572653,0.5008591032377786,10
HNHN,restart,base,2,0.2778225103209742,0.0008587071137152366,0.276963803207259,0.27868121743468943,10
HNHN,restart,base,3,0.1696188893413222,0.0006988043178225594,0.16892008502349962,0.17031769365914476,10
HNHN,restart,base,4,0.11211850754583275,0.0005586467037563903,0.11155986084207635,0.11267715424958914,10
HNHN,restart,base,5,0.07903112583296157,0.0004537315596838838,0.07857739427327769,0.07948485739264545,10
HNHN,restart,base,6,0.058605057475009624,0.00037696976291227795,0.058228087712097344,0.058982027237921904,10
HNHN,restart,base,7,0.04521094074378131,0.00031990857842867284,0.04489103216535264,0.045530849322209986,10
HNHN,restart,base,8,0.03597082198525982,0.0002762295249875697,0.03569459246027225,0.03624705151024739,10
HNHN,restart,base,9,0.029322040465580918,0.0002417142206990908,0.029080326244881827,0.02956375468628001,10
HNHN,restart,base,10,0.024368290320473374,0.0002136458289909273,0.024154644491482448,0.0245819361494643,10
HNHN,restart,base,11,0.020569554735925668,0.0001902771268056071,0.02037927760912006,0.020759831862731275,10
HNHN,restart,base,12,0.017585972117969008,0.00017046248265315894,0.017415509635315848,0.017756434600622168,10
HNHN,restart,base,13,0.015195275113618512,0.000153426360873757,0.015041848752744755,0.015348701474492268,10
HNHN,restart,base,14,0.01324712002843649,0.00013862364670425806,0.013108496381732232,0.01338574367514075,10
HNHN,restart,base,15,0.011636760753945532,0.00012565644098083372,0.011511104312964699,0.011762417194926366,10
HNHN,restart,base,16,0.010289296469234916,0.00011422417410823188,0.010175072295126684,0.010403520643343149,10
HNHN,restart,base,17,0.009149923843628607,0.00010409308513319408,0.009045830758495414,0.0092540169287618,10
HNHN,restart,base,18,0.008177719899130048,9.507698312779106e-05,0.008082642916002258,0.008272796882257839,10
HNHN,restart,base,19,0.007341567662071001,8.70246843647964e-05,0.007254542977706204,0.007428592346435797,10
HNHN,restart,base,20,0.006617420107660451,7.981150154939449e-05,0.006537608606111056,0.0066972316092098454,10
HNHN,restart,base,21,0.005986421908592747,7.333327366413898e-05,0.0059130886349286075,0.006059755182256886,10
HNHN,restart,base,22,0.005433594082330852,6.750204709668674e-05,0.005366092035234166,0.005501096129427539,10
HNHN,restart,base,23,0.004946895984086008,6.224286934030533e-05,0.004884653114745703,0.005009138853426313,10
HNHN,restart,base,24,0.004516545223483539,5.749135753484247e-05,0.004459053865948697,0.004574036581018382,10
HNHN,restart,base,25,0.0041345170394497125,5.3191822250847596e-05,0.004081325217198865,0.00418770886170056,10
HNHN,restart,base,26,0.003794170592915406,4.929579860387773e-05,0.003744874794311528,0.003843466391519284,10
HNHN,restart,base,27,0.003489966379231691,4.5760881876559586e-05,0.003444205497355131,0.0035357272611082507,10
HNHN,restart,base,28,0.0032172499753629112,4.2549794254214334e-05,0.003174700181108697,0.0032597997696171255,10
HNHN,restart,base,29,0.0029720847056270506,3.962962916319617e-05,0.0029324550764638544,0.0030117143347902467,10
HNHN,restart,base,30,0.002751120818161183,3.697123354629947e-05,0.0027141495846148837,0.0027880920517074823,10
HNHN,restart,base,31,0.0025514922184870004,3.454869829016796e-05,0.0025169435201968324,0.0025860409167771685,10
HNHN,restart,base,32,0.002370734221429063,3.2338934207172966e-05,0.00233839528722189,0.0024030731556362356,10
HNHN,restart,base,33,0.002206717492461515,3.0321316279048964e-05,0.0021763961761824663,0.002237038808740564,10
HNHN,restart,base,34,0.002057594574632802,2.8477382827873154e-05,0.002029117191804929,0.002086071957460675,10
HNHN,restart,base,35,0.001921756284802178,2.679057925844508e-05,0.001894965705543733,0.0019485468640606232,10
HNHN,restart,base,36,0.001797795912758883,2.5246038272572694e-05,0.0017725498744863104,0.0018230419510314557,10
HNHN,restart,base,37,0.0016844796372851596,2.38303901752503e-05,0.0016606492471099093,0.0017083100274604098,10
HNHN,restart,base,38,0.00158072193182476,2.2531598210228682e-05,0.0015581903336145313,0.0016032535300349886,10
HNHN,restart,base,39,0.0014855650024194035,2.1338814877449888e-05,0.0014642261875419537,0.0015069038172968534,10
HNHN,restart,base,40,0.0013981615055726152,2.0242255971206888e-05,0.0013779192496014084,0.001418403761543822,10
HNHN,restart,base,41,0.0013177599505829927,1.923308969081082e-05,0.001298526860892182,0.0013369930402738035,10
HNHN,restart,base,42,0.0012436923118592734,1.8303338656367778e-05,0.0012253889732029056,0.0012619956505156413,10
HNHN,restart,base,43,0.0011753634706812295,1.744579304201078e-05,0.0011579176776392187,0.0011928092637232403,10
HNHN,restart,base,44,0.0011122421793400953,1.6653933341008502e-05,0.0010955882459990868,0.001128896112681104,10
HNHN,restart,base,45,0.0010538532984227219,1.5921861519197448e-05,0.0010379314369035244,0.0010697751599419193,10
HNHN,restart,base,46,0.0009997711038101618,1.5244239508543327e-05,0.0009845268643016184,0.0010150153433187053,10
HNHN,restart,base,47,0.0009496134964622708,1.4616234151461594e-05,0.0009349972623108092,0.0009642297306137324,10
HNHN,restart,base,48,0.0009030369773133323,1.4033467836559136e-05,0.0008890035094767732,0.0009170704451498914,10
HNHN,restart,base,49,0.0008597322731783822,1.3491974173647817e-05,0.0008462402990047344,0.00087322424735203,10
HNHN,restart,base,50,0.0008194205186690048,1.2988158144796005e-05,0.0008064323605242088,0.0008324086768138008,10
HNHN,restart,base,51,0.0007818499146694056,1.2518760242410858e-05,0.0007693311544269947,0.0007943686749118165,10
HNHN,restart,base,52,0.000746792796649226,1.2080824167660738e-05,0.0007347119724815653,0.0007588736208168867,10
HNHN,restart,base,53,0.0007140430565514483,1.1671667715179157e-05,0.0007023713888362692,0.0007257147242666275,10
HNHN,restart,base,54,0.0006834138706333304,1.1288856514685595e-05,0.0006721250141186448,0.000694702727148016,10
HNHN,restart,base,55,0.0006547356928039651,1.0930180338332609e-05,0.0006438055124656324,0.0006656658731422977,10
HNHN,restart,base,56,0.00062785447896994,1.0593631715374333e-05,0.0006172608472545657,0.0006384481106853144,10
HNHN,restart,base,57,0.0006026301128907586,1.027738662407148e-05,0.0005923527262666872,0.0006129074995148301,10
HNHN,restart,base,58,0.0005789350082343214,9.979787055350118e-06,0.0005689552211789712,0.0005889147952896715,10
HNHN,restart,base,59,0.0005566528650515457,9.699325264217632e-06,0.0005469535397873281,0.0005663521903157634,10
HNHN,restart,base,60,0.0005356775618725368,9.434629543816322e-06,0.0005262429323287205,0.0005451121914163531,10
HNHN,restart,base,61,0.0005159121671574511,9.18445137365349e-06,0.0005067277157837976,0.0005250966185311046,10
HNHN,restart,base,62,0.000497268055988931,8.947653808326991e-06,0.000488320402180604,0.0005062157097972579,10
HNHN,restart,base,63,0.00047966411973155717,8.723200986229971e-06,0.0004709409187453272,0.0004883873207177871,10
HNHN,restart,base,64,0.0004630260579579649,8.510148649494177e-06,0.0004545159093084707,0.00047153620660745905,10
HNHN,restart,base,65,0.0004472857432929108,8.307635576991456e-06,0.0004389781077159193,0.00045559337886990226,10
HNHN,restart,base,66,0.00043238065099029434,8.114875841716546e-06,0.00042426577514857776,0.0004404955268320109,10
HNHN,restart,base,67,0.00041825334606264593,7.931151812441847e-06,0.0004103221942502041,0.00042618449787508775,10
HNHN,restart,base,68,0.00040485102165182504,7.755807827266366e-06,0.0003970952138245587,0.0004126068294790914,10
HNHN,restart,base,69,0.0003921250830836262,7.588244473676783e-06,0.00038453683860994943,0.00039971332755730295,10
HNHN,restart,base,70,0.00038003077270443674,7.427913416063658e-06,0.0003726028592883731,0.0003874586861205004,10
HNHN,restart,base,71,0.0003685268311691212,7.274312717360989e-06,0.0003612525184517602,0.0003758011438864822,10
HNHN,restart,base,72,0.0003575751913478304,7.1269826066600465e-06,0.00035044820874117035,0.0003647021739544904,10
HNHN,restart,base,73,0.0003471407014555037,6.98550164934033e-06,0.0003401551998061634,0.00035412620310484405,10
HNHN,restart,base,74,0.00033719087439000015,6.849483280503314e-06,0.00033034139110949684,0.00034404035767050345,10
HNHN,restart,base,75,0.00032769566060030734,6.718572666335006e-06,0.00032097708793397235,0.00033441423326664233,10
HNHN,restart,base,76,0.00031862724210136113,6.592443861493546e-06,0.0003120347982398676,0.0003252196859628547,10
HNHN,restart,base,77,0.00030995984551192735,6.4707972337541435e-06,0.00030348904827817323,0.00031643064274568147,10
HNHN,restart,base,78,0.00030166957222133527,6.3533571299768575e-06,0.0002953162150913584,0.00030802292935131213,10
HNHN,restart,base,79,0.00029373424399347454,6.23986976001732e-06,0.0002874943742334572,0.00029997411375349187,10
HNHN,restart,base,80,0.00028613326249577657,6.130101277508951e-06,0.0002800031612182676,0.00029226336377328555,10
HNHN,restart,base,81,0.000278847481399763,6.023836038523402e-06,0.0002728236453612396,0.00028487131743828645,10
HNHN,restart,base,82,0.00027185908984070676,5.92087502099084e-06,0.0002659382148197159,0.0002777799648616976,10
HNHN,restart,base,83,0.0002651515061491582,5.821034389450216e-06,0.000259330471759708,0.0002709725405386084,10
HNHN,restart,base,84,0.00025870928087846136,5.724144191221468e-06,0.0002529851366872399,0.00026443342506968286,10
HNHN,restart,base,85,0.0002525180082515458,5.6300471714601214e-06,0.0002468879610800857,0.0002581480554230059,10
HNHN,restart,base,86,0.00024656424523867844,5.538597695788433e-06,0.00024102564754289,0.0002521028429344669,10
HNHN,restart,base,87,0.00024083543755673917,5.449660770306993e-06,0.00023538577678643217,0.00024628509832704616,10
HNHN,restart,base,88,0.00023531985195104945,5.363111149789105e-06,0.00022995674080126033,0.00024068296310083857,10
HNHN,restart,base,89,0.00023000651418378783,5.2788325257598685e-06,0.00022472768165802796,0.0002352853467095477,10
HNHN,restart,base,90,0.00022488515220941423,5.196716786970153e-06,0.0002196884354224441,0.00023008186899638438,10
HNHN,restart,base,91,0.00021994614406804243,5.116663345504402e-06,0.00021482948072253804,0.00022506280741354682,10
HNHN,restart,base,92,0.0002151804700729921,5.0385785224163634e-06,0.00021014189155057572,0.00022021904859540847,10
HNHN,restart,base,93,0.00021057966890939404,4.96237498737719e-06,0.00020561729392201686,0.00021554204389677122,10
HNHN,restart,base,94,0.0002061357972972297,4.887971247351172e-06,0.00020124782604987853,0.00021102376854458088,10
HNHN,restart,base,95,0.00020184139290499366,4.815291179793291e-06,0.00019702610172520036,0.00020665668408478697,10
HNHN,restart,base,96,0.0001976894402296831,4.744263606293718e-06,0.0001929451766233894,0.00020243370383597682,10
HNHN,restart,base,97,0.00019367333918538838,4.6748219029828044e-06,0.00018899851728240559,0.00019834816108837118,10
HNHN,restart,base,98,0.00018978687616669218,4.606903644360076e-06,0.0001851799725223321,0.00019439377981105225,10
HNHN,restart,base,99,0.00018602419737466476,4.5404502775265995e-06,0.00018148374709713817,0.00019056464765219134,10
HNHN,restart,base,100,0.00018237978421270775,4.4754068240846505e-06,0.0001779043773886231,0.0001868551910367924,10
HNHN,restart,base,101,0.00017884843057707156,4.411721607225496e-06,0.00017443670896984606,0.00018326015218429707,10
HNHN,restart,base,102,0.00017542522188274777,4.349346001757929e-06,0.00017107587588098983,0.0001797745678845057,10
HNHN,restart,base,103,0.00017210551567978528,4.288234205039735e-06,0.00016781728147474554,0.00017639374988482503,10
HNHN,restart,base,104,0.0001688849237280593,4.228343026962773e-06,0.00016465658070109653,0.00017311326675502206,10
HNHN,restart,base,105,0.0001657592954102671,4.169631697314051e-06,0.00016158966371295305,0.00016992892710758115,10
HNHN,restart,base,106,0.00016272470237356553,4.112061688988685e-06,0.00015861264068457685,0.0001668367640625542,10
HNHN,restart,base,107,0.00015977742429990066,4.055596555671052e-06,0.0001557218277442296,0.00016383302085557172,10
HNHN,restart,base,108,0.00015691393571382292,4.000201782726316e-06,0.0001529137339310966,0.00016091413749654923,10
HNHN,restart,base,109,0.00015413089374450862,3.945844650159127e-06,0.0001501850490943495,0.00015807673839466775,10
HNHN,restart,base,110,0.00015142512676590564,3.892494106599385e-06,0.00014753263265930626,0.00015531762087250502,10
HNHN,restart,base,111,0.00014879362384545824,3.840120653369671e-06,0.00014495350319208858,0.0001526337444988279,10
HNHN,restart,base,112,0.00014623352493780553,3.78869623777255e-06,0.00014244482870003297,0.00015002222117557808,10
HNHN,restart,base,113,0.000143742111765249,3.7381941548142437e-06,0.00014000391761043475,0.00014748030592006325,10
HNHN,restart,base,114,0.0001413167993316976,3.6885889566504395e-06,0.00013762821037504715,0.00014500538828834803,10
HNHN,restart,base,115,0.00013895512802126995,3.639856369103103e-06,0.00013531527165216685,0.00014259498439037305,10
HNHN,restart,base,116,0.0001366547562368085,3.591973214655428e-06,0.00013306278302215307,0.00014024672945146393,10
HNHN,restart,base,117,0.00013441345353726637,3.5449173413836948e-06,0.00013086853619588267,0.00013795837087865007,10
HNHN,restart,base,118,0.00013222909423631554,3.498667557332163e-06,0.00012873042667898337,0.0001357277617936477,10
HNHN,restart,base,119,0.00013009965142760663,3.4532035698810997e-06,0.00012664644785772552,0.00013355285499748774,10
HNHN,restart,base,120,0.00012802319140492804,3.4085059296957637e-06,0.0001246146854752323,0.0001314316973346238,10
HNHN,restart,base,121,0.00012599786844808255,3.3645559788814916e-06,0.00012263331246920107,0.00012936242442696403,10
HNHN,restart,base,122,0.00012402191994764758,3.321335803000846e-06,0.00012070058414464674,0.00012734325575064842,10
HNHN,restart,base,123,0.0001220936618439327,3.2788281866395258e-06,0.00011881483365729317,0.00012537249003057222,10
HNHN,restart,base,124,0.00012021148435740845,3.2370165722338968e-06,0.00011697446778517455,0.00012344850092964234,10
HNHN,restart,base,125,0.00011837384798967872,3.195885021897626e-06,0.00011517796296778109,0.00012156973301157635,10
HNHN,restart,base,126,0.00011657927977571085,3.1554181820073217e-06,0.00011342386159370353,0.00011973469795771818,10
HNHN,restart,base,127,0.00011482636976954266,3.1156012503271618e-06,0.0001117107685192155,0.00011794197101986983,10
HNHN,restart,base,128,0.00011311376774706522,3.076419945471374e-06,0.00011003734780159384,0.0001161901876925366,10
HNHN,restart,base,129,0.00011144018011074437,3.0378604785198184e-06,0.00010840231963222455,0.00011447804058926419,10
HNHN,restart,base,130,0.00010980436698230275,2.9999095266177126e-06,0.00010680445745568504,0.00011280427650892046,10
HNHN,restart,base,131,0.00010820513947044799,2.962554208404651e-06,0.00010524258526204334,0.00011116769367885264,10
HNHN,restart,base,132,0.00010664135710171052,2.925782061130542e-06,0.00010371557504057998,0.00010956713916284106,10
HNHN,restart,base,133,0.000105111925403349,2.8895810193281826e-06,0.00010222234438402082,0.00010800150642267719,10
HNHN,restart,base,134,0.0001036157936281087,2.853939394922766e-06,0.00010076185423318593,0.00010646973302303146,10
HNHN,restart,base,135,0.0001021519526113732,2.818845858668387e-06,9.933310675270481e-05,0.00010497079847004158,10
HNHN,restart,base,136,0.00010071943275194884,2.7842894228106246e-06,9.793514332913822e-05,0.00010350372217475946,10
HNHN,restart,base,137,9.931730210836161e-05,2.7502594248825507e-06,9.656704268347906e-05,0.00010206756153324416,10
HNHN,restart,base,138,9.794466460313756e-05,2.7167455125487877e-06,9.522791909058878e-05,0.00010066141011568634,10
HNHN,restart,base,139,9.660065832808137e-05,2.683737629419363e-06,9.3916920698662e-05,9.928439595750074e-05,10
HNHN,restart,base,140,9.528445394406931e-05,2.651226001761212e-06,9.26332279423081e-05,9.793567994583052e-05,10
HNHN,restart,base,141,9.399525316933555e-05,2.6192011260410763e-06,9.137605204329448e-05,9.661445429537662e-05,10
HNHN,restart,base,142,9.273228735065639e-05,2.587653757238629e-06,9.014463359341776e-05,9.531994110789502e-05,10
HNHN,restart,base,143,9.149481611223189e-05,2.5565748978737777e-06,8.89382412143581e-05,9.405139101010567e-05,10
HNHN,restart,base,144,9.028212607742625e-05,2.5259557876962067e-06,8.775617028973005e-05,9.280808186512245e-05,10
HNHN,restart,base,145,8.909352965886594e-05,2.4957878939895203e-06,8.659774176487642e-05,9.158931755285546e-05,10
HNHN,restart,base,146,8.792836391270352e-05,2.4660629024460593e-06,8.546230101025747e-05,9.039442681514958e-05,10
HNHN,restart,base,147,8.678598945314296e-05,2.4367727085717098e-06,8.434921674457125e-05,8.922276216171466e-05,10
HNHN,restart,base,148,8.566578942358686e-05,2.407909409583381e-06,8.325788001400347e-05,8.807369883317024e-05,10
HNHN,restart,base,149,8.456716852101377e-05,2.3794652967645927e-06,8.218770322424918e-05,8.694663381777836e-05,10
HNHN,restart,base,150,8.34895520704186e-05,2.3514328482473355e-06,8.113811922217126e-05,8.584098491866593e-05,10
HNHN,restart,base,151,8.24323851463626e-05,2.323804722190682e-06,8.010858042417191e-05,8.475618986855328e-05,10
HNHN,restart,base,152,8.139513173887318e-05,2.296573750329047e-06,7.909855798854413e-05,8.369170548920222e-05,10
HNHN,restart,base,153,8.037727396111654e-05,2.2697329318649564e-06,7.810754102925158e-05,8.264700689298149e-05,10
HNHN,restart,base,154,7.937831129643253e-05,2.243275427682955e-06,7.713503586874958e-05,8.162158672411548e-05,10
HNHN,restart,base,155,7.839775988247928e-05,2.217194554863403e-06,7.618056532761588e-05,8.061495443734267e-05,10
HNHN,restart,base,156,7.743515183037861e-05,2.1914837814759385e-06,7.524366804890268e-05,7.962663561185454e-05,10
HNHN,restart,base,157,7.64900345768891e-05,2.166136721634613e-06,7.432389785525449e-05,7.865617129852372e-05,10
HNHN,restart,base,158,7.556197026775814e-05,2.1411471307972365e-06,7.34208231369609e-05,7.770311739855538e-05,10
HNHN,restart,base,159,7.465053517052091e-05,2.1165089012934185e-06,7.253402626922748e-05,7.676704407181433e-05,10
HNHN,restart,base,160,7.375531911512373e-05,2.0922160580665654e-06,7.166310305705716e-05,7.58475351731903e-05,10
HNHN,restart,base,161,7.287592496084821e-05,2.068262754616287e-06,7.080766220623192e-05,7.49441877154645e-05,10
HNHN,restart,base,162,7.201196808810846e-05,2.044643269128562e-06,6.996732481897989e-05,7.405661135723702e-05,10
HNHN,restart,base,163,7.11630759137798e-05,2.0213520007821165e-06,6.914172391299768e-05,7.318442791456192e-05,10
HNHN,restart,base,164,7.032888742880023e-05,1.99838346622005e-06,6.833050396258018e-05,7.232727089502027e-05,10
HNHN,restart,base,165,6.950905275686087e-05,1.975732296176644e-06,6.753332046068423e-05,7.14847850530375e-05,10
HNHN,restart,base,166,6.870323273307373e-05,1.9533932322501303e-06,6.67498395008236e-05,7.065662596532387e-05,10
HNHN,restart,base,167,6.791109850157068e-05,1.931361123812555e-06,6.597973737775812e-05,6.984245962538323e-05,10
HNHN,restart,base,168,6.71323311310496e-05,1.9096309250487384e-06,6.522270020600087e-05,6.904196205609834e-05,10
HNHN,restart,base,169,6.6366621247342e-05,1.8881976921168097e-06,6.44784235552252e-05,6.825481893945881e-05,10
HNHN,restart,base,170,6.561366868212994e-05,1.8670565804233324e-06,6.374661210170661e-05,6.748072526255327e-05,10
HNHN,restart,base,171,6.487318213699068e-05,1.8462028420063796e-06,6.30269792949843e-05,6.671938497899707e-05,10
HNHN,restart,base,172,6.414487886199536e-05,1.8256318230206238e-06,6.231924703897474e-05,6.597051068501598e-05,10
HNHN,restart,base,173,6.342848434813147e-05,1.8053389613187492e-06,6.162314538681273e-05,6.523382330945021e-05,10
HNHN,restart,base,174,6.27237320328614e-05,1.7853197841238464e-06,6.093841224873755e-05,6.450905181698525e-05,10
HNHN,restart,base,175,6.203036301816674e-05,1.7655699057878676e-06,6.026479311237888e-05,6.379593292395461e-05,10
HNHN,restart,base,176,6.13481258004662e-05,1.7460850256316616e-06,5.960204077483454e-05,6.309421082609786e-05,10
HNHN,restart,base,177,6.067677601182742e-05,1.726860925862123e-06,5.8949915085965296e-05,6.240363693768954e-05,10
HNHN,restart,base,178,6.0016076171926286e-05,1.7078934695625532e-06,5.8308182702363734e-05,6.172396964148884e-05,10
HNHN,restart,base,179,5.9365795450236575e-05,1.6891785987524852e-06,5.767661685148409e-05,6.105497404898906e-05,10
HNHN,restart,base,180,5.87257094379616e-05,1.6707123325133416e-06,5.705499710544826e-05,6.0396421770474946e-05,10
HNHN,restart,base,181,5.809559992924515e-05,1.65249076517685e-06,5.6443109164068296e-05,5.9748090694422e-05,10
HNHN,restart,base,182,5.747525471122505e-05,1.6345100645728857e-06,5.584074464665216e-05,5.910976477579793e-05,10
HNHN,restart,base,183,5.6864467362515025e-05,1.6167664703340895e-06,5.524770089218094e-05,5.848123383284911e-05,10
HNHN,restart,base,184,5.6263037059723115e-05,1.5992562922544347e-06,5.466378076746868e-05,5.786229335197755e-05,10
HNHN,restart,base,185,5.567076839163549e-05,1.581975908699185e-06,5.4088792482936303e-05,5.7252744300334676e-05,10
HNHN,restart,base,186,5.508747118071387e-05,1.5649217650639884e-06,5.352254941564988e-05,5.665239294577786e-05,10
HNHN,restart,base,187,5.451296031157304e-05,1.5480903722807178e-06,5.2964869939292325e-05,5.606105068385376e-05,10
HNHN,restart,base,188,5.394705556612271e-05,1.5314783053681413e-06,5.241557726075457e-05,5.547853387149085e-05,10
HNHN,restart,base,189,5.33895814650733e-05,1.5150822020252227e-06,5.187449926304808e-05,5.4904663667098526e-05,10
HNHN,restart,base,190,5.284036711552158e-05,1.498898761265402e-06,5.134146835425618e-05,5.433926587678698e-05,10
HNHN,restart,base,191,5.229924606434579e-05,1.482924742090005e-06,5.081632132225578e-05,5.3782170806435796e-05,10
HNHN,restart,base,192,5.176605615715398e-05,1.4671569621991549e-06,5.029889919495482e-05,5.3233213119353135e-05,10
HNHN,restart,base,193,5.124063940254187e-05,1.4515922967385907e-06,4.978904710580328e-05,5.269223169928046e-05,10
HNHN,restart,base,194,5.0722841841428713e-05,1.4362276770810386e-06,4.928661416434768e-05,5.215906951850975e-05,10
HNHN,restart,base,195,5.0212513421251436e-05,1.4210600896406267e-06,4.879145333161081e-05,5.163357351089206e-05,10
HNHN,restart,base,196,4.970950787480762e-05,1.4060865747191079e-06,4.830342130008851e-05,5.111559444952673e-05,10
HNHN,restart,base,197,4.921368260354862e-05,1.39130422538268e-06,4.782237837816594e-05,5.06049868289313e-05,10
HNHN,restart,base,198,4.8724898565133396e-05,1.3767101863681633e-06,4.734818837876523e-05,5.010160875150156e-05,10
HNHN,restart,base,199,4.824302016506315e-05,1.3623016530174548e-06,4.688071851204569e-05,4.9605321818080604e-05,10
HNHN,restart,base,200,4.776791515222522e-05,1.3480758702392895e-06,4.641983928198593e-05,4.911599102246451e-05,10
HNHN,restart,base,201,4.729945451818293e-05,1.3340301314972155e-06,4.596542438668572e-05,4.863348464968015e-05,10
HNHN,restart,base,202,4.683751240005599e-05,1.320161777822852e-06,4.551735062223314e-05,4.815767417787884e-05,10
HNHN,restart,base,203,4.638196598684327e-05,1.3064681968536556e-06,4.507549778998962e-05,4.7688434183696925e-05,10
HNHN,restart,base,204,4.593269542904662e-05,1.2929468218941767e-06,4.463974860715244e-05,4.7225642250940794e-05,10
HNHN,restart,base,205,4.548958375146123e-05,1.2795951310001478e-06,4.420998862046108e-05,4.676917888246138e-05,10
HNHN,restart,base,206,4.5052516769004136e-05,1.2664106460845673e-06,4.378610612291957e-05,4.63189274150887e-05,10
HNHN,restart,base,207,4.462138300545826e-05,1.2533909320450057e-06,4.3367992073413254e-05,4.5874773937503265e-05,10
HNHN,restart,base,208,4.4196073615015256e-05,1.2405335959115985e-06,4.295554001910366e-05,4.5436607210926854e-05,10
HNHN,restart,base,209,4.3776482306505636e-05,1.227836286014872e-06,4.2548646020490764e-05,4.500431859252051e-05,10
HNHN,restart,base,210,4.336250527020959e-05,1.2152966911729074e-06,4.214720857903669e-05,4.45778019613825e-05,10
HNHN,restart,base,211,4.295404110714689e-05,1.2029125398972042e-06,4.175112856724969e-05,4.415695364704409e-05,10
HNHN,restart,base,212,4.2550990760748715e-05,1.1906815996166372e-06,4.1360309161132076e-05,4.3741672360365355e-05,10
HNHN,restart,base,213,4.215325745081864e-05,1.1786016759189972e-06,4.0974655774899645e-05,4.3331859126737636e-05,10
HNHN,restart,base,214,4.1760746609693984e-05,1.1666706118095829e-06,4.05940759978844e-05,4.2927417221503566e-05,10
HNHN,restart,base,215,4.137336582052285e-05,1.1548862869863264e-06,4.021847953353652e-05,4.252825210750918e-05,10
HNHN,restart,base,216,4.099102475757575e-05,1.143246617130991e-06,3.984777814044476e-05,4.2134271374706744e-05,10
HNHN,restart,base,217,4.061363512851419e-05,1.1317495532159658e-06,3.948188557529823e-05,4.1745384681730156e-05,10
HNHN,restart,base,218,4.0241110618542094e-05,1.1203930808262275e-06,3.912071753771587e-05,4.136150369936832e-05,10
HNHN,restart,base,219,3.98733668363692e-05,1.1091752194960275e-06,3.876419161687317e-05,4.098254205586523e-05,10
HNHN,restart,base,220,3.951032126191815e-05,1.0980940220599355e-06,3.8412227239858214e-05,4.0608415283978085e-05,10
HNHN,restart,base,221,3.9151893195710596e-05,1.087147574017794e-06,3.80647456216928e-05,4.023904076972839e-05,10
HNHN,restart,base,222,3.879800370986985e-05,1.0763339929132701e-06,3.772166971695658e-05,3.987433770278312e-05,10
HNHN,restart,base,223,3.8448575600680335e-05,1.0656514277255628e-06,3.738292417295477e-05,3.9514227028405896e-05,10
HNHN,restart,base,224,3.8103533342646805e-05,1.055098058274027e-06,3.704843528437278e-05,3.915863140092083e-05,10
HNHN,restart,base,225,3.776280304399866e-05,1.0446720946352814e-06,3.6718130949363376e-05,3.880747513863394e-05,10
HNHN,restart,base,226,3.7426312403586456e-05,1.0343717765725247e-06,3.639194062701393e-05,3.846068418015898e-05,10
HNHN,restart,base,227,3.709399066912073e-05,1.0241953729767218e-06,3.606979529614401e-05,3.8118186042097455e-05,10
HNHN,restart,base,228,3.6765768596704644e-05,1.014141181319427e-06,3.5751627415385214e-05,3.7779909778024074e-05,10
HNHN,restart,base,229,3.644157841161403e-05,1.0042075271168545e-06,3.543737088449717e-05,3.744578593873088e-05,10
HNHN,restart,base,230,3.6121353770280806e-05,9.943927634049932e-07,3.512696100687581e-05,3.71157465336858e-05,10
HNHN,restart,base,231,3.580502972343675e-05,9.846952702254703e-07,3.482033445321128e-05,3.678972499366222e-05,10
HNHN,restart,base,232,3.5492542680376926e-05,9.751134541218924e-07,3.451742922625503e-05,3.646765613449882e-05,10
HNHN,restart,base,233,3.518383037430347e-05,9.656457476464466e-07,3.4218184626657024e-05,3.614947612194991e-05,10
HNHN,restart,base,234,3.487883182871207e-05,9.56290608876457e-07,3.3922541219835616e-05,3.583512243758853e-05,10
HNHN,restart,base,235,3.4577487324784867e-05,9.470465209407115e-07,3.363044080384415e-05,3.552453384572558e-05,10
HNHN,restart,base,236,3.4279738369755015e-05,9.379119915553483e-07,3.3341826378199666e-05,3.5217650361310364e-05,10
HNHN,restart,base,237,3.3985527666209515e-05,9.288855525689812e-07,3.3056642113640535e-05,3.4914413218778495e-05,10
HNHN,restart,base,238,3.369479908229822e-05,9.199657595169535e-07,3.2774833322781265e-05,3.461476484181518e-05,10
HNHN,restart,base,239,3.3407497622818156e-05,9.111511911844879e-07,3.249634643163367e-05,3.4318648814002645e-05,10
HNHN,restart,base,240,3.3123569401143383e-05,9.024404491784585e-07,3.2221128951964926e-05,3.402600985032184e-05,10
HNHN,restart,base,241,3.284296161197207e-05,8.93832157507693e-07,3.194912945446438e-05,3.373679376947976e-05,10
HNHN,restart,base,242,3.25656225048632e-05,8.853249621715502e-07,3.168029754269165e-05,3.345094746703475e-05,10
HNHN,restart,base,243,3.2291501358536555e-05,8.769175307565785e-07,3.141458382777998e-05,3.316841888929313e-05,10
HNHN,restart,base,244,3.202054845591064e-05,8.686085520411345e-07,3.1151939903869504e-05,3.2889157007951775e-05,10
HNHN,restart,base,245,3.175271505985402e-05,8.603967356077258e-07,3.089231832424629e-05,3.2613111795461744e-05,10
HNHN,restart,base,246,3.148795338962677e-05,8.522808114629351e-07,3.063567257816384e-05,3.2340234201089707e-05,10
HNHN,restart,base,247,3.122621659798911e-05,8.442595296647757e-07,3.0381957068324338e-05,3.207047612765389e-05,10
HNHN,restart,base,248,3.096745874895568e-05,8.363316599572628e-07,3.013112708899842e-05,3.180379040891294e-05,10
HNHN,restart,base,249,3.0711634796174405e-05,8.284959914121131e-07,2.9883138804762292e-05,3.154013078758652e-05,10
HNHN,restart,base,250,3.0458700561909697e-05,8.207513320773851e-07,2.963794922983231e-05,3.1279451893987084e-05,10
HNHN,restart,base,251,3.0208612716610606e-05,8.130965086328624e-07,2.9395516207977743e-05,3.102170922524347e-05,10
HNHN,restart,base,252,2.9961328759045076e-05,8.055303660521797e-07,2.9155798392992897e-05,3.076685912509726e-05,10
HNHN,restart,base,253,2.9716806996982356e-05,7.980517672713401e-07,2.8918755229711017e-05,3.0514858764253695e-05,10
HNHN,restart,base,254,2.9475006528406052e-05,7.906595928637165e-07,2.8684346935542335e-05,3.026566612126977e-05,10
HNHN,restart,base,255,2.923588722324106e-05,7.833527407211869e-07,2.8452534482519873e-05,3.0019239963962246e-05,10
HNHN,restart,base,256,2.8999409705578188e-05,7.761301257414608e-07,2.8223279579836726e-05,2.977553983131965e-05,10
HNHN,restart,restart,0,1.0,0.0,1.0,1.0,10
HNHN,restart,restart,1,0.5405123090676516,0.000843935548740072,0.5396683735189115,0.5413562446163916,10
HNHN,restart,restart,2,0.3435366461226151,0.0008584186075056803,0.3426782275151094,0.34439506473012077,10
HNHN,restart,restart,3,0.24750825477204336,0.0007577819629342865,0.24675047280910908,0.24826603673497763,10
HNHN,restart,restart,4,0.19552152016764995,0.0006632238309263682,0.19485829633672358,0.19618474399857633,10
HNHN,restart,restart,5,0.16502770754992174,0.000589957804057537,0.1644377497458642,0.1656176653539793,10
HNHN,restart,restart,6,0.1460339810613973,0.0005351948418081513,0.14549878621958917,0.14656917590320545,10
HNHN,restart,restart,7,0.1336534473263676,0.0004943029403512245,0.1331591443860164,0.13414775026671882,10
HNHN,restart,restart,8,0.1252933213398161,0.0004635190196586853,0.12482980232015742,0.1257568403594748,10
HNHN,restart,restart,9,0.1194856236894675,0.0004401101131348328,0.11904551357633267,0.11992573380260232,10
HNHN,restart,restart,10,0.11535547291417012,0.00042213125598942574,0.11493334165818068,0.11577760417015955,10
HNHN,restart,restart,11,0.11235968176940352,0.00040819244883663077,0.11195148932056688,0.11276787421824015,10
HNHN,restart,restart,12,0.11014955515111564,0.0003972900427341945,0.10975226510838144,0.11054684519384984,10
HNHN,restart,restart,13,0.10849491105559314,0.00038869151762845977,0.10810621953796468,0.1088836025732216,10
HNHN,restart,restart,14,0.10724012295036219,0.00038185691162594907,0.10685826603873623,0.10762197986198814,10
HNHN,restart,restart,15,0.10627775328196283,0.00037638455849257066,0.10590136872347027,0.1066541378404554,10
HNHN,restart,restart,16,0.10553225128382182,0.0003719730776227005,0.10516027820619912,0.10590422436144452,10
HNHN,restart,restart,17,0.1049496074625691,0.00036839442974507375,0.10458121303282403,0.10531800189231416,10
HNHN,restart,restart,18,0.10449063671633543,0.00036547463569989503,0.10412516208063553,0.10485611135203533,10
HNHN,restart,restart,19,0.10412652782565257,0.0003630798709640838,0.10376344795468849,0.10448960769661665,10
HNHN,restart,restart,20,0.10383584005217164,0.0003611063669715975,0.10347473368520005,0.10419694641914323,10
HNHN,restart,restart,21,0.10360244220516282,0.00035947302760807063,0.10324296917755475,0.10396191523277089,10
HNHN,restart,restart,22,0.10341407665025157,0.00035811599409569736,0.10305596065615587,0.10377219264434727,10
HNHN,restart,restart,23,0.10326134459642897,0.000356984616057013,0.10290435998037195,0.10361832921248598,10
HNHN,restart,restart,24,0.10313697971831896,0.0003560384433292116,0.10278094127498975,0.10349301816164817,10
HNHN,restart,restart,25,0.1030353219205429,0.0003552449632393201,0.10268007695730358,0.10339056688378223,10
HNHN,restart,restart,26,0.1029519318542856,0.0003545778857717058,0.1025973539685139,0.1033065097400573,10
HNHN,restart,restart,27,0.10288330563035944,0.0003540158341141256,0.10252928979624532,0.10323732146447356,10
HNHN,restart,restart,28,0.10282666167099055,0.0003535413372206332,0.10247312033376992,0.1031802030082112,10
HNHN,restart,restart,29,0.10277978005076475,0.00035314004898622485,0.10242664000177854,0.10313292009975097,10
HNHN,restart,restart,30,0.10274088040746124,0.00035280013868352735,0.10238808026877771,0.10309368054614476,10
HNHN,restart,restart,31,0.10270852845645044,0.0003525118117703344,0.10235601664468011,0.10306104026822077,10
HNHN,restart,restart,32,0.10268156390055942,0.0003522669306567228,0.1023292969699027,0.10303383083121614,10
HNHN,restart,restart,33,0.10265904447272875,0.00035205871266063296,0.10230698576006812,0.10301110318538938,10
HNHN,restart,restart,34,0.10264020223492823,0.00035188148798410014,0.10228832074694413,0.10299208372291233,10
HNHN,restart,restart,35,0.10262440925394686,0.00035173050467652916,0.10227267874927033,0.1029761397586234,10
HNHN,restart,restart,36,0.10261115049850003,0.00035160177062332904,0.10225954872787671,0.10296275226912335,10
HNHN,restart,restart,37,0.10260000233202511,0.00035149192489283463,0.10224851040713227,0.10295149425691795,10
HNHN,restart,restart,38,0.10259061536664586,0.0003513981325022429,0.10223921723414361,0.10294201349914811,10
HNHN,restart,restart,39,0.10258270073464479,0.00035131799797103824,0.10223138273667375,0.10293401873261583,10
HNHN,restart,restart,40,0.10257601905165589,0.000351249494027306,0.10222476955762859,0.1029272685456832,10
HNHN,restart,restart,41,0.10257037151010359,0.00035119090259785684,0.10221918060750573,0.10292156241270145,10
HNHN,restart,restart,42,0.10256559266613938,0.00035114076580281147,0.10221445190033657,0.10291673343194219,10
HNHN,restart,restart,43,0.10256154457858109,0.0003510978451349791,0.1022104467334461,0.10291264242371607,10
HNHN,restart,restart,44,0.10255811203153065,0.0003510610873625211,0.10220705094416813,0.10290917311889317,10
HNHN,restart,restart,45,0.10255519862886091,0.00035102959597536887,0.10220416903288554,0.10290622822483628,10
HNHN,restart,restart,46,0.10255272359264282,0.0003510026072190991,0.10220172098542372,0.10290372619986192,10
HNHN,restart,restart,47,0.1025506191318212,0.00035097946993716304,0.10219963966188404,0.10290159860175836,10
HNHN,restart,restart,48,0.10254882827428984,0.0003509596285839487,0.10219786864570589,0.10289978790287378,10
HNHN,restart,restart,49,0.1025473030766511,0.00035094260888545126,0.10219636046776565,0.10289824568553654,10
HNHN,restart,restart,50,0.10254600314266071,0.00035092800571565324,0.10219507513694506,0.10289693114837636,10
HNHN,restart,restart,51,0.10254489439462788,0.0003509154728320745,0.10219397892179581,0.10289580986745996,10
HNHN,restart,restart,52,0.10254394805261906,0.0003509047141739278,0.10219304333844513,0.10289485276679299,10
HNHN,restart,restart,53,0.10254313978477411,0.000350895476476563,0.10219224430829756,0.10289403526125067,10
HNHN,restart,restart,54,0.10254244899883506,0.00035088754299638866,0.10219156145583867,0.10289333654183146,10
HNHN,restart,restart,55,0.10254185825045777,0.0003508807281743141,0.10219097752228345,0.10289273897863208,10
HNHN,restart,restart,56,0.10254135274829432,0.0003508748730931528,0.10219047787520116,0.10289222762138747,10
HNHN,restart,restart,57,0.10254091993941535,0.0003508698416081339,0.10219005009780721,0.10289178978102348,10
HNHN,restart,restart,58,0.10254054916154924,0.00035086551704802534,0.10218968364450122,0.10289141467859726,10
HNHN,restart,restart,59,0.1025402313509862,0.00035086179940131354,0.10218936955158488,0.10289109315038751,10
HNHN,restart,restart,60,0.10253995879693023,0.00035085860291424545,0.10218910019401599,0.10289081739984447,10
HNHN,restart,restart,61,0.10253972493466797,0.00035085585403959286,0.10218886908062838,0.10289058078870755,10
HNHN,restart,restart,62,0.10253952417122303,0.0003508534896841069,0.10218867068153892,0.10289037766090714,10
HNHN,restart,restart,63,0.10253935173823561,0.00035085145571008903,0.10218850028252552,0.1028902031939457,10
HNHN,restart,restart,64,0.10253920356768795,0.00035084970565427197,0.10218835386203368,0.10289005327334222,10
HNHN,restart,restart,65,0.10253907618682492,0.0003508481996314428,0.10218822798719349,0.10288992438645636,10
HNHN,restart,restart,66,0.10253896662922155,0.00035084690339640486,0.10218811972582514,0.10288981353261795,10
HNHN,restart,restart,67,0.10253887235944885,0.00035084578754069755,0.10218802657190815,0.10288971814698955,10
HNHN,restart,restart,68,0.10253879120920321,0.00035084482680471134,0.1021879463823985,0.10288963603600793,10
HNHN,restart,restart,69,0.10253872132311119,0.00035084399948846155,0.10218787732362272,0.10288956532259966,10
HNHN,restart,restart,70,0.10253866111270668,0.00035084328694661105,0.10218781782576007,0.10288950439965329,10
HNHN,restart,restart,71,0.10253860921731917,0.00035084267315573685,0.10218776654416342,0.10288945189047491,10
HNHN,restart,restart,72,0.10253856447081047,0.00035084214434324675,0.10218772232646722,0.10288940661515372,10
HNHN,restart,restart,73,0.10253852587326562,0.00035084168866924133,0.10218768418459638,0.10288936756193486,10
HNHN,restart,restart,74,0.1025384925668839,0.00035084129595361677,0.10218765127093028,0.10288933386283751,10
HNHN,restart,restart,75,0.10253846381543312,0.00035084095744195774,0.10218762285799116,0.10288930477287508,10
HNHN,restart,restart,76,0.10253843898672962,0.00035084066560464686,0.10218759832112498,0.10288927965233427,10
HNHN,restart,restart,77,0.10253841753768944,0.00035084041396450015,0.10218757712372493,0.10288925795165395,10
HNHN,restart,restart,78,0.10253839900156514,0.0003508401969487573,0.10218755880461639,0.1028892391985139,10
HNHN,restart,restart,79,0.10253838297704339,0.000350840009762004,0.10218754296728139,0.10288922298680539,10
HNHN,restart,restart,80,0.10253836911892615,0.000350839848277158,0.10218752927064899,0.10288920896720331,10
HNHN,restart,restart,81,0.10253835713016153,0.0003508397089417165,0.10218751742121981,0.10288919683910325,10
HNHN,restart,restart,82,0.10253834675502502,0.00035083958869730415,0.10218750716632771,0.10288918634372232,10
HNHN,restart,restart,83,0.10253833777328221,0.000350839484910502,0.1021874982883717,0.10288917725819272,10
HNHN,restart,restart,84,0.10253832999518944,0.0003508393953134782,0.10218749059987596,0.10288916939050292,10
HNHN,restart,restart,85,0.10253832325720943,0.0003508393179529047,0.10218748393925653,0.10288916257516234,10
HNHN,restart,restart,86,0.10253831741833874,0.00035083925114606616,0.10218747816719267,0.10288915666948481,10
HNHN,restart,restart,87,0.10253831235695751,0.00035083919344318674,0.10218747316351433,0.1028891515504007,10
HNHN,restart,restart,88,0.10253830796812638,0.00035083914359491887,0.10218746882453146,0.1028891471117213,10
HNHN,restart,restart,89,0.10253830416126604,0.00035083910052453204,0.1021874650607415,0.10288914326179058,10
HNHN,restart,restart,90,0.10253830085816432,0.0003508390633038591,0.10218746179486046,0.10288913992146817,10
HNHN,restart,restart,91,0.10253829799126393,0.00035083903113268766,0.10218745896013125,0.10288913702239662,10
HNHN,restart,restart,92,0.10253829550219071,0.00035083900332101575,0.10218745649886969,0.10288913450551172,10
HNHN,restart,restart,93,0.10253829334048806,0.0003508389792737862,0.10218745436121426,0.10288913231976185,10
HNHN,restart,restart,94,0.10253829146252827,0.00035083895847769377,0.10218745250405058,0.10288913042100596,10
HNHN,restart,restart,95,0.10253828983057563,0.00035083894048994717,0.10218745089008568,0.10288912877106557,10
HNHN,restart,restart,96,0.10253828841198001,0.00035083892492845237,0.10218744948705157,0.10288912733690846,10
HNHN,restart,restart,97,0.1025382871784821,0.00035083891146348413,0.10218744826701862,0.10288912608994558,10
HNHN,restart,restart,98,0.10253828610561508,0.000350838899810442,0.10218744720580464,0.10288912500542552,10
HNHN,restart,restart,99,0.10253828517218881,0.0003508388897236316,0.10218744628246518,0.10288912406191245,10
HNHN,restart,restart,100,0.10253828435984517,0.0003508388809909195,0.10218744547885425,0.1028891232408361,10
HNHN,restart,restart,101,0.10253828365267463,0.00035083887342911264,0.10218744477924552,0.10288912252610374,10
HNHN,restart,restart,102,0.10253828303688525,0.00035083886687999483,0.10218744417000526,0.10288912190376524,10
HNHN,restart,restart,103,0.10253828250051726,0.0003508388612068497,0.10218744363931041,0.10288912136172411,10
HNHN,restart,restart,104,0.10253828203319626,0.0003508388562916031,0.10218744317690466,0.10288912088948786,10
HNHN,restart,restart,105,0.10253828162592063,0.0003508388520321758,0.10218744277388846,0.1028891204779528,10
HNHN,restart,restart,106,0.10253828127087723,0.00035083884834037426,0.10218744242253686,0.10288912011921761,10
HNHN,restart,restart,107,0.1025382809612827,0.0003508388451399433,0.10218744211614275,0.10288911980642265,10
HNHN,restart,restart,108,0.10253828069124585,0.0003508388423649247,0.10218744184888093,0.10288911953361077,10
HNHN,restart,restart,109,0.10253828045564876,0.0003508388399583296,0.10218744161569043,0.1028891192956071,10
HNHN,restart,restart,110,0.10253828025004416,0.0003508388378708256,0.10218744141217334,0.10288911908791498,10
HNHN,restart,restart,111,0.10253828007056631,0.0003508388360597554,0.10218744123450656,0.10288911890662607,10
HNHN,restart,restart,112,0.10253827991385393,0.0003508388344882103,0.10218744107936573,0.10288911874834214,10
HNHN,restart,restart,113,0.10253827977698371,0.00035083883312422566,0.10218744094385948,0.10288911861010794,10
HNHN,restart,restart,114,0.10253827965741236,0.0003508388319401844,0.10218744082547217,0.10288911848935255,10
HNHN,restart,restart,115,0.10253827955292664,0.00035083883091212547,0.10218744072201452,0.10288911838383877,10
HNHN,restart,restart,116,0.1025382794616001,0.00035083883001932006,0.10218744063158078,0.10288911829161942,10
HNHN,restart,restart,117,0.10253827938175523,0.00035083882924381816,0.10218744055251142,0.10288911821099905,10
HNHN,restart,restart,118,0.10253827931193107,0.00035083882857009103,0.10218744048336098,0.10288911814050117,10
HNHN,restart,restart,119,0.10253827925085483,0.0003508388279846498,0.10218744042287019,0.10288911807883948,10
HNHN,restart,restart,120,0.10253827919741734,0.0003508388274758331,0.10218744036994151,0.10288911802489317,10
HNHN,restart,restart,121,0.10253827915065186,0.0003508388270335194,0.10218744032361834,0.10288911797768538,10
HNHN,restart,restart,122,0.1025382791097154,0.00035083882664892706,0.10218744028306648,0.10288911793636432,10
HNHN,restart,restart,123,0.10253827907387285,0.0003508388263144712,0.10218744024755838,0.10288911790018732,10
HNHN,restart,restart,124,0.10253827904248285,0.0003508388260235569,0.10218744021645929,0.10288911786850641,10
HNHN,restart,restart,125,0.10253827901498583,0.00035083882577045393,0.10218744018921537,0.10288911784075629,10
HNHN,restart,restart,126,0.10253827899089338,0.0003508388255502063,0.10218744016534317,0.10288911781644358,10
HNHN,restart,restart,127,0.102538278969779,0.0003508388253585228,0.10218744014442048,0.10288911779513753,10
HNHN,restart,restart,128,0.1025382789512704,0.00035083882519164024,0.10218744012607876,0.10288911777646205,10
HNHN,restart,restart,129,0.10253827893504228,0.0003508388250463498,0.10218744010999593,0.10288911776008862,10
HNHN,restart,restart,130,0.1025382789208105,0.0003508388249197912,0.1021874400958907,0.10288911774573029,10
HNHN,restart,restart,131,0.10253827890832663,0.0003508388248095699,0.10218744008351706,0.1028891177331362,10
HNHN,restart,restart,132,0.10253827889737362,0.00035083882471353424,0.10218744007266008,0.10288911772208716,10
HNHN,restart,restart,133,0.10253827888776164,0.0003508388246298486,0.1021874400631318,0.10288911771239148,10
HNHN,restart,restart,134,0.10253827887932468,0.00035083882455689836,0.10218744005476778,0.10288911770388158,10
HNHN,restart,restart,135,0.1025382788719175,0.00035083882449330736,0.10218744004742418,0.1028891176964108,10
HNHN,restart,restart,136,0.102538278865413,0.00035083882443785866,0.10218744004097514,0.10288911768985086,10
HNHN,restart,restart,137,0.10253827885970006,0.00035083882438950037,0.10218744003531055,0.10288911768408956,10
HNHN,restart,restart,138,0.10253827885468123,0.0003508388243473098,0.10218744003033392,0.10288911767902853,10
HNHN,restart,restart,139,0.10253827885027136,0.00035083882431051206,0.10218744002596085,0.10288911767458188,10
HNHN,restart,restart,140,0.10253827884639569,0.000350838824278388,0.1021874400221173,0.10288911767067407,10
HNHN,restart,restart,141,0.10253827884298883,0.00035083882425034047,0.10218744001873849,0.10288911766723917,10
HNHN,restart,restart,142,0.10253827883999353,0.00035083882422586455,0.10218744001576767,0.10288911766421939,10
HNHN,restart,restart,143,0.10253827883735951,0.00035083882420449173,0.10218744001315502,0.102889117661564,10
HNHN,restart,restart,144,0.10253827883504274,0.00035083882418582133,0.10218744001085692,0.10288911765922856,10
HNHN,restart,restart,145,0.10253827883300466,0.0003508388241695092,0.10218744000883516,0.10288911765717416,10
HNHN,restart,restart,146,0.10253827883121136,0.0003508388241552551,0.10218744000705611,0.10288911765536661,10
HNHN,restart,restart,147,0.10253827882963315,0.00035083882414279537,0.10218744000549035,0.10288911765377595,10
HNHN,restart,restart,148,0.10253827882824403,0.0003508388241319057,0.10218744000411212,0.10288911765237593,10
HNHN,restart,restart,149,0.10253827882702102,0.0003508388241223838,0.10218744000289863,0.1028891176511434,10
HNHN,restart,restart,150,0.10253827882594413,0.0003508388241140667,0.10218744000183007,0.10288911765005819,10
HNHN,restart,restart,151,0.10253827882499573,0.0003508388241067935,0.10218744000088895,0.10288911764910252,10
HNHN,restart,restart,152,0.1025382788241603,0.00035083882410042155,0.10218744000005989,0.10288911764826073,10
HNHN,restart,restart,153,0.1025382788234243,0.0003508388240948363,0.10218743999932946,0.10288911764751914,10
HNHN,restart,restart,154,0.10253827882277575,0.00035083882408996133,0.10218743999868579,0.1028891176468657,10
HNHN,restart,restart,155,0.10253827882220419,0.00035083882408568177,0.10218743999811851,0.10288911764628987,10
HNHN,restart,restart,156,0.10253827882170038,0.0003508388240819505,0.10218743999761844,0.10288911764578233,10
HNHN,restart,restart,157,0.10253827882125621,0.0003508388240786767,0.10218743999717754,0.10288911764533488,10
HNHN,restart,restart,158,0.10253827882086455,0.00035083882407580376,0.10218743999678875,0.10288911764494035,10
HNHN,restart,restart,159,0.10253827882051916,0.0003508388240732911,0.10218743999644588,0.10288911764459245,10
HNHN,restart,restart,160,0.10253827882021452,0.00035083882407109415,0.10218743999614342,0.10288911764428561,10
HNHN,restart,restart,161,0.10253827881994575,0.0003508388240691531,0.1021874399958766,0.1028891176440149,10
HNHN,restart,restart,162,0.10253827881970863,0.00035083882406746093,0.10218743999564117,0.10288911764377609,10
HNHN,restart,restart,163,0.10253827881949935,0.00035083882406598225,0.10218743999543337,0.10288911764356534,10
HNHN,restart,restart,164,0.10253827881931465,0.0003508388240646834,0.10218743999524997,0.10288911764337934,10
HNHN,restart,restart,165,0.10253827881915163,0.00035083882406353504,0.1021874399950881,0.10288911764321516,10
HNHN,restart,restart,166,0.1025382788190077,0.00035083882406253595,0.10218743999494517,0.10288911764307024,10
HNHN,restart,restart,167,0.10253827881888058,0.00035083882406166403,0.10218743999481893,0.10288911764294224,10
HNHN,restart,restart,168,0.10253827881876836,0.00035083882406088823,0.10218743999470746,0.10288911764282925,10
HNHN,restart,restart,169,0.1025382788186692,0.00035083882406020654,0.102187439994609,0.1028891176427294,10
HNHN,restart,restart,170,0.10253827881858164,0.0003508388240596154,0.10218743999452203,0.10288911764264126,10
HNHN,restart,restart,171,0.10253827881850426,0.00035083882405908986,0.10218743999444517,0.10288911764256335,10
HNHN,restart,restart,172,0.10253827881843589,0.0003508388240586378,0.10218743999437725,0.10288911764249452,10
HNHN,restart,restart,173,0.10253827881837548,0.00035083882405822234,0.10218743999431726,0.10288911764243369,10
HNHN,restart,restart,174,0.10253827881832207,0.000350838824057876,0.1021874399942642,0.10288911764237994,10
HNHN,restart,restart,175,0.10253827881827486,0.00035083882405755935,0.1021874399942173,0.10288911764233243,10
HNHN,restart,restart,176,0.10253827881823312,0.0003508388240572819,0.10218743999417583,0.1028891176422904,10
HNHN,restart,restart,177,0.10253827881819622,0.00035083882405705465,0.10218743999413916,0.10288911764225327,10
HNHN,restart,restart,178,0.10253827881816358,0.0003508388240568335,0.10218743999410675,0.1028891176422204,10
HNHN,restart,restart,179,0.10253827881813474,0.0003508388240566544,0.10218743999407809,0.10288911764219139,10
HNHN,restart,restart,180,0.10253827881810917,0.0003508388240564855,0.10218743999405269,0.10288911764216566,10
HNHN,restart,restart,181,0.1025382788180866,0.0003508388240563379,0.10218743999403025,0.10288911764214294,10
HNHN,restart,restart,182,0.10253827881806661,0.0003508388240562128,0.10218743999401039,0.10288911764212283,10
HNHN,restart,restart,183,0.10253827881804893,0.00035083882405610587,0.10218743999399282,0.10288911764210504,10
HNHN,restart,restart,184,0.10253827881803328,0.0003508388240560081,0.10218743999397727,0.10288911764208929,10
HNHN,restart,restart,185,0.10253827881801943,0.00035083882405591266,0.10218743999396351,0.10288911764207534,10
HNHN,restart,restart,186,0.10253827881800717,0.0003508388240558429,0.10218743999395133,0.10288911764206302,10
HNHN,restart,restart,187,0.1025382788179963,0.00035083882405577665,0.10218743999394053,0.10288911764205208,10
HNHN,restart,restart,188,0.10253827881798672,0.000350838824055719,0.102187439993931,0.10288911764204244,10
HNHN,restart,restart,189,0.10253827881797817,0.0003508388240556659,0.1021874399939225,0.10288911764203383,10
HNHN,restart,restart,190,0.10253827881797066,0.0003508388240556172,0.10218743999391504,0.10288911764202628,10
HNHN,restart,restart,191,0.10253827881796398,0.00035083882405558784,0.10218743999390839,0.10288911764201958,10
HNHN,restart,restart,192,0.10253827881795807,0.0003508388240555397,0.10218743999390253,0.10288911764201361,10
HNHN,restart,restart,193,0.10253827881795281,0.0003508388240555121,0.1021874399938973,0.10288911764200832,10
HNHN,restart,restart,194,0.10253827881794816,0.00035083882405548397,0.10218743999389268,0.10288911764200365,10
HNHN,restart,restart,195,0.10253827881794406,0.0003508388240554537,0.1021874399938886,0.10288911764199951,10
HNHN,restart,restart,196,0.10253827881794045,0.00035083882405543616,0.10218743999388501,0.10288911764199589,10
HNHN,restart,restart,197,0.1025382788179372,0.00035083882405541946,0.10218743999388179,0.10288911764199261,10
HNHN,restart,restart,198,0.10253827881793436,0.00035083882405540705,0.10218743999387894,0.10288911764198977,10
HNHN,restart,restart,199,0.1025382788179318,0.0003508388240553897,0.10218743999387642,0.10288911764198719,10
HNHN,restart,restart,200,0.10253827881792954,0.000350838824055369,0.10218743999387417,0.10288911764198491,10
HNHN,restart,restart,201,0.10253827881792754,0.00035083882405536406,0.10218743999387218,0.1028891176419829,10
HNHN,restart,restart,202,0.1025382788179258,0.0003508388240553431,0.10218743999387045,0.10288911764198114,10
HNHN,restart,restart,203,0.10253827881792424,0.000350838824055342,0.1021874399938689,0.10288911764197958,10
HNHN,restart,restart,204,0.10253827881792284,0.0003508388240553366,0.10218743999386751,0.10288911764197817,10
HNHN,restart,restart,205,0.10253827881792159,0.000350838824055324,0.10218743999386626,0.10288911764197692,10
HNHN,restart,restart,206,0.1025382788179205,0.00035083882405531814,0.10218743999386519,0.10288911764197582,10
HNHN,restart,restart,207,0.10253827881791955,0.000350838824055315,0.10218743999386423,0.10288911764197486,10
HNHN,restart,restart,208,0.10253827881791869,0.0003508388240553076,0.10218743999386339,0.10288911764197399,10
HNHN,restart,restart,209,0.10253827881791791,0.0003508388240553059,0.10218743999386261,0.10288911764197321,10
HNHN,restart,restart,210,0.10253827881791724,0.0003508388240552894,0.10218743999386196,0.10288911764197253,10
HNHN,restart,restart,211,0.10253827881791662,0.0003508388240553056,0.10218743999386132,0.10288911764197192,10
HNHN,restart,restart,212,0.1025382788179161,0.00035083882405529765,0.1021874399938608,0.10288911764197141,10
HNHN,restart,restart,213,0.10253827881791562,0.0003508388240552987,0.10218743999386032,0.10288911764197092,10
HNHN,restart,restart,214,0.10253827881791522,0.0003508388240552871,0.10218743999385993,0.1028891176419705,10
HNHN,restart,restart,215,0.10253827881791482,0.00035083882405528334,0.10218743999385953,0.1028891176419701,10
HNHN,restart,restart,216,0.10253827881791451,0.0003508388240552792,0.10218743999385924,0.10288911764196979,10
HNHN,restart,restart,217,0.10253827881791422,0.0003508388240552806,0.10218743999385894,0.1028891176419695,10
HNHN,restart,restart,218,0.10253827881791396,0.0003508388240552791,0.10218743999385868,0.10288911764196923,10
HNHN,restart,restart,219,0.1025382788179137,0.00035083882405528415,0.10218743999385842,0.102889117641969,10
HNHN,restart,restart,220,0.10253827881791353,0.0003508388240552754,0.10218743999385825,0.1028891176419688,10
HNHN,restart,restart,221,0.10253827881791333,0.0003508388240552799,0.10218743999385806,0.1028891176419686,10
HNHN,restart,restart,222,0.10253827881791314,0.00035083882405527873,0.10218743999385786,0.10288911764196841,10
HNHN,restart,restart,223,0.102538278817913,0.0003508388240552721,0.10218743999385772,0.10288911764196827,10
HNHN,restart,restart,224,0.10253827881791289,0.00035083882405527,0.10218743999385761,0.10288911764196816,10
HNHN,restart,restart,225,0.10253827881791278,0.00035083882405527065,0.1021874399938575,0.10288911764196805,10
HNHN,restart,restart,226,0.10253827881791266,0.000350838824055273,0.10218743999385739,0.10288911764196794,10
HNHN,restart,restart,227,0.1025382788179126,0.00035083882405528713,0.1021874399938573,0.10288911764196788,10
HNHN,restart,restart,228,0.10253827881791251,0.00035083882405527163,0.10218743999385724,0.10288911764196779,10
HNHN,restart,restart,229,0.10253827881791241,0.00035083882405527613,0.10218743999385714,0.10288911764196769,10
HNHN,restart,restart,230,0.10253827881791236,0.0003508388240552801,0.10218743999385708,0.10288911764196763,10
HNHN,restart,restart,231,0.1025382788179123,0.0003508388240552735,0.10218743999385703,0.10288911764196758,10
HNHN,restart,restart,232,0.10253827881791226,0.00035083882405527326,0.10218743999385699,0.10288911764196754,10
HNHN,restart,restart,233,0.10253827881791222,0.00035083882405526957,0.10218743999385695,0.1028891176419675,10
HNHN,restart,restart,234,0.10253827881791218,0.00035083882405527526,0.1021874399938569,0.10288911764196745,10
HNHN,restart,restart,235,0.10253827881791214,0.0003508388240552727,0.10218743999385686,0.10288911764196741,10
HNHN,restart,restart,236,0.10253827881791211,0.00035083882405527315,0.10218743999385684,0.10288911764196738,10
HNHN,restart,restart,237,0.10253827881791207,0.0003508388240552695,0.1021874399938568,0.10288911764196734,10
HNHN,restart,restart,238,0.10253827881791207,0.00035083882405526713,0.10218743999385681,0.10288911764196733,10
HNHN,restart,restart,239,0.10253827881791204,0.0003508388240552753,0.10218743999385677,0.10288911764196731,10
HNHN,restart,restart,240,0.10253827881791203,0.0003508388240552722,0.10218743999385675,0.1028891176419673,10
HNHN,restart,restart,241,0.10253827881791203,0.0003508388240552731,0.10218743999385675,0.1028891176419673,10
HNHN,restart,restart,242,0.102538278817912,0.000350838824055271,0.10218743999385672,0.10288911764196727,10
HNHN,restart,restart,243,0.10253827881791197,0.00035083882405527174,0.1021874399938567,0.10288911764196725,10
HNHN,restart,restart,244,0.10253827881791197,0.0003508388240552754,0.1021874399938567,0.10288911764196725,10
HNHN,restart,restart,245,0.10253827881791197,0.00035083882405527645,0.1021874399938567,0.10288911764196725,10
HNHN,restart,restart,246,0.10253827881791196,0.00035083882405526317,0.1021874399938567,0.10288911764196722,10
HNHN,restart,restart,247,0.10253827881791196,0.00035083882405527206,0.10218743999385668,0.10288911764196723,10
HNHN,restart,restart,248,0.10253827881791193,0.00035083882405527786,0.10218743999385665,0.1028891176419672,10
HNHN,restart,restart,249,0.10253827881791193,0.0003508388240552642,0.10218743999385667,0.10288911764196719,10
HNHN,restart,restart,250,0.10253827881791192,0.0003508388240552674,0.10218743999385665,0.10288911764196718,10
HNHN,restart,restart,251,0.10253827881791192,0.00035083882405527076,0.10218743999385664,0.10288911764196719,10
HNHN,restart,restart,252,0.10253827881791189,0.00035083882405526843,0.10218743999385661,0.10288911764196716,10
HNHN,restart,restart,253,0.10253827881791189,0.000350838824055273,0.10218743999385661,0.10288911764196716,10
HNHN,restart,restart,254,0.10253827881791189,0.0003508388240552671,0.10218743999385663,0.10288911764196715,10
HNHN,restart,restart,255,0.10253827881791189,0.0003508388240552688,0.10218743999385661,0.10288911764196716,10
HNHN,restart,restart,256,0.10253827881791189,0.0003508388240552663,0.10218743999385663,0.10288911764196715,10
UniGCN,diagnostics,un,0,1.0,0.0,1.0,1.0,10
UniGCN,diagnostics,un,1,0.45269187407627315,0.0017117663258336472,0.4509801077504395,0.4544036404021068,10
UniGCN,diagnostics,un,2,0.2634476782380714,0.0015972018196650536,0.26185047641840636,0.26504488005773646,10
UniGCN,diagnostics,un,3,0.19852788350865982,0.0015161765322362969,0.19701170697642353,0.20004406004089612,10
UniGCN,diagnostics,un,4,0.1653793078728209,0.0014074453784551101,0.1639718624943658,0.166786753251276,10
UniGCN,diagnostics,un,5,0.14460015551546285,0.0012838343055825267,0.14331632120988033,0.14588398982104536,10
UniGCN,diagnostics,un,6,0.13024283720558624,0.0011632876383117332,0.12907954956727452,0.13140612484389796,10
UniGCN,diagnostics,un,7,0.11970407264545486,0.0010549107716735218,0.11864916187378134,0.12075898341712839,10
UniGCN,diagnostics,un,8,0.11162171059131136,0.0009623307453429598,0.1106593798459684,0.11258404133665433,10
UniGCN,diagnostics,un,9,0.10521138246303627,0.0008862052875703434,0.10432517717546592,0.10609758775060661,10
UniGCN,diagnostics,un,10,0.09999085901213085,0.0008255811740571805,0.09916527783807368,0.10081644018618803,10
UniGCN,diagnostics,un,11,0.09564793306417155,0.0007786623425779822,0.09486927072159357,0.09642659540674953,10
UniGCN,diagnostics,un,12,0.09197163883829021,0.0007432928982568479,0.09122834594003336,0.09271493173654706,10
UniGCN,diagnostics,un,13,0.08881422752677817,0.0007172776792056515,0.08809694984757252,0.08953150520598382,10
UniGCN,diagnostics,un,14,0.08606906302557933,0.0006985854734243704,0.08537047755215496,0.0867676484990037,10
UniGCN,diagnostics,un,15,0.08365719519156142,0.0006854581021572461,0.08297173708940418,0.08434265329371866,10
UniGCN,diagnostics,un,16,0.08151888325200793,0.0006764478480729685,0.08084243540393496,0.0821953311000809,10
UniGCN,diagnostics,un,17,0.07960806089847768,0.0006704073928381333,0.07893765350563954,0.08027846829131581,10
UniGCN,diagnostics,un,18,0.07788861459820307,0.0006664540658923015,0.07722216053231076,0.07855506866409537,10
UniGCN,diagnostics,un,19,0.07633181641341734,0.0006639245426783701,0.07566789187073897,0.07699574095609571,10
UniGCN,diagnostics,un,20,0.07491451329371636,0.0006623298878664649,0.0742521834058499,0.07557684318158282,10
UniGCN,diagnostics,un,21,0.07361782472255579,0.0006613158498715604,0.07295650887268423,0.07427914057242735,10
UniGCN,diagnostics,un,22,0.07242618968086248,0.0006606300752107226,0.07176555960565176,0.0730868197560732,10
UniGCN,diagnostics,un,23,0.07132665842006694,0.0006600961484772353,0.07066656227158971,0.07198675456854417,10
UniGCN,diagnostics,un,24,0.07030835882633965,0.0006595935840840914,0.06964876524225556,0.07096795241042374,10
UniGCN,diagnostics,un,25,0.06936208925163803,0.0006590426737434703,0.06870304657789456,0.07002113192538151,10
UniGCN,diagnostics,un,26,0.0684800042399369,0.000658393142622868,0.06782161109731404,0.06913839738255977,10
UniGCN,diagnostics,un,27,0.06765536935517669,0.0006576157219947221,0.06699775363318196,0.06831298507717141,10
UniGCN,diagnostics,un,28,0.06688236800640919,0.0006566959228590391,0.06622567208355015,0.06753906392926823,10
UniGCN,diagnostics,un,29,0.06615594781585253,0.0006556294564801749,0.06550031835937235,0.06681157727233271,10
UniGCN,diagnostics,un,30,0.06547169735584447,0.000654418881625363,0.06481727847421911,0.06612611623746983,10
UniGCN,diagnostics,un,31,0.06482574642513832,0.0006530711635855392,0.06417267526155278,0.06547881758872386,10
UniGCN,diagnostics,un,32,0.06421468473057286,0.000651595910416584,0.06356308882015628,0.06486628064098944,10
UniGCN,diagnostics,un,33,0.06363549507970602,0.0006500041120896903,0.06298549096761633,0.06428549919179571,10
UniGCN,diagnostics,un,34,0.06308549810511624,0.0006483072529747285,0.062437190852141514,0.06373380535809096,10
UniGCN,diagnostics,un,35,0.06256230622278407,0.0006465167011487325,0.06191578952163534,0.0632088229239328,10
UniGCN,diagnostics,un,36,0.06206378503906296,0.0006446433024471424,0.061419141736615813,0.0627084283415101,10
UniGCN,diagnostics,un,37,0.061588020808452125,0.0006426971252520811,0.06094532368320004,0.06223071793370421,10
UniGCN,diagnostics,un,38,0.06113329284008336,0.000640687315439486,0.060492605524643875,0.06177398015552285,10
UniGCN,diagnostics,un,39,0.06069804997795416,0.0006386220309295966,0.06005942794702456,0.06133667200888376,10
UniGCN,diagnostics,un,40,0.06028089045556625,0.0006365084328081741,0.059644382022758076,0.06091739888837442,10
UniGCN,diagnostics,un,41,0.059880544562329295,0.0006343527156639942,0.059246191846665304,0.060514897277993286,10
UniGCN,diagnostics,un,42,0.05949585966616949,0.000632160164096683,0.05886369950207281,0.06012801983026617,10
UniGCN,diagnostics,un,43,0.059125787221186346,0.000629935225634082,0.05849585199555227,0.059755722446820425,10
UniGCN,diagnostics,un,44,0.058769371456138794,0.0006276815928120586,0.05814168986332673,0.059397053048950856,10
UniGCN,diagnostics,un,45,0.05842573949294809,0.000625402289097427,0.057800337203850666,0.05905114178204551,10
UniGCN,diagnostics,un,46,0.05809409268727017,0.0006230997548155953,0.05747099293245458,0.058717192442085765,10
UniGCN,diagnostics,un,47,0.05777369901779568,0.0006207759303794787,0.0571529230874162,0.05839447494817516,10
UniGCN,diagnostics,un,48,0.0574638863790339,0.0006184323349852785,0.05684545404404862,0.05808231871401918,10
UniGCN,diagnostics,un,49,0.05716403665528108,0.0006160701396016036,0.056547966515679476,0.057780106794882685,10
UniGCN,diagnostics,un,50,0.056873580472311114,0.0006136902335770354,0.05625989023873408,0.05748727070588815,10
UniGCN,diagnostics,un,51,0.056591992538876736,0.000611293284563858,0.05598069925431288,0.05720328582344059,10
UniGCN,diagnostics,un,52,0.05631878750301137,0.0006088797917285597,0.05570990771128281,0.05692766729473993,10
UniGCN,diagnostics,un,53,0.05605351625888179,0.0006064501324160785,0.05544706612646571,0.05665996639129787,10
UniGCN,diagnostics,un,54,0.05579576264895658,0.0006040046025704343,0.055191758046386145,0.05639976725152702,10
UniGCN,diagnostics,un,55,0.05554514051384524,0.0006015434513044769,0.05494359706254076,0.05614668396514971,10
UniGCN,diagnostics,un,56,0.05530129104857816,0.0005990669100651016,0.054702224138513056,0.05590035795864326,10
UniGCN,diagnostics,un,57,0.055063880429545374,0.0005965752168681875,0.05446730521267719,0.05566045564641356,10
UniGCN,diagnostics,un,58,0.05483259768095431,0.0005940686360840881,0.05423852904487022,0.0554266663170384,10
UniGCN,diagnostics,un,59,0.05460715275363766,0.0005915474742476113,0.05401560527939005,0.05519870022788527,10
UniGCN,diagnostics,un,60,0.05438727479245169,0.0005890120923482838,0.053798262700103405,0.05497628688479997,10
UniGCN,diagnostics,un,61,0.054172710571440075,0.0005864629150320693,0.05358624765640801,0.05475917348647214,10
UniGCN,diagnostics,un,62,0.05396322307847372,0.0005839004371162733,0.053379322641357446,0.05454712351558999,10
UniGCN,diagnostics,un,63,0.053758590233272674,0.0005813252277876604,0.05317726500548502,0.05433991546106033,10
UniGCN,diagnostics,un,64,0.053558603724622934,0.0005787379328210261,0.05297986579180191,0.05413734165744396,10
UniGCN,diagnostics,un,65,0.05336306795426025,0.0005761392751228127,0.05278692867913744,0.05393920722938306,10
UniGCN,diagnostics,un,66,0.053171799076341154,0.0005735300538726125,0.052598269022468544,0.053745329130213765,10
UniGCN,diagnostics,un,67,0.05298462412268675,0.0005709111425051324,0.05241371298018162,0.053555535265191884,10
UniGCN,diagnostics,un,68,0.05280138020509366,0.0005682834857468933,0.05223309671934677,0.05336966369084055,10
UniGCN,diagnostics,un,69,0.0526219137869788,0.0005656480958953759,0.052056265691083424,0.05318756188287418,10
UniGCN,diagnostics,un,70,0.0524460800174801,0.0005630060485043445,0.051883073968975756,0.053009086065984444,10
UniGCN,diagnostics,un,71,0.052273742121887457,0.0005603584776169848,0.05171338364427047,0.05283410059950444,10
UniGCN,diagnostics,un,72,0.05210477084294211,0.0005577065706686392,0.051547064272273464,0.05266247741361075,10
UniGCN,diagnostics,un,73,0.05193904392812813,0.0005550515631633006,0.051383992364964826,0.05249409549129143,10
UniGCN,diagnostics,un,74,0.05177644565859788,0.0005523947332119682,0.051224050925385914,0.05232884039180985,10
UniGCN,diagnostics,un,75,0.05161686641583153,0.0005497373960074156,0.05106712901982412,0.05216660381183895,10
UniGCN,diagnostics,un,76,0.05146020228253691,0.0005470808982970751,0.05091312138423983,0.05200728318083398,10
UniGCN,diagnostics,un,77,0.05130635467465675,0.0005444266129057814,0.05076192806175097,0.051850781287562535,10
UniGCN,diagnostics,un,78,0.05115523000167012,0.0005417759333499967,0.05061345406832012,0.051697005935020114,10
UniGCN,diagnostics,un,79,0.05100673935265966,0.0005391302685777708,0.05046760908408189,0.05154586962123743,10
UniGCN,diagnostics,un,80,0.05086079820586994,0.0005364910378613697,0.05032430716800857,0.051397289243731305,10
UniGCN,diagnostics,un,81,0.050717326159707546,0.0005338596658638363,0.05018346649384371,0.05125118582557138,10
UniGCN,diagnostics,un,82,0.05057624668333521,0.0005312375778955599,0.05004500910543965,0.051107484261230775,10
UniGCN,diagnostics,un,83,0.050437486885192215,0.00052862619537294,0.04990886068981928,0.05096611308056515,10
UniGCN,diagnostics,un,84,0.050300977297933556,0.0005260269314874391,0.049774950366446115,0.050827004229421,10
UniGCN,diagnostics,un,85,0.05016665167842464,0.0005234411870906135,0.04964321049133403,0.050690092865515256,10
UniGCN,diagnostics,un,86,0.05003444682155657,0.0005208703467981442,0.049513576474758424,0.050555317168354715,10
UniGCN,diagnostics,un,87,0.04990430238676263,0.0005183157753139952,0.04938598661144864,0.050422618162076625,10
UniGCN,diagnostics,un,88,0.04977616073622035,0.0005157788139741581,0.04926038192224619,0.05029193955019451,10
UniGCN,diagnostics,un,89,0.04964996678381567,0.0005132607775083435,0.049136706006307325,0.05016322756132401,10
UniGCN,diagnostics,un,90,0.0495256678540304,0.0005107629510167161,0.04901490490301368,0.05003643080504711,10
UniGCN,diagnostics,un,91,0.049403213549988244,0.0005082865871583436,0.0488949269628299,0.04991150013714659,10
UniGCN,diagnostics,un,92,0.04928255562996317,0.0005058329035470237,0.048776722726416144,0.0497883885335102,10
UniGCN,diagnostics,un,93,0.049163647891714346,0.0005034030803502808,0.048660244811364065,0.04966705097206463,10
UniGCN,diagnostics,un,94,0.04904644606406738,0.0005009982580865256,0.04854544780598085,0.049547444322153904,10
UniGCN,diagnostics,un,95,0.048930907705210955,0.0004986195356154254,0.04843228816959553,0.04942952724082638,10
UniGCN,diagnostics,un,96,0.04881699210722322,0.0004962679683165372,0.04832072413890668,0.04931326007553976,10
UniGCN,diagnostics,un,97,0.04870466020638251,0.0004939445664508697,0.048210715639931644,0.04919860477283338,10
UniGCN,diagnostics,un,98,0.04859387449885463,0.0004916502937003658,0.04810222420515427,0.049085524792555,10
UniGCN,diagnostics,un,99,0.04848459896138143,0.000489386065880197,0.04799521289550123,0.04897398502726163,10
UniGCN,diagnostics,un,100,0.048376798976626216,0.0004871527498187359,0.047889646226807484,0.04886395172644495,10
UniGCN,diagnostics,un,101,0.04827044126285922,0.0004849511624002626,0.047785490100458954,0.04875539242525948,10
UniGCN,diagnostics,un,102,0.04816549380769098,0.00048278206976549954,0.04768271173792548,0.04864827587745648,10
UniGCN,diagnostics,un,103,0.048061925805584584,0.00048064618666507185,0.04758127961891951,0.04854257199224966,10
UniGCN,diagnostics,un,104,0.047959707598898435,0.0004785441759610954,0.04748116342293734,0.04843825177485953,10
UniGCN,diagnostics,un,105,0.04785881062223011,0.0004764766482721931,0.04738233397395791,0.048335287270502306,10
UniGCN,diagnostics,un,106,0.04775920734984926,0.0004744441617570979,0.04728476318809216,0.04823365151160636,10
UniGCN,diagnostics,un,107,0.047660871246023126,0.00047244722203231617,0.04718842402399081,0.04813331846805544,10
UniGCN,diagnostics,un,108,0.04756377671805313,0.0004704862822190028,0.04709329043583413,0.04803426300027214,10
UniGCN,diagnostics,un,109,0.04746789907185358,0.00046856174311449994,0.04699933732873908,0.04793646081496808,10
UniGCN,diagnostics,un,110,0.0473732144699163,0.00046667395348369355,0.0469065405164326,0.04783988842339999,10
UniGCN,diagnostics,un,111,0.04727969989151581,0.0004648232104655386,0.04681487668105027,0.047744523101981344,10
UniGCN,diagnostics,un,112,0.04718733309501992,0.0004630097600899569,0.046724323334929964,0.04765034285510988,10
UniGCN,diagnostics,un,113,0.0470960925821801,0.0004612337979002343,0.046634858784279865,0.04755732638008034,10
UniGCN,diagnostics,un,114,0.04700595756428451,0.0004594954696759962,0.04654646209460851,0.047465453033960506,10
UniGCN,diagnostics,un,115,0.04691690793006463,0.0004577948722518714,0.04645911305781276,0.0473747028023165,10
UniGCN,diagnostics,un,116,0.04682892421525382,0.0004561320544267601,0.04637279216082706,0.04728505626968058,10
UniGCN,diagnostics,un,117,0.046741987573702605,0.0004545070179585616,0.04628748055574404,0.04719649459166117,10
UniGCN,diagnostics,un,118,0.046656079749962304,0.00045291971863928635,0.04620316003132302,0.04710899946860159,10
UniGCN,diagnostics,un,119,0.04657118305325366,0.0004513700674451862,0.04611981298580847,0.04702255312069885,10
UniGCN,diagnostics,un,120,0.046487280332743214,0.0004498579317567283,0.04603742240098649,0.04693713826449994,10
UniGCN,diagnostics,un,121,0.04640435495405447,0.0004483831366429858,0.045955971817411484,0.046852738090697454,10
UniGCN,diagnostics,un,122,0.04632239077694597,0.0004469454662050221,0.04587544531074095,0.046769336243150994,10
UniGCN,diagnostics,un,123,0.04624137213409245,0.0004455446649730129,0.045795827469119435,0.04668691679906546,10
UniGCN,diagnostics,un,124,0.046161283810909025,0.0004441804393514673,0.04571710337155756,0.04660546425026049,10
UniGCN,diagnostics,un,125,0.046082111026362435,0.0004428524591073021,0.045639258567255134,0.046524963485469736,10
UniGCN,diagnostics,un,126,0.04600383941471635,0.0004415603588951813,0.04556227905582117,0.04644539977361153,10
UniGCN,diagnostics,un,127,0.04592645500816126,0.0004403037398149686,0.04548615126834629,0.04636675874797623,10
UniGCN,diagnostics,un,128,0.04584994422028211,0.00043908217099571816,0.04541086204928639,0.04628902639127783,10
UniGCN,diagnostics,un,129,0.04577429383031997,0.0004378951912011356,0.045336398639118834,0.04621218902152111,10
UniGCN,diagnostics,un,130,0.04569949096818613,0.00043674231045127997,0.04526274865773485,0.04613623327863741,10
UniGCN,diagnostics,un,131,0.04562552310018987,0.00043562301165542993,0.04518990008853444,0.0460611461118453,10
UniGCN,diagnostics,un,132,0.04555237801544317,0.0004345367522511968,0.045117841263191974,0.04598691476769437,10
UniGCN,diagnostics,un,133,0.04548004381290743,0.00043348296584511467,0.04504656084706231,0.045913526778752545,10
UniGCN,diagnostics,un,134,0.04540850888904996,0.0004324610638500309,0.04497604782519993,0.04584096995289999,10
UniGCN,diagnostics,un,135,0.045337761926079106,0.0004314704371148572,0.04490629148896425,0.04576923236319396,10
UniGCN,diagnostics,un,136,0.04526779188072892,0.0004305104575424214,0.0448372814231865,0.045698302338271345,10
UniGCN,diagnostics,un,137,0.045198587973565865,0.0004295804796912974,0.044769007493874566,0.045628168453257165,10
UniGCN,diagnostics,un,138,0.04513013967879157,0.00042867984235779984,0.04470145983643377,0.045558819521149374,10
UniGCN,diagnostics,un,139,0.04506243671451694,0.0004278078701344596,0.04463462884438248,0.0454902445846514,10
UniGCN,diagnostics,un,140,0.044995469033484434,0.0004269638749415962,0.04456850515854284,0.04542243290842603,10
UniGCN,diagnostics,un,141,0.044929226814216364,0.0004261471575287998,0.044503079656687566,0.04535537397174516,10
UniGCN,diagnostics,un,142,0.0448637004525684,0.00042535700894334673,0.04443834344362505,0.045289057461511746,10
UniGCN,diagnostics,un,143,0.044798880553668555,0.0004245927119629363,0.04437428784170562,0.04522347326563149,10
UniGCN,diagnostics,un,144,0.044734757924222844,0.000423853542490229,0.044310904381732616,0.04515861146671307,10
UniGCN,diagnostics,un,145,0.04467132356516984,0.0004231387709070295,0.04424818479426281,0.04509446233607687,10
UniGCN,diagnostics,un,146,0.04460856866466746,0.0004224476633861275,0.04418612100128133,0.04503101632805359,10
UniGCN,diagnostics,un,147,0.04454648459139581,0.00042177948315912415,0.04412470510823669,0.04496826407455493,10
UniGCN,diagnostics,un,148,0.044485062888160995,0.00042113349173874496,0.04406392939642225,0.04490619637989974,10
UniGCN,diagnostics,un,149,0.04442429526578562,0.00042050895009442516,0.04400378631569119,0.044844804215880045,10
UniGCN,diagnostics,un,150,0.044364173597272155,0.00041990511978011805,0.04394426847749204,0.04478407871705227,10
UniGCN,diagnostics,un,151,0.04430468991222637,0.00041932126401356937,0.043885368648212804,0.04472401117623994,10
UniGCN,diagnostics,un,152,0.04424583639152837,0.00041875664870649477,0.04382707974282187,0.044664593040234866,10
UniGCN,diagnostics,un,153,0.044187605362239604,0.00041821054344523746,0.04376939481879437,0.04460581590568484,10
UniGCN,diagnostics,un,154,0.044129989292734664,0.00041768222242174314,0.04371230707031292,0.04454767151515641,10
UniGCN,diagnostics,un,155,0.0440729807880475,0.00041717096531491065,0.04365580982273259,0.04449015175336241,10
UniGCN,diagnostics,un,156,0.04401657258542161,0.00041667605812237057,0.04359989652729924,0.044433248643543984,10
UniGCN,diagnostics,un,157,0.04396075755005506,0.0004161967939431458,0.04354456075611191,0.04437695434399821,10
UniGCN,diagnostics,un,158,0.04390552867103086,0.0004157324737116063,0.043489796197319255,0.04432126114474247,10
UniGCN,diagnostics,un,159,0.04385087905742442,0.0004152824068833733,0.04343559665054105,0.04426616146430779,10
UniGCN,diagnostics,un,160,0.04379680193457945,0.0004148459120738974,0.04338195602250555,0.04421164784665335,10
UniGCN,diagnostics,un,161,0.043743290640544684,0.0004144223176505982,0.043328868322894086,0.04415771295819528,10
UniGCN,diagnostics,un,162,0.043690338622664124,0.0004140109622795089,0.04327632766038461,0.044104349584943636,10
UniGCN,diagnostics,un,163,0.04363793943431319,0.0004136111954275144,0.043224328238885674,0.044051550629740706,10
UniGCN,diagnostics,un,164,0.0435860867317745,0.0004132223778213107,0.043172864353953185,0.04399930910959581,10
UniGCN,diagnostics,un,165,0.043534774271246614,0.00041284388186428757,0.04312193038938233,0.0439476181531109,10
UniGCN,diagnostics,un,166,0.04348399590597958,0.0004124750920126562,0.043071520813966924,0.04389647099799224,10
UniGCN,diagnostics,un,167,0.04343374558353148,0.0004121154051120911,0.04302163017841939,0.04384586098864358,10
UniGCN,diagnostics,un,168,0.04338401734314039,0.0004117642306962977,0.04297225311244409,0.043795781573836685,10
UniGCN,diagnostics,un,169,0.04333480531320637,0.0004114209912489161,0.04292338432195745,0.04374622630445529,10
UniGCN,diagnostics,un,170,0.04328610370887861,0.0004110851224302089,0.0428750185864484,0.04369718883130882,10
UniGCN,diagnostics,un,171,0.04323790682974258,0.000410756073269853,0.042827150756472726,0.04364866290301243,10
UniGCN,diagnostics,un,172,0.0431902090576029,0.0004104333063275177,0.04277977575127538,0.04360064236393042,10
UniGCN,diagnostics,un,173,0.04314300485435734,0.0004101162978225114,0.04273288855653483,0.04355312115217985,10
UniGCN,diagnostics,un,174,0.043096288759957815,0.0004098045377340408,0.04268648422222378,0.04350609329769185,10
UniGCN,diagnostics,un,175,0.0430500553904544,0.00040949752987353176,0.04264055786058087,0.04345955292032793,10
UniGCN,diagnostics,un,176,0.04300429943611854,0.000409194791930433,0.04259510464418811,0.04341349422804897,10
UniGCN,diagnostics,un,177,0.042959015659641824,0.00040889585549295924,0.04255011980414886,0.043367911515134784,10
UniGCN,diagnostics,un,178,0.04291419889440685,0.000408600266045165,0.04250559862836168,0.043322799160452015,10
UniGCN,diagnostics,un,179,0.04286984404282689,0.0004083075829417054,0.04246153645988519,0.0432781516257686,10
UniGCN,diagnostics,un,180,0.04282594607475122,0.00040801737936169033,0.04241792869538953,0.043233963454112914,10
UniGCN,diagnostics,un,181,0.042782500025933035,0.0004077292422428889,0.04237477078369015,0.04319022926817592,10
UniGCN,diagnostics,un,182,0.04273950099655714,0.0004074427721976205,0.04233205822435952,0.04314694376875476,10
UniGCN,diagnostics,un,183,0.042696944149824764,0.0004071575834115531,0.04228978656641321,0.04310410173323632,10
UniGCN,diagnostics,un,184,0.04265482471059263,0.0004068733035266257,0.042247951407066005,0.04306169801411925,10
UniGCN,diagnostics,un,185,0.04261313796406409,0.0004065895735092759,0.042206548390554814,0.04301972753757336,10
UniGCN,diagnostics,un,186,0.04257187925452973,0.0004063060475050927,0.04216557320702464,0.04297818530203482,10
UniGCN,diagnostics,un,187,0.042531043984155324,0.0004060223926810216,0.042125021591474306,0.04293706637683634,10
UniGCN,diagnostics,un,188,0.04249062761181485,0.0004057382890560921,0.04208488932275876,0.042896365900870946,10
UniGCN,diagnostics,un,189,0.04245062565196654,0.0004054534293217676,0.042045172222644776,0.04285607908128831,10
UniGCN,diagnostics,un,190,0.042411033673570145,0.00040516751865282794,0.04200586615491732,0.04281620119222297,10
UniGCN,diagnostics,un,191,0.04237184729904325,0.0004048802745097291,0.04196696702453352,0.04277672757355298,10
UniGCN,diagnostics,un,192,0.0423330622032551,0.00040459142643327903,0.04192847077682182,0.04273765362968838,10
UniGCN,diagnostics,un,193,0.042294674112556135,0.0004043007158325499,0.041890373396723586,0.042698974828388685,10
UniGCN,diagnostics,un,194,0.042256678803841555,0.0004040078957667397,0.04185267090807482,0.04266068669960829,10
UniGCN,diagnostics,un,195,0.04221907210364739,0.00040371273072182075,0.04181535937292557,0.042622784834369216,10
UniGCN,diagnostics,un,196,0.04218184988727771,0.0004034149963825766,0.04177843489089513,0.04258526488366029,10
UniGCN,diagnostics,un,197,0.042145008077961336,0.0004031144794009025,0.04174189359856043,0.04254812255736224,10
UniGCN,diagnostics,un,198,0.042108542646036876,0.00040281097716074335,0.04170573166887613,0.04251135362319762,10
UniGCN,diagnostics,un,199,0.04207244960816475,0.0004025042975405791,0.04166994531062417,0.04247495390570533,10
UniGCN,diagnostics,un,200,0.04203672502656492,0.00040219425867373616,0.041634530767891184,0.04243891928523866,10
UniGCN,diagnostics,un,201,0.042001365008279265,0.0004018806887072903,0.04159948431957197,0.04240324569698656,10
UniGCN,diagnostics,un,202,0.0419663657044574,0.0004015634255599015,0.0415648022788975,0.0423679291300173,10
UniGCN,diagnostics,un,203,0.041931723309664846,0.0004012423166791871,0.04153048099298566,0.04233296562634403,10
UniGCN,diagnostics,un,204,0.04189743406121262,0.000400917218798889,0.04149651684241373,0.04229835128001151,10
UniGCN,diagnostics,un,205,0.041863494238507305,0.00040058799769652006,0.04146290624081078,0.04226408223620383,10
UniGCN,diagnostics,un,206,0.04182990016242047,0.00040025452795151097,0.04142964563446896,0.04223015469037198,10
UniGCN,diagnostics,un,207,0.04179664819467686,0.000399916692704575,0.04139673150197228,0.04219656488738143,10
UniGCN,diagnostics,un,208,0.041763734737260194,0.0003995743834183239,0.04136416035384187,0.04216330912067852,10
UniGCN,diagnostics,un,209,0.041731156231836125,0.00039922749963962713,0.041331928732196495,0.042130383731475755,10
UniGCN,diagnostics,un,210,0.04169890915919127,0.0003988759487638765,0.04130003321042739,0.04209778510795515,10
UniGCN,diagnostics,un,211,0.04166699003868778,0.0003985196458014822,0.0412684703928863,0.042065509684489265,10
UniGCN,diagnostics,un,212,0.04163539542773268,0.00039815851314680003,0.04123723691458588,0.04203355394087948,10
UniGCN,diagnostics,un,213,0.041604121921261394,0.00039779248034966624,0.04120632944091173,0.04200191440161106,10
UniGCN,diagnostics,un,214,0.04157316615123478,0.0003974214838898491,0.041175744667344936,0.04197058763512463,10
UniGCN,diagnostics,un,215,0.04154252478614903,0.0003970454669544189,0.041145479319194614,0.04193957025310345,10
UniGCN,diagnostics,un,216,0.0415121945305579,0.0003966643792183568,0.04111553015133954,0.041908858909776255,10
UniGCN,diagnostics,un,217,0.04148217212460685,0.0003962781766284494,0.0410858939479784,0.0418784503012353,10
UniGCN,diagnostics,un,218,0.041452454343578346,0.0003958868211905728,0.041056567522387774,0.04184834116476892,10
UniGCN,diagnostics,un,219,0.04142303799744805,0.00039549028076059557,0.04102754771668746,0.041818528278208644,10
UniGCN,diagnostics,un,220,0.04139391993045131,0.0003950885288388429,0.040998831401612465,0.04178900845929015,10
UniGCN,diagnostics,un,221,0.041365097020659415,0.0003946815443682978,0.04097041547629112,0.04175977856502771,10
UniGCN,diagnostics,un,222,0.04133656617956558,0.0003942693115366208,0.040942296868028964,0.0417308354911022,10
UniGCN,diagnostics,un,223,0.04130832435167969,0.0003938518195819665,0.04091447253209773,0.04170217617126166,10
UniGCN,diagnostics,un,224,0.04128036851413193,0.00039342906260269987,0.04088693945152923,0.04167379757673463,10
UniGCN,diagnostics,un,225,0.0412526956762846,0.0003930010393710882,0.04085969463691351,0.04164569671565568,10
UniGCN,diagnostics,un,226,0.04122530287935193,0.00039256775315087746,0.04083273512620105,0.04161787063250281,10
UniGCN,diagnostics,un,227,0.041198187196027566,0.00039212921151891286,0.040806057984508655,0.04159031640754648,10
UniGCN,diagnostics,un,228,0.04117134573011931,0.0003916854261906765,0.040779660303928635,0.041563031156309986,10
UniGCN,diagnostics,un,229,0.04114477561619094,0.00039123641284990416,0.04075353920334104,0.04153601202904084,10
UniGCN,diagnostics,un,230,0.0411184740192107,0.0003907821909821181,0.04072769182822858,0.041509256210192816,10
UniGCN,diagnostics,un,231,0.04109243813420631,0.00039032278371215764,0.04070211535049415,0.041482760917918464,10
UniGCN,diagnostics,un,232,0.04106666518592617,0.00038985821764570396,0.040676806968280466,0.04145652340357188,10
UniGCN,diagnostics,un,233,0.04104115242850655,0.00038938852271472345,0.040651763905791824,0.04143054095122127,10
UniGCN,diagnostics,un,234,0.04101589714514446,0.00038891373202682317,0.040626983413117636,0.04140481087717129,10
UniGCN,diagnostics,un,235,0.04099089664777609,0.0003884338817185107,0.04060246276605758,0.0413793305294946,10
UniGCN,diagnostics,un,236,0.04096614827676059,0.0003879490108123038,0.040578199265948287,0.04135409728757289,10
UniGCN,diagnostics,un,237,0.04094164940056886,0.0003874591610776606,0.0405541902394912,0.04132910856164652,10
UniGCN,diagnostics,un,238,0.04091739741547734,0.0003869643768956635,0.04053043303858168,0.041304361792373005,10
UniGCN,diagnostics,un,239,0.040893389745266545,0.0003864647051274532,0.04050692504013909,0.041279854450394,10
UniGCN,diagnostics,un,240,0.04086962384092413,0.0003859601949863421,0.040483663645937785,0.041255584035910474,10
UniGCN,diagnostics,un,241,0.04084609718035242,0.00038545089791355543,0.04046064628243886,0.04123154807826598,10
UniGCN,diagnostics,un,242,0.04082280726808015,0.0003849368674575341,0.04043787040062262,0.04120774413553768,10
UniGCN,diagnostics,un,243,0.040799751634978385,0.000384418159156803,0.04041533347582158,0.04118416979413519,10
UniGCN,diagnostics,un,244,0.040776927837980335,0.00038389483042628397,0.04039303300755405,0.04116082266840662,10
UniGCN,diagnostics,un,245,0.04075433345980514,0.00038336694044700434,0.04037096651935814,0.04113770040025214,10
UniGCN,diagnostics,un,246,0.04073196610868527,0.00038283455005919863,0.04034913155862607,0.04111480065874447,10
UniGCN,diagnostics,un,247,0.04070982341809755,0.000382297721658677,0.040327525696438875,0.04109212113975622,10
UniGCN,diagnostics,un,248,0.04068790304649776,0.0003817565190964231,0.04030614652740134,0.041069659565594184,10
UniGCN,diagnostics,un,249,0.04066620267705858,0.0003812110075813832,0.040284991669477195,0.04104741368463997,10
UniGCN,diagnostics,un,250,0.04064472001741075,0.0003806612535863684,0.04026405876382438,0.04102538127099712,10
UniGCN,diagnostics,un,251,0.0406234527993876,0.00038010732475695345,0.04024334547463065,0.04100356012414456,10
UniGCN,diagnostics,un,252,0.04060239877877249,0.00037954928982343334,0.04022284948894905,0.040981948068595925,10
UniGCN,diagnostics,un,253,0.04058155573504945,0.0003789872185156461,0.0402025685165338,0.0409605429535651,10
UniGCN,diagnostics,un,254,0.04056092147115664,0.00037842118148067455,0.04018250028967597,0.040939342652637316,10
UniGCN,diagnostics,un,255,0.040540493813242734,0.0003778512502033539,0.04016264256303938,0.04091834506344609,10
UniGCN,diagnostics,un,256,0.040520270610426054,0.0003772774969294942,0.04014299311349656,0.04089754810735555,10
UniGCN,diagnostics,sym,0,1.0,0.0,1.0,1.0,10
UniGCN,diagnostics,sym,1,0.5439729649785361,0.002124806075872361,0.5418481589026637,0.5460977710544085,10
UniGCN,diagnostics,sym,2,0.29834200345139167,0.0023578212187494014,0.2959841822326423,0.30069982467014106,10
UniGCN,diagnostics,sym,3,0.19223822462998016,0.0020604264822687473,0.1901777981477114,0.19429865111224892,10
UniGCN,diagnostics,sym,4,0.1391598807755639,0.0017566807212491895,0.13740320005431472,0.1409165614968131,10
UniGCN,diagnostics,sym,5,0.10931144054869905,0.0015202295566841533,0.1077912109920149,0.11083167010538321,10
UniGCN,diagnostics,sym,6,0.0908668695516763,0.0013339612528230702,0.08953290829885323,0.09220083080449938,10
UniGCN,diagnostics,sym,7,0.07849770937054013,0.001180483456610208,0.07731722591392992,0.07967819282715033,10
UniGCN,diagnostics,sym,8,0.06962760277524613,0.0010511822355421324,0.06857642053970399,0.07067878501078827,10
UniGCN,diagnostics,sym,9,0.06292800485659765,0.0009419083869184106,0.06198609646967924,0.06386991324351605,10
UniGCN,diagnostics,sym,10,0.05766539009410637,0.0008500267607339131,0.05681536333337246,0.05851541685484028,10
UniGCN,diagnostics,sym,11,0.05340631703223029,0.0007732967559108634,0.05263302027631943,0.05417961378814115,10
UniGCN,diagnostics,sym,12,0.04987837747958175,0.0007095967885735439,0.049168780691008204,0.0505879742681553,10
UniGCN,diagnostics,sym,13,0.04690117538427918,0.0006569270562285604,0.04624424832805062,0.04755810244050774,10
UniGCN,diagnostics,sym,14,0.044350037523796855,0.000613465478826395,0.04373657204497046,0.04496350300262325,10
UniGCN,diagnostics,sym,15,0.042135784903027496,0.0005776074018980035,0.041558177501129494,0.0427133923049255,10
UniGCN,diagnostics,sym,16,0.04019282129819714,0.0005479778448617016,0.03964484345333544,0.04074079914305884,10
UniGCN,diagnostics,sym,17,0.038471771082260145,0.0005234225562984698,0.03794834852596168,0.03899519363855861,10
UniGCN,diagnostics,sym,18,0.036934737313531675,0.0005029867870214361,0.03643175052651024,0.03743772410055311,10
UniGCN,diagnostics,sym,19,0.03555214045877777,0.0004858888842973606,0.03506625157448041,0.03603802934307513,10
UniGCN,diagnostics,sym,20,0.03430054952487795,0.00047149330052471576,0.03382905622435324,0.034772042825402666,10
UniGCN,diagnostics,sym,21,0.03316115782106861,0.00045928555028568874,0.032701872270782924,0.0336204433713543,10
UniGCN,diagnostics,sym,22,0.032118689654334634,0.00044885024586652125,0.03166983940846811,0.032567539900201156,10
UniGCN,diagnostics,sym,23,0.031160602208340653,0.00043985249424162063,0.030720749714099032,0.03160045470258227,10
UniGCN,diagnostics,sym,24,0.03027649387575882,0.0004320224857071531,0.02984447139005167,0.030708516361465973,10
UniGCN,diagnostics,sym,25,0.02945765960728965,0.0004251429014642256,0.029032516705825424,0.029882802508753876,10
UniGCN,diagnostics,sym,26,0.028696752610647337,0.00041903870858247676,0.02827771390206486,0.029115791319229815,10
UniGCN,diagnostics,sym,27,0.027987524057746366,0.0004135689263848277,0.02757395513136154,0.028401092984131193,10
UniGCN,diagnostics,sym,28,0.027324620726353787,0.00040861999654031455,0.026916000729813472,0.0277332407228941,10
UniGCN,diagnostics,sym,29,0.02670342615422318,0.00040410044691649037,0.02629932570730669,0.027107526601139673,10
UniGCN,diagnostics,sym,30,0.02611993481173424,0.00039993659502745053,0.02571999821670679,0.02651987140676169,10
UniGCN,diagnostics,sym,31,0.025570651569546653,0.00039606908589052064,0.025174582483656133,0.025966720655437172,10
UniGCN,diagnostics,sym,32,0.025052510717663474,0.00039245009997864843,0.024660060617684824,0.025444960817642123,10
UniGCN,diagnostics,sym,33,0.02456281022394812,0.00038904110010850034,0.02417376912383962,0.024951851324056622,10
UniGCN,diagnostics,sym,34,0.024099157966409834,0.0003858110125786339,0.0237133469538312,0.024484968978988466,10
UniGCN,diagnostics,sym,35,0.023659427445616714,0.0003827347588552071,0.023276692686761507,0.02404216220447192,10
UniGCN,diagnostics,sym,36,0.023241721058342036,0.00037979207069673145,0.022861928987645306,0.023621513129038766,10
UniGCN,diagnostics,sym,37,0.022844339444924002,0.00037696653474547615,0.022467372910178526,0.02322130597966948,10
UniGCN,diagnostics,sym,38,0.022465755749055544,0.00037424482304469054,0.022091510926010853,0.022840000572100234,10
UniGCN,diagnostics,sym,39,0.02210459387721427,0.0003716160742577006,0.02173297780295657,0.022476209951471968,10
UniGCN,diagnostics,sym,40,0.021759610035505937,0.0003690713970262557,0.021390538638479683,0.02212868143253219,10
UniGCN,diagnostics,sym,41,0.021429676968783888,0.0003666034722635354,0.021063073496520354,0.021796280441047422,10
UniGCN,diagnostics,sym,42,0.021113770441151165,0.000364206235504924,0.02074956420564624,0.021477976676656088,10
UniGCN,diagnostics,sym,43,0.02081095758622556,0.0003618746239472837,0.020449082962278275,0.021172832210172843,10
UniGCN,diagnostics,sym,44,0.020520386825722974,0.0003596043756589461,0.02016078245006403,0.02087999120138192,10
UniGCN,diagnostics,sym,45,0.020241279110397997,0.00035739187076631103,0.019883887239631685,0.02059867098116431,10
UniGCN,diagnostics,sym,46,0.019972920281499947,0.00035523400632004535,0.019617686275179902,0.02032815428781999,10
UniGCN,diagnostics,sym,47,0.019714654386183524,0.0003531280980946607,0.019361526288088862,0.020067782484278186,10
UniGCN,diagnostics,sym,48,0.019465877808683495,0.00035107180384409605,0.019114806004839398,0.01981694961252759,10
UniGCN,diagnostics,sym,49,0.019226034102002094,0.00034906306357443574,0.01887697103842766,0.019575097165576528,10
UniGCN,diagnostics,sym,50,0.018994609423506083,0.0003471000532447334,0.01864750937026135,0.019341709476750818,10
UniGCN,diagnostics,sym,51,0.01877112849307131,0.0003451811490022391,0.018425947344069073,0.01911630964207355,10
UniGCN,diagnostics,sym,52,0.018555151004934243,0.0003433048996263973,0.018211846105307846,0.01889845590456064,10
UniGCN,diagnostics,sym,53,0.018346268434749832,0.0003414700053198469,0.018004798429429987,0.018687738440069677,10
UniGCN,diagnostics,sym,54,0.018144101191936504,0.0003396753013624121,0.017804425890574092,0.018483776493298916,10
UniGCN,diagnostics,sym,55,0.01794829607454464,0.0003379197454514274,0.01761037632909321,0.01828621581999607,10
UniGCN,diagnostics,sym,56,0.017758523989880887,0.00033620240780078784,0.0174223215820801,0.018094726397681674,10
UniGCN,diagnostics,sym,57,0.017574477909166025,0.0003345224632726233,0.017239955445893403,0.017909000372438647,10
UniGCN,diagnostics,sym,58,0.01739587102876899,0.0003328791849777948,0.017062991843791196,0.017728750213746786,10
UniGCN,diagnostics,sym,59,0.017222435114179264,0.00033127193891157366,0.01689116317526769,0.01755370705309084,10
UniGCN,diagnostics,sym,60,0.01705391900596333,0.0003297001792949327,0.0167242188266684,0.017383619185258263,10
UniGCN,diagnostics,sym,61,0.016890087269588433,0.0003281634443744018,0.016561923825214032,0.017218250713962834,10
UniGCN,diagnostics,sym,62,0.01673071897325961,0.00032666135249867945,0.016404057620760932,0.01705738032575829,10
UniGCN,diagnostics,sym,63,0.01657560657986437,0.0003251935983412101,0.01625041298152316,0.016900800178205583,10
UniGCN,diagnostics,sym,64,0.016424554940802,0.0003237599491777352,0.016100794991624263,0.016748314889979736,10
UniGCN,diagnostics,sym,65,0.016277380380931582,0.00032236024115819524,0.015955020139773388,0.016599740622089777,10
UniGCN,diagnostics,sym,66,0.01613390986513836,0.0003209943755357135,0.015812915489602643,0.016454904240674074,10
UniGCN,diagnostics,sym,67,0.015993980238119633,0.00031966231483264397,0.01567431792328699,0.016313642552952277,10
UniGCN,diagnostics,sym,68,0.015857437529952674,0.0003183640789365344,0.01553907345101614,0.01617580160888921,10
UniGCN,diagnostics,sym,69,0.01572413632084794,0.0003170997411279588,0.015407036579719983,0.0160412360619759,10
UniGCN,diagnostics,sym,70,0.01559393915922748,0.00031586942404854685,0.015278069735178933,0.015909808583276026,10
UniGCN,diagnostics,sym,71,0.015466716027915075,0.0003146732956218204,0.015152042732293255,0.015781389323536895,10
UniGCN,diagnostics,sym,72,0.015342343853793818,0.0003135115649419539,0.015028832288851865,0.01565585541873577,10
UniGCN,diagnostics,sym,73,0.015220706056787742,0.0003123844781470252,0.014908321578640717,0.015533090534934766,10
UniGCN,diagnostics,sym,74,0.01510169213446646,0.00031129231429375987,0.0147903998201727,0.015412984448760221,10
UniGCN,diagnostics,sym,75,0.01498519727896255,0.00031023538125068154,0.014674961897711869,0.01529543266021323,10
UniGCN,diagnostics,sym,76,0.014871122023237293,0.0003092140116259844,0.014561908011611308,0.015180336034863278,10
UniGCN,diagnostics,sym,77,0.014759371914036774,0.00030822855874559365,0.01445114335529118,0.015067600472782368,10
UniGCN,diagnostics,sym,78,0.014649857209152259,0.000307279392695873,0.014342577816456386,0.014957136601848131,10
UniGCN,diagnostics,sym,79,0.01454249259684048,0.0003063668964443387,0.014236125700396141,0.01484885949328482,10
UniGCN,diagnostics,sym,80,0.014437196935474022,0.0003054914620506232,0.014131705473423399,0.014742688397524645,10
UniGCN,diagnostics,sym,81,0.014333893011683493,0.00030465348697881746,0.014029239524704676,0.01463854649866231,10
UniGCN,diagnostics,sym,82,0.01423250731542373,0.000303853370521275,0.013928653944902456,0.014536360685945006,10
UniGCN,diagnostics,sym,83,0.014132969830548195,0.00030309151034297325,0.013829878320205222,0.014436061340891168,10
UniGCN,diagnostics,sym,84,0.014035213839612001,0.0003023682991545939,0.013732845540457407,0.014337582138766595,10
UniGCN,diagnostics,sym,85,0.013939175741745264,0.0003016841215215959,0.013637491620223667,0.01424085986326686,10
UniGCN,diagnostics,sym,86,0.013844794882547428,0.00030103935081584774,0.01354375553173158,0.014145834233363276,10
UniGCN,diagnostics,sym,87,0.013752013395050802,0.00030043434631553823,0.013451579048735264,0.014052447741366339,10
UniGCN,diagnostics,sym,88,0.013660776050888746,0.00029986945045848407,0.013360906600430262,0.01396064550134723,10
UniGCN,diagnostics,sym,89,0.013571030120882791,0.0002993449862532657,0.013271685134629525,0.013870375107136058,10
UniGCN,diagnostics,sym,90,0.01348272524433326,0.0002988612548520416,0.013183863989481218,0.013781586499185301,10
UniGCN,diagnostics,sym,91,0.013395813306361692,0.0002984185332882539,0.013097394773073439,0.013694231839649946,10
UniGCN,diagnostics,sym,92,0.013310248322710369,0.00029801707238190784,0.013012231250328462,0.013608265395092276,10
UniGCN,diagnostics,sym,93,0.013225986331455932,0.000297657094814506,0.012928329236641426,0.01352364342627044,10
UniGCN,diagnostics,sym,94,0.013142985291140497,0.0002973387933751745,0.012845646497765323,0.01344032408451567,10
UniGCN,diagnostics,sym,95,0.013061204984865706,0.00029706232937891364,0.012764142655486792,0.01335826731424462,10
UniGCN,diagnostics,sym,96,0.012980606929933247,0.00029682783125735705,0.01268377909867589,0.013277434761190605,10
UniGCN,diagnostics,sym,97,0.012901154292649559,0.0002966353933218383,0.01260451889932772,0.013197789685971397,10
UniGCN,diagnostics,sym,98,0.012822811807943785,0.00029648507469793016,0.012526326733245854,0.013119296882641716,10
UniGCN,diagnostics,sym,99,0.01274554570347623,0.00029637689843008185,0.012449168805046148,0.01304192260190631,10
UniGCN,diagnostics,sym,100,0.012669323627940116,0.00029631085075432776,0.012373012777185789,0.012965634478694444,10
UniGCN,diagnostics,sym,101,0.012594114583282964,0.0002962868805364531,0.012297827702746511,0.012890401463819416,10
UniGCN,diagnostics,sym,102,0.012519888860594958,0.00029630489887242116,0.012223583961722536,0.01281619375946738,10
UniGCN,diagnostics,sym,103,0.012446617979431007,0.0002963647788472281,0.012150253200583779,0.012742982758278235,10
UniGCN,diagnostics,sym,104,0.012374274630350911,0.00029646635544781994,0.012077808274903092,0.01267074098579873,10
UniGCN,diagnostics,sym,105,0.012302832620478005,0.00029660942562512415,0.012006223194852882,0.012599442046103129,10
UniGCN,diagnostics,sym,106,0.012232266821891397,0.00029679374849970016,0.011935473073391697,0.012529060570391097,10
UniGCN,diagnostics,sym,107,0.012162553122680308,0.00029701904570505523,0.011865534076975253,0.012459572168385363,10
UniGCN,diagnostics,sym,108,0.012093668380501391,0.00029728500186215474,0.011796383378639237,0.012390953382363545,10
UniGCN,diagnostics,sym,109,0.012025590378491042,0.00029759126517824795,0.011727999113312794,0.012323181643669289,10
UniGCN,diagnostics,sym,110,0.011958297783395185,0.00029793744816278343,0.011660360335232402,0.012256235231557968,10
UniGCN,diagnostics,sym,111,0.011891770105788419,0.00029832312845281156,0.011593446977335607,0.012190093234241231,10
UniGCN,diagnostics,sym,112,0.011825987662263178,0.00029874784974000083,0.011527239812523177,0.012124735512003179,10
UniGCN,diagnostics,sym,113,0.01176093153947756,0.0002992111227912343,0.011461720416686326,0.012060142662268795,10
UniGCN,diagnostics,sym,114,0.011696583559957917,0.000299712426554486,0.01139687113340343,0.011996295986512404,10
UniGCN,diagnostics,sym,115,0.011632926249559056,0.00030025120934167845,0.011332675040217377,0.011933177458900735,10
UniGCN,diagnostics,sym,116,0.011569942806491292,0.0003008268900800995,0.011269115916411193,0.01187076969657139,10
UniGCN,diagnostics,sym,117,0.011507617071829259,0.00030143885962399694,0.011206178212205263,0.011809055931453255,10
UniGCN,diagnostics,sym,118,0.011445933501422988,0.0003020864821180461,0.011143847019304941,0.011748019983541035,10
UniGCN,diagnostics,sym,119,0.011384877139136478,0.0003027690964044605,0.011082108042732018,0.011687646235540939,10
UniGCN,diagnostics,sym,120,0.011324433591343814,0.00030348601746575465,0.01102094757387806,0.01162791960880957,10
UniGCN,diagnostics,sym,121,0.011264589002617093,0.00030423653789530343,0.010960352464721788,0.011568825540512397,10
UniGCN,diagnostics,sym,122,0.011205330032544304,0.00030501992938817326,0.010900310103156131,0.011510349961932476,10
UniGCN,diagnostics,sym,123,0.011146643833619184,0.0003058354442449446,0.010840808389374238,0.011452479277864129,10
UniGCN,diagnostics,sym,124,0.011088518030148337,0.0003066823168816101,0.010781835713266727,0.011395200347029948,10
UniGCN,diagnostics,sym,125,0.011030940698124153,0.000307559765338964,0.010723380932785189,0.011338500463463118,10
UniGCN,diagnostics,sym,126,0.010973900346015142,0.0003084669927853304,0.010665433353229812,0.011282367338800472,10
UniGCN,diagnostics,sym,127,0.010917385896427871,0.00030940318900680666,0.010607982707421065,0.011226789085434678,10
UniGCN,diagnostics,sym,128,0.010861386668597494,0.00031036753187969554,0.010551019136717799,0.01117175420047719,10
UniGCN,diagnostics,sym,129,0.010805892361666111,0.0003113591888201771,0.010494533172845934,0.011117251550486288,10
UniGCN,diagnostics,sym,130,0.010750893038710619,0.00031237731820670395,0.010438515720503916,0.011063270356917322,10
UniGCN,diagnostics,sym,131,0.010696379111483658,0.0003134210707710865,0.010382958040712572,0.011009800182254744,10
UniGCN,diagnostics,sym,132,0.010642341325833398,0.0003144895909545872,0.010327851734878811,0.010956830916787985,10
UniGCN,diagnostics,sym,133,0.010588770747769644,0.0003155820182258575,0.010273188729543786,0.010904352765995502,10
UniGCN,diagnostics,sym,134,0.01053565875014557,0.0003166974883578782,0.010218961261787693,0.010852356238503448,10
UniGCN,diagnostics,sym,135,0.010482996999925961,0.0003178351346615272,0.010165161865264434,0.010800832134587489,10
UniGCN,diagnostics,sym,136,0.010430777446014386,0.00031899408917378296,0.010111783356840603,0.010749771535188168,10
UniGCN,diagnostics,sym,137,0.010378992307613197,0.00032017348379888907,0.010058818823814307,0.010699165791412087,10
UniGCN,diagnostics,sym,138,0.010327634063091604,0.00032137245140123,0.010006261611690374,0.010649006514492833,10
UniGCN,diagnostics,sym,139,0.010276695439338247,0.0003225901268489459,0.009954105312489301,0.010599285566187193,10
UniGCN,diagnostics,sym,140,0.010226169401576035,0.00032382564800765,0.009902343753568384,0.010549995049583686,10
UniGCN,diagnostics,sym,141,0.010176049143618086,0.0003250781566838964,0.00985097098693419,0.010501127300301982,10
UniGCN,diagnostics,sym,142,0.010126328078544567,0.00032634679951829855,0.009799981279026268,0.010452674878062866,10
UniGCN,diagnostics,sym,143,0.010076999829781465,0.00032763072882848273,0.009749369100952983,0.010404630558609948,10
UniGCN,diagnostics,sym,144,0.01002805822256299,0.00032892910340223246,0.009699129119160758,0.010356987325965222,10
UniGCN,diagnostics,sym,145,0.00997949727576043,0.0003302410892414092,0.00964925618651902,0.01030973836500184,10
UniGCN,diagnostics,sym,146,0.009931311194061036,0.0003315658602574202,0.009599745333803616,0.010262877054318456,10
UniGCN,diagnostics,sym,147,0.009883494360481245,0.00033290259891913905,0.009550591761562106,0.010216396959400385,10
UniGCN,diagnostics,sym,148,0.009836041329199425,0.0003342504968543499,0.009501790832345074,0.010170291826053775,10
UniGCN,diagnostics,sym,149,0.009788946818693977,0.0003356087554058784,0.009453338063288099,0.010124555574099855,10
UniGCN,diagnostics,sym,150,0.009742205705173274,0.0003369765861436962,0.009405229119029579,0.01007918229131697,10
UniGCN,diagnostics,sym,151,0.009695813016284622,0.0003383532113343666,0.009357459804950256,0.010034166227618989,10
UniGCN,diagnostics,sym,152,0.009649763925090002,0.00033973786436926004,0.009310026060720742,0.009989501789459261,10
UniGCN,diagnostics,sym,153,0.009604053744296875,0.00034112979015303097,0.009262923954143845,0.009945183534449906,10
UniGCN,diagnostics,sym,154,0.009558677920733012,0.0003425282454538896,0.009216149675279122,0.009901206166186902,10
UniGCN,diagnostics,sym,155,0.00951363203005464,0.0003439324992172148,0.009169699530837426,0.009857564529271855,10
UniGCN,diagnostics,sym,156,0.00946891177167786,0.00034534183284410226,0.009123569938833759,0.009814253604521962,10
UniGCN,diagnostics,sym,157,0.00942451296392364,0.0003467555404364331,0.009077757423487208,0.009771268504360072,10
UniGCN,diagnostics,sym,158,0.009380431539367153,0.00034817292901002326,0.00903225861035713,0.009728604468377176,10
UniGCN,diagnostics,sym,159,0.009336663540382734,0.000349593318677444,0.00898707022170529,0.009686256859060178,10
UniGCN,diagnostics,sym,160,0.009293205114875951,0.0003510160428020872,0.008942189072073864,0.009644221157678039,10
UniGCN,diagnostics,sym,161,0.009250052512194849,0.00035244044812496404,0.008897612064069886,0.009602492960319812,10
UniGCN,diagnostics,sym,162,0.009207202079212672,0.0003538658948657865,0.008853336184346887,0.009561067974078458,10
UniGCN,diagnostics,sym,163,0.009164650256574734,0.0003552917567997717,0.008809358499774963,0.009519942013374505,10
UniGCN,diagnostics,sym,164,0.00912239357510247,0.0003567174213116266,0.008765676153790843,0.009479110996414098,10
UniGCN,diagnostics,sym,165,0.009080428652347946,0.00035814228942808636,0.00872228636291986,0.009438570941776032,10
UniGCN,diagnostics,sym,166,0.00903875218929247,0.0003595657758303646,0.008679186413462105,0.009398317965122834,10
UniGCN,diagnostics,sym,167,0.008997360967183154,0.00036098730884782693,0.008636373658335326,0.009358348276030982,10
UniGCN,diagnostics,sym,168,0.00895625184450164,0.00036240633043413216,0.008593845514067508,0.009318658174935773,10
UniGCN,diagnostics,sym,169,0.008915421754059336,0.0003638222961270706,0.008551599457932265,0.009279244050186406,10
UniGCN,diagnostics,sym,170,0.008874867700213857,0.00036523467499322823,0.008509633025220628,0.009240102375207086,10
UniGCN,diagnostics,sym,171,0.008834586756201558,0.00036664294955862593,0.008467943806642932,0.009201229705760185,10
UniGCN,diagnostics,sym,172,0.008794576061581235,0.00036804661572636954,0.008426529445854865,0.009162622677307605,10
UniGCN,diagnostics,sym,173,0.008754832819784352,0.0003694451826823421,0.00838538763710201,0.009124278002466695,10
UniGCN,diagnostics,sym,174,0.008715354295767265,0.0003708381727898879,0.008344516122977376,0.009086192468557153,10
UniGCN,diagnostics,sym,175,0.008676137813761215,0.0003722251214744173,0.008303912692286797,0.009048362935235633,10
UniGCN,diagnostics,sym,176,0.008637180755115915,0.00037360557709880326,0.008263575178017112,0.009010786332214719,10
UniGCN,diagnostics,sym,177,0.008598480556232843,0.0003749791008303953,0.008223501455402448,0.008973459657063238,10
UniGCN,diagnostics,sym,178,0.008560034706584476,0.00037634526650042117,0.008183689440084055,0.008936379973084897,10
UniGCN,diagnostics,sym,179,0.00852184074681584,0.00037770366045653003,0.00814413708635931,0.00889954440727237,10
UniGCN,diagnostics,sym,180,0.008483896266924926,0.00037905388140916133,0.008104842385515764,0.008862950148334088,10
UniGCN,diagnostics,sym,181,0.008446198904518691,0.0003803955402724115,0.008065803364246279,0.008826594444791103,10
UniGCN,diagnostics,sym,182,0.008408746343141437,0.00038172825999998407,0.008027018083141452,0.008790474603141422,10
UniGCN,diagnostics,sym,183,0.008371536310672584,0.00038305167541684135,0.007988484635255743,0.008754587986089425,10
UniGCN,diagnostics,sym,184,0.008334566577790851,0.00038436543304707727,0.007950201144743775,0.008718932010837928,10
UniGCN,diagnostics,sym,185,0.008297834956502173,0.0003856691909385185,0.007912165765563655,0.008683504147440691,10
UniGCN,diagnostics,sym,186,0.008261339298728559,0.0003869626184845475,0.007874376680244011,0.008648301917213106,10
UniGCN,diagnostics,sym,187,0.008225077494955449,0.000388245396243576,0.007836832098711872,0.008613322891199026,10
UniGCN,diagnostics,sym,188,0.008189047472935022,0.0003895172157566035,0.007799530257178419,0.008578564688691627,10
UniGCN,diagnostics,sym,189,0.008153247196443185,0.00039077777936321397,0.007762469417079971,0.0085440249758064,10
UniGCN,diagnostics,sym,190,0.008117674664087934,0.0003920268000164142,0.00772564786407152,0.008509701464104348,10
UniGCN,diagnostics,sym,191,0.008082327908166985,0.0003932640010966151,0.00768906390707037,0.0084755919092636,10
UniGCN,diagnostics,sym,192,0.008047204993572529,0.0003944891162250737,0.007652715877347455,0.008441694109797603,10
UniGCN,diagnostics,sym,193,0.00801230401674122,0.00039570188907709817,0.007616602127664122,0.00840800590581832,10
UniGCN,diagnostics,sym,194,0.007977623104647436,0.00039690207319526336,0.007580721031452173,0.0083745251778427,10
UniGCN,diagnostics,sym,195,0.007943160413838,0.0003980894318028818,0.007545070982035118,0.008341249845640882,10
UniGCN,diagnostics,sym,196,0.007908914129506627,0.00039926373761797697,0.0075096503918886505,0.008308177867124605,10
UniGCN,diagnostics,sym,197,0.007874882464606447,0.00040042477266794414,0.0074744576919385025,0.00827530723727439,10
UniGCN,diagnostics,sym,198,0.007841063658998924,0.000401572328105094,0.00743949133089383,0.008242635987104018,10
UniGCN,diagnostics,sym,199,0.0078074559786377225,0.0004027062040232736,0.007404749774614449,0.008210162182660996,10
UniGCN,diagnostics,sym,200,0.007774057714785991,0.0004038262092756856,0.007370231505510305,0.008177883924061677,10
UniGCN,diagnostics,sym,201,0.0077408671832656555,0.000404932161294095,0.007335935021971561,0.008145799344559751,10
UniGCN,diagnostics,sym,202,0.007707882723737396,0.00040602388590952167,0.007301858837827874,0.008113906609646917,10
UniGCN,diagnostics,sym,203,0.007675102699009975,0.0004071012171745592,0.007268001481835416,0.008082203916184534,10
UniGCN,diagnostics,sym,204,0.007642525494377689,0.00040816399718741436,0.007234361497190274,0.008050689491565103,10
UniGCN,diagnostics,sym,205,0.007610149516984738,0.0004092120759177741,0.007200937441066964,0.008019361592902513,10
UniGCN,diagnostics,sym,206,0.007577973195215387,0.00041024531103458367,0.007167727884180804,0.00798821850624997,10
UniGCN,diagnostics,sym,207,0.007545994978108811,0.00041126356773581895,0.007134731410372993,0.00795725854584463,10
UniGCN,diagnostics,sym,208,0.007514213334797552,0.0004122667185803077,0.007101946616217244,0.007926480053377859,10
UniGCN,diagnostics,sym,209,0.00748262675396863,0.00041325464332167577,0.007069372110646954,0.007895881397290305,10
UniGCN,diagnostics,sym,210,0.00745123374334628,0.00041422722874446573,0.0070370065146018144,0.007865460972090746,10
UniGCN,diagnostics,sym,211,0.007420032829195451,0.00041518436850247975,0.007004848460692971,0.007835217197697931,10
UniGCN,diagnostics,sym,212,0.007389022555845115,0.00041612596295936133,0.006972896592885754,0.007805148518804476,10
UniGCN,diagnostics,sym,213,0.007358201485230588,0.00041705191903149206,0.006941149566199096,0.007775253404262081,10
UniGCN,diagnostics,sym,214,0.007327568196454028,0.00041796215003319157,0.006909606046420836,0.00774553034648722,10
UniGCN,diagnostics,sym,215,0.0072971212853623095,0.00041885657552426643,0.006878264709838043,0.007715977860886576,10
UniGCN,diagnostics,sym,216,0.007266859364141567,0.00041973512115991063,0.006847124242981657,0.0076865944853014775,10
UniGCN,diagnostics,sym,217,0.007236781060927636,0.00042059771854298784,0.0068161833423846475,0.007657378779470624,10
UniGCN,diagnostics,sym,218,0.007206885019431763,0.0004214443050786854,0.006785440714353078,0.0076283293245104486,10
UniGCN,diagnostics,sym,219,0.007177169898580868,0.00042227482383156003,0.006754895074749309,0.007599444722412428,10
UniGCN,diagnostics,sym,220,0.007147634372171775,0.00042308922338496724,0.006724545148786808,0.0075707235955567425,10
UniGCN,diagnostics,sym,221,0.0071182771285387735,0.00042388745770287665,0.006694389670835897,0.00754216458624165,10
UniGCN,diagnostics,sym,222,0.007089096870233945,0.00042466948599407156,0.006664427384239874,0.0075137663562280166,10
UniGCN,diagnostics,sym,223,0.007060092313719702,0.0004254352725787199,0.006634657041140982,0.007485527586298422,10
UniGCN,diagnostics,sym,224,0.007031262189072992,0.0004261847867573013,0.00660507740231569,0.007457446975830293,10
UniGCN,diagnostics,sym,225,0.007002605239700683,0.0004269180026819007,0.006575687237018782,0.007429523242382584,10
UniGCN,diagnostics,sym,226,0.0069741202220656145,0.0004276348992298249,0.00654648532283579,0.007401755121295439,10
UniGCN,diagnostics,sym,227,0.006945805905422858,0.00042833545987954716,0.0065174704455433115,0.007374141365302405,10
UniGCN,diagnostics,sym,228,0.006917661071565752,0.00042901967258894937,0.006488641398976803,0.007346680744154701,10
UniGCN,diagnostics,sym,229,0.006889684514581264,0.0004296875296758517,0.006459996984905412,0.0073193720442571155,10
UniGCN,diagnostics,sym,230,0.006861875040614281,0.000430339027700802,0.006431536012913479,0.007292214068315083,10
UniGCN,diagnostics,sym,231,0.006834231467640425,0.0004309741673521064,0.006403257300288318,0.007265205634992532,10
UniGCN,diagnostics,sym,232,0.006806752625247043,0.000431592953333075,0.006375159671913967,0.007238345578580118,10
UniGCN,diagnostics,sym,233,0.006779437354421958,0.00043219539425145984,0.006347241960170499,0.0072116327486734175,10
UniGCN,diagnostics,sym,234,0.006752284507349722,0.0004327815025110609,0.006319503004838661,0.007185066009860783,10
UniGCN,diagnostics,sym,235,0.006725292947214948,0.0004333512942054769,0.006291941653009471,0.007158644241420425,10
UniGCN,diagnostics,sym,236,0.00669846154801247,0.0004339047890139579,0.006264556758998512,0.007132366337026428,10
UniGCN,diagnostics,sym,237,0.006671789194364015,0.0004344420100993586,0.006237347184264656,0.007106231204463374,10
UniGCN,diagnostics,sym,238,0.006645274781341073,0.0004349629840081437,0.006210311797332929,0.007080237765349217,10
UniGCN,diagnostics,sym,239,0.006618917214293736,0.0004354677405724275,0.006183449473721308,0.007054384954866163,10
UniGCN,diagnostics,sym,240,0.0065927154086851845,0.0004359563128140069,0.006156759095871178,0.007028671721499191,10
UniGCN,diagnostics,sym,241,0.006566668289931628,0.00043642873685038126,0.006130239553081247,0.007003097026782009,10
UniGCN,diagnostics,sym,242,0.006540774793247416,0.00043688505180270414,0.0061038897414447115,0.00697765984505012,10
UniGCN,diagnostics,sym,243,0.006515033863495107,0.0004373252997056546,0.006077708563789452,0.006952359163200762,10
UniGCN,diagnostics,sym,244,0.006489444455040276,0.0004377495254191939,0.006051694929621082,0.00692719398045947,10
UniGCN,diagnostics,sym,245,0.006464005531610828,0.0004381577765421744,0.006025847755068654,0.0069021633081530025,10
UniGCN,diagnostics,sym,246,0.006438716066160664,0.0004385501033277766,0.006000165962832888,0.006877266169488441,10
UniGCN,diagnostics,sym,247,0.006413575040737453,0.0004389265586007441,0.005974648482136709,0.006852501599338197,10
UniGCN,diagnostics,sym,248,0.006388581446354359,0.0004392871976763768,0.005949294248677982,0.006827868644030736,10
UniGCN,diagnostics,sym,249,0.006363734282865538,0.0004396320782812693,0.0059241022045842685,0.006803366361146807,10
UniGCN,diagnostics,sym,250,0.006339032558845244,0.00043996126047575343,0.00589907129836949,0.006778993819320998,10
UniGCN,diagnostics,sym,251,0.006314475291470371,0.0004402748065780199,0.0058742004848923515,0.006754750098048391,10
UniGCN,diagnostics,sym,252,0.0062900615064062915,0.0004405727810898857,0.005849488725316406,0.006730634287496177,10
UniGCN,diagnostics,sym,253,0.006265790237695837,0.0004408552506241827,0.005824934987071655,0.00670664548832002,10
UniGCN,diagnostics,sym,254,0.006241660527651295,0.00044112228383374314,0.005800538243817551,0.006682782811485038,10
UniGCN,diagnostics,sym,255,0.006217671426749257,0.00044137395134193807,0.005776297475407319,0.006659045378091194,10
UniGCN,diagnostics,sym,256,0.006193821993528239,0.00044161032567475647,0.005752211667853483,0.006635432319202996,10
UniGCN,diagnostics,op,0,1.0,0.0,1.0,1.0,10
UniGCN,diagnostics,op,1,0.5254396228393866,0.002409216576513378,0.5230304062628732,0.5278488394159,10
UniGCN,diagnostics,op,2,0.2783498537104489,0.002448130271295544,0.27590172343915337,0.28079798398174444,10
UniGCN,diagnostics,op,3,0.1801923469262966,0.002075284259660837,0.17811706266663577,0.18226763118595743,10
UniGCN,diagnostics,op,4,0.1319958622250009,0.0017615540503786327,0.13023430817462225,0.13375741627537954,10
UniGCN,diagnostics,op,5,0.10440806415853146,0.0015201689551106465,0.10288789520342081,0.1059282331136421,10
UniGCN,diagnostics,op,6,0.0868894073119934,0.001325967769500553,0.08556343954249285,0.08821537508149396,10
UniGCN,diagnostics,op,7,0.07485653266102354,0.0011640397024505385,0.07369249295857301,0.07602057236347408,10
UniGCN,diagnostics,op,8,0.06608102979052172,0.0010275121106120481,0.06505351767990968,0.06710854190113376,10
UniGCN,diagnostics,op,9,0.05938390307525813,0.0009126980105563079,0.05847120506470182,0.06029660108581444,10
UniGCN,diagnostics,op,10,0.05409313902912468,0.0008168562697220278,0.05327628275940265,0.05490999529884671,10
UniGCN,diagnostics,op,11,0.04979962759907723,0.0007374825364282425,0.04906214506264899,0.05053711013550547,10
UniGCN,diagnostics,op,12,0.04623995907823422,0.0006721861373046983,0.04556777294092952,0.04691214521553892,10
UniGCN,diagnostics,op,13,0.043236525306264,0.0006187318089734878,0.04261779349729051,0.04385525711523749,10
UniGCN,diagnostics,op,14,0.04066499968374495,0.000575097625575026,0.040089902058169924,0.041240097309319976,10
UniGCN,diagnostics,op,15,0.03843565884660991,0.0005395095063324781,0.037896149340277435,0.03897516835294239,10
UniGCN,diagnostics,op,16,0.03648210280621207,0.0005104495691715267,0.035971653237040546,0.0369925523753836,10
UniGCN,diagnostics,op,17,0.03475414246817897,0.00048664524865828316,0.03426749721952069,0.03524078771683725,10
UniGCN,diagnostics,op,18,0.0332131482336903,0.0004670468398384205,0.03274610139385188,0.03368019507352872,10
UniGCN,diagnostics,op,19,0.03182891340709028,0.0004507995459047789,0.0313781138611855,0.03227971295299506,10
UniGCN,diagnostics,op,20,0.030577483715877467,0.0004372142563022311,0.030140269459575236,0.0310146979721797,10
UniGCN,diagnostics,op,21,0.0294396219823073,0.0004257397033402437,0.029013882278967056,0.029865361685647546,10
UniGCN,diagnostics,op,22,0.028399701332373906,0.00041593744109217923,0.027983763891281727,0.028815638773466084,10
UniGCN,diagnostics,op,23,0.027444894053878698,0.00040746024424070845,0.027037433809637988,0.027852354298119407,10
UniGCN,diagnostics,op,24,0.026564568397590672,0.00040003398206074305,0.02616453441552993,0.026964602379651415,10
UniGCN,diagnostics,op,25,0.02574983412086503,0.00039344271432592483,0.025356391406539103,0.026143276835190955,10
UniGCN,diagnostics,op,26,0.02499319602159375,0.00038751661161246247,0.024605679409981287,0.025380712633206213,10
UniGCN,diagnostics,op,27,0.024288286921400455,0.00038212226229755817,0.023906164659102898,0.024670409183698012,10
UniGCN,diagnostics,op,28,0.023629659801581715,0.0003771549472574705,0.023252504854324244,0.024006814748839186,10
UniGCN,diagnostics,op,29,0.023012624460790283,0.0003725325102011318,0.02264009195058915,0.023385156970991416,10
UniGCN,diagnostics,op,30,0.02243311801820592,0.00036819050793526233,0.02206492751027066,0.022801308526141182,10
UniGCN,diagnostics,op,31,0.021887601385483728,0.00036407838031000006,0.02152352300517373,0.022251679765793727,10
UniGCN,diagnostics,op,32,0.02137297583762539,0.0003601564292452598,0.02101281940838013,0.021733132266870653,10
UniGCN,diagnostics,op,33,0.020886515267928816,0.00035639343838482246,0.020530121829543994,0.021242908706313637,10
UniGCN,diagnostics,op,34,0.020425810777973515,0.0003527647995583627,0.020073045978415152,0.020778575577531877,10
UniGCN,diagnostics,op,35,0.019988725041651785,0.0003492510401237226,0.019639474001528063,0.020337976081775507,10
UniGCN,diagnostics,op,36,0.01957335446997961,0.00034583666745183623,0.019227517802527773,0.019919191137431444,10
UniGCN,diagnostics,op,37,0.01917799764525018,0.000342509264349753,0.018835488380900427,0.01952050690959993,10
UniGCN,diagnostics,op,38,0.018801128827726974,0.00033925878302642115,0.018461870044700554,0.019140387610753394,10
UniGCN,diagnostics,op,39,0.01844137559330511,0.00033607699607470095,0.01810529859723041,0.01877745258937981,10
UniGCN,diagnostics,op,40,0.018097499856541903,0.00033295707150639845,0.017764542785035503,0.018430456928048303,10
UniGCN,diagnostics,op,41,0.017768381684893607,0.000329893245637819,0.017438488439255787,0.018098274930531427,10
UniGCN,diagnostics,op,42,0.01745300542773958,0.00032688057297518405,0.017126124854764398,0.017779886000714763,10
UniGCN,diagnostics,op,43,0.017150447775873157,0.0003239147364980007,0.016826533039375157,0.017474362512371156,10
UniGCN,diagnostics,op,44,0.016859867439598223,0.00032099190512109067,0.01653887553447713,0.017180859344719315,10
UniGCN,diagnostics,op,45,0.016580496190907477,0.00031810862781604286,0.016262387563091434,0.01689860481872352,10
UniGCN,diagnostics,op,46,0.016311631060844704,0.000315261756032714,0.01599636930481199,0.016626892816877417,10
UniGCN,diagnostics,op,47,0.016052627519663427,0.0003124483877921816,0.015740179131871247,0.016365075907455607,10
UniGCN,diagnostics,op,48,0.01580289349676964,0.00030966582821073197,0.01549322766855891,0.016112559324980374,10
UniGCN,diagnostics,op,49,0.01556188412119971,0.0003069115623287245,0.015254972558870985,0.015868795683528433,10
UniGCN,diagnostics,op,50,0.015329097082709528,0.00030418323701173107,0.015024913845697797,0.01563328031972126,10
UniGCN,diagnostics,op,51,0.015104068529350489,0.0003014786494077807,0.014802589879942709,0.015405547178758269,10
UniGCN,diagnostics,op,52,0.014886369430389668,0.00029879574001741874,0.01458757369037225,0.015185165170407086,10
UniGCN,diagnostics,op,53,0.014675602344153087,0.0002961325888903592,0.014379469755262728,0.014971734933043447,10
UniGCN,diagnostics,op,54,0.014471398539268255,0.00029348741382584446,0.014177911125442411,0.014764885953094099,10
UniGCN,diagnostics,op,55,0.014273415425200692,0.00029085856974129067,0.013982556855459401,0.014564273994941982,10
UniGCN,diagnostics,op,56,0.014081334254193376,0.00028824454859989094,0.013793089705593484,0.014369578802793267,10
UniGCN,diagnostics,op,57,0.013894858061945778,0.0002856439794644393,0.01360921408248134,0.014180502041410217,10
UniGCN,diagnostics,op,58,0.013713709818786082,0.00028305562838142637,0.013430654190404656,0.013996765447167507,10
UniGCN,diagnostics,op,59,0.013537630766836718,0.00028047839790408644,0.01325715236893263,0.013818109164740805,10
UniGCN,diagnostics,op,60,0.01336637892186345,0.0002779113261423186,0.013088467595721132,0.013644290248005769,10
UniGCN,diagnostics,op,61,0.01319972772122458,0.00027535358528606776,0.012924374135938513,0.013475081306510647,10
UniGCN,diagnostics,op,62,0.013037464801674517,0.0002728044795915313,0.012764660322082986,0.013310269281266048,10
UniGCN,diagnostics,op,63,0.012879390892786873,0.0002702634428495895,0.012609127449937283,0.013149654335636463,10
UniGCN,diagnostics,op,64,0.012725318813497685,0.0002677300353761116,0.012457588778121574,0.012993048848873796,10
UniGCN,diagnostics,op,65,0.012575072560770579,0.00026520394057648377,0.012309868620194096,0.012840276501347062,10
UniGCN,diagnostics,op,66,0.012428486480688526,0.00026268496114370933,0.012165801519544817,0.012691171441832235,10
UniGCN,diagnostics,op,67,0.012285404513409733,0.00026017301495208855,0.012025231498457644,0.012545577528361822,10
UniGCN,diagnostics,op,68,0.012145679504412886,0.00025766813070810516,0.011888011373704781,0.01240334763512099,10
UniGCN,diagnostics,op,69,0.01200917257531994,0.00025517044341748674,0.011754002131902452,0.012264343018737427,10
UniGCN,diagnostics,op,70,0.011875752548339866,0.0002526801897232716,0.011623072358616595,0.012128432738063138,10
UniGCN,diagnostics,op,71,0.011745295419039558,0.000250197703164633,0.011495097715874925,0.01199549312220419,10
UniGCN,diagnostics,op,72,0.011617683872730029,0.0002477234094005924,0.011369960463329437,0.01186540728213062,10
UniGCN,diagnostics,op,73,0.011492806840268618,0.00024525782143685384,0.011247549018831765,0.011738064661705471,10
UniGCN,diagnostics,op,74,0.011370559089529397,0.00024280153488820172,0.011127757554641194,0.011613360624417599,10
UniGCN,diagnostics,op,75,0.011250840849192936,0.00024035522330316896,0.011010485625889768,0.011491196072496105,10
UniGCN,diagnostics,op,76,0.011133557461859029,0.00023791963357229628,0.010895637828286732,0.011371477095431326,10
UniGCN,diagnostics,op,77,0.01101861906379815,0.00023549558143624248,0.010783123482361908,0.011254114645234391,10
UniGCN,diagnostics,op,78,0.010905940288934072,0.00023308394710535354,0.01067285634182872,0.011139024236039425,10
UniGCN,diagnostics,op,79,0.010795439994895713,0.00023068567099803475,0.010564754323897679,0.011026125665893748,10
UniGCN,diagnostics,op,80,0.010687041009194456,0.00022830174960144765,0.010458739259593008,0.010915342758795903,10
UniGCN,diagnostics,op,81,0.01058066989377741,0.00022593323145465475,0.010354736662322755,0.010806603125232066,10
UniGCN,diagnostics,op,82,0.010476256726379895,0.00022358121325125472,0.010252675513128641,0.01069983793963115,10
UniGCN,diagnostics,op,83,0.010373734897254799,0.0002212468360560005,0.010152488061198799,0.010594981733310799,10
UniGCN,diagnostics,op,84,0.010273040919993922,0.00021893128162749293,0.01005410963836643,0.010491972201621414,10
UniGCN,diagnostics,op,85,0.01017411425527953,0.00021663576883719886,0.009957478486442331,0.010390750024116728,10
UniGCN,diagnostics,op,86,0.010076897146514321,0.00021436155017329566,0.009862535596341026,0.010291258696687617,10
UniGCN,diagnostics,op,87,0.009981334466376467,0.0002121099083166009,0.009769224558059866,0.010193444374693068,10
UniGCN,diagnostics,op,88,0.009887373573434766,0.00020988215277471168,0.009677491420660055,0.010097255726209477,10
UniGCN,diagnostics,op,89,0.009794964178038167,0.00020767961655972147,0.009587284561478445,0.01000264379459789,10
UniGCN,diagnostics,op,90,0.009704058216764982,0.0002055036528943234,0.00949855456387066,0.009909561869659305,10
UniGCN,diagnostics,op,91,0.009614609734781208,0.00020335563193087412,0.009411254102850333,0.009817965366712082,10
UniGCN,diagnostics,op,92,0.009526574775514903,0.0002012369374679061,0.009325337838046998,0.00972781171298281,10
UniGCN,diagnostics,op,93,0.009439911277105407,0.00019914896364885782,0.009240762313456548,0.009639060240754265,10
UniGCN,diagnostics,op,94,0.009354578975133008,0.00019709311162824727,0.00915748586350476,0.009551672086761255,10
UniGCN,diagnostics,op,95,0.009270539311176891,0.00019507078619127223,0.009075468524985619,0.009465610097368163,10
UniGCN,diagnostics,op,96,0.009187755346787344,0.00019308339231383594,0.008994671954473508,0.00938083873910118,10
UniGCN,diagnostics,op,97,0.009106191682492682,0.00019113233165129738,0.008915059350841385,0.009297324014143979,10
UniGCN,diagnostics,op,98,0.009025814381492681,0.0001892189989458393,0.008836595382546842,0.00921503338043852,10
UniGCN,diagnostics,op,99,0.008946590897718583,0.00018734477834416802,0.008759246119374415,0.00913393567606275,10
UniGCN,diagnostics,op,100,0.008868490007965413,0.00018551103961951326,0.0086829789683459,0.009054001047584926,10
UniGCN,diagnostics,op,101,0.00879148174782579,0.00018371913429426063,0.008607762613531529,0.00897520088212005,10
UniGCN,diagnostics,op,102,0.008715537351175516,0.0001819703916623249,0.008533566959513192,0.00889750774283784,10
UniGCN,diagnostics,op,103,0.00864062919298066,0.00018026611471343463,0.008460363078267225,0.008820895307694095,10
UniGCN,diagnostics,op,104,0.00856673073521336,0.0001786075759646362,0.008388123159248724,0.008745338311177997,10
UniGCN,diagnostics,op,105,0.008493816475679684,0.00017699601320793785,0.008316820462471746,0.008670812488887623,10
UniGCN,diagnostics,op,106,0.008421861899577509,0.00017543262518655375,0.008246429274390956,0.008597294524764062,10
UniGCN,diagnostics,op,107,0.008350843433615779,0.00017391856721605007,0.008176924866399728,0.00852476200083183,10
UniGCN,diagnostics,op,108,0.008280738402538786,0.00017245494677048813,0.008108283455768299,0.008453193349309274,10
UniGCN,diagnostics,op,109,0.008211524987910262,0.00017104281905750557,0.008040482168852756,0.008382567806967767,10
UniGCN,diagnostics,op,110,0.008143182189022467,0.00016968318260995592,0.007973499006412511,0.008312865371632422,10
UniGCN,diagnostics,op,111,0.008075689785804783,0.00016837697492528864,0.007907312810879493,0.008244066760730072,10
UniGCN,diagnostics,op,112,0.008009028303615103,0.0001671250681870166,0.007841903235428086,0.00817615337180212,10
UniGCN,diagnostics,op,113,0.00794317897980518,0.00016592826510551233,0.007777250714699668,0.008109107244910693,10
UniGCN,diagnostics,op,114,0.007878123731958522,0.00016478729491761415,0.007713336437040908,0.008042911026876137,10
UniGCN,diagnostics,op,115,0.00781384512770614,0.00016370280958625174,0.0076501423181198885,0.007977547937292393,10
UniGCN,diagnostics,op,116,0.0077503263560316825,0.00016267538024233684,0.007587650975789346,0.007913001736274019,10
UniGCN,diagnostics,op,117,0.007687551199983293,0.00016170549391125838,0.007525845706072035,0.007849256693894552,10
UniGCN,diagnostics,op,118,0.007625504010714811,0.00016079355056581048,0.007464710460149001,0.007786297561280621,10
UniGCN,diagnostics,op,119,0.007564169682783853,0.00015993986054567102,0.007404229822238182,0.007724109543329524,10
UniGCN,diagnostics,op,120,0.0075035336306389176,0.00015914464238119834,0.007344388988257719,0.007662678273020116,10
UniGCN,diagnostics,op,121,0.007443581766231819,0.00015840802105580008,0.007285173745176019,0.007601989787287619,10
UniGCN,diagnostics,op,122,0.007384300477695683,0.0001577300267369265,0.007226570450958756,0.00754203050443261,10
UniGCN,diagnostics,op,123,0.007325676609032461,0.0001571105940005848,0.007168566015031876,0.007482787203033046,10
UniGCN,diagnostics,op,124,0.007267697440757115,0.00015654956156847127,0.007111147879188644,0.007424247002325586,10
UniGCN,diagnostics,op,125,0.007210350671448979,0.0001560466725704242,0.007054303998878555,0.007366397344019403,10
UniGCN,diagnostics,op,126,0.0071536244001635715,0.0001556015753380099,0.006998022824825562,0.007309225975501581,10
UniGCN,diagnostics,op,127,0.007097507109660918,0.00015521382472793844,0.0069422932849329795,0.007252720934388856,10
UniGCN,diagnostics,op,128,0.007041987650408981,0.00015488288396677666,0.006887104766442205,0.007196870534375758,10
UniGCN,diagnostics,op,129,0.006987055225323188,0.00015460812700125818,0.00683244709832193,0.007141663352324446,10
UniGCN,diagnostics,op,130,0.006932699375205162,0.00015438884133163556,0.006778310533873526,0.007087088216536797,10
UniGCN,diagnostics,op,131,0.006878909964845986,0.00015422423129907755,0.006724685733546908,0.007033134196145064,10
UniGCN,diagnostics,op,132,0.006825677169761117,0.00015411342179227043,0.006671563747968847,0.0069797905915533875,10
UniGCN,diagnostics,op,133,0.006772991463525964,0.00015405546233334208,0.006618936001192622,0.006927046925859306,10
UniGCN,diagnostics,op,134,0.006720843605682809,0.00015404933149893072,0.006566794274183879,0.00687489293718174,10
UniGCN,diagnostics,op,135,0.006669224630191352,0.0001540939416289748,0.006515130688562377,0.006823318571820326,10
UniGCN,diagnostics,op,136,0.006618125834396633,0.00015418814377343864,0.006463937690623194,0.006772313978170072,10
UniGCN,diagnostics,op,137,0.006567538768489506,0.00015433073282587292,0.006413208035663633,0.006721869501315379,10
UniGCN,diagnostics,op,138,0.006517455225436133,0.00015452045279238082,0.006362934772643753,0.006671975678228514,10
UniGCN,diagnostics,op,139,0.006467867231354225,0.000154756002145116,0.006313111229209109,0.006622623233499342,10
UniGCN,diagnostics,op,140,0.0064187670363148736,0.0001550360392109091,0.006263730997103965,0.006573803075525782,10
UniGCN,diagnostics,op,141,0.006370147105549983,0.0001553591875478646,0.006214787918002119,0.006525506293097848,10
UniGCN,diagnostics,op,142,0.006322000111046264,0.00015572404126563586,0.0061662760697806275,0.0064777241523119,10
UniGCN,diagnostics,op,143,0.006274318923507752,0.00015612917024856733,0.006118189753259185,0.00643044809375632,10
UniGCN,diagnostics,op,144,0.006227096604669758,0.00015657312524475578,0.006070523479425003,0.006383669729914514,10
UniGCN,diagnostics,op,145,0.006180326399947955,0.00015705444278826916,0.006023271957159686,0.006337380842736224,10
UniGCN,diagnostics,op,146,0.006134001731407172,0.00015757164992617268,0.0059764300814809995,0.006291573381333344,10
UniGCN,diagnostics,op,147,0.006088116191035205,0.00015812326872640772,0.005929992922308797,0.006246239459761613,10
UniGCN,diagnostics,op,148,0.006042663534307694,0.0001587078205470491,0.005883955713760645,0.006201371354854743,10
UniGCN,diagnostics,op,149,0.005997637674030776,0.0001593238300517719,0.005838313843979004,0.006156961504082547,10
UniGCN,diagnostics,op,150,0.005953032674448937,0.00015996982896045086,0.005793062845488486,0.006113002503409388,10
UniGCN,diagnostics,op,151,0.005908842745605965,0.00016064435952774532,0.00574819838607822,0.00606948710513371,10
UniGCN,diagnostics,op,152,0.005865062237947665,0.0001613459777460467,0.005703716260201618,0.006026408215693712,10
UniGCN,diagnostics,op,153,0.0058216856371553945,0.0001620732562724562,0.0056596123808829385,0.00598375889342785,10
UniGCN,diagnostics,op,154,0.005778707559200049,0.00016282478708230767,0.005615882772117741,0.005941532346282357,10
UniGCN,diagnostics,op,155,0.005736122745606682,0.00016359918385432839,0.005572523561752354,0.00589972192946101,10
UniGCN,diagnostics,op,156,0.00569392605892028,0.00016439508409464657,0.005529530974825634,0.005858321143014927,10
UniGCN,diagnostics,op,157,0.0056521124783637765,0.00016521115100871092,0.0054869013273550656,0.005817323629372487,10
UniGCN,diagnostics,op,158,0.005610677095679758,0.00016604607513163642,0.0054446310205481215,0.005776723170811395,10
UniGCN,diagnostics,op,159,0.0055696151111476935,0.0001668985757286511,0.0054027165354190426,0.005736513686876344,10
UniGCN,diagnostics,op,160,0.00552892182976894,0.00016776740197818623,0.005361154427790754,0.005696689231747126,10
UniGCN,diagnostics,op,161,0.005488592657612119,0.00016865133395074628,0.005319941323661373,0.005657243991562865,10
UniGCN,diagnostics,op,162,0.00544862309831176,0.00016954918339704355,0.0052790739149147165,0.005618172281708804,10
UniGCN,diagnostics,op,163,0.005409008749713538,0.00017045979435904442,0.005238548955354493,0.005579468544072582,10
UniGCN,diagnostics,op,164,0.0053697453006595845,0.0001713820436175221,0.005198363257042062,0.005541127344277107,10
UniGCN,diagnostics,op,165,0.005330828527907812,0.00017231484098953638,0.005158513686918276,0.005503143368897349,10
UniGCN,diagnostics,op,166,0.005292254293179326,0.00017325712948892703,0.005118997163690399,0.005465511422668253,10
UniGCN,diagnostics,op,167,0.005254018540328361,0.00017420788536250345,0.005079810654965857,0.005428226425690865,10
UniGCN,diagnostics,op,168,0.005216117292629392,0.00017516611801409276,0.0050409511746153,0.005391283410643485,10
UniGCN,diagnostics,op,169,0.0051785466501763034,0.0001761308698280438,0.00500241578034826,0.005354677520004347,10
UniGCN,diagnostics,op,170,0.0051413027873887475,0.00017710121590317998,0.004964201571485568,0.005318404003291927,10
UniGCN,diagnostics,op,171,0.005104381950621037,0.00017807626370753012,0.004926305686913507,0.0052824582143285665,10
UniGCN,diagnostics,op,172,0.005067780455869113,0.00017905515266353756,0.004888725303205576,0.0052468356085326505,10
UniGCN,diagnostics,op,173,0.005031494686571344,0.00018003705367274414,0.0048514576328986,0.005211531740244088,10
UniGCN,diagnostics,op,174,0.004995521091499082,0.0001810211685883205,0.0048144999229107616,0.005176542260087402,10
UniGCN,diagnostics,op,175,0.004959856182733096,0.00018200672964313594,0.00477784945308996,0.005141862912376232,10
UniGCN,diagnostics,op,176,0.004924496533722183,0.00018299299884044927,0.004741503534881734,0.005107489532562633,10
UniGCN,diagnostics,op,177,0.004889438777420376,0.0001839792673136828,0.004705459510106693,0.005073418044734058,10
UniGCN,diagnostics,op,178,0.0048546796044993765,0.00018496485466115795,0.004669714749838219,0.0050396444591605345,10
UniGCN,diagnostics,op,179,0.004820215761632982,0.00018594910826112885,0.004634266653371853,0.00500616486989411,10
UniGCN,diagnostics,op,180,0.004786044049850361,0.00018693140257191733,0.004599112647278444,0.004972975452422279,10
UniGCN,diagnostics,op,181,0.004752161322955257,0.00018791113842146775,0.004564250184533789,0.004940072461376724,10
UniGCN,diagnostics,op,182,0.004718564486008246,0.00018888774229017648,0.00452967674371807,0.004907452228298423,10
UniGCN,diagnostics,op,183,0.004685250493869361,0.00018986066559044523,0.004495389828278916,0.004875111159459807,10
UniGCN,diagnostics,op,184,0.004652216349798467,0.000190829383945975,0.004461386965852492,0.004843045733744442,10
UniGCN,diagnostics,op,185,0.004619459104110923,0.0001917933964734989,0.004427665707637424,0.004811252500584422,10
UniGCN,diagnostics,op,186,0.004586975852886136,0.00019275222506928992,0.004394223627816846,0.0047797280779554255,10
UniGCN,diagnostics,op,187,0.004554763736726745,0.0001937054137024795,0.0043610583230242654,0.004748469150429224,10
UniGCN,diagnostics,op,188,0.004522819939566268,0.0001946525277169518,0.004328167411849316,0.004717472467283219,10
UniGCN,diagnostics,op,189,0.004491141687523114,0.00019559315314332767,0.004295548534379786,0.0046867348406664415,10
UniGCN,diagnostics,op,190,0.004459726247798994,0.00019652689602230665,0.004263199351776687,0.0046562531438213,10
UniGCN,diagnostics,op,191,0.0044285709276197975,0.00019745338174045104,0.0042311175458793465,0.004626024309360249,10
UniGCN,diagnostics,op,192,0.004397673073217136,0.0001983722543792976,0.004199300818837838,0.0045960453275964335,10
UniGCN,diagnostics,op,193,0.004367030068848811,0.00019928317607851805,0.004167746892770293,0.004566313244927329,10
UniGCN,diagnostics,op,194,0.004336639335856516,0.00020018582641370442,0.004136453509442812,0.00453682516227022,10
UniGCN,diagnostics,op,195,0.004306498331759207,0.0002010799017892169,0.00410541842996999,0.004507578233548424,10
UniGCN,diagnostics,op,196,0.004276604549380573,0.00020196511484642373,0.00407463943453415,0.004478569664226996,10
UniGCN,diagnostics,op,197,0.004246955516009206,0.0002028411938875529,0.004044114322121653,0.004449796709896759,10
UniGCN,diagnostics,op,198,0.004217548792590006,0.00020370788231527655,0.00401384091027473,0.004421256674905283,10
UniGCN,diagnostics,op,199,0.00418838197294552,0.0002045649380880919,0.003983817034857428,0.004392946911033611,10
UniGCN,diagnostics,op,200,0.004159452683025941,0.00020541213319146773,0.003954040549834473,0.004364864816217408,10
UniGCN,diagnostics,op,201,0.004130758580186503,0.00020624925312467816,0.003924509327061825,0.004337007833311181,10
UniGCN,diagnostics,op,202,0.00410229735249115,0.00020707609640319244,0.003895221256087958,0.004309373448894343,10
UniGCN,diagnostics,op,203,0.004074066718041309,0.0002078924740764448,0.0038661742439648644,0.004281959192117754,10
UniGCN,diagnostics,op,204,0.004046064424328722,0.00020869820926076093,0.003837366215067961,0.004254762633589483,10
UniGCN,diagnostics,op,205,0.004018288247611306,0.00020949313668720598,0.0038087951109240996,0.004227781384298511,10
UniGCN,diagnostics,op,206,0.00399073599231105,0.0002102771022640693,0.0037804588900469806,0.004201013094575119,10
UniGCN,diagnostics,op,207,0.003963405490433008,0.0002110499626536933,0.003752355527779315,0.0041744554530867015,10
UniGCN,diagnostics,op,208,0.003936294601004497,0.00021181158486333832,0.0037244830161411585,0.004148106185867835,10
UniGCN,diagnostics,op,209,0.003909401209533631,0.00021256184584974322,0.0036968393636838876,0.004121963055383374,10
UniGCN,diagnostics,op,210,0.003882723227486365,0.00021330063213706265,0.0036694225953493023,0.004096023859623428,10
UniGCN,diagnostics,op,211,0.0038562585917812724,0.000214027839447814,0.0036422307523334583,0.0040702864312290865,10
UniGCN,diagnostics,op,212,0.0038300052643012853,0.00021474337234650206,0.0036152618919547833,0.004044748636647787,10
UniGCN,diagnostics,op,213,0.003803961231421688,0.00021544714389555025,0.003588514087526138,0.004019408375317239,10
UniGCN,diagnostics,op,214,0.003778124503553669,0.00021613907532320008,0.003561985428230469,0.003994263578876869,10
UniGCN,diagnostics,op,215,0.0037524931147027716,0.00021681909570301345,0.0035356740189997583,0.003969312210405785,10
UniGCN,diagnostics,op,216,0.003727065122041609,0.00021748714164462795,0.003509577980396981,0.0039445522636862365,10
UniGCN,diagnostics,op,217,0.0037018386054962446,0.0002181431569954165,0.0034836954485008283,0.003919981762491661,10
UniGCN,diagnostics,op,218,0.003676811667345654,0.00021878709255271153,0.0034580245747929425,0.0038955987598983653,10
UniGCN,diagnostics,op,219,0.0036519824318337222,0.00021941890578624555,0.003432563526047477,0.0038714013376199676,10
UniGCN,diagnostics,op,220,0.003627349044793238,0.00022003856057047874,0.0034073104842227593,0.0038473876053637165,10
UniGCN,diagnostics,op,221,0.003602909673281391,0.00022064602692648945,0.003382263646354902,0.0038235557002078806,10
UniGCN,diagnostics,op,222,0.0035786625052262834,0.00022124128077310543,0.003357421224453178,0.0037999037859993887,10
UniGCN,diagnostics,op,223,0.0035546057490839847,0.00022182430368695744,0.0033327814453970274,0.003776430052770942,10
UniGCN,diagnostics,op,224,0.0035307376335057075,0.00022239508267116135,0.003308342550834546,0.003753132716176869,10
UniGCN,diagnostics,op,225,0.0035070564070146587,0.00022295360993232399,0.0032841027970823347,0.0037300100169469826,10
UniGCN,diagnostics,op,226,0.0034835603376921877,0.00022349988266558157,0.003260060455026606,0.0037070602203577692,10
UniGCN,diagnostics,op,227,0.0034602477128728186,0.0002240339028474027,0.003236213810025416,0.003684281615720221,10
UniGCN,diagnostics,op,228,0.003437116838847812,0.0002245556770358639,0.003212561161811948,0.003661672515883676,10
UniGCN,diagnostics,op,229,0.0034141660405769074,0.0002250652161781562,0.0031891008243987514,0.0036392312567550635,10
UniGCN,diagnostics,op,230,0.003391393661407905,0.00022556253542504168,0.003165831125982863,0.003616956196832947,10
UniGCN,diagnostics,op,231,0.0033687980628037454,0.00022604765395203572,0.0031427504088517096,0.003594845716755781,10
UniGCN,diagnostics,op,232,0.003346377624076819,0.00022652059478705735,0.0031198570292897618,0.0035728982188638764,10
UniGCN,diagnostics,op,233,0.003324130742130172,0.00022698138464432403,0.003097149357485848,0.003551112126774496,10
UniGCN,diagnostics,op,234,0.0033020558312053506,0.00022743005376426302,0.0030746257774410877,0.0035294858849696134,10
UniGCN,diagnostics,op,235,0.003280151322636606,0.0002278666357592288,0.003052284686877377,0.003508017958395835,10
UniGCN,diagnostics,op,236,0.003258415664611208,0.00022829116746480533,0.0030301244971464025,0.003486706832076013,10
UniGCN,diagnostics,op,237,0.0032368473219356137,0.00022870368879650111,0.0030081436331391128,0.0034655510107321147,10
UniGCN,diagnostics,op,238,0.0032154447758072696,0.00022910424261164176,0.002986340533195628,0.0034445490184189112,10
UniGCN,diagnostics,op,239,0.003194206523591811,0.0002294928745762658,0.002964713649015545,0.003423699398168077,10
UniGCN,diagnostics,op,240,0.003173131078605456,0.00022986963303684363,0.0029432614455686124,0.0034030007116422996,10
UniGCN,diagnostics,op,241,0.003152216969902375,0.00023023456889665388,0.0029219824010057213,0.003382451538799029,10
UniGCN,diagnostics,op,242,0.0031314627420668656,0.00023058773549663222,0.0029008750065702333,0.003362050477563498,10
UniGCN,diagnostics,op,243,0.003110866955010112,0.00023092918850054912,0.002879937766509563,0.0033417961435106614,10
UniGCN,diagnostics,op,244,0.003090428183771392,0.0002312589857843411,0.0028591691979870507,0.003321687169555733,10
UniGCN,diagnostics,op,245,0.0030701450183235218,0.0002315771873294598,0.002838567830994062,0.0033017222056529816,10
UniGCN,diagnostics,op,246,0.0030500160633824074,0.00023188385512008594,0.0028181322082623216,0.0032818999185024933,10
UniGCN,diagnostics,op,247,0.003030039938220535,0.00023217905304407006,0.002797860885176465,0.003262218991264605,10
UniGCN,diagnostics,op,248,0.0030102152764842466,0.00023246284679746427,0.0027777524296867823,0.003242678123281711,10
UniGCN,diagnostics,op,249,0.002990540726014678,0.0002327353037925176,0.0027578054222221603,0.0032232760298071955,10
UniGCN,diagnostics,op,250,0.0029710149486722064,0.00023299649306900863,0.002738018455603198,0.003204011441741215,10
UniGCN,diagnostics,op,251,0.0029516366201642885,0.0002332464852087923,0.002718390134955496,0.003184883105373081,10
UniGCN,diagnostics,op,252,0.0029324044298765705,0.0002334853522534547,0.002698919077623116,0.003165889782130025,10
UniGCN,diagnostics,op,253,0.002913317080707141,0.00023371316762494708,0.002679603913082194,0.003147030248332088,10
UniGCN,diagnostics,op,254,0.0028943732889038275,0.00023393000604911434,0.0026604432828547134,0.0031283032949529417,10
UniGCN,diagnostics,op,255,0.002875571783904422,0.00023413594348199127,0.0026414358404224306,0.003109707727386413,10
UniGCN,diagnostics,op,256,0.002856911308179739,0.00023433105703878635,0.0026225802511409524,0.0030912423652185252,10
UniGCN,restart,base,0,1.0,0.0,1.0,1.0,10
UniGCN,restart,base,1,0.09030202339740971,0.0003511354860906079,0.0899508879113191,0.09065315888350033,10
UniGCN,restart,base,2,0.023247590550615906,0.00014672184485988878,0.023100868705756016,0.023394312395475795,10
UniGCN,restart,base,3,0.010308811503241689,8.613202250188993e-05,0.010222679480739799,0.010394943525743579,10
UniGCN,restart,base,4,0.005863874565185643,5.912746727827137e-05,0.005804747097907371,0.0059230020324639145,10
UniGCN,restart,base,5,0.0038275123695762935,4.4321006978421873e-05,0.003783191362597872,0.0038718333765547152,10
UniGCN,restart,base,6,0.0027215692839932483,3.4958103913510134e-05,0.0026866111800797382,0.0027565273879067583,10
UniGCN,restart,base,7,0.0020482787638215288,2.8537750562925066e-05,0.0020197410132586037,0.002076816514384454,10
UniGCN,restart,base,8,0.0016039695494898347,2.3935432313431158e-05,0.0015800341171764035,0.001627904981803266,10
UniGCN,restart,base,9,0.001293070431706366,2.053307663546846e-05,0.0012725373550708976,0.0013136035083418345,10
UniGCN,restart,base,10,0.0010657686797570693,1.794528374225885e-05,0.0010478233960148106,0.001083713963499328,10
UniGCN,restart,base,11,0.0008938644749900236,1.5918955510056978e-05,0.0008779455194799666,0.0009097834305000806,10
UniGCN,restart,base,12,0.0007603142279123921,1.428572421414072e-05,0.0007460285036982513,0.0007745999521265328,10
UniGCN,restart,base,13,0.0006542658185568556,1.2933507339269765e-05,0.0006413323112175858,0.0006671993258961253,10
UniGCN,restart,base,14,0.0005685124133133086,1.17875563295938e-05,0.0005567248569837148,0.0005802999696429024,10
UniGCN,restart,base,15,0.0004980996421611033,1.0797616133759003e-05,0.00048730202602734424,0.0005088972582948623,10
UniGCN,restart,base,16,0.0004395216157724347,9.929369325425181e-06,0.0004295922464470095,0.00044945098509785984,10
UniGCN,restart,base,17,0.0003902355523799927,9.158853472737478e-06,0.00038107669890725525,0.0003993944058527302,10
UniGCN,restart,base,18,0.0003483574974214307,8.468874119957909e-06,0.00033988862330147277,0.0003568263715413886,10
UniGCN,restart,base,19,0.0003124653609192172,7.846717631878027e-06,0.0003046186432873392,0.0003203120785510952,10
UniGCN,restart,base,20,0.0002814678574633086,7.282693316072969e-06,0.00027418516414723566,0.0002887505507793816,10
UniGCN,restart,base,21,0.0002545151755186295,6.769198422155119e-06,0.0002477459770964744,0.0002612843739407846,10
UniGCN,restart,base,22,0.00023093678350050934,6.300111436682795e-06,0.00022463667206382656,0.00023723689493719213,10
UniGCN,restart,base,23,0.00021019730168586026,5.870391891528563e-06,0.0002043269097943317,0.00021606769357738882,10
UniGCN,restart,base,24,0.0001918646543705396,5.47581097984545e-06,0.00018638884339069415,0.00019734046535038508,10
UniGCN,restart,base,25,0.00017558672700767954,5.11276595716333e-06,0.00017047396105051622,0.00018069949296484287,10
UniGCN,restart,base,26,0.00016107401411478135,4.778149010247526e-06,0.00015629586510453383,0.00016585216312502886,10
UniGCN,restart,base,27,0.0001480865525058101,4.469252175578423e-06,0.00014361730033023168,0.00015255580468138854,10
UniGCN,restart,base,28,0.00013642396354125483,4.183696609895056e-06,0.00013224026693135977,0.0001406076601511499,10
UniGCN,restart,base,29,0.00012591778057795128,3.919378680433762e-06,0.00012199840189751752,0.00012983715925838504,10
UniGCN,restart,base,30,0.00011642547650518587,3.6744279447664095e-06,0.00011275104856041946,0.00012009990444995227,10
UniGCN,restart,base,31,0.00010782577035825644,3.447173733390821e-06,0.00010437859662486562,0.00011127294409164725,10
UniGCN,restart,base,32,0.00010001490639777637,3.2361180995179665e-06,9.67787882982584e-05,0.00010325102449729433,10
UniGCN,restart,base,33,9.290367982287802e-05,3.0399135833981933e-06,8.986376623947983e-05,9.594359340627621e-05,10
UniGCN,restart,base,34,8.641504101661493e-05,2.857344689758122e-06,8.355769632685681e-05,8.927238570637304e-05,10
UniGCN,restart,base,35,8.048215194517798e-05,2.6873122806309207e-06,7.779483966454706e-05,8.316946422580889e-05,10
UniGCN,restart,base,36,7.504679880702603e-05,2.5288202942739313e-06,7.25179785127521e-05,7.757561910129996e-05,10
UniGCN,restart,base,37,7.005808750886752e-05,2.3809643467097096e-06,6.767712316215781e-05,7.243905185557722e-05,10
UniGCN,restart,base,38,6.547136528600855e-05,2.2429218764657596e-06,6.322844340954279e-05,6.771428716247431e-05,10
UniGCN,restart,base,39,6.124732436212362e-05,2.113943568681544e-06,5.913338079344207e-05,6.336126793080517e-05,10
UniGCN,restart,base,40,5.735125307345411e-05,1.9933458506251193e-06,5.5357907222828984e-05,5.934459892407923e-05,10
UniGCN,restart,base,41,5.3752407161451124e-05,1.8805042926136516e-06,5.187190286883747e-05,5.5632911454064775e-05,10
UniGCN,restart,base,42,5.042347954022327e-05,1.7748477802826378e-06,4.864863175994063e-05,5.21983273205059e-05,10
UniGCN,restart,base,43,4.734015118846849e-05,1.6758533487970888e-06,4.56642978396714e-05,4.9016004537265576e-05,10
UniGCN,restart,base,44,4.448070920616026e-05,1.583041588836905e-06,4.2897667617323356e-05,4.606375079499716e-05,10
UniGCN,restart,base,45,4.182572074057252e-05,1.4959725493659888e-06,4.0329748191206526e-05,4.332169328993851e-05,10
UniGCN,restart,base,46,3.935775359298131e-05,1.4142420742876057e-06,3.79435115186937e-05,4.0771995667268915e-05,10
UniGCN,restart,base,47,3.706113599320068e-05,1.3374785198139699e-06,3.572365747338671e-05,3.8398614513014646e-05,10
UniGCN,restart,base,48,3.4921749369714556e-05,1.2653398072692454e-06,3.365640956244531e-05,3.61870891769838e-05,10
UniGCN,restart,base,49,3.2926849021398924e-05,1.1975107725034987e-06,3.1729338248895426e-05,3.412435979390242e-05,10
UniGCN,restart,base,50,3.106490846849162e-05,1.133700778424071e-06,2.9931207690067552e-05,3.219860924691569e-05,10
UniGCN,restart,base,51,2.9325483968575286e-05,1.073641561584353e-06,2.8251842406990933e-05,3.039912553015964e-05,10
UniGCN,restart,base,52,2.7699096261252313e-05,1.0170852874861976e-06,2.6682010973766115e-05,2.871618154873851e-05,10
UniGCN,restart,base,53,2.617712707893031e-05,9.638027923914376e-07,2.521332428653887e-05,2.7140929871321748e-05,10
UniGCN,restart,base,54,2.4751728351112415e-05,9.135819921083292e-07,2.3838146359004087e-05,2.5665310343220742e-05,10
UniGCN,restart,base,55,2.341574235189639e-05,8.662264405055257e-07,2.2549515911390866e-05,2.4281968792401916e-05,10
UniGCN,restart,base,56,2.2162631307785496e-05,8.215540224770572e-07,2.134107728530844e-05,2.2984185330262552e-05,10
UniGCN,restart,base,57,2.0986415205566593e-05,7.793957677899254e-07,2.0207019437776666e-05,2.176581097335652e-05,10
UniGCN,restart,base,58,1.988161672604846e-05,7.395947737343435e-07,1.9142021952314116e-05,2.0621211499782804e-05,10
UniGCN,restart,base,59,1.8843212385414352e-05,7.020052257996198e-07,1.8141207159614734e-05,1.954521761121397e-05,10
UniGCN,restart,base,60,1.7866589097105666e-05,6.66491506744223e-07,1.7200097590361442e-05,1.853308060384989e-05,10
UniGCN,restart,base,61,1.6947505477797977e-05,6.329273854392772e-07,1.63145780923587e-05,1.7580432863237256e-05,10
UniGCN,restart,base,62,1.608205731463964e-05,6.0119527775951e-07,1.548086203688013e-05,1.668325259239915e-05,10
UniGCN,restart,base,63,1.526664669034248e-05,5.711855725898475e-07,1.4695461117752633e-05,1.583783226293233e-05,10
UniGCN,restart,base,64,1.4497954330277533e-05,5.427960167225382e-07,1.3955158313554995e-05,1.504075034700007e-05,10
UniGCN,restart,base,65,1.3772914793356263e-05,5.159311530496775e-07,1.3256983640306585e-05,1.428884594640594e-05,10
UniGCN,restart,base,66,1.3088694177754237e-05,4.905018070186199e-07,1.2598192370735617e-05,1.3579195984772858e-05,10
UniGCN,restart,base,67,1.2442670054773014e-05,4.6642461682093293e-07,1.1976245437952082e-05,1.2909094671593947e-05,10
UniGCN,restart,base,68,1.1832413380427405e-05,4.4362160323599814e-07,1.1388791777191407e-05,1.2276034983663404e-05,10
UniGCN,restart,base,69,1.1255672165597973e-05,4.2201977545410786e-07,1.0833652390143865e-05,1.1677691941052082e-05,10
UniGCN,restart,base,70,1.0710356712562031e-05,4.015507695660086e-07,1.0308805942996023e-05,1.111190748212804e-05,10
UniGCN,restart,base,71,1.019452624904638e-05,3.821505167308277e-07,9.812375732315553e-06,1.0576676765777208e-05,10
UniGCN,restart,base,72,9.706376811166091e-06,3.637589383262008e-07,9.34261787283989e-06,1.0070135749492292e-05,10
UniGCN,restart,base,73,9.244230244175664e-06,3.46319665646582e-07,8.897910578529082e-06,9.590549909822246e-06,10
UniGCN,restart,base,74,8.806524205241806e-06,3.2977978195144017e-07,8.476744423290365e-06,9.136303987193247e-06,10
UniGCN,restart,base,75,8.391803065772122e-06,3.1408958487692035e-07,8.077713480895202e-06,8.705892650649042e-06,10
UniGCN,restart,base,76,7.998709622474167e-06,2.99202367415131e-07,7.699507255059036e-06,8.297911989889298e-06,10
UniGCN,restart,base,77,7.625977536505968e-06,2.850742158366999e-07,7.3409033206692675e-06,7.911051752342667e-06,10
UniGCN,restart,base,78,7.272424429009759e-06,2.716638230865269e-07,7.000760605923232e-06,7.544088252096286e-06,10
UniGCN,restart,base,79,6.9369455691639755e-06,2.5893231632159203e-07,6.678013252842383e-06,7.195877885485568e-06,10
UniGCN,restart,base,80,6.618508097788391e-06,2.468430973847408e-07,6.37166500040365e-06,6.8653511951731315e-06,10
UniGCN,restart,base,81,6.316145735617393e-06,2.3536169512103944e-07,6.080784040496354e-06,6.551507430738432e-06,10
UniGCN,restart,base,82,6.02895393072275e-06,2.2445562854481944e-07,5.80449830217793e-06,6.25340955926757e-06,10
UniGCN,restart,base,83,5.756085404311103e-06,2.140942799570089e-07,5.5419911243540945e-06,5.970179684268112e-06,10
UniGCN,restart,base,84,5.496746058321609e-06,2.0424877719487502e-07,5.292497281126734e-06,5.700994835516484e-06,10
UniGCN,restart,base,85,5.250191211973408e-06,1.9489188427070384e-07,5.055299327702705e-06,5.445083096244112e-06,10
UniGCN,restart,base,86,5.015722137719848e-06,1.8599789972311756e-07,4.82972423799673e-06,5.2017200374429655e-06,10
UniGCN,restart,base,87,4.792682870007445e-06,1.7754256206534207e-07,4.615140307942103e-06,4.9702254320727875e-06,10
UniGCN,restart,base,88,4.5804572628567406e-06,1.695029617695301e-07,4.4109543010872104e-06,4.749960224626271e-06,10
UniGCN,restart,base,89,4.378466274617754e-06,1.6185745927571038e-07,4.216608815342044e-06,4.540323733893464e-06,10
UniGCN,restart,base,90,4.186165460338446e-06,1.5458560855869733e-07,4.031579851779748e-06,4.340751068897143e-06,10
UniGCN,restart,base,91,4.003042654049231e-06,1.4766808582679946e-07,3.855374568222431e-06,4.15071073987603e-06,10
UniGCN,restart,base,92,3.828615824936063e-06,1.4108662296277757e-07,3.687529201973285e-06,3.96970244789884e-06,10
UniGCN,restart,base,93,3.662431092871033e-06,1.3482394535075222e-07,3.527607147520281e-06,3.797255038221785e-06,10
UniGCN,restart,base,94,3.504060890112288e-06,1.2886371376281034e-07,3.3751971763494776e-06,3.6329246038750985e-06,10
UniGCN,restart,base,95,3.3531022571918336e-06,1.2319047000639705e-07,3.2299117871854365e-06,3.4762927271982308e-06,10
UniGCN,restart,base,96,3.2091752620951565e-06,1.1778958605832209e-07,3.0913856760368344e-06,3.3269648481534786e-06,10
UniGCN,restart,base,97,3.0719215328141545e-06,1.1264721643374158e-07,2.959274316380413e-06,3.184568749247896e-06,10
UniGCN,restart,base,98,2.9410028942361566e-06,1.0775025355891511e-07,2.8332526406772416e-06,3.0487531477950716e-06,10
UniGCN,restart,base,99,2.8161001011271946e-06,1.0308628593517423e-07,2.71301381519202e-06,2.919186387062369e-06,10
UniGCN,restart,base,100,2.6969116596863127e-06,9.864355889845731e-08,2.5982681007878555e-06,2.79555521858477e-06,10
UniGCN,restart,base,101,2.5831527307976166e-06,9.441093779422412e-08,2.4887417930033922e-06,2.677563668591841e-06,10
UniGCN,restart,base,102,2.474554108695155e-06,9.037787340164205e-08,2.384176235293513e-06,2.5649319820967968e-06,10
UniGCN,restart,base,103,2.3708612692888954e-06,8.653436945378407e-08,2.2843268998351115e-06,2.4573956387426794e-06,10
UniGCN,restart,base,104,2.2718334828837054e-06,8.287095211231974e-08,2.1889625307713857e-06,2.354704434996025e-06,10
UniGCN,restart,base,105,2.1772429864623283e-06,7.937864126591609e-08,2.097864345196412e-06,2.2566216277282445e-06,10
UniGCN,restart,base,106,2.0868742111023784e-06,7.604892353138856e-08,2.01082528757099e-06,2.162923134633767e-06,10
UniGCN,restart,base,107,2.000523060460305e-06,7.287372684563264e-08,1.9276493336146724e-06,2.073396787305938e-06,10
UniGCN,restart,base,108,1.9179962365856534e-06,6.984539654461995e-08,1.8481508400410334e-06,1.9878416331302732e-06,10
UniGCN,restart,base,109,1.839110609629983e-06,6.695667283330364e-08,1.7721539367966793e-06,1.9060672824632867e-06,10
UniGCN,restart,base,110,1.7636926282893093e-06,6.420066955722977e-08,1.6994919587320796e-06,1.827893297846539e-06,10
UniGCN,restart,base,111,1.6915777680694252e-06,6.157085419303353e-08,1.6300069138763916e-06,1.7531486222624589e-06,10
UniGCN,restart,base,112,1.6226100146922782e-06,5.9061028980878113e-08,1.5635489857114e-06,1.6816710436731564e-06,10
UniGCN,restart,base,113,1.556641380170722e-06,5.6665313127297976e-08,1.4999760670434241e-06,1.61330669329802e-06,10
UniGCN,restart,base,114,1.4935314492702732e-06,5.4378126011901295e-08,1.4391533232583718e-06,1.5479095752821746e-06,10
UniGCN,restart,base,115,1.4331469542516488e-06,5.219417133597338e-08,1.3809527829156755e-06,1.4853411255876221e-06,10
UniGCN,restart,base,116,1.3753613759483128e-06,5.0108422155274166e-08,1.3252529537930388e-06,1.425469798103587e-06,10
UniGCN,restart,base,117,1.3200545693803615e-06,4.811610674324516e-08,1.2719384626371164e-06,1.3681706761236067e-06,10
UniGCN,restart,base,118,1.2671124122410252e-06,4.621269523445677e-08,1.2208997170065685e-06,1.3133251074754818e-06,10
UniGCN,restart,base,119,1.2164264747159764e-06,4.439388700149376e-08,1.1720325877144826e-06,1.2608203617174703e-06,10
UniGCN,restart,base,120,1.167893709209439e-06,4.265559872157482e-08,1.1252381104878643e-06,1.2105493079310139e-06,10
UniGCN,restart,base,121,1.121416158655755e-06,4.099395309208459e-08,1.0804222055636704e-06,1.1624101117478397e-06,10
UniGCN,restart,base,122,1.0769006821913042e-06,3.940526815686607e-08,1.0374954140344381e-06,1.1163059503481703e-06,10
UniGCN,restart,base,123,1.034258697050292e-06,3.788604720759764e-08,9.963726498426943e-07,1.0721447442578895e-06,10
UniGCN,restart,base,124,9.934059356295286e-07,3.643296922688317e-08,9.569729664026455e-07,1.0298389048564117e-06,10
UniGCN,restart,base,125,9.542622167425432e-07,3.504287984181727e-08,9.19219336900726e-07,9.893050965843605e-07,10
UniGCN,restart,base,126,9.167512301527474e-07,3.371278275878081e-08,8.830384473939666e-07,9.504640129115282e-07,10
UniGCN,restart,base,127,8.80800333539363e-07,3.243983165206547e-08,8.483605018872975e-07,9.132401651914285e-07,10
UniGCN,restart,base,128,8.463403611089527e-07,3.122132248065199e-08,8.151190386283007e-07,8.775616835896047e-07,10
UniGCN,restart,base,129,8.133054431199671e-07,3.0054686209067504e-08,7.832507569108996e-07,8.433601293290347e-07,10
UniGCN,restart,base,130,7.816328356382143e-07,2.8937481909739545e-08,7.526953537284748e-07,8.105703175479538e-07,10
UniGCN,restart,base,131,7.512627598878262e-07,2.7867390225658116e-08,7.233953696621681e-07,7.791301501134843e-07,10
UniGCN,restart,base,132,7.221382506055031e-07,2.6842207173453686e-08,6.952960434320494e-07,7.489804577789568e-07,10
UniGCN,restart,base,133,6.942050128458059e-07,2.5859838268207916e-08,6.68345174577598e-07,7.200648511140139e-07,10
UniGCN,restart,base,134,6.674112867223311e-07,2.4918292952446256e-08,6.424929937698849e-07,6.923295796747773e-07,10
UniGCN,restart,base,135,6.417077196039349e-07,2.4015679312812558e-08,6.176920402911223e-07,6.657233989167475e-07,10
UniGCN,restart,base,136,6.170472453170387e-07,2.3150199068910537e-08,5.938970462481282e-07,6.401974443859492e-07,10
UniGCN,restart,base,137,5.933849699345796e-07,2.232014281971752e-08,5.710648271148621e-07,6.157051127542971e-07,10
UniGCN,restart,base,138,5.706780637596269e-07,2.152388553383155e-08,5.491541782257954e-07,5.922019492934585e-07,10
UniGCN,restart,base,139,5.48885659137142e-07,2.0759882270617922e-08,5.28125776866524e-07,5.696455414077599e-07,10
UniGCN,restart,base,140,5.279687537510501e-07,2.0026664120068297e-08,5.079420896309819e-07,5.479954178711184e-07,10
UniGCN,restart,base,141,5.078901190857978e-07,1.932283434988963e-08,4.885672847359081e-07,5.272129534356874e-07,10
UniGCN,restart,base,142,4.886142137520402e-07,1.8647064748992105e-08,4.6996714900304805e-07,5.072612785010323e-07,10
UniGCN,restart,base,143,4.7010710139515875e-07,1.7998092157161967e-08,4.5210900923799677e-07,4.881051935523207e-07,10
UniGCN,restart,base,144,4.5233637292303733e-07,1.737471517127788e-08,4.349616577517594e-07,4.6971108809431523e-07,10
UniGCN,restart,base,145,4.352710728060546e-07,1.6775791018965836e-08,4.1849528178708877e-07,4.520468638250204e-07,10
UniGCN,restart,base,146,4.188816292176318e-07,1.6200232591092956e-08,4.026813966265389e-07,4.3508186180872475e-07,10
UniGCN,restart,base,147,4.0313978779803497e-07,1.564700562497064e-08,3.874927821730643e-07,4.1878679342300563e-07,10
UniGCN,restart,base,148,3.880185488375053e-07,1.511512603058061e-08,3.7290342280692465e-07,4.031336748680859e-07,10
UniGCN,restart,base,149,3.734921076872869e-07,1.4603657352551277e-08,3.588884503347356e-07,3.8809576503983816e-07,10
UniGCN,restart,base,150,3.595357982187685e-07,1.4111708361001073e-08,3.4542408985776744e-07,3.7364750657976956e-07,10
UniGCN,restart,base,151,3.461260391618473e-07,1.3638430764731644e-08,3.3248760839711566e-07,3.59764469926579e-07,10
UniGCN,restart,base,152,3.332402831637893e-07,1.3183017040595383e-08,3.200572661231939e-07,3.4642330020438466e-07,10
UniGCN,restart,base,153,3.2085696841936177e-07,1.2744698373185724e-08,3.0811227004617605e-07,3.336016667925475e-07,10
UniGCN,restart,base,154,3.0895547273190616e-07,1.2322742699301168e-08,2.96632730032605e-07,3.2127821543120733e-07,10
UniGCN,restart,base,155,2.9751606987332153e-07,1.1916452851920452e-08,2.855996170214011e-07,3.0943252272524197e-07,10
UniGCN,restart,base,156,2.865198881187156e-07,1.1525164798695033e-08,2.7499472332002057e-07,2.9804505291741063e-07,10
UniGCN,restart,base,157,2.759488708387526e-07,1.114824597021813e-08,2.6480062486853443e-07,2.870971168089707e-07,10
UniGCN,restart,base,158,2.6578573903954887e-07,1.0785093673569863e-08,2.55000645365979e-07,2.7657083271311873e-07,10
UniGCN,restart,base,159,2.560139557463529e-07,1.0435133586863715e-08,2.455788221594892e-07,2.664490893332166e-07,10
UniGCN,restart,base,160,2.4661769213322877e-07,1.0097818330732166e-08,2.365198738024966e-07,2.567155104639609e-07,10
UniGCN,restart,base,161,2.3758179530657769e-07,9.772626112892701e-09,2.27809169193685e-07,2.473544214194704e-07,10
UniGCN,restart,base,162,2.288917576555882e-07,9.459059442124882e-09,2.194326982134633e-07,2.383508170977131e-07,10
UniGCN,restart,base,163,2.2053368768764807e-07,9.156643908171419e-09,2.1137704377947664e-07,2.296903315958195e-07,10
UniGCN,restart,base,164,2.124942822713798e-07,8.864927024246504e-09,2.036293552471333e-07,2.2135920929562629e-07,10
UniGCN,restart,base,165,2.0476080021431255e-07,8.583477128998002e-09,1.9617732308531454e-07,2.1334427734331056e-07,10
UniGCN,restart,base,166,1.9732103710628876e-07,8.311882344924191e-09,1.8900915476136456e-07,2.0563291945121297e-07,10
UniGCN,restart,base,167,1.9016330136353988e-07,8.049749590391798e-09,1.821135517731481e-07,1.9821305095393168e-07,10
UniGCN,restart,base,168,1.8327639141197318e-07,7.79670364254224e-09,1.7547968776943095e-07,1.9107309505451542e-07,10
UniGCN,restart,base,169,1.7664957395160136e-07,7.552386248504322e-09,1.6909718770309705e-07,1.8420196020010567e-07,10
UniGCN,restart,base,170,1.7027256324723498e-07,7.316455282458165e-09,1.629561079647768e-07,1.7758901852969314e-07,10
UniGCN,restart,base,171,1.641355013935571e-07,7.088583946214582e-09,1.570469174473425e-07,1.712240853397717e-07,10
UniGCN,restart,base,172,1.58228939505522e-07,6.8684600110885555e-09,1.5136047949443342e-07,1.6509739951661056e-07,10
UniGCN,restart,base,173,1.5254381978767528e-07,6.655785098953607e-09,1.4588803468872168e-07,1.591996048866289e-07,10
UniGCN,restart,base,174,1.470714584384953e-07,6.450274000467681e-09,1.406211844380276e-07,1.53521732438963e-07,10
UniGCN,restart,base,175,1.4180352934821125e-07,6.2516540285594505e-09,1.355518753196518e-07,1.480551833767707e-07,10
UniGCN,restart,base,176,1.3673204855077208e-07,6.059664405358359e-09,1.3067238414541373e-07,1.4279171295613043e-07,10
UniGCN,restart,base,177,1.3184935939273412e-07,5.874055680840819e-09,1.259753037118933e-07,1.3772341507357494e-07,10
UniGCN,restart,base,178,1.2714811838380503e-07,5.694589181550576e-09,1.2145352920225446e-07,1.328427075653556e-07,10
UniGCN,restart,base,179,1.2262128169564313e-07,5.521036487832986e-09,1.1710024520781015e-07,1.2814231818347612e-07,10
UniGCN,restart,base,180,1.1826209227726408e-07,5.35317893809982e-09,1.1290891333916426e-07,1.2361527121536389e-07,10
UniGCN,restart,base,181,1.1406406755706186e-07,5.1908071587163765e-09,1.0887326039834548e-07,1.1925487471577824e-07,10
UniGCN,restart,base,182,1.1002098770301392e-07,5.033720618171979e-09,1.0498726708484193e-07,1.150547083211859e-07,10
UniGCN,restart,base,183,1.0612688441411307e-07,4.8817272042633974e-09,1.0124515720984968e-07,1.1100861161837646e-07,10
UniGCN,restart,base,184,1.0237603021746239e-07,4.734642823084087e-09,9.76413873943783e-08,1.0711067304054648e-07,10
UniGCN,restart,base,185,9.876292824678419e-08,4.592291018673656e-09,9.417063722811054e-08,1.0335521926545784e-07,10
UniGCN,restart,base,186,9.528230247933593e-08,4.45450261224025e-09,9.082779986709569e-08,9.973680509157618e-08,10
UniGCN,restart,base,187,9.192908840940104e-08,4.321115359923804e-09,8.760797304947724e-08,9.625020376932485e-08,10
UniGCN,restart,base,188,8.869842413763155e-08,4.191973628121381e-09,8.450645050951016e-08,9.289039776575293e-08,10
UniGCN,restart,base,189,8.558564185656991e-08,4.066928085445933e-09,8.151871377112398e-08,8.965256994201583e-08,10
UniGCN,restart,base,190,8.258625971366864e-08,3.945835410437746e-09,7.86404243032309e-08,8.653209512410638e-08,10
UniGCN,restart,base,191,7.96959740340663e-08,3.828558014193841e-09,7.586741601987247e-08,8.352453204826014e-08,10
UniGCN,restart,base,192,7.691065188626612e-08,3.714963777123658e-09,7.319568810914247e-08,8.062561566338978e-08,10
UniGCN,restart,base,193,7.422632397470426e-08,3.604925799080859e-09,7.062139817562341e-08,7.783124977378512e-08,10
UniGCN,restart,base,194,7.163917784399108e-08,3.498322162160531e-09,6.814085568183056e-08,7.513750000615161e-08,10
UniGCN,restart,base,195,6.914555138036177e-08,3.395035705488297e-09,6.575051567487348e-08,7.254058708585007e-08,10
UniGCN,restart,base,196,6.674192659658659e-08,3.2949538113633164e-09,6.344697278522328e-08,7.00368804079499e-08,10
UniGCN,restart,base,197,6.442492368726748e-08,3.1979682021513244e-09,6.122695548511616e-08,6.76228918894188e-08,10
UniGCN,restart,base,198,6.219129534208782e-08,3.1039747473554038e-09,5.908732059473242e-08,6.529527008944323e-08,10
UniGCN,restart,base,199,6.003792130518934e-08,3.0128732803230226e-09,5.702504802486631e-08,6.305079458551235e-08,10
UniGCN,restart,base,200,5.796180316942605e-08,2.9245674240768507e-09,5.50372357453492e-08,6.08863705935029e-08,10
UniGCN,restart,base,201,5.596005939479011e-08,2.838964425783923e-09,5.312109496900618e-08,5.8799023820574034e-08,10
UniGCN,restart,base,202,5.4029920540822466e-08,2.7559749994042574e-09,5.127394554141821e-08,5.678589554022672e-08,10
UniGCN,restart,base,203,5.216872470331151e-08,2.6755131760844253e-09,4.9493211527227085e-08,5.484423787939593e-08,10
UniGCN,restart,base,204,5.0373913146048776e-08,2.5974961618851236e-09,4.7776416984163655e-08,5.29714093079339e-08,10
UniGCN,restart,base,205,4.864302611885241e-08,2.521844202454008e-09,4.61211819163984e-08,5.116487032130642e-08,10
UniGCN,restart,base,206,4.6973698853488785e-08,2.4484804542761047e-09,4.452521839921268e-08,4.942217930776489e-08,10
UniGCN,restart,base,207,4.536365772951984e-08,2.3773308621541125e-09,4.2986326867365725e-08,4.7740988591673954e-08,10
UniGCN,restart,base,208,4.381071660248272e-08,2.308324042589624e-09,4.1502392559893095e-08,4.6119040645072344e-08,10
UniGCN,restart,base,209,4.231277328716644e-08,2.2413911727544683e-09,4.007138211441197e-08,4.4554164459920907e-08,10
UniGCN,restart,base,210,4.0867806189091136e-08,2.1764658847581454e-09,3.869134030433299e-08,4.304427207384928e-08,10
UniGCN,restart,base,211,3.9473871077619904e-08,2.1134841649333212e-09,3.7360386912686586e-08,4.158735524255322e-08,10
UniGCN,restart,base,212,3.812909799444013e-08,2.052384257876731e-09,3.60767137365634e-08,4.0181482252316863e-08,10
UniGCN,restart,base,213,3.6831688291444167e-08,1.9931065749969197e-09,3.483858171644725e-08,3.8824794866441085e-08,10
UniGCN,restart,base,214,3.5579911792316935e-08,1.935593607334183e-09,3.364431818498275e-08,3.7515505399651116e-08,10
UniGCN,restart,base,215,3.4372104072402165e-08,1.879789842430521e-09,3.249231422997164e-08,3.625189391483269e-08,10
UniGCN,restart,base,216,3.3206663851670224e-08,1.8256416850398683e-09,3.1381022166630355e-08,3.503230553671009e-08,10
UniGCN,restart,base,217,3.2082050495849665e-08,1.7730973814802382e-09,3.0308953114369424e-08,3.3855147877329905e-08,10
UniGCN,restart,base,218,3.099678162101132e-08,1.7221069474402609e-09,2.927467467357106e-08,3.271888856845158e-08,10
UniGCN,restart,base,219,2.994943079711045e-08,1.6726220990628275e-09,2.827680869804762e-08,3.162205289617328e-08,10
UniGCN,restart,base,220,2.893862534619786e-08,1.6245961871383304e-09,2.7314029159059528e-08,3.056322153333619e-08,10
UniGCN,restart,base,221,2.7963044231206657e-08,1.5779841342490783e-09,2.638506009695758e-08,2.9541028365455735e-08,10
UniGCN,restart,base,222,2.7021416031407582e-08,1.5327423747151088e-09,2.5488673656692474e-08,2.855415840612269e-08,10
UniGCN,restart,base,223,2.6112517000803307e-08,1.488828797199855e-09,2.4623688203603453e-08,2.760134579800316e-08,10
UniGCN,restart,base,224,2.5235169205900777e-08,1.4462026898417366e-09,2.378896651605904e-08,2.6681371895742515e-08,10
UniGCN,restart,base,225,2.4388238739461404e-08,1.4048246877851527e-09,2.298341405167625e-08,2.5793063427246557e-08,10
UniGCN,restart,base,226,2.357063400698219e-08,1.3646567229911035e-09,2.220597728399109e-08,2.4935290729973293e-08,10
UniGCN,restart,base,227,2.2781304082806518e-08,1.3256619762142872e-09,2.145564210659223e-08,2.4106966059020807e-08,10
UniGCN,restart,base,228,2.201923713290231e-08,1.2878048310395258e-09,2.0731432301862787e-08,2.3307041963941836e-08,10
UniGCN,restart,base,229,2.128345890147765e-08,1.2510508298762996e-09,2.003240807160135e-08,2.253450973135395e-08,10
UniGCN,restart,base,230,2.0573031258730034e-08,1.2153666318154886e-09,1.9357664626914544e-08,2.1788397890545523e-08,10
UniGCN,restart,base,231,1.9887050807145637e-08,1.1807199722576854e-09,1.8706330834887952e-08,2.1067770779403322e-08,10
UniGCN,restart,base,232,1.9224647543879626e-08,1.1470796242272828e-09,1.8077567919652343e-08,2.0371727168106908e-08,10
UniGCN,restart,base,233,1.858498357685752e-08,1.114415361291082e-09,1.7470568215566437e-08,1.9699398938148603e-08,10
UniGCN,restart,base,234,1.7967251892342174e-08,1.0826979220046011e-09,1.6884553970337573e-08,1.9049949814346775e-08,10
UniGCN,restart,base,235,1.7370675171809777e-08,1.051898975813273e-09,1.6318776195996506e-08,1.8422574147623048e-08,10
UniGCN,restart,base,236,1.6794504656073353e-08,1.0219910903395992e-09,1.5772513565733754e-08,1.7816495746412952e-08,10
UniGCN,restart,base,237,1.6238019054682295e-08,9.929476999910438e-10,1.5245071354691253e-08,1.7230966754673338e-08,10
UniGCN,restart,base,238,1.5700523498712875e-08,9.647430758267865e-10,1.4735780422886089e-08,1.666526657453966e-08,10
UniGCN,restart,base,239,1.5181348535146662e-08,9.37352296624795e-10,1.4243996238521866e-08,1.6118700831771456e-08,10
UniGCN,restart,base,240,1.4679849161112426e-08,9.107512210936648e-10,1.376909794001876e-08,1.559060038220609e-08,10
UniGCN,restart,base,241,1.4195403896341783e-08,8.849164611766665e-10,1.3310487435165117e-08,1.508032035751845e-08,10
UniGCN,restart,base,242,1.372741389226042e-08,8.598253563980651e-10,1.2867588535862355e-08,1.4587239248658486e-08,10
UniGCN,restart,base,243,1.3275302076204892e-08,8.354559492044516e-10,1.243984612700044e-08,1.4110758025409344e-08,10
UniGCN,restart,base,244,1.2838512329320074e-08,8.117869612561888e-10,1.2026725368063884e-08,1.3650299290576263e-08,10
UniGCN,restart,base,245,1.2416508696754514e-08,7.887977706264433e-10,1.162771092612807e-08,1.3205306467380958e-08,10
UniGCN,restart,base,246,1.2008774628830346e-08,7.664683898673969e-10,1.1242306238962949e-08,1.2775243018697743e-08,10
UniGCN,restart,base,247,1.1614812251921047e-08,7.447794449053042e-10,1.0870032807015742e-08,1.2359591696826351e-08,10
UniGCN,restart,base,248,1.1234141667824445e-08,7.237121547279958e-10,1.0510429513096449e-08,1.195785382255244e-08,10
UniGCN,restart,base,249,1.0866300280470215e-08,7.032483118302834e-10,1.0163051968639932e-08,1.1569548592300499e-08,10
UniGCN,restart,base,250,1.0510842148850369e-08,6.833702633844085e-10,9.82747188546596e-09,1.1194212412234778e-08,10
UniGCN,restart,base,251,1.0167337365108528e-08,6.640608931043591e-10,9.50327647200417e-09,1.0831398258212888e-08,10
UniGCN,restart,base,252,9.835371456768852e-09,6.453036037743955e-10,9.190067852994458e-09,1.0480675060543247e-08,10
UniGCN,restart,base,253,9.514544812128605e-09,6.270823004135821e-10,8.887462511715024e-09,1.0141627112542187e-08,10
UniGCN,restart,base,254,9.204472127879498e-09,6.093813740495569e-10,8.59509075382994e-09,9.813853501929055e-09,10
UniGCN,restart,base,255,8.904781878062403e-09,5.921856860759903e-10,8.312596191986413e-09,9.496967564138394e-09,10
UniGCN,restart,base,256,8.615115803497576e-09,5.754805531695153e-10,8.039635250328061e-09,9.190596356667091e-09,10
UniGCN,restart,restart,0,1.0,0.0,1.0,1.0,10
UniGCN,restart,restart,1,0.12967787348030752,0.00038901225670478324,0.12928886122360272,0.1300668857370123,10
UniGCN,restart,restart,2,0.05131527906706507,0.00018961699601956688,0.0511256620710455,0.051504896063084636,10
UniGCN,restart,restart,3,0.033934627463352254,0.0001239445574698103,0.03381068290588245,0.03405857202082206,10
UniGCN,restart,restart,4,0.027894638310705006,9.428681155765082e-05,0.027800351499147356,0.027988925122262656,10
UniGCN,restart,restart,5,0.025209357692500205,7.834576620611419e-05,0.025131011926294092,0.025287703458706318,10
UniGCN,restart,restart,6,0.023817102591539827,6.884204952035773e-05,0.02374826054201947,0.023885944641060183,10
UniGCN,restart,restart,7,0.023017889351043007,6.277198790188652e-05,0.022955117363141122,0.023080661338944892,10
UniGCN,restart,restart,8,0.02252523221220663,5.8705070796751567e-05,0.022466527141409877,0.022583937283003383,10
UniGCN,restart,restart,9,0.022205153764152323,5.588458808677343e-05,0.02214926917606555,0.022261038352239096,10
UniGCN,restart,restart,10,0.021988613539428662,5.387678061909291e-05,0.02193473675880957,0.022042490320047754,10
UniGCN,restart,restart,11,0.02183734470263598,5.2417651106067475e-05,0.02178492705152991,0.021889762353742046,10
UniGCN,restart,restart,12,0.021728895232621524,5.1339202181650075e-05,0.021677556030439873,0.021780234434803175,10
UniGCN,restart,restart,13,0.021649470839500907,5.053080878402893e-05,0.021598940030716877,0.021700001648284936,10
UniGCN,restart,restart,14,0.02159026526367447,4.991759406966068e-05,0.021540347669604807,0.02164018285774413,10
UniGCN,restart,restart,15,0.021545471143452073,4.944769516630592e-05,0.021496023448285766,0.02159491883861838,10
UniGCN,restart,restart,16,0.021511150952391193,4.908446909884004e-05,0.021462066483292352,0.021560235421490034,10
UniGCN,restart,restart,17,0.021484570403253998,4.880157411538132e-05,0.021435768829138616,0.02153337197736938,10
UniGCN,restart,restart,18,0.021463791152839383,4.8579784960427045e-05,0.021415211367878956,0.02151237093779981,10
UniGCN,restart,restart,19,0.021447414280438674,4.840488376813891e-05,0.021399009396670533,0.021495819164206814,10
UniGCN,restart,restart,20,0.021434414307676664,4.826623437961794e-05,0.021386148073297046,0.021482680542056282,10
UniGCN,restart,restart,21,0.021424029185080257,4.815580029949664e-05,0.02137587338478076,0.021472184985379755,10
UniGCN,restart,restart,22,0.021415685788941864,4.806745642261952e-05,0.021367618332519243,0.021463753245364484,10
UniGCN,restart,restart,23,0.02140894848792944,4.799649897586301e-05,0.02136095198895358,0.021456944986905303,10
UniGCN,restart,restart,24,0.021403483021309254,4.7939291594004256e-05,0.02135554372971525,0.021451422312903257,10
UniGCN,restart,restart,25,0.021399030738121272,4.789300645689913e-05,0.021351137731664374,0.02144692374457817,10
UniGCN,restart,restart,26,0.021395389970954116,4.785543283136077e-05,0.021347534538122756,0.021443245403785477,10
UniGCN,restart,restart,27,0.021392402400843873,4.7824834076515525e-05,0.02134457756676736,0.021440227234920388,10
UniGCN,restart,restart,28,0.021389942964009777,4.779983993025384e-05,0.021342143124079522,0.021437742803940032,10
UniGCN,restart,restart,29,0.021387912304684828,4.777936476439665e-05,0.02134013293992043,0.021435691669449225,10
UniGCN,restart,restart,30,0.021386231079846284,4.776254513947171e-05,0.021338468534706813,0.021433993624985756,10
UniGCN,restart,restart,31,0.021384835625389276,4.7748691824319665e-05,0.021337086933564956,0.021432584317213597,10
UniGCN,restart,restart,32,0.02138367463298804,4.7737252737164666e-05,0.021335937380250875,0.021431411885725202,10
UniGCN,restart,restart,33,0.021382706583989466,4.772778418632445e-05,0.02133497879980314,0.02143043436817579,10
UniGCN,restart,restart,34,0.02138189775501957,4.7719928454496995e-05,0.021334177826565076,0.021429617683474067,10
UniGCN,restart,restart,35,0.021381220658630646,4.771339625648763e-05,0.02133350726237416,0.021428934054887133,10
UniGCN,restart,restart,36,0.021380652817315837,4.7707952958376675e-05,0.02133294486435746,0.021428360770274213,10
UniGCN,restart,restart,37,0.02138017579464481,4.7703407712402326e-05,0.021332472386932408,0.02142787920235721,10
UniGCN,restart,restart,38,0.021379774425914384,4.7699604860869675e-05,0.021332074821053516,0.021427474030775252,10
UniGCN,restart,restart,39,0.021379436204488782,4.7696417112573355e-05,0.021331739787376208,0.021427132621601355,10
UniGCN,restart,restart,40,0.021379150790271327,4.769374010872235e-05,0.021331457050162605,0.02142684453038005,10
UniGCN,restart,restart,41,0.021378909614455946,4.769148808191235e-05,0.021331218126374035,0.021426601102537857,10
UniGCN,restart,restart,42,0.021378705560529836,4.768959037778004e-05,0.021331015970152054,0.021426395150907617,10
UniGCN,restart,restart,43,0.021378532705927655,4.76879886596242e-05,0.02133084471726803,0.02142622069458728,10
UniGCN,restart,restart,44,0.02137838611212588,4.7686634655570634e-05,0.02133069947747031,0.02142607274678145,10
UniGCN,restart,restart,45,0.021378261653573566,4.768548833784721e-05,0.021330576165235718,0.021425947141911414,10
UniGCN,restart,restart,46,0.021378155877872444,4.768451644739874e-05,0.021330471361425046,0.021425840394319842,10
UniGCN,restart,restart,47,0.02137806589118744,4.7683691295195604e-05,0.021330382199892247,0.021425749582482636,10
UniGCN,restart,restart,48,0.021377989264094042,4.7682989785864084e-05,0.021330306274308177,0.021425672253879906,10
UniGCN,restart,restart,49,0.021377923954029834,4.7682392620543616e-05,0.02133024156140929,0.02142560634665038,10
UniGCN,restart,restart,50,0.021377868241275546,4.768188364443655e-05,0.02133018635763111,0.021425550124919982,10
UniGCN,restart,restart,51,0.021377820675990304,4.768144931163618e-05,0.021330139226678667,0.02142550212530194,10
UniGCN,restart,restart,52,0.02137778003430204,4.768107824518459e-05,0.021330098956056854,0.021425461112547225,10
UniGCN,restart,restart,53,0.021377745281833792,4.768076087461733e-05,0.021330064520959174,0.02142542604270841,10
UniGCN,restart,restart,54,0.02137771554335044,4.7680489136755646e-05,0.021330035054213683,0.021425396032487196,10
UniGCN,restart,restart,55,0.021377690077454218,4.7680256228213544e-05,0.021330009821226004,0.02142537033368243,10
UniGCN,restart,restart,56,0.021377668255453813,4.768005640031376e-05,0.0213299881990535,0.021425348311854126,10
UniGCN,restart,restart,57,0.021377649543690477,4.767988478878572e-05,0.02132996965890169,0.021425329428479262,10
UniGCN,restart,restart,58,0.021377633488733,4.767973727213543e-05,0.021329953751460864,0.021425313226005133,10
UniGCN,restart,restart,59,0.021377619704957912,4.767961035364621e-05,0.021329940094604267,0.021425299315311556,10
UniGCN,restart,restart,60,0.02137760786411607,4.7679501062871894e-05,0.021329928363053197,0.021425287365178944,10
UniGCN,restart,restart,61,0.02137759768655639,4.767940687333646e-05,0.021329918279683054,0.021425277093429725,10
UniGCN,restart,restart,62,0.02137758893383405,4.76793256335868e-05,0.021329909608200463,0.02142526825946764,10
UniGCN,restart,restart,63,0.02137758140247732,4.7679255509393756e-05,0.021329902146967925,0.021425260657986712,10
UniGCN,restart,restart,64,0.021377574918725172,4.767919493522628e-05,0.021329895723789946,0.0214252541136604,10
UniGCN,restart,restart,65,0.021377569334079555,4.767914257341795e-05,0.021329890191506138,0.02142524847665297,10
UniGCN,restart,restart,66,0.021377564521542287,4.7679097279791714e-05,0.021329885424262496,0.021425243618822077,10
UniGCN,restart,restart,67,0.021377560372427714,4.767905807466824e-05,0.021329881314353046,0.021425239430502382,10
UniGCN,restart,restart,68,0.02137755679366058,4.767902411838183e-05,0.021329877769542198,0.021425235817778963,10
UniGCN,restart,restart,69,0.0213775537054829,4.7678994690569854e-05,0.02132987471079233,0.021425232700173467,10
UniGCN,restart,restart,70,0.021377551039506254,4.767896917265899e-05,0.021329872070333596,0.02142523000867891,10
UniGCN,restart,restart,71,0.02137754873705597,4.767894703298782e-05,0.021329869790022982,0.02142522768408896,10
UniGCN,restart,restart,72,0.021377546747762263,4.767892781420605e-05,0.021329867819948056,0.02142522567557647,10
UniGCN,restart,restart,73,0.021377545028360496,4.767891112255704e-05,0.021329866117237938,0.021425223939483054,10
UniGCN,restart,restart,74,0.021377543541668743,4.767889661875712e-05,0.021329864645049986,0.0214252224382875,10
UniGCN,restart,restart,75,0.021377542255715802,4.767888401023039e-05,0.02132986337170557,0.021425221139726034,10
UniGCN,restart,restart,76,0.021377541142996892,4.767887304448731e-05,0.021329862269952406,0.02142522001604138,10
UniGCN,restart,restart,77,0.021377540179837992,4.767886350347982e-05,0.021329861316334513,0.02142521904334147,10
UniGCN,restart,restart,78,0.021377539345852504,4.767885519876193e-05,0.021329860490653742,0.021425218201051265,10
UniGCN,restart,restart,79,0.021377538623476553,4.767884796737003e-05,0.021329859775509184,0.021425217471443922,10
UniGCN,restart,restart,80,0.02137753799757131,4.767884166827918e-05,0.02132985915590303,0.021425216839239588,10
UniGCN,restart,restart,81,0.02137753745508239,4.767883617937846e-05,0.021329858618903012,0.02142521629126177,10
UniGCN,restart,restart,82,0.021377536984748043,4.767883139486616e-05,0.021329858153353178,0.021425215816142908,10
UniGCN,restart,restart,83,0.021377536576848943,4.767882722302121e-05,0.02132985774962592,0.021425215404071964,10
UniGCN,restart,restart,84,0.021377536222993532,4.767882358429226e-05,0.02132985739940924,0.021425215046577826,10
UniGCN,restart,restart,85,0.02137753591593376,4.767882040963246e-05,0.021329857095524127,0.02142521473634339,10
UniGCN,restart,restart,86,0.021377535649406882,4.7678817639094634e-05,0.021329856831767788,0.021425214467045976,10
UniGCN,restart,restart,87,0.02137753541799948,4.767881522059624e-05,0.021329856602778884,0.021425214233220073,10
UniGCN,restart,restart,88,0.021377535217030563,4.767881310888244e-05,0.021329856403921682,0.021425214030139444,10
UniGCN,restart,restart,89,0.02137753504245106,4.7678811264594904e-05,0.021329856231186464,0.021425213853715656,10
UniGCN,restart,restart,90,0.021377534890757287,4.767880965349736e-05,0.02132985608110379,0.021425213700410783,10
UniGCN,restart,restart,91,0.02137753475891646,4.7678808245802765e-05,0.02132985595067066,0.021425213567162264,10
UniGCN,restart,restart,92,0.021377534644302552,4.767880701557635e-05,0.021329855837286978,0.021425213451318127,10
UniGCN,restart,restart,93,0.021377534544640996,4.767880594022821e-05,0.02132985573870077,0.021425213350581222,10
UniGCN,restart,restart,94,0.02137753445796104,4.7678805000091576e-05,0.021329855652960947,0.021425213262961134,10
UniGCN,restart,restart,95,0.02137753438255465,4.7678804178009584e-05,0.02132985557837664,0.021425213186732663,10
UniGCN,restart,restart,96,0.021377534316941033,4.7678803459038586e-05,0.021329855513481995,0.02142521312040007,10
UniGCN,restart,restart,97,0.021377534259836028,4.767880283014257e-05,0.021329855457005886,0.02142521306266617,10
UniGCN,restart,restart,98,0.02137753421012569,4.767880227995073e-05,0.02132985540784574,0.02142521301240564,10
UniGCN,restart,restart,99,0.021377534166843463,4.767880179853968e-05,0.021329855365044923,0.021425212968642002,10
UniGCN,restart,restart,100,0.021377534129150423,4.7678801377254574e-05,0.021329855327773168,0.021425212930527678,10
UniGCN,restart,restart,101,0.02137753409631827,4.7678801008534166e-05,0.021329855295309737,0.021425212897326802,10
UniGCN,restart,restart,102,0.02137753406771454,4.7678800685776646e-05,0.021329855267028762,0.021425212868400316,10
UniGCN,restart,restart,103,0.02137753404278988,4.7678800403217236e-05,0.02132985524238666,0.021425212843193098,10
UniGCN,restart,restart,104,0.021377534021067002,4.7678800155823e-05,0.02132985522091118,0.021425212821222825,10
UniGCN,restart,restart,105,0.02137753400213112,4.7678799939191554e-05,0.021329855202191928,0.02142521280207031,10
UniGCN,restart,restart,106,0.02137753398562168,4.767879974947443e-05,0.021329855185872205,0.021425212785371153,10
UniGCN,restart,restart,107,0.0213775339712252,4.767879958331347e-05,0.021329855171641886,0.021425212770808517,10
UniGCN,restart,restart,108,0.021377533958669086,4.767879943777036e-05,0.021329855159231314,0.021425212758106858,10
UniGCN,restart,restart,109,0.021377533947716198,4.767879931027068e-05,0.021329855148405928,0.021425212747026467,10
UniGCN,restart,restart,110,0.02137753393816023,4.767879919857044e-05,0.02132985513896166,0.0214252127373588,10
UniGCN,restart,restart,111,0.021377533929821654,4.7678799100700005e-05,0.021329855130720953,0.021425212728922356,10
UniGCN,restart,restart,112,0.021377533922544198,4.767879901494721e-05,0.02132985512352925,0.021425212721559145,10
UniGCN,restart,restart,113,0.021377533916191828,4.767879893979518e-05,0.021329855117252033,0.021425212715131623,10
UniGCN,restart,restart,114,0.02137753391064609,4.767879887393838e-05,0.021329855111772152,0.02142521270952003,10
UniGCN,restart,restart,115,0.021377533905803818,4.767879881621338e-05,0.021329855106987605,0.02142521270462003,10
UniGCN,restart,restart,116,0.02137753390157514,4.76787987656192e-05,0.021329855102809523,0.02142521270034076,10
UniGCN,restart,restart,117,0.02137753389788177,4.7678798721269354e-05,0.0213298550991605,0.021425212696603038,10
UniGCN,restart,restart,118,0.021377533894655458,4.767879868239201e-05,0.021329855095973065,0.02142521269333785,10
UniGCN,restart,restart,119,0.021377533891836754,4.7678798648307684e-05,0.02132985509318845,0.02142521269048506,10
UniGCN,restart,restart,120,0.021377533889373815,4.767879861842387e-05,0.02132985509075539,0.02142521268799224,10
UniGCN,restart,restart,121,0.021377533887221436,4.767879859222315e-05,0.021329855088629213,0.02142521268581366,10
UniGCN,restart,restart,122,0.021377533885340215,4.767879856924915e-05,0.021329855086770967,0.021425212683909463,10
UniGCN,restart,restart,123,0.021377533883695763,4.7678798549102155e-05,0.021329855085146662,0.021425212682244864,10
UniGCN,restart,restart,124,0.02137753388225809,4.76787985314355e-05,0.021329855083726656,0.021425212680789524,10
UniGCN,restart,restart,125,0.021377533881001047,4.767879851594274e-05,0.021329855082485104,0.02142521267951699,10
UniGCN,restart,restart,126,0.021377533879901787,4.767879850235316e-05,0.021329855081399434,0.02142521267840414,10
UniGCN,restart,restart,127,0.021377533878940397,4.7678798490437114e-05,0.02132985508044996,0.021425212677430833,10
UniGCN,restart,restart,128,0.021377533878099465,4.767879847998341e-05,0.021329855079619483,0.021425212676579448,10
UniGCN,restart,restart,129,0.02137753387736383,4.7678798470812336e-05,0.02132985507889302,0.021425212675834644,10
UniGCN,restart,restart,130,0.02137753387672022,4.7678798462768905e-05,0.02132985507825745,0.021425212675182992,10
UniGCN,restart,restart,131,0.021377533876157057,4.767879845571263e-05,0.021329855077701344,0.02142521267461277,10
UniGCN,restart,restart,132,0.021377533875664233,4.7678798449523e-05,0.02132985507721471,0.021425212674113757,10
UniGCN,restart,restart,133,0.02137753387523291,4.76787984440928e-05,0.021329855076788817,0.021425212673677006,10
UniGCN,restart,restart,134,0.021377533874855376,4.76787984393282e-05,0.02132985507641605,0.021425212673294704,10
UniGCN,restart,restart,135,0.021377533874524884,4.767879843514728e-05,0.021329855076089737,0.02142521267296003,10
UniGCN,restart,restart,136,0.021377533874235542,4.767879843148107e-05,0.021329855075804063,0.021425212672667022,10
UniGCN,restart,restart,137,0.021377533873982196,4.767879842826109e-05,0.021329855075553936,0.021425212672410456,10
UniGCN,restart,restart,138,0.02137753387376035,4.7678798425438604e-05,0.02132985507533491,0.02142521267218579,10
UniGCN,restart,restart,139,0.021377533873566064,4.767879842295993e-05,0.021329855075143105,0.021425212671989022,10
UniGCN,restart,restart,140,0.021377533873395898,4.767879842078623e-05,0.02132985507497511,0.021425212671816685,10
UniGCN,restart,restart,141,0.021377533873246844,4.767879841887596e-05,0.02132985507482797,0.02142521267166572,10
UniGCN,restart,restart,142,0.021377533873116267,4.767879841720189e-05,0.021329855074699065,0.02142521267153347,10
UniGCN,restart,restart,143,0.021377533873001862,4.767879841573211e-05,0.02132985507458613,0.021425212671417594,10
UniGCN,restart,restart,144,0.021377533872901627,4.767879841444319e-05,0.021329855074487182,0.02142521267131607,10
UniGCN,restart,restart,145,0.02137753387281379,4.767879841331127e-05,0.02132985507440048,0.0214252126712271,10
UniGCN,restart,restart,146,0.021377533872736814,4.7678798412316966e-05,0.021329855074324496,0.021425212671149132,10
UniGCN,restart,restart,147,0.02137753387266935,4.767879841144378e-05,0.021329855074257907,0.021425212671080794,10
UniGCN,restart,restart,148,0.021377533872610217,4.7678798410679394e-05,0.021329855074199537,0.021425212671020898,10
UniGCN,restart,restart,149,0.021377533872558377,4.7678798410004234e-05,0.021329855074148373,0.02142521267096838,10
UniGCN,restart,restart,150,0.021377533872512934,4.767879840941739e-05,0.021329855074103517,0.02142521267092235,10
UniGCN,restart,restart,151,0.02137753387247309,4.767879840889705e-05,0.021329855074064194,0.021425212670881988,10
UniGCN,restart,restart,152,0.021377533872438157,4.767879840844398e-05,0.021329855074029715,0.0214252126708466,10
UniGCN,restart,restart,153,0.02137753387240752,4.767879840804535e-05,0.02132985507399947,0.021425212670815565,10
UniGCN,restart,restart,154,0.02137753387238065,4.767879840769312e-05,0.021329855073972958,0.021425212670788344,10
UniGCN,restart,restart,155,0.021377533872357087,4.767879840738741e-05,0.0213298550739497,0.021425212670764474,10
UniGCN,restart,restart,156,0.02137753387233642,4.7678798407116604e-05,0.021329855073929302,0.021425212670743536,10
UniGCN,restart,restart,157,0.021377533872318288,4.7678798406880214e-05,0.021329855073911407,0.02142521267072517,10
UniGCN,restart,restart,158,0.021377533872302387,4.767879840667263e-05,0.021329855073895714,0.02142521267070906,10
UniGCN,restart,restart,159,0.021377533872288433,4.76787984064879e-05,0.021329855073881944,0.021425212670694922,10
UniGCN,restart,restart,160,0.02137753387227619,4.767879840632774e-05,0.021329855073869863,0.021425212670682516,10
UniGCN,restart,restart,161,0.021377533872265445,4.7678798406186616e-05,0.021329855073859257,0.021425212670671632,10
UniGCN,restart,restart,162,0.02137753387225602,4.767879840606424e-05,0.021329855073849956,0.021425212670662087,10
UniGCN,restart,restart,163,0.021377533872247747,4.767879840595527e-05,0.021329855073841792,0.021425212670653702,10
UniGCN,restart,restart,164,0.021377533872240485,4.7678798405860414e-05,0.021329855073834624,0.021425212670646347,10
UniGCN,restart,restart,165,0.021377533872234115,4.767879840577751e-05,0.021329855073828338,0.021425212670639893,10
UniGCN,restart,restart,166,0.02137753387222852,4.7678798405700826e-05,0.021329855073822818,0.02142521267063422,10
UniGCN,restart,restart,167,0.02137753387222361,4.767879840563735e-05,0.021329855073817974,0.021425212670629246,10
UniGCN,restart,restart,168,0.021377533872219294,4.767879840558006e-05,0.021329855073813714,0.021425212670624874,10
UniGCN,restart,restart,169,0.02137753387221551,4.7678798405530626e-05,0.021329855073809977,0.02142521267062104,10
UniGCN,restart,restart,170,0.02137753387221219,4.767879840548601e-05,0.021329855073806702,0.021425212670617675,10
UniGCN,restart,restart,171,0.02137753387220927,4.7678798405449006e-05,0.021329855073803822,0.02142521267061472,10
UniGCN,restart,restart,172,0.02137753387220671,4.767879840541507e-05,0.021329855073801297,0.021425212670612124,10
UniGCN,restart,restart,173,0.021377533872204462,4.767879840538591e-05,0.021329855073799076,0.021425212670609848,10
UniGCN,restart,restart,174,0.02137753387220248,4.767879840535849e-05,0.021329855073797123,0.02142521267060784,10
UniGCN,restart,restart,175,0.021377533872200746,4.767879840533596e-05,0.02132985507379541,0.021425212670606084,10
UniGCN,restart,restart,176,0.02137753387219922,4.767879840531701e-05,0.021329855073793903,0.021425212670604536,10
UniGCN,restart,restart,177,0.02137753387219788,4.767879840529837e-05,0.02132985507379258,0.02142521267060318,10
UniGCN,restart,restart,178,0.021377533872196708,4.7678798405282534e-05,0.021329855073791426,0.02142521267060199,10
UniGCN,restart,restart,179,0.02137753387219567,4.7678798405267904e-05,0.021329855073790403,0.02142521267060094,10
UniGCN,restart,restart,180,0.02137753387219477,4.7678798405258126e-05,0.02132985507378951,0.021425212670600026,10
UniGCN,restart,restart,181,0.021377533872193967,4.767879840524571e-05,0.02132985507378872,0.021425212670599214,10
UniGCN,restart,restart,182,0.021377533872193263,4.7678798405236265e-05,0.021329855073788026,0.0214252126705985,10
UniGCN,restart,restart,183,0.02137753387219265,4.767879840522947e-05,0.02132985507378742,0.02142521267059788,10
UniGCN,restart,restart,184,0.021377533872192107,4.7678798405222604e-05,0.021329855073786885,0.02142521267059733,10
UniGCN,restart,restart,185,0.02137753387219163,4.7678798405217346e-05,0.021329855073786413,0.021425212670596844,10
UniGCN,restart,restart,186,0.021377533872191212,4.767879840520928e-05,0.021329855073786003,0.02142521267059642,10
UniGCN,restart,restart,187,0.021377533872190844,4.7678798405205826e-05,0.02132985507378564,0.02142521267059605,10
UniGCN,restart,restart,188,0.021377533872190522,4.767879840520162e-05,0.02132985507378532,0.021425212670595724,10
UniGCN,restart,restart,189,0.02137753387219024,4.767879840519959e-05,0.021329855073785042,0.02142521267059544,10
UniGCN,restart,restart,190,0.021377533872189988,4.767879840519314e-05,0.021329855073784796,0.02142521267059518,10
UniGCN,restart,restart,191,0.021377533872189772,4.767879840519199e-05,0.02132985507378458,0.021425212670594964,10
UniGCN,restart,restart,192,0.021377533872189575,4.767879840518754e-05,0.021329855073784387,0.021425212670594763,10
UniGCN,restart,restart,193,0.021377533872189405,4.7678798405188594e-05,0.021329855073784217,0.021425212670594593,10
UniGCN,restart,restart,194,0.02137753387218926,4.767879840518551e-05,0.021329855073784074,0.021425212670594444,10
UniGCN,restart,restart,195,0.021377533872189127,4.767879840518415e-05,0.021329855073783942,0.021425212670594312,10
UniGCN,restart,restart,196,0.021377533872189013,4.7678798405182184e-05,0.02132985507378383,0.021425212670594194,10
UniGCN,restart,restart,197,0.021377533872188905,4.76787984051801e-05,0.021329855073783724,0.021425212670594086,10
UniGCN,restart,restart,198,0.02137753387218882,4.76787984051777e-05,0.02132985507378364,0.021425212670593996,10
UniGCN,restart,restart,199,0.021377533872188742,4.767879840518029e-05,0.02132985507378356,0.021425212670593923,10
UniGCN,restart,restart,200,0.021377533872188673,4.767879840517828e-05,0.021329855073783495,0.02142521267059385,10
UniGCN,restart,restart,201,0.02137753387218861,4.7678798405177095e-05,0.021329855073783432,0.021425212670593788,10
UniGCN,restart,restart,202,0.021377533872188558,4.767879840517688e-05,0.02132985507378338,0.021425212670593736,10
UniGCN,restart,restart,203,0.021377533872188513,4.7678798405175564e-05,0.02132985507378334,0.021425212670593687,10
UniGCN,restart,restart,204,0.02137753387218847,4.7678798405176336e-05,0.021329855073783294,0.02142521267059365,10
UniGCN,restart,restart,205,0.021377533872188437,4.7678798405175096e-05,0.021329855073783262,0.02142521267059361,10
UniGCN,restart,restart,206,0.021377533872188402,4.767879840517476e-05,0.021329855073783228,0.021425212670593576,10
UniGCN,restart,restart,207,0.021377533872188374,4.767879840517271e-05,0.0213298550737832,0.02142521267059355,10
UniGCN,restart,restart,208,0.021377533872188346,4.7678798405172426e-05,0.021329855073783176,0.021425212670593517,10
UniGCN,restart,restart,209,0.021377533872188326,4.7678798405172325e-05,0.021329855073783155,0.021425212670593496,10
UniGCN,restart,restart,210,0.02137753387218831,4.767879840517169e-05,0.021329855073783138,0.02142521267059348,10
UniGCN,restart,restart,211,0.02137753387218829,4.7678798405171735e-05,0.02132985507378312,0.021425212670593462,10
UniGCN,restart,restart,212,0.021377533872188277,4.7678798405172704e-05,0.021329855073783103,0.02142521267059345,10
UniGCN,restart,restart,213,0.021377533872188263,4.767879840517177e-05,0.021329855073783092,0.021425212670593434,10
UniGCN,restart,restart,214,0.021377533872188253,4.7678798405172785e-05,0.02132985507378308,0.021425212670593427,10
UniGCN,restart,restart,215,0.021377533872188242,4.767879840517188e-05,0.02132985507378307,0.021425212670593413,10
UniGCN,restart,restart,216,0.021377533872188235,4.767879840517242e-05,0.021329855073783065,0.021425212670593406,10
UniGCN,restart,restart,217,0.02137753387218823,4.767879840517143e-05,0.021329855073783058,0.0214252126705934,10
UniGCN,restart,restart,218,0.02137753387218822,4.7678798405172094e-05,0.02132985507378305,0.021425212670593392,10
UniGCN,restart,restart,219,0.02137753387218821,4.767879840517415e-05,0.021329855073783037,0.021425212670593385,10
UniGCN,restart,restart,220,0.021377533872188208,4.767879840517305e-05,0.021329855073783033,0.021425212670593382,10
UniGCN,restart,restart,221,0.0213775338721882,4.7678798405172826e-05,0.021329855073783027,0.021425212670593375,10
UniGCN,restart,restart,222,0.021377533872188197,4.767879840517276e-05,0.021329855073783023,0.02142521267059337,10
UniGCN,restart,restart,223,0.021377533872188194,4.767879840517136e-05,0.021329855073783023,0.021425212670593365,10
UniGCN,restart,restart,224,0.021377533872188194,4.7678798405173605e-05,0.02132985507378302,0.021425212670593368,10
UniGCN,restart,restart,225,0.02137753387218819,4.7678798405170515e-05,0.02132985507378302,0.02142521267059336,10
UniGCN,restart,restart,226,0.021377533872188183,4.767879840517235e-05,0.021329855073783013,0.021425212670593354,10
UniGCN,restart,restart,227,0.02137753387218818,4.767879840516952e-05,0.02132985507378301,0.02142521267059335,10
UniGCN,restart,restart,228,0.021377533872188183,4.767879840517272e-05,0.02132985507378301,0.021425212670593358,10
UniGCN,restart,restart,229,0.02137753387218818,4.767879840517143e-05,0.02132985507378301,0.02142521267059335,10
UniGCN,restart,restart,230,0.02137753387218818,4.7678798405171186e-05,0.02132985507378301,0.02142521267059335,10
UniGCN,restart,restart,231,0.02137753387218818,4.767879840517142e-05,0.02132985507378301,0.02142521267059335,10
UniGCN,restart,restart,232,0.021377533872188176,4.767879840517213e-05,0.021329855073783006,0.021425212670593347,10
UniGCN,restart,restart,233,0.021377533872188176,4.767879840517052e-05,0.021329855073783006,0.021425212670593347,10
UniGCN,restart,restart,234,0.021377533872188176,4.7678798405171064e-05,0.021329855073783006,0.021425212670593347,10
UniGCN,restart,restart,235,0.021377533872188173,4.7678798405171396e-05,0.021329855073783002,0.021425212670593344,10
UniGCN,restart,restart,236,0.021377533872188176,4.767879840516937e-05,0.021329855073783006,0.021425212670593347,10
UniGCN,restart,restart,237,0.021377533872188173,4.7678798405169614e-05,0.021329855073783002,0.021425212670593344,10
UniGCN,restart,restart,238,0.021377533872188173,4.7678798405172426e-05,0.021329855073783002,0.021425212670593344,10
UniGCN,restart,restart,239,0.021377533872188173,4.7678798405170536e-05,0.021329855073783002,0.021425212670593344,10
UniGCN,restart,restart,240,0.021377533872188166,4.767879840517077e-05,0.021329855073782995,0.021425212670593337,10
UniGCN,restart,restart,241,0.02137753387218817,4.7678798405169695e-05,0.021329855073783,0.02142521267059334,10
UniGCN,restart,restart,242,0.021377533872188166,4.7678798405171965e-05,0.021329855073782995,0.021425212670593337,10
UniGCN,restart,restart,243,0.02137753387218817,4.7678798405171796e-05,0.021329855073783,0.02142521267059334,10
UniGCN,restart,restart,244,0.021377533872188173,4.767879840517113e-05,0.021329855073783002,0.021425212670593344,10
UniGCN,restart,restart,245,0.021377533872188173,4.767879840516957e-05,0.021329855073783002,0.021425212670593344,10
UniGCN,restart,restart,246,0.021377533872188166,4.76787984051702e-05,0.021329855073782995,0.021425212670593337,10
UniGCN,restart,restart,247,0.02137753387218817,4.767879840516997e-05,0.021329855073783,0.02142521267059334,10
UniGCN,restart,restart,248,0.021377533872188166,4.7678798405170603e-05,0.021329855073782995,0.021425212670593337,10
UniGCN,restart,restart,249,0.021377533872188166,4.7678798405171586e-05,0.021329855073782995,0.021425212670593337,10
UniGCN,restart,restart,250,0.02137753387218817,4.7678798405170766e-05,0.021329855073783,0.02142521267059334,10
UniGCN,restart,restart,251,0.021377533872188173,4.767879840517174e-05,0.021329855073783002,0.021425212670593344,10
UniGCN,restart,restart,252,0.021377533872188166,4.767879840517158e-05,0.021329855073782995,0.021425212670593337,10
UniGCN,restart,restart,253,0.021377533872188166,4.767879840517139e-05,0.021329855073782995,0.021425212670593337,10
UniGCN,restart,restart,254,0.02137753387218817,4.767879840516975e-05,0.021329855073783,0.02142521267059334,10
UniGCN,restart,restart,255,0.021377533872188166,4.767879840517096e-05,0.021329855073782995,0.021425212670593337,10
UniGCN,restart,restart,256,0.021377533872188166,4.767879840517197e-05,0.021329855073782995,0.021425212670593337,10
