family,features,seed,step,variant,energy_un,energy_sym,energy_op,norm_f2,norm_pi2,R_un,R_sym,R_op,energy_un_relative,energy_sym_relative,energy_op_relative,norm_f2_relative,norm_pi2_relative,R_un_relative,R_sym_relative,R_op_relative,zero_state,resolution_R_op,censored_R_op
HGNN,real,,0,base,55643.42979418242,12816.776171345919,12816.77617134592,34189.0,34189.0,1.62752434391712,0.3748801126486858,0.37488011264868587,1.0,1.0,1.0,1.0,1.0,1.0,1.0,1.0,False,1e-24,False
HGNN,real,,0,restart,55643.42979418242,12816.776171345919,12816.77617134592,34189.0,34189.0,1.62752434391712,0.3748801126486858,0.37488011264868587,1.0,1.0,1.0,1.0,1.0,1.0,1.0,1.0,False,1e-24,False
HGNN,real,,1,base,11815.481262120125,3175.4365092699836,3175.4365092699836,15487.543262299714,15487.543262299714,0.7629022280687834,0.20503164740141425,0.20503164740141425,0.21234279241635545,0.2477562584239562,0.24775625842395618,0.4529978432331953,0.4529978432331953,0.4687501178831113,0.5469259117342324,0.5469259117342323,False,1e-24,False
HGNN,real,,1,restart,14031.466793603931,3759.5138361659324,3759.5138361659333,16733.800331620503,16733.800331620503,0.8385104707559949,0.22466587156904727,0.22466587156904733,0.2521675397347799,0.2933275720747129,0.2933275720747129,0.4894498327421247,0.4894498327421247,0.5152061005354125,0.5993005870108401,0.5993005870108401,False,1e-24,False
HGNN,real,,2,base,5932.712133339767,1288.2424259417262,1288.2424259417262,10379.118530219908,10379.118530219908,0.5716007689926698,0.1241186736803199,0.1241186736803199,0.10662017340203639,0.10051220437334399,0.10051220437334397,0.30358064085582814,0.30358064085582814,0.35120873683335696,0.3310889788294429,0.3310889788294428,False,1e-24,False
HGNN,real,,2,restart,7848.833491042548,1901.2793006807005,1901.279300680701,11965.865970101973,11965.865970101973,0.655935267088376,0.15889191015771487,0.15889191015771492,0.1410558896184928,0.14834302130759947,0.14834302130759947,0.3499916923601735,0.3499916923601735,0.4030263937617506,0.4238472642228915,0.4238472642228916,False,1e-24,False
HGNN,real,,3,base,4253.712853936626,690.7327983333213,690.7327983333213,8171.621021439573,8171.621021439573,0.5205470056401685,0.084528246784949,0.084528246784949,0.0764459140939108,0.05389286581110559,0.053892865811105584,0.2390131627552597,0.2390131627552597,0.31983976619810045,0.22548074419771524,0.2254807441977152,False,1e-24,False
HGNN,real,,3,restart,5943.328942887879,1274.4090157981477,1274.4090157981477,9923.947074870708,9923.947074870708,0.5988876097432543,0.12841755464669796,0.12841755464669796,0.10681097417739084,0.09943288380484522,0.0994328838048452,0.29026725189010233,0.29026725189010233,0.36797459404008276,0.3425563275132785,0.34255632751327847,False,1e-24,False
HGNN,real,,4,base,3520.978765383201,434.89174533761684,434.8917453376169,6941.0510593881245,6941.0510593881245,0.5072688178285186,0.06265502754793939,0.0626550275479394,0.06327752941195086,0.033931445749196376,0.033931445749196376,0.2030200081718718,0.2030200081718718,0.3116812474875956,0.1671335059767648,0.1671335059767648,False,1e-24,False
HGNN,real,,4,restart,5108.33334199565,997.3738156688504,997.3738156688505,8824.660448650648,8824.660448650648,0.5788702434184592,0.11302121157776171,0.11302121157776172,0.09180478918878095,0.07781783830310224,0.07781783830310222,0.2581140264017856,0.2581140264017856,0.3556753209756828,0.3014862825857026,0.3014862825857026,False,1e-24,False
HGNN,real,,5,base,3116.2565805910563,301.6891885677416,301.68918856774167,6147.376827110023,6147.376827110023,0.5069246067441837,0.04907608514208659,0.0490760851420866,0.056004034836056496,0.023538617241535283,0.023538617241535283,0.1798056926821499,0.1798056926821499,0.311469753825076,0.13091141270563378,0.13091141270563378,False,1e-24,False
HGNN,real,,5,restart,4665.652597944714,853.6961140676184,853.6961140676185,8151.829827971328,8151.829827971328,0.5723442093866443,0.10472447684547287,0.10472447684547288,0.08384911956725775,0.06660771028959694,0.06660771028959694,0.23843428669956207,0.23843428669956207,0.3516655290139183,0.2793545811367542,0.2793545811367542,False,1e-24,False
HGNN,real,,6,base,2860.285826278448,222.9602919915334,222.96029199153347,5588.0171836156405,5588.0171836156405,0.5118605996175095,0.039899714812127764,0.03989971481212777,0.051403837557430616,0.017395972981879722,0.017395972981879722,0.16344488530274767,0.16344488530274767,0.31450257658546915,0.10643326617200224,0.10643326617200224,False,1e-24,False
HGNN,real,,6,restart,4402.049670558029,771.0604242043885,771.0604242043885,7705.940873334879,7705.940873334879,0.5712540159489916,0.10006051653893612,0.10006051653893612,0.07911176012766682,0.06016024731150608,0.06016024731150607,0.22539240320965453,0.22539240320965453,0.35099568131441855,0.2669133762043722,0.2669133762043722,False,1e-24,False
HGNN,real,,7,base,2684.227529635578,172.30838335042571,172.30838335042577,5169.984160226078,5169.984160226078,0.5191945364718873,0.03332860952960654,0.033328609529606555,0.04823979290213014,0.013443972263138244,0.013443972263138248,0.1512177647847576,0.1512177647847576,0.3190087683864019,0.08890471488104792,0.08890471488104795,False,1e-24,False
HGNN,real,,7,restart,4232.506172789852,719.9834265825401,719.9834265825402,7394.215572102757,7394.215572102757,0.5724077329796078,0.09737117068900823,0.09737117068900825,0.07606479666054598,0.05617507998557277,0.05617507998557277,0.21627469572385144,0.21627469572385144,0.35170455982362686,0.2597394937838658,0.2597394937838658,False,1e-24,False
HGNN,real,,8,base,2556.0561156580034,137.69427916600327,137.6942791660033,4844.20537471544,4844.20537471544,0.5276523016549752,0.028424533750097614,0.02842453375009762,0.045936350888371044,0.010743284998129423,0.010743284998129423,0.1416890044960496,0.1416890044960496,0.324205474177439,0.07582299724908402,0.07582299724908403,False,1e-24,False
HGNN,real,,8,restart,4117.387958071567,686.6972152536737,686.6972152536737,7167.8097921906965,7167.8097921906965,0.574427625375529,0.09580293494978451,0.09580293494978451,0.07399594117942104,0.053577998560113894,0.05357799856011389,0.20965251373806476,0.20965251373806476,0.3529456425782232,0.25555619441345245,0.2555561944134524,False,1e-24,False
HGNN,real,,9,base,2458.7942277637594,112.93398424354052,112.93398424354052,4582.169094518098,4582.169094518098,0.5366005001223876,0.024646402591002082,0.024646402591002082,0.04418840170094671,0.008811418935131569,0.008811418935131567,0.1340246598180145,0.1340246598180145,0.3297035169568643,0.06574475881599819,0.06574475881599819,False,1e-24,False
HGNN,real,,9,restart,4036.058537335963,664.1137659410435,664.1137659410437,6998.637298479736,6998.637298479736,0.5766920566397529,0.09489186789052552,0.09489186789052553,0.07253432349991369,0.05181597595702597,0.05181597595702598,0.20470435808241647,0.20470435808241647,0.3543369773823305,0.25312590529296025,0.25312590529296025,False,1e-24,False
HGNN,real,,10,base,2382.5942054043703,94.56832578850255,94.56832578850258,4366.1311414484435,4366.1311414484435,0.5456991849800361,0.021659524811508513,0.02165952481150852,0.04281896738244329,0.007378479933193038,0.007378479933193039,0.1277057282005453,0.1277057282005453,0.3352940231091408,0.0577772041799573,0.057777204179957305,False,1e-24,False
HGNN,real,,10,restart,3976.848455345228,648.3030916833861,648.3030916833862,6869.443312817568,6869.443312817568,0.5789185927082184,0.09437490960493544,0.09437490960493546,0.0714702251470669,0.05058238382384939,0.05058238382384939,0.2009255407533876,0.2009255407533876,0.3557050282362469,0.251746909000152,0.251746909000152,False,1e-24,False
HGNN,real,,11,base,2321.3615929271996,80.53675554384294,80.53675554384294,4184.458130233683,4184.458130233683,0.5547579927147132,0.019246639119638014,0.019246639119638014,0.04171852097387966,0.006283698370569703,0.006283698370569702,0.1223919427369529,0.1223919427369529,0.34086002755542416,0.05134078461418613,0.051340784614186126,False,1e-24,False
HGNN,real,,11,restart,3932.7229070823855,636.9540251927168,636.954025192717,6769.0672915715795,6769.0672915715795,0.580984460293247,0.09409775346535737,0.0940977534653574,0.07067721960398558,0.04969689855524947,0.04969689855524948,0.19798962507156043,0.19798962507156043,0.3569743595324268,0.25100758960115843,0.2510075896011585,False,1e-24,False
HGNN,real,,12,base,2271.1333547157865,69.55032864870891,69.55032864870893,4029.1980263416017,4029.1980263416017,0.5636688343109092,0.01726158113699332,0.017261581136993324,0.0408158404885609,0.005426507236991506,0.005426507236991506,0.11785071298784994,0.11785071298784994,0.3463351171474787,0.04604560379325802,0.04604560379325802,False,1e-24,False
HGNN,real,,12,restart,3899.220475392119,628.6407018628018,628.6407018628018,6689.988858667165,6689.988858667165,0.5828440910391821,0.09396737649994306,0.09396737649994306,0.0700751281834138,0.049048270287206465,0.04904827028720646,0.19567664625075798,0.19567664625075798,0.3581169727000181,0.2506598065072697,0.2506598065072697,False,1e-24,False
HGNN,real,,13,base,2229.2275020902916,60.769733320358,60.76973332035801,3894.7230710052086,3894.7230710052086,0.5723712473130828,0.015603094806089419,0.01560309480608942,0.040062726369239014,0.004741421127117681,0.004741421127117681,0.11391743165945797,0.11391743165945797,0.35168214193067093,0.04162155921221584,0.04162155921221583,False,1e-24,False
HGNN,real,,13,restart,3873.3941989808245,622.4480980008285,622.4480980008286,6626.970500485027,6626.970500485027,0.5844894282685175,0.09392649295108098,0.093926492951081,0.06961098935324422,0.0485651063636749,0.048565106363674906,0.19383341134531654,0.19383341134531654,0.35912791747358463,0.25055074884461265,0.2505507488446127,False,1e-24,False
HGNN,real,,14,base,2193.7671484711823,53.62937982150521,53.62937982150521,3776.9310633817186,3776.9310633817186,0.5808332510329082,0.014199194775211898,0.014199194775211898,0.03942544801040541,0.004184311179702334,0.004184311179702334,0.11047211276672961,0.11047211276672961,0.35688145200640176,0.037876628543692566,0.03787662854369256,False,1e-24,False
HGNN,real,,14,restart,3853.2321031812985,617.7695826654523,617.7695826654523,6576.265049934118,6576.265049934118,0.5859301706855475,0.09393927677407728,0.09393927677407728,0.06924864476244343,0.04820007577619879,0.04820007577619878,0.19235031881406645,0.19235031881406645,0.3600131530293014,0.2505848499413766,0.25058484994137653,False,1e-24,False
HGNN,real,,15,base,2163.4004050227927,47.736545359922744,47.73654535992275,3672.755037042874,3672.755037042874,0.5890402118309145,0.012997475976061261,0.012997475976061263,0.038879709842202764,0.003724536086277757,0.003724536086277757,0.10742505007583943,0.10742505007583943,0.3619240560256165,0.03467102024758961,0.03467102024758961,False,1e-24,False
HGNN,real,,15,restart,3837.3228135677086,614.1919490861753,614.1919490861753,6535.131298572202,6535.131298572202,0.5871837363705438,0.09398310776408797,0.09398310776408797,0.06896272979148572,0.04792093900019147,0.04792093900019146,0.19114719057510315,0.19114719057510315,0.3607833815605559,0.2507017699606889,0.2507017699606889,False,1e-24,False
HGNN,real,,16,base,2137.1287287488803,42.811232738009195,42.8112327380092,3579.8513236200565,3579.8513236200565,0.5969881247994818,0.01195894155032035,0.011958941550320352,0.03840756647557192,0.00334024969818237,0.00334024969818237,0.10470769322355308,0.10470769322355308,0.3668074932523914,0.03190070944501535,0.03190070944501535,False,1e-24,False
HGNN,real,,16,restart,3824.653714302886,611.4272844904509,611.427284490451,6501.526227958996,6501.526227958996,0.5882701353807424,0.09404365422092505,0.09404365422092507,0.06873504614021399,0.047705232292142276,0.047705232292142276,0.19016427002717237,0.19016427002717237,0.36145089784948825,0.2508632788132372,0.2508632788132373,False,1e-24,False
HGNN,real,,17,base,2114.1980993487905,38.649082324049594,38.6490823240496,3496.3948012645956,3496.3948012645956,0.604679453986179,0.01105398117800392,0.011053981178003923,0.03799546697910114,0.003015507316922346,0.0030155073169223466,0.10226665890387539,0.10226665890387539,0.37153327767180333,0.0294867100308493,0.029486710030849305,False,1e-24,False
HGNN,real,,17,restart,3814.4843669961933,609.2710818574587,609.2710818574589,6473.9029094034995,6473.9029094034995,0.589209387347401,0.09411186580702004,0.09411186580702005,0.06855228696551344,0.04753699945385547,0.04753699945385547,0.1893563107842727,0.1893563107842727,0.36202800256080586,0.25104523454733324,0.25104523454733324,False,1e-24,False
HGNN,real,,18,base,2094.0279658233935,35.09781096250931,35.09781096250931,3420.940688016654,3420.940688016654,0.6121205121031901,0.010259695844904531,0.010259695844904531,0.03763297793771739,0.0027384273933858993,0.002738427393385899,0.10005968843828875,0.10005968843828875,0.3761052880044427,0.02736793843881304,0.027367938438813036,False,1e-24,False
HGNN,real,,18,restart,3806.264507815867,607.5756567873619,607.5756567873619,6451.0740167727245,6451.0740167727245,0.5900202815716608,0.09418209358746646,0.09418209358746646,0.06840456316037183,0.047404717743741255,0.04740471774374125,0.18868858453808898,0.18868858453808898,0.36252624040731823,0.2512325685191202,0.2512325685191202,False,1e-24,False
HGNN,real,,19,base,2076.163623548303,32.04183671273937,32.04183671273937,3352.3288684195595,3352.3288684195595,0.619319793802659,0.009558082744980014,0.009558082744980014,0.03731192759374743,0.0024999919078226816,0.002499991907822681,0.09805284940827633,0.09805284940827633,0.38052874362056066,0.02549637183324593,0.025496371833245927,False,1e-24,False
HGNN,real,,19,restart,3799.5794333555236,606.232812489652,606.2328124896521,6432.117412038807,6432.117412038807,0.5907198500829542,0.0942508933924284,0.09425089339242843,0.06828442185195374,0.047299945351701504,0.04729994535170151,0.18813411951325884,0.18813411951325884,0.36295607638114447,0.25141609333849735,0.2514160933384974,False,1e-24,False
HGNN,real,,20,base,2060.2435312736816,29.39199567237832,29.39199567237832,3289.6161324548875,3289.6161324548875,0.6262869126119642,0.00893477977032063,0.00893477977032063,0.03702581848197076,0.0022932440482255688,0.0022932440482255683,0.09621855370016343,0.09621855370016343,0.3848095513610684,0.02383369901164575,0.023833699011645747,False,1e-24,False
HGNN,real,,20,restart,3794.112754643321,605.1622686185137,605.1622686185138,6416.309469091067,6416.309469091067,0.5913232167058792,0.09431625321903948,0.0943162532190395,0.0681861770325308,0.04721641858515536,0.04721641858515536,0.18767175024396932,0.18767175024396932,0.36332680301585196,0.2515904419486418,0.2515904419486418,False,1e-24,False
HGNN,real,,21,base,2045.976390876406,27.078507047940388,27.078507047940395,3232.027179973564,3232.027179973564,0.6330319260784003,0.008378180485524838,0.00837818048552484,0.036769415516696186,0.0021127393258594147,0.002112739325859415,0.09453412442521174,0.09453412442521174,0.38895389088609345,0.022348959581583203,0.022348959581583207,False,1e-24,False
HGNN,real,,21,restart,3789.620469878184,604.3037803088444,604.3037803088446,6403.0771305347525,6403.0771305347525,0.5918436390226169,0.09437708901350934,0.09437708901350937,0.06810544360574972,0.04714943697463237,0.04714943697463238,0.18728471527493498,0.18728471527493498,0.3636465661694311,0.25175272261495946,0.25175272261495946,False,1e-24,False
HGNN,real,,22,base,2033.1247505103574,25.04605898861028,25.046058988610284,3178.918525062994,3178.918525062994,0.6395649131869677,0.007878798651536362,0.007878798651536364,0.03653845131456873,0.0019541621585469366,0.0019541621585469366,0.09298074015218327,0.09298074015218327,0.39296795502773557,0.021016848815663583,0.021016848815663583,False,1e-24,False
HGNN,real,,22,restart,3785.9125902510214,603.6116755255641,603.6116755255642,6391.962883615816,6391.962883615816,0.5922926429931645,0.09443291309978823,0.09443291309978824,0.0680388071737239,0.04709543706279592,0.04709543706279592,0.18695963273613783,0.18695963273613783,0.3639224477390222,0.25190163445209174,0.25190163445209174,False,1e-24,False
HGNN,real,,23,base,2021.4930568974503,23.250309304860348,23.25030930486035,3129.7514518642192,3129.7514518642192,0.6458957166369742,0.00742880374446713,0.0074288037444671315,0.03632941147543712,0.0018140528471457874,0.0018140528471457874,0.0915426438873386,0.0915426438873386,0.39685779143704514,0.019816478638942737,0.01981647863894274,False,1e-24,False
HGNN,real,,23,restart,3782.839911197711,603.0510096618145,603.0510096618145,6382.598811166979,6382.598811166979,0.592680195499561,0.09448361513913706,0.09448361513913706,0.06798358629563146,0.047051692375656644,0.04705169237565664,0.18668574135444088,0.18668574135444088,0.36416057167728766,0.2520368831293038,0.2520368831293037,False,1e-24,False
HGNN,real,,24,base,2010.9188003337154,21.655349364407574,21.655349364407574,3084.071442408657,3084.071442408657,0.6520337929536385,0.007021675654664721,0.007021675654664721,0.03613937544417794,0.0016896097017611799,0.0016896097017611797,0.09020654135565992,0.09020654135565992,0.40062921048807526,0.01873045653196598,0.01873045653196598,False,1e-24,False
HGNN,real,,24,restart,3780.2843532047236,602.5948210296795,602.5948210296796,6374.687122097678,6374.687122097678,0.5930148854051944,0.09452931720222017,0.09452931720222019,0.06793765889679138,0.047016099288437495,0.047016099288437495,0.1864543309865067,0.1864543309865067,0.3643662152407061,0.25215879427246957,0.25215879427246957,False,1e-24,False
HGNN,real,,25,base,2001.2658480595014,20.23183612068274,20.231836120682747,3041.4923129131225,3041.4923129131225,0.6579881328526855,0.006651943861500282,0.006651943861500284,0.03596589670086685,0.001578543297488057,0.0015785432974880574,0.08896113700058857,0.08896113700058857,0.40428773634748955,0.017744189774436148,0.01774418977443615,False,1e-24,False
HGNN,real,,25,restart,3778.151819252729,602.2221475907751,602.2221475907752,6367.985376303033,6367.985376303033,0.5933040979196084,0.09457027803986545,0.09457027803986548,0.06789933390568492,0.046987022285459354,0.046987022285459354,0.18625831045959323,0.18625831045959323,0.3645439161245638,0.25226805810446074,0.25226805810446074,False,1e-24,False
HGNN,real,,26,base,1992.4193520881195,18.955595806105254,18.955595806105258,3001.6838302173514,3001.6838302173514,0.663767226924712,0.006314987479788197,0.006314987479788198,0.03580691124644565,0.001478967530733954,0.001478967530733954,0.08779677177505489,0.08779677177505489,0.40783858589000227,0.016845352065144648,0.016845352065144648,False,1e-24,False
HGNN,real,,26,restart,3776.3668524604063,601.916577491901,601.9165774919012,6362.295155821069,6362.295155821069,0.5935541750220888,0.09460683020044867,0.0946068302004487,0.06786725524340755,0.04696318086896046,0.04696318086896047,0.18609187621226328,0.18609187621226328,0.3646975710320404,0.25236556170454494,0.252365561704545,False,1e-24,False
HGNN,real,,27,base,1984.2818076496167,17.80656606658803,17.80656606658803,2964.3619379441006,2964.3619379441006,0.6693790600434549,0.0060068798747758756,0.0060068798747758756,0.03566066676675411,0.001389317081654093,0.0013893170816540927,0.08670513726473722,0.08670513726473722,0.4112866652626502,0.016023469029431144,0.01602346902943114,False,1e-24,False
HGNN,real,,27,restart,3774.8685984412487,601.6651786908016,601.6651786908017,6357.453296479472,6357.453296479472,0.5937705591217846,0.09463933915550461,0.09463933915550463,0.06784032926086658,0.04694356604556506,0.04694356604556506,0.18595025582729743,0.18595025582729743,0.364830523943316,0.2524522799751575,0.2524522799751575,False,1e-24,False
HGNN,real,,28,base,1976.7699649231492,16.767984640675298,16.767984640675298,2929.2809656034856,2929.2809656034856,0.6748311234514504,0.005724266411303699,0.005724266411303699,0.035525667131500634,0.0013082841126743695,0.0013082841126743692,0.0856790478108013,0.0856790478108013,0.4146365773105852,0.015269592112687299,0.015269592112687297,False,1e-24,False
HGNN,real,,28,restart,3773.607724630706,601.4577009287339,601.457700928734,6353.325042941153,6353.325042941153,0.5939579195343333,0.09466817719282002,0.09466817719282004,0.06781766937424193,0.04692737806199618,0.046927378061996185,0.18582950782243274,0.18582950782243274,0.3649456438266216,0.2525292060012186,0.25252920600121864,False,1e-24,False
HGNN,real,,29,base,1969.8123823097344,15.82576016565957,15.82576016565957,2896.227362549939,2896.227362549939,0.680130437195871,0.005464267194729499,0.005464267194729499,0.03540062842272315,0.0012347691770603552,0.001234769177060355,0.08471225723331886,0.08471225723331886,0.4178926353623291,0.014576039139879017,0.014576039139879014,False,1e-24,False
HGNN,real,,29,restart,3772.544049253235,601.2859754570154,601.2859754570155,6349.79866323397,6349.79866323397,0.5941202625992976,0.09469370720973046,0.09469370720973047,0.06779855345379264,0.04691397957009598,0.046913979570095986,0.18572636412980695,0.18572636412980695,0.36504539229770966,0.2525973078184371,0.2525973078184371,False,1e-24,False
HGNN,real,,30,base,1963.3474682679387,14.967979268208575,14.967979268208577,2865.014617360845,2865.014617360845,0.6852835780909587,0.00522439891842387,0.005224398918423871,0.03528444374349492,0.001167842760777241,0.001167842760777241,0.0837993102272908,0.0837993102272908,0.4210588804107351,0.013936185842218441,0.013936185842218443,False,1e-24,False
HGNN,real,,30,restart,3771.6447018527883,601.1434597792993,601.1434597792992,6346.7811810943995,6346.7811810943995,0.5942610268473805,0.0947162731196669,0.09471627311966689,0.06778239076569499,0.0469028601063704,0.04690286010637039,0.18563810527053728,0.18563810527053728,0.3651318820934592,0.2526575028225866,0.2526575028225865,False,1e-24,False
HGNN,real,,31,base,1957.3218996813882,14.184516851575683,14.184516851575689,2835.4791079283896,2835.4791079283896,0.6902967100721874,0.0050025115021704175,0.005002511502170419,0.0351761547934996,0.0011067148760300256,0.0011067148760300258,0.08293542098126268,0.08293542098126268,0.42413909976349945,0.013344296838862877,0.01334429683886288,False,1e-24,False
HGNN,real,,31,restart,3770.8826857191257,601.0248897188103,601.0248897188103,6344.194971825665,6344.194971825665,0.5943831648405316,0.09473619464533162,0.09473619464533162,0.06776869613658099,0.04689360894532149,0.046893608945321484,0.18556246078638347,0.18556246078638347,0.3652069273569034,0.25271064388020087,0.2527106438802008,False,1e-24,False
HGNN,real,,32,base,1951.6893336495207,13.46672538016397,13.466725380163972,2807.476688895833,2807.476688895833,0.6951756149459287,0.00479673631251427,0.004796736312514271,0.03507492871788381,0.0010507108183937177,0.0010507108183937177,0.08211637336265562,0.08211637336265562,0.42713684593668344,0.012795387513686198,0.012795387513686198,False,1e-24,False
HGNN,real,,32,restart,3770.235746799999,600.9260116024699,600.92601160247,6341.9750305390035,6341.9750305390035,0.594489213319966,0.09475376498784438,0.0947537649878444,0.0677570696261103,0.04688589420371888,0.046885894203718886,0.18549752933806204,0.18549752933806204,0.36527208673828576,0.25275751311097605,0.25275751311097605,False,1e-24,False
HGNN,real,,33,base,1946.409350292542,12.807185244275379,12.807185244275379,2780.8798680604145,2780.8798680604145,0.6999257223038936,0.0046054435473359846,0.0046054435473359846,0.03498003910779852,0.0009992516895869664,0.0009992516895869661,0.0813384383298843,0.0813384383298843,0.4300554550350471,0.012285110337799962,0.01228511033779996,False,1e-24,False
HGNN,real,,33,restart,3769.685478210884,600.8433747359344,600.8433747359345,6340.066767808495,6340.066767808495,0.5945813532045676,0.09476925034712555,0.09476925034712558,0.06774718043360096,0.0468794466489336,0.0468794466489336,0.18544171422997147,0.18544171422997147,0.3653287002598875,0.25279882060838305,0.25279882060838305,False,1e-24,False
HGNN,real,,34,base,1941.446579163409,12.199502786837806,12.199502786837808,2755.5754567663807,2755.5754567663807,0.7045521378832654,0.004427206940344036,0.0044272069403440365,0.03489085030064752,0.000951838638963819,0.000951838638963819,0.0805983052082945,0.0805983052082945,0.43289806417737,0.01180966071809986,0.011809660718099862,False,1e-24,False
HGNN,real,,34,restart,3769.216607194062,600.774169594788,600.7741695947882,6338.424221843864,6338.424221843864,0.5946614608413804,0.09478289059990075,0.09478289059990079,0.06773875408356186,0.046874047074171483,0.0468740470741715,0.18539367111772395,0.18539367111772395,0.3653779208058733,0.2528352062482582,0.2528352062482583,False,1e-24,False
HGNN,real,,35,base,1936.7699728635416,11.638145836244215,11.638145836244215,2731.4626043885714,2731.4626043885714,0.709059669992107,0.004260774362257607,0.004260774362257607,0.03480680432581877,0.0009080400313351238,0.0009080400313351236,0.07989302420043205,0.07989302420043205,0.43566762773301726,0.011365698575348375,0.011365698575348374,False,1e-24,False
HGNN,real,,35,restart,3768.8164243410965,600.7161009280021,600.7161009280022,6337.008601674759,6337.008601674759,0.5947311517527474,0.0947949006679971,0.09479490066799712,0.06773156216792248,0.04686951639765739,0.0468695163976574,0.18535226539748922,0.18535226539748922,0.36542074100185223,0.25286724333876026,0.25286724333876026,False,1e-24,False
HGNN,real,,36,base,1932.352199623506,11.118308982876624,11.118308982876625,2708.4511460312997,2708.4511460312997,0.713452853840464,0.0041050432086132725,0.004105043208613273,0.03472740998840326,0.0008674809354737343,0.0008674809354737343,0.07921995805760039,0.07921995805760039,0.438366932271703,0.010950282690669862,0.010950282690669864,False,1e-24,False
HGNN,real,,36,restart,3768.474324452725,600.6672877018402,600.6672877018403,6335.787094926345,6335.787094926345,0.5947918179685193,0.09480547226450373,0.09480547226450374,0.06772541409456258,0.046865707855984415,0.046865707855984415,0.1853165373344159,0.1853165373344159,0.36545801615291135,0.25289544327828745,0.25289544327828745,False,1e-24,False
HGNN,real,,37,base,1928.169132734466,10.635802612179734,10.635802612179734,2686.4602071394597,2686.4602071394597,0.7177359737584124,0.003959039699867628,0.003959039699867628,0.034652233693474775,0.0008298344661708206,0.0008298344661708205,0.07857674126588844,0.07857674126588844,0.4409986102149279,0.010560815488171262,0.01056081548817126,False,1e-24,False
HGNN,real,,37,restart,3768.1814355228094,600.6261838085854,600.6261838085856,6334.731888234045,6334.731888234045,0.5948446598855628,0.09481477581145492,0.09481477581145493,0.06772015041956987,0.0468625008175915,0.04686250081759151,0.18528567341057198,0.18528567341057198,0.36549048381905774,0.25292026067093454,0.25292026067093454,False,1e-24,False
HGNN,real,,38,base,1924.1994193584185,10.186961037488185,10.186961037488187,2665.4170199808614,2665.4170199808614,0.7219130833689338,0.003821901398964328,0.003821901398964329,0.03458089169693123,0.0007948146165072983,0.0007948146165072984,0.07796124542925682,0.07796124542925682,0.4435651522308022,0.010194996400211752,0.010194996400211754,False,1e-24,False
HGNN,real,,38,restart,3767.930317668831,600.591514934719,600.5915149347192,6333.819359399125,6333.819359399125,0.5948907134645983,0.09482296239526726,0.0948229623952673,0.06771563743654731,0.04685979585704582,0.04685979585704582,0.18525898269616323,0.18525898269616323,0.36551878052577536,0.2529420985426597,0.2529420985426598,False,1e-24,False
HGNN,real,,39,base,1920.4241147989458,9.768566082291029,9.76856608229103,2645.255915734693,2645.255915734693,0.7259880238338177,0.003692862389678432,0.003692862389678433,0.03451304353276455,0.0007621702955326878,0.0007621702955326878,0.07737154978895824,0.07737154978895824,0.44606891844487695,0.009850782330347706,0.009850782330347708,False,1e-24,False
HGNN,real,,39,restart,3767.714717865277,600.562228074349,600.5622280743492,6333.029408894613,6333.029408894613,0.5949308734574321,0.09483016567566722,0.09483016567566724,0.06771176276878597,0.046857510815942,0.046857510815942,0.1852358772966338,0.1852358772966338,0.36554345603553584,0.2529613134333859,0.2529613134333859,False,1e-24,False
HGNN,real,,40,base,1916.826371060079,9.377783229894597,9.377783229894598,2625.9174628120113,2625.9174628120113,0.7299644403169515,0.0035712406664344387,0.003571240666434439,0.03444838641597332,0.0007316803464868354,0.0007316803464868354,0.07680591602012377,0.07680591602012377,0.44851214855568644,0.009526354015426746,0.009526354015426746,False,1e-24,False
HGNN,real,,40,restart,3767.529369408427,600.5374509893933,600.5374509893934,6332.344904924967,6332.344904924967,0.5949659132556472,0.09483650369744179,0.0948365036974418,0.06770843176533173,0.04685557763987459,0.04685557763987459,0.18521585612111985,0.18521585612111985,0.3655649855434329,0.25297822022988087,0.25297822022988087,False,1e-24,False
HGNN,real,,41,base,1913.3911706613349,9.012108049786391,9.012108049786391,2607.347727483573,2607.347727483573,0.7338457968197453,0.003456427370538811,0.003456427370538811,0.034386650458800114,0.0007031493668380112,0.0007031493668380111,0.0762627666057379,0.0762627666057379,0.45089697095007975,0.009220087313028416,0.009220087313028414,False,1e-24,False
HGNN,real,,41,restart,3767.3698273968184,600.5164595320443,600.5164595320443,6331.751221386997,6331.751221386997,0.5949965018637545,0.09484208057695903,0.09484208057695903,0.06770556454431033,0.0468539398288472,0.046853939828847196,0.1851984913681885,0.1851984913681885,0.3655837801059976,0.2529930966645838,0.25299309666458375,False,1e-24,False
HGNN,real,,42,base,1910.105098359473,8.669321068693627,8.669321068693627,2589.497637228024,2589.497637228024,0.7376353895438116,0.0033478775744216795,0.0033478775744216795,0.034327594568212196,0.0006764041871992247,0.0006764041871992246,0.07574066621509912,0.07574066621509912,0.4532254109136538,0.008930528618249485,0.008930528618249485,False,1e-24,False
HGNN,real,,42,restart,3767.2323333299387,600.4986512102848,600.498651210285,6331.235852117217,6331.235852117217,0.5950232184242742,0.09484698805044092,0.09484698805044094,0.06770309355955277,0.04685255037478158,0.04685255037478158,0.1851834172428915,0.1851834172428915,0.36560019556584594,0.253006187445653,0.253006187445653,False,1e-24,False
HGNN,real,,43,base,1906.956144760267,8.347449612702633,8.347449612702635,2572.322430687413,2572.322430687413,0.7413363589301916,0.003245102368629545,0.0032451023686295454,0.03427100291649602,0.000651290894145813,0.0006512908941458131,0.07523830561547319,0.07523830561547319,0.45549939802801703,0.008656373755602907,0.008656373755602907,False,1e-24,False
HGNN,real,,43,restart,3767.1137033395726,600.4835237319553,600.4835237319553,6330.788087998371,6330.788087998371,0.59504656465774,0.09485130688078558,0.09485130688078558,0.06770096159193674,0.04685137008746695,0.04685137008746694,0.18517032051239787,0.18517032051239787,0.36561454019519235,0.25301770800969187,0.2530177080096918,False,1e-24,False
HGNN,real,,44,base,1903.9335368670793,8.044735428688996,8.044735428688996,2555.781180914996,2555.781180914996,0.7449517005150852,0.0031476620489900064,0.0031476620489900064,0.03421668189594843,0.00062767230395069,0.0006276723039506899,0.07475448772748533,0.07475448772748533,0.4577207728408768,0.008396449805647061,0.00839644980564706,False,1e-24,False
HGNN,real,,44,restart,3767.011235670989,600.4706575349466,600.4706575349468,6330.398746027901,6330.398746027901,0.5950669755257761,0.09485510812596448,0.09485510812596452,0.06769912008667794,0.04685036623151778,0.04685036623151779,0.18515893258147068,0.18515893258147068,0.3656270812475658,0.25302784790522287,0.2530278479052229,False,1e-24,False
HGNN,real,,45,base,1901.0275914674394,7.759607116424658,7.759607116424658,2539.8363808657928,2539.8363808657928,0.7484842747308812,0.0030551602358650843,0.0030551602358650843,0.03416445748400279,0.0006054258116617952,0.0006054258116617951,0.07428811550106153,0.07428811550106153,0.4598912928880878,0.0081496994179795,0.0081496994179795,False,1e-24,False
HGNN,real,,45,restart,3766.9226338970157,600.4597015209638,600.4597015209639,6330.059941469487,6330.059941469487,0.5950848283788204,0.09485845427580113,0.09485845427580115,0.06769752777336618,0.04684951141328297,0.04684951141328297,0.1851490228280876,0.1851490228280876,0.36563805057844617,0.25303677382506695,0.25303677382506695,False,1e-24,False
HGNN,real,,46,base,1898.229587949621,7.490656580366953,7.490656580366955,2524.453581923835,2524.453581923835,0.7519368157694618,0.0029672387854556928,0.002967238785455693,0.034114172957542654,0.0005844415538061427,0.0005844415538061428,0.07383818134264925,0.07383818134264925,0.46201263813953336,0.007915167237042536,0.007915167237042536,False,1e-24,False
HGNN,real,,46,restart,3766.8459430314,600.4503613730425,600.4503613730427,6329.764895826533,6329.764895826533,0.5951004508105874,0.09486140026605783,0.09486140026605785,0.06769614951782192,0.046848782669346396,0.0468487826693464,0.1851403929868242,0.1851403929868242,0.36564764947128325,0.25304463231143975,0.2530446323114398,False,1e-24,False
HGNN,real,,47,base,1895.531657703075,7.236618852343274,7.236618852343274,2509.60107776702,2509.60107776702,0.7553119396129968,0.0028835733760451824,0.0028835733760451824,0.03406568690525355,0.0005646208341003852,0.0005646208341003852,0.07340375786852554,0.07340375786852554,0.46408641593348743,0.007691988128341945,0.007691988128341944,False,1e-24,False
HGNN,real,,47,restart,3766.779496249785,600.4423899638617,600.4423899638617,6329.507774678989,6329.507774678989,0.5951141274079284,0.09486399437977056,0.09486399437977056,0.06769495536458836,0.04684816071815725,0.04684816071815724,0.18513287240571497,0.18513287240571497,0.36565605278481406,0.25305155216027997,0.25305155216027997,False,1e-24,False
HGNN,real,,48,base,1892.9266877160605,6.996354750776047,6.996354750776048,2495.249627107765,2495.249627107765,0.7586121513261762,0.002803869670901623,0.002803869670901624,0.03401887149512067,0.0005458747704760255,0.0005458747704760255,0.07298398979519041,0.07298398979519041,0.4661141654571821,0.007479376942914105,0.007479376942914106,False,1e-24,False
HGNN,real,,48,restart,3766.721870358246,600.4355794612327,600.4355794612329,6329.283550477895,6329.283550477895,0.5951261055564241,0.09486627904605358,0.0948662790460536,0.067693919736631,0.04684762934407862,0.046847629344078635,0.185126314033107,0.185126314033107,0.3656634125201941,0.253057646552076,0.2530576465520761,False,1e-24,False
HGNN,real,,49,base,1890.408236361504,6.768835934616676,6.7688359346166775,2481.3722098676863,2481.3722098676863,0.761839851693312,0.0027278599750972504,0.0027278599750972512,0.033973610960968265,0.0005281231289463851,0.0005281231289463851,0.07257808680767751,0.07257808680767751,0.4680973618248428,0.007276619599326759,0.00727661959932676,False,1e-24,False
HGNN,real,,49,restart,3766.671848494628,600.4297548153081,600.4297548153082,6329.087886246681,6329.087886246681,0.5951366004380713,0.09486829154641097,0.09486829154641101,0.06769302076502189,0.04684717488924172,0.04684717488924172,0.18512059101601921,0.18512059101601921,0.3656698608917262,0.25306301493596595,0.253063014935966,False,1e-24,False
HGNN,real,,50,base,1887.9704596741203,6.553131985307163,6.553131985307165,2467.943812188684,2467.943812188684,0.7649973432741091,0.0026553003163777658,0.002655300316377767,0.033929800277543457,0.0005112933157058483,0.0005112933157058484,0.0721853172713061,0.0721853172713061,0.47003741979853647,0.007083065296841038,0.007083065296841041,False,1e-24,False
HGNN,real,,50,restart,3766.628388825185,600.4247683738138,600.4247683738139,6328.917036834499,6328.917036834499,0.59514579933712,0.0948700646381241,0.09487006463812413,0.0676922397263691,0.04684678583341148,0.04684678583341148,0.18511559381188392,0.18511559381188392,0.3656755129724973,0.2530677446926356,0.25306774469263565,False,1e-24,False
HGNN,real,,51,base,1885.6080466805695,6.3483992113876475,6.348399211387648,2454.941236383975,2454.941236383975,0.7680868359431653,0.002585967890921321,0.0025859678909213213,0.03388734399829738,0.0004953195036346638,0.0004953195036346638,0.07180500267290577,0.07180500267290577,0.47193569719180756,0.006898119701923821,0.006898119701923821,False,1e-24,False
HGNN,real,,51,restart,3766.5905982226,600.4204954206012,600.4204954206014,6328.767764935936,6328.767764935936,0.5951538653529228,0.09487162710364978,0.09487162710364982,0.06769156056976922,0.04684645244589223,0.04684645244589223,0.18511122773219268,0.18511122773219268,0.3656804689756643,0.25307191259984907,0.2530719125998491,False,1e-24,False
HGNN,real,,52,base,1883.3161625600817,6.153870920571032,6.153870920571033,2442.34293251705,2442.34293251705,0.7711104519704604,0.0025196588237626914,0.002519658823762692,0.03384615523389222,0.00048014187329954754,0.00048014187329954754,0.07143651269464009,0.07143651269464009,0.47379349799128306,0.0067212389741356,0.006721238974135601,False,1e-24,False
HGNN,real,,52,restart,3766.5577100921732,600.4168304718378,600.4168304718379,6328.637269558132,6328.637269558132,0.5951609406040671,0.09487300423425264,0.09487300423425266,0.06769096951830908,0.04684616649654627,0.04684616649654628,0.18510741085021884,0.18510741085021884,0.36568481622316984,0.2530755861225471,0.2530755861225471,False,1e-24,False
HGNN,real,,53,base,1881.0903985932239,5.968848945377673,5.968848945377674,2430.1288487852394,2430.1288487852394,0.7740702306931313,0.0024561862011396435,0.0024561862011396444,0.03380615475270171,0.00046570595176047855,0.00046570595176047855,0.07107926083784959,0.07107926083784959,0.4756120752271525,0.006551924517376112,0.006551924517376114,False,1e-24,False
HGNN,real,,53,restart,3766.5290656598363,600.4136841953448,600.4136841953448,6328.523125000271,6328.523125000271,0.5951671489957107,0.09487421825535623,0.09487421825535623,0.06769045473278197,0.04684592101543223,0.046845921015432224,0.1851040722162178,0.1851040722162178,0.36568863084607656,0.2530788245474798,0.2530788245474798,False,1e-24,False
HGNN,real,,54,base,1878.9267280078002,5.792696242474804,5.792696242474803,2418.280298294565,2418.280298294565,0.7769681328226793,0.0023953783383009676,0.002395378338300967,0.03376727018729252,0.0004519620351508799,0.0004519620351508798,0.07073270052632616,0.07073270052632616,0.4773926336196453,0.006389718359228531,0.006389718359228529,False,1e-24,False
HGNN,real,,54,restart,3766.504098155013,600.410980843606,600.4109808436061,6328.4232287270415,6328.4232287270415,0.5951725986115253,0.09487528870037004,0.09487528870037006,0.06769000602742868,0.0468457100925213,0.0468457100925213,0.18510115033276905,0.18510115033276905,0.36569197925424934,0.25308167998039743,0.25308167998039743,False,1e-24,False
HGNN,real,,55,base,1876.8214669582837,5.624830414056447,5.624830414056448,2406.7798401574946,2406.7798401574946,0.7798060444263437,0.0023370772516061833,0.0023370772516061837,0.03372943533316322,0.0004388646831979255,0.0004388646831979255,0.0703963216285207,0.0703963216285207,0.4791363320253073,0.006234199075255683,0.006234199075255683,False,1e-24,False
HGNN,real,,55,restart,3766.482319418985,600.4086561111012,600.4086561111014,6328.335756779635,6328.335756779635,0.5951773837827583,0.09487623273905386,0.09487623273905389,0.06768961462926885,0.04684552871052058,0.046845528710520584,0.18509859185058453,0.18509859185058453,0.36569491940764914,0.2530841982219685,0.2530841982219685,False,1e-24,False
HGNN,real,,56,base,1874.771239982786,5.464718023014483,5.464718023014483,2395.6111731363135,2395.6111731363135,0.7825857806166231,0.0022811373082135536,0.0022811373082135536,0.0336925895279517,0.00042637227567660806,0.000426372275676608,0.07006964734669963,0.07006964734669963,0.48084428570395343,0.006084978187016532,0.006084978187016531,False,1e-24,False
HGNN,real,,56,restart,3766.4633085492746,600.4066553428625,600.4066553428626,6328.259125585068,6328.259125585068,0.5951815868793224,0.0948770654658287,0.09487706546582872,0.06768927297402258,0.04684537260509968,0.04684537260509968,0.185096350451463,0.185096350451463,0.3656975019168324,0.25308641953685485,0.25308641953685485,False,1e-24,False
HGNN,real,,57,base,1872.7729493727416,5.311869593160019,5.311869593160019,2384.759040301125,2384.759040301125,0.7853090889787613,0.0022274240304334,0.0022274240304333997,0.03365667710096012,0.00041444662231330886,0.0004144466223133088,0.06975223142827006,0.06975223142827006,0.48251756842461846,0.005941696972655369,0.005941696972655367,False,1e-24,False
HGNN,real,,57,restart,3766.4467022561503,600.404932034309,600.4049320343092,6328.191959205272,6328.191959205272,0.595185279861384,0.09487780015284351,0.09487780015284354,0.06768897453280165,0.04684523814784378,0.0468452381478438,0.1850943858903528,0.1850943858903528,0.36569977099629375,0.2530883793287724,0.25308837932877243,False,1e-24,False
HGNN,real,,58,base,1870.823747967926,5.16583520205605,5.16583520205605,2374.2091433804558,2374.2091433804558,0.7879776527623857,0.002175813035030608,0.002175813035030608,0.03362164688423866,0.00040305261892652477,0.0004030526189265247,0.06944365566060592,0.06944365566060592,0.48415721442659576,0.005804023637470585,0.005804023637470584,False,1e-24,False
HGNN,real,,58,restart,3766.4321866613614,600.4034465730844,600.4034465730844,6328.133061217734,6328.133061217734,0.5951885256244247,0.0948784484720597,0.09487844847205971,0.06768871366471996,0.046845122248088275,0.04684512224808827,0.1850926631728841,0.1850926631728841,0.3657017652909123,0.25309010873290533,0.25309010873290533,False,1e-24,False
HGNN,real,,59,base,1868.9210149554006,5.0262005876835865,5.0262005876835865,2363.9480656601954,2363.9480656601954,0.7905930938603148,0.002126189090486591,0.002126189090486591,0.03358745177765441,0.00039215794365829,0.00039215794365828993,0.06914352761590557,0.06914352761590557,0.4857642202497064,0.005671650799142611,0.00567165079914261,False,1e-24,False
HGNN,real,,59,restart,3766.4194903137595,600.4021651823107,600.4021651823109,6328.081390545277,6328.081390545277,0.5951913791660659,0.09487902069012032,0.09487902069012036,0.0676884854913732,0.046845022270468585,0.0468450222704686,0.18509115184840963,0.18509115184840963,0.365703518592884,0.253091635135724,0.25309163513572414,False,1e-24,False
HGNN,real,,60,base,1867.062334307262,4.892583701642555,4.892583701642555,2353.963202438164,2353.963202438164,0.793156975594782,0.0020784452775536016,0.0020784452775536016,0.033554048361383815,0.00038173278804546474,0.0003817327880454647,0.06885147861704537,0.06885147861704537,0.487339546446239,0.005544293248496195,0.005544293248496194,False,1e-24,False
HGNN,real,,60,restart,3766.40837823327,600.4010590317682,600.4010590317683,6328.036040657582,6328.036040657582,0.595193888598947,0.09487952583932774,0.09487952583932775,0.06768828578979962,0.04684493596557197,0.046844935965571974,0.18508982540166669,0.18508982540166669,0.36570506046406426,0.2530929826310709,0.2530929826310709,False,1e-24,False
HGNN,real,,61,base,1865.2454755403135,4.7646316512600935,4.7646316512600935,2344.2426981711733,2344.2426981711733,0.7956708053289266,0.00203248224041698,0.00203248224041698,0.033521396550133704,0.00037174961843464485,0.0003717496184346448,0.06856716189918316,0.06856716189918316,0.48888411918552865,0.005421685951961115,0.005421685951961114,False,1e-24,False
HGNN,real,,61,restart,3766.398646825242,600.4001034892929,600.400103489293,6327.99622165533,6327.99622165533,0.595196096030537,0.09487997186765626,0.09487997186765627,0.06768811090108294,0.04684486141152947,0.04684486141152947,0.18508866072875282,0.18508866072875282,0.36570641677655097,0.2530941724203221,0.2530941724203221,False,1e-24,False
HGNN,real,,62,base,1863.4683765220632,4.642017981147266,4.642017981147266,2334.775389562413,2334.775389562413,0.7981360369193018,0.001988207517476565,0.001988207517476565,0.033489459284138,0.0003621829638817666,0.00036218296388176657,0.06829025094511137,0.06829025094511137,0.49039883176085136,0.005303582266418568,0.005303582266418567,False,1e-24,False
HGNN,real,,62,restart,3766.3901195325516,600.3992774894489,600.3992774894491,6327.961244821786,6327.961244821786,0.5951980383278445,0.09488036577037505,0.09488036577037509,0.0676879576522138,0.04684479696475807,0.04684479696475809,0.18508763768527262,0.18508763768527262,0.365707610182545,0.25309522316349436,0.2530952231634945,False,1e-24,False
HGNN,real,,63,base,1861.7291280830107,4.524440251661323,4.524440251661323,2325.5507539323453,2325.5507539323453,0.8005540730233281,0.0019455349422113483,0.0019455349422113483,0.03345820225261629,0.0003530092272170968,0.00035300922721709675,0.0680204379751483,0.0680204379751483,0.49188454600719356,0.005189752340995965,0.005189752340995964,False,1e-24,False
HGNN,real,,63,restart,3766.3826431139246,600.3985630004253,600.3985630004255,6327.930509289063,6327.930509289063,0.5951997477824823,0.09488071370554282,0.09488071370554285,0.06768782328920536,0.046844741218366466,0.04684474121836647,0.1850867386963369,0.1850867386963369,0.36570866052298645,0.25309615128732926,0.2530961512873293,False,1e-24,False
HGNN,real,,64,base,1860.0259602257443,4.411617877600094,4.411617877600094,2316.55886229831,2316.55886229831,0.802926267274025,0.0019043841058384457,0.0019043841058384457,0.03342759364592964,0.00034420651641424584,0.0003442065164142458,0.06775743257475533,0.06775743257475533,0.493342093637472,0.005079981683699278,0.005079981683699277,False,1e-24,False
HGNN,real,,64,restart,3766.376084454539,600.3979445733257,600.3979445733257,6327.903490518809,6327.903490518809,0.5952012526894185,0.09488102109536133,0.09488102109536133,0.06768770541977479,0.04684469296698942,0.04684469296698941,0.1850859484196323,0.1850859484196323,0.3657095851831562,0.2530969712556555,0.25309697125565545,False,1e-24,False
HGNN,real,,65,base,1858.3572297477956,4.303290195447772,4.303290195447773,2307.7903366587816,2307.7903366587816,0.8052539263329809,0.0018646798745496419,0.001864679874549642,0.03339760393314376,0.00033575449379138794,0.000335754493791388,0.06750096044513679,0.06750096044513679,0.49477227750394104,0.004974069873632116,0.004974069873632116,False,1e-24,False
HGNN,real,,65,restart,3766.370327829674,600.397408960659,600.3974089606592,6327.879730341424,6327.879730341424,0.5952025778509001,0.09488129271512945,0.09488129271512946,0.0676876019641667,0.04684465117702137,0.04684465117702137,0.1850852534540766,0.1850852534540766,0.3657103994023024,0.25309769580667585,0.25309769580667585,False,1e-24,False
HGNN,real,,66,base,1856.7214091179912,4.199214731747612,4.199214731747611,2299.2363110393826,2299.2363110393826,0.8075383118313098,0.0018263519550321184,0.001826351955032118,0.03336820566211958,0.0003276342409049532,0.0003276342409049531,0.06725076226386799,0.06725076226386799,0.4961758727907745,0.004871829402013815,0.004871829402013812,False,1e-24,False
HGNN,real,,66,restart,3766.3652725544416,600.3969447930408,600.3969447930408,6327.858828335444,6327.858828335444,0.5952037450154671,0.09488153277132709,0.09488153277132709,0.06768751111291524,0.04684461496139179,0.046844614961391785,0.18508464208767275,0.18508464208767275,0.3657111165433832,0.2530983361612573,0.25309833616125726,False,1e-24,False
HGNN,real,,67,base,1855.1170764657957,4.0991656488132975,4.099165648813298,2290.888395910725,2290.888395910725,0.8097806422072814,0.0017893345027764679,0.0017893345027764683,0.03333937327960596,0.00031982813727976923,0.00031982813727976923,0.06700659264414652,0.06700659264414652,0.49755362814316134,0.004773084627333433,0.004773084627333433,False,1e-24,False
HGNN,real,,67,restart,3766.360830962984,600.3965423049115,600.3965423049116,6327.840434360525,6327.840434360525,0.595204773260627,0.09488174497016785,0.09488174497016787,0.06768743129052697,0.04684458355816496,0.04684458355816496,0.18508410407910514,0.18508410407910514,0.3657117483281941,0.2530989022057969,0.2530989022057969,False,1e-24,False
HGNN,real,,68,base,1853.5429065602882,4.002932347103885,4.002932347103885,2282.7386456340746,2282.7386456340746,0.8119820944484125,0.0017535657683632867,0.0017535657683632872,0.03331108296911773,0.0003123197513625244,0.00031231975136252437,0.06676821918260477,0.06676821918260477,0.49890626673769856,0.004677670831812353,0.0046776708318123535,False,1e-24,False
HGNN,real,,68,restart,3766.356926669106,600.3961931015916,600.3961931015917,6327.82424208442,6327.82424208442,0.5952056793265875,0.09488193257779513,0.09488193257779516,0.06768736112422176,0.04684455631236499,0.04684455631236499,0.18508363046840856,0.18508363046840856,0.3657123050424232,0.2530994026527957,0.25309940265279574,False,1e-24,False
HGNN,real,,69,base,1851.9976626702812,3.9103182062579056,3.9103182062579056,2274.779528630846,2274.779528630846,0.8141438057449768,0.001718987777515065,0.001718987777515065,0.03328331250464919,0.00030509374229379825,0.0003050937422937982,0.06653542158679242,0.06653542158679242,0.5002344872983578,0.004585433367936466,0.004585433367936465,False,1e-24,False
HGNN,real,,69,restart,3766.353493067674,600.3958899612337,600.3958899612337,6327.809983367234,6327.809983367234,0.5952064779074601,0.09488209847315035,0.09488209847315035,0.06768729941700054,0.04684453266052354,0.04684453266052353,0.1850832134127127,0.1850832134127127,0.3657127957145754,0.25309984518188594,0.25309984518188594,False,1e-24,False
HGNN,real,,70,base,1850.480189210065,3.8211394490779944,3.8211394490779953,2267.003900006722,2267.003900006722,0.8162668750612111,0.0016855460412161906,0.0016855460412161908,0.03325604111850659,0.00029813577127302894,0.000298135771273029,0.06630799087445441,0.06630799087445441,0.5015389650618821,0.004496226885195638,0.004496226885195638,False,1e-24,False
HGNN,real,,70,restart,3766.350472042148,600.3956266662719,600.395626666272,6327.797423385767,6327.797423385767,0.5952071819054718,0.09488224519441439,0.0948822451944144,0.06768724512441762,0.04684451211752909,0.04684451211752909,0.18508284604363295,0.18508284604363295,0.3657132282721678,0.25310023656371466,0.25310023656371466,False,1e-24,False
HGNN,real,,71,base,1848.9894050865234,3.7352241147346095,3.73522411473461,2259.4049763915823,2259.4049763915823,0.8183523646298596,0.0016531892926517347,0.001653189292651735,0.03322924938174529,0.000291432421445054,0.000291432421445054,0.06608572863761977,0.06608572863761977,0.5028203526960782,0.004409914628362802,0.004409914628362803,False,1e-24,False
HGNN,real,,71,restart,3766.347812848843,600.395397859833,600.395397859833,6327.786356397308,6327.786356397308,0.595207802652995,0.09488237497981285,0.09488237497981285,0.06768719733452913,0.0468444942654237,0.04684449426542369,0.18508252234336506,0.18508252234336506,0.36571360967815136,0.2531005827687922,0.25310058276879216,False,1e-24,False
HGNN,real,,72,base,1847.5242976732495,3.6524111291637067,3.6524111291637067,2251.976312783031,2251.976312783031,0.8204013013751673,0.0016218692481050098,0.0016218692481050098,0.03320291909587518,0.0002849711253699891,0.00028497112536998904,0.06586844636529383,0.06586844636529383,0.5040792811741471,0.004326367799683533,0.004326367799683532,False,1e-24,False
HGNN,real,,72,restart,3766.3454711528666,600.3951989232924,600.3951989232925,6327.776602056433,6327.776602056433,0.5952083501065542,0.09488248980347581,0.09488248980347583,0.06768715525056729,0.04684447874384963,0.04684447874384964,0.18508223703695437,0.18508223703695437,0.3657139460501148,0.253100889063149,0.253100889063149,False,1e-24,False
HGNN,real,,73,base,1846.0839173458608,3.572549462108368,3.572549462108367,2244.711781204565,2244.711781204565,0.8224146782689441,0.0015915403892927643,0.001591540389292764,0.033177033194651685,0.00027874009925330596,0.00027874009925330586,0.06565596481922738,0.06565596481922738,0.5053163606078906,0.004245464978250944,0.004245464978250943,False,1e-24,False
HGNN,real,,73,restart,3766.3434081943446,600.3950258717659,600.3950258717659,6327.76800221045,6327.76800221045,0.5952088330164231,0.09488259140695943,0.09488259140695943,0.06768711817595614,0.04684446524189531,0.046844465241895304,0.1850819854985653,0.1850819854985653,0.3657142427644901,0.2531011600924199,0.25310116009241984,False,1e-24,False
HGNN,real,,74,base,1844.6673725203057,3.4954973615319838,3.4954973615319838,2237.6055510098927,2237.6055510098927,0.8243934556239176,0.001562159764912261,0.001562159764912261,0.0331515756549063,0.0002727282832126508,0.00027272828321265073,0.06544811345783418,0.06544811345783418,0.5065321810423863,0.004167091590628653,0.004167091590628653,False,1e-24,False
HGNN,real,,74,restart,3766.341590066703,600.3948752648256,600.3948752648258,6327.760418109438,6327.760418109438,0.5952092590749481,0.09488268132695947,0.0948826813269595,0.06768708550134121,0.046844453491129104,0.04684445349112911,0.1850817636698774,0.1850817636698774,0.3657145045476865,0.25310139995577086,0.2531013999557709,False,1e-24,False
HGNN,real,,75,base,1843.2738251424921,3.4211216572392966,3.421121657239297,2230.6520706828605,2230.6520706828605,0.8263385623281977,0.0015336868094323658,0.001533686809432366,0.03312653141548813,0.00026692528694444986,0.00026692528694444986,0.06524472990385388,0.06524472990385388,0.5077273132144794,0.004091139427472487,0.004091139427472487,False,1e-24,False
HGNN,real,,75,restart,3766.3399870914136,600.3947441301548,600.3947441301549,6327.753727975717,6327.753727975717,0.5952096350463193,0.09488276091968331,0.09488276091968333,0.06768705669335265,0.046844443259642723,0.046844443259642723,0.18508156798899403,0.18508156798899403,0.36571473555582634,0.25310161227091155,0.25310161227091155,False,1e-24,False
HGNN,real,,76,base,1841.9024865834365,3.3492971265052245,3.3492971265052245,2223.8460509982924,2223.8460509982924,0.828250897024369,0.0015060831773861833,0.0015060831773861833,0.03310188630349327,0.00026132134022853167,0.00026132134022853167,0.06504565945182054,0.06504565945182054,0.5089023092772533,0.004017506201502853,0.004017506201502852,False,1e-24,False
HGNN,real,,76,restart,3766.338573275858,600.3946298982103,600.3946298982103,6327.74782488513,6327.74782488513,0.595209966880156,0.09488283138228717,0.09488283138228717,0.06768703128486218,0.04684443434695337,0.046844434346953366,0.18508139532847204,0.18508139532847204,0.3657149394445349,0.2531018002312794,0.2531018002312793,False,1e-24,False
HGNN,real,,77,base,1840.5526138991663,3.2799059153505286,3.279905915350529,2217.182449422999,2217.182449422999,0.8301313292364157,0.0014793125916200958,0.001479312591620096,0.03307762696704936,0.0002559072477744689,0.0002559072477744689,0.06485075461180494,0.06485075461180494,0.5100577034924457,0.003946095142706103,0.003946095142706103,False,1e-24,False
HGNN,real,,77,restart,3766.3373258428715,600.3945303462582,600.3945303462583,6327.742614919047,6327.742614919047,0.5952102598109635,0.09488289377173716,0.09488289377173717,0.06768700886652831,0.046844426579637256,0.046844426579637256,0.18508124294126904,0.18508124294126904,0.36571511943005014,0.253101966656352,0.253101966656352,False,1e-24,False
HGNN,real,,78,base,1839.2235064191445,3.2128370098353187,3.2128370098353187,2210.656455648565,2210.656455648565,0.8319807004474383,0.0014533407041270611,0.0014533407041270611,0.033053740814004196,0.00025067434797044845,0.0002506743479704484,0.06465987468626064,0.06465987468626064,0.5111940128926306,0.003876814627104642,0.0038768146271046418,False,1e-24,False
HGNN,real,,78,restart,3766.3362248221943,600.3944435503986,600.3944435503986,6327.73801555157,6327.73801555157,0.5952105184452542,0.09488294902140698,0.09488294902140698,0.06768698907945406,0.046844419807586433,0.04684441980758643,0.18508110841357076,0.18508110841357076,0.36571527834275186,0.25310211403592203,0.25310211403592203,False,1e-24,False
HGNN,real,,79,base,1837.9145026308956,3.147985752380865,3.147985752380865,2204.263478158451,2204.263478158451,0.8337998251308772,0.0014281349682438351,0.0014281349682438351,0.03303021595593756,0.00024561447514537407,0.00024561447514537407,0.06447288537712279,0.06447288537712279,0.5123117379148324,0.0038095778358405315,0.0038095778358405307,False,1e-24,False
HGNN,real,,79,restart,3766.3352526953786,600.3943678444031,600.3943678444032,6327.733954241218,6327.733954241218,0.5952107468378881,0.09488299795568736,0.09488299795568737,0.06768697160880534,0.0468444139007972,0.0468444139007972,0.18508098962359876,0.18508098962359876,0.3657154186740684,0.25310224456906777,0.25310224456906777,False,1e-24,False
HGNN,real,,80,base,1836.6249773320312,3.0852533986899005,3.085253398689901,2197.999131741626,2197.999131741626,0.8355894917377636,0.0014036645211252844,0.0014036645211252846,0.03300704115697865,0.00024071992499857404,0.00024071992499857404,0.06428965842059219,0.06428965842059219,0.5134113630071239,0.003744302441673429,0.003744302441673429,False,1e-24,False
HGNN,real,,80,restart,3766.334394086954,600.3943017843756,600.3943017843756,6327.730367200513,6327.730367200513,0.5952109485589917,0.0948830413028486,0.0948830413028486,0.06768695617826075,0.046844408746612824,0.04684440874661282,0.18508088470562206,0.18508088470562206,0.36571554261759304,0.25310236019846444,0.2531023601984644,False,1e-24,False
HGNN,real,,81,base,1835.3543390239156,3.024546711326187,3.024546711326187,2191.8592258735725,2191.8592258735725,0.8373504636423122,0.0013799000755264034,0.0013799000755264034,0.032984205786966134,0.00023598342288976497,0.00023598342288976495,0.06411007124728926,0.06411007124728926,0.5144933572096255,0.0036809103203070135,0.003680910320307013,False,1e-24,False
HGNN,real,,81,restart,3766.3336354956264,600.3942441183835,600.3942441183837,6327.727198320423,6327.727198320423,0.5952111267526403,0.09488307970636708,0.0948830797063671,0.06768694254518079,0.046844404247354095,0.0468444042473541,0.18508079201849784,0.18508079201849784,0.36571565210514034,0.25310246264059777,0.25310246264059777,False,1e-24,False
HGNN,real,,82,base,1834.1020275239823,2.965777586444915,2.9657775864449154,2185.839753893133,2185.839753893133,0.8390834800480312,0.00135681382002622,0.0013568138200262202,0.03296169977853773,0.000231398094715535,0.000231398094715535,0.06393400666568584,0.06393400666568584,0.5155581747112477,0.0036193272842343096,0.0036193272842343096,False,1e-24,False
HGNN,real,,82,restart,3766.3329650601377,600.3941937603445,600.3941937603446,6327.724398229708,6327.724398229708,0.5952112841883309,0.09488311373490213,0.09488311373490214,0.06768693049639998,0.04684440031828189,0.04684440031828189,0.1850807101181581,0.1850807101181581,0.36571574883837277,0.2531025534123776,0.2531025534123776,False,1e-24,False
HGNN,real,,83,base,1832.867511776074,2.9088627105443625,2.908862710544363,2179.9368829105297,2179.9368829105297,0.8407892568563416,0.0013343793269191408,0.001334379326919141,0.03293951358777856,0.0002269574401281673,0.0002269574401281673,0.06376135256692297,0.06376135256692297,0.5166062553833959,0.003559482837036057,0.003559482837036057,False,1e-24,False
HGNN,real,,83,restart,3766.3323723552057,600.394149767555,600.3941497675551,6327.72192347185,6327.72192347185,0.5952114233061495,0.09488314389108536,0.09488314389108539,0.06768691984455961,0.046844396885843895,0.046844396885843895,0.1850806377335356,0.1850806377335356,0.36571583431655263,0.25310263385458354,0.2531026338545836,False,1e-24,False
HGNN,real,,84,base,1831.6502878403564,2.853723244442892,2.8537232444428926,2174.146944387922,2174.146944387922,0.842468487499594,0.0013125714670800637,0.0013125714670800639,0.03291763815809674,0.00022265530787865949,0.00022265530787865949,0.06359200164930012,0.06359200164930012,0.5176380252918023,0.0035013099462817424,0.0035013099462817424,False,1e-24,False
HGNN,real,,84,restart,3766.3318482135405,600.394111321338,600.3941113213381,6327.719735784504,6327.719735784504,0.5952115462564169,0.09488317061926602,0.09488317061926603,0.06768691042490904,0.04684439388616468,0.04684439388616469,0.18508057374548845,0.18508057374548845,0.36571590986090186,0.25310270515252586,0.25310270515252586,False,1e-24,False
HGNN,real,,85,base,1830.4498770462258,2.800284531979774,2.800284531979774,2168.4664253393667,2168.4664253393667,0.8441218437402179,0.0012913663311810454,0.0012913663311810454,0.03289606488702825,0.00021848587308876362,0.0002184858730887636,0.06342585116088117,0.06342585116088117,0.5186538971875458,0.0034447448333735247,0.0034447448333735243,False,1e-24,False
HGNN,real,,85,restart,3766.3313845705147,600.3940777103678,600.3940777103678,6327.717801468441,6327.717801468441,0.595211654934498,0.09488319431233759,0.09488319431233759,0.06768690209251423,0.046844391263744685,0.04684439126374468,0.1850805171683419,0.1850805171683419,0.36571597663598976,0.25310276835425566,0.2531027683542556,False,1e-24,False
HGNN,real,,86,base,1829.2658242933267,2.7484758311983777,2.7484758311983777,2162.891960101862,2162.891960101862,0.8457499764376475,0.0012707411567006509,0.0012707411567006509,0.03287478559570349,0.000214443616277162,0.00021444361627716196,0.06326280265880435,0.06326280265880435,0.5196542709782757,0.0033897267788422533,0.003389726778842253,False,1e-24,False
HGNN,real,,86,restart,3766.3309743285154,600.3940483162894,600.3940483162896,6327.716090834608,6327.716090834608,0.5952117510113744,0.09488321531775601,0.09488321531775605,0.0676868947198199,0.04684438897033814,0.04684438897033815,0.18508046713371576,0.18508046713371576,0.3657160356685177,0.2531028243866183,0.25310282438661835,False,1e-24,False
HGNN,real,,87,base,1828.0976964873087,2.6982300660004337,2.6982300660004346,2157.420322633553,2157.420322633553,0.8473535162845588,0.0012506742602233006,0.0012506742602233013,0.03285379250073543,0.0002105233039828522,0.00021052330398285227,0.06310276178401103,0.06310276178401103,0.5206395341805771,0.00333619794175466,0.003336197941754661,False,1e-24,False
HGNN,real,,87,restart,3766.3306112384053,600.3940226013108,600.3940226013109,6327.7145777194155,6327.7145777194155,0.5952118359605019,0.0948832339428464,0.09488323394284641,0.06768688819451922,0.04684438696398503,0.04684438696398504,0.18508042287634666,0.18508042287634666,0.3657160878638215,0.25310287406940957,0.25310287406940957,False,1e-24,False
HGNN,real,,88,base,1826.945081098248,2.6494835964639902,2.64948359646399,2152.048419299084,2152.048419299084,0.8489330745138526,0.0012311449745758599,0.0012311449745758597,0.03283307818831213,0.00020671997084472466,0.0002067199708447246,0.06294563805022328,0.06294563805022328,0.5216100623543629,0.0032841031920239844,0.003284103192023983,False,1e-24,False
HGNN,real,,88,restart,3766.3302897958943,600.3940000974876,600.3940000974877,6327.713239059685,6327.713239059685,0.5952119110814164,0.09488325045948316,0.09488325045948318,0.06768688241769144,0.046844385208175084,0.046844385208175084,0.18508038372165567,0.18508038372165567,0.365716134020375,0.25310291812785973,0.25310291812785973,False,1e-24,False
HGNN,real,,89,base,1825.8075848308997,2.6021760061986843,2.6021760061986847,2146.7732821056034,2146.7732821056034,0.8504892435777412,0.0012121335903931185,0.0012121335903931187,0.03281263559029911,0.00020302890301043808,0.00020302890301043808,0.06279134464610264,0.06279134464610264,0.522566219520125,0.003233389954534756,0.0032333899545347565,False,1e-24,False
HGNN,real,,89,restart,3766.3300051508713,600.3939803974675,600.3939803974678,6327.712054519734,6327.712054519734,0.5952119775204802,0.09488326510821876,0.09488326510821879,0.06768687730217243,0.046844383671125533,0.04684438367112554,0.18508034907484086,0.18508034907484086,0.3657161748425378,0.25310295720364717,0.2531029572036472,False,1e-24,False
HGNN,real,,90,base,1824.6848323969684,2.55624990527281,2.55624990527281,2141.592062356096,2141.592062356096,0.8520225978002185,0.0011936213017433972,0.0011936213017433972,0.0327924579621751,0.00019944562276024927,0.00019944562276024924,0.06263979824961526,0.06263979824961526,0.5235083585598317,0.0031840080640980397,0.0031840080640980393,False,1e-24,False
HGNN,real,,90,restart,3766.329753028029,600.3939631464871,600.3939631464872,6327.711006164081,6327.711006164081,0.5952120362891248,0.09488327810192643,0.09488327810192644,0.06768687277112818,0.04684438232515676,0.04684438232515676,0.18508031841130423,0.18508031841130423,0.365716210951764,0.2531029918646154,0.2531029918646154,False,1e-24,False
HGNN,real,,91,base,1823.5764653805563,2.5116507473898255,2.5116507473898264,2136.502024689582,2136.502024689582,0.8535336940041088,0.0011755901554807795,0.0011755901554807797,0.032772538862642385,0.00019596587424262332,0.00019596587424262337,0.062490918853712656,0.062490918853712656,0.5244368216022053,0.003135909630347527,0.003135909630347527,False,1e-24,False
HGNN,real,,91,restart,3766.3295296573697,600.3939480354496,600.3939480354497,6327.710078170098,6327.710078170098,0.5952120882798962,0.09488328962901486,0.09488328962901488,0.06768686875680592,0.046844381146152206,0.04684438114615221,0.18508029126824704,0.18508029126824704,0.36571624289646065,0.25310302261334827,0.25310302261334827,False,1e-24,False
HGNN,real,,92,base,1822.4821411887826,2.4683266601195326,2.4683266601195326,2131.500541480292,2131.500541480292,0.8550230721138351,0.0011580230040220021,0.0011580230040220023,0.03275287213476774,0.0001925856102284049,0.00019258561022840486,0.062344629602512275,0.062344629602512275,0.525351940393081,0.0030890489117709717,0.0030890489117709717,False,1e-24,False
HGNN,real,,92,restart,3766.3293317132907,600.3939347949337,600.3939347949337,6327.709256575625,6327.709256575625,0.5952121342805691,0.09488329985626578,0.09488329985626578,0.06768686519943931,0.04684438011309087,0.04684438011309086,0.18508026723728757,0.18508026723728757,0.3657162711606602,0.2531030498947392,0.2531030498947392,False,1e-24,False
HGNN,real,,93,base,1821.4015320803535,2.4262282871030494,2.4262282871030494,2126.58508757027,2126.58508757027,0.856491255734985,0.0011409034612742145,0.0011409034612742145,0.03273345188852437,0.00018930097979921777,0.00018930097979921775,0.06220085663723039,0.06220085663723039,0.52625403665151,0.003043382198146632,0.0030433821981466318,False,1e-24,False
HGNN,real,,93,restart,3766.329156261184,600.3939231900035,600.3939231900035,6327.708529057204,6327.708529057204,0.5952121749865662,0.09488330893133903,0.09488330893133903,0.06768686204628885,0.046844379207642416,0.04684437920764241,0.1850802459579749,0.1850802459579749,0.36571629617165147,0.2531030741026738,0.2531030741026738,False,1e-24,False
HGNN,real,,94,base,1820.3343242655048,2.3853086412524958,2.3853086412524953,2121.7532353119386,2121.7532353119386,0.8579387527116841,0.0011242158614650632,0.001124215861465063,0.03271427248461638,0.00018610831689370208,0.00018610831689370202,0.06205952895118133,0.06205952895118133,0.5271434224122264,0.002998867700721718,0.0029988677007217173,False,1e-24,False
HGNN,real,,94,restart,3766.3290007105893,600.3939130157141,600.3939130157141,6327.70788473517,6327.70788473517,0.5952122110118898,0.09488331698498469,0.0948833169849847,0.06768685925079987,0.04684437841381647,0.04684437841381647,0.18508022711208783,0.18508022711208783,0.3657163183066958,0.2531030955859304,0.2531030955859304,False,1e-24,False
HGNN,real,,95,base,1819.2802170713821,2.3455229680573524,2.345522968057352,2117.0026498991224,2117.0026498991224,0.8593660556627422,0.001107945220649166,0.0011079452206491658,0.0326953285194794,0.00018300412964230176,0.00018300412964230168,0.061920578253213676,0.061920578253213676,0.5280204003550711,0.002955465449530162,0.002955465449530161,False,1e-24,False
HGNN,real,,95,restart,3766.328862774095,600.3939040932125,600.3939040932125,6327.707314002288,6327.707314002288,0.5952122428987451,0.09488332413299665,0.09488332413299665,0.06768685677186399,0.04684437771765845,0.046844377717658446,0.18508021041862258,0.18508021041862258,0.3657163378989406,0.2531031146533915,0.25310311465339147,False,1e-24,False
HGNN,real,,96,base,1818.238922167468,2.3068286181911275,2.306828618191128,2112.331084966703,2112.331084966703,0.8607736424974919,0.0010920772006853701,0.0010920772006853701,0.0326766148113603,0.00017998509042768766,0.00017998509042768766,0.06178393883900387,0.06178393883900387,0.5288852641219393,0.002913137197301252,0.0029131371973012514,False,1e-24,False
HGNN,real,,96,restart,3766.3287404312373,600.3938962663572,600.3938962663573,6327.706808373012,6327.706808373012,0.5952122711260133,0.09488333047793837,0.09488333047793839,0.06768685457317031,0.046844377106985746,0.046844377106985746,0.18508019562938408,0.18508019562938408,0.36571635524262475,0.2531031315786471,0.2531031315786471,False,1e-24,False
HGNN,real,,97,base,1817.2101628461382,2.269184928685171,2.2691849286851715,2107.736378440691,2107.736378440691,0.8621619769121767,0.00107659807549743,0.0010765980754974301,0.032658126387387604,0.00017704802661361283,0.00017704802661361286,0.0616495474696742,0.0616495474696742,0.5297382986217756,0.002871846329459334,0.002871846329459334,False,1e-24,False
HGNN,real,,97,restart,3766.328631896792,600.3938893987827,600.3938893987828,6327.706360350887,6327.706360350887,0.5952122961167149,0.09488333611066765,0.09488333611066768,0.06768685262263553,0.046844376571158766,0.046844376571158766,0.1850801825251071,0.1850801825251071,0.3657163705976649,0.25310314660406213,0.2531031466040622,False,1e-24,False
HGNN,real,,98,base,1816.1936733539026,2.232553112002286,2.232553112002286,2103.216448621922,2103.216448621922,0.8635315088677231,0.001061494699447177,0.001061494699447177,0.032639858471552874,0.00017418991189013176,0.00017418991189013173,0.06151734325724421,0.06151734325724421,0.5305797803241323,0.002831557779758627,0.0028315577797586268,False,1e-24,False
HGNN,real,,98,restart,3766.328535592921,600.3938833713531,600.3938833713532,6327.705963311833,6327.705963311833,0.595212318244585,0.09488334111168391,0.09488334111168392,0.0676868508919034,0.04684437610088219,0.0468443761008822,0.18508017091204285,0.18508017091204285,0.36571638419369507,0.2531031599443704,0.2531031599443704,False,1e-24,False
HGNN,real,,99,base,1815.1891982692634,2.1968961524019934,2.1968961524019934,2098.769290487887,2098.769290487887,0.864882675049671,0.0010467544776640485,0.0010467544776640485,0.032621806473529844,0.0001714078581877343,0.00017140785818773428,0.06138726755646222,0.06138726755646222,0.531409977541764,0.0027922379511366646,0.002792237951136664,False,1e-24,False
HGNN,real,,99,restart,3766.3284501246644,600.3938780799479,600.3938780799479,6327.705611401407,6327.705611401407,0.5952123378398652,0.09488334555231903,0.09488334555231905,0.06768684935590434,0.04684437568803226,0.04684437568803225,0.18508016061895366,0.18508016061895366,0.3657163962336257,0.25310317178985103,0.25310317178985103,False,1e-24,False
HGNN,real,,100,base,1814.1964919235031,2.162178709042611,2.1621787090426112,2094.3929721983964,2094.3929721983964,0.8662158993110148,0.0010323653381882115,0.0010323653381882117,0.032603965978265044,0.00016869910811710426,0.00016869910811710426,0.06125926386259897,0.06125926386259897,0.5322291507027227,0.0027538546414055303,0.0027538546414055307,False,1e-24,False
HGNN,real,,100,restart,3766.3283742583967,600.3938734335378,600.3938734335379,6327.705299444313,6327.705299444313,0.5952123551944096,0.09488334949579008,0.09488334949579012,0.06768684799246812,0.04684437532550661,0.04684437532550661,0.18508015149446644,0.18508015149446644,0.36571640689678075,0.25310318230913686,0.2531031823091369,False,1e-24,False
HGNN,real,,101,base,1813.2153178610108,2.128367025313378,2.128367025313378,2090.0856317918665,2090.0856317918665,0.8675315930986569,0.0010183157057965574,0.0010183157057965574,0.03258633273627903,0.0001660610278949635,0.00016606102789496347,0.06113327771481665,0.06113327771481665,0.5330375526123835,0.0027163769734321946,0.002716376973432194,False,1e-24,False
HGNN,real,,101,restart,3766.328306902863,600.393869352513,600.3938693525131,6327.705022864717,6327.705022864717,0.5952123705661848,0.09488335299812996,0.09488335299812999,0.06768684678198318,0.04684437500709387,0.04684437500709387,0.18508014340474177,0.18508014340474177,0.36571641634166263,0.25310319165169665,0.2531031916516967,False,1e-24,False
HGNN,real,,102,base,1812.2454483360975,2.0954288439333038,2.095428843933304,2085.84547406,2085.84547406,0.8688301558641577,0.0010045944773917745,0.0010045944773917747,0.03256890265462338,0.00016349110071985114,0.00016349110071985117,0.06100925660475592,0.06100925660475592,0.5338354287058221,0.0026797753294883838,0.002679775329488384,False,1e-24,False
HGNN,real,,102,restart,3766.3282470924946,600.393865767227,600.3938657672271,6327.704777616021,6327.704777616021,0.5952123841832375,0.09488335610901034,0.09488335610901036,0.06768684570709674,0.04684437472736003,0.046844374727360034,0.18508013623142006,0.18508013623142006,0.36571642470839016,0.25310319995003067,0.25310319995003067,False,1e-24,False
HGNN,real,,103,base,1811.2866638434691,2.0633333273926207,2.063333327392621,2081.6707675895523,2081.6707675895523,0.8701119754594183,0.000991190998844565,0.000991190998844565,0.03255167178844251,0.00016098692056474803,0.00016098692056474803,0.06088714989001001,0.06088714989001001,0.5346230172909339,0.0026440212894767432,0.002644021289476743,False,1e-24,False
HGNN,real,,103,restart,3766.3281939727012,600.393862616731,600.3938626167311,6327.704560118963,6327.704560118963,0.5952123962471935,0.09488335887246976,0.09488335887246979,0.06768684475245045,0.0468443744815497,0.0468443744815497,0.18508012986981084,0.18508012986981084,0.3657164321208482,0.25310320732161246,0.2531032073216125,False,1e-24,False
HGNN,real,,104,base,1810.338752679785,2.0320509833482703,2.032050983348271,2077.5598419606818,2077.5598419606818,0.8713774285179151,0.0009780950431880397,0.0009780950431880402,0.032534636333094225,0.00015854618635622784,0.0001585461863562279,0.060766908712178824,0.060766908712178824,0.5354005497826759,0.0026090875727639603,0.002609087572763961,False,1e-24,False
HGNN,real,,104,restart,3766.328146786927,600.3938598476706,600.3938598476707,6327.7043672070695,6327.7043672070695,0.5952124069363427,0.09488336132755729,0.09488336132755731,0.06768684390444783,0.04684437426550002,0.04684437426550002,0.18508012422729736,0.18508012422729736,0.3657164386885836,0.25310321387060625,0.2531032138706063,False,1e-24,False
HGNN,real,,105,base,1809.4015105339688,2.0015535946170115,2.0015535946170115,2073.5110850921765,2073.5110850921765,0.8726268808220686,0.0009652967900714329,0.0009652967900714329,0.032517792616786965,0.00015616669651232772,0.0001561666965123277,0.060648485919218946,0.060648485919218946,0.53616825092879,0.00257494798337315,0.0025749479833731496,False,1e-24,False
HGNN,real,,105,restart,3766.328104865242,600.3938574133248,600.3938574133249,6327.7041960785255,6327.7041960785255,0.5952124164083638,0.09488336350890225,0.09488336350890227,0.06768684315104918,0.04684437407556569,0.04684437407556569,0.18508011922192885,0.18508011922192885,0.3657164445084788,0.2531032196893864,0.2531032196893864,False,1e-24,False
HGNN,real,,106,base,1808.474740104098,1.9718141534389435,1.9718141534389435,2069.522940724519,2069.522940724519,0.8738606876573058,0.0009527868063876748,0.0009527868063876748,0.032501137093694676,0.00015384634381360808,0.00015384634381360805,0.060531835991825406,0.060531835991825406,0.5369263390273481,0.002541577358307526,0.002541577358307526,False,1e-24,False
HGNN,real,,106,restart,3766.328067614272,600.3938552727707,600.3938552727707,6327.704044253755,6327.704044253755,0.5952124248027227,0.09488336544721838,0.09488336544721838,0.06768684248159063,0.04684437390855379,0.04684437390855378,0.18508011478117975,0.18508011478117975,0.36571644966622585,0.25310322485988246,0.2531032248598824,False,1e-24,False
HGNN,real,,107,base,1807.5582507389056,1.94280679971073,1.9428067997107303,2065.5939060323985,2065.5939060323985,0.8750791941533519,0.0009405560279960747,0.0009405560279960749,0.03248466633751408,0.00015158311058393955,0.00015158311058393958,0.060416914973599654,0.060416914973599654,0.5376750261364535,0.0025089515187953033,0.0025089515187953037,False,1e-24,False
HGNN,real,,107,restart,3766.328034508334,600.3938533901517,600.3938533901518,6327.703909537965,6327.703909537965,0.5952124322427949,0.09488336716974975,0.09488336716974977,0.06768684188662481,0.0468443737616667,0.0468443737616667,0.1850801108408542,0.1850801108408542,0.3657164542376304,0.2531032294547684,0.2531032294547684,False,1e-24,False
HGNN,real,,108,base,1806.6518581020905,1.9145067629119212,1.9145067629119212,2061.7225293588804,2061.7225293588804,0.8762827356132604,0.0009285957424674706,0.0009285957424674706,0.032468377035431734,0.00014937506415943553,0.00014937506415943553,0.060303680404775815,0.060303680404775815,0.5384145182764063,0.002477047224262047,0.0024770472242620464,False,1e-24,False
HGNN,real,,108,restart,3766.3280050815997,600.3938517340426,600.3938517340428,6327.703789988114,6327.703789988114,0.5952124388377342,0.09488336870066581,0.09488336870066583,0.0676868413577801,0.04684437363245253,0.04684437363245253,0.18508010734411987,0.18508010734411987,0.36571645828975985,0.2531032335385168,0.2531032335385168,False,1e-24,False
HGNN,real,,109,base,1805.7553838577505,1.8868903074696883,1.8868903074696886,2057.907408063975,2057.907408063975,0.8774716378306631,0.0009168975727847859,0.000916897572784786,0.03245226598247084,0.0001472203526256589,0.0001472203526256589,0.06019209125929319,0.06019209125929319,0.539145015624631,0.002445842128851591,0.002445842128851591,False,1e-24,False
HGNN,real,,109,restart,3766.327978921197,600.3938502768943,600.3938502768945,6327.703683883751,6327.703683883751,0.5952124446841259,0.0948833700614108,0.09488337006141082,0.06768684088763649,0.04684437351876183,0.04684437351876183,0.18508010424065494,0.18508010424065494,0.3657164618819591,0.25310323716833055,0.25310323716833055,False,1e-24,False
HGNN,real,,110,base,1804.8686553754403,1.8599346813272695,1.8599346813272695,2054.1471864808395,2054.1471864808395,0.8786462173957151,0.0009054534619370219,0.0009054534619370219,0.032436330076190616,0.00014511720080479128,0.00014511720080479125,0.060082107885016806,0.060082107885016806,0.539866712703659,0.002415314740330214,0.0024153147403302134,False,1e-24,False
HGNN,real,,110,restart,3766.327955661103,600.3938489945481,600.3938489945482,6327.703589701259,6327.703589701259,0.5952124498674435,0.09488337127101328,0.09488337127101329,0.067686840469616,0.04684437341870966,0.04684437341870966,0.18508010148589485,0.18508010148589485,0.3657164650667456,0.25310324039496873,0.25310324039496873,False,1e-24,False
HGNN,real,,111,base,1803.991505453424,1.8336180674996414,1.8336180674996416,2050.4405539733366,2050.4405539733366,0.8798067819901706,0.0008942556583493546,0.0008942556583493547,0.03242056631171275,0.00014306390647587388,0.00014306390647587388,0.05997369194692259,0.05997369194692259,0.5405797985624317,0.002385444381221137,0.002385444381221137,False,1e-24,False
HGNN,real,,111,restart,3766.3279349767636,600.3938478658141,600.3938478658142,6327.70350609113,6327.70350609113,0.5952124544633369,0.09488337234636028,0.0948833723463603,0.06768684009788586,0.04684437333064274,0.046844373330642744,0.18508009904036768,0.18508009904036768,0.365716467890601,0.2531032432634778,0.2531032432634778,False,1e-24,False
HGNN,real,,112,base,1803.1237720588435,1.8079195384165658,1.807919538416566,2046.786243089047,2046.786243089047,0.8809536306720219,0.0008832967020962682,0.0008832967020962683,0.03240497177705178,0.0001410588368125268,0.0001410588368125268,0.05986680637307459,0.05986680637307459,0.5412844569511911,0.0023562111520277914,0.0023562111520277914,False,1e-24,False
HGNN,real,,112,restart,3766.327916580333,600.3938468721007,600.3938468721009,6327.703431857877,6327.703431857877,0.5952124585387689,0.09488337330243984,0.09488337330243989,0.06768683976727305,0.04684437325311049,0.046844373253110506,0.18508009686910634,0.18508009686910634,0.36571647039466926,0.25310324581383864,0.2531032458138387,False,1e-24,False
HGNN,real,,113,base,1802.2652980836083,1.782819012868343,1.7828190128683432,2043.1830278022885,2043.1830278022885,0.8820870541501028,0.0008725694118485307,0.0008725694118485308,0.032389543648728085,0.00013910042502373864,0.00013910042502373864,0.05976141530323462,0.05976141530323462,0.5419808664902048,0.0023275958964146175,0.0023275958964146175,False,1e-24,False
HGNN,real,,113,restart,3766.327900216474,600.3938459970927,600.3938459970927,6327.703365942292,6327.703365942292,0.5952124621530216,0.09488337415255636,0.09488337415255636,0.06768683947318876,0.04684437318483998,0.04684437318483997,0.18508009494112995,0.18508009494112995,0.365716472615375,0.253103248081541,0.25310324808154094,False,1e-24,False
HGNN,real,,114,base,1801.4159311149042,1.7582972153835235,1.7582972153835237,2039.6297218419961,2039.6297218419961,0.8832073350490498,0.0008620668725084078,0.000862066872508408,0.03237427918764354,0.00013718716718440444,0.00013718716718440444,0.05965748403995426,0.05965748403995426,0.542669200832566,0.002299580168223762,0.002299580168223762,False,1e-24,False
HGNN,real,,114,restart,3766.3278856586353,600.3938452264679,600.393845226468,6327.703307405774,6327.703307405774,0.5952124653585806,0.09488337490852061,0.09488337490852064,0.06768683921156149,0.04684437312471371,0.04684437312471371,0.18508009322898517,0.18508009322898517,0.36571647458496703,0.25310325009809037,0.25310325009809037,False,1e-24,False
HGNN,real,,115,base,1800.5755232193233,1.7343356378805403,1.7343356378805401,2036.1251770996948,2036.1251770996948,0.8843147481649953,0.0008517824234907645,0.0008517824234907644,0.032359175735201993,0.00013531761924328074,0.00013531761924328068,0.05955497900200927,0.05955497900200927,0.543349628821299,0.0022721462002146847,0.0022721462002146843,False,1e-24,False
HGNN,real,,115,restart,3766.327872705777,600.3938445476517,600.3938445476517,6327.70325541647,6327.70325541647,0.5952124682019225,0.09488337558081897,0.09488337558081897,0.06768683897877824,0.046844373071750614,0.046844373071750614,0.18508009170834097,0.18508009170834097,0.365716476332002,0.2531032518914593,0.25310325189145927,False,1e-24,False
HGNN,real,,116,base,1799.7439307396612,1.7109165034468772,1.7109165034468776,2032.66828211309,2032.66828211309,0.8854095607123417,0.0008417096476107104,0.0008417096476107107,0.03234423070965741,0.00013349039419693713,0.00013349039419693713,0.05945386768004592,0.05945386768004592,0.5440223146409847,0.002245276874421738,0.0022452768744217386,False,1e-24,False
HGNN,real,,116,restart,3766.3278611794562,600.3938439496005,600.3938439496005,6327.703209237033,6327.703209237033,0.5952124707242052,0.09488337617876258,0.09488337617876258,0.06768683877163212,0.04684437302508902,0.046844373025089016,0.1850800903576306,0.1850800903576306,0.36571647788176853,0.25310325348648555,0.2531032534864855,False,1e-24,False
HGNN,real,,117,base,1798.9210141035405,1.6880227321101169,1.6880227321101173,2029.2579606210804,2029.2579606210804,0.8864920325619705,0.0008318423605412276,0.0008318423605412278,0.03232944160267453,0.00013170415941911965,0.00013170415941911968,0.059354118594316316,0.059354118594316316,0.5446874179641237,0.002218955694032183,0.002218955694032183,False,1e-24,False
HGNN,real,,117,restart,3766.3278509212646,600.3938434226137,600.3938434226139,6327.703168213784,6327.703168213784,0.5952124729618825,0.09488337671062025,0.09488337671062028,0.06768683858727627,0.046844372983972066,0.04684437298397208,0.18508008915773447,0.18508008915773447,0.36571647925666484,0.2531032549052262,0.2531032549052263,False,1e-24,False
HGNN,real,,118,base,1798.1066376430447,1.6656379084749773,1.6656379084749775,2025.89317018629,2025.89317018629,0.8875624164712005,0.0008221746008067218,0.000822174600806722,0.03231480597608738,0.00012995763413570363,0.00012995763413570363,0.059255701254388546,0.059255701254388546,0.5453450940924289,0.0021931667566937926,0.0021931667566937926,False,1e-24,False
HGNN,real,,118,restart,3766.327841790549,600.3938429581675,600.3938429581676,6327.703131767149,6327.703131767149,0.5952124749472436,0.09488337718373561,0.09488337718373564,0.06768683842318295,0.046844372947734705,0.046844372947734705,0.1850800880917005,0.1850800880917005,0.36571648047653055,0.2531032561672707,0.2531032561672707,False,1e-24,False
HGNN,real,,119,base,1797.3006694246376,1.6437462511095229,1.6437462511095233,2022.5729008814278,2022.5729008814278,0.8886209583058204,0.0008127006202808245,0.0008127006202808247,0.0323003214588427,0.000128249587036122,0.000128249587036122,0.059158586120723854,0.059158586120723854,0.54599549409325,0.0021678947291675532,0.0021678947291675532,False,1e-24,False
HGNN,real,,119,restart,3766.327833662401,600.3938425487717,600.3938425487718,6327.703099383181,6327.703099383181,0.5952124767088929,0.09488337760463152,0.09488337760463154,0.06768683827710734,0.04684437291579252,0.04684437291579252,0.18508008714449622,0.18508008714449622,0.36571648155894093,0.2531032572900187,0.2531032572900187,False,1e-24,False
HGNN,real,,120,base,1796.5029810886836,1.6223325835719937,1.6223325835719937,2019.296174036051,2019.296174036051,0.8896678972544867,0.0008034148751588878,0.0008034148751588878,0.03228598574411583,0.00012657883401279908,0.00012657883401279908,0.05906274456802045,0.05906274456802045,0.5466387649313048,0.00214312482324662,0.0021431248232466195,False,1e-24,False
HGNN,real,,120,restart,3766.3278264258793,600.3938421878418,600.3938421878418,6327.703070606065,6327.703070606065,0.5952124782721737,0.09488337797910235,0.09488337797910235,0.06768683814705564,0.046844372887631776,0.04684437288763177,0.18508008630278935,0.18508008630278935,0.36571648251946776,0.25310325828892694,0.2531032582889269,False,1e-24,False
HGNN,real,,121,base,1795.7134476979318,1.601382306977339,1.6013823069773394,2016.0620410404824,2016.0620410404824,0.8907034660357825,0.0007943120173776356,0.0007943120173776358,0.032271796586587756,0.00012494423602071644,0.00012494423602071647,0.058968148850229093,0.058968148850229093,0.5472750495959037,0.002118842772868069,0.0021188427728680696,False,1e-24,False
HGNN,real,,121,restart,3766.3278199824263,600.3938418695888,600.3938418695889,6327.703045031498,6327.703045031498,0.595212479659541,0.09488337831229564,0.09488337831229568,0.06768683803125665,0.046844372862800805,0.046844372862800805,0.1850800855547544,0.1850800855547544,0.3657164833719081,0.2531032591777265,0.2531032591777266,False,1e-24,False
HGNN,real,,122,base,1794.9319475943896,1.580881374009595,1.5808813740095953,2012.8695822038712,2012.8695822038712,0.8917278910982083,0.0007853868864562519,0.000785386886456252,0.032257751799872905,0.0001233446970497873,0.0001233446970497873,0.05887477206715234,0.05887477206715234,0.5479044872238289,0.0020950348123488414,0.0020950348123488414,False,1e-24,False
HGNN,real,,122,restart,3766.327814244475,600.3938415889223,600.3938415889223,6327.703022300815,6327.703022300815,0.5952124808908938,0.09488337860878515,0.09488337860878515,0.06768683792813665,0.04684437284090244,0.04684437284090243,0.18508008488990071,0.18508008488990071,0.36571648412848834,0.25310325996861804,0.25310325996861804,False,1e-24,False
HGNN,real,,123,base,1794.1583622640273,1.5608162642926995,1.5608162642926995,2009.7179056635298,2009.7179056635298,0.8927413928133694,0.0007766345017348985,0.0007766345017348985,0.03224384925408765,0.00012177916220321999,0.00012177916220321997,0.0587825881325435,0.0587825881325435,0.5485272132180354,0.002071687655681836,0.0020716876556818357,False,1e-24,False
HGNN,real,,123,restart,3766.327809134211,600.3938413413646,600.3938413413646,6327.703002095801,6327.703002095801,0.5952124819838674,0.0948833788726348,0.0948833788726348,0.06768683783629716,0.04684437282158731,0.0468443728215873,0.18508008429892073,0.18508008429892073,0.36571648480004426,0.25310326067244215,0.2531032606724421,False,1e-24,False
HGNN,real,,124,base,1793.3925762088306,1.5411739610383424,1.5411739610383426,2006.6061463428885,2006.6061463428885,0.8937441856626189,0.0007680500549882134,0.0007680500549882135,0.03223008687355092,0.00012024661587551937,0.00012024661587551937,0.05869157174362773,0.05869157174362773,0.5491433593623297,0.002048788476832277,0.002048788476832277,False,1e-24,False
HGNN,real,,124,restart,3766.327804582472,600.3938411229765,600.3938411229766,6327.702984134091,6327.702984134091,0.5952124829540923,0.09488337910745615,0.09488337910745616,0.06768683775449524,0.04684437280454807,0.04684437280454807,0.18508008377355556,0.18508008377355556,0.3657164853961797,0.25310326129883265,0.25310326129883265,False,1e-24,False
HGNN,real,,125,base,1792.6344768257138,1.5219419288949645,1.5219419288949645,2003.5334649555366,2003.5334649555366,0.8947364784173929,0.0007596289033928067,0.0007596289033928067,0.03221646263460804,0.00011874608002420486,0.00011874608002420485,0.058601698351971,0.058601698351971,0.5497530539321729,0.0020263248909783683,0.002026324890978368,False,1e-24,False
HGNN,real,,125,restart,3766.327800527783,600.3938409302923,600.3938409302924,6327.7029681651,6327.7029681651,0.5952124838154245,0.09488337931645893,0.09488337931645895,0.0676868376816261,0.046844372789514324,0.046844372789514324,0.18508008330647577,0.18508008330647577,0.36571648592540806,0.2531032618563517,0.2531032618563517,False,1e-24,False
HGNN,real,,126,base,1791.8839542918754,1.5031080929271192,1.503108092927119,2000.499047053002,2000.499047053002,0.895718474313475,0.0007513665628291075,0.0007513665628291074,0.03220297456357046,0.00011727661252972279,0.00011727661252972275,0.05851294413562848,0.05851294413562848,0.5503564218017549,0.0020042849366438418,0.0020042849366438413,False,1e-24,False
HGNN,real,,126,restart,3766.327796915488,600.3938407602615,600.3938407602616,6327.7029539664245,6327.7029539664245,0.5952124845801464,0.09488337950249603,0.09488337950249605,0.06768683761670748,0.046844372776248054,0.046844372776248054,0.18508008289117625,0.18508008289117625,0.36571648639527626,0.25310326235260927,0.25310326235260927,False,1e-24,False
HGNN,real,,127,base,1791.1409014561837,1.4846608186591337,1.4846608186591341,1997.50210211402,1997.50210211402,0.8966903712194156,0.0007432587014991722,0.0007432587014991724,0.03218962073476372,0.000115837305638398,0.00011583730563839802,0.05842528597250637,0.05842528597250637,0.5509535845474756,0.001982657058673336,0.0019826570586733362,False,1e-24,False
HGNN,real,,127,restart,3766.327793696987,600.3938406101988,600.3938406101988,6327.702941340644,6327.702941340644,0.5952124852591483,0.09488337966810337,0.09488337966810338,0.06768683755886595,0.04684437276453975,0.046844372764539746,0.1850800825218826,0.1850800825218826,0.3657164868124755,0.25310326279437,0.25310326279437,False,1e-24,False
HGNN,real,,128,base,1790.4052137362212,1.4665888931213837,1.466588893121384,1994.541862673218,1994.541862673218,0.8976523617993161,0.0007353011338432192,0.0007353011338432193,0.03217639926867718,0.00011442728448361239,0.00011442728448361239,0.058338701414876654,0.058338701414876654,0.5515446605479641,0.0019614300920046336,0.0019614300920046336,False,1e-24,False
HGNN,real,,128,restart,3766.3277908290647,600.3938404777407,600.3938404777407,6327.702930112499,6327.702930112499,0.5952124858620857,0.0948833798155354,0.0948833798155354,0.06768683750732488,0.046844372754205006,0.046844372754205,0.18508008219346864,0.18508008219346864,0.3657164871829384,0.25310326318764786,0.2531032631876478,False,1e-24,False
HGNN,real,,129,base,1789.6767890206313,1.4488815068415086,1.4488815068415088,1991.6175834872176,1991.6175834872176,0.8986046336701856,0.0007274898147387278,0.0007274898147387279,0.03216330833020908,0.00011304570568071006,0.00011304570568071006,0.05825316866498633,0.05825316866498633,0.552129765080765,0.001940593246194646,0.001940593246194646,False,1e-24,False
HGNN,real,,129,restart,3766.327788273282,600.393840360805,600.393840360805,6327.702920126381,6327.702920126381,0.5952124863975217,0.09488337994679649,0.09488337994679649,0.06768683746139342,0.04684437274508137,0.04684437274508136,0.18508008190138295,0.18508008190138295,0.3657164875119264,0.2531032635377894,0.25310326353778934,False,1e-24,False
HGNN,real,,130,base,1788.9555275764685,1.431528236726687,1.4315282367266875,1988.728540736312,1988.728540736312,0.8995473695540775,0.0007198208339669498,0.00071982083396695,0.032150346127001427,0.00011169175599142565,0.00011169175599142567,0.05816866655170704,0.05816866655170704,0.5527090104158134,0.0019201360906587243,0.0019201360906587247,False,1e-24,False
HGNN,real,,130,restart,3766.327785995445,600.3938402575584,600.3938402575586,6327.702911244115,6327.702911244115,0.5952124868730495,0.09488338006366873,0.09488338006366877,0.06768683742045711,0.046844372737025776,0.04684437273702579,0.185080081641584,0.185080081641584,0.36571648780410504,0.25310326384954834,0.2531032638495484,False,1e-24,False
HGNN,real,,131,base,1788.2413319612008,1.414519029786527,1.414519029786527,1985.874031259942,1985.874031259942,0.9004807474251764,0.000712290410932602,0.000712290410932602,0.03213751090785858,0.00011036465105389956,0.00011036465105389954,0.05808517450817345,0.05808517450817345,0.5532825059058117,0.0019000485405853366,0.0019000485405853364,False,1e-24,False
HGNN,real,,131,restart,3766.327783965137,600.3938401663866,600.3938401663867,6327.702903343,6327.702903343,0.5952124872954041,0.09488338016773694,0.09488338016773695,0.06768683738396929,0.0468443727299123,0.046844372729912306,0.1850800814104829,0.1850800814104829,0.36571648806361245,0.25310326412715234,0.25310326412715234,False,1e-24,False
HGNN,real,,132,base,1787.5341069391407,1.3978441876493721,1.3978441876493721,1983.0533718243344,1983.0533718243344,0.9014049406520394,0.0007048948896233732,0.0007048948896233732,0.03212480096124537,0.00010906363417459769,0.00010906363417459768,0.05800267255036223,0.05800267255036223,0.5538503580736255,0.0018803208434904537,0.0018803208434904535,False,1e-24,False
HGNN,real,,132,restart,3766.3277821552897,600.3938400858661,600.3938400858661,6327.702896314048,6327.702896314048,0.5952124876705596,0.09488338026041042,0.09488338026041042,0.06768683735144349,0.04684437272362988,0.046844372723629873,0.18508008120489186,0.18508008120489186,0.36571648829411924,0.25310326437436065,0.2531032643743606,False,1e-24,False
HGNN,real,,133,base,1786.8337594019927,1.3814943518278149,1.3814943518278149,1980.265898420719,1980.265898420719,0.9023201181351503,0.0006976307337966935,0.0006976307337966935,0.03211221461385919,0.00010778797517868653,0.00010778797517868652,0.05792114125656553,0.05792114125656553,0.5544126706968016,0.0018609435663781647,0.0018609435663781645,False,1e-24,False
HGNN,real,,133,restart,3766.327780541819,600.3938400147433,600.3938400147435,6327.702890060464,6327.702890060464,0.595212488003815,0.09488338034294248,0.09488338034294251,0.06768683732244687,0.04684437271808068,0.046844372718080694,0.1850800810219797,0.1850800810219797,0.36571648849888144,0.25310326459451654,0.25310326459451654,False,1e-24,False
HGNN,real,,134,base,1786.1401982933037,1.3654604896919866,1.365460489691987,1977.5109655926615,1977.5109655926615,0.903226444439966,0.0006904945223819565,0.0006904945223819567,0.03209975022927229,0.00010653696931563069,0.0001065369693156307,0.05784056174771598,0.05784056174771598,0.5549695448893156,0.0018419075834760132,0.0018419075834760136,False,1e-24,False
HGNN,real,,134,restart,3766.3277791032865,600.3938399519134,600.3938399519135,6327.702884496245,6327.702884496245,0.5952124882998718,0.09488338041644814,0.09488338041644816,0.06768683729659418,0.04684437271317852,0.04684437271317852,0.1850800808592309,0.1850800808592309,0.36571648868078765,0.2531032647905943,0.2531032647905943,False,1e-24,False
HGNN,real,,135,base,1785.4533345365742,1.3497338811117858,1.349733881111786,1974.7879457911092,1974.7879457911092,0.9041240799256112,0.0006834829450870869,0.000683482945087087,0.03208740620663979,0.00010530993621698297,0.00010530993621698297,0.05776091566852231,0.05776091566852231,0.5555210791806459,0.001823204064515432,0.001823204064515432,False,1e-24,False
HGNN,real,,135,restart,3766.3277778206166,600.393839896402,600.3938398964021,6327.702879544998,6327.702879544998,0.5952124885629017,0.09488338048191894,0.09488338048191895,0.06768683727354259,0.04684437270884737,0.04684437270884737,0.185080080714411,0.185080080714411,0.3657164888424011,0.25310326496523894,0.25310326496523894,False,1e-24,False
HGNN,real,,136,base,1784.773080966812,1.3343061057316041,1.3343061057316046,1972.0962287558277,1972.0962287558277,0.9050131808693758,0.0006765927981990017,0.000676592798199002,0.0320751809794696,0.00010410621890352367,0.00010410621890352368,0.057682185169376926,0.057682185169376926,0.5560673695922687,0.0018048244635293902,0.0018048244635293904,False,1e-24,False
HGNN,real,,136,restart,3766.3277766768197,600.3938398473508,600.3938398473508,6327.702875138832,6327.702875138832,0.5952124887966054,0.0948833805402372,0.0948833805402372,0.06768683725298676,0.04684437270502026,0.04684437270502025,0.1850800805855343,0.1850800805855343,0.36571648898599574,0.25310326512080406,0.253103265120804,False,1e-24,False
HGNN,real,,137,base,1784.0993522653457,1.3191690308433592,1.3191690308433597,1969.4352209219924,1969.4352209219924,0.9058938995871713,0.0006698209805681191,0.0006698209805681193,0.03206307301445094,0.00010292518283908131,0.00010292518283908134,0.057604352888999164,0.057604352888999164,0.5566085097116698,0.0017867605081409944,0.0017867605081409949,False,1e-24,False
HGNN,real,,137,restart,3766.3277756567772,600.3938398040025,600.3938398040026,6327.702871217431,6327.702871217431,0.5952124890042675,0.09488338059218772,0.09488338059218773,0.06768683723465499,0.046844372701638104,0.046844372701638104,0.18508008047083654,0.18508008047083654,0.3657164891135896,0.25310326525938304,0.25310326525938304,False,1e-24,False
HGNN,real,,138,base,1783.4320648976966,1.304314799825724,1.304314799825724,1966.8043448507394,1966.8043448507394,0.9067663845500814,0.0006631644897676432,0.0006631644897676432,0.032051080810337765,0.00010176621502852968,0.00010176621502852966,0.05752740193777939,0.05752740193777939,0.557144590763957,0.0017690041893183045,0.0017690041893183043,False,1e-24,False
HGNN,real,,138,restart,3766.327774747022,600.3938397656894,600.3938397656894,6327.702867727184,6327.702867727184,0.5952124891888027,0.09488338063846886,0.09488338063846886,0.06768683721830525,0.046844372698648815,0.04684437269864881,0.1850800803687497,0.1850800803687497,0.36571648922697353,0.2531032653828389,0.25310326538283884,False,1e-24,False
HGNN,real,,139,base,1782.7711370543343,1.2897358211193852,1.2897358211193855,1964.2030386825704,1964.2030386825704,0.9076307804971495,0.0006566204184188802,0.0006566204184188803,0.03203920289688406,0.0001006287231576072,0.0001006287231576072,0.057451315881791525,0.057451315881791525,0.55767570168116,0.001751547751572044,0.001751547751572044,False,1e-24,False
HGNN,real,,139,restart,3766.327773935566,600.3938397318224,600.3938397318224,6327.702864620443,6327.702864620443,0.5952124893527981,0.094883380679702,0.094883380679702,0.06768683720372211,0.046844372696006414,0.04684437269600641,0.1850800802778801,0.1850800802778801,0.3657164893277373,0.2531032654928291,0.2531032654928291,False,1e-24,False
HGNN,real,,140,base,1782.1164885941662,1.2754247577099804,1.2754247577099804,1961.630755612551,1961.630755612551,0.9084872285445338,0.0006501859506743452,0.0006501859506743452,0.03202743783382829,9.951213477234699e-05,9.951213477234697e-05,0.05737607872744307,0.05737607872744307,0.5582019291692988,0.0017343836835742171,0.001734383683574217,False,1e-24,False
HGNN,real,,140,restart,3766.3277732117285,600.3938397018819,600.3938397018821,6327.702861854856,6327.702861854856,0.5952124894985501,0.09488338071644012,0.09488338071644016,0.06768683719071361,0.04684437269367038,0.04684437269367039,0.18508008019698896,0.18508008019698896,0.36571648941729173,0.25310326559082874,0.2531032655908288,False,1e-24,False
HGNN,real,,141,base,1781.4680409905923,1.2613745170920485,1.2613745170920487,1959.0869633862933,1959.0869633862933,0.9093358662911596,0.0006438583588508778,0.0006438583588508779,0.03201578420992386,9.841589649603663e-05,9.841589649603663e-05,0.05730167490673296,0.05730167490673296,0.5587233577732995,0.0017175047091768818,0.0017175047091768818,False,1e-24,False
HGNN,real,,141,restart,3766.3277725659996,600.3938396754102,600.3938396754104,6327.702859392774,6327.702859392774,0.5952124896280967,0.09488338074917535,0.09488338074917538,0.06768683717910885,0.04684437269160498,0.04684437269160499,0.18508008012497512,0.18508008012497512,0.36571648949688906,0.2531032656781506,0.2531032656781506,False,1e-24,False
HGNN,real,,142,base,1780.8257172799933,1.247578241688916,1.2475782416889163,1956.5711438157884,1956.5711438157884,0.9101768279209879,0.0006376350002054287,0.0006376350002054288,0.03200424064201342,9.733947328175156e-05,9.733947328175156e-05,0.05722808926309013,0.05722808926309013,0.559240069939831,0.001700903778811495,0.0017009037788114952,False,1e-24,False
HGNN,real,,142,restart,3766.327771989906,600.393839652002,600.393839652002,6327.702857200726,6327.702857200726,0.5952124897432477,0.09488338077834564,0.09488338077834564,0.06768683716875554,0.04684437268977861,0.046844372689778604,0.18508008006085952,0.18508008006085952,0.3657164895676413,0.2531032657559629,0.25310326575596287,False,1e-24,False
HGNN,real,,143,base,1780.1894420125143,1.2340292997049078,1.2340292997049076,1954.0827923141708,1954.0827923141708,0.9110102443020242,0.0006315133138465838,0.0006315133138465837,0.03199280577414434,9.628234769861942e-05,9.628234769861938e-05,0.057155307037765675,0.057155307037765675,0.5597521460781396,0.0016845740612503458,0.0016845740612503454,False,1e-24,False
HGNN,real,,143,restart,3766.327771475899,600.3938396313008,600.3938396313009,6327.702855248949,6327.702855248949,0.5952124898456095,0.09488338080434082,0.09488338080434083,0.06768683715951802,0.046844372688163445,0.046844372688163445,0.18508008000377166,0.18508008000377166,0.3657164896305355,0.25310326582530557,0.25310326582530557,False,1e-24,False
HGNN,real,,144,base,1779.55914120501,1.2207212763876485,1.2207212763876485,1951.6214174485783,1951.6214174485783,0.9118362430821694,0.0006254908177752728,0.0006254908177752728,0.03198147827672307,9.524401925008087e-05,9.524401925008086e-05,0.05708331385675446,0.05708331385675446,0.560259664618942,0.001668508935712585,0.0016685089357125849,False,1e-24,False
HGNN,real,,144,restart,3766.3277710172542,600.3938396129914,600.3938396129915,6327.702853510982,6327.702853510982,0.5952124899366085,0.09488338082750797,0.09488338082750798,0.06768683715127546,0.0468443726867349,0.0468443726867349,0.18508007995293754,0.18508007995293754,0.365716489686448,0.25310326588710436,0.25310326588710436,False,1e-24,False
HGNN,real,,145,base,1778.9347422960548,1.2076479656795203,1.20764796567952,1949.1865405102862,1949.1865405102862,0.9126549487820389,0.0006195651060484774,0.0006195651060484773,0.0319702568457066,9.42240037225135e-05,9.422400372251348e-05,0.057012095718221835,0.057012095718221835,0.5607627020714566,0.0016527019842983643,0.0016527019842983639,False,1e-24,False
HGNN,real,,145,restart,3766.32777060798,600.3938395967956,600.3938395967956,6327.702851963289,6327.702851963289,0.5952124900175118,0.09488338084815601,0.09488338084815601,0.06768683714392015,0.04684437268547126,0.04684437268547125,0.1850800799076688,0.1850800799076688,0.3657164897361574,0.2531032659421834,0.2531032659421834,False,1e-24,False
HGNN,real,,146,base,1778.3161741028807,1.1948033622385332,1.1948033622385332,1946.7776951013518,1946.7776951013518,0.9134664828848367,0.0006137338460600815,0.0006137338460600815,0.031959140201828565,9.322183256267822e-05,9.32218325626782e-05,0.056941638980413344,0.056941638980413344,0.5612613330786246,0.0016371469847354491,0.001637146984735449,False,1e-24,False
HGNN,real,,146,restart,3766.3277702427326,600.393839582468,600.3938395824681,6327.702850584942,6327.702850584942,0.5952124900894434,0.09488338086655991,0.09488338086655994,0.06768683713735608,0.046844372684353375,0.046844372684353375,0.1850800798673533,0.1850800798673533,0.36571648978035437,0.2531032659912762,0.25310326599127625,False,1e-24,False
HGNN,real,,147,base,1777.7033667801618,1.1821816538100016,1.1821816538100016,1944.3944267370402,1944.3944267370402,0.9142709639234006,0.0006079947759333296,0.0006079947759333296,0.03194812708985855,9.223705228253651e-05,9.22370522825365e-05,0.05687193035002604,0.05687193035002604,0.5617556304705933,0.001621837903423552,0.0016218379034235518,False,1e-24,False
HGNN,real,,147,restart,3766.3277699167556,600.3938395697916,600.3938395697916,6327.702849357325,6327.702849357325,0.5952124901534028,0.09488338088296464,0.09488338088296464,0.06768683713149777,0.046844372683364326,0.04684437268336432,0.18508007983144653,0.18508007983144653,0.365716489819653,0.25310326603503613,0.2531032660350361,False,1e-24,False
HGNN,real,,148,base,1777.0962517805349,1.1697772139314704,1.1697772139314706,1942.0362924633391,1942.0362924633391,0.9150685075645064,0.0006023457020196511,0.0006023457020196512,0.03193721627789257,9.126922389006888e-05,9.126922389006888e-05,0.05680295687102106,0.05680295687102106,0.5622456653165154,0.001606768888762397,0.001606768888762397,False,1e-24,False
HGNN,real,,148,restart,3766.327769625807,600.3938395585749,600.3938395585749,6327.702848263877,6327.702848263877,0.5952124902102773,0.09488338089758815,0.09488338089758815,0.06768683712626895,0.04684437268248917,0.046844372682489165,0.18508007979946406,0.18508007979946406,0.36571648985459837,0.2531032660740446,0.2531032660740446,False,1e-24,False
HGNN,real,,149,base,1776.4947618167648,1.157584594954332,1.1575845949543322,1939.7028604889003,1939.7028604889003,0.9158592266905257,0.0005967844964988936,0.0005967844964988937,0.0319264065566731,9.03179223448022e-05,9.03179223448022e-05,0.05673470591385827,0.05673470591385827,0.5627315069747214,0.0015919342647502954,0.0015919342647502956,False,1e-24,False
HGNN,real,,149,restart,3766.327769366104,600.3938395486488,600.3938395486489,6327.70284728987,6327.70284728987,0.5952124902608547,0.09488338091062462,0.09488338091062463,0.06768683712160169,0.04684437268171471,0.04684437268171471,0.18508007977097518,0.18508007977097518,0.3657164898856746,0.25310326610881967,0.25310326610881967,False,1e-24,False
HGNN,real,,150,base,1775.8988308254816,1.145598521366492,1.1455985213664923,1937.3937098307867,1937.3937098307867,0.916643231478536,0.0005913090950762658,0.0005913090950762659,0.031915696738937425,8.938273603682588e-05,8.938273603682588e-05,0.0566671651651346,0.0566671651651346,0.5632132231413277,0.0015773285248406967,0.0015773285248406967,False,1e-24,False
HGNN,real,,150,restart,3766.327769134276,600.3938395398638,600.393839539864,6327.702846422197,6327.702846422197,0.5952124903058349,0.09488338092224699,0.094883380922247,0.06768683711743538,0.046844372681029284,0.046844372681029284,0.18508007974559643,0.18508007974559643,0.36571648991331185,0.2531032661398226,0.2531032661398226,False,1e-24,False
HGNN,real,,151,base,1775.308393932386,1.1338138834013185,1.1338138834013185,1935.108429973434,1935.108429973434,0.917420629476953,0.0005859174947715379,0.0005859174947715379,0.031905085658792305,8.846326628814444e-05,8.846326628814444e-05,0.056600322617609,0.056600322617609,0.5636908798973219,0.0015629463260448365,0.0015629463260448363,False,1e-24,False
HGNN,real,,151,restart,3766.327768927317,600.3938395320882,600.3938395320884,6327.702845649197,6327.702845649197,0.5952124903458399,0.09488338093260924,0.09488338093260926,0.067686837113716,0.04684437268042261,0.04684437268042261,0.18508007972298685,0.18508007972298685,0.36571648993789213,0.2531032661674641,0.2531032661674641,False,1e-24,False
HGNN,real,,152,base,1774.7233874188746,1.1222257309189216,1.1222257309189216,1932.846620540248,1932.846620540248,0.9181915256797891,0.0005806077517962855,0.0005806077517962855,0.031894572171114154,8.755912687527836e-05,8.755912687527834e-05,0.05653416656059692,0.05653416656059692,0.564164541754189,0.001548782483269244,0.0015487824832692437,False,1e-24,False
HGNN,real,,152,restart,3766.3277687425484,600.3938395252053,600.3938395252054,6327.702844960497,6327.702844960497,0.5952124903814223,0.09488338094184849,0.0948833809418485,0.06768683711039541,0.04684437267988558,0.04684437267988559,0.18508007970284293,0.18508007970284293,0.36571648995975503,0.25310326619210993,0.25310326619210993,False,1e-24,False
HGNN,real,,153,base,1774.1437486899863,1.110829267546579,1.1108292675465787,1930.6078909773132,1930.6078909773132,0.9189560225986015,0.0005753779795151746,0.0005753779795151744,0.03188415515097301,8.66699435720838e-05,8.666994357208377e-05,0.05646868557071904,0.05646868557071904,0.5646342716981186,0.0015348319638774299,0.0015348319638774292,False,1e-24,False
HGNN,real,,153,restart,3766.3277685775797,600.3938395191116,600.3938395191116,6327.70284434686,6327.70284434686,0.595212490413073,0.0948833809500869,0.0948833809500869,0.06768683710743066,0.046844372679410134,0.04684437267941013,0.18508007968489454,0.18508007968489454,0.36571648997920214,0.2531032662140861,0.253103266214086,False,1e-24,False
HGNN,real,,154,base,1773.5694162436223,1.0996198450658343,1.0996198450658343,1928.391860248697,1928.391860248697,0.9197142203322162,0.0005702263464874928,0.0005702263464874928,0.03187383349307937,8.579535371181884e-05,8.579535371181883e-05,0.056403868502989174,0.056403868502989174,0.565100131232846,0.0015210898824656331,0.001521089882465633,False,1e-24,False
HGNN,real,,154,restart,3766.3277684302802,600.3938395137164,600.3938395137164,6327.702843800072,6327.702843800072,0.5952124904412278,0.09488338095743334,0.09488338095743334,0.06768683710478346,0.04684437267898919,0.046844372678989186,0.18508007966890144,0.18508007966890144,0.3657164899965013,0.25310326623368284,0.2531032662336828,False,1e-24,False
HGNN,real,,155,base,1773.0003296409668,1.0885929580344818,1.0885929580344815,1926.1981565428569,1926.1981565428569,0.9204662166343002,0.0005651510745853323,0.0005651510745853322,0.031863606111252614,8.493500576753586e-05,8.493500576753583e-05,0.05633970448222694,0.05633970448222694,0.5655621804211697,0.0015075514958430365,0.001507551495843036,False,1e-24,False
HGNN,real,,155,restart,3766.3277682987487,600.3938395089392,600.3938395089392,6327.702843312818,6327.702843312818,0.5952124904662746,0.09488338096398469,0.09488338096398469,0.06768683710241963,0.04684437267861646,0.04684437267861645,0.18508007965464968,0.18508007965464968,0.36571649001189077,0.2531032662511587,0.25310326625115864,False,1e-24,False
HGNN,real,,156,base,1772.4364294780519,1.0777442386322735,1.077744238632274,1924.0264169896932,1924.0264169896932,0.9212121069788548,0.0005601504371850041,0.0005601504371850043,0.031853471937909945,8.408855894992954e-05,8.408855894992957e-05,0.05627618289478175,0.05627618289478175,0.5660204779251932,0.0014942121982073292,0.0014942121982073296,False,1e-24,False
HGNN,real,,156,restart,3766.3277681812933,600.3938395047086,600.3938395047088,6327.702842878589,6327.702842878589,0.595212490488558,0.09488338096982733,0.09488338096982736,0.06768683710030877,0.046844372678286374,0.04684437267828639,0.18508007964194884,0.18508007964194884,0.3657164900255824,0.25310326626674406,0.2531032662667441,False,1e-24,False
HGNN,real,,157,base,1771.877657358407,1.0670694517197905,1.0670694517197905,1921.8762873878018,1921.8762873878018,0.9219519846236973,0.0005552227574284411,0.0005552227574284411,0.03184342992357489,8.325568282181642e-05,8.325568282181641e-05,0.0562132933805552,0.0562132933805552,0.5664750810453295,0.001481067516506967,0.0014810675165069667,False,1e-24,False
HGNN,real,,157,restart,3766.3277680763963,600.3938395009619,600.3938395009619,6327.70284249159,6327.70284249159,0.5952124905083834,0.09488338097503825,0.09488338097503825,0.06768683709842362,0.04684437267799405,0.046844372677994045,0.18508007963062945,0.18508007963062945,0.36571649003776374,0.2531032662806443,0.2531032662806442,False,1e-24,False
HGNN,real,,158,base,1771.3239558667472,1.0565644901004705,1.0565644901004703,1919.7474219415062,1919.7474219415062,0.9226859406720007,0.0005503664065515091,0.000550366406551509,0.03183347903640442,8.243605692846537e-05,8.243605692846534e-05,0.056151025825309495,0.056151025825309495,0.5669260457581135,0.0014681131059819065,0.0014681131059819058,False,1e-24,False
HGNN,real,,158,restart,3766.3277679827142,600.3938394976432,600.3938394976433,6327.702842146663,6327.702842146663,0.5952124905260238,0.0948833809796859,0.09488338097968595,0.06768683709674,0.04684437267773511,0.04684437267773511,0.1850800796205406,0.1850800796205406,0.3657164900486025,0.253103266293042,0.2531032662930421,False,1e-24,False
HGNN,real,,159,base,1770.775268543639,1.0462253699763275,1.0462253699763278,1917.639483007267,1917.639483007267,0.9234140641319537,0.0005455798022762982,0.0005455798022762983,0.03182361826173367,8.162937044304028e-05,8.162937044304028e-05,0.05608937035325008,0.05608937035325008,0.5673734267528582,0.0014553447458750138,0.0014553447458750138,False,1e-24,False
HGNN,real,,159,restart,3766.3277678990394,600.3938394947036,600.3938394947036,6327.702841839216,6327.702841839216,0.5952124905417201,0.0948833809838315,0.0948833809838315,0.06768683709523624,0.046844372677505755,0.04684437267750575,0.18508007961154804,0.18508007961154804,0.3657164900582468,0.25310326630410046,0.2531032663041004,False,1e-24,False
HGNN,real,,160,base,1770.2315398611058,1.0360482265883795,1.0360482265883795,1915.5521408490872,1915.5521408490872,0.9241364419746013,0.000540861407264613,0.000540861407264613,0.03181384660163751,8.083532182645441e-05,8.08353218264544e-05,0.05602831731987151,0.05602831731987151,0.5678172774671947,0.0014427583353067183,0.001442758335306718,False,1e-24,False
HGNN,real,,160,restart,3766.327767824302,600.3938394920995,600.3938394920995,6327.702841565158,6327.702841565158,0.595212490555688,0.09488338098752941,0.09488338098752941,0.06768683709389309,0.04684437267730258,0.04684437267730257,0.1850800796035321,0.1850800796035321,0.3657164900668291,0.2531032663139647,0.2531032663139646,False,1e-24,False
HGNN,real,,161,base,1769.6927151991285,1.0260293100332782,1.0260293100332785,1913.4850734025488,1913.4850734025488,0.9248531591899333,0.0005362097276300141,0.0005362097276300142,0.03180416307450825,8.005361850097228e-05,8.005361850097228e-05,0.055967857305055685,0.055967857305055685,0.5682576501215335,0.001430349889305855,0.001430349889305855,False,1e-24,False
HGNN,real,,161,restart,3766.3277677575416,600.3938394897922,600.3938394897922,6327.702841320852,6327.702841320852,0.5952124905681181,0.09488338099082815,0.09488338099082815,0.0676868370926933,0.046844372677122555,0.04684437267712255,0.1850800795963863,0.1850800795963863,0.36571649007446655,0.25310326632276414,0.2531032663227641,False,1e-24,False
HGNN,real,,162,base,1769.1587408229889,1.0161649812480704,1.0161649812480704,1911.4379660471277,1911.4379660471277,0.9255642988412678,0.0005316233115058971,0.0005316233115058971,0.03179456671464843,7.928397653692978e-05,7.928397653692976e-05,0.05590798110641223,0.05590798110641223,0.5686945957524806,0.0014181155349899854,0.0014181155349899852,False,1e-24,False
HGNN,real,,162,restart,3766.3277676979046,600.3938394877478,600.3938394877478,6327.702841103051,6327.702841103051,0.5952124905791807,0.09488338099377097,0.09488338099377097,0.06768683709162152,0.04684437267696304,0.046844372676963036,0.18508007959001582,0.18508007959001582,0.3657164900812637,0.2531032663306142,0.25310326633061414,False,1e-24,False
HGNN,real,,163,base,1768.6295638614297,1.0064517081554398,1.00645170815544,1909.4105113864618,1909.4105113864618,0.9262699421179952,0.0005271007476672132,0.0005271007476672133,0.031785056571878356,7.852612035197537e-05,7.852612035197539e-05,0.055848679732851556,0.055848679732851556,0.5691281642452437,0.001406051507888814,0.001406051507888814,False,1e-24,False
HGNN,real,,163,restart,3766.327767644627,600.3938394859362,600.3938394859363,6327.702840908871,6327.702840908871,0.5952124905890264,0.09488338099639639,0.0948833809963964,0.06768683709066403,0.0468443726768217,0.0468443726768217,0.1850800795843362,0.1850800795843362,0.3657164900873132,0.25310326633761754,0.25310326633761754,False,1e-24,False
HGNN,real,,164,base,1768.105132285583,0.9968860619621676,0.9968860619621676,1907.402409036247,1907.402409036247,0.9269701683867292,0.0005226406642035563,0.0005226406642035563,0.031775631711157395,7.777978242226588e-05,7.777978242226588e-05,0.05578994439838097,0.05578994439838097,0.5695584043650619,0.0013941541484046192,0.001394154148404619,False,1e-24,False
HGNN,real,,164,restart,3766.3277675970294,600.3938394843309,600.393839484331,6327.702840735739,6327.702840735739,0.5952124905977898,0.09488338099873879,0.0948833809987388,0.06768683708980863,0.04684437267669645,0.04684437267669645,0.18508007957927225,0.18508007957927225,0.36571649009269774,0.25310326634386593,0.25310326634386593,False,1e-24,False
HGNN,real,,165,base,1767.585394888638,0.9874647136039173,0.9874647136039173,1905.413365419466,1905.413365419466,0.9276650552409209,0.0005182417272414443,0.0005182417272414443,0.03176629121221857,7.704470300507881e-05,7.70447030050788e-05,0.0557317665161153,0.0557317665161153,0.5699853637876898,0.0013824198984039146,0.0013824198984039144,False,1e-24,False
HGNN,real,,165,restart,3766.3277675545023,600.393839482908,600.3938394829081,6327.702840581365,6327.702840581365,0.5952124906055902,0.09488338100082874,0.09488338100082876,0.06768683708904435,0.04684437267658543,0.046844372676585436,0.18508007957475694,0.18508007957475694,0.3657164900974905,0.2531032663494409,0.2531032663494409,False,1e-24,False
HGNN,real,,166,base,1767.0703012662123,0.9781844303298024,0.9781844303298026,1903.4430935686555,1903.4430935686555,0.9283546785489836,0.000513902639713731,0.0005139026397137311,0.03175703416921581,7.632062987233092e-05,7.632062987233093e-05,0.05567413769249336,0.05567413769249336,0.5704090891289667,0.0013708452979348316,0.0013708452979348318,False,1e-24,False
HGNN,real,,166,restart,3766.3277675165064,600.3938394816468,600.393839481647,6327.702840443709,6327.702840443709,0.5952124906125341,0.09488338100269357,0.0948833810026936,0.06768683708836151,0.04684437267648703,0.046844372676487035,0.1850800795707306,0.1850800795707306,0.36571649010175705,0.2531032663544154,0.25310326635441543,False,1e-24,False
HGNN,real,,167,base,1766.559801797391,0.9690420724205188,0.9690420724205185,1901.4913129349354,1901.4913129349354,0.9290391125009776,0.000509622140174183,0.0005096221401741829,0.03174785969038319,7.560731805451804e-05,7.560731805451801e-05,0.05561704972169222,0.05561704972169222,0.5708296259735012,0.0013594269820649807,0.0013594269820649803,False,1e-24,False
HGNN,real,,167,restart,3766.327767482554,600.3938394805289,600.393839480529,6327.702840320954,6327.702840320954,0.5952124906187153,0.09488338100435761,0.09488338100435763,0.06768683708775133,0.046844372676399806,0.046844372676399806,0.18508007956714015,0.18508007956714015,0.36571649010555496,0.2531032663588543,0.2531032663588543,False,1e-24,False
HGNN,real,,168,base,1766.053847626414,0.9600345900341388,0.960034590034139,1899.5577492035402,1899.5577492035402,0.9297184296539008,0.0005053990016553425,0.0005053990016553427,0.03173876689770581,7.490452959461516e-05,7.490452959461518e-05,0.055560494580231656,0.055560494580231656,0.5712470189024993,0.001348161677834777,0.0013481616778347773,False,1e-24,False
HGNN,real,,168,restart,3766.327767452215,600.3938394795379,600.3938394795379,6327.702840211481,6327.702840211481,0.5952124906242182,0.09488338100584254,0.09488338100584254,0.06768683708720609,0.046844372676322486,0.04684437267632248,0.18508007956393813,0.18508007956393813,0.36571649010893614,0.2531032663628153,0.25310326636281527,False,1e-24,False
HGNN,real,,169,base,1765.5523906449698,0.951159020173956,0.9511590201739559,1897.6421341155924,1897.6421341155924,0.9303927009756326,0.0005012320305678971,0.000501232030567897,0.0317297549266016,7.421203331149947e-05,7.421203331149946e-05,0.055504464421761164,0.055504464421761164,0.5716613115207645,0.0013370462013214885,0.001337046201321488,False,1e-24,False
HGNN,real,,169,restart,3766.327767425104,600.3938394786592,600.3938394786593,6327.702840113845,6327.702840113845,0.5952124906291177,0.09488338100716771,0.09488338100716773,0.06768683708671887,0.04684437267625393,0.04684437267625393,0.18508007956108236,0.18508007956108236,0.36571649011194657,0.2531032663663503,0.2531032663663503,False,1e-24,False
HGNN,real,,170,base,1765.0553834750808,0.9424124837730394,0.9424124837730397,1895.744205295887,1895.744205295887,0.9310619958875684,0.000497120065639841,0.0004971200656398411,0.03172082292561375,7.35296045724792e-05,7.352960457247922e-05,0.05544895157202279,0.05544895157202279,0.5720725464828941,0.0013260774548094281,0.0013260774548094281,False,1e-24,False
HGNN,real,,170,restart,3766.327767400876,600.3938394778801,600.3938394778802,6327.702840026766,6327.702840026766,0.5952124906334799,0.09488338100835034,0.09488338100835035,0.06768683708628345,0.04684437267619314,0.046844372676193145,0.1850800795585354,0.1850800795585354,0.3657164901146268,0.2531032663695049,0.2531032663695049,False,1e-24,False
HGNN,real,,171,base,1764.5627794525449,0.9337921828904345,0.9337921828904346,1893.8637060864453,1893.8637060864453,0.9317263823059935,0.0004930619768938176,0.0004930619768938176,0.031711970056113106,7.285702507453362e-05,7.285702507453362e-05,0.055393948523982724,0.055393948523982724,0.5724807655187004,0.0013152524240619945,0.0013152524240619943,False,1e-24,False
HGNN,real,,171,restart,3766.3277673792227,600.3938394771894,600.3938394771894,6327.702839949096,6327.702839949096,0.5952124906373639,0.09488338100940584,0.09488338100940584,0.0676868370858943,0.04684437267613925,0.04684437267613925,0.1850800795562636,0.1850800795562636,0.36571649011701324,0.2531032663723205,0.25310326637232045,False,1e-24,False
HGNN,real,,172,base,1764.074532610919,0.9252953980141744,0.9252953980141746,1892.0003853856258,1892.0003853856258,0.9323859266822332,0.0004890566646610812,0.0004890566646610814,0.03170319549201036,7.219408263388648e-05,7.219408263388649e-05,0.055339447933125445,0.055339447933125445,0.57288600945788,0.0013045681756913964,0.0013045681756913966,False,1e-24,False
HGNN,real,,172,restart,3766.3277673598695,600.3938394765767,600.3938394765768,6327.702839879814,6327.702839879814,0.5952124906408225,0.09488338101034788,0.09488338101034789,0.0676868370855465,0.04684437267609144,0.04684437267609145,0.18508007955423714,0.18508007955423714,0.3657164901191383,0.2531032663748334,0.2531032663748334,False,1e-24,False
HGNN,real,,173,base,1763.5905976660072,0.9169194854665167,0.9169194854665166,1890.153997492576,1890.153997492576,0.9330406940416155,0.0004851030586306067,0.00048510305863060663,0.03169449841947723,7.15405709835556e-05,7.154057098355559e-05,0.05528544261290404,0.05528544261290404,0.5732883182539539,0.0012940218546221333,0.001294021854622133,False,1e-24,False
HGNN,real,,173,restart,3766.327767342572,600.3938394760333,600.3938394760336,6327.702839818011,6327.702839818011,0.5952124906439024,0.09488338101118875,0.09488338101118877,0.06768683708523564,0.04684437267604905,0.046844372676049066,0.18508007955242947,0.18508007955242947,0.36571649012103064,0.2531032663770764,0.2531032663770765,False,1e-24,False
HGNN,real,,174,base,1763.1109300008493,0.9086618749070308,0.9086618749070309,1888.3243019568233,1888.3243019568233,0.9336907480212915,0.00048120011693193125,0.0004812001169319313,0.031685878036676746,7.089628957853683e-05,7.089628957853683e-05,0.05523192553034085,0.05523192553034085,0.5736877310075054,0.0012836106816444591,0.0012836106816444591,False,1e-24,False
HGNN,real,,174,restart,3766.3277673271105,600.3938394755515,600.3938394755515,6327.702839762877,6327.702839762877,0.5952124906466449,0.09488338101193931,0.09488338101193931,0.06768683708495776,0.046844372676011464,0.04684437267601146,0.18508007955081685,0.18508007955081685,0.3657164901227158,0.2531032663790786,0.25310326637907854,False,1e-24,False
HGNN,real,,175,base,1762.6354856511796,0.9005200669293811,0.9005200669293811,1886.511063432815,1886.511063432815,0.9343361509069427,0.0004773468252503846,0.0004773468252503846,0.03167733355350186,7.026104340829848e-05,7.026104340829846e-05,0.05517888980177294,0.05517888980177294,0.5740842859887341,0.0012733319510542405,0.0012733319510542403,False,1e-24,False
HGNN,real,,175,restart,3766.3277673132916,600.3938394751241,600.3938394751242,6327.702839713691,6327.702839713691,0.5952124906490878,0.09488338101260932,0.09488338101260935,0.06768683708470942,0.04684437267597811,0.04684437267597811,0.1850800795493782,0.1850800795493782,0.36571649012421675,0.25310326638086583,0.2531032663808659,False,1e-24,False
HGNN,real,,176,base,1762.1642212913277,0.8924916307478348,0.8924916307478348,1884.7140515392166,1884.7140515392166,0.9349769636684121,0.0004735421959734161,0.0004735421959734161,0.03166886419132208,6.963464281627634e-05,6.963464281627633e-05,0.055126328688736626,0.055126328688736626,0.5744780206593486,0.0012631830283757683,0.001263183028375768,False,1e-24,False
HGNN,real,,176,restart,3766.3277673009366,600.3938394747448,600.3938394747448,6327.702839669809,6327.702839669809,0.5952124906512631,0.0948833810132074,0.0948833810132074,0.06768683708448738,0.04684437267594852,0.046844372675948515,0.18508007954809466,0.18508007954809466,0.36571649012555335,0.2531032663824612,0.25310326638246117,False,1e-24,False
HGNN,real,,177,base,1761.697094220565,0.884574201969726,0.884574201969726,1882.933040722795,1882.933040722795,0.9356132459942964,0.0004697852673667926,0.0004697852673667926,0.03166046918273813,6.901690332607524e-05,6.901690332607523e-05,0.05507423559398623,0.05507423559398623,0.5748689716938216,0.001253161348164249,0.0012531613481642488,False,1e-24,False
HGNN,real,,177,restart,3766.3277672898935,600.3938394744085,600.3938394744085,6327.702839630655,6327.702839630655,0.5952124906532008,0.09488338101374134,0.09488338101374136,0.06768683708428892,0.04684437267592228,0.04684437267592227,0.18508007954694947,0.18508007954694947,0.3657164901267439,0.25310326638388553,0.25310326638388553,False,1e-24,False
HGNN,real,,178,base,1761.2340623498587,0.8767654804502805,0.8767654804502805,1881.1678101267164,1881.1678101267164,0.9362450563255286,0.0004660751027794916,0.0004660751027794916,0.03165214777134384,6.840764547409657e-05,6.840764547409656e-05,0.055022604057641825,0.055022604057641825,0.5752571750000232,0.0012432644118848418,0.0012432644118848416,False,1e-24,False
HGNN,real,,178,restart,3766.327767280021,600.3938394741101,600.3938394741101,6327.70283959572,6327.70283959572,0.5952124906549268,0.09488338101421803,0.09488338101421803,0.0676868370841115,0.046844372675899,0.04684437267589899,0.18508007954592764,0.18508007954592764,0.3657164901278044,0.2531032663851571,0.25310326638515707,False,1e-24,False
HGNN,real,,179,base,1760.7750841890245,0.8690632282263623,0.8690632282263625,1879.4181434630914,1879.4181434630914,0.9368724518879815,0.00046241078987616427,0.0004624107898761644,0.031643899211495324,6.780669464832357e-05,6.780669464832357e-05,0.05497142775346139,0.05497142775346139,0.575642665739254,0.0012334897858652394,0.0012334897858652394,False,1e-24,False
HGNN,real,,179,restart,3766.3277672711934,600.3938394738452,600.3938394738453,6327.702839564547,6327.702839564547,0.5952124906564641,0.09488338101464362,0.09488338101464364,0.06768683708395284,0.04684437267587833,0.046844372675878335,0.18508007954501585,0.18508007954501585,0.36571649012874896,0.2531032663862924,0.2531032663862924,False,1e-24,False
HGNN,real,,180,base,1760.3201188342646,0.8614652675258924,0.8614652675258925,1877.6838288896167,1877.6838288896167,0.9374954887241288,0.00045879143989610154,0.0004587914398961016,0.03163572276808695,6.721388093301063e-05,6.721388093301063e-05,0.05492070048523258,0.05492070048523258,0.5760254783456988,0.0012238350993189445,0.0012238350993189445,False,1e-24,False
HGNN,real,,180,restart,3766.327767263302,600.3938394736103,600.3938394736105,6327.702839536729,6327.702839536729,0.5952124906578335,0.09488338101502362,0.09488338101502364,0.06768683708381103,0.04684437267586,0.04684437267586001,0.1850800795442022,0.1850800795442022,0.3657164901295904,0.25310326638730607,0.25310326638730607,False,1e-24,False
HGNN,real,,181,base,1759.8691259560699,0.8539694788498006,0.8539694788498006,1875.9646588901626,1875.9646588901626,0.9381142217237846,0.0004552161869376668,0.0004552161869376668,0.03162761771633398,6.662903895903203e-05,6.662903895903202e-05,0.05487041618328008,0.05487041618328008,0.5764056465453133,0.0012142980424364814,0.0012142980424364811,False,1e-24,False
HGNN,real,,181,restart,3766.3277672562454,600.3938394734017,600.393839473402,6327.702839511903,6327.702839511903,0.5952124906590536,0.09488338101536291,0.09488338101536294,0.06768683708368421,0.04684437267584373,0.04684437267584374,0.18508007954347608,0.18508007954347608,0.36571649013034,0.25310326638821107,0.2531032663882111,False,1e-24,False
HGNN,real,,182,base,1759.422065787477,0.8465737991235556,0.8465737991235556,1874.260430159158,1874.260430159158,0.9387287046539584,0.0004516841872672233,0.0004516841872672233,0.031619583341561494,6.605200775965919e-05,6.605200775965918e-05,0.054820568901083916,0.054820568901083916,0.5767832033741684,0.001204876364541945,0.0012048763645419447,False,1e-24,False
HGNN,real,,182,restart,3766.3277672499376,600.3938394732168,600.3938394732168,6327.702839489751,6327.702839489751,0.5952124906601405,0.09488338101566586,0.09488338101566586,0.06768683708357084,0.0468443726758293,0.04684437267582929,0.18508007954282812,0.18508007954282812,0.3657164901310079,0.2531032663890192,0.2531032663890192,False,1e-24,False
HGNN,real,,183,base,1758.9788991126634,0.839276219915428,0.839276219915428,1872.5709434896396,1872.5709434896396,0.9393389901878477,0.00044819461865161183,0.00044819461865161183,0.031611618938999456,6.548263063154466e-05,6.548263063154466e-05,0.05477115281200502,0.05477115281200502,0.5771581811962639,0.0011955678723123725,0.0011955678723123723,False,1e-24,False
HGNN,real,,183,restart,3766.327767244295,600.3938394730525,600.3938394730525,6327.702839469978,6327.702839469978,0.5952124906611087,0.09488338101593638,0.0948833810159364,0.06768683708346944,0.04684437267581648,0.046844372675816474,0.18508007954224978,0.18508007954224978,0.36571649013160273,0.25310326638974084,0.25310326638974084,False,1e-24,False
HGNN,real,,184,base,1758.5395872558693,0.8320747857187776,0.8320747857187777,1870.896003664836,1870.896003664836,0.9399451299329971,0.00044474667971327854,0.0004447466797132786,0.03160372381358358,6.492075500070152e-05,6.492075500070152e-05,0.05472216220611413,0.05472216220611413,0.5775306117208301,0.0011863704280575356,0.0011863704280575356,False,1e-24,False
HGNN,real,,184,restart,3766.327767239251,600.3938394729067,600.3938394729067,6327.702839452331,6327.702839452331,0.5952124906619716,0.09488338101617796,0.09488338101617796,0.06768683708337879,0.04684437267580511,0.0468443726758051,0.18508007954173364,0.18508007954173364,0.3657164901321329,0.2531032663903853,0.2531032663903852,False,1e-24,False
HGNN,real,,185,base,1758.1040920706305,0.8249675922957872,0.8249675922957872,1869.2354193531505,1869.2354193531505,0.9405471744586474,0.00044133958930719783,0.00044133958930719783,0.0315958972797619,6.436623229327687e-05,6.436623229327686e-05,0.05467359148712014,0.05467359148712014,0.5779005260191327,0.001177281948057868,0.0011772819480578677,False,1e-24,False
HGNN,real,,185,restart,3766.3277672347413,600.3938394727771,600.3938394727774,6327.70283943658,6327.70283943658,0.5952124906627404,0.09488338101639368,0.09488338101639371,0.06768683708329774,0.04684437267579499,0.046844372675795005,0.18508007954127292,0.18508007954127292,0.3657164901326053,0.2531032663909607,0.25310326639096076,False,1e-24,False
HGNN,real,,186,base,1757.6723759293154,0.817952785080166,0.8179527850801662,1867.5890030064304,1867.5890030064304,0.9411451733223039,0.00043797258591876046,0.00043797258591876057,0.03158813866130664,6.381891781092647e-05,6.381891781092648e-05,0.054625435169394554,0.054625435169394554,0.5782679545407959,0.0011683004009583218,0.0011683004009583218,False,1e-24,False
HGNN,real,,186,restart,3766.327767230706,600.3938394726622,600.3938394726624,6327.70283942252,6327.70283942252,0.5952124906634252,0.09488338101658635,0.09488338101658637,0.06768683708322522,0.04684437267578603,0.04684437267578604,0.18508007954086167,0.18508007954086167,0.3657164901330261,0.2531032663914746,0.2531032663914747,False,1e-24,False
HGNN,real,,187,base,1757.2444017129528,0.8110285576364749,0.811028557636475,1865.9565707614001,1865.9565707614001,0.941739175095545,0.0004346449270818431,0.0004346449270818432,0.03158044729113148,6.327867061060698e-05,6.327867061060698e-05,0.05457768787508848,0.05457768787508848,0.5786329271296614,0.0011594238062160559,0.0011594238062160559,False,1e-24,False
HGNN,real,,187,restart,3766.3277672270992,600.3938394725603,600.3938394725604,6327.702839409972,6327.702839409972,0.5952124906640357,0.0948833810167584,0.09488338101675842,0.06768683708316041,0.04684437267577808,0.04684437267577808,0.18508007954049466,0.18508007954049466,0.3657164901334012,0.2531032663919336,0.2531032663919336,False,1e-24,False
HGNN,real,,188,base,1756.8201328013367,0.8041931501738135,0.8041931501738138,1864.337942344152,1864.337942344152,0.9423292273890934,0.0004313558888163,0.0004313558888163001,0.031572822511113686,6.274535338860985e-05,6.274535338860985e-05,0.05453034433133908,0.05453034433133908,0.578995473039192,0.0011506502325999346,0.0011506502325999346,False,1e-24,False
HGNN,real,,188,restart,3766.327767223873,600.3938394724698,600.39383947247,6327.702839398767,6327.702839398767,0.5952124906645797,0.09488338101691211,0.09488338101691213,0.06768683708310243,0.04684437267577102,0.04684437267577102,0.18508007954016692,0.18508007954016692,0.3657164901337355,0.25310326639234365,0.25310326639234365,False,1e-24,False
HGNN,real,,189,base,1756.3995330633975,0.7974448481117234,0.7974448481117236,1862.7329409775773,1862.7329409775773,0.9429153768771733,0.0004281047650841553,0.0004281047650841554,0.031565263671921084,6.221883236866903e-05,6.221883236866903e-05,0.054483399367562,0.054483399367562,0.5793556209474371,0.0011419777967399095,0.0011419777967399095,False,1e-24,False
HGNN,real,,189,restart,3766.3277672209865,600.3938394723892,600.3938394723895,6327.702839388765,6327.702839388765,0.5952124906650643,0.09488338101704935,0.09488338101704939,0.06768683708305055,0.04684437267576473,0.04684437267576474,0.18508007953987438,0.18508007953987438,0.36571649013403323,0.2531032663927097,0.2531032663927098,False,1e-24,False
HGNN,real,,190,base,1755.9825668478443,0.7907819806962462,0.7907819806962462,1861.1413932916453,1861.1413932916453,0.9434976693211818,0.000424890867263801,0.000424890867263801,0.03155777013284386,6.169897719398219e-05,6.169897719398218e-05,0.05443684791282709,0.05443684791282709,0.5797133989715784,0.0011334046617244328,0.0011334046617244326,False,1e-24,False
HGNN,real,,190,restart,3766.327767218406,600.393839472318,600.3938394723182,6327.702839379836,6327.702839379836,0.5952124906654964,0.09488338101717196,0.094883381017172,0.06768683708300417,0.046844372675759166,0.04684437267575918,0.18508007953961322,0.18508007953961322,0.3657164901342987,0.25310326639303676,0.2531032663930369,False,1e-24,False
HGNN,real,,191,base,1755.569198974043,0.7842029196641721,0.7842029196641721,1859.5631292364244,1859.5631292364244,0.9440761495926824,0.00042171352364153524,0.00042171352364153524,0.03155034126163067,6.118566082299159e-05,6.118566082299157e-05,0.054390684993314356,0.054390684993314356,0.5800688346820565,0.0011249290357441253,0.0011249290357441253,False,1e-24,False
HGNN,real,,191,restart,3766.3277672160975,600.3938394722545,600.3938394722546,6327.702839371864,6327.702839371864,0.5952124906658814,0.0948833810172815,0.09488338101728151,0.06768683708296269,0.04684437267575422,0.04684437267575422,0.18508007953938002,0.18508007953938002,0.3657164901345353,0.253103266393329,0.253103266393329,False,1e-24,False
HGNN,real,,192,base,1755.1593947231424,0.777706077953601,0.777706077953601,1857.9979819977502,1857.9979819977502,0.9446508616957517,0.0004185720789198052,0.0004185720789198052,0.031542976434329115,6.06787594287786e-05,6.067875942877859e-05,0.05434490572984733,0.05434490572984733,0.5804219551163021,0.0011165491707800055,0.0011165491707800053,False,1e-24,False
HGNN,real,,192,restart,3766.327767214032,600.3938394721981,600.3938394721984,6327.702839364746,6327.702839364746,0.5952124906662246,0.09488338101737931,0.09488338101737934,0.06768683708292557,0.04684437267574982,0.04684437267574983,0.18508007953917185,0.18508007953917185,0.3657164901347461,0.2531032663935899,0.25310326639358993,False,1e-24,False
HGNN,real,,193,base,1754.7531198294357,0.7712899084590122,0.7712899084590124,1856.445787915451,1856.445787915451,0.945221848788699,0.000415465893741541,0.00041546589374154107,0.03153567503513051,6.0178152301930804e-05,6.0178152301930804e-05,0.054299505335501215,0.054299505335501215,0.5807727867920809,0.00110826336133464,0.00110826336133464,False,1e-24,False
HGNN,real,,193,restart,3766.3277672121844,600.3938394721482,600.3938394721482,6327.7028393583905,6327.7028393583905,0.5952124906665305,0.09488338101746673,0.09488338101746673,0.06768683708289236,0.04684437267574593,0.04684437267574592,0.18508007953898595,0.18508007953898595,0.36571649013493407,0.2531032663938231,0.253103266393823,False,1e-24,False
HGNN,real,,194,base,1754.3503404719386,0.7649529028291265,0.7649529028291268,1854.906386404041,1854.906386404041,0.9457891532051693,0.00041239434422999624,0.00041239434422999635,0.031528436456218556,5.9683721756747905e-05,5.968372175674792e-05,0.05425447911328325,0.05425447911328325,0.5811213557204602,0.0011000699432046597,0.00110006994320466,False,1e-24,False
HGNN,real,,194,restart,3766.3277672105337,600.3938394721038,600.393839472104,6327.702839352717,6327.702839352717,0.5952124906668033,0.09488338101754477,0.0948833810175448,0.0676868370828627,0.04684437267574246,0.046844372675742464,0.18508007953882,0.18508007953882,0.36571649013510166,0.25310326639403125,0.2531032663940313,False,1e-24,False
HGNN,real,,195,base,1753.9510232661903,0.7586935903059141,0.758693590305914,1853.3796198757982,1853.3796198757982,0.9463528164746567,0.0004093568215435308,0.00040935682154353073,0.03152126009762194,5.919535304065796e-05,5.9195353040657945e-05,0.054209822453882776,0.054209822453882776,0.5814676874184124,0.0010919672922931347,0.0010919672922931345,False,1e-24,False
HGNN,real,,195,restart,3766.3277672090553,600.3938394720643,600.3938394720644,6327.702839347649,6327.702839347649,0.5952124906670463,0.09488338101761452,0.09488338101761455,0.06768683708283613,0.046844372675739376,0.04684437267573938,0.18508007953867178,0.18508007953867178,0.365716490135251,0.2531032663942173,0.2531032663942174,False,1e-24,False
HGNN,real,,196,base,1753.555135256261,0.7525105366031678,0.7525105366031678,1851.865333666142,1851.865333666142,0.9469128793424434,0.0004063527314447973,0.0004063527314447973,0.03151414536707076,5.871293424672056e-05,5.871293424672055e-05,0.05416553083348861,0.05416553083348861,0.5818118069210668,0.0010839538234603703,0.0010839538234603701,False,1e-24,False
HGNN,real,,196,restart,3766.327767207732,600.3938394720292,600.3938394720293,6327.702839343123,6327.702839343123,0.595212490667263,0.09488338101767685,0.09488338101767686,0.06768683708281235,0.046844372675736635,0.04684437267573664,0.1850800795385394,0.1850800795385394,0.36571649013538415,0.2531032663943836,0.2531032663943836,False,1e-24,False
HGNN,real,,197,base,1753.1626439069612,0.7464023428231413,0.7464023428231412,1850.363375961239,1850.363375961239,0.947469381788978,0.0004033814938838137,0.00040338149388381364,0.03150709167985645,5.82363562291e-05,5.8236356229099986e-05,0.05412159981167156,0.05412159981167156,0.5821537387936158,0.0010760279894117446,0.0010760279894117442,False,1e-24,False
HGNN,real,,197,restart,3766.327767206549,600.3938394719981,600.3938394719981,6327.702839339083,6327.702839339083,0.5952124906674561,0.09488338101773251,0.09488338101773251,0.0676868370827911,0.046844372675734214,0.04684437267573421,0.1850800795384212,0.1850800795384212,0.3657164901355028,0.25310326639453207,0.253103266394532,False,1e-24,False
HGNN,real,,198,base,1752.7735170962471,0.7403676444097979,0.7403676444097981,1848.873597727749,1848.873597727749,0.9480223630487189,0.00040044254259442283,0.00040044254259442294,0.03150009845869532,5.776551252139485e-05,5.7765512521394865e-05,0.05407802502932958,0.05407802502932958,0.5824935071428928,0.0010681882796212572,0.0010681882796212574,False,1e-24,False
HGNN,real,,198,restart,3766.327767205491,600.3938394719704,600.3938394719706,6327.702839335475,6327.702839335475,0.5952124906676283,0.09488338101778225,0.09488338101778228,0.06768683708277208,0.04684437267573205,0.04684437267573206,0.18508007953831568,0.18508007953831568,0.3657164901356086,0.25310326639466474,0.2531032663946648,False,1e-24,False
HGNN,real,,199,base,1752.3877231078143,0.7344051101372953,0.7344051101372951,1847.3958526446563,1847.3958526446563,0.9485718616284472,0.00039753532470366377,0.0003975353247036637,0.03149316513359549,5.730029925771683e-05,5.730029925771681e-05,0.054034802206693856,0.054034802206693856,0.5828311356286245,0.0010604332192895199,0.0010604332192895197,False,1e-24,False
HGNN,real,,199,restart,3766.327767204544,600.3938394719459,600.3938394719459,6327.702839332251,6327.702839332251,0.5952124906677818,0.09488338101782672,0.09488338101782672,0.06768683708275505,0.046844372675730134,0.04684437267573013,0.1850800795382214,0.1850800795382214,0.3657164901357029,0.25310326639478337,0.2531032663947833,False,1e-24,False
HGNN,real,,200,base,1752.0052306238733,0.7285134411323729,0.728513441132373,1845.929997037101,1845.929997037101,0.949117915325074,0.0003946593003535933,0.0003946593003535934,0.031486291141726984,5.684061509641469e-05,5.684061509641469e-05,0.05399192714139346,0.05399192714139346,0.5831666474743721,0.001052761368334957,0.001052761368334957,False,1e-24,False
HGNN,real,,200,restart,3766.327767203698,600.3938394719241,600.3938394719241,6327.702839329373,6327.702839329373,0.5952124906679188,0.09488338101786642,0.09488338101786643,0.06768683708273984,0.04684437267572844,0.046844372675728434,0.1850800795381372,0.1850800795381372,0.3657164901357871,0.2531032663948893,0.2531032663948893,False,1e-24,False
HGNN,real,,201,base,1751.6260087181022,0.7226913699293813,0.7226913699293813,1844.475889812148,1844.475889812148,0.9496605612429545,0.0003918139423351228,0.0003918139423351228,0.03147947592729513,5.638636114634511e-05,5.63863611463451e-05,0.053949395706576614,0.053949395706576614,0.5835000654781696,0.0010451713204170591,0.001045171320417059,False,1e-24,False
HGNN,real,,201,restart,3766.32776720294,600.3938394719046,600.3938394719047,6327.702839326803,6327.702839326803,0.5952124906680408,0.09488338101790188,0.09488338101790189,0.06768683708272623,0.046844372675726914,0.04684437267572692,0.18508007953806202,0.18508007953806202,0.36571649013586205,0.2531032663949838,0.2531032663949838,False,1e-24,False
HGNN,real,,202,base,1751.2500268487684,0.7169376595567241,0.7169376595567241,1843.0333923964354,1843.0333923964354,0.9501998358107206,0.00038899873573343874,0.00038899873573343874,0.031472718941416934,5.593744089559433e-05,5.5937440895594315e-05,0.053907203849086996,0.053907203849086996,0.5838314120228659,0.0010376617019905348,0.0010376617019905345,False,1e-24,False
HGNN,real,,202,restart,3766.327767202262,600.3938394718873,600.3938394718874,6327.7028393245055,6327.7028393245055,0.5952124906681497,0.09488338101793359,0.09488338101793362,0.06768683708271404,0.04684437267572557,0.04684437267572557,0.18508007953799482,0.18508007953799482,0.365716490135929,0.2531032663950684,0.25310326639506847,False,1e-24,False
HGNN,real,,203,base,1750.8772548520192,0.7112511026535596,0.7112511026535595,1841.6023686756305,1841.6023686756305,0.9507357747976533,0.00038621317758460994,0.0003862131775846099,0.031466019642000485,5.549376014256084e-05,5.549376014256082e-05,0.05386534758769284,0.05386534758769284,0.5841607090861852,0.0010302311713893044,0.001030231171389304,False,1e-24,False
HGNN,real,,203,restart,3766.327767201655,600.393839471872,600.3938394718722,6327.702839322454,6327.702839322454,0.5952124906682469,0.09488338101796194,0.09488338101796197,0.06768683708270314,0.04684437267572437,0.04684437267572438,0.18508007953793482,0.18508007953793482,0.36571649013598867,0.2531032663951441,0.2531032663951441,False,1e-24,False
HGNN,real,,204,base,1750.5076629353252,0.7056305206156317,0.7056305206156319,1840.1826849356382,1840.1826849356382,0.9512684133295987,0.00038345677654298314,0.00038345677654298325,0.03145937749362716,5.505522692931072e-05,5.5055226929310725e-05,0.053823823011367344,0.053823823011367344,0.5844879782505059,0.0010228784179392703,0.0010228784179392703,False,1e-24,False
HGNN,real,,204,restart,3766.3277672011122,600.3938394718584,600.3938394718585,6327.702839320622,6327.702839320622,0.5952124906683334,0.09488338101798727,0.09488338101798728,0.06768683708269338,0.04684437267572331,0.04684437267572332,0.18508007953788125,0.18508007953788125,0.3657164901360418,0.25310326639521163,0.25310326639521163,False,1e-24,False
HGNN,real,,205,base,1750.1412216710878,0.7000747627691677,0.7000747627691678,1838.7742098055064,1838.7742098055064,0.9517977859044512,0.00038072905255899644,0.0003807290525589965,0.03145279196743668,5.462175147712291e-05,5.462175147712292e-05,0.05378262627761872,0.05378262627761872,0.584813240712374,0.0010156021610988788,0.0010156021610988788,False,1e-24,False
HGNN,real,,205,restart,3766.327767200626,600.3938394718463,600.3938394718464,6327.702839318985,6327.702839318985,0.5952124906684105,0.09488338101800989,0.0948833810180099,0.06768683708268465,0.04684437267572236,0.04684437267572237,0.18508007953783337,0.18508007953783337,0.3657164901360892,0.253103266395272,0.253103266395272,False,1e-24,False
HGNN,real,,206,base,1749.7779019903885,0.6945827055718028,0.6945827055718028,1837.3768142019649,1837.3768142019649,0.9523239264072114,0.00037802953656704524,0.00037802953656704524,0.031446262541014854,5.4193246124143175e-05,5.419324612414317e-05,0.053741753610867964,0.053741753610867964,0.5851365172917545,0.0010084011496264964,0.0010084011496264962,False,1e-24,False
HGNN,real,,206,restart,3766.327767200192,600.3938394718355,600.3938394718357,6327.702839317522,6327.702839317522,0.5952124906684795,0.09488338101803011,0.09488338101803015,0.06768683708267684,0.04684437267572152,0.046844372675721536,0.1850800795377906,0.1850800795377906,0.3657164901361316,0.2531032663953259,0.253103266395326,False,1e-24,False
HGNN,real,,207,base,1749.4176751768882,0.6891532518395572,0.6891532518395571,1835.9903712755558,1835.9903712755558,0.952846868124629,0.0003753577701830579,0.00037535777018305784,0.031439788698283865,5.376962526507067e-05,5.3769625265070656e-05,0.05370120130087326,0.05370120130087326,0.5854578284410299,0.0010012741607736864,0.0010012741607736862,False,1e-24,False
HGNN,real,,207,restart,3766.327767199803,600.3938394718259,600.3938394718261,6327.702839316216,6327.702839316216,0.5952124906685409,0.09488338101804819,0.09488338101804823,0.06768683708266986,0.04684437267572078,0.04684437267572079,0.18508007953775238,0.18508007953775238,0.3657164901361693,0.2531032663953741,0.2531032663953742,False,1e-24,False
HGNN,real,,208,base,1749.0605128608636,0.6837853299989091,0.6837853299989091,1834.6147563582906,1834.6147563582906,0.9533666437594495,0.0003727133054114438,0.0003727133054114438,0.03143336992939515,5.335080529280268e-05,5.335080529280267e-05,0.053660965701198944,0.053660965701198944,0.5857771942537522,0.0009942199995034875,0.0009942199995034875,False,1e-24,False
HGNN,real,,208,restart,3766.3277671994542,600.3938394718175,600.3938394718176,6327.70283931505,6327.70283931505,0.5952124906685955,0.09488338101806434,0.09488338101806437,0.06768683708266358,0.04684437267572012,0.04684437267572012,0.1850800795377183,0.1850800795377183,0.3657164901362029,0.25310326639541725,0.25310326639541725,False,1e-24,False
HGNN,real,,209,base,1748.706387013386,0.6784778933630587,0.6784778933630589,1833.249846912796,1833.249846912796,0.9538832854442716,0.0003700957043610939,0.00037009570436109395,0.031427005730624735,5.2936704541966755e-05,5.2936704541966755e-05,0.0536210432277281,0.0536210432277281,0.5860946344731585,0.0009872374977328404,0.0009872374977328404,False,1e-24,False
HGNN,real,,209,restart,3766.3277671991427,600.3938394718099,600.39383947181,6327.702839314007,6327.702839314007,0.5952124906686443,0.09488338101807878,0.09488338101807882,0.06768683708265799,0.046844372675719524,0.04684437267571953,0.18508007953768776,0.18508007953768776,0.36571649013623286,0.2531032663954557,0.2531032663954558,False,1e-24,False
HGNN,real,,210,base,1748.3552699406243,0.6732299194315128,0.6732299194315128,1831.895522482894,1831.895522482894,0.9543968247550265,0.0003675045389701253,0.0003675045389701253,0.03142069560427091,5.252724323427234e-05,5.252724323427233e-05,0.053581430357217054,0.053581430357217054,0.5864101685004524,0.0009803255135983368,0.0009803255135983368,False,1e-24,False
HGNN,real,,210,restart,3766.327767198863,600.3938394718032,600.3938394718032,6327.702839313075,6327.702839313075,0.5952124906686879,0.0948833810180917,0.0948833810180917,0.06768683708265295,0.046844372675719004,0.046844372675719,0.1850800795376605,0.1850800795376605,0.3657164901362596,0.2531032663954902,0.25310326639549013,False,1e-24,False
HGNN,real,,211,base,1748.0071342782853,0.668040409212146,0.6680404092121462,1830.5516646455678,1830.5516646455678,0.9549072927240954,0.00036493939073907114,0.00036493939073907125,0.03141443905855425,5.212234342561618e-05,5.2122343425616185e-05,0.05354212362589043,0.05354212362589043,0.5867238154028638,0.0009734829307445005,0.0009734829307445006,False,1e-24,False
HGNN,real,,211,restart,3766.327767198614,600.3938394717973,600.3938394717973,6327.702839312243,6327.702839312243,0.5952124906687267,0.09488338101810324,0.09488338101810324,0.06768683708264848,0.046844372675718546,0.04684437267571854,0.18508007953763617,0.18508007953763617,0.3657164901362835,0.253103266395521,0.25310326639552094,False,1e-24,False
HGNN,real,,212,base,1747.6619529861696,0.6629083865649443,0.6629083865649444,1829.21815696428,1829.21815696428,0.9554147198530661,0.0003623998504722306,0.0003623998504722307,0.03140823560751982,5.1721928954879364e-05,5.1721928954879364e-05,0.0535031196280757,0.0535031196280757,0.5870355939214876,0.0009667086576338314,0.0009667086576338315,False,1e-24,False
HGNN,real,,212,restart,3766.32776719839,600.3938394717919,600.3938394717919,6327.702839311498,6327.702839311498,0.5952124906687615,0.09488338101811357,0.09488338101811357,0.06768683708264446,0.04684437267571812,0.046844372675718116,0.18508007953761438,0.18508007953761438,0.36571649013630486,0.25310326639554853,0.2531032663955485,False,1e-24,False
HGNN,real,,213,base,1747.319699342857,0.6578328975666486,0.6578328975666486,1827.894884943586,1827.894884943586,0.955919136125152,0.00035988551802690295,0.00035988551802690295,0.031402084770941655,5.1325925394355085e-05,5.132592539435508e-05,0.05346441501487572,0.05346441501487572,0.5873455224789136,0.0009600016268778844,0.0009600016268778843,False,1e-24,False
HGNN,real,,213,restart,3766.327767198191,600.3938394717871,600.3938394717873,6327.702839310833,6327.702839310833,0.5952124906687926,0.09488338101812278,0.0948833810181228,0.06768683708264088,0.046844372675717755,0.046844372675717755,0.18508007953759492,0.18508007953759492,0.36571649013632396,0.2531032663955731,0.2531032663955731,False,1e-24,False
HGNN,real,,214,base,1746.9803469405024,0.6528130098955641,0.6528130098955642,1826.5817359850116,1826.5817359850116,0.9564205710172706,0.0003573960020702413,0.00035739600207024134,0.03139598607422922,5.093426000174978e-05,5.093426000174978e-05,0.05342600649287817,0.05342600649287817,0.5876536191866482,0.0009533607945886701,0.0009533607945886701,False,1e-24,False
HGNN,real,,214,restart,3766.3277671980118,600.3938394717828,600.393839471783,6327.702839310239,6327.702839310239,0.59521249066882,0.09488338101813101,0.09488338101813104,0.06768683708263766,0.046844372675717415,0.04684437267571743,0.18508007953757755,0.18508007953757755,0.3657164901363408,0.25310326639559505,0.2531032663955951,False,1e-24,False
HGNN,real,,215,base,1746.6438696797504,0.6478478122358176,0.6478478122358178,1825.2785993441494,1825.2785993441494,0.9569190535118016,0.00035493091984346896,0.00035493091984346907,0.031389939048336014,5.054686167370165e-05,5.0546861673701657e-05,0.05338789082290062,0.05338789082290062,0.5879599018523386,0.0009467851397496991,0.0009467851397496993,False,1e-24,False
HGNN,real,,215,restart,3766.327767197852,600.3938394717792,600.3938394717792,6327.702839309709,6327.702839309709,0.5952124906688446,0.09488338101813838,0.09488338101813838,0.06768683708263479,0.04684437267571713,0.04684437267571712,0.18508007953756206,0.18508007953756206,0.36571649013635593,0.2531032663956147,0.2531032663956147,False,1e-24,False
HGNN,real,,216,base,1746.3102417647538,0.6429364137003831,0.6429364137003832,1823.9853660889382,1823.9853660889382,0.9574146121080244,0.00035248989693321546,0.0003524898969332155,0.03138394322967008,5.0163660900763547e-05,5.0163660900763547e-05,0.05335006481877031,0.05335006481877031,0.5882643879868009,0.0009402736636060151,0.0009402736636060151,False,1e-24,False
HGNN,real,,216,restart,3766.3277671977085,600.3938394717758,600.3938394717759,6327.702839309234,6327.702839309234,0.5952124906688666,0.09488338101814496,0.09488338101814497,0.0676868370826322,0.04684437267571687,0.04684437267571687,0.18508007953754815,0.18508007953754815,0.3657164901363695,0.2531032663956323,0.25310326639563224,False,1e-24,False
HGNN,real,,217,base,1745.979437698314,0.6380779432722118,0.6380779432722117,1822.7019290590877,1822.7019290590877,0.9579072748332587,0.00035007256704973116,0.0003500725670497311,0.03137799816000663,4.978458972379837e-05,4.978458972379835e-05,0.053312525346137285,0.053312525346137285,0.5885670948108651,0.0009338253890725787,0.0009338253890725784,False,1e-24,False
HGNN,real,,217,restart,3766.3277671975807,600.3938394717729,600.393839471773,6327.702839308811,6327.702839308811,0.5952124906688863,0.09488338101815086,0.09488338101815087,0.06768683708262992,0.046844372675716645,0.046844372675716645,0.1850800795375358,0.1850800795375358,0.3657164901363815,0.253103266395648,0.253103266395648,False,1e-24,False
HGNN,real,,218,base,1745.6514322771075,0.6332715492628384,0.6332715492628381,1821.42818282661,1821.42818282661,0.9583970692536955,0.0003476785718117563,0.0003476785718117562,0.03137210338640228,4.940958169173809e-05,4.9409581691738066e-05,0.05327526932132002,0.05327526932132002,0.5888680392620295,0.0009274393601604011,0.0009274393601604007,False,1e-24,False
HGNN,real,,218,restart,3766.3277671974647,600.3938394717702,600.3938394717704,6327.702839308432,6327.702839308432,0.5952124906689036,0.0948833810181561,0.09488338101815615,0.06768683708262783,0.04684437267571643,0.04684437267571644,0.1850800795375247,0.1850800795375247,0.3657164901363922,0.253103266395662,0.25310326639566205,False,1e-24,False
HGNN,real,,219,base,1745.3262005870267,0.6285163987878521,0.6285163987878521,1820.1640236574292,1820.1640236574292,0.9588840224849496,0.0003453075605378213,0.0003453075605378213,0.031366258461111296,4.9038571820658566e-05,4.903857182065856e-05,0.05323829371018249,0.05323829371018249,0.589167238000945,0.0009211146414198342,0.000921114641419834,False,1e-24,False
HGNN,real,,219,restart,3766.3277671973624,600.3938394717679,600.3938394717679,6327.702839308093,6327.702839308093,0.5952124906689193,0.09488338101816084,0.09488338101816084,0.06768683708262599,0.046844372675716256,0.04684437267571625,0.1850800795375148,0.1850800795375148,0.36571649013640184,0.2531032663956746,0.2531032663956746,False,1e-24,False
HGNN,real,,220,base,1745.0037179986148,0.6238116772586526,0.6238116772586526,1818.9093494740257,1818.9093494740257,0.9593681612023259,0.00034295919004377016,0.00034295919004377016,0.031360462941503596,4.867149655412487e-05,4.867149655412486e-05,0.053201595527041616,0.053201595527041616,0.5894647074177225,0.0009148503174004593,0.0009148503174004591,False,1e-24,False
HGNN,real,,220,restart,3766.32776719727,600.3938394717658,600.393839471766,6327.702839307791,6327.702839307791,0.5952124906689331,0.09488338101816504,0.09488338101816507,0.06768683708262434,0.04684437267571608,0.046844372675716096,0.18508007953750594,0.18508007953750594,0.36571649013641033,0.2531032663956858,0.25310326639568587,False,1e-24,False
HGNN,real,,221,base,1744.6839601625984,0.6191565878899211,0.6191565878899211,1817.6640598190966,1817.6640598190966,0.9598495116508154,0.00034063312444629774,0.0003406331244462978,0.03135471638998441,4.8308293724762935e-05,4.830829372476293e-05,0.05316517183360427,0.05316517183360427,0.5897604636380755,0.0009086454921270198,0.0009086454921270198,False,1e-24,False
HGNN,real,,221,restart,3766.327767197188,600.393839471764,600.3938394717641,6327.70283930752,6327.70283930752,0.5952124906689457,0.09488338101816879,0.09488338101816883,0.06768683708262287,0.046844372675715944,0.046844372675715944,0.18508007953749803,0.18508007953749803,0.36571649013641805,0.25310326639569586,0.2531032663956959,False,1e-24,False
HGNN,real,,222,base,1744.3669030055141,0.6145503512222719,0.6145503512222719,1816.4280558201854,1816.4280558201854,0.9603280996548289,0.0003383290349723096,0.0003383290349723096,0.031349018373915724,4.794890251701544e-05,4.7948902517015436e-05,0.053129019737932826,0.053129019737932826,0.5900545225293002,0.0009024992885908846,0.0009024992885908844,False,1e-24,False
HGNN,real,,222,restart,3766.327767197115,600.3938394717624,600.3938394717625,6327.702839307278,6327.702839307278,0.5952124906689569,0.09488338101817217,0.09488338101817219,0.06768683708262155,0.04684437267571582,0.04684437267571582,0.18508007953749095,0.18508007953749095,0.36571649013642493,0.25310326639570485,0.25310326639570485,False,1e-24,False
HGNN,real,,223,base,1744.0525227254207,0.6099922046595615,0.6099922046595615,1815.2012401552697,1815.2012401552697,0.9608039506276653,0.0003360465997739092,0.0003360465997739092,0.03134336846553918,4.7593263431041476e-05,4.759326343104147e-05,0.053093136393438524,0.053093136393438524,0.5903468997060932,0.0008964108482565226,0.0008964108482565225,False,1e-24,False
HGNN,real,,223,restart,3766.327767197048,600.3938394717609,600.393839471761,6327.702839307063,6327.702839307063,0.5952124906689665,0.09488338101817516,0.09488338101817517,0.06768683708262034,0.0468443726757157,0.04684437267571571,0.18508007953748468,0.18508007953748468,0.36571649013643087,0.25310326639571284,0.25310326639571284,False,1e-24,False
HGNN,real,,224,base,1743.7407957877072,0.6054814020203539,0.6054814020203542,1813.983517019254,1813.983517019254,0.9612770895807422,0.0003337855037488344,0.0003337855037488345,0.0313377662419008,4.724131824772055e-05,4.7241318247720566e-05,0.05305751899790149,0.05305751899790149,0.5906376105362232,0.0008903793305825142,0.0008903793305825143,False,1e-24,False
HGNN,real,,224,restart,3766.3277671969886,600.3938394717595,600.3938394717595,6327.702839306869,6327.702839306869,0.5952124906689754,0.09488338101817786,0.09488338101817786,0.06768683708261927,0.0468443726757156,0.04684437267571559,0.18508007953747896,0.18508007953747896,0.3657164901364363,0.25310326639572006,0.25310326639572,False,1e-24,False
HGNN,real,,225,base,1743.4316989209829,0.601017213103062,0.6010172131030619,1812.774792091362,1812.774792091362,0.9617475411325753,0.0003315454383661638,0.0003315454383661637,0.03133221128477707,4.68930099947238e-05,4.6893009994723785e-05,0.05302216479251695,0.05302216479251695,0.590926670146048,0.0008844039125566189,0.0008844039125566187,False,1e-24,False
HGNN,real,,225,restart,3766.3277671969363,600.3938394717584,600.3938394717585,6327.702839306696,6327.702839306696,0.5952124906689833,0.09488338101818027,0.0948833810181803,0.06768683708261833,0.04684437267571551,0.046844372675715513,0.1850800795374739,0.1850800795374739,0.36571649013644114,0.25310326639572645,0.2531032663957265,False,1e-24,False
HGNN,real,,226,base,1743.1252091130511,0.5965989232642985,0.5965989232642986,1811.5749725033913,1811.5749725033913,0.9622153295175245,0.0003293261014971224,0.00032932610149712246,0.031326703180602586,4.6548282913615734e-05,4.654828291361574e-05,0.05298707106096672,0.05298707106096672,0.5912140934258887,0.0008784837882444466,0.0008784837882444466,False,1e-24,False
HGNN,real,,226,restart,3766.327767196888,600.3938394717574,600.3938394717575,6327.702839306541,6327.702839306541,0.5952124906689903,0.09488338101818243,0.09488338101818244,0.06768683708261747,0.04684437267571543,0.04684437267571543,0.18508007953746938,0.18508007953746938,0.36571649013644547,0.2531032663957322,0.2531032663957322,False,1e-24,False
HGNN,real,,227,base,1742.8213036069667,0.592225833009994,0.592225833009994,1810.3839668088006,1810.3839668088006,0.9626804785943129,0.0003271271972508253,0.0003271271972508253,0.031321241520399244,4.620708242795216e-05,4.620708242795216e-05,0.05295223512851503,0.05295223512851503,0.5914998950352637,0.0008726181683513002,0.0008726181683513,False,1e-24,False
HGNN,real,,227,restart,3766.3277671968463,600.3938394717565,600.3938394717566,6327.702839306404,6327.702839306404,0.5952124906689966,0.09488338101818435,0.09488338101818436,0.06768683708261672,0.04684437267571536,0.04684437267571536,0.1850800795374654,0.1850800795374654,0.36571649013644936,0.2531032663957373,0.2531032663957373,False,1e-24,False
HGNN,real,,228,base,1742.5199598971699,0.5878972575988471,0.5878972575988471,1809.2016849526108,1809.2016849526108,0.9631430118543209,0.00032494843581479764,0.00032494843581479764,0.03131582589970671,4.5869355112340294e-05,4.586935511234029e-05,0.052917654361128164,0.052917654361128164,0.5917840894079849,0.0008668062797967599,0.0008668062797967598,False,1e-24,False
HGNN,real,,228,restart,3766.3277671968085,600.3938394717557,600.3938394717558,6327.702839306281,6327.702839306281,0.5952124906690022,0.09488338101818607,0.09488338101818608,0.06768683708261604,0.0468443726757153,0.0468443726757153,0.18508007953746178,0.18508007953746178,0.36571649013645274,0.25310326639574193,0.25310326639574193,False,1e-24,False
HGNN,real,,229,base,1742.2211557257015,0.5836125266576991,0.583612526657699,1808.0280382420951,1808.0280382420951,0.9636029524296669,0.000322789533300121,0.00032278953330012094,0.03131045591851444,4.553504866242918e-05,4.5535048662429165e-05,0.052883326164617134,0.052883326164617134,0.5920666907571229,0.0008610473653016082,0.000861047365301608,False,1e-24,False
HGNN,real,,229,restart,3766.327767196774,600.3938394717549,600.393839471755,6327.702839306171,6327.702839306171,0.595212490669007,0.0948833810181876,0.09488338101818761,0.06768683708261541,0.046844372675715236,0.046844372675715236,0.18508007953745856,0.18508007953745856,0.36571649013645574,0.253103266395746,0.253103266395746,False,1e-24,False
HGNN,real,,230,base,1741.9248690784889,0.579370983808427,0.5793709838084271,1806.862939318229,1806.862939318229,0.9640603231010744,0.0003206502115910557,0.0003206502115910558,0.03130513118119489,4.520411186579893e-05,4.520411186579893e-05,0.05284924798380266,0.05284924798380266,0.5923477130798408,0.000855340682986694,0.0008553406829866941,False,1e-24,False
HGNN,real,,230,restart,3766.327767196744,600.3938394717542,600.3938394717544,6327.702839306072,6327.702839306072,0.5952124906690116,0.09488338101818897,0.094883381018189,0.06768683708261487,0.04684437267571518,0.046844372675715194,0.18508007953745567,0.18508007953745567,0.3657164901364585,0.25310326639574965,0.2531032663957497,False,1e-24,False
HGNN,real,,231,base,1741.6310781817115,0.5751719863059779,0.5751719863059781,1805.7063021278832,1805.7063021278832,0.9645151463055404,0.00031853019819899994,0.00031853019819900005,0.03129985129643825,4.487649457371914e-05,4.487649457371915e-05,0.05281541730170181,0.05281541730170181,0.5926271701621055,0.0008496855059833662,0.0008496855059833664,False,1e-24,False
HGNN,real,,231,restart,3766.3277671967166,600.3938394717537,600.3938394717537,6327.702839305984,6327.702839305984,0.5952124906690157,0.09488338101819022,0.09488338101819022,0.06768683708261439,0.046844372675715146,0.04684437267571514,0.1850800795374531,0.1850800795374531,0.36571649013646107,0.253103266395753,0.253103266395753,False,1e-24,False
HGNN,real,,232,base,1741.3397614982316,0.5710149046871714,0.5710149046871714,1804.5580418967343,1804.5580418967343,0.9649674441437999,0.0003164292261206457,0.0003164292261206457,0.031294615877188264,4.4552147673747494e-05,4.4552147673747494e-05,0.052781831638735684,0.052781831638735684,0.5929050755832749,0.0008440811220551019,0.0008440811220551018,False,1e-24,False
HGNN,real,,232,restart,3766.3277671966925,600.3938394717532,600.3938394717534,6327.702839305905,6327.702839305905,0.5952124906690193,0.0948833810181913,0.09488338101819133,0.06768683708261396,0.046844372675715104,0.04684437267571511,0.1850800795374508,0.1850800795374508,0.36571649013646323,0.25310326639575587,0.2531032663957559,False,1e-24,False
HGNN,real,,233,base,1741.0508977240993,0.5668991224299125,0.5668991224299125,1803.4180751028723,1803.4180751028723,0.9654172383876016,0.00031434703370020005,0.00031434703370020005,0.03128942454057942,4.423102306314062e-05,4.4231023063140614e-05,0.05274848855195742,0.05274848855195742,0.593181442720567,0.0008385268332299783,0.0008385268332299782,False,1e-24,False
HGNN,real,,233,restart,3766.3277671966707,600.3938394717527,600.3938394717527,6327.7028393058345,6327.7028393058345,0.5952124906690224,0.0948833810181923,0.0948833810181923,0.06768683708261355,0.04684437267571506,0.046844372675715056,0.18508007953744873,0.18508007953744873,0.3657164901364652,0.25310326639575853,0.25310326639575853,False,1e-24,False
HGNN,real,,234,base,1740.764465785123,0.5628240356224758,0.5628240356224757,1802.286319451087,1802.286319451087,0.9658645504867943,0.0003122833644955438,0.0003122833644955437,0.03128427690787533,4.391307362305075e-05,4.3913073623050735e-05,0.05271538563430012,0.05271538563430012,0.5934562847534156,0.0008330219554436493,0.000833021955443649,False,1e-24,False
HGNN,real,,234,restart,3766.327767196651,600.3938394717524,600.3938394717524,6327.702839305771,6327.702839305771,0.5952124906690253,0.09488338101819319,0.0948833810181932,0.06768683708261321,0.04684437267571504,0.046844372675715035,0.18508007953744687,0.18508007953744687,0.36571649013646695,0.2531032663957609,0.2531032663957609,False,1e-24,False
HGNN,real,,235,base,1740.4804448335099,0.5587890526425253,0.5587890526425255,1801.1626938478057,1801.1626938478057,0.9663094015762335,0.00031023796714820353,0.00031023796714820364,0.031279172604408344,4.359825319348193e-05,4.359825319348194e-05,0.052682520513843804,0.052682520513843804,0.5937296146677126,0.0008275658181924928,0.000827565818192493,False,1e-24,False
HGNN,real,,235,restart,3766.3277671966334,600.3938394717519,600.393839471752,6327.702839305716,6327.702839305716,0.5952124906690277,0.09488338101819395,0.09488338101819396,0.06768683708261289,0.046844372675715,0.04684437267571501,0.18508007953744526,0.18508007953744526,0.36571649013646845,0.25310326639576297,0.25310326639576297,False,1e-24,False
HGNN,real,,236,base,1740.1988142445662,0.5547935938455557,0.5547935938455556,1800.0471183766738,1800.0471183766738,0.9667518124825087,0.00030821059525701865,0.0003082105952570186,0.031274111259520274,4.328651654898141e-05,4.3286516548981396e-05,0.05264989085310111,0.05264989085310111,0.5940014452599424,0.0008221577641966149,0.0008221577641966146,False,1e-24,False
HGNN,real,,236,restart,3766.3277671966175,600.3938394717517,600.3938394717517,6327.702839305664,6327.702839305664,0.59521249066903,0.09488338101819467,0.09488338101819468,0.0676868370826126,0.046844372675714986,0.04684437267571498,0.18508007953744374,0.18508007953744374,0.36571649013646984,0.25310326639576486,0.25310326639576486,False,1e-24,False
HGNN,real,,237,base,1739.9195536134655,0.5508370912624401,0.5508370912624402,1798.9395142747505,1798.9395142747505,0.9671918037305001,0.00030620100725538415,0.0003062010072553842,0.03126909250650426,4.297781937504144e-05,4.297781937504144e-05,0.052617494348321116,0.052617494348321116,0.5942717891412095,0.0008167971490723931,0.0008167971490723932,False,1e-24,False
HGNN,real,,237,restart,3766.327767196604,600.3938394717513,600.3938394717514,6327.70283930562,6327.70283930562,0.595212490669032,0.0948833810181953,0.09488338101819532,0.06768683708261236,0.04684437267571496,0.04684437267571496,0.18508007953744246,0.18508007953744246,0.3657164901364711,0.2531032663957665,0.2531032663957666,False,1e-24,False
HGNN,real,,238,base,1739.642642752076,0.5469189883058002,0.5469189883058001,1797.8398039093079,1797.8398039093079,0.9676293955497676,0.0003042089662919653,0.00030420896629196526,0.031264115982547816,4.26721182451895e-05,4.2672118245189486e-05,0.052585328728810665,0.052585328728810665,0.5945406587411654,0.0008114833410142803,0.0008114833410142801,False,1e-24,False
HGNN,real,,238,restart,3766.3277671965907,600.393839471751,600.3938394717511,6327.702839305579,6327.702839305579,0.5952124906690338,0.09488338101819586,0.09488338101819588,0.06768683708261213,0.04684437267571493,0.04684437267571494,0.18508007953744124,0.18508007953744124,0.36571649013647217,0.2531032663957681,0.2531032663957681,False,1e-24,False
HGNN,real,,239,base,1739.3680616858478,0.5430387394848978,0.5430387394848978,1796.747910755206,1796.747910755206,0.9680646078807792,0.0003022342401147686,0.0003022342401147686,0.03125918132867684,4.2369370598743324e-05,4.236937059874332e-05,0.05255339175627266,0.05255339175627266,0.5948080663118345,0.0008062157204855612,0.0008062157204855611,False,1e-24,False
HGNN,real,,239,restart,3766.3277671965798,600.3938394717508,600.393839471751,6327.702839305544,6327.702839305544,0.5952124906690354,0.09488338101819634,0.09488338101819638,0.06768683708261193,0.04684437267571492,0.046844372675714924,0.18508007953744024,0.18508007953744024,0.3657164901364731,0.2531032663957693,0.2531032663957694,False,1e-24,False
HGNN,real,,240,base,1739.0957906507588,0.5391958101287848,0.5391958101287849,1795.6637593728458,1795.6637593728458,0.968497460380977,0.0003002766009584692,0.00030027660095846933,0.03125428818970075,4.2069534719210336e-05,4.2069534719210336e-05,0.052521681224161156,0.052521681224161156,0.5950740239313413,0.0008009936799177973,0.0008009936799177975,False,1e-24,False
HGNN,real,,240,restart,3766.3277671965693,600.3938394717505,600.3938394717507,6327.702839305511,6327.702839305511,0.5952124906690369,0.09488338101819681,0.09488338101819684,0.06768683708261174,0.046844372675714896,0.046844372675714896,0.18508007953743927,0.18508007953743927,0.3657164901364741,0.2531032663957706,0.25310326639577063,False,1e-24,False
HGNN,real,,241,base,1738.8258100903229,0.5353896761174382,0.5353896761174382,1794.5872753866597,1794.5872753866597,0.9689279724306958,0.0002983358254348949,0.0002983358254348949,0.031249436214158727,4.177256971331003e-05,4.177256971331002e-05,0.05249019495705226,0.05249019495705226,0.595338543507548,0.000795816623418689,0.0007958166234186889,False,1e-24,False
HGNN,real,,241,restart,3766.32776719656,600.3938394717503,600.3938394717505,6327.702839305482,6327.702839305482,0.5952124906690381,0.09488338101819721,0.09488338101819725,0.06768683708261157,0.04684437267571488,0.04684437267571489,0.1850800795374384,0.1850800795374384,0.36571649013647484,0.25310326639577163,0.25310326639577174,False,1e-24,False
HGNN,real,,242,base,1738.5581006526452,0.5316198236206262,0.5316198236206264,1793.518385464143,1793.518385464143,0.9693561631389273,0.00029641169442656633,0.00029641169442656644,0.031244625054266752,4.147843549059963e-05,4.147843549059964e-05,0.0524589308100308,0.0524589308100308,0.5956016367815944,0.0007906839664880938,0.000790683966488094,False,1e-24,False
HGNN,real,,242,restart,3766.3277671965525,600.3938394717503,600.3938394717504,6327.702839305456,6327.702839305456,0.5952124906690394,0.09488338101819759,0.0948833810181976,0.06768683708261143,0.04684437267571488,0.04684437267571488,0.18508007953743766,0.18508007953743766,0.3657164901364756,0.25310326639577263,0.25310326639577263,False,1e-24,False
HGNN,real,,243,base,1738.2926431875392,0.5278857488442598,0.5278857488442598,1792.4570172954034,1792.4570172954034,0.9697820513489402,0.00029450399298320374,0.00029450399298320374,0.031239854365865842,4.118709274368371e-05,4.11870927436837e-05,0.05242788666809217,0.05242788666809217,0.595863315331353,0.000785595135741955,0.0007855951357419549,False,1e-24,False
HGNN,real,,243,restart,3766.327767196545,600.3938394717501,600.3938394717502,6327.7028393054325,6327.7028393054325,0.5952124906690404,0.0948833810181979,0.09488338101819793,0.0676868370826113,0.04684437267571486,0.04684437267571486,0.18508007953743696,0.18508007953743696,0.3657164901364762,0.2531032663957735,0.2531032663957735,False,1e-24,False
HGNN,real,,244,base,1738.029418743696,0.5241869577839847,0.5241869577839848,1791.4030995732098,1791.4030995732098,0.9702056556437634,0.0002926125102211048,0.0002926125102211049,0.03123512380837115,4.0898502928988786e-05,4.0898502928988786e-05,0.0523970604455588,0.0523970604455588,0.5961235905747964,0.0007805495686438906,0.0007805495686438906,False,1e-24,False
HGNN,real,,244,restart,3766.3277671965384,600.3938394717501,600.3938394717502,6327.702839305413,6327.702839305413,0.5952124906690411,0.0948833810181982,0.09488338101819822,0.06768683708261118,0.04684437267571486,0.04684437267571486,0.1850800795374364,0.1850800795374364,0.36571649013647667,0.2531032663957743,0.2531032663957743,False,1e-24,False
HGNN,real,,245,base,1737.7684085659025,0.5205229659857927,0.5205229659857926,1790.3565619735375,1790.3565619735375,0.9706269943515239,0.00029073703922531067,0.0002907370392253106,0.031230433044721985,4.061262824808553e-05,4.0612628248085516e-05,0.05236645008551106,0.05236645008551106,0.5963824737732784,0.0007755467132442185,0.0007755467132442182,False,1e-24,False
HGNN,real,,245,restart,3766.327767196533,600.3938394717497,600.39383947175,6327.702839305394,6327.702839305394,0.595212490669042,0.09488338101819843,0.09488338101819846,0.06768683708261108,0.046844372675714833,0.04684437267571485,0.18508007953743585,0.18508007953743585,0.3657164901364772,0.2531032663957749,0.25310326639577496,False,1e-24,False
HGNN,real,,246,base,1737.5095940923136,0.5168932983134208,0.5168932983134208,1789.3173351365795,1789.3173351365795,0.9710460855506599,0.0002888773769544719,0.0002888773769544719,0.031225781741332777,4.0329431629540635e-05,4.032943162954063e-05,0.052336053559231904,0.052336053559231904,0.596639976034736,0.0007705860279261859,0.0007705860279261857,False,1e-24,False
HGNN,real,,246,restart,3766.327767196527,600.3938394717499,600.3938394717499,6327.702839305378,6327.702839305378,0.5952124906690427,0.09488338101819871,0.09488338101819871,0.06768683708261097,0.04684437267571484,0.04684437267571484,0.18508007953743538,0.18508007953743538,0.36571649013647767,0.25310326639577563,0.25310326639577563,False,1e-24,False
HGNN,real,,247,base,1737.252956951773,0.513297488722329,0.513297488722329,1788.2853506482295,1788.2853506482295,0.9714629470749969,0.0002870333241483333,0.0002870333241483333,0.031221169568044937,4.0048876711281955e-05,4.004887671128195e-05,0.05230586886566526,0.05230586886566526,0.5968961083168091,0.0007656669811591819,0.0007656669811591817,False,1e-24,False
HGNN,real,,247,restart,3766.3277671965225,600.3938394717497,600.3938394717499,6327.702839305363,6327.702839305363,0.5952124906690432,0.09488338101819889,0.09488338101819892,0.06768683708261089,0.046844372675714833,0.04684437267571484,0.18508007953743494,0.18508007953743494,0.365716490136478,0.2531032663957761,0.2531032663957762,False,1e-24,False
HGNN,real,,248,base,1736.9984789611856,0.5097350800400491,0.5097350800400491,1787.2605410220074,1787.2605410220074,0.9718775965187031,0.00028520468523775933,0.00028520468523775933,0.03121659619807963,3.977092782346067e-05,3.977092782346066e-05,0.052275894030887345,0.052275894030887345,0.5971508814298847,0.0007607890512587296,0.0007607890512587295,False,1e-24,False
HGNN,real,,248,restart,3766.327767196519,600.3938394717496,600.3938394717496,6327.70283930535,6327.70283930535,0.595212490669044,0.0948833810181991,0.0948833810181991,0.06768683708261083,0.04684437267571483,0.04684437267571482,0.18508007953743455,0.18508007953743455,0.36571649013647844,0.2531032663957767,0.2531032663957766,False,1e-24,False
HGNN,real,,249,base,1736.7461421229282,0.5062056237527008,0.5062056237527008,1786.2428396814205,1786.2428396814205,0.9722900512411179,0.0002833912682572228,0.0002833912682572228,0.031212061307991243,3.949554997179474e-05,3.9495549971794736e-05,0.05224612710759076,0.05224612710759076,0.5974043060400642,0.000755951726153047,0.0007559517261530469,False,1e-24,False
HGNN,real,,249,restart,3766.3277671965147,600.3938394717495,600.3938394717497,6327.702839305337,6327.702839305337,0.5952124906690446,0.09488338101819925,0.09488338101819928,0.06768683708261075,0.04684437267571482,0.04684437267571483,0.18508007953743416,0.18508007953743416,0.3657164901364788,0.25310326639577707,0.2531032663957771,False,1e-24,False
HGNN,real,,250,base,1736.4959286223225,0.502708679797488,0.5027086797974882,1785.2321809427551,1785.2321809427551,0.9727003283714637,0.0002815928847596814,0.00028159288475968153,0.031207564577621975,3.922270882137887e-05,3.9222708821378876e-05,0.052216566174581154,0.052216566174581154,0.5976563926720578,0.0007511545031559801,0.0007511545031559802,False,1e-24,False
HGNN,real,,250,restart,3766.327767196512,600.3938394717495,600.3938394717496,6327.702839305327,6327.702839305327,0.595212490669045,0.0948833810181994,0.09488338101819942,0.06768683708261071,0.04684437267571482,0.04684437267571482,0.18508007953743388,0.18508007953743388,0.36571649013647906,0.2531032663957775,0.2531032663957775,False,1e-24,False
HGNN,real,,251,base,1736.247820825134,0.49924381636098175,0.49924381636098186,1784.2284999982717,1784.2284999982717,0.9731084448134396,0.0002798093497337731,0.00027980934973377314,0.03120310569005688,3.8952370680945976e-05,3.8952370680945976e-05,0.0521872093362857,0.0521872093362857,0.5979071517120079,0.0007463968887461174,0.0007463968887461174,False,1e-24,False
HGNN,real,,251,restart,3766.3277671965084,600.3938394717494,600.3938394717495,6327.702839305318,6327.702839305318,0.5952124906690454,0.09488338101819953,0.09488338101819954,0.06768683708261064,0.046844372675714806,0.04684437267571481,0.1850800795374336,0.1850800795374336,0.3657164901364793,0.25310326639577785,0.25310326639577785,False,1e-24,False
HGNN,real,,252,base,1736.0018012751361,0.4958106096830153,0.49581060968301544,1783.231732899808,1783.231732899808,0.9735144172497038,0.00027804048152325737,0.0002780404815232574,0.031198684331580098,3.868450248756659e-05,3.868450248756659e-05,0.05215805472227348,0.05215805472227348,0.5981565934102421,0.0007416783983519006,0.0007416783983519007,False,1e-24,False
HGNN,real,,252,restart,3766.327767196506,600.3938394717493,600.3938394717495,6327.70283930531,6327.70283930531,0.5952124906690458,0.09488338101819964,0.09488338101819967,0.0676868370826106,0.0468443726757148,0.04684437267571481,0.18508007953743338,0.18508007953743338,0.36571649013647956,0.2531032663957781,0.2531032663957782,False,1e-24,False
HGNN,real,,253,base,1735.757852691699,0.4924086438660156,0.4924086438660156,1782.2418165427664,1782.2418165427664,0.9739182621462457,0.00027628610174863994,0.00027628610174863994,0.03119430019163151,3.841907179177232e-05,3.8419071791772315e-05,0.052129100486787164,0.052129100486787164,0.5984047278839606,0.0007369985561425553,0.0007369985561425552,False,1e-24,False
HGNN,real,,253,restart,3766.327767196504,600.3938394717495,600.3938394717495,6327.7028393053015,6327.7028393053015,0.5952124906690461,0.09488338101819978,0.09488338101819978,0.06768683708261056,0.04684437267571482,0.04684437267571481,0.18508007953743313,0.18508007953743313,0.3657164901364798,0.2531032663957785,0.25310326639577846,False,1e-24,False
HGNN,real,,254,base,1735.5159579674323,0.48903751068960055,0.48903751068960055,1781.2586886504841,1781.2586886504841,0.9743199957566481,0.0002745460352309101,0.0002745460352309101,0.031189952962764392,3.815604674309028e-05,3.815604674309027e-05,0.05210034480828583,0.05210034480828583,0.5986515651198544,0.0007323568948246596,0.0007323568948246594,False,1e-24,False
HGNN,real,,254,restart,3766.3277671965006,600.3938394717493,600.3938394717494,6327.702839305295,6327.702839305295,0.5952124906690462,0.09488338101819985,0.09488338101819986,0.0676868370826105,0.0468443726757148,0.0468443726757148,0.18508007953743294,0.18508007953743294,0.36571649013647983,0.2531032663957787,0.2531032663957787,False,1e-24,False
HGNN,real,,255,base,1735.2761001658673,0.4856968094302836,0.4856968094302836,1780.2822877589667,1780.2822877589667,0.9747196341262523,0.0002728201099173337,0.0002728201099173337,0.031185642340603746,3.7895396075975906e-05,3.78953960759759e-05,0.05207178588899841,0.05207178588899841,0.5988971149766648,0.0007277529554441946,0.0007277529554441945,False,1e-24,False
HGNN,real,,255,restart,3766.3277671964993,600.3938394717492,600.3938394717494,6327.702839305288,6327.702839305288,0.5952124906690467,0.09488338101819993,0.09488338101819996,0.06768683708261047,0.04684437267571479,0.0468443726757148,0.18508007953743275,0.18508007953743275,0.3657164901364801,0.2531032663957789,0.25310326639577896,False,1e-24,False
HGNN,real,,256,base,1735.0382625191764,0.4823861466861267,0.4823861466861267,1779.3125532019865,1779.3125532019865,0.9751171930962125,0.00027110815680923627,0.00027110815680923627,0.03118136802380533,3.7637089096131906e-05,3.76370890961319e-05,0.05204342195448789,0.05204342195448789,0.5991413871876741,0.0007231862871939058,0.0007231862871939057,False,1e-24,False
HGNN,real,,256,restart,3766.3277671964975,600.3938394717493,600.3938394717493,6327.702839305284,6327.702839305284,0.5952124906690468,0.09488338101820001,0.09488338101820001,0.06768683708261045,0.0468443726757148,0.04684437267571479,0.18508007953743263,0.18508007953743263,0.36571649013648017,0.2531032663957791,0.25310326639577907,False,1e-24,False
