family,section,series,step,mean,sd,lower,upper,seeds
HGNN,diagnostics,un,0,1.0,0.0,1.0,1.0,10
HGNN,diagnostics,un,1,0.39203257359826826,0.002320932023830857,0.3897116415744374,0.39435350562209914,10
HGNN,diagnostics,un,2,0.24862481081944088,0.0019738345380377943,0.2466509762814031,0.25059864535747867,10
HGNN,diagnostics,un,3,0.19573767561959937,0.0037851744496794344,0.19195250116991994,0.1995228500692788,10
HGNN,diagnostics,un,4,0.1595068754885684,0.005297661280839066,0.15420921420772934,0.16480453676940746,10
HGNN,diagnostics,un,5,0.13332795421689903,0.004890771004163414,0.12843718321273562,0.13821872522106243,10
HGNN,diagnostics,un,6,0.11655780401459084,0.003697165590626983,0.11286063842396386,0.12025496960521782,10
HGNN,diagnostics,un,7,0.10652554057836797,0.002596939763312569,0.1039286008150554,0.10912248034168054,10
HGNN,diagnostics,un,8,0.10064369891413134,0.001794337045258794,0.09884936186887255,0.10243803595939013,10
HGNN,diagnostics,un,9,0.09719805969213616,0.0012518526632073952,0.09594620702892877,0.09844991235534355,10
HGNN,diagnostics,un,10,0.09516870739378512,0.0008935580682424277,0.09427514932554269,0.09606226546202755,10
HGNN,diagnostics,un,11,0.0939645362844361,0.0006570849900966777,0.09330745129433943,0.09462162127453277,10
HGNN,diagnostics,un,12,0.0932439234508887,0.0004997818638395608,0.09274414158704913,0.09374370531472825,10
HGNN,diagnostics,un,13,0.09280868465213352,0.00039439120621618715,0.09241429344591733,0.09320307585834971,10
HGNN,diagnostics,un,14,0.09254317134850626,0.00032379595267584054,0.09221937539583042,0.0928669673011821,10
HGNN,diagnostics,un,15,0.09237943905812486,0.0002770219744927928,0.09210241708363207,0.09265646103261765,10
HGNN,diagnostics,un,16,0.09227727751978185,0.0002466853899348187,0.09203059212984703,0.09252396290971666,10
HGNN,diagnostics,un,17,0.09221270745960689,0.00022757351282192133,0.09198513394678497,0.0924402809724288,10
HGNN,diagnostics,un,18,0.09217131556336082,0.00021594042018920848,0.0919553751431716,0.09238725598355003,10
HGNN,diagnostics,un,19,0.09214436745572369,0.00020913991069168068,0.091935227545032,0.09235350736641537,10
HGNN,diagnostics,un,20,0.09212652509754116,0.00020536784895235514,0.0919211572485888,0.09233189294649351,10
HGNN,diagnostics,un,21,0.0921144968541644,0.0002034391705960165,0.09191105768356837,0.09231793602476042,10
HGNN,diagnostics,un,22,0.09210623347320414,0.00020259940137672187,0.09190363407182742,0.09230883287458086,10
HGNN,diagnostics,un,23,0.09210044582997456,0.00020237987884323553,0.09189806595113133,0.0923028257088178,10
HGNN,diagnostics,un,24,0.09209631364591045,0.00020249542660062667,0.09189381821930982,0.09229880907251108,10
HGNN,diagnostics,un,25,0.09209330832348472,0.00020277603617131665,0.0918905322873134,0.09229608435965604,10
HGNN,diagnostics,un,26,0.09209108442481133,0.00020312284815919544,0.09188796157665213,0.09229420727297052,10
HGNN,diagnostics,un,27,0.09208941270957027,0.00020348039030635827,0.09188593231926391,0.09229289309987664,10
HGNN,diagnostics,un,28,0.09208813849632644,0.0002038192952380333,0.0918843192010884,0.09229195779156447,10
HGNN,diagnostics,un,29,0.09208715555399659,0.00020412563663032941,0.09188302991736626,0.09229128119062692,10
HGNN,diagnostics,un,30,0.09208638958074437,0.00020439439896936175,0.091881995181775,0.09229078397971374,10
HGNN,diagnostics,un,31,0.09208578764283434,0.00020462551293556138,0.09188116212989879,0.0922904131557699,10
HGNN,diagnostics,un,32,0.09208531134615995,0.00020482147655633644,0.09188048986960362,0.09229013282271628,10
HGNN,diagnostics,un,33,0.09208493236466493,0.00020498595251566417,0.09187994641214926,0.0922899183171806,10
HGNN,diagnostics,un,34,0.09208462947052194,0.00020512296311157196,0.09187950650741036,0.09228975243363352,10
HGNN,diagnostics,un,35,0.09208438653099058,0.00020523644815444603,0.09187915008283613,0.09228962297914502,10
HGNN,diagnostics,un,36,0.09208419113469997,0.00020533004053157027,0.0918788610941684,0.09228952117523154,10
HGNN,diagnostics,un,37,0.09208403363306199,0.00020540696981378962,0.0918786266632482,0.09228944060287578,10
HGNN,diagnostics,un,38,0.09208390645940912,0.00020547003892272482,0.09187843642048639,0.09228937649833184,10
HGNN,diagnostics,un,39,0.09208380363684124,0.000205521640434054,0.09187828199640719,0.09228932527727529,10
HGNN,diagnostics,un,40,0.09208372041644194,0.00020556379248216363,0.09187815662395978,0.09228928420892411,10
HGNN,diagnostics,un,41,0.09208365300712701,0.00020559818251617,0.09187805482461084,0.09228925118964318,10
HGNN,diagnostics,un,42,0.09208359837103239,0.0002056262122498101,0.09187797215878257,0.0922892245832822,10
HGNN,diagnostics,un,43,0.09208355406658682,0.0002056490402447559,0.09187790502634206,0.09228920310683157,10
HGNN,diagnostics,un,44,0.09208351812684874,0.0002056676204208392,0.09187785050642791,0.09228918574726958,10
HGNN,diagnostics,un,45,0.09208348896431792,0.00020568273587011495,0.09187780622844781,0.09228917170018804,10
HGNN,diagnostics,un,46,0.09208346529589259,0.00020569502795954794,0.09187777026793305,0.09228916032385213,10
HGNN,diagnostics,un,47,0.09208344608334049,0.00020570502102739313,0.0918777410623131,0.09228915110436788,10
HGNN,diagnostics,un,48,0.09208343048583778,0.0002057131431256886,0.09187771734271209,0.09228914362896347,10
HGNN,diagnostics,un,49,0.09208341782197668,0.0002057197433089848,0.09187769807866769,0.09228913756528567,10
HGNN,diagnostics,un,50,0.09208340753925515,0.00020572510596104536,0.0918776824332941,0.0922891326452162,10
HGNN,diagnostics,un,51,0.09208339918951283,0.00020572946261450148,0.09187766972689833,0.09228912865212734,10
HGNN,diagnostics,un,52,0.0920833924091151,0.00020573300166864208,0.09187765940744647,0.09228912541078374,10
HGNN,diagnostics,un,53,0.09208338690294234,0.00020573587635809283,0.09187765102658424,0.09228912277930043,10
HGNN,diagnostics,un,54,0.09208338243143822,0.00020573821127329456,0.09187764422016492,0.09228912064271153,10
HGNN,diagnostics,un,55,0.09208337880012268,0.00020574010768751452,0.09187763869243518,0.09228911890781019,10
HGNN,diagnostics,un,56,0.09208337585109426,0.00020574164790311805,0.09187763420319114,0.09228911749899738,10
HGNN,diagnostics,un,57,0.09208337345614057,0.00020574289879405147,0.09187763055734652,0.09228911635493461,10
HGNN,diagnostics,un,58,0.09208337151115031,0.0002057439146909755,0.09187762759645934,0.09228911542584128,10
HGNN,diagnostics,un,59,0.09208336993157948,0.00020574473972945147,0.09187762519185003,0.09228911467130893,10
HGNN,diagnostics,un,60,0.09208336864877152,0.0002057454097601992,0.09187762323901132,0.09228911405853173,10
HGNN,diagnostics,un,61,0.09208336760697082,0.00020574595390250884,0.09187762165306831,0.09228911356087333,10
HGNN,diagnostics,un,62,0.09208336676089776,0.0002057463958070289,0.09187762036509073,0.0922891131567048,10
HGNN,diagnostics,un,63,0.09208336607378002,0.0002057467546821499,0.09187761931909787,0.09228911282846218,10
HGNN,diagnostics,un,64,0.09208336551575405,0.00020574704612790845,0.09187761846962614,0.09228911256188196,10
HGNN,diagnostics,un,65,0.0920833650625669,0.00020574728281364468,0.09187761777975326,0.09228911234538054,10
HGNN,diagnostics,un,66,0.09208336469452208,0.00020574747502836866,0.09187761721949371,0.09228911216955045,10
HGNN,diagnostics,un,67,0.09208336439562358,0.00020574763112792945,0.09187761676449564,0.09228911202675151,10
HGNN,diagnostics,un,68,0.09208336415288057,0.0002057477578981696,0.0918776163949824,0.09228911191077874,10
HGNN,diagnostics,un,69,0.09208336395574286,0.00020574786084993102,0.09187761609489294,0.09228911181659279,10
HGNN,diagnostics,un,70,0.09208336379564233,0.00020574794445852375,0.09187761585118381,0.09228911174010085,10
HGNN,diagnostics,un,71,0.09208336366562064,0.0002057480123584084,0.09187761565326223,0.09228911167797905,10
HGNN,diagnostics,un,72,0.09208336356002668,0.0002057480675011018,0.09187761549252557,0.09228911162752779,10
HGNN,diagnostics,un,73,0.09208336347427108,0.00020574811228353702,0.09187761536198755,0.09228911158655462,10
HGNN,diagnostics,un,74,0.09208336340462671,0.00020574814865229065,0.09187761525597442,0.092289111553279,10
HGNN,diagnostics,un,75,0.09208336334806663,0.00020574817818818378,0.09187761516987845,0.09228911152625481,10
HGNN,diagnostics,un,76,0.09208336330213268,0.00020574820217497724,0.0918776150999577,0.09228911150430766,10
HGNN,diagnostics,un,77,0.09208336326482841,0.000205748221655274,0.09187761504317314,0.09228911148648368,10
HGNN,diagnostics,un,78,0.09208336323453258,0.00020574823747574418,0.09187761499705684,0.09228911147200831,10
HGNN,diagnostics,un,79,0.09208336320992844,0.00020574825032399367,0.09187761495960445,0.09228911146025243,10
HGNN,diagnostics,un,80,0.09208336318994667,0.00020574826075844024,0.09187761492918824,0.0922891114507051,10
HGNN,diagnostics,un,81,0.09208336317371887,0.0002057482692325733,0.0918776149044863,0.09228911144295145,10
HGNN,diagnostics,un,82,0.09208336316053979,0.00020574827611469988,0.09187761488442509,0.0922891114366545,10
HGNN,diagnostics,un,83,0.09208336314983663,0.00020574828170389156,0.09187761486813274,0.09228911143154052,10
HGNN,diagnostics,un,84,0.09208336314114424,0.00020574828624307876,0.09187761485490116,0.09228911142738731,10
HGNN,diagnostics,un,85,0.09208336313408486,0.00020574828992950424,0.09187761484415535,0.09228911142401436,10
HGNN,diagnostics,un,86,0.09208336312835169,0.000205748292923386,0.0918776148354283,0.09228911142127508,10
HGNN,diagnostics,un,87,0.0920833631236956,0.0002057482953548297,0.09187761482834077,0.09228911141905043,10
HGNN,diagnostics,un,88,0.09208336311991422,0.0002057482973295008,0.09187761482258472,0.09228911141724372,10
HGNN,diagnostics,un,89,0.09208336311684322,0.0002057482989331986,0.09187761481791001,0.09228911141577642,10
HGNN,diagnostics,un,90,0.09208336311434914,0.0002057483002356351,0.09187761481411351,0.09228911141458478,10
HGNN,diagnostics,un,91,0.09208336311232362,0.00020574830129339974,0.09187761481103023,0.09228911141361702,10
HGNN,diagnostics,un,92,0.0920833631106786,0.0002057483021524431,0.09187761480852616,0.09228911141283105,10
HGNN,diagnostics,un,93,0.09208336310934262,0.0002057483028501078,0.09187761480649251,0.09228911141219273,10
HGNN,diagnostics,un,94,0.09208336310825761,0.000205748303416726,0.09187761480484088,0.09228911141167434,10
HGNN,diagnostics,un,95,0.09208336310737646,0.00020574830387689534,0.09187761480349955,0.09228911141125336,10
HGNN,diagnostics,un,96,0.09208336310666082,0.00020574830425061085,0.0918776148024102,0.09228911141091144,10
HGNN,diagnostics,un,97,0.09208336310607962,0.00020574830455413775,0.09187761480152548,0.09228911141063376,10
HGNN,diagnostics,un,98,0.09208336310560761,0.0002057483048006234,0.09187761480080699,0.09228911141040823,10
HGNN,diagnostics,un,99,0.09208336310522426,0.00020574830500081915,0.09187761480022344,0.09228911141022508,10
HGNN,diagnostics,un,100,0.09208336310491293,0.00020574830516341202,0.09187761479974951,0.09228911141007634,10
HGNN,diagnostics,un,101,0.09208336310466007,0.0002057483052954499,0.09187761479936463,0.09228911140995552,10
HGNN,diagnostics,un,102,0.09208336310445472,0.00020574830540269178,0.09187761479905203,0.09228911140985742,10
HGNN,diagnostics,un,103,0.09208336310428798,0.00020574830548978417,0.0918776147987982,0.09228911140977776,10
HGNN,diagnostics,un,104,0.09208336310415252,0.00020574830556052085,0.091877614798592,0.09228911140971305,10
HGNN,diagnostics,un,105,0.09208336310404254,0.0002057483056179539,0.09187761479842459,0.0922891114096605,10
HGNN,diagnostics,un,106,0.09208336310395318,0.00020574830566461673,0.09187761479828857,0.09228911140961779,10
HGNN,diagnostics,un,107,0.09208336310388063,0.00020574830570250797,0.09187761479817812,0.09228911140958314,10
HGNN,diagnostics,un,108,0.0920833631038217,0.00020574830573328115,0.09187761479808843,0.09228911140955498,10
HGNN,diagnostics,un,109,0.09208336310377387,0.0002057483057582729,0.0918776147980156,0.09228911140953214,10
HGNN,diagnostics,un,110,0.09208336310373498,0.00020574830577857416,0.0918776147979564,0.09228911140951356,10
HGNN,diagnostics,un,111,0.09208336310370341,0.00020574830579505967,0.09187761479790835,0.09228911140949847,10
HGNN,diagnostics,un,112,0.09208336310367779,0.00020574830580844265,0.09187761479786935,0.09228911140948623,10
HGNN,diagnostics,un,113,0.09208336310365697,0.00020574830581931958,0.09187761479783765,0.0922891114094763,10
HGNN,diagnostics,un,114,0.09208336310364006,0.00020574830582814572,0.09187761479781191,0.0922891114094682,10
HGNN,diagnostics,un,115,0.09208336310362633,0.0002057483058353192,0.09187761479779101,0.09228911140946165,10
HGNN,diagnostics,un,116,0.09208336310361517,0.0002057483058411444,0.09187761479777402,0.09228911140945632,10
HGNN,diagnostics,un,117,0.09208336310360613,0.00020574830584587316,0.09187761479776026,0.092289111409452,10
HGNN,diagnostics,un,118,0.09208336310359876,0.00020574830584971422,0.09187761479774904,0.09228911140944847,10
HGNN,diagnostics,un,119,0.0920833631035928,0.00020574830585283778,0.09187761479773997,0.09228911140944564,10
HGNN,diagnostics,un,120,0.09208336310358795,0.0002057483058553738,0.09187761479773257,0.09228911140944332,10
HGNN,diagnostics,un,121,0.09208336310358399,0.00020574830585743905,0.09187761479772655,0.09228911140944143,10
HGNN,diagnostics,un,122,0.0920833631035808,0.00020574830585910097,0.09187761479772169,0.0922891114094399,10
HGNN,diagnostics,un,123,0.0920833631035782,0.0002057483058604618,0.09187761479771774,0.09228911140943867,10
HGNN,diagnostics,un,124,0.0920833631035761,0.0002057483058615621,0.09187761479771453,0.09228911140943766,10
HGNN,diagnostics,un,125,0.09208336310357437,0.00020574830586246126,0.0918776147977119,0.09228911140943684,10
HGNN,diagnostics,un,126,0.09208336310357298,0.00020574830586318575,0.0918776147977098,0.09228911140943617,10
HGNN,diagnostics,un,127,0.09208336310357185,0.0002057483058637747,0.09187761479770808,0.09228911140943562,10
HGNN,diagnostics,un,128,0.09208336310357093,0.00020574830586425494,0.09187761479770667,0.09228911140943519,10
HGNN,diagnostics,un,129,0.0920833631035702,0.00020574830586464121,0.09187761479770555,0.09228911140943484,10
HGNN,diagnostics,un,130,0.09208336310356957,0.00020574830586495536,0.09187761479770462,0.09228911140943452,10
HGNN,diagnostics,un,131,0.0920833631035691,0.00020574830586521617,0.09187761479770389,0.09228911140943431,10
HGNN,diagnostics,un,132,0.09208336310356868,0.000205748305865423,0.09187761479770326,0.0922891114094341,10
HGNN,diagnostics,un,133,0.09208336310356838,0.00020574830586559865,0.09187761479770278,0.09228911140943398,10
HGNN,diagnostics,un,134,0.0920833631035681,0.00020574830586573854,0.09187761479770236,0.09228911140943384,10
HGNN,diagnostics,un,135,0.09208336310356788,0.00020574830586584557,0.09187761479770203,0.09228911140943373,10
HGNN,diagnostics,un,136,0.09208336310356771,0.00020574830586593952,0.09187761479770178,0.09228911140943365,10
HGNN,diagnostics,un,137,0.09208336310356756,0.0002057483058660042,0.09187761479770155,0.09228911140943356,10
HGNN,diagnostics,un,138,0.09208336310356746,0.00020574830586606385,0.0918776147977014,0.09228911140943352,10
HGNN,diagnostics,un,139,0.09208336310356735,0.00020574830586611324,0.09187761479770123,0.09228911140943347,10
HGNN,diagnostics,un,140,0.0920833631035673,0.00020574830586616146,0.09187761479770114,0.09228911140943345,10
HGNN,diagnostics,un,141,0.09208336310356721,0.00020574830586618834,0.09187761479770103,0.0922891114094334,10
HGNN,diagnostics,un,142,0.09208336310356716,0.0002057483058662046,0.09187761479770096,0.09228911140943336,10
HGNN,diagnostics,un,143,0.09208336310356713,0.0002057483058662331,0.0918776147977009,0.09228911140943336,10
HGNN,diagnostics,un,144,0.0920833631035671,0.000205748305866253,0.09187761479770085,0.09228911140943336,10
HGNN,diagnostics,un,145,0.09208336310356707,0.0002057483058662711,0.0918776147977008,0.09228911140943334,10
HGNN,diagnostics,un,146,0.09208336310356705,0.0002057483058662815,0.09187761479770076,0.09228911140943333,10
HGNN,diagnostics,un,147,0.09208336310356703,0.00020574830586627814,0.09187761479770075,0.09228911140943331,10
HGNN,diagnostics,un,148,0.09208336310356702,0.00020574830586628787,0.09187761479770074,0.0922891114094333,10
HGNN,diagnostics,un,149,0.09208336310356699,0.00020574830586630064,0.0918776147977007,0.09228911140943329,10
HGNN,diagnostics,un,150,0.092083363103567,0.00020574830586629825,0.09187761479770071,0.0922891114094333,10
HGNN,diagnostics,un,151,0.09208336310356699,0.00020574830586631845,0.09187761479770067,0.09228911140943331,10
HGNN,diagnostics,un,152,0.09208336310356699,0.0002057483058663192,0.09187761479770067,0.09228911140943331,10
HGNN,diagnostics,un,153,0.09208336310356699,0.00020574830586632587,0.09187761479770067,0.09228911140943331,10
HGNN,diagnostics,un,154,0.09208336310356699,0.00020574830586632807,0.09187761479770067,0.09228911140943331,10
HGNN,diagnostics,un,155,0.09208336310356698,0.00020574830586632043,0.09187761479770065,0.0922891114094333,10
HGNN,diagnostics,un,156,0.09208336310356698,0.0002057483058663269,0.09187761479770065,0.0922891114094333,10
HGNN,diagnostics,un,157,0.09208336310356698,0.00020574830586633224,0.09187761479770064,0.09228911140943331,10
HGNN,diagnostics,un,158,0.09208336310356698,0.00020574830586632268,0.09187761479770065,0.0922891114094333,10
HGNN,diagnostics,un,159,0.09208336310356698,0.00020574830586633035,0.09187761479770065,0.0922891114094333,10
HGNN,diagnostics,un,160,0.09208336310356698,0.00020574830586633127,0.09187761479770064,0.09228911140943331,10
HGNN,diagnostics,un,161,0.09208336310356696,0.0002057483058663308,0.09187761479770064,0.09228911140943329,10
HGNN,diagnostics,un,162,0.09208336310356698,0.00020574830586632053,0.09187761479770065,0.0922891114094333,10
HGNN,diagnostics,un,163,0.09208336310356696,0.00020574830586632438,0.09187761479770064,0.09228911140943329,10
HGNN,diagnostics,un,164,0.09208336310356698,0.00020574830586631782,0.09187761479770065,0.0922891114094333,10
HGNN,diagnostics,un,165,0.09208336310356698,0.00020574830586632184,0.09187761479770065,0.0922891114094333,10
HGNN,diagnostics,un,166,0.09208336310356696,0.00020574830586632216,0.09187761479770064,0.09228911140943329,10
HGNN,diagnostics,un,167,0.09208336310356696,0.00020574830586632875,0.09187761479770064,0.09228911140943329,10
HGNN,diagnostics,un,168,0.09208336310356696,0.00020574830586632926,0.09187761479770064,0.09228911140943329,10
HGNN,diagnostics,un,169,0.09208336310356695,0.0002057483058663202,0.09187761479770062,0.09228911140943327,10
HGNN,diagnostics,un,170,0.09208336310356696,0.00020574830586632663,0.09187761479770064,0.09228911140943329,10
HGNN,diagnostics,un,171,0.09208336310356696,0.00020574830586632322,0.09187761479770064,0.09228911140943329,10
HGNN,diagnostics,un,172,0.09208336310356695,0.0002057483058663254,0.09187761479770062,0.09228911140943327,10
HGNN,diagnostics,un,173,0.09208336310356696,0.00020574830586632005,0.09187761479770064,0.09228911140943329,10
HGNN,diagnostics,un,174,0.09208336310356695,0.00020574830586632352,0.09187761479770062,0.09228911140943327,10
HGNN,diagnostics,un,175,0.09208336310356695,0.00020574830586632002,0.09187761479770062,0.09228911140943327,10
HGNN,diagnostics,un,176,0.09208336310356695,0.00020574830586631975,0.09187761479770062,0.09228911140943327,10
HGNN,diagnostics,un,177,0.09208336310356695,0.00020574830586632146,0.09187761479770062,0.09228911140943327,10
HGNN,diagnostics,un,178,0.09208336310356695,0.0002057483058663227,0.09187761479770062,0.09228911140943327,10
HGNN,diagnostics,un,179,0.09208336310356695,0.00020574830586632406,0.09187761479770062,0.09228911140943327,10
HGNN,diagnostics,un,180,0.09208336310356695,0.00020574830586632406,0.09187761479770062,0.09228911140943327,10
HGNN,diagnostics,un,181,0.09208336310356695,0.00020574830586632558,0.09187761479770062,0.09228911140943327,10
HGNN,diagnostics,un,182,0.09208336310356695,0.00020574830586632476,0.09187761479770062,0.09228911140943327,10
HGNN,diagnostics,un,183,0.09208336310356695,0.00020574830586632476,0.09187761479770062,0.09228911140943327,10
HGNN,diagnostics,un,184,0.09208336310356695,0.00020574830586632476,0.09187761479770062,0.09228911140943327,10
HGNN,diagnostics,un,185,0.09208336310356695,0.00020574830586632476,0.09187761479770062,0.09228911140943327,10
HGNN,diagnostics,un,186,0.09208336310356695,0.00020574830586632476,0.09187761479770062,0.09228911140943327,10
HGNN,diagnostics,un,187,0.09208336310356695,0.00020574830586632476,0.09187761479770062,0.09228911140943327,10
HGNN,diagnostics,un,188,0.09208336310356695,0.00020574830586632476,0.09187761479770062,0.09228911140943327,10
HGNN,diagnostics,un,189,0.09208336310356695,0.00020574830586632476,0.09187761479770062,0.09228911140943327,10
HGNN,diagnostics,un,190,0.09208336310356695,0.00020574830586632476,0.09187761479770062,0.09228911140943327,10
HGNN,diagnostics,un,191,0.09208336310356695,0.00020574830586632476,0.09187761479770062,0.09228911140943327,10
HGNN,diagnostics,un,192,0.09208336310356695,0.00020574830586632476,0.09187761479770062,0.09228911140943327,10
HGNN,diagnostics,un,193,0.09208336310356695,0.00020574830586632476,0.09187761479770062,0.09228911140943327,10
HGNN,diagnostics,un,194,0.09208336310356695,0.00020574830586632476,0.09187761479770062,0.09228911140943327,10
HGNN,diagnostics,un,195,0.09208336310356695,0.00020574830586632476,0.09187761479770062,0.09228911140943327,10
HGNN,diagnostics,un,196,0.09208336310356695,0.00020574830586632476,0.09187761479770062,0.09228911140943327,10
HGNN,diagnostics,un,197,0.09208336310356695,0.00020574830586632476,0.09187761479770062,0.09228911140943327,10
HGNN,diagnostics,un,198,0.09208336310356695,0.00020574830586632758,0.09187761479770062,0.09228911140943327,10
HGNN,diagnostics,un,199,0.09208336310356695,0.00020574830586632758,0.09187761479770062,0.09228911140943327,10
HGNN,diagnostics,un,200,0.09208336310356695,0.00020574830586632758,0.09187761479770062,0.09228911140943327,10
HGNN,diagnostics,un,201,0.09208336310356695,0.00020574830586632758,0.09187761479770062,0.09228911140943327,10
HGNN,diagnostics,un,202,0.09208336310356695,0.00020574830586632758,0.09187761479770062,0.09228911140943327,10
HGNN,diagnostics,un,203,0.09208336310356695,0.00020574830586632758,0.09187761479770062,0.09228911140943327,10
HGNN,diagnostics,un,204,0.09208336310356695,0.00020574830586632758,0.09187761479770062,0.09228911140943327,10
HGNN,diagnostics,un,205,0.09208336310356695,0.00020574830586632758,0.09187761479770062,0.09228911140943327,10
HGNN,diagnostics,un,206,0.09208336310356695,0.00020574830586632758,0.09187761479770062,0.09228911140943327,10
HGNN,diagnostics,un,207,0.09208336310356695,0.00020574830586632758,0.09187761479770062,0.09228911140943327,10
HGNN,diagnostics,un,208,0.09208336310356695,0.00020574830586632758,0.09187761479770062,0.09228911140943327,10
HGNN,diagnostics,un,209,0.09208336310356695,0.00020574830586632758,0.09187761479770062,0.09228911140943327,10
HGNN,diagnostics,un,210,0.09208336310356695,0.00020574830586632758,0.09187761479770062,0.09228911140943327,10
HGNN,diagnostics,un,211,0.09208336310356695,0.00020574830586632758,0.09187761479770062,0.09228911140943327,10
HGNN,diagnostics,un,212,0.09208336310356695,0.00020574830586632758,0.09187761479770062,0.09228911140943327,10
HGNN,diagnostics,un,213,0.09208336310356695,0.00020574830586632758,0.09187761479770062,0.09228911140943327,10
HGNN,diagnostics,un,214,0.09208336310356695,0.00020574830586632758,0.09187761479770062,0.09228911140943327,10
HGNN,diagnostics,un,215,0.09208336310356695,0.00020574830586632758,0.09187761479770062,0.09228911140943327,10
HGNN,diagnostics,un,216,0.09208336310356695,0.00020574830586632758,0.09187761479770062,0.09228911140943327,10
HGNN,diagnostics,un,217,0.09208336310356695,0.00020574830586632758,0.09187761479770062,0.09228911140943327,10
HGNN,diagnostics,un,218,0.09208336310356695,0.00020574830586632758,0.09187761479770062,0.09228911140943327,10
HGNN,diagnostics,un,219,0.09208336310356695,0.00020574830586632758,0.09187761479770062,0.09228911140943327,10
HGNN,diagnostics,un,220,0.09208336310356695,0.00020574830586632758,0.09187761479770062,0.09228911140943327,10
HGNN,diagnostics,un,221,0.09208336310356695,0.00020574830586632758,0.09187761479770062,0.09228911140943327,10
HGNN,diagnostics,un,222,0.09208336310356695,0.00020574830586632758,0.09187761479770062,0.09228911140943327,10
HGNN,diagnostics,un,223,0.09208336310356695,0.00020574830586632758,0.09187761479770062,0.09228911140943327,10
HGNN,diagnostics,un,224,0.09208336310356695,0.00020574830586632758,0.09187761479770062,0.09228911140943327,10
HGNN,diagnostics,un,225,0.09208336310356695,0.00020574830586632758,0.09187761479770062,0.09228911140943327,10
HGNN,diagnostics,un,226,0.09208336310356695,0.00020574830586632758,0.09187761479770062,0.09228911140943327,10
HGNN,diagnostics,un,227,0.09208336310356695,0.00020574830586632758,0.09187761479770062,0.09228911140943327,10
HGNN,diagnostics,un,228,0.09208336310356695,0.00020574830586632758,0.09187761479770062,0.09228911140943327,10
HGNN,diagnostics,un,229,0.09208336310356695,0.00020574830586632758,0.09187761479770062,0.09228911140943327,10
HGNN,diagnostics,un,230,0.09208336310356695,0.00020574830586632758,0.09187761479770062,0.09228911140943327,10
HGNN,diagnostics,un,231,0.09208336310356695,0.00020574830586632758,0.09187761479770062,0.09228911140943327,10
HGNN,diagnostics,un,232,0.09208336310356695,0.00020574830586632758,0.09187761479770062,0.09228911140943327,10
HGNN,diagnostics,un,233,0.09208336310356695,0.00020574830586632758,0.09187761479770062,0.09228911140943327,10
HGNN,diagnostics,un,234,0.09208336310356695,0.00020574830586632758,0.09187761479770062,0.09228911140943327,10
HGNN,diagnostics,un,235,0.09208336310356695,0.00020574830586632758,0.09187761479770062,0.09228911140943327,10
HGNN,diagnostics,un,236,0.09208336310356695,0.00020574830586632758,0.09187761479770062,0.09228911140943327,10
HGNN,diagnostics,un,237,0.09208336310356695,0.00020574830586632758,0.09187761479770062,0.09228911140943327,10
HGNN,diagnostics,un,238,0.09208336310356695,0.00020574830586632758,0.09187761479770062,0.09228911140943327,10
HGNN,diagnostics,un,239,0.09208336310356695,0.00020574830586632758,0.09187761479770062,0.09228911140943327,10
HGNN,diagnostics,un,240,0.09208336310356695,0.00020574830586632758,0.09187761479770062,0.09228911140943327,10
HGNN,diagnostics,un,241,0.09208336310356695,0.00020574830586632758,0.09187761479770062,0.09228911140943327,10
HGNN,diagnostics,un,242,0.09208336310356695,0.00020574830586632758,0.09187761479770062,0.09228911140943327,10
HGNN,diagnostics,un,243,0.09208336310356695,0.00020574830586632758,0.09187761479770062,0.09228911140943327,10
HGNN,diagnostics,un,244,0.09208336310356695,0.00020574830586632758,0.09187761479770062,0.09228911140943327,10
HGNN,diagnostics,un,245,0.09208336310356695,0.00020574830586632758,0.09187761479770062,0.09228911140943327,10
HGNN,diagnostics,un,246,0.09208336310356695,0.00020574830586632758,0.09187761479770062,0.09228911140943327,10
HGNN,diagnostics,un,247,0.09208336310356695,0.00020574830586632758,0.09187761479770062,0.09228911140943327,10
HGNN,diagnostics,un,248,0.09208336310356695,0.00020574830586632758,0.09187761479770062,0.09228911140943327,10
HGNN,diagnostics,un,249,0.09208336310356695,0.00020574830586632758,0.09187761479770062,0.09228911140943327,10
HGNN,diagnostics,un,250,0.09208336310356695,0.00020574830586632758,0.09187761479770062,0.09228911140943327,10
HGNN,diagnostics,un,251,0.09208336310356695,0.00020574830586632758,0.09187761479770062,0.09228911140943327,10
HGNN,diagnostics,un,252,0.09208336310356695,0.00020574830586632758,0.09187761479770062,0.09228911140943327,10
HGNN,diagnostics,un,253,0.09208336310356695,0.00020574830586632758,0.09187761479770062,0.09228911140943327,10
HGNN,diagnostics,un,254,0.09208336310356695,0.00020574830586632758,0.09187761479770062,0.09228911140943327,10
HGNN,diagnostics,un,255,0.09208336310356695,0.00020574830586632758,0.09187761479770062,0.09228911140943327,10
HGNN,diagnostics,un,256,0.09208336310356695,0.00020574830586632758,0.09187761479770062,0.09228911140943327,10
HGNN,diagnostics,sym,0,1.0,0.0,1.0,1.0,10
HGNN,diagnostics,sym,1,0.7696827384960043,0.002917542855780413,0.7667651956402239,0.7726002813517847,10
HGNN,diagnostics,sym,2,0.5785396595316064,0.009311064169668556,0.5692285953619378,0.5878507237012749,10
HGNN,diagnostics,sym,3,0.3868578831741331,0.017839052869939084,0.369018830304194,0.4046969360440722,10
HGNN,diagnostics,sym,4,0.22003067945500399,0.018647369156729814,0.20138331029827417,0.2386780486117338,10
HGNN,diagnostics,sym,5,0.11580688581126422,0.013316456699386397,0.10249042911187782,0.1291233425106506,10
HGNN,diagnostics,sym,6,0.06203806943590132,0.008319100617389991,0.053718968818511334,0.07035717005329131,10
HGNN,diagnostics,sym,7,0.03493101181597726,0.005108432559963144,0.029822579256014118,0.040039444375940404,10
HGNN,diagnostics,sym,8,0.020527330605315856,0.003169132849558104,0.017358197755757754,0.02369646345487396,10
HGNN,diagnostics,sym,9,0.012408090414759983,0.0019855308657412045,0.01042255954901878,0.014393621280501187,10
HGNN,diagnostics,sym,10,0.007632536865721076,0.001251735336902727,0.006380801528818349,0.008884272202623804,10
HGNN,diagnostics,sym,11,0.0047480269455886836,0.0007923725542223491,0.003955654391366335,0.0055403994998110325,10
HGNN,diagnostics,sym,12,0.002976900054828255,0.0005032294882395828,0.002473670566588672,0.003480129543067838,10
HGNN,diagnostics,sym,13,0.001877607742188202,0.00032055969248951776,0.0015570480496986843,0.00219816743467772,10
HGNN,diagnostics,sym,14,0.0011899929085806772,0.00020479313401059867,0.0009851997745700786,0.0013947860425912758,10
HGNN,diagnostics,sym,15,0.0007572774456246267,0.00013120302668250122,0.0006260744189421255,0.000888480472307128,10
HGNN,diagnostics,sym,16,0.00048360965978157765,8.428207030479957e-05,0.0003993275894767781,0.0005678917300863773,10
HGNN,diagnostics,sym,17,0.0003097936383531105,5.427680363608441e-05,0.0002555168347170261,0.0003640704419891949,10
HGNN,diagnostics,sym,18,0.00019898893583924506,3.5034540116461644e-05,0.0001639543957227834,0.0002340234759557067,10
HGNN,diagnostics,sym,19,0.00012812379953959383,2.2661772416659058e-05,0.00010546202712293477,0.00015078557195625288,10
HGNN,diagnostics,sym,20,8.267225114841023e-05,1.4686567634396692e-05,6.798568351401353e-05,9.735881878280692e-05,10
HGNN,diagnostics,sym,21,5.3446478891572756e-05,9.534409487888383e-06,4.3912069403684374e-05,6.298088837946114e-05,10
HGNN,diagnostics,sym,22,3.4611567088978015e-05,6.199238866921658e-06,2.8412328222056357e-05,4.081080595589967e-05,10
HGNN,diagnostics,sym,23,2.2448680918164744e-05,4.036311312861558e-06,1.8412369605303187e-05,2.64849922310263e-05,10
HGNN,diagnostics,sym,24,1.4580144152882796e-05,2.63129763387141e-06,1.1948846519011386e-05,1.7211441786754205e-05,10
HGNN,diagnostics,sym,25,9.4814842035256e-06,1.7172680184602744e-06,7.764216185065326e-06,1.1198752221985874e-05,10
HGNN,diagnostics,sym,26,6.172816002083926e-06,1.1218601404229679e-06,5.050955861660959e-06,7.294676142506894e-06,10
HGNN,diagnostics,sym,27,4.022885947286691e-06,7.335455725550735e-07,3.2893403747316176e-06,4.756431519841765e-06,10
HGNN,diagnostics,sym,28,2.6242152038961185e-06,4.800244783896675e-07,2.144190725506451e-06,3.104239682285786e-06,10
HGNN,diagnostics,sym,29,1.7132977431290177e-06,3.143490435051022e-07,1.3989486996239156e-06,2.0276467866341197e-06,10
HGNN,diagnostics,sym,30,1.1194533969812394e-06,2.0598798012519495e-07,9.134654168560445e-07,1.3254413771064343e-06,10
HGNN,diagnostics,sym,31,7.319650955513848e-07,1.3505932578679274e-07,5.969057697645921e-07,8.670244213381776e-07,10
HGNN,diagnostics,sym,32,4.789169017346826e-07,8.860032302757076e-08,3.9031657870711183e-07,5.675172247622533e-07,10
HGNN,diagnostics,sym,33,3.1353943050514645e-07,5.8150285592147905e-08,2.5538914491299853e-07,3.716897160972944e-07,10
HGNN,diagnostics,sym,34,2.0538340428946236e-07,3.818162528289724e-08,1.6720177900656512e-07,2.435650295723596e-07,10
HGNN,diagnostics,sym,35,1.3460482631909958e-07,2.507987105940003e-08,1.0952495525969955e-07,1.5968469737849961e-07,10
HGNN,diagnostics,sym,36,8.825933668696152e-08,1.6479677525678112e-08,7.17796591612834e-08,1.0473901421263963e-07,10
HGNN,diagnostics,sym,37,5.78961393554438e-08,1.0832045885902189e-08,4.7064093469541614e-08,6.872818524134599e-08,10
HGNN,diagnostics,sym,38,3.7993824544472745e-08,7.1219342934386484e-09,3.0871890251034094e-08,4.5115758837911396e-08,10
HGNN,diagnostics,sym,39,2.4942366232652207e-08,4.6838150780307965e-09,2.025855115462141e-08,2.9626181310683004e-08,10
HGNN,diagnostics,sym,40,1.6379905505236258e-08,3.081098572107559e-09,1.32988069331287e-08,1.946100407734382e-08,10
HGNN,diagnostics,sym,41,1.0760268207585193e-08,2.0272453382428235e-09,8.733022869342369e-09,1.2787513545828017e-08,10
HGNN,diagnostics,sym,42,7.070701867725436e-09,1.3341159999299859e-09,5.73658586779545e-09,8.404817867655421e-09,10
HGNN,diagnostics,sym,43,4.647509152335746e-09,8.781322904375484e-10,3.769376861898197e-09,5.525641442773294e-09,10
HGNN,diagnostics,sym,44,3.0555373254238986e-09,5.780941869065291e-10,2.4774431385173693e-09,3.633631512330428e-09,10
HGNN,diagnostics,sym,45,2.0093543483232458e-09,3.8063036298077854e-10,1.6287239853424673e-09,2.3899847113040243e-09,10
HGNN,diagnostics,sym,46,1.3216597618699193e-09,2.5065067204670224e-10,1.071009089823217e-09,1.5723104339166216e-09,10
HGNN,diagnostics,sym,47,8.695011632651467e-10,1.6507826474077097e-10,7.044228985243758e-10,1.0345794280059177e-09,10
HGNN,diagnostics,sym,48,5.721392035399652e-10,1.08733136263083e-10,4.6340606727688226e-10,6.808723398030482e-10,10
HGNN,diagnostics,sym,49,3.765376759536917e-10,7.162766063064284e-11,3.0491001532304887e-10,4.481653365843345e-10,10
HGNN,diagnostics,sym,50,2.4784772920682266e-10,4.718920475101571e-11,2.0065852445580695e-10,2.950369339578384e-10,10
HGNN,diagnostics,sym,51,1.6316470156304347e-10,3.1091675728758705e-11,1.3207302583428477e-10,1.9425637729180216e-10,10
HGNN,diagnostics,sym,52,1.0743049837730428e-10,2.0487172451432266e-11,8.694332592587202e-11,1.2791767082873656e-10,10
HGNN,diagnostics,sym,53,7.074321205989593e-11,1.3500611946782737e-11,5.724260011311319e-11,8.424382400667866e-11,10
HGNN,diagnostics,sym,54,4.659011362626059e-11,8.89724981217426e-12,3.769286381408633e-11,5.5487363438434854e-11,10
HGNN,diagnostics,sym,55,3.068674821011377e-11,5.863900578952761e-12,2.4822847631161012e-11,3.655064878906653e-11,10
HGNN,diagnostics,sym,56,2.02140175513682e-11,3.8649482385129834e-12,1.6349069312855217e-11,2.4078965789881184e-11,10
HGNN,diagnostics,sym,57,1.3316677612349046e-11,2.5475634273038095e-12,1.0769114185045236e-11,1.5864241039652857e-11,10
HGNN,diagnostics,sym,58,8.773596397406143e-12,1.6793016153722434e-12,7.0942947820339e-12,1.0452898012778387e-11,10
HGNN,diagnostics,sym,59,5.780896440915679e-12,1.1070138923215612e-12,4.673882548594118e-12,6.88791033323724e-12,10
HGNN,diagnostics,sym,60,3.809306757672699e-12,7.297876810489874e-13,3.079519076623712e-12,4.539094438721687e-12,10
HGNN,diagnostics,sym,61,2.5103111597517747e-12,4.811246739571341e-13,2.0291864857946405e-12,2.991435833708909e-12,10
HGNN,diagnostics,sym,62,1.6543897065447372e-12,3.1720136240880635e-13,1.337188344135931e-12,1.9715910689535435e-12,10
HGNN,diagnostics,sym,63,1.0903720049297015e-12,2.0913539638772955e-13,8.812366085419719e-13,1.299507401317431e-12,10
HGNN,diagnostics,sym,64,7.18681193106929e-13,1.3789038964166732e-13,5.807908034652617e-13,8.565715827485963e-13,10
HGNN,diagnostics,sym,65,4.737190184115938e-13,9.091873122069863e-14,3.828002871908952e-13,5.646377496322925e-13,10
HGNN,diagnostics,sym,66,3.1226742249226406e-13,5.994937852835805e-14,2.52318043963906e-13,3.722168010206221e-13,10
HGNN,diagnostics,sym,67,2.058506934181272e-13,3.953002307437057e-14,1.6632067034375664e-13,2.4538071649249776e-13,10
HGNN,diagnostics,sym,68,1.3570516481272068e-13,2.606631833513198e-14,1.0963884647758869e-13,1.6177148314785265e-13,10
HGNN,diagnostics,sym,69,8.946589182318699e-14,1.7188651616417597e-14,7.227724020676939e-14,1.0665454343960459e-13,10
HGNN,diagnostics,sym,70,5.89840342161883e-14,1.1334770001807555e-14,4.764926421438075e-14,7.031880421799585e-14,10
HGNN,diagnostics,sym,71,3.888894648601566e-14,7.474665407703095e-15,3.1414281078312565e-14,4.636361189371875e-14,10
HGNN,diagnostics,sym,72,2.5640799405274788e-14,4.9292216344629906e-15,2.0711577770811797e-14,3.057002103973778e-14,10
HGNN,diagnostics,sym,73,1.690634184671377e-14,3.2506628391881727e-15,1.3655679007525598e-14,2.0157004685901944e-14,10
HGNN,diagnostics,sym,74,1.1147552523486248e-14,2.1437393866106857e-15,9.003813136875563e-15,1.3291291910096934e-14,10
HGNN,diagnostics,sym,75,7.350558914477903e-15,1.413767698882178e-15,5.936791215595725e-15,8.764326613360081e-15,10
HGNN,diagnostics,sym,76,4.846981599713922e-15,9.323730059383712e-16,3.914608593775551e-15,5.7793546056522936e-15,10
HGNN,diagnostics,sym,77,3.196184389220998e-15,6.149028289736872e-16,2.5812815602473108e-15,3.811087218194685e-15,10
HGNN,diagnostics,sym,78,2.1076624262742395e-15,4.055347537527684e-16,1.7021276725214712e-15,2.513197180027008e-15,10
HGNN,diagnostics,sym,79,1.389883588205546e-15,2.674570843895368e-16,1.1224265038160091e-15,1.6573406725950827e-15,10
HGNN,diagnostics,sym,80,9.16565201393248e-16,1.7639417966879288e-16,7.40171021724455e-16,1.0929593810620409e-15,10
HGNN,diagnostics,sym,81,6.044429642688254e-16,1.1633709503662478e-16,4.881058692322006e-16,7.207800593054502e-16,10
HGNN,diagnostics,sym,82,3.986151597402461e-16,7.672832576290796e-17,3.2188683397733814e-16,4.75343485503154e-16,10
HGNN,diagnostics,sym,83,2.628804881047467e-16,5.060535953427432e-17,2.1227512857047238e-16,3.13485847639021e-16,10
HGNN,diagnostics,sym,84,1.7336783166767302e-16,3.337646641772044e-17,1.3999136524995258e-16,2.0674429808539346e-16,10
HGNN,diagnostics,sym,85,1.1433623954032171e-16,2.2013394935583086e-17,9.232284460473863e-17,1.363496344759048e-16,10
HGNN,diagnostics,sym,86,7.540569378437458e-17,1.4518987070569302e-17,6.088670671380528e-17,8.992468085494388e-17,10
HGNN,diagnostics,sym,87,4.9731193041375916e-17,9.576086192523546e-18,4.015510684885237e-17,5.930727923389946e-17,10
HGNN,diagnostics,sym,88,3.279878803954482e-17,6.315998718256642e-18,2.6482789321288178e-17,3.911478675780146e-17,10
HGNN,diagnostics,sym,89,2.163169724488288e-17,4.165797124191134e-18,1.7465900120691745e-17,2.5797494369074012e-17,10
HGNN,diagnostics,sym,90,1.42668140104993e-17,2.747616676040425e-18,1.1519197334458873e-17,1.7014430686539725e-17,10
HGNN,diagnostics,sym,91,9.409504397322076e-18,1.812241102947182e-18,7.597263294374894e-18,1.1221745500269258e-17,10
HGNN,diagnostics,sym,92,6.205969065572561e-18,1.1953015526558645e-18,5.010667512916696e-18,7.401270618228426e-18,10
HGNN,diagnostics,sym,93,4.0931282063305106e-18,7.88388979917097e-19,3.3047392264134136e-18,4.8815171862476076e-18,10
HGNN,diagnostics,sym,94,2.6996270298415863e-18,5.200020427504875e-19,2.1796249870910987e-18,3.219629072592074e-18,10
HGNN,diagnostics,sym,95,1.7805520532586066e-18,3.429816556418683e-19,1.4375703976167382e-18,2.1235337089004747e-18,10
HGNN,diagnostics,sym,96,1.1743779546280626e-18,2.2622363525743896e-19,9.481543193706237e-19,1.4006015898855016e-18,10
HGNN,diagnostics,sym,97,7.745745960531797e-19,1.4921284646219516e-19,6.253617495909845e-19,9.23787442515375e-19,10
HGNN,diagnostics,sym,98,5.108819970439016e-19,9.841822401423714e-20,4.1246377302966447e-19,6.093002210581388e-19,10
HGNN,diagnostics,sym,99,3.3696112229097344e-19,6.491511418677555e-20,2.720460081041979e-19,4.0187623647774897e-19,10
HGNN,diagnostics,sym,100,2.2224945719348244e-19,4.28170803735918e-20,1.7943237681989062e-19,2.6506653756707425e-19,10
HGNN,diagnostics,sym,101,1.4658961843336711e-19,2.824158909976473e-20,1.1834802933360238e-19,1.7483120753313185e-19,10
HGNN,diagnostics,sym,102,9.668680273077029e-20,1.862781878133859e-20,7.80589839494317e-20,1.1531462151210889e-19,10
HGNN,diagnostics,sym,103,6.377236991033042e-20,1.2286710167172575e-20,5.148565974315785e-20,7.605908007750299e-20,10
HGNN,diagnostics,sym,104,4.206289787378427e-20,8.104195427787776e-21,3.3958702445996494e-20,5.0167093301572045e-20,10
HGNN,diagnostics,sym,105,2.7743867638324495e-20,5.345456893678177e-21,2.239841074464632e-20,3.308932453200267e-20,10
HGNN,diagnostics,sym,106,1.8299360749784877e-20,3.525821714169098e-21,1.4773539035615778e-20,2.1825182463953976e-20,10
HGNN,diagnostics,sym,107,1.2069960588615382e-20,2.3256074608790904e-21,9.744353127736292e-21,1.4395568049494472e-20,10
HGNN,diagnostics,sym,108,7.961166936132504e-21,1.5339563030044577e-21,6.427210633128047e-21,9.495123239136962e-21,10
HGNN,diagnostics,sym,109,5.2510782073215396e-21,1.0117891107333326e-21,4.239289096588207e-21,6.262867318054872e-21,10
HGNN,diagnostics,sym,110,3.463546810228254e-21,6.673712351198161e-22,2.7961755751084376e-21,4.13091804534807e-21,10
HGNN,diagnostics,sym,111,2.2845170199429266e-21,4.401952794866682e-22,1.8443217404562583e-21,2.724712299429595e-21,10
HGNN,diagnostics,sym,112,1.5068444970406103e-21,2.9035120624263963e-22,1.2164932907979707e-21,1.79719570328325e-21,10
HGNN,diagnostics,sym,113,9.939009989643373e-22,1.9151474894742126e-22,8.02386250016916e-22,1.1854157479117584e-21,10
HGNN,diagnostics,sym,114,6.55569021431127e-22,1.2632262919065247e-22,5.292463922404745e-22,7.818916506217795e-22,10
HGNN,diagnostics,sym,115,4.324085520343495e-22,8.332212907709532e-23,3.4908642295725415e-22,5.157306811114448e-22,10
HGNN,diagnostics,sym,116,2.852138786313858e-22,5.49591393032555e-23,2.302547393281303e-22,3.401730179346413e-22,10
HGNN,diagnostics,sym,117,1.8812543428435074e-22,3.6250969894446877e-23,1.5187446438990387e-22,2.243764041787976e-22,10
HGNN,diagnostics,sym,118,1.2408658374515871e-22,2.3911105842924346e-23,1.0017547790223437e-22,1.4799768958808305e-22,10
HGNN,diagnostics,sym,119,8.184695956775884e-23,1.5771744756954334e-23,6.607521481080451e-23,9.761870432471317e-23,10
HGNN,diagnostics,sym,120,5.398594017218524e-23,1.0403036798598593e-23,4.358290337358664e-23,6.438897697078383e-23,10
HGNN,diagnostics,sym,121,3.5608948912778094e-23,6.86184118464183e-24,2.8747107728136264e-23,4.247079009741992e-23,10
HGNN,diagnostics,sym,122,2.348756251954741e-23,4.526069678359753e-24,1.8961492841187656e-23,2.8013632197907166e-23,10
HGNN,diagnostics,sym,123,1.5492340923442705e-23,2.9853970341244264e-24,1.2506943889318278e-23,1.847773795756713e-23,10
HGNN,diagnostics,sym,124,1.0218717942607038e-23,1.969169271026173e-24,8.249548671580865e-24,1.218788721363321e-23,10
HGNN,diagnostics,sym,125,6.740250333149472e-24,1.2988653218216854e-24,5.441385011327787e-24,8.039115654971158e-24,10
HGNN,diagnostics,sym,126,4.44586185213e-24,8.567329419333018e-25,3.589128910196699e-24,5.3025947940633015e-24,10
HGNN,diagnostics,sym,127,2.9324867345183762e-24,5.6510069716184085e-25,2.3673860373565354e-24,3.497587431680217e-24,10
HGNN,diagnostics,sym,128,1.9342670459400248e-24,3.7274062133237114e-25,1.5615264246076536e-24,2.307007667272396e-24,10
HGNN,diagnostics,sym,129,1.2758419481598938e-24,2.4586016018044284e-25,1.0299817879794509e-24,1.5217021083403368e-24,10
HGNN,diagnostics,sym,130,8.41545557494981e-25,1.621692651260008e-25,6.793762923689801e-25,1.0037148226209817e-24,10
HGNN,diagnostics,sym,131,5.550834089862266e-25,1.0696719374994095e-25,4.481162152362856e-25,6.6205060273616755e-25,10
HGNN,diagnostics,sym,132,3.6613301081383393e-25,7.055555449714562e-26,2.9557745631668833e-25,4.366885653109795e-25,10
HGNN,diagnostics,sym,133,2.415015185685369e-25,4.6538396518321023e-26,1.9496312205021587e-25,2.880399150868579e-25,10
HGNN,diagnostics,sym,134,1.5929452441049051e-25,3.069684048585117e-26,1.2859768392463934e-25,1.899913648963417e-25,10
HGNN,diagnostics,sym,135,1.0507087332079974e-25,2.024759981112691e-26,8.482327350967283e-26,1.2531847313192665e-25,10
HGNN,diagnostics,sym,136,6.93049247338287e-26,1.3355108115782506e-26,5.59498166180462e-26,8.26600328496112e-26,10
HGNN,diagnostics,sym,137,4.5713599631731025e-26,8.80907655109852e-27,3.690452308063251e-26,5.452267618282955e-26,10
HGNN,diagnostics,sym,138,3.015273687024208e-26,5.81038458185316e-27,2.4342352288388918e-26,3.5963121452095236e-26,10
HGNN,diagnostics,sym,139,1.9888800139984334e-26,3.832468461160456e-27,1.605633167882388e-26,2.372126860114479e-26,10
HGNN,diagnostics,sym,140,1.311874804335474e-26,2.5278360292258556e-27,1.0590912014128885e-26,1.5646584072580598e-26,10
HGNN,diagnostics,sym,141,8.653206405043415e-27,1.6673313051391288e-27,6.985875099904286e-27,1.0320537710182543e-26,10
HGNN,diagnostics,sym,142,5.707693527777555e-27,1.099704464678799e-27,4.607989063098756e-27,6.807397992456353e-27,10
HGNN,diagnostics,sym,143,3.764809794254257e-27,7.253308457743621e-28,3.039478948479895e-27,4.4901406400286195e-27,10
HGNN,diagnostics,sym,144,2.4833105316712275e-27,4.784077825972088e-28,2.004902749074019e-27,2.9617183142684362e-27,10
HGNN,diagnostics,sym,145,1.6380414508395002e-27,3.155604359918226e-28,1.3224810148476776e-27,1.9536018868313226e-27,10
HGNN,diagnostics,sym,146,1.0805146228889061e-27,2.0813495505191924e-28,8.723796678369868e-28,1.2886495779408254e-27,10
HGNN,diagnostics,sym,147,7.12782383772417e-28,1.3728671458355479e-28,5.754956691888622e-28,8.500690983559717e-28,10
HGNN,diagnostics,sym,148,4.7021913304249255e-28,9.05493618053529e-29,3.7966977123713964e-28,5.6076849484784545e-28,10
HGNN,diagnostics,sym,149,3.1024876978658585e-28,5.971733979345212e-29,2.5053142999313373e-28,3.6996610958003796e-28,10
HGNN,diagnostics,sym,150,2.047337304730346e-28,3.93750257219111e-29,1.6535870475112349e-28,2.441087561949457e-28,10
HGNN,diagnostics,sym,151,1.3514267438220246e-28,2.5967660701866867e-29,1.091750136803356e-28,1.6111033508406933e-28,10
HGNN,diagnostics,sym,152,8.926337930735319e-29,1.7125230287452605e-29,7.213814901990058e-29,1.063886095948058e-28,10
HGNN,diagnostics,sym,153,5.900024095759809e-29,1.1293491925600307e-29,4.770674903199779e-29,7.02937328831984e-29,10
HGNN,diagnostics,sym,154,3.904653594371331e-29,7.455327166811267e-30,3.1591208776902045e-29,4.6501863110524576e-29,10
HGNN,diagnostics,sym,155,2.5900000549907733e-29,4.925311431393161e-30,2.0974689118514573e-29,3.0825311981300893e-29,10
HGNN,diagnostics,sym,156,1.7229692748965096e-29,3.2450225043704455e-30,1.3984670244594652e-29,2.047471525333554e-29,10
HGNN,diagnostics,sym,157,1.1529149668074882e-29,2.1397528956262588e-30,9.389396772448623e-30,1.366890256370114e-29,10
HGNN,diagnostics,sym,158,7.783738605539906e-30,1.4241206117739087e-30,6.359617993765996e-30,9.207859217313815e-30,10
HGNN,diagnostics,sym,159,5.306050105396689e-30,9.483548264204974e-31,4.357695278976192e-30,6.254404931817187e-30,10
HGNN,diagnostics,sym,160,3.6815398944544235e-30,6.506220386702517e-31,3.030917855784172e-30,4.3321619331246755e-30,10
HGNN,diagnostics,sym,161,2.610155698960826e-30,4.448988432615196e-31,2.1652568556993063e-30,3.0550545422223458e-30,10
HGNN,diagnostics,sym,162,1.9026144894715398e-30,3.141372412056944e-31,1.5884772482658454e-30,2.2167517306772343e-30,10
HGNN,diagnostics,sym,163,1.4194798038482373e-30,2.197160107962413e-31,1.199763793051996e-30,1.6391958146444787e-30,10
HGNN,diagnostics,sym,164,1.1122297942487294e-30,1.719767132057533e-31,9.40253081042976e-31,1.2842065074544827e-30,10
HGNN,diagnostics,sym,165,8.98852221760999e-31,1.3832637960338402e-31,7.605258421576149e-31,1.0371786013643829e-30,10
HGNN,diagnostics,sym,166,7.599771737529377e-31,1.236973818714572e-31,6.362797918814806e-31,8.836745556243949e-31,10
HGNN,diagnostics,sym,167,6.602321601510744e-31,1.1945135818209205e-31,5.407808019689824e-31,7.796835183331664e-31,10
HGNN,diagnostics,sym,168,5.988190966763142e-31,1.1585484536850384e-31,4.829642513078104e-31,7.146739420448181e-31,10
HGNN,diagnostics,sym,169,5.569384685609982e-31,1.137516694422611e-31,4.431867991187371e-31,6.706901380032594e-31,10
HGNN,diagnostics,sym,170,5.281309102800323e-31,1.1264127567813832e-31,4.1548963460189396e-31,6.407721859581706e-31,10
HGNN,diagnostics,sym,171,5.142957377563965e-31,1.0747325001377608e-31,4.068224877426205e-31,6.217689877701726e-31,10
HGNN,diagnostics,sym,172,5.151536524547002e-31,1.1447158233369537e-31,4.006820701210048e-31,6.296252347883955e-31,10
HGNN,diagnostics,sym,173,5.077013448228268e-31,1.1338565349183522e-31,3.943156913309916e-31,6.21086998314662e-31,10
HGNN,diagnostics,sym,174,5.059114699985648e-31,1.1406830262405644e-31,3.918431673745083e-31,6.199797726226212e-31,10
HGNN,diagnostics,sym,175,5.007708485563995e-31,1.1480412547789223e-31,3.859667230785073e-31,6.155749740342917e-31,10
HGNN,diagnostics,sym,176,5.034709719616956e-31,1.1913820273711256e-31,3.843327692245831e-31,6.226091746988082e-31,10
HGNN,diagnostics,sym,177,5.004890977339259e-31,1.18019718377134e-31,3.8246937935679188e-31,6.1850881611105985e-31,10
HGNN,diagnostics,sym,178,4.970667871733412e-31,1.1605064524873665e-31,3.8101614192460454e-31,6.131174324220778e-31,10
HGNN,diagnostics,sym,179,4.961195310339237e-31,1.1584628700816835e-31,3.802732440257554e-31,6.119658180420921e-31,10
HGNN,diagnostics,sym,180,4.956571388210465e-31,1.157271243610177e-31,3.799300144600288e-31,6.113842631820642e-31,10
HGNN,diagnostics,sym,181,4.955972581527246e-31,1.1585450493010363e-31,3.7974275322262098e-31,6.114517630828282e-31,10
HGNN,diagnostics,sym,182,4.955838669133037e-31,1.1618009436998523e-31,3.794037725433185e-31,6.11763961283289e-31,10
HGNN,diagnostics,sym,183,4.95454652160135e-31,1.1623536488390383e-31,3.7921928727623117e-31,6.116900170440389e-31,10
HGNN,diagnostics,sym,184,4.956024057057887e-31,1.16519394916487e-31,3.790830107893017e-31,6.121218006222757e-31,10
HGNN,diagnostics,sym,185,4.956800362083416e-31,1.1664087953732009e-31,3.7903915667102157e-31,6.123209157456617e-31,10
HGNN,diagnostics,sym,186,4.956779003002671e-31,1.1665844535827044e-31,3.7901945494199666e-31,6.123363456585375e-31,10
HGNN,diagnostics,sym,187,4.957395009962024e-31,1.1676527274302213e-31,3.7897422825318026e-31,6.1250477373922455e-31,10
HGNN,diagnostics,sym,188,4.957486734624252e-31,1.168139444518353e-31,3.789347290105899e-31,6.125626179142606e-31,10
HGNN,diagnostics,sym,189,4.958931282855026e-31,1.1669078107642304e-31,3.7920234720907954e-31,6.125839093619257e-31,10
HGNN,diagnostics,sym,190,4.957955521701146e-31,1.1652310889873374e-31,3.7927244327138085e-31,6.123186610688483e-31,10
HGNN,diagnostics,sym,191,4.956792480159517e-31,1.1637762319363555e-31,3.793016248223161e-31,6.1205687120958725e-31,10
HGNN,diagnostics,sym,192,4.955226047831309e-31,1.1631233444526883e-31,3.792102703378621e-31,6.118349392283998e-31,10
HGNN,diagnostics,sym,193,4.95499560776552e-31,1.1628026716020393e-31,3.792192936163481e-31,6.117798279367559e-31,10
HGNN,diagnostics,sym,194,4.954631616223092e-31,1.1624978007640358e-31,3.7921338154590562e-31,6.1171294169871275e-31,10
HGNN,diagnostics,sym,195,4.955657193456248e-31,1.162131811718291e-31,3.793525381737957e-31,6.117789005174539e-31,10
HGNN,diagnostics,sym,196,4.952592582963835e-31,1.162280266157795e-31,3.79031231680604e-31,6.11487284912163e-31,10
HGNN,diagnostics,sym,197,4.947621928257943e-31,1.1629086366387395e-31,3.7847132916192035e-31,6.110530564896682e-31,10
HGNN,diagnostics,sym,198,4.941978838808967e-31,1.1639286807129132e-31,3.778050158096054e-31,6.105907519521881e-31,10
HGNN,diagnostics,sym,199,4.936850254205272e-31,1.165081818649756e-31,3.7717684355555164e-31,6.101932072855028e-31,10
HGNN,diagnostics,sym,200,4.933239595110004e-31,1.1659773652535594e-31,3.767262229856445e-31,6.099216960363564e-31,10
HGNN,diagnostics,sym,201,4.93206553676479e-31,1.1662598431161694e-31,3.76580569364862e-31,6.098325379880959e-31,10
HGNN,diagnostics,sym,202,4.931876350196788e-31,1.1662746366820055e-31,3.7656017135147827e-31,6.098150986878793e-31,10
HGNN,diagnostics,sym,203,4.931896260005092e-31,1.1662307942986586e-31,3.765665465706433e-31,6.098127054303751e-31,10
HGNN,diagnostics,sym,204,4.931854556906189e-31,1.1662424104466924e-31,3.7656121464594967e-31,6.0980969673528815e-31,10
HGNN,diagnostics,sym,205,4.931879165585677e-31,1.1662311469592197e-31,3.7656480186264577e-31,6.098110312544897e-31,10
HGNN,diagnostics,sym,206,4.931915408607924e-31,1.1662175276813027e-31,3.7656978809266216e-31,6.098132936289227e-31,10
HGNN,diagnostics,sym,207,4.931906275128644e-31,1.1662271774815467e-31,3.7656790976470977e-31,6.098133452610191e-31,10
HGNN,diagnostics,sym,208,4.931909235581133e-31,1.1662373274576375e-31,3.7656719081234954e-31,6.098146563038771e-31,10
HGNN,diagnostics,sym,209,4.9319191091056275e-31,1.1662342307779206e-31,3.7656848783277066e-31,6.098153339883548e-31,10
HGNN,diagnostics,sym,210,4.931909075413213e-31,1.16624092523362e-31,3.765668150179593e-31,6.098150000646833e-31,10
HGNN,diagnostics,sym,211,4.93189109459965e-31,1.1662294056326578e-31,3.765661688966992e-31,6.098120500232308e-31,10
HGNN,diagnostics,sym,212,4.931869828334973e-31,1.1662363385038201e-31,3.765633489831153e-31,6.098106166838793e-31,10
HGNN,diagnostics,sym,213,4.931868995309969e-31,1.166233664360253e-31,3.7656353309497163e-31,6.098102659670222e-31,10
HGNN,diagnostics,sym,214,4.931878295175678e-31,1.1662250613080767e-31,3.765653233867601e-31,6.098103356483754e-31,10
HGNN,diagnostics,sym,215,4.93188031567493e-31,1.1662199929387144e-31,3.7656603227362155e-31,6.098100308613645e-31,10
HGNN,diagnostics,sym,216,4.931882687807109e-31,1.166215075324739e-31,3.7656676124823695e-31,6.098097763131848e-31,10
HGNN,diagnostics,sym,217,4.931884649370356e-31,1.1662116933503772e-31,3.7656729560199788e-31,6.098096342720733e-31,10
HGNN,diagnostics,sym,218,4.931884267691561e-31,1.166212199892807e-31,3.765672067798754e-31,6.098096467584367e-31,10
HGNN,diagnostics,sym,219,4.931888496809311e-31,1.1662054744890063e-31,3.7656830223203043e-31,6.098093971298317e-31,10
HGNN,diagnostics,sym,220,4.931888755930921e-31,1.1662050370001372e-31,3.7656837189307837e-31,6.098093792931058e-31,10
HGNN,diagnostics,sym,221,4.931894092325346e-31,1.1661966395748856e-31,3.76569745275046e-31,6.098090731900231e-31,10
HGNN,diagnostics,sym,222,4.931899801312039e-31,1.1661876738453986e-31,3.7657121274666407e-31,6.098087475157437e-31,10
HGNN,diagnostics,sym,223,4.931900353560858e-31,1.1661868076270597e-31,3.7657135459337984e-31,6.098087161187918e-31,10
HGNN,diagnostics,sym,224,4.9319002518459345e-31,1.1661869671697274e-31,3.765713284676207e-31,6.098087219015662e-31,10
HGNN,diagnostics,sym,225,4.931898681298567e-31,1.1661894306251706e-31,3.7657092506733966e-31,6.0980881119237374e-31,10
HGNN,diagnostics,sym,226,4.9319007081264366e-31,1.1661862514816734e-31,3.765714456644763e-31,6.09808695960811e-31,10
HGNN,diagnostics,sym,227,4.931907474180118e-31,1.1661756389052004e-31,3.765731835274917e-31,6.098083113085318e-31,10
HGNN,diagnostics,sym,228,4.931900568483914e-31,1.1661864705145242e-31,3.7657140979693905e-31,6.098087038998438e-31,10
HGNN,diagnostics,sym,229,4.931912398446636e-31,1.1661679153637784e-31,3.7657444830828573e-31,6.098080313810415e-31,10
HGNN,diagnostics,sym,230,4.931906780564796e-31,1.1661767268293968e-31,3.765730053735399e-31,6.098083507394193e-31,10
HGNN,diagnostics,sym,231,4.931907897704965e-31,1.166174974614988e-31,3.7657329230899773e-31,6.098082872319953e-31,10
HGNN,diagnostics,sym,232,4.931909175750097e-31,1.1661729700339136e-31,3.7657362057161835e-31,6.098082145784011e-31,10
HGNN,diagnostics,sym,233,4.9319039411668645e-31,1.1661811804106703e-31,3.7657227607561943e-31,6.098085121577535e-31,10
HGNN,diagnostics,sym,234,4.931903030329845e-31,1.1661826090649666e-31,3.765720421264878e-31,6.098085639394811e-31,10
HGNN,diagnostics,sym,235,4.931900693759922e-31,1.1661862740159115e-31,3.7657144197440103e-31,6.098086967775833e-31,10
HGNN,diagnostics,sym,236,4.931890295851368e-31,1.1662025837460613e-31,3.7656877121053066e-31,6.098092879597429e-31,10
HGNN,diagnostics,sym,237,4.931874281784957e-31,1.1662277041168247e-31,3.765646577668132e-31,6.098101985901782e-31,10
HGNN,diagnostics,sym,238,4.931869655192618e-31,1.1662349619022658e-31,3.7656346932903526e-31,6.098104617094885e-31,10
HGNN,diagnostics,sym,239,4.9318254586219925e-31,1.1663043005148404e-31,3.765521158107152e-31,6.0981297591368325e-31,10
HGNN,diagnostics,sym,240,4.93176775522907e-31,1.166394848558756e-31,3.765372906670314e-31,6.0981626037878255e-31,10
HGNN,diagnostics,sym,241,4.931716754677165e-31,1.166474896430716e-31,3.765241858246449e-31,6.09819165110788e-31,10
HGNN,diagnostics,sym,242,4.931675830223886e-31,1.1665391415231059e-31,3.76513668870078e-31,6.098214971746991e-31,10
HGNN,diagnostics,sym,243,4.9316650363741925e-31,1.1665560880087176e-31,3.765108948365475e-31,6.09822112438291e-31,10
HGNN,diagnostics,sym,244,4.931662920473934e-31,1.1665594100881e-31,3.7651035103858337e-31,6.0982223305620335e-31,10
HGNN,diagnostics,sym,245,4.931662368225115e-31,1.166560277153773e-31,3.765102091071342e-31,6.098222645378888e-31,10
HGNN,diagnostics,sym,246,4.931662180885766e-31,1.1665605712888817e-31,3.7651016095968842e-31,6.098222752174647e-31,10
HGNN,diagnostics,sym,247,4.931662157899342e-31,1.1665606073790946e-31,3.7651015505202473e-31,6.098222765278437e-31,10
HGNN,diagnostics,sym,248,4.931662142958166e-31,1.166560630837735e-31,3.7651015121204313e-31,6.098222773795901e-31,10
HGNN,diagnostics,sym,249,4.931662128591652e-31,1.166560653394121e-31,3.7651014751975314e-31,6.0982227819857735e-31,10
HGNN,diagnostics,sym,250,4.931662128591652e-31,1.166560653394121e-31,3.7651014751975314e-31,6.0982227819857735e-31,10
HGNN,diagnostics,sym,251,4.931662128591652e-31,1.166560653394121e-31,3.7651014751975314e-31,6.0982227819857735e-31,10
HGNN,diagnostics,sym,252,4.931662128591652e-31,1.166560653394121e-31,3.7651014751975314e-31,6.0982227819857735e-31,10
HGNN,diagnostics,sym,253,4.931662128591652e-31,1.166560653394121e-31,3.7651014751975314e-31,6.0982227819857735e-31,10
HGNN,diagnostics,sym,254,4.931662128591652e-31,1.166560653394121e-31,3.7651014751975314e-31,6.0982227819857735e-31,10
HGNN,diagnostics,sym,255,4.931662128591652e-31,1.166560653394121e-31,3.7651014751975314e-31,6.0982227819857735e-31,10
HGNN,diagnostics,sym,256,4.931662128591652e-31,1.166560653394121e-31,3.7651014751975314e-31,6.0982227819857735e-31,10
HGNN,diagnostics,op,0,1.0,0.0,1.0,1.0,10
HGNN,diagnostics,op,1,0.7696827384960044,0.002917542855780498,0.7667651956402239,0.7726002813517849,10
HGNN,diagnostics,op,2,0.5785396595316062,0.009311064169668565,0.5692285953619377,0.5878507237012748,10
HGNN,diagnostics,op,3,0.3868578831741331,0.017839052869939098,0.369018830304194,0.4046969360440722,10
HGNN,diagnostics,op,4,0.22003067945500399,0.01864736915672982,0.20138331029827417,0.2386780486117338,10
HGNN,diagnostics,op,5,0.11580688581126419,0.013316456699386404,0.10249042911187779,0.1291233425106506,10
HGNN,diagnostics,op,6,0.06203806943590131,0.008319100617389994,0.05371896881851131,0.0703571700532913,10
HGNN,diagnostics,op,7,0.03493101181597725,0.005108432559963141,0.029822579256014108,0.04003944437594039,10
HGNN,diagnostics,op,8,0.020527330605315856,0.0031691328495581034,0.017358197755757754,0.02369646345487396,10
HGNN,diagnostics,op,9,0.012408090414759982,0.0019855308657412054,0.010422559549018776,0.014393621280501187,10
HGNN,diagnostics,op,10,0.007632536865721075,0.0012517353369027276,0.006380801528818348,0.008884272202623804,10
HGNN,diagnostics,op,11,0.004748026945588683,0.0007923725542223487,0.003955654391366334,0.005540399499811032,10
HGNN,diagnostics,op,12,0.0029769000548282546,0.000503229488239583,0.0024736705665886717,0.0034801295430678374,10
HGNN,diagnostics,op,13,0.0018776077421882018,0.00032055969248951776,0.001557048049698684,0.0021981674346777196,10
HGNN,diagnostics,op,14,0.001189992908580677,0.0002047931340105986,0.0009851997745700784,0.0013947860425912756,10
HGNN,diagnostics,op,15,0.0007572774456246266,0.00013120302668250124,0.0006260744189421254,0.0008884804723071278,10
HGNN,diagnostics,op,16,0.00048360965978157743,8.42820703047996e-05,0.0003993275894767778,0.000567891730086377,10
HGNN,diagnostics,op,17,0.00030979363835311033,5.4276803636084396e-05,0.0002555168347170259,0.00036407044198919473,10
HGNN,diagnostics,op,18,0.000198988935839245,3.503454011646164e-05,0.00016395439572278338,0.00023402347595570663,10
HGNN,diagnostics,op,19,0.00012812379953959375,2.2661772416659048e-05,0.00010546202712293469,0.0001507855719562528,10
HGNN,diagnostics,op,20,8.267225114841021e-05,1.4686567634396689e-05,6.798568351401352e-05,9.735881878280691e-05,10
HGNN,diagnostics,op,21,5.344647889157275e-05,9.534409487888383e-06,4.391206940368437e-05,6.298088837946114e-05,10
HGNN,diagnostics,op,22,3.4611567088978e-05,6.199238866921653e-06,2.8412328222056347e-05,4.081080595589965e-05,10
HGNN,diagnostics,op,23,2.244868091816474e-05,4.03631131286156e-06,1.841236960530318e-05,2.64849922310263e-05,10
HGNN,diagnostics,op,24,1.4580144152882794e-05,2.6312976338714088e-06,1.1948846519011386e-05,1.72114417867542e-05,10
HGNN,diagnostics,op,25,9.481484203525597e-06,1.7172680184602755e-06,7.764216185065321e-06,1.1198752221985872e-05,10
HGNN,diagnostics,op,26,6.172816002083923e-06,1.1218601404229679e-06,5.050955861660955e-06,7.294676142506891e-06,10
HGNN,diagnostics,op,27,4.02288594728669e-06,7.335455725550737e-07,3.2893403747316164e-06,4.756431519841764e-06,10
HGNN,diagnostics,op,28,2.6242152038961177e-06,4.800244783896676e-07,2.14419072550645e-06,3.104239682285785e-06,10
HGNN,diagnostics,op,29,1.7132977431290172e-06,3.143490435051023e-07,1.398948699623915e-06,2.0276467866341193e-06,10
HGNN,diagnostics,op,30,1.119453396981239e-06,2.059879801251949e-07,9.13465416856044e-07,1.3254413771064338e-06,10
HGNN,diagnostics,op,31,7.319650955513847e-07,1.3505932578679292e-07,5.969057697645918e-07,8.670244213381777e-07,10
HGNN,diagnostics,op,32,4.789169017346824e-07,8.860032302757077e-08,3.903165787071116e-07,5.675172247622532e-07,10
HGNN,diagnostics,op,33,3.1353943050514635e-07,5.815028559214793e-08,2.553891449129984e-07,3.7168971609729427e-07,10
HGNN,diagnostics,op,34,2.0538340428946233e-07,3.8181625282897265e-08,1.6720177900656507e-07,2.435650295723596e-07,10
HGNN,diagnostics,op,35,1.3460482631909953e-07,2.507987105940008e-08,1.0952495525969945e-07,1.5968469737849961e-07,10
HGNN,diagnostics,op,36,8.825933668696148e-08,1.6479677525678112e-08,7.177965916128336e-08,1.047390142126396e-07,10
HGNN,diagnostics,op,37,5.789613935544379e-08,1.0832045885902239e-08,4.7064093469541554e-08,6.872818524134603e-08,10
HGNN,diagnostics,op,38,3.7993824544472745e-08,7.121934293438667e-09,3.087189025103408e-08,4.511575883791141e-08,10
HGNN,diagnostics,op,39,2.494236623265222e-08,4.6838150780308255e-09,2.0258551154621393e-08,2.9626181310683047e-08,10
HGNN,diagnostics,op,40,1.6379905505236255e-08,3.0810985721075736e-09,1.3298806933128681e-08,1.946100407734383e-08,10
HGNN,diagnostics,op,41,1.0760268207585204e-08,2.027245338242839e-09,8.733022869342366e-09,1.2787513545828043e-08,10
HGNN,diagnostics,op,42,7.070701867725443e-09,1.3341159999300064e-09,5.736585867795436e-09,8.40481786765545e-09,10
HGNN,diagnostics,op,43,4.64750915233575e-09,8.781322904375595e-10,3.769376861898191e-09,5.525641442773309e-09,10
HGNN,diagnostics,op,44,3.055537325423894e-09,5.78094186906537e-10,2.477443138517357e-09,3.633631512330431e-09,10
HGNN,diagnostics,op,45,2.009354348323251e-09,3.806303629807841e-10,1.628723985342467e-09,2.3899847113040355e-09,10
HGNN,diagnostics,op,46,1.3216597618699203e-09,2.5065067204670736e-10,1.071009089823213e-09,1.5723104339166276e-09,10
HGNN,diagnostics,op,47,8.695011632651461e-10,1.650782647407723e-10,7.044228985243738e-10,1.0345794280059185e-09,10
HGNN,diagnostics,op,48,5.721392035399666e-10,1.0873313626308576e-10,4.634060672768808e-10,6.808723398030524e-10,10
HGNN,diagnostics,op,49,3.765376759536928e-10,7.162766063064323e-11,3.0491001532304955e-10,4.48165336584336e-10,10
HGNN,diagnostics,op,50,2.4784772920682545e-10,4.718920475101765e-11,2.006585244558078e-10,2.950369339578431e-10,10
HGNN,diagnostics,op,51,1.6316470156304502e-10,3.1091675728761613e-11,1.320730258342834e-10,1.9425637729180663e-10,10
HGNN,diagnostics,op,52,1.074304983773048e-10,2.0487172451434195e-11,8.694332592587061e-11,1.27917670828739e-10,10
HGNN,diagnostics,op,53,7.074321205989635e-11,1.3500611946784157e-11,5.7242600113112195e-11,8.424382400668051e-11,10
HGNN,diagnostics,op,54,4.659011362626099e-11,8.897249812175482e-12,3.769286381408551e-11,5.5487363438436476e-11,10
HGNN,diagnostics,op,55,3.068674821011422e-11,5.863900578953296e-12,2.482284763116092e-11,3.6550648789067515e-11,10
HGNN,diagnostics,op,56,2.021401755136867e-11,3.86494823851345e-12,1.6349069312855217e-11,2.407896578988212e-11,10
HGNN,diagnostics,op,57,1.3316677612349325e-11,2.547563427304334e-12,1.0769114185044993e-11,1.586424103965366e-11,10
HGNN,diagnostics,op,58,8.773596397406088e-12,1.679301615372435e-12,7.094294782033653e-12,1.0452898012778523e-11,10
HGNN,diagnostics,op,59,5.780896440916047e-12,1.107013892321601e-12,4.673882548594446e-12,6.8879103332376474e-12,10
HGNN,diagnostics,op,60,3.809306757672726e-12,7.297876810491248e-13,3.0795190766236013e-12,4.539094438721851e-12,10
HGNN,diagnostics,op,61,2.510311159751856e-12,4.811246739572698e-13,2.029186485794586e-12,2.991435833709126e-12,10
HGNN,diagnostics,op,62,1.654389706544853e-12,3.172013624089637e-13,1.3371883441358892e-12,1.9715910689538165e-12,10
HGNN,diagnostics,op,63,1.0903720049297976e-12,2.091353963878549e-13,8.812366085419427e-13,1.2995074013176526e-12,10
HGNN,diagnostics,op,64,7.186811931069598e-13,1.3789038964181956e-13,5.807908034651402e-13,8.565715827487793e-13,10
HGNN,diagnostics,op,65,4.737190184116644e-13,9.091873122077449e-14,3.828002871908899e-13,5.646377496324389e-13,10
HGNN,diagnostics,op,66,3.1226742249231914e-13,5.99493785283473e-14,2.5231804396397185e-13,3.7221680102066643e-13,10
HGNN,diagnostics,op,67,2.058506934182034e-13,3.953002307440372e-14,1.663206703437997e-13,2.453807164926071e-13,10
HGNN,diagnostics,op,68,1.357051648127529e-13,2.606631833520962e-14,1.0963884647754329e-13,1.6177148314796253e-13,10
HGNN,diagnostics,op,69,8.946589182320931e-14,1.718865161646637e-14,7.227724020674294e-14,1.0665454343967568e-13,10
HGNN,diagnostics,op,70,5.898403421622025e-14,1.133477000182709e-14,4.7649264214393156e-14,7.031880421804734e-14,10
HGNN,diagnostics,op,71,3.8888946486046195e-14,7.474665407723107e-15,3.141428107832309e-14,4.63636118937693e-14,10
HGNN,diagnostics,op,72,2.564079940528306e-14,4.9292216344856135e-15,2.071157777079745e-14,3.0570021039768673e-14,10
HGNN,diagnostics,op,73,1.6906341846727494e-14,3.2506628391996822e-15,1.3655679007527811e-14,2.0157004685927175e-14,10
HGNN,diagnostics,op,74,1.1147552523505216e-14,2.1437393866244667e-15,9.003813136880749e-15,1.3291291910129683e-14,10
HGNN,diagnostics,op,75,7.350558914485575e-15,1.4137676988930198e-15,5.936791215592556e-15,8.764326613378596e-15,10
HGNN,diagnostics,op,76,4.846981599724058e-15,9.32373005952697e-16,3.914608593771361e-15,5.779354605676755e-15,10
HGNN,diagnostics,op,77,3.1961843892295982e-15,6.149028289778037e-16,2.5812815602517947e-15,3.811087218207402e-15,10
HGNN,diagnostics,op,78,2.1076624262761884e-15,4.0553475375672483e-16,1.7021276725194635e-15,2.5131971800329133e-15,10
HGNN,diagnostics,op,79,1.3898835882094023e-15,2.6745708439311535e-16,1.1224265038162868e-15,1.6573406726025177e-15,10
HGNN,diagnostics,op,80,9.165652013982436e-16,1.7639417967428128e-16,7.401710217239624e-16,1.0929593810725249e-15,10
HGNN,diagnostics,op,81,6.04442964271865e-16,1.1633709503863667e-16,4.881058692332283e-16,7.207800593105017e-16,10
HGNN,diagnostics,op,82,3.986151597428708e-16,7.67283257652364e-17,3.2188683397763436e-16,4.753434855081072e-16,10
HGNN,diagnostics,op,83,2.6288048810681765e-16,5.0605359534236857e-17,2.122751285725808e-16,3.134858476410545e-16,10
HGNN,diagnostics,op,84,1.7336783166929374e-16,3.3376466419511856e-17,1.399913652497819e-16,2.0674429808880558e-16,10
HGNN,diagnostics,op,85,1.1433623954104402e-16,2.2013394936235607e-17,9.232284460480841e-17,1.3634963447727962e-16,10
HGNN,diagnostics,op,86,7.540569378491694e-17,1.451898707116943e-17,6.088670671374752e-17,8.992468085608637e-17,10
HGNN,diagnostics,op,87,4.9731193041810597e-17,9.576086192961562e-18,4.0155106848849035e-17,5.930727923477215e-17,10
HGNN,diagnostics,op,88,3.2798788040144606e-17,6.3159987184901086e-18,2.6482789321654496e-17,3.911478675863471e-17,10
HGNN,diagnostics,op,89,2.163169724538788e-17,4.165797124340035e-18,1.7465900121047842e-17,2.5797494369727916e-17,10
HGNN,diagnostics,op,90,1.426681401087398e-17,2.7476166768337287e-18,1.1519197334040252e-17,1.7014430687707707e-17,10
HGNN,diagnostics,op,91,9.409504397469915e-18,1.8122411031833245e-18,7.597263294286591e-18,1.122174550065324e-17,10
HGNN,diagnostics,op,92,6.205969065996182e-18,1.1953015531158517e-18,5.010667512880331e-18,7.401270619112035e-18,10
HGNN,diagnostics,op,93,4.0931282068257535e-18,7.883889803252223e-19,3.304739226500531e-18,4.881517187150976e-18,10
HGNN,diagnostics,op,94,2.699627029974015e-18,5.200020430425013e-19,2.179624986931514e-18,3.2196290730165165e-18,10
HGNN,diagnostics,op,95,1.7805520535338158e-18,3.4298165583193783e-19,1.437570397701878e-18,2.1235337093657536e-18,10
HGNN,diagnostics,op,96,1.17437795462378e-18,2.2622363538269567e-19,9.481543192410843e-19,1.4006015900064756e-18,10
HGNN,diagnostics,op,97,7.745745962174779e-19,1.4921284656850437e-19,6.253617496489735e-19,9.237874427859824e-19,10
HGNN,diagnostics,op,98,5.108819971299758e-19,9.841822422020001e-20,4.1246377290977577e-19,6.093002213501758e-19,10
HGNN,diagnostics,op,99,3.3696112237315253e-19,6.491511427714905e-20,2.7204600809600345e-19,4.018762366503016e-19,10
HGNN,diagnostics,op,100,2.222494572289381e-19,4.2817080448802135e-20,1.7943237678013596e-19,2.650665376777402e-19,10
HGNN,diagnostics,op,101,1.4658961850485941e-19,2.824158915272823e-20,1.1834802935213117e-19,1.7483120765758766e-19,10
HGNN,diagnostics,op,102,9.668680278074775e-20,1.8627818850146584e-20,7.805898393060117e-20,1.1531462163089435e-19,10
HGNN,diagnostics,op,103,6.377236992599738e-20,1.2286710185500126e-20,5.1485659740497253e-20,7.605908011149751e-20,10
HGNN,diagnostics,op,104,4.2062897902140795e-20,8.104195449136935e-21,3.395870245300386e-20,5.0167093351277733e-20,10
HGNN,diagnostics,op,105,2.7743867647159536e-20,5.345456906525957e-21,2.2398410740633578e-20,3.3089324553685495e-20,10
HGNN,diagnostics,op,106,1.8299360760467126e-20,3.525821728181306e-21,1.4773539032285818e-20,2.1825182488648434e-20,10
HGNN,diagnostics,op,107,1.206996060460751e-20,2.3256074651123228e-21,9.744353139495187e-21,1.4395568069719833e-20,10
HGNN,diagnostics,op,108,7.961166944740677e-21,1.5339563147611596e-21,6.427210629979517e-21,9.495123259501837e-21,10
HGNN,diagnostics,op,109,5.251078217055377e-21,1.01178912725261e-21,4.239289089802767e-21,6.262867344307987e-21,10
HGNN,diagnostics,op,110,3.463546819823643e-21,6.673712446100495e-22,2.7961755752135934e-21,4.1309180644336925e-21,10
HGNN,diagnostics,op,111,2.284517018645211e-21,4.401952824783036e-22,1.8443217361669072e-21,2.7247123011235146e-21,10
HGNN,diagnostics,op,112,1.5068444994895541e-21,2.903512059709159e-22,1.2164932935186383e-21,1.79719570546047e-21,10
HGNN,diagnostics,op,113,9.939010054528983e-22,1.915147533596562e-22,8.023862520932421e-22,1.1854157588125545e-21,10
HGNN,diagnostics,op,114,6.555690262921975e-22,1.263226354963585e-22,5.29246390795839e-22,7.81891661788556e-22,10
HGNN,diagnostics,op,115,4.3240855425870425e-22,8.332213453843557e-23,3.490864197202687e-22,5.157306887971399e-22,10
HGNN,diagnostics,op,116,2.852138808773331e-22,5.495914069667792e-23,2.302547401806552e-22,3.4017302157401103e-22,10
HGNN,diagnostics,op,117,1.8812543811602314e-22,3.625097201314708e-23,1.5187446610287606e-22,2.2437641012917024e-22,10
HGNN,diagnostics,op,118,1.2408658600356301e-22,2.3911106294682865e-23,1.0017547970888015e-22,1.479976922982459e-22,10
HGNN,diagnostics,op,119,8.184696115050778e-23,1.5771745018575712e-23,6.607521613193207e-23,9.761870616908349e-23,10
HGNN,diagnostics,op,120,5.398594138486367e-23,1.0403037928718464e-23,4.3582903456145206e-23,6.438897931358213e-23,10
HGNN,diagnostics,op,121,3.560895007222904e-23,6.861841502312332e-24,2.874710856991671e-23,4.247079157454137e-23,10
HGNN,diagnostics,op,122,2.348756363511521e-23,4.526070722652104e-24,1.8961492912463107e-23,2.8013634357767316e-23,10
HGNN,diagnostics,op,123,1.5492342204859003e-23,2.985397495138356e-24,1.2506944709720647e-23,1.847773969999736e-23,10
HGNN,diagnostics,op,124,1.0218718730691757e-23,1.9691693070687808e-24,8.249549423622976e-24,1.2187888037760538e-23,10
HGNN,diagnostics,op,125,6.740251079671916e-24,1.2988654087836242e-24,5.4413856708882915e-24,8.03911648845554e-24,10
HGNN,diagnostics,op,126,4.4458626316201876e-24,8.567332788157934e-25,3.589129352804394e-24,5.302595910435981e-24,10
HGNN,diagnostics,op,127,2.9324875372174955e-24,5.65100826211172e-25,2.3673867110063236e-24,3.4975883634286675e-24,10
HGNN,diagnostics,op,128,1.934267785359156e-24,3.727407617705853e-25,1.5615270235885707e-24,2.3070085471297412e-24,10
HGNN,diagnostics,op,129,1.2758427549961176e-24,2.4586028791940353e-25,1.029982467076714e-24,1.5217030429155212e-24,10
HGNN,diagnostics,op,130,8.4154630916055e-25,1.6216938930891947e-25,6.793769198516306e-25,1.0037156984694695e-24,10
HGNN,diagnostics,op,131,5.5508410648007325e-25,1.0696729852654731e-25,4.48116807953526e-25,6.620514050066205e-25,10
HGNN,diagnostics,op,132,3.6613374306105176e-25,7.055558159940564e-26,2.955781614616461e-25,4.366893246604574e-25,10
HGNN,diagnostics,op,133,2.415022254941829e-25,4.6538482893892087e-26,1.9496374260029082e-25,2.88040708388075e-25,10
HGNN,diagnostics,op,134,1.5929523218826434e-25,3.069690224300167e-26,1.2859832994526267e-25,1.8999213443126601e-25,10
HGNN,diagnostics,op,135,1.0507156189465162e-25,2.0247626751999615e-26,8.482393514265201e-26,1.2531918864665123e-25,10
HGNN,diagnostics,op,136,6.930562245485526e-26,1.3355171502347233e-26,5.595045095250803e-26,8.266079395720249e-26,10
HGNN,diagnostics,op,137,4.5714258529672843e-26,8.809060270618357e-27,3.690519825905449e-26,5.45233188002912e-26,10
HGNN,diagnostics,op,138,3.015341161871999e-26,5.810418095229896e-27,2.4342993523490095e-26,3.596382971394989e-26,10
HGNN,diagnostics,op,139,1.988948169514515e-26,3.8324635056461775e-27,1.6057018189498973e-26,2.3721945200791326e-26,10
HGNN,diagnostics,op,140,1.3119423888614862e-26,2.5278484494326768e-27,1.0591575439182185e-26,1.564727233804754e-26,10
HGNN,diagnostics,op,141,8.653863802456053e-27,1.6673349942506506e-27,6.986528808205402e-27,1.0321198796706703e-26,10
HGNN,diagnostics,op,142,5.708347127170283e-27,1.0997180988974202e-27,4.608629028272863e-27,6.808065226067703e-27,10
HGNN,diagnostics,op,143,3.7654688876486835e-27,7.253351302974157e-28,3.0401337573512676e-27,4.490804017946099e-27,10
HGNN,diagnostics,op,144,2.483967228943883e-27,4.784150972590703e-28,2.0055521316848124e-27,2.9623823262029533e-27,10
HGNN,diagnostics,op,145,1.638712695015803e-27,3.1557244554213614e-28,1.3231402494736669e-27,1.9542851405579393e-27,10
HGNN,diagnostics,op,146,1.0811530251908391e-27,2.081274101720292e-28,8.730256150188098e-28,1.2892804353628684e-27,10
HGNN,diagnostics,op,147,7.134120695696833e-28,1.372783583245664e-28,5.761337112451169e-28,8.506904278942498e-28,10
HGNN,diagnostics,op,148,4.708758034237364e-28,9.057265627968281e-29,3.8030314714405363e-28,5.614484597034192e-28,10
HGNN,diagnostics,op,149,3.1089318052026482e-28,5.975941797923895e-29,2.5113376254102586e-28,3.706525984995038e-28,10
HGNN,diagnostics,op,150,2.0539413865810957e-28,3.9398688856268193e-29,1.6599544980184137e-28,2.4479282751437777e-28,10
HGNN,diagnostics,op,151,1.3579462766889014e-28,2.598446718884103e-29,1.0981016048004912e-28,1.6177909485773116e-28,10
HGNN,diagnostics,op,152,8.990735347996747e-29,1.714620571189469e-29,7.276114776807277e-29,1.0705355919186216e-28,10
HGNN,diagnostics,op,153,5.964154027653745e-29,1.1332157689164242e-29,4.8309382587373204e-29,7.097369796570168e-29,10
HGNN,diagnostics,op,154,3.968439250015787e-29,7.493362147924058e-30,3.219103035223381e-29,4.7177754648081924e-29,10
HGNN,diagnostics,op,155,2.6535094814121085e-29,4.955386527648815e-30,2.157970828647227e-29,3.14904813417699e-29,10
HGNN,diagnostics,op,156,1.7863913223180237e-29,3.2751881733757546e-30,1.4588725049804483e-29,2.113910139655599e-29,10
HGNN,diagnostics,op,157,1.214845231842314e-29,2.1634821598323148e-30,9.984970158590825e-30,1.4311934478255456e-29,10
HGNN,diagnostics,op,158,8.403451913332397e-30,1.4547859752462901e-30,6.948665938086107e-30,9.858237888578688e-30,10
HGNN,diagnostics,op,159,5.914062082123577e-30,9.821725778031809e-31,4.931889504320396e-30,6.896234659926757e-30,10
HGNN,diagnostics,op,160,4.28857972622096e-30,6.740778797835827e-31,3.614501846437377e-30,4.9626576060045426e-30,10
HGNN,diagnostics,op,161,3.223483852046258e-30,4.714513612588579e-31,2.7520324907873997e-30,3.6949352133051156e-30,10
HGNN,diagnostics,op,162,2.5135229735778992e-30,3.442428761579405e-31,2.1692800974199587e-30,2.8577658497358397e-30,10
HGNN,diagnostics,op,163,2.0224872343222095e-30,2.5816111627916477e-31,1.7643261180430447e-30,2.2806483506013743e-30,10
HGNN,diagnostics,op,164,1.7141546090083827e-30,2.1843323427022576e-31,1.495721374738157e-30,1.9325878432786084e-30,10
HGNN,diagnostics,op,165,1.5179230481463189e-30,1.951471533564689e-31,1.32277589478985e-30,1.7130702015027877e-30,10
HGNN,diagnostics,op,166,1.3728763291053559e-30,1.8473322903506844e-31,1.1881431000702875e-30,1.5576095581404243e-30,10
HGNN,diagnostics,op,167,1.253638023925295e-30,1.574351080556083e-31,1.0962029158696867e-30,1.4110731319809034e-30,10
HGNN,diagnostics,op,168,1.1831211962987768e-30,1.466268904445574e-31,1.0364943058542195e-30,1.3297480867433341e-30,10
HGNN,diagnostics,op,169,1.1168089991311993e-30,1.3523189329707725e-31,9.81577105834122e-31,1.2520408924282765e-30,10
HGNN,diagnostics,op,170,1.0637362360255844e-30,1.3919463728088372e-31,9.245415987447007e-31,1.2029308733064681e-30,10
HGNN,diagnostics,op,171,1.0252928727844544e-30,1.4920828137695438e-31,8.760845914075e-31,1.1745011541614087e-30,10
HGNN,diagnostics,op,172,1.0109662686450872e-30,1.4457577066615524e-31,8.66390497978932e-31,1.1555420393112424e-30,10
HGNN,diagnostics,op,173,1.007088659567607e-30,1.3390306346658281e-31,8.731855961010242e-31,1.1409917230341898e-30,10
HGNN,diagnostics,op,174,1.0123369458374344e-30,1.3242280987443488e-31,8.799141359629995e-31,1.1447597557118693e-30,10
HGNN,diagnostics,op,175,1.0363589897942153e-30,1.3406101895827598e-31,9.022979708359394e-31,1.1704200087524912e-30,10
HGNN,diagnostics,op,176,1.078560579647154e-30,1.89568266756976e-31,8.88992312890178e-31,1.26812884640413e-30,10
HGNN,diagnostics,op,177,1.0861203866473598e-30,2.07820943033139e-31,8.782994436142208e-31,1.2939413296804987e-30,10
HGNN,diagnostics,op,178,1.0766435963832945e-30,1.9302738635484572e-31,8.836162100284487e-31,1.2696709827381402e-30,10
HGNN,diagnostics,op,179,1.0735128124683573e-30,1.8964102189537337e-31,8.83871790572984e-31,1.2631538343637306e-30,10
HGNN,diagnostics,op,180,1.0729872291648467e-30,1.8916132302534418e-31,8.838259061395025e-31,1.2621485521901909e-30,10
HGNN,diagnostics,op,181,1.0728666562400701e-30,1.8908028817885445e-31,8.837863680612156e-31,1.2619469444189245e-30,10
HGNN,diagnostics,op,182,1.0729412972372295e-30,1.8900058735548303e-31,8.839407098817465e-31,1.2619418845927124e-30,10
HGNN,diagnostics,op,183,1.0731222099195462e-30,1.890684561972757e-31,8.840537537222705e-31,1.2621906661168218e-30,10
HGNN,diagnostics,op,184,1.0734277753936228e-30,1.8951076958510467e-31,8.839170058085181e-31,1.2629385449787275e-30,10
HGNN,diagnostics,op,185,1.0737897237400627e-30,1.8982183698862856e-31,8.83967886751434e-31,1.2636115607286913e-30,10
HGNN,diagnostics,op,186,1.0740618673778965e-30,1.8993306022832058e-31,8.841288071495759e-31,1.2639949276062172e-30,10
HGNN,diagnostics,op,187,1.0746323599196237e-30,1.9014975730690982e-31,8.844826026127139e-31,1.2647821172265335e-30,10
HGNN,diagnostics,op,188,1.0751394377519914e-30,1.9036467646940018e-31,8.847747612825912e-31,1.2655041142213917e-30,10
HGNN,diagnostics,op,189,1.0753493973255786e-30,1.9032398418446428e-31,8.850254131411143e-31,1.2656733815100428e-30,10
HGNN,diagnostics,op,190,1.0750974955975242e-30,1.902661608211582e-31,8.848313347763659e-31,1.2653636564186825e-30,10
HGNN,diagnostics,op,191,1.0748254314306636e-30,1.9028143986615396e-31,8.845439915645097e-31,1.2651068712968175e-30,10
HGNN,diagnostics,op,192,1.0745872621456684e-30,1.9043063116659744e-31,8.84156630979071e-31,1.2650178933122658e-30,10
HGNN,diagnostics,op,193,1.0744722825929027e-30,1.9054613962815718e-31,8.839261429647455e-31,1.2650184222210599e-30,10
HGNN,diagnostics,op,194,1.0744486339475204e-30,1.906114124391292e-31,8.838372215083912e-31,1.2650600463866496e-30,10
HGNN,diagnostics,op,195,1.0744506049519485e-30,1.9063445992436395e-31,8.838161450275845e-31,1.2650850648763124e-30,10
HGNN,diagnostics,op,196,1.0745028076956614e-30,1.9062653083607785e-31,8.838762768595837e-31,1.2651293385317392e-30,10
HGNN,diagnostics,op,197,1.0745585232376526e-30,1.9062615390302674e-31,8.839323693346258e-31,1.2651846771406794e-30,10
HGNN,diagnostics,op,198,1.0747576593082208e-30,1.9064990372800186e-31,8.84107755580219e-31,1.2654075630362226e-30,10
HGNN,diagnostics,op,199,1.074865466392988e-30,1.906700059313814e-31,8.841954604616066e-31,1.2655354723243693e-30,10
HGNN,diagnostics,op,200,1.0752505293290233e-30,1.9074095539767624e-31,8.84509573931347e-31,1.2659914847266995e-30,10
HGNN,diagnostics,op,201,1.0752987605835021e-30,1.9075711096175542e-31,8.845416496217467e-31,1.2660558715452576e-30,10
HGNN,diagnostics,op,202,1.0753066550033622e-30,1.9076241618397346e-31,8.845442388193886e-31,1.2660690711873357e-30,10
HGNN,diagnostics,op,203,1.0753303650190782e-30,1.9074999114959976e-31,8.845803738694785e-31,1.266080356168678e-30,10
HGNN,diagnostics,op,204,1.0753193220186169e-30,1.9075412444735737e-31,8.845651975712596e-31,1.2660734464659742e-30,10
HGNN,diagnostics,op,205,1.0753148323822908e-30,1.907564441599425e-31,8.845583882223482e-31,1.2660712765422333e-30,10
HGNN,diagnostics,op,206,1.0753012185100226e-30,1.9076117437810548e-31,8.845400441319172e-31,1.266062392888128e-30,10
HGNN,diagnostics,op,207,1.0753054402872723e-30,1.9076021060811637e-31,8.84545229679156e-31,1.2660656508953887e-30,10
HGNN,diagnostics,op,208,1.0753066303541676e-30,1.907608923992766e-31,8.84545737954891e-31,1.2660675227534443e-30,10
HGNN,diagnostics,op,209,1.0753063459949691e-30,1.9076071364235918e-31,8.845456323526099e-31,1.2660670596373283e-30,10
HGNN,diagnostics,op,210,1.0753051077887847e-30,1.9075996335333213e-31,8.845451444354526e-31,1.2660650711421169e-30,10
HGNN,diagnostics,op,211,1.0753064121616364e-30,1.907607794433555e-31,8.84545632718281e-31,1.2660671916049918e-30,10
HGNN,diagnostics,op,212,1.0753084605874385e-30,1.9076153069945868e-31,8.845469298879799e-31,1.2660699912868972e-30,10
HGNN,diagnostics,op,213,1.0753098065576258e-30,1.9076240827667018e-31,8.845473982809557e-31,1.266072214834296e-30,10
HGNN,diagnostics,op,214,1.0753108335119126e-30,1.9076249133118866e-31,8.845483421807238e-31,1.2660733248431013e-30,10
HGNN,diagnostics,op,215,1.0753106853761164e-30,1.9076243462021916e-31,8.845482507558973e-31,1.2660731199963355e-30,10
HGNN,diagnostics,op,216,1.0753105584978004e-30,1.907623366511322e-31,8.845482218466682e-31,1.2660728951489326e-30,10
HGNN,diagnostics,op,217,1.0753104598113245e-30,1.9076234186412994e-31,8.845481179471946e-31,1.2660728016754545e-30,10
HGNN,diagnostics,op,218,1.0753104775241661e-30,1.9076233317498766e-31,8.845481443491784e-31,1.2660728106991538e-30,10
HGNN,diagnostics,op,219,1.0753105512506234e-30,1.9076228606981946e-31,8.84548265180804e-31,1.2660728373204427e-30,10
HGNN,diagnostics,op,220,1.0753105989857098e-30,1.9076226147999406e-31,8.845483375057158e-31,1.2660728604657038e-30,10
HGNN,diagnostics,op,221,1.0753105759979322e-30,1.9076227151492378e-31,8.845483044830085e-31,1.266072847512856e-30,10
HGNN,diagnostics,op,222,1.0753110025729256e-30,1.9076206292902433e-31,8.845489396439013e-31,1.2660730655019498e-30,10
HGNN,diagnostics,op,223,1.0753112259805146e-30,1.907619537436762e-31,8.845492722368383e-31,1.2660731797241909e-30,10
HGNN,diagnostics,op,224,1.0753112499272844e-30,1.9076194204039187e-31,8.845493078868926e-31,1.2660731919676763e-30,10
HGNN,diagnostics,op,225,1.0753117388285521e-30,1.9076170311059118e-31,8.84550035717961e-31,1.2660734419391432e-30,10
HGNN,diagnostics,op,226,1.0753122315297562e-30,1.9076146233610609e-31,8.845507691936502e-31,1.2660736938658623e-30,10
HGNN,diagnostics,op,227,1.0753121294333484e-30,1.9076151222781958e-31,8.845506172055288e-31,1.266073641661168e-30,10
HGNN,diagnostics,op,228,1.0753127139066047e-30,1.9076122661898755e-31,8.845514872876171e-31,1.2660739405255923e-30,10
HGNN,diagnostics,op,229,1.075313808001537e-30,1.907606920253004e-31,8.845531159762366e-31,1.2660745000268375e-30,10
HGNN,diagnostics,op,230,1.0753150516562354e-30,1.9076008442851263e-31,8.845549672277227e-31,1.266075136084748e-30,10
HGNN,diagnostics,op,231,1.0753160736240707e-30,1.9075958519773716e-31,8.845564884263336e-31,1.2660756588218078e-30,10
HGNN,diagnostics,op,232,1.0753175213998878e-30,1.907588780514607e-31,8.845586433484272e-31,1.2660763994513484e-30,10
HGNN,diagnostics,op,233,1.0753202781462936e-30,1.907575318529831e-31,8.845627462933105e-31,1.2660778099992766e-30,10
HGNN,diagnostics,op,234,1.0753250720171628e-30,1.90755191794247e-31,8.845698802229159e-31,1.2660802638114097e-30,10
HGNN,diagnostics,op,235,1.0753341033191392e-30,1.9075078648965222e-31,8.84583316829487e-31,1.2660848898087914e-30,10
HGNN,diagnostics,op,236,1.075350626303526e-30,1.90742737683627e-31,8.846078886198991e-31,1.266093363987153e-30,10
HGNN,diagnostics,op,237,1.0753674570827717e-30,1.9073455330894754e-31,8.846329037738242e-31,1.2661020103917192e-30,10
HGNN,diagnostics,op,238,1.0753766722873366e-30,1.9073007833551958e-31,8.84646593951817e-31,1.2661067506228561e-30,10
HGNN,diagnostics,op,239,1.0753740504028291e-30,1.907313511000904e-31,8.846426993027386e-31,1.2661054015029196e-30,10
HGNN,diagnostics,op,240,1.0753745264703488e-30,1.9073111997227755e-31,8.846434064980713e-31,1.2661056464426263e-30,10
HGNN,diagnostics,op,241,1.0753715719838499e-30,1.9073255454448505e-31,8.846390174393648e-31,1.266104126528335e-30,10
HGNN,diagnostics,op,242,1.0753702052255475e-30,1.907332183350026e-31,8.84636986890545e-31,1.26610342356055e-30,10
HGNN,diagnostics,op,243,1.0753687558007011e-30,1.9073392237847953e-31,8.846348334222216e-31,1.2661026781791806e-30,10
HGNN,diagnostics,op,244,1.0753686346329137e-30,1.9073398123937927e-31,8.846346533935344e-31,1.266102615872293e-30,10
HGNN,diagnostics,op,245,1.075368690556508e-30,1.9073395407271675e-31,8.846347364837913e-31,1.2661026446292248e-30,10
HGNN,diagnostics,op,246,1.0753686842471793e-30,1.9073395713766554e-31,8.846347271095138e-31,1.2661026413848447e-30,10
HGNN,diagnostics,op,247,1.075368688907479e-30,1.9073395487378272e-31,8.846347340336963e-31,1.2661026437812616e-30,10
HGNN,diagnostics,op,248,1.0753687474838588e-30,1.907339264186119e-31,8.846348210652469e-31,1.2661026739024708e-30,10
HGNN,diagnostics,op,249,1.0753687470536775e-30,1.9073392662758438e-31,8.84634820426093e-31,1.266102673681262e-30,10
HGNN,diagnostics,op,250,1.0753687470536775e-30,1.9073392662758438e-31,8.84634820426093e-31,1.266102673681262e-30,10
HGNN,diagnostics,op,251,1.0753687470536775e-30,1.9073392662758438e-31,8.84634820426093e-31,1.266102673681262e-30,10
HGNN,diagnostics,op,252,1.0753687470536775e-30,1.9073392662758438e-31,8.84634820426093e-31,1.266102673681262e-30,10
HGNN,diagnostics,op,253,1.0753687470536775e-30,1.9073392662758438e-31,8.84634820426093e-31,1.266102673681262e-30,10
HGNN,diagnostics,op,254,1.0753687470536775e-30,1.9073392662758438e-31,8.84634820426093e-31,1.266102673681262e-30,10
HGNN,diagnostics,op,255,1.0753687470536775e-30,1.9073392662758438e-31,8.84634820426093e-31,1.266102673681262e-30,10
HGNN,diagnostics,op,256,1.0753687470536775e-30,1.9073392662758438e-31,8.84634820426093e-31,1.266102673681262e-30,10
HGNN,restart,base,0,1.0,0.0,1.0,1.0,10
HGNN,restart,base,1,0.03996000947332755,0.00017015876838186324,0.03978985070494569,0.04013016824170941,10
HGNN,restart,base,2,0.005057197237757655,5.334874770807762e-05,0.005003848490049577,0.005110545985465733,10
HGNN,restart,base,3,0.001081713382322165,2.0263153299323484e-05,0.0010614502290228415,0.0011019765356214885,10
HGNN,restart,base,4,0.0003184725176670068,9.005219328417769e-06,0.00030946729833858903,0.00032747773699542455,10
HGNN,restart,base,5,0.00011928255926024478,4.765506611163894e-06,0.00011451705264908088,0.00012404806587140867,10
HGNN,restart,base,6,5.3789144520131135e-05,2.792553629412713e-06,5.099659089071842e-05,5.658169814954385e-05,10
HGNN,restart,base,7,2.763677888011717e-05,1.709665011306518e-06,2.5927113868810652e-05,2.9346443891423686e-05,10
HGNN,restart,base,8,1.5423001069740716e-05,1.0670134327522696e-06,1.4355987636988447e-05,1.6490014502492987e-05,10
HGNN,restart,base,9,9.042712059238339e-06,6.728240382571243e-07,8.369888020981214e-06,9.715536097495463e-06,10
HGNN,restart,base,10,5.460425195242586e-06,4.2718913179228987e-07,5.033236063450297e-06,5.887614327034876e-06,10
HGNN,restart,base,11,3.358231965311428e-06,2.726888595085155e-07,3.085543105802912e-06,3.6309208248199435e-06,10
HGNN,restart,base,12,2.090580929791594e-06,1.7485841427000436e-07,1.9157225155215895e-06,2.2654393440615983e-06,10
HGNN,restart,base,13,1.3126891867142176e-06,1.1257398653292394e-07,1.2001152001812937e-06,1.4252631732471416e-06,10
HGNN,restart,base,14,8.296044630506543e-07,7.273280892534649e-08,7.568716541253078e-07,9.023372719760008e-07,10
HGNN,restart,base,15,5.269872795946906e-07,4.714046062117686e-08,4.798468189735138e-07,5.741277402158675e-07,10
HGNN,restart,base,16,3.361566212313542e-07,3.0638783014763626e-08,3.055178382165906e-07,3.6679540424611784e-07,10
HGNN,restart,base,17,2.151792604801362e-07,1.9962587244483277e-08,1.952166732356529e-07,2.3514184772461948e-07,10
HGNN,restart,base,18,1.3815050852634952e-07,1.3034474851496594e-08,1.2511603367485291e-07,1.5118498337784613e-07,10
HGNN,restart,base,19,8.892465662510229e-08,8.526611060360257e-09,8.039804556474203e-08,9.745126768546254e-08,10
HGNN,restart,base,20,5.7367767993179386e-08,5.586656441786615e-09,5.178111155139277e-08,6.2954424434966e-08,10
HGNN,restart,base,21,3.7082869665698264e-08,3.6653734085280902e-09,3.3417496257170175e-08,4.0748243074226354e-08,10
HGNN,restart,base,22,2.4012704401042237e-08,2.4076032895922035e-09,2.1605101111450034e-08,2.642030769063444e-08,10
HGNN,restart,base,23,1.5573594267219874e-08,1.5829703492199843e-09,1.3990623917999889e-08,1.7156564616439857e-08,10
HGNN,restart,base,24,1.0114542985015357e-08,1.0416282415439523e-09,9.072914743471404e-09,1.115617122655931e-08,10
HGNN,restart,base,25,6.577373691141064e-09,6.858753116895324e-10,5.891498379451532e-09,7.2632490028305966e-09,10
HGNN,restart,base,26,4.282079535436567e-09,4.5187554456095533e-10,3.830203990875611e-09,4.733955079997522e-09,10
HGNN,restart,base,27,2.7906577254768167e-09,2.9784481001011223e-10,2.4928129154667045e-09,3.088502535486929e-09,10
HGNN,restart,base,28,1.8204016177638496e-09,1.96391033399062e-10,1.6240105843647876e-09,2.0167926511629118e-09,10
HGNN,restart,base,29,1.1885034806332762e-09,1.2953357102491728e-10,1.0589699096083589e-09,1.3180370516581936e-09,10
HGNN,restart,base,30,7.765583256431467e-10,8.545662093680872e-11,6.91101704706338e-10,8.620149465799554e-10,10
HGNN,restart,base,31,5.077608969502085e-10,5.638839200528898e-11,4.5137250494491955e-10,5.641492889554975e-10,10
HGNN,restart,base,32,3.322233003018595e-10,3.721310573817055e-11,2.9501019456368894e-10,3.6943640604003003e-10,10
HGNN,restart,base,33,2.1750200195037056e-10,2.4561170862271243e-11,1.9294083108809931e-10,2.420631728126418e-10,10
HGNN,restart,base,34,1.42474674237808e-10,1.6211998290069475e-11,1.2626267594773853e-10,1.586866725278775e-10,10
HGNN,restart,base,35,9.33757721519425e-11,1.0701582614846036e-11,8.267418953709647e-11,1.0407735476678853e-10,10
HGNN,restart,base,36,6.122594167390955e-11,7.064395193750892e-12,5.416154648015865e-11,6.829033686766043e-11,10
HGNN,restart,base,37,4.016295248543463e-11,4.663485409853343e-12,3.5499467075581285e-11,4.4826437895287976e-11,10
HGNN,restart,base,38,2.6356650155306054e-11,3.07857256795333e-12,2.3278077587352723e-11,2.9435222723259384e-11,10
HGNN,restart,base,39,1.7302783626089062e-11,2.0322957227546256e-12,1.5270487903334436e-11,1.9335079348843688e-11,10
HGNN,restart,base,40,1.1362942061195814e-11,1.3415895823748898e-12,1.0021352478820924e-11,1.2704531643570704e-11,10
HGNN,restart,base,41,7.464548067496868e-12,8.856151223628952e-13,6.578932945133973e-12,8.350163189859764e-12,10
HGNN,restart,base,42,4.9050554008295195e-12,5.846027989520278e-13,4.320452601877492e-12,5.489658199781547e-12,10
HGNN,restart,base,43,3.224055879158872e-12,3.858919809832162e-13,2.8381638981756555e-12,3.609947860142088e-12,10
HGNN,restart,base,44,2.1196822517800775e-12,2.5471734862582463e-13,1.8649649031542527e-12,2.3743996004059024e-12,10
HGNN,restart,base,45,1.3939285529544804e-12,1.6812739018310372e-13,1.2258011627713768e-12,1.562055943137584e-12,10
HGNN,restart,base,46,9.168629330135013e-13,1.109698877301773e-13,8.05893045283324e-13,1.0278328207436786e-12,10
HGNN,restart,base,47,6.031920823277713e-13,7.324168685826938e-14,5.299503954695019e-13,6.764337691860406e-13,10
HGNN,restart,base,48,3.969061651061594e-13,4.8339039821561015e-14,3.485671252845984e-13,4.4524520492772044e-13,10
HGNN,restart,base,49,2.612132519498073e-13,3.190247022547584e-14,2.2931078172433144e-13,2.9311572217528314e-13,10
HGNN,restart,base,50,1.719381709814888e-13,2.1054137354075748e-14,1.5088403362741307e-13,1.9299230833556455e-13,10
HGNN,restart,base,51,1.1319157978408808e-13,1.3894334956524662e-14,9.929724482756341e-14,1.2708591474061274e-13,10
HGNN,restart,base,52,7.452740795194117e-14,9.169077457022939e-15,6.535833049491823e-14,8.36964854089641e-14,10
HGNN,restart,base,53,4.907651138994982e-14,6.050642923530593e-15,4.302586846641922e-14,5.5127154313480414e-14,10
HGNN,restart,base,54,3.2320876380271846e-14,3.992692705768904e-15,2.8328183674502942e-14,3.631356908604075e-14,10
HGNN,restart,base,55,2.1288283661568874e-14,2.634627527929471e-15,1.8653656133639404e-14,2.3922911189498343e-14,10
HGNN,restart,base,56,1.4023060536493309e-14,1.7384493788658065e-15,1.2284611157627503e-14,1.5761509915359116e-14,10
HGNN,restart,base,57,9.238180036563766e-15,1.1470830727954086e-15,8.091096963768357e-15,1.0385263109359175e-14,10
HGNN,restart,base,58,6.086512642522e-15,7.56864615290494e-16,5.329648027231506e-15,6.843377257812494e-15,10
HGNN,restart,base,59,4.010387917052236e-15,4.993816099388777e-16,3.5110063071133585e-15,4.509769526991114e-15,10
HGNN,restart,base,60,2.6426365438251815e-15,3.294870837940029e-16,2.3131494600311788e-15,2.9721236276191843e-15,10
HGNN,restart,base,61,1.7414833285296035e-15,2.173883315710477e-16,1.5240949969585558e-15,1.958871660100651e-15,10
HGNN,restart,base,62,1.1477038540548289e-15,1.4342554654850177e-16,1.0042783075063272e-15,1.2911294006033305e-15,10
HGNN,restart,base,63,7.5642687741482355e-16,9.462582810523801e-17,6.618010493095855e-16,8.510527055200616e-16,10
HGNN,restart,base,64,4.985730064256656e-16,6.242897383624288e-17,4.361440325894227e-16,5.610019802619085e-16,10
HGNN,restart,base,65,3.286347685092775e-16,4.1186646462698603e-17,2.8744812204657893e-16,3.698214149719761e-16,10
HGNN,restart,base,66,2.1663047822313365e-16,2.717194890147091e-17,1.8945852932166274e-16,2.4380242712460456e-16,10
HGNN,restart,base,67,1.428056508430411e-16,1.79258450653864e-17,1.248798057776547e-16,1.607314959084275e-16,10
HGNN,restart,base,68,9.414333990009619e-17,1.1825876260540192e-17,8.2317463639556e-17,1.0596921616063639e-16,10
HGNN,restart,base,69,6.206558808319882e-17,7.801573369996351e-18,5.426401471320247e-17,6.986716145319517e-17,10
HGNN,restart,base,70,4.091928116382353e-17,5.146672719971992e-18,3.577260844385154e-17,4.606595388379552e-17,10
HGNN,restart,base,71,2.6978626434872577e-17,3.39521038647671e-18,2.3583416048395866e-17,3.0373836821349287e-17,10
HGNN,restart,base,72,1.778792713266613e-17,2.2397672581770417e-18,1.5548159874489087e-17,2.0027694390843172e-17,10
HGNN,restart,base,73,1.1728528895756507e-17,1.477526968194381e-18,1.0251001927562126e-17,1.3206055863950889e-17,10
HGNN,restart,base,74,7.733454425017466e-18,9.74685513059258e-19,6.7587689119582075e-18,8.708139938076724e-18,10
HGNN,restart,base,75,5.099345823587318e-18,6.429695505913436e-19,4.456376272995974e-18,5.742315374178662e-18,10
HGNN,restart,base,76,3.3625253444807786e-18,4.241439909367241e-19,2.9383813535440543e-18,3.786669335417503e-18,10
HGNN,restart,base,77,2.2173084262391833e-18,2.797908130354622e-19,1.937517613203721e-18,2.4970992392746456e-18,10
HGNN,restart,base,78,1.4621617366927281e-18,1.8456569879440104e-19,1.277596037898327e-18,1.6467274354871292e-18,10
HGNN,restart,base,79,9.642127331123675e-19,1.2174920081705957e-19,8.42463532295308e-19,1.085961933929427e-18,10
HGNN,restart,base,80,6.35854675707163e-19,8.031173339244239e-20,5.5554294231472065e-19,7.161664090996053e-19,10
HGNN,restart,base,81,4.1932416933869584e-19,5.2977295954852657e-20,3.663468733838432e-19,4.723014652935485e-19,10
HGNN,restart,base,82,2.7653393872819487e-19,3.4946092964990254e-20,2.415878457632046e-19,3.1148003169318514e-19,10
HGNN,restart,base,83,1.8236984787184465e-19,2.30518431439058e-20,1.5931800472793886e-19,2.0542169101575043e-19,10
HGNN,restart,base,84,1.2027164531087056e-19,1.5205860329387633e-20,1.0506578498148293e-19,1.354775056402582e-19,10
HGNN,restart,base,85,7.931926601055817e-20,1.0030319554436756e-20,6.928894645612141e-20,8.934958556499493e-20,10
HGNN,restart,base,86,5.2311716021673227e-20,6.616328846816013e-21,4.569538717485721e-20,5.892804486848924e-20,10
HGNN,restart,base,87,3.4500369448921347e-20,4.364334592273079e-21,3.013603485664827e-20,3.8864704041194423e-20,10
HGNN,restart,base,88,2.2753735334731466e-20,2.8788413501361234e-21,1.9874893984595343e-20,2.563257668486759e-20,10
HGNN,restart,base,89,1.5006711636993295e-20,1.8989619032511986e-21,1.3107749733742097e-20,1.6905673540244494e-20,10
HGNN,restart,base,90,9.897419404646489e-21,1.2526036736350166e-21,8.644815731011473e-21,1.1150023078281506e-20,10
HGNN,restart,base,91,6.5277235616680524e-21,8.262473803850244e-22,5.701476181283028e-21,7.353970942053076e-21,10
HGNN,restart,base,92,4.305312100719617e-21,5.450113759366872e-22,3.7603007247829296e-21,4.850323476656304e-21,10
HGNN,restart,base,93,2.839555802090647e-21,3.595010501138708e-22,2.4800547519767763e-21,3.1990568522045178e-21,10
HGNN,restart,base,94,1.872832132622274e-21,2.3713406518563306e-22,1.635698067436641e-21,2.109966197807907e-21,10
HGNN,restart,base,95,1.235235548217203e-21,1.5641808761955825e-22,1.0788174605976447e-21,1.3916536358367612e-21,10
HGNN,restart,base,96,8.1470994594144145e-22,1.0317614445281799e-22,7.115338014886234e-22,9.178860903942594e-22,10
HGNN,restart,base,97,5.373514152363356e-22,6.80567122197007e-23,4.69294703016635e-22,6.054081274560363e-22,10
HGNN,restart,base,98,3.5441799541056174e-22,4.489128388341566e-23,3.0952671152714607e-22,3.993092792939774e-22,10
HGNN,restart,base,99,2.337625730471166e-22,2.961096237262507e-23,2.0415161067449155e-22,2.633735354197417e-22,10
HGNN,restart,base,100,1.541827926567613e-22,1.953181053861278e-23,1.3465098211814851e-22,1.7371460319537408e-22,10
HGNN,restart,base,101,1.0169472535267119e-22,1.288344442021868e-23,8.881128093245251e-23,1.1457816977288986e-22,10
HGNN,restart,base,102,6.707526944252636e-23,8.49808400134489e-24,5.857718544118147e-23,7.557335344387126e-23,10
HGNN,restart,base,103,4.424129144622829e-23,5.6054390780645295e-24,3.863585236816376e-23,4.9846730524292824e-23,10
HGNN,restart,base,104,2.918061502407289e-23,3.697412147294783e-24,2.5483202876778106e-23,3.287802717136767e-23,10
HGNN,restart,base,105,1.9246965417462215e-23,2.4388535284250826e-24,1.6808111889037134e-23,2.1685818945887296e-23,10
HGNN,restart,base,106,1.2694955744504074e-23,1.6086932713821778e-24,1.1086262473121897e-23,1.4303649015886252e-23,10
HGNN,restart,base,107,8.373386429614486e-24,1.0611101228802474e-24,7.312276306734239e-24,9.434496552494734e-24,10
HGNN,restart,base,108,5.522961572987479e-24,6.999183910185195e-25,4.823043181968959e-24,6.2228799640059984e-24,10
HGNN,restart,base,109,3.642870952348343e-24,4.616725442751787e-25,3.181198408073165e-24,4.104543496623522e-24,10
HGNN,restart,base,110,2.4027930633144062e-24,3.045232491092397e-25,2.0982698142051666e-24,2.707316312423646e-24,10
HGNN,restart,base,111,1.584855645800874e-24,2.0086609914364046e-25,1.3839895466572335e-24,1.7857217449445144e-24,10
HGNN,restart,base,112,1.0453548968997058e-24,1.3249290334472833e-25,9.128619935549776e-25,1.177847800244434e-24,10
HGNN,restart,base,113,6.8950664653482825e-25,8.739334350994987e-26,6.021133030248784e-25,7.768999900447781e-25,10
HGNN,restart,base,114,4.547929872431377e-25,5.764530761545704e-26,3.9714767962768067e-25,5.124382948585947e-25,10
HGNN,restart,base,115,2.9997814520921573e-25,3.8023256376992376e-26,2.619548888322234e-25,3.380014015862081e-25,10
HGNN,restart,base,116,1.9786364255966742e-25,2.5080403028884775e-26,1.7278323953078265e-25,2.229440455885522e-25,10
HGNN,restart,base,117,1.3050972456809419e-25,1.6543204601704548e-26,1.1396651996638965e-25,1.4705292916979873e-25,10
HGNN,restart,base,118,8.608355376793846e-26,1.0912004606260329e-26,7.517154916167812e-26,9.699555837419879e-26,10
HGNN,restart,base,119,5.678033069033934e-26,7.19762420322608e-27,4.958270648711326e-26,6.397795489356541e-26,10
HGNN,restart,base,120,3.745208861324503e-26,4.7475977301480595e-27,3.270449088309697e-26,4.2199686343393086e-26,10
HGNN,restart,base,121,2.4703275458269502e-26,3.131544537779664e-27,2.157173092048984e-26,2.7834819996049165e-26,10
HGNN,restart,base,122,1.6294211305078335e-26,2.0655831919589848e-27,1.4228628113119352e-26,1.835979449703732e-26,10
HGNN,restart,base,123,1.0747623836841042e-26,1.3624693668172187e-27,9.385154470023824e-27,1.211009320365826e-26,10
HGNN,restart,base,124,7.089111853973204e-27,8.986922473783297e-28,6.190419606594875e-27,7.987804101351534e-27,10
HGNN,restart,base,125,4.675967387036613e-27,5.927829037187444e-28,4.083184483317868e-27,5.268750290755357e-27,10
HGNN,restart,base,126,3.084263236426565e-27,3.910028096296361e-28,2.693260426796929e-27,3.4752660460562014e-27,10
HGNN,restart,base,127,2.0343778076918798e-27,2.5790731562646875e-28,1.776470492065411e-27,2.2922851233183486e-27,10
HGNN,restart,base,128,1.3418749680247381e-27,1.701168170247416e-28,1.1717581509999965e-27,1.5119917850494798e-27,10
HGNN,restart,base,129,8.851005561487652e-28,1.1221006790917197e-28,7.728904882395932e-28,9.973106240579373e-28,10
HGNN,restart,base,130,5.838126544484486e-28,7.4014013601134e-29,5.097986408473146e-28,6.578266680495826e-28,10
HGNN,restart,base,131,3.8508294032059843e-28,4.8820126402314693e-29,3.362628139182837e-28,4.3390306672291315e-28,10
HGNN,restart,base,132,2.5400091702105753e-28,3.2201873476179035e-29,2.217990435448785e-28,2.8620279049723656e-28,10
HGNN,restart,base,133,1.6753931618337307e-28,2.124063547447432e-29,1.4629868070889875e-28,1.887799516578474e-28,10
HGNN,restart,base,134,1.1050918399120441e-28,1.4010449966079102e-29,9.649873402512531e-29,1.2451963395728351e-28,10
HGNN,restart,base,135,7.289215732398326e-29,9.24128689793999e-30,6.365087042604327e-29,8.213344422192325e-29,10
HGNN,restart,base,136,4.8079976562570933e-29,6.095486132297571e-30,4.198449043027336e-29,5.417546269486851e-29,10
HGNN,restart,base,137,3.1713754352924015e-29,4.020677307585183e-30,2.7693077045338834e-29,3.5734431660509196e-29,10
HGNN,restart,base,138,2.091860355548165e-29,2.6520471430916906e-30,1.8266556412389958e-29,2.357065069857334e-29,10
HGNN,restart,base,139,1.3798126171576652e-29,1.7492855697127325e-30,1.204884060186392e-29,1.5547411741289384e-29,10
HGNN,restart,base,140,9.101480337940696e-30,1.1538501259700472e-30,7.947630211970649e-30,1.0255330463910742e-29,10
HGNN,restart,base,141,6.0035460772270524e-30,7.610682257372745e-31,5.242477851489778e-30,6.764614302964326e-30,10
HGNN,restart,base,142,3.9601241399533524e-30,5.019549562528973e-31,3.458169183700455e-30,4.46207909620625e-30,10
HGNN,restart,base,143,2.6122782884770875e-30,3.3111766703530407e-31,2.2811606214417834e-30,2.9433959555123916e-30,10
HGNN,restart,base,144,1.7232461592861993e-30,2.1838415577976276e-31,1.5048620035064366e-30,1.9416303150659622e-30,10
HGNN,restart,base,145,1.1368579387928768e-30,1.440612503331763e-31,9.927966884597005e-31,1.280919189126053e-30,10
HGNN,restart,base,146,7.500560102595149e-31,9.500907571873904e-32,6.550469345407758e-31,8.450650859782539e-31,10
HGNN,restart,base,147,4.949377689966408e-31,6.266977371684802e-32,4.322679952797928e-31,5.576075427134889e-31,10
HGNN,restart,base,148,3.26679112749504e-31,4.135845475500412e-32,2.853206579944999e-31,3.680375675045081e-31,10
HGNN,restart,base,149,2.15691836598599e-31,2.729331524294292e-32,1.8839852135565606e-31,2.429851518415419e-31,10
HGNN,restart,base,150,1.425053978397309e-31,1.800289562176202e-32,1.245025022179689e-31,1.6050829346149292e-31,10
HGNN,restart,base,151,9.42225142022762e-32,1.1892619556285668e-32,8.232989464599053e-32,1.0611513375856188e-31,10
HGNN,restart,base,152,6.238947885211973e-32,7.870298673483538e-33,5.451918017863619e-32,7.025977752560326e-32,10
HGNN,restart,base,153,4.139127674007321e-32,5.2156522539214135e-33,3.6175624486151795e-32,4.660692899399462e-32,10
HGNN,restart,base,154,2.75462115157875e-32,3.47108832170327e-33,2.4075123194084233e-32,3.101729983749077e-32,10
HGNN,restart,base,155,1.8423816782428916e-32,2.3104028706767418e-33,1.6113413911752174e-32,2.0734219653105657e-32,10
HGNN,restart,base,156,1.2410682952499456e-32,1.556240131245316e-33,1.0854442821254141e-32,1.3966923083744772e-32,10
HGNN,restart,base,157,8.446271736718354e-33,1.047632189837035e-33,7.39863954688132e-33,9.49390392655539e-33,10
HGNN,restart,base,158,5.849545746975346e-33,7.48648229431318e-34,5.100897517544028e-33,6.598193976406664e-33,10
HGNN,restart,base,159,4.1230983545482876e-33,5.429723747222098e-34,3.580125979826078e-33,4.666070729270497e-33,10
HGNN,restart,base,160,2.9951260873104695e-33,4.057660992354272e-34,2.5893599880750422e-33,3.400892186545896e-33,10
HGNN,restart,base,161,2.256878282533588e-33,3.2210669474928846e-34,1.9347715877842995e-33,2.5789849772828765e-33,10
HGNN,restart,base,162,1.7635589344326887e-33,2.6306488049627528e-34,1.5004940539364135e-33,2.026623814928964e-33,10
HGNN,restart,base,163,1.4228560081908484e-33,2.273118454803309e-34,1.1955441627105175e-33,1.6501678536711794e-33,10
HGNN,restart,base,164,1.2077228367496302e-33,2.0394159986534705e-34,1.0037812368842832e-33,1.4116644366149772e-33,10
HGNN,restart,base,165,1.0671551688405105e-33,1.6645816978430744e-34,9.00696999056203e-34,1.233613338624818e-33,10
HGNN,restart,base,166,9.632177986850315e-34,1.3953280377699767e-34,8.236849949080337e-34,1.1027506024620292e-33,10
HGNN,restart,base,167,8.816714629645739e-34,1.3616124131299314e-34,7.4551022165158076e-34,1.017832704277567e-33,10
HGNN,restart,base,168,8.317610554753344e-34,1.2498708014475203e-34,7.067739753305824e-34,9.567481356200864e-34,10
HGNN,restart,base,169,7.8576294679249e-34,1.2042858317186563e-34,6.653343636206243e-34,9.061915299643556e-34,10
HGNN,restart,base,170,7.497059285608972e-34,1.2783371266889867e-34,6.2187221589199855e-34,8.775396412297958e-34,10
HGNN,restart,base,171,7.241040292625809e-34,1.3828506426288267e-34,5.858189649996982e-34,8.623890935254636e-34,10
HGNN,restart,base,172,7.1477216010115915e-34,1.3966314203292323e-34,5.751090180682359e-34,8.544353021340823e-34,10
HGNN,restart,base,173,7.112220239900196e-34,1.3027449464565247e-34,5.809475293443672e-34,8.414965186356721e-34,10
HGNN,restart,base,174,7.1377388186018485e-34,1.2251612879088685e-34,5.91257753069298e-34,8.362900106510717e-34,10
HGNN,restart,base,175,7.278999167479147e-34,1.0660386609419194e-34,6.212960506537227e-34,8.345037828421066e-34,10
HGNN,restart,base,176,7.533403100293851e-34,1.0958045322939934e-34,6.437598567999857e-34,8.629207632587845e-34,10
HGNN,restart,base,177,7.5778911768524185e-34,1.156123622200276e-34,6.421767554652143e-34,8.734014799052694e-34,10
HGNN,restart,base,178,7.5207836000625735e-34,1.1209692150772157e-34,6.399814384985358e-34,8.64175281513979e-34,10
HGNN,restart,base,179,7.5007524852410406e-34,1.1132589837390182e-34,6.387493501502022e-34,8.614011468980059e-34,10
HGNN,restart,base,180,7.497611183905414e-34,1.1154396495911447e-34,6.38217153431427e-34,8.61305083349656e-34,10
HGNN,restart,base,181,7.4971232791045105e-34,1.1180461984291885e-34,6.379077080675322e-34,8.615169477533699e-34,10
HGNN,restart,base,182,7.497883377251881e-34,1.1198258713664815e-34,6.3780575058853994e-34,8.617709248618363e-34,10
HGNN,restart,base,183,7.499114425044875e-34,1.1200736644346057e-34,6.37904076061027e-34,8.61918808947948e-34,10
HGNN,restart,base,184,7.500976557518497e-34,1.1210478273557973e-34,6.3799287301627e-34,8.622024384874295e-34,10
HGNN,restart,base,185,7.50313111992646e-34,1.1201769631232546e-34,6.382954156803205e-34,8.623308083049714e-34,10
HGNN,restart,base,186,7.504807095938829e-34,1.1194722980821548e-34,6.385334797856675e-34,8.624279394020984e-34,10
HGNN,restart,base,187,7.508054398001765e-34,1.1157649031128857e-34,6.392289494888879e-34,8.62381930111465e-34,10
HGNN,restart,base,188,7.511177902497067e-34,1.1147660450916348e-34,6.3964118574054315e-34,8.625943947588702e-34,10
HGNN,restart,base,189,7.51229584142717e-34,1.1121546866174345e-34,6.400141154809736e-34,8.624450528044605e-34,10
HGNN,restart,base,190,7.510363270846391e-34,1.1108286956517933e-34,6.399534575194598e-34,8.621191966498184e-34,10
HGNN,restart,base,191,7.508226487919256e-34,1.1096367106824235e-34,6.398589777236832e-34,8.61786319860168e-34,10
HGNN,restart,base,192,7.5062220734766985e-34,1.1086269121189126e-34,6.397595161357786e-34,8.614848985595612e-34,10
HGNN,restart,base,193,7.505199112629236e-34,1.1081242589355328e-34,6.3970748536937025e-34,8.613323371564769e-34,10
HGNN,restart,base,194,7.504946436973015e-34,1.108157910189371e-34,6.396788526783644e-34,8.613104347162386e-34,10
HGNN,restart,base,195,7.504899093937165e-34,1.1080166793624963e-34,6.396882414574668e-34,8.612915773299661e-34,10
HGNN,restart,base,196,7.505361871408709e-34,1.1089115709007418e-34,6.396450300507967e-34,8.61427344230945e-34,10
HGNN,restart,base,197,7.505817045765111e-34,1.1095718185645918e-34,6.396245227200519e-34,8.615388864329702e-34,10
HGNN,restart,base,198,7.507400163845689e-34,1.1116397767087083e-34,6.395760387136981e-34,8.619039940554397e-34,10
HGNN,restart,base,199,7.5082842823029125e-34,1.1130103589563376e-34,6.395273923346575e-34,8.62129464125925e-34,10
HGNN,restart,base,200,7.5113896563534e-34,1.1175082788765409e-34,6.393881377476859e-34,8.62889793522994e-34,10
HGNN,restart,base,201,7.511847606305638e-34,1.1186435561748244e-34,6.393204050130813e-34,8.630491162480462e-34,10
HGNN,restart,base,202,7.511937925568198e-34,1.1189625131202354e-34,6.392975412447962e-34,8.630900438688433e-34,10
HGNN,restart,base,203,7.512094271180947e-34,1.118881077979203e-34,6.393213193201744e-34,8.63097534916015e-34,10
HGNN,restart,base,204,7.512029967237332e-34,1.1189767226331886e-34,6.393053244604144e-34,8.63100668987052e-34,10
HGNN,restart,base,205,7.512005849207602e-34,1.1190345446305467e-34,6.3929713045770555e-34,8.631040393838148e-34,10
HGNN,restart,base,206,7.511928345125323e-34,1.1191636042996072e-34,6.3927647408257166e-34,8.63109194942493e-34,10
HGNN,restart,base,207,7.5119530811388276e-34,1.1191321464368754e-34,6.392820934701952e-34,8.631085227575704e-34,10
HGNN,restart,base,208,7.511961393094913e-34,1.1191392368042324e-34,6.392822156290681e-34,8.631100629899146e-34,10
HGNN,restart,base,209,7.5119592896215035e-34,1.1191367357205499e-34,6.392822553900953e-34,8.631096025342054e-34,10
HGNN,restart,base,210,7.511950226238248e-34,1.1191266324736491e-34,6.392823593764599e-34,8.631076858711898e-34,10
HGNN,restart,base,211,7.511959770234253e-34,1.1191374856704948e-34,6.3928222845637575e-34,8.631097255904748e-34,10
HGNN,restart,base,212,7.511974882010302e-34,1.119150568029362e-34,6.39282431398094e-34,8.631125450039664e-34,10
HGNN,restart,base,213,7.511984722189022e-34,1.1191620326323968e-34,6.392822689556626e-34,8.631146754821419e-34,10
HGNN,restart,base,214,7.5119923666886755e-34,1.119166398035634e-34,6.392825968653041e-34,8.63115876472431e-34,10
HGNN,restart,base,215,7.51199127456634e-34,1.1191654354328205e-34,6.39282583913352e-34,8.63115670999916e-34,10
HGNN,restart,base,216,7.5119903503877245e-34,1.1191642397336667e-34,6.392826110654058e-34,8.631154590121392e-34,10
HGNN,restart,base,217,7.51198961320078e-34,1.1191639226858048e-34,6.392825690514975e-34,8.631153535886584e-34,10
HGNN,restart,base,218,7.511989747710729e-34,1.119163924726034e-34,6.392825822984694e-34,8.631153672436763e-34,10
HGNN,restart,base,219,7.51199030893601e-34,1.1191638421114971e-34,6.392826466824513e-34,8.631154151047506e-34,10
HGNN,restart,base,220,7.511990671033222e-34,1.1191638335626045e-34,6.392826837470618e-34,8.631154504595827e-34,10
HGNN,restart,base,221,7.511990497148776e-34,1.1191638247300588e-34,6.392826672418718e-34,8.631154321878836e-34,10
HGNN,restart,base,222,7.5119937290636965e-34,1.1191638215043354e-34,6.392829907559361e-34,8.631157550568033e-34,10
HGNN,restart,base,223,7.511995421683113e-34,1.1191638202436034e-34,6.3928316014395094e-34,8.631159241926716e-34,10
HGNN,restart,base,224,7.511995603112793e-34,1.1191638201099863e-34,6.392831783002807e-34,8.631159423222779e-34,10
HGNN,restart,base,225,7.511999307211571e-34,1.1191638174463353e-34,6.392835489765236e-34,8.631163124657907e-34,10
HGNN,restart,base,226,7.51200304010009e-34,1.1191638148860091e-34,6.392839225214081e-34,8.6311668549861e-34,10
HGNN,restart,base,227,7.512002266579536e-34,1.1191638154063271e-34,6.392838451173209e-34,8.631166081985864e-34,10
HGNN,restart,base,228,7.5120066947674295e-34,1.1191638124999549e-34,6.392842882267474e-34,8.631170507267385e-34,10
HGNN,restart,base,229,7.512014984039663e-34,1.1191638075303902e-34,6.392851176509273e-34,8.631178791570054e-34,10
HGNN,restart,base,230,7.512024406432598e-34,1.1191638026270845e-34,6.392860603805513e-34,8.631188209059683e-34,10
HGNN,restart,base,231,7.5120321492429795e-34,1.119163799191592e-34,6.392868350051387e-34,8.631195948434572e-34,10
HGNN,restart,base,232,7.5120431181338205e-34,1.1191637952416484e-34,6.392879322892172e-34,8.63120691337547e-34,10
HGNN,restart,base,233,7.512064004275196e-34,1.1191637906928984e-34,6.392900213582297e-34,8.631227794968094e-34,10
HGNN,restart,base,234,7.512100324433086e-34,1.1191637920653688e-34,6.392936532367717e-34,8.631264116498454e-34,10
HGNN,restart,base,235,7.5121687489532035e-34,1.1191638266709104e-34,6.393004922282293e-34,8.631332575624114e-34,10
HGNN,restart,base,236,7.51229393326002e-34,1.119163998263349e-34,6.39312993499667e-34,8.631457931523369e-34,10
HGNN,restart,base,237,7.512421449535754e-34,1.1191643170142898e-34,6.3932571325214645e-34,8.631585766550043e-34,10
HGNN,restart,base,238,7.512491267370635e-34,1.1191645530894211e-34,6.393326714281213e-34,8.631655820460056e-34,10
HGNN,restart,base,239,7.512471402993417e-34,1.1191644814887904e-34,6.393306921504626e-34,8.631635884482207e-34,10
HGNN,restart,base,240,7.512475009858923e-34,1.1191644942276685e-34,6.393310515631254e-34,8.631639504086592e-34,10
HGNN,restart,base,241,7.5124526255646755e-34,1.1191644170477094e-34,6.393288208516966e-34,8.631617042612386e-34,10
HGNN,restart,base,242,7.512442270492814e-34,1.1191643828585284e-34,6.393277887634286e-34,8.631606653351343e-34,10
HGNN,restart,base,243,7.512431289108314e-34,1.1191643476482394e-34,6.393266941460074e-34,8.631595636756553e-34,10
HGNN,restart,base,244,7.512430371095857e-34,1.1191643447535632e-34,6.3932660263422935e-34,8.63159471584942e-34,10
HGNN,restart,base,245,7.512430794793915e-34,1.119164346088632e-34,6.3932664487052825e-34,8.631595140882547e-34,10
HGNN,restart,base,246,7.512430746992082e-34,1.1191643459379285e-34,6.393266401054154e-34,8.63159509293001e-34,10
HGNN,restart,base,247,7.512430782300253e-34,1.1191643460492415e-34,6.3932664362510115e-34,8.631595128349495e-34,10
HGNN,restart,base,248,7.512431226096807e-34,1.1191643474493109e-34,6.393266878647497e-34,8.631595573546118e-34,10
HGNN,restart,base,249,7.512431222837592e-34,1.1191643474390224e-34,6.3932668753985695e-34,8.631595570276614e-34,10
HGNN,restart,base,250,7.512431222837592e-34,1.1191643474390224e-34,6.3932668753985695e-34,8.631595570276614e-34,10
HGNN,restart,base,251,7.512431222837592e-34,1.1191643474390224e-34,6.3932668753985695e-34,8.631595570276614e-34,10
HGNN,restart,base,252,7.512431222837592e-34,1.1191643474390224e-34,6.3932668753985695e-34,8.631595570276614e-34,10
HGNN,restart,base,253,7.512431222837592e-34,1.1191643474390224e-34,6.3932668753985695e-34,8.631595570276614e-34,10
HGNN,restart,base,254,7.512431222837592e-34,1.1191643474390224e-34,6.3932668753985695e-34,8.631595570276614e-34,10
HGNN,restart,base,255,7.512431222837592e-34,1.1191643474390224e-34,6.3932668753985695e-34,8.631595570276614e-34,10
HGNN,restart,base,256,7.512431222837592e-34,1.1191643474390224e-34,6.3932668753985695e-34,8.631595570276614e-34,10
HGNN,restart,restart,0,1.0,0.0,1.0,1.0,10
HGNN,restart,restart,1,0.07166723659676952,0.00019565211285030507,0.07147158448391921,0.07186288870961982,10
HGNN,restart,restart,2,0.024939354037543427,7.739434915795358e-05,0.024861959688385473,0.02501674838670138,10
HGNN,restart,restart,3,0.01751960036167368,4.207835165005486e-05,0.017477522010023627,0.017561678713323734,10
HGNN,restart,restart,4,0.015644774639067254,2.795113646148826e-05,0.015616823502605766,0.015672725775528744,10
HGNN,restart,restart,5,0.015038786497830239,2.177949135788153e-05,0.015017007006472358,0.01506056598918812,10
HGNN,restart,restart,6,0.01481015146170157,1.8947096408059165e-05,0.014791204365293511,0.014829098558109629,10
HGNN,restart,restart,7,0.014713896195225446,1.7564403040532355e-05,0.014696331792184913,0.014731460598265978,10
HGNN,restart,restart,8,0.014669786218514346,1.6838908693536212e-05,0.014652947309820809,0.014686625127207883,10
HGNN,restart,restart,9,0.014648104626033207,1.6431410018940586e-05,0.014631673216014267,0.014664536036052146,10
HGNN,restart,restart,10,0.014636779764369195,1.618907128223063e-05,0.014620590693086966,0.014652968835651425,10
HGNN,restart,restart,11,0.014630536585723017,1.6038264097413167e-05,0.014614498321625603,0.01464657484982043,10
HGNN,restart,restart,12,0.014626926014348115,1.5941075289866076e-05,0.014610984939058248,0.014642867089637981,10
HGNN,restart,restart,13,0.014624749002194376,1.5876767195534744e-05,0.014608872234998842,0.01464062576938991,10
HGNN,restart,restart,14,0.014623389169609063,1.5833377388156785e-05,0.014607555792220906,0.01463922254699722,10
HGNN,restart,restart,15,0.014622514745838389,1.5803681866907824e-05,0.01460671106397148,0.014638318427705297,10
HGNN,restart,restart,16,0.01462193921806636,1.5783147858569932e-05,0.014606156070207791,0.01463772236592493,10
HGNN,restart,restart,17,0.014621553419631042,1.5768842198076004e-05,0.014605784577432966,0.014637322261829119,10
HGNN,restart,restart,18,0.014621291096106884,1.5758820847867448e-05,0.014605532275259016,0.014637049916954753,10
HGNN,restart,restart,19,0.01462111075149509,1.5751771873585483e-05,0.014605358979621504,0.014636862523368675,10
HGNN,restart,restart,20,0.014620985700277051,1.5746798026378785e-05,0.014605238902250673,0.01463673249830343,10
HGNN,restart,restart,21,0.014620898406623973,1.574327964900154e-05,0.01460515512697497,0.014636641686272975,10
HGNN,restart,restart,22,0.014620837146024723,1.57407857293222e-05,0.0146050963602954,0.014636577931754045,10
HGNN,restart,restart,23,0.014620793971235238,1.5739014886187758e-05,0.01460505495634905,0.014636532986121427,10
HGNN,restart,restart,24,0.014620763436838139,1.5737755544273025e-05,0.014605025681293866,0.014636501192382412,10
HGNN,restart,restart,25,0.01462074177968731,1.573685871745121e-05,0.014605004920969859,0.014636478638404763,10
HGNN,restart,restart,26,0.014620726381502112,1.5736219235801317e-05,0.01460499016226631,0.014636462600737914,10
HGNN,restart,restart,27,0.014620715410613761,1.5735762708365047e-05,0.014604979647905397,0.014636451173322126,10
HGNN,restart,restart,28,0.014620707579950983,1.5735436423384662e-05,0.014604972143527599,0.014636443016374368,10
HGNN,restart,restart,29,0.014620701981803663,1.573520297254175e-05,0.014604966778831122,0.014636437184776203,10
HGNN,restart,restart,30,0.014620697974041993,1.5735035770491194e-05,0.014604962938271501,0.014636433009812485,10
HGNN,restart,restart,31,0.014620695101227436,1.5734915898723202e-05,0.014604960185328713,0.014636430017126159,10
HGNN,restart,restart,32,0.01462069303960889,1.5734829877850276e-05,0.01460495820973104,0.01463642786948674,10
HGNN,restart,restart,33,0.014620691558595165,1.5734768092510743e-05,0.014604956790502653,0.014636426326687676,10
HGNN,restart,restart,34,0.014620690493664365,1.573472367592122e-05,0.014604955769988444,0.014636425217340286,10
HGNN,restart,restart,35,0.014620689727253139,1.573469171885451e-05,0.014604955035534285,0.014636424418971993,10
HGNN,restart,restart,36,0.01462068917523759,1.5734668707900402e-05,0.01460495450652969,0.014636423843945489,10
HGNN,restart,restart,37,0.014620688777346694,1.5734652126062357e-05,0.01460495412522063,0.014636423429472757,10
HGNN,restart,restart,38,0.014620688490349882,1.5734640168417417e-05,0.014604953850181464,0.0146364231305183,10
HGNN,restart,restart,39,0.014620688283206987,1.5734631539455736e-05,0.014604953651667531,0.014636422914746443,10
HGNN,restart,restart,40,0.014620688133609432,1.5734625308470824e-05,0.01460495350830096,0.014636422758917904,10
HGNN,restart,restart,41,0.01462068802550991,1.5734620806258575e-05,0.014604953404703651,0.014636422646316169,10
HGNN,restart,restart,42,0.014620687947355623,1.5734617551249482e-05,0.014604953329804373,0.014636422564906873,10
HGNN,restart,restart,43,0.014620687890823181,1.5734615196618273e-05,0.014604953275626564,0.014636422506019799,10
HGNN,restart,restart,44,0.014620687849911626,1.5734613492403412e-05,0.014604953236419223,0.014636422463404028,10
HGNN,restart,restart,45,0.014620687820291568,1.5734612258319363e-05,0.014604953208033249,0.014636422432549886,10
HGNN,restart,restart,46,0.014620687798837637,1.573461136424673e-05,0.01460495318747339,0.014636422410201884,10
HGNN,restart,restart,47,0.014620687783292338,1.5734610716214903e-05,0.014604953172576122,0.014636422394008553,10
HGNN,restart,restart,48,0.01462068777202417,1.5734610246314454e-05,0.014604953161777855,0.014636422382270486,10
HGNN,restart,restart,49,0.01462068776385344,1.5734609905442636e-05,0.014604953153947999,0.014636422373758883,10
HGNN,restart,restart,50,0.014620687757926718,1.57346096580769e-05,0.01460495314826864,0.014636422367584796,10
HGNN,restart,restart,51,0.014620687753626344,1.5734609478501344e-05,0.014604953144147843,0.014636422363104844,10
HGNN,restart,restart,52,0.014620687750505087,1.5734609348093182e-05,0.014604953141156994,0.01463642235985318,10
HGNN,restart,restart,53,0.014620687748238992,1.5734609253362762e-05,0.014604953138985629,0.014636422357492355,10
HGNN,restart,restart,54,0.014620687746593312,1.5734609184525157e-05,0.014604953137408786,0.014636422355777837,10
HGNN,restart,restart,55,0.014620687745397876,1.573460913449111e-05,0.014604953136263385,0.014636422354532367,10
HGNN,restart,restart,56,0.014620687744529282,1.5734609098111855e-05,0.01460495313543117,0.014636422353627394,10
HGNN,restart,restart,57,0.014620687743898023,1.5734609071655858e-05,0.014604953134826367,0.01463642235296968,10
HGNN,restart,restart,58,0.014620687743439142,1.5734609052412838e-05,0.01460495313438673,0.014636422352491555,10
HGNN,restart,restart,59,0.014620687743105498,1.573460903840942e-05,0.014604953134067088,0.014636422352143907,10
HGNN,restart,restart,60,0.014620687742862862,1.5734609028219314e-05,0.014604953133834642,0.014636422351891082,10
HGNN,restart,restart,61,0.014620687742686373,1.5734609020802226e-05,0.01460495313366557,0.014636422351707175,10
HGNN,restart,restart,62,0.014620687742557972,1.573460901540237e-05,0.01460495313354257,0.014636422351573374,10
HGNN,restart,restart,63,0.014620687742464542,1.5734609011470884e-05,0.01460495313345307,0.014636422351476013,10
HGNN,restart,restart,64,0.014620687742396546,1.5734609008607452e-05,0.014604953133387938,0.014636422351405153,10
HGNN,restart,restart,65,0.014620687742347049,1.573460900652013e-05,0.014604953133340528,0.014636422351353569,10
HGNN,restart,restart,66,0.01462068774231102,1.5734609005001135e-05,0.01460495313330602,0.014636422351316021,10
HGNN,restart,restart,67,0.014620687742284783,1.5734609003893487e-05,0.014604953133280888,0.014636422351288677,10
HGNN,restart,restart,68,0.014620687742265678,1.57346090030866e-05,0.01460495313326259,0.014636422351268765,10
HGNN,restart,restart,69,0.014620687742251762,1.5734609002498264e-05,0.014604953133249264,0.01463642235125426,10
HGNN,restart,restart,70,0.014620687742241628,1.5734609002068845e-05,0.014604953133239559,0.014636422351243697,10
HGNN,restart,restart,71,0.014620687742234243,1.5734609001757473e-05,0.014604953133232486,0.014636422351236,10
HGNN,restart,restart,72,0.01462068774222886,1.5734609001528957e-05,0.01460495313322733,0.01463642235123039,10
HGNN,restart,restart,73,0.014620687742224941,1.5734609001362664e-05,0.014604953133223578,0.014636422351226305,10
HGNN,restart,restart,74,0.014620687742222083,1.573460900124194e-05,0.014604953133220841,0.014636422351223324,10
HGNN,restart,restart,75,0.014620687742220001,1.573460900115395e-05,0.014604953133218848,0.014636422351221154,10
HGNN,restart,restart,76,0.014620687742218483,1.5734609001090184e-05,0.014604953133217392,0.014636422351219574,10
HGNN,restart,restart,77,0.014620687742217375,1.573460900104203e-05,0.014604953133216332,0.014636422351218417,10
HGNN,restart,restart,78,0.01462068774221657,1.573460900100905e-05,0.01460495313321556,0.014636422351217579,10
HGNN,restart,restart,79,0.01462068774221598,1.573460900098222e-05,0.014604953133214998,0.014636422351216961,10
HGNN,restart,restart,80,0.014620687742215551,1.5734609000964948e-05,0.014604953133214587,0.014636422351216516,10
HGNN,restart,restart,81,0.014620687742215237,1.5734609000951162e-05,0.014604953133214285,0.01463642235121619,10
HGNN,restart,restart,82,0.01462068774221501,1.573460900094005e-05,0.01460495313321407,0.01463642235121595,10
HGNN,restart,restart,83,0.014620687742214844,1.5734609000934113e-05,0.014604953133213909,0.014636422351215778,10
HGNN,restart,restart,84,0.014620687742214722,1.5734609000929203e-05,0.014604953133213793,0.014636422351215652,10
HGNN,restart,restart,85,0.014620687742214634,1.57346090009252e-05,0.014604953133213708,0.01463642235121556,10
HGNN,restart,restart,86,0.01462068774221457,1.5734609000922447e-05,0.014604953133213647,0.014636422351215492,10
HGNN,restart,restart,87,0.01462068774221452,1.573460900092129e-05,0.014604953133213599,0.01463642235121544,10
HGNN,restart,restart,88,0.014620687742214486,1.573460900091934e-05,0.014604953133213567,0.014636422351215405,10
HGNN,restart,restart,89,0.01462068774221446,1.5734609000917416e-05,0.014604953133213543,0.014636422351215378,10
HGNN,restart,restart,90,0.014620687742214441,1.5734609000917152e-05,0.014604953133213524,0.014636422351215359,10
HGNN,restart,restart,91,0.014620687742214427,1.5734609000916986e-05,0.01460495313321351,0.014636422351215345,10
HGNN,restart,restart,92,0.014620687742214419,1.5734609000915187e-05,0.014604953133213503,0.014636422351215334,10
HGNN,restart,restart,93,0.014620687742214413,1.573460900091664e-05,0.014604953133213496,0.01463642235121533,10
HGNN,restart,restart,94,0.014620687742214408,1.5734609000915637e-05,0.014604953133213493,0.014636422351215324,10
HGNN,restart,restart,95,0.014620687742214403,1.5734609000916196e-05,0.014604953133213487,0.014636422351215319,10
HGNN,restart,restart,96,0.014620687742214403,1.573460900091632e-05,0.014604953133213487,0.014636422351215319,10
HGNN,restart,restart,97,0.014620687742214398,1.5734609000915102e-05,0.014604953133213482,0.014636422351215313,10
HGNN,restart,restart,98,0.014620687742214398,1.5734609000915495e-05,0.014604953133213482,0.014636422351215313,10
HGNN,restart,restart,99,0.014620687742214398,1.573460900091588e-05,0.014604953133213482,0.014636422351215313,10
HGNN,restart,restart,100,0.014620687742214398,1.5734609000915112e-05,0.014604953133213482,0.014636422351215313,10
HGNN,restart,restart,101,0.014620687742214398,1.573460900091541e-05,0.014604953133213482,0.014636422351215313,10
HGNN,restart,restart,102,0.014620687742214394,1.573460900091489e-05,0.014604953133213479,0.01463642235121531,10
HGNN,restart,restart,103,0.014620687742214394,1.5734609000915878e-05,0.014604953133213479,0.01463642235121531,10
HGNN,restart,restart,104,0.014620687742214394,1.5734609000915688e-05,0.014604953133213479,0.01463642235121531,10
HGNN,restart,restart,105,0.014620687742214394,1.573460900091562e-05,0.014604953133213479,0.01463642235121531,10
HGNN,restart,restart,106,0.014620687742214398,1.5734609000916023e-05,0.014604953133213482,0.014636422351215313,10
HGNN,restart,restart,107,0.014620687742214394,1.573460900091566e-05,0.014604953133213479,0.01463642235121531,10
HGNN,restart,restart,108,0.014620687742214394,1.5734609000915563e-05,0.014604953133213479,0.01463642235121531,10
HGNN,restart,restart,109,0.014620687742214394,1.573460900091615e-05,0.014604953133213479,0.01463642235121531,10
HGNN,restart,restart,110,0.014620687742214394,1.573460900091573e-05,0.014604953133213479,0.01463642235121531,10
HGNN,restart,restart,111,0.014620687742214394,1.573460900091488e-05,0.014604953133213479,0.01463642235121531,10
HGNN,restart,restart,112,0.014620687742214394,1.573460900091526e-05,0.014604953133213479,0.01463642235121531,10
HGNN,restart,restart,113,0.014620687742214394,1.5734609000915437e-05,0.014604953133213479,0.01463642235121531,10
HGNN,restart,restart,114,0.014620687742214394,1.5734609000915332e-05,0.014604953133213479,0.01463642235121531,10
HGNN,restart,restart,115,0.014620687742214394,1.573460900091498e-05,0.014604953133213479,0.01463642235121531,10
HGNN,restart,restart,116,0.014620687742214394,1.5734609000915332e-05,0.014604953133213479,0.01463642235121531,10
HGNN,restart,restart,117,0.014620687742214394,1.5734609000915332e-05,0.014604953133213479,0.01463642235121531,10
HGNN,restart,restart,118,0.014620687742214394,1.5734609000915332e-05,0.014604953133213479,0.01463642235121531,10
HGNN,restart,restart,119,0.014620687742214394,1.5734609000915332e-05,0.014604953133213479,0.01463642235121531,10
HGNN,restart,restart,120,0.014620687742214394,1.5734609000915332e-05,0.014604953133213479,0.01463642235121531,10
HGNN,restart,restart,121,0.014620687742214394,1.5734609000915332e-05,0.014604953133213479,0.01463642235121531,10
HGNN,restart,restart,122,0.014620687742214394,1.5734609000915332e-05,0.014604953133213479,0.01463642235121531,10
HGNN,restart,restart,123,0.014620687742214394,1.5734609000915332e-05,0.014604953133213479,0.01463642235121531,10
HGNN,restart,restart,124,0.014620687742214394,1.5734609000915332e-05,0.014604953133213479,0.01463642235121531,10
HGNN,restart,restart,125,0.014620687742214394,1.5734609000915332e-05,0.014604953133213479,0.01463642235121531,10
HGNN,restart,restart,126,0.014620687742214394,1.5734609000915332e-05,0.014604953133213479,0.01463642235121531,10
HGNN,restart,restart,127,0.014620687742214394,1.5734609000915332e-05,0.014604953133213479,0.01463642235121531,10
HGNN,restart,restart,128,0.014620687742214394,1.5734609000915332e-05,0.014604953133213479,0.01463642235121531,10
HGNN,restart,restart,129,0.014620687742214394,1.5734609000915332e-05,0.014604953133213479,0.01463642235121531,10
HGNN,restart,restart,130,0.014620687742214394,1.5734609000915332e-05,0.014604953133213479,0.01463642235121531,10
HGNN,restart,restart,131,0.014620687742214394,1.5734609000915332e-05,0.014604953133213479,0.01463642235121531,10
HGNN,restart,restart,132,0.014620687742214394,1.5734609000915332e-05,0.014604953133213479,0.01463642235121531,10
HGNN,restart,restart,133,0.014620687742214394,1.5734609000915332e-05,0.014604953133213479,0.01463642235121531,10
HGNN,restart,restart,134,0.014620687742214394,1.5734609000915332e-05,0.014604953133213479,0.01463642235121531,10
HGNN,restart,restart,135,0.014620687742214394,1.5734609000915332e-05,0.014604953133213479,0.01463642235121531,10
HGNN,restart,restart,136,0.014620687742214394,1.5734609000915332e-05,0.014604953133213479,0.01463642235121531,10
HGNN,restart,restart,137,0.014620687742214394,1.5734609000915332e-05,0.014604953133213479,0.01463642235121531,10
HGNN,restart,restart,138,0.014620687742214394,1.5734609000915332e-05,0.014604953133213479,0.01463642235121531,10
HGNN,restart,restart,139,0.014620687742214394,1.5734609000915332e-05,0.014604953133213479,0.01463642235121531,10
HGNN,restart,restart,140,0.014620687742214394,1.5734609000915332e-05,0.014604953133213479,0.01463642235121531,10
HGNN,restart,restart,141,0.014620687742214394,1.5734609000915332e-05,0.014604953133213479,0.01463642235121531,10
HGNN,restart,restart,142,0.014620687742214394,1.5734609000915332e-05,0.014604953133213479,0.01463642235121531,10
HGNN,restart,restart,143,0.014620687742214394,1.5734609000915332e-05,0.014604953133213479,0.01463642235121531,10
HGNN,restart,restart,144,0.014620687742214394,1.5734609000915332e-05,0.014604953133213479,0.01463642235121531,10
HGNN,restart,restart,145,0.014620687742214394,1.5734609000915332e-05,0.014604953133213479,0.01463642235121531,10
HGNN,restart,restart,146,0.014620687742214394,1.5734609000915332e-05,0.014604953133213479,0.01463642235121531,10
HGNN,restart,restart,147,0.014620687742214394,1.5734609000915332e-05,0.014604953133213479,0.01463642235121531,10
HGNN,restart,restart,148,0.014620687742214394,1.5734609000915332e-05,0.014604953133213479,0.01463642235121531,10
HGNN,restart,restart,149,0.014620687742214394,1.5734609000915332e-05,0.014604953133213479,0.01463642235121531,10
HGNN,restart,restart,150,0.014620687742214394,1.5734609000915332e-05,0.014604953133213479,0.01463642235121531,10
HGNN,restart,restart,151,0.014620687742214394,1.5734609000915332e-05,0.014604953133213479,0.01463642235121531,10
HGNN,restart,restart,152,0.014620687742214394,1.5734609000915332e-05,0.014604953133213479,0.01463642235121531,10
HGNN,restart,restart,153,0.014620687742214394,1.5734609000915332e-05,0.014604953133213479,0.01463642235121531,10
HGNN,restart,restart,154,0.014620687742214394,1.5734609000915332e-05,0.014604953133213479,0.01463642235121531,10
HGNN,restart,restart,155,0.014620687742214394,1.5734609000915332e-05,0.014604953133213479,0.01463642235121531,10
HGNN,restart,restart,156,0.014620687742214394,1.5734609000915332e-05,0.014604953133213479,0.01463642235121531,10
HGNN,restart,restart,157,0.014620687742214394,1.5734609000915332e-05,0.014604953133213479,0.01463642235121531,10
HGNN,restart,restart,158,0.014620687742214394,1.5734609000915332e-05,0.014604953133213479,0.01463642235121531,10
HGNN,restart,restart,159,0.014620687742214394,1.5734609000915332e-05,0.014604953133213479,0.01463642235121531,10
HGNN,restart,restart,160,0.014620687742214394,1.5734609000915332e-05,0.014604953133213479,0.01463642235121531,10
HGNN,restart,restart,161,0.014620687742214394,1.5734609000915332e-05,0.014604953133213479,0.01463642235121531,10
HGNN,restart,restart,162,0.014620687742214394,1.5734609000915332e-05,0.014604953133213479,0.01463642235121531,10
HGNN,restart,restart,163,0.014620687742214394,1.5734609000915332e-05,0.014604953133213479,0.01463642235121531,10
HGNN,restart,restart,164,0.014620687742214394,1.5734609000915332e-05,0.014604953133213479,0.01463642235121531,10
HGNN,restart,restart,165,0.014620687742214394,1.5734609000915332e-05,0.014604953133213479,0.01463642235121531,10
HGNN,restart,restart,166,0.014620687742214394,1.5734609000915332e-05,0.014604953133213479,0.01463642235121531,10
HGNN,restart,restart,167,0.014620687742214394,1.5734609000915332e-05,0.014604953133213479,0.01463642235121531,10
HGNN,restart,restart,168,0.014620687742214394,1.5734609000915332e-05,0.014604953133213479,0.01463642235121531,10
HGNN,restart,restart,169,0.014620687742214394,1.5734609000915332e-05,0.014604953133213479,0.01463642235121531,10
HGNN,restart,restart,170,0.014620687742214394,1.5734609000915332e-05,0.014604953133213479,0.01463642235121531,10
HGNN,restart,restart,171,0.014620687742214394,1.5734609000915332e-05,0.014604953133213479,0.01463642235121531,10
HGNN,restart,restart,172,0.014620687742214394,1.5734609000915332e-05,0.014604953133213479,0.01463642235121531,10
HGNN,restart,restart,173,0.014620687742214394,1.5734609000915332e-05,0.014604953133213479,0.01463642235121531,10
HGNN,restart,restart,174,0.014620687742214394,1.5734609000915332e-05,0.014604953133213479,0.01463642235121531,10
HGNN,restart,restart,175,0.014620687742214394,1.5734609000915332e-05,0.014604953133213479,0.01463642235121531,10
HGNN,restart,restart,176,0.014620687742214394,1.5734609000915332e-05,0.014604953133213479,0.01463642235121531,10
HGNN,restart,restart,177,0.014620687742214394,1.5734609000915332e-05,0.014604953133213479,0.01463642235121531,10
HGNN,restart,restart,178,0.014620687742214394,1.5734609000915332e-05,0.014604953133213479,0.01463642235121531,10
HGNN,restart,restart,179,0.014620687742214394,1.5734609000915332e-05,0.014604953133213479,0.01463642235121531,10
HGNN,restart,restart,180,0.014620687742214394,1.5734609000915332e-05,0.014604953133213479,0.01463642235121531,10
HGNN,restart,restart,181,0.014620687742214394,1.5734609000915332e-05,0.014604953133213479,0.01463642235121531,10
HGNN,restart,restart,182,0.014620687742214394,1.5734609000915332e-05,0.014604953133213479,0.01463642235121531,10
HGNN,restart,restart,183,0.014620687742214394,1.5734609000915332e-05,0.014604953133213479,0.01463642235121531,10
HGNN,restart,restart,184,0.014620687742214394,1.5734609000915332e-05,0.014604953133213479,0.01463642235121531,10
HGNN,restart,restart,185,0.014620687742214394,1.5734609000915332e-05,0.014604953133213479,0.01463642235121531,10
HGNN,restart,restart,186,0.014620687742214394,1.5734609000915332e-05,0.014604953133213479,0.01463642235121531,10
HGNN,restart,restart,187,0.014620687742214394,1.5734609000915332e-05,0.014604953133213479,0.01463642235121531,10
HGNN,restart,restart,188,0.014620687742214394,1.5734609000915332e-05,0.014604953133213479,0.01463642235121531,10
HGNN,restart,restart,189,0.014620687742214394,1.5734609000915332e-05,0.014604953133213479,0.01463642235121531,10
HGNN,restart,restart,190,0.014620687742214394,1.5734609000915332e-05,0.014604953133213479,0.01463642235121531,10
HGNN,restart,restart,191,0.014620687742214394,1.5734609000915332e-05,0.014604953133213479,0.01463642235121531,10
HGNN,restart,restart,192,0.014620687742214394,1.5734609000915332e-05,0.014604953133213479,0.01463642235121531,10
HGNN,restart,restart,193,0.014620687742214394,1.5734609000915332e-05,0.014604953133213479,0.01463642235121531,10
HGNN,restart,restart,194,0.014620687742214394,1.5734609000915332e-05,0.014604953133213479,0.01463642235121531,10
HGNN,restart,restart,195,0.014620687742214394,1.5734609000915332e-05,0.014604953133213479,0.01463642235121531,10
HGNN,restart,restart,196,0.014620687742214394,1.5734609000915332e-05,0.014604953133213479,0.01463642235121531,10
HGNN,restart,restart,197,0.014620687742214394,1.5734609000915332e-05,0.014604953133213479,0.01463642235121531,10
HGNN,restart,restart,198,0.014620687742214394,1.5734609000915332e-05,0.014604953133213479,0.01463642235121531,10
HGNN,restart,restart,199,0.014620687742214394,1.5734609000915332e-05,0.014604953133213479,0.01463642235121531,10
HGNN,restart,restart,200,0.014620687742214394,1.5734609000915332e-05,0.014604953133213479,0.01463642235121531,10
HGNN,restart,restart,201,0.014620687742214394,1.5734609000915332e-05,0.014604953133213479,0.01463642235121531,10
HGNN,restart,restart,202,0.014620687742214394,1.5734609000915332e-05,0.014604953133213479,0.01463642235121531,10
HGNN,restart,restart,203,0.014620687742214394,1.5734609000915332e-05,0.014604953133213479,0.01463642235121531,10
HGNN,restart,restart,204,0.014620687742214394,1.5734609000915332e-05,0.014604953133213479,0.01463642235121531,10
HGNN,restart,restart,205,0.014620687742214394,1.5734609000915332e-05,0.014604953133213479,0.01463642235121531,10
HGNN,restart,restart,206,0.014620687742214394,1.5734609000915332e-05,0.014604953133213479,0.01463642235121531,10
HGNN,restart,restart,207,0.014620687742214394,1.5734609000915332e-05,0.014604953133213479,0.01463642235121531,10
HGNN,restart,restart,208,0.014620687742214394,1.5734609000915332e-05,0.014604953133213479,0.01463642235121531,10
HGNN,restart,restart,209,0.014620687742214394,1.5734609000915332e-05,0.014604953133213479,0.01463642235121531,10
HGNN,restart,restart,210,0.014620687742214394,1.5734609000915332e-05,0.014604953133213479,0.01463642235121531,10
HGNN,restart,restart,211,0.014620687742214394,1.5734609000915332e-05,0.014604953133213479,0.01463642235121531,10
HGNN,restart,restart,212,0.014620687742214394,1.5734609000915332e-05,0.014604953133213479,0.01463642235121531,10
HGNN,restart,restart,213,0.014620687742214394,1.5734609000915332e-05,0.014604953133213479,0.01463642235121531,10
HGNN,restart,restart,214,0.014620687742214394,1.5734609000915332e-05,0.014604953133213479,0.01463642235121531,10
HGNN,restart,restart,215,0.014620687742214394,1.5734609000915332e-05,0.014604953133213479,0.01463642235121531,10
HGNN,restart,restart,216,0.014620687742214394,1.5734609000915332e-05,0.014604953133213479,0.01463642235121531,10
HGNN,restart,restart,217,0.014620687742214394,1.5734609000915332e-05,0.014604953133213479,0.01463642235121531,10
HGNN,restart,restart,218,0.014620687742214394,1.5734609000915332e-05,0.014604953133213479,0.01463642235121531,10
HGNN,restart,restart,219,0.014620687742214394,1.5734609000915332e-05,0.014604953133213479,0.01463642235121531,10
HGNN,restart,restart,220,0.014620687742214394,1.5734609000915332e-05,0.014604953133213479,0.01463642235121531,10
HGNN,restart,restart,221,0.014620687742214394,1.5734609000915332e-05,0.014604953133213479,0.01463642235121531,10
HGNN,restart,restart,222,0.014620687742214394,1.5734609000915332e-05,0.014604953133213479,0.01463642235121531,10
HGNN,restart,restart,223,0.014620687742214394,1.5734609000915332e-05,0.014604953133213479,0.01463642235121531,10
HGNN,restart,restart,224,0.014620687742214394,1.5734609000915332e-05,0.014604953133213479,0.01463642235121531,10
HGNN,restart,restart,225,0.014620687742214394,1.5734609000915332e-05,0.014604953133213479,0.01463642235121531,10
HGNN,restart,restart,226,0.014620687742214394,1.5734609000915332e-05,0.014604953133213479,0.01463642235121531,10
HGNN,restart,restart,227,0.014620687742214394,1.5734609000915332e-05,0.014604953133213479,0.01463642235121531,10
HGNN,restart,restart,228,0.014620687742214394,1.5734609000915332e-05,0.014604953133213479,0.01463642235121531,10
HGNN,restart,restart,229,0.014620687742214394,1.5734609000915332e-05,0.014604953133213479,0.01463642235121531,10
HGNN,restart,restart,230,0.014620687742214394,1.5734609000915332e-05,0.014604953133213479,0.01463642235121531,10
HGNN,restart,restart,231,0.014620687742214394,1.5734609000915332e-05,0.014604953133213479,0.01463642235121531,10
HGNN,restart,restart,232,0.014620687742214394,1.5734609000915332e-05,0.014604953133213479,0.01463642235121531,10
HGNN,restart,restart,233,0.014620687742214394,1.5734609000915332e-05,0.014604953133213479,0.01463642235121531,10
HGNN,restart,restart,234,0.014620687742214394,1.5734609000915332e-05,0.014604953133213479,0.01463642235121531,10
HGNN,restart,restart,235,0.014620687742214394,1.5734609000915332e-05,0.014604953133213479,0.01463642235121531,10
HGNN,restart,restart,236,0.014620687742214394,1.5734609000915332e-05,0.014604953133213479,0.01463642235121531,10
HGNN,restart,restart,237,0.014620687742214394,1.5734609000915332e-05,0.014604953133213479,0.01463642235121531,10
HGNN,restart,restart,238,0.014620687742214394,1.5734609000915332e-05,0.014604953133213479,0.01463642235121531,10
HGNN,restart,restart,239,0.014620687742214394,1.5734609000915332e-05,0.014604953133213479,0.01463642235121531,10
HGNN,restart,restart,240,0.014620687742214394,1.5734609000915332e-05,0.014604953133213479,0.01463642235121531,10
HGNN,restart,restart,241,0.014620687742214394,1.5734609000915332e-05,0.014604953133213479,0.01463642235121531,10
HGNN,restart,restart,242,0.014620687742214394,1.5734609000915332e-05,0.014604953133213479,0.01463642235121531,10
HGNN,restart,restart,243,0.014620687742214394,1.5734609000915332e-05,0.014604953133213479,0.01463642235121531,10
HGNN,restart,restart,244,0.014620687742214394,1.5734609000915332e-05,0.014604953133213479,0.01463642235121531,10
HGNN,restart,restart,245,0.014620687742214394,1.5734609000915332e-05,0.014604953133213479,0.01463642235121531,10
HGNN,restart,restart,246,0.014620687742214394,1.5734609000915332e-05,0.014604953133213479,0.01463642235121531,10
HGNN,restart,restart,247,0.014620687742214394,1.5734609000915332e-05,0.014604953133213479,0.01463642235121531,10
HGNN,restart,restart,248,0.014620687742214394,1.5734609000915332e-05,0.014604953133213479,0.01463642235121531,10
HGNN,restart,restart,249,0.014620687742214394,1.5734609000915332e-05,0.014604953133213479,0.01463642235121531,10
HGNN,restart,restart,250,0.014620687742214394,1.5734609000915332e-05,0.014604953133213479,0.01463642235121531,10
HGNN,restart,restart,251,0.014620687742214394,1.5734609000915332e-05,0.014604953133213479,0.01463642235121531,10
HGNN,restart,restart,252,0.014620687742214394,1.5734609000915332e-05,0.014604953133213479,0.01463642235121531,10
HGNN,restart,restart,253,0.014620687742214394,1.5734609000915332e-05,0.014604953133213479,0.01463642235121531,10
HGNN,restart,restart,254,0.014620687742214394,1.5734609000915332e-05,0.014604953133213479,0.01463642235121531,10
HGNN,restart,restart,255,0.014620687742214394,1.5734609000915332e-05,0.014604953133213479,0.01463642235121531,10
HGNN,restart,restart,256,0.014620687742214394,1.5734609000915332e-05,0.014604953133213479,0.01463642235121531,10
HNHN,diagnostics,un,0,1.0,0.0,1.0,1.0,10
HNHN,diagnostics,un,1,0.9450352798382605,0.000560412321856652,0.9444748675164039,0.9455956921601172,10
HNHN,diagnostics,un,2,0.9030478132550289,0.0008053929934593928,0.9022424202615695,0.9038532062484883,10
HNHN,diagnostics,un,3,0.8677995709778168,0.000964172286734543,0.8668353986910823,0.8687637432645513,10
HNHN,diagnostics,un,4,0.8367668050332254,0.0010870492489173137,0.8356797557843081,0.8378538542821428,10
HNHN,diagnostics,un,5,0.8087643522825434,0.0011860765349640384,0.8075782757475793,0.8099504288175075,10
HNHN,diagnostics,un,6,0.7831396461615459,0.0012661138313400982,0.7818735323302057,0.784405759992886,10
HNHN,diagnostics,un,7,0.7594818684047556,0.0013305056632947469,0.7581513627414609,0.7608123740680504,10
HNHN,diagnostics,un,8,0.7375057310766981,0.0013819843963477326,0.7361237466803504,0.7388877154730459,10
HNHN,diagnostics,un,9,0.7169990446852863,0.0014228155073760938,0.7155762291779102,0.7184218601926624,10
HNHN,diagnostics,un,10,0.6977961010613779,0.0014548560818660817,0.6963412449795118,0.699250957143244,10
HNHN,diagnostics,un,11,0.6797627610508237,0.001479613921285341,0.6782831471295383,0.681242374972109,10
HNHN,diagnostics,un,12,0.6627874434496036,0.001498307977656103,0.6612891354719475,0.6642857514272598,10
HNHN,diagnostics,un,13,0.6467753592314518,0.0015119240505528468,0.6452634351808989,0.6482872832820047,10
HNHN,diagnostics,un,14,0.6316446524532512,0.0015212626206598874,0.6301233898325913,0.6331659150739111,10
HNHN,diagnostics,un,15,0.6173237185674739,0.00152697815652114,0.6157967404109528,0.6188506967239951,10
HNHN,diagnostics,un,16,0.6037492786883263,0.0015296105052414928,0.6022196681830848,0.6052788891935678,10
HNHN,diagnostics,un,17,0.590864955183507,0.0015296094876041113,0.5893353456959028,0.5923945646711112,10
HNHN,diagnostics,un,18,0.578620189335957,0.0015273539236829636,0.5770928354122741,0.58014754325964,10
HNHN,diagnostics,un,19,0.5669693985950942,0.0015231662300979492,0.5654462323649962,0.5684925648251922,10
HNHN,diagnostics,un,20,0.5558713058216692,0.0015173235699900143,0.5543539822516792,0.5573886293916592,10
HNHN,diagnostics,un,21,0.5452883949274849,0.0015100663604525318,0.5437783285670325,0.5467984612879374,10
HNHN,diagnostics,un,22,0.5351864614940023,0.0015016047773098878,0.5336848567166924,0.5366880662713122,10
HNHN,diagnostics,un,23,0.5255342362820057,0.0014921237548874962,0.5240421125271182,0.5270263600368932,10
HNHN,diagnostics,un,24,0.5163030657934925,0.0014817868613626337,0.5148212789321298,0.5177848526548552,10
HNHN,diagnostics,un,25,0.5074666383067334,0.0014707393369387662,0.5059958989697947,0.5089373776436722,10
HNHN,diagnostics,un,26,0.499000746758559,0.0014591105093194735,0.4975416362492395,0.5004598572678784,10
HNHN,diagnostics,un,27,0.4908830819293459,0.0014470157452022147,0.48943606618414365,0.4923300976745481,10
HNHN,diagnostics,un,28,0.4830930508774133,0.0014345580543911659,0.4816584928230221,0.48452760893180447,10
HNHN,diagnostics,un,29,0.47561161665552715,0.0014218294316802804,0.47418978722384686,0.47703344608720744,10
HNHN,diagnostics,un,30,0.46842115614596586,0.0014089119984188924,0.46701224414754694,0.46983006814438477,10
HNHN,diagnostics,un,31,0.46150533345505307,0.001395878988667521,0.46010945446638557,0.46290121244372057,10
HNHN,diagnostics,un,32,0.45484898676980123,0.0013827956125059787,0.45346619115729525,0.4562317823823072,10
HNHN,diagnostics,un,33,0.4484380269373802,0.0013697198201783126,0.4470683071172019,0.4498077467575585,10
HNHN,diagnostics,un,34,0.4422593463098458,0.0013567029844112689,0.44090264332543455,0.4436160492942571,10
HNHN,diagnostics,un,35,0.4363007366212244,0.0013437905137455774,0.43495694610747887,0.43764452713497,10
HNHN,diagnostics,un,36,0.43055081484550406,0.0013310224065448174,0.42921979243895925,0.4318818372520489,10
HNHN,diagnostics,un,37,0.42499895613232813,0.0013184337531183057,0.42368052237920983,0.42631738988544643,10
HNHN,diagnostics,un,38,0.41963523303960715,0.0013060551918347393,0.4183291778477724,0.4209412882314419,10
HNHN,diagnostics,un,39,0.4144503603843216,0.0012939133240049835,0.4131564470603166,0.41574427370832656,10
HNHN,diagnostics,un,40,0.40943564511860764,0.0012820310915377224,0.4081536140270699,0.4107176762101454,10
HNHN,diagnostics,un,41,0.40458294071094103,0.0012704281208126354,0.4033125125901284,0.40585336883175366,10
HNHN,diagnostics,un,42,0.399884605574293,0.001259121035806288,0.39862548453848673,0.4011437266100993,10
HNHN,diagnostics,un,43,0.3953334651364058,0.0012481237431908841,0.39408534139321494,0.3965815888795967,10
HNHN,diagnostics,un,44,0.3909227771933371,0.001237447691875843,0.3896853295014613,0.39216022488521296,10
HNHN,diagnostics,un,45,0.3866462002273299,0.0012271021092558228,0.38541909811807407,0.3878733023365857,10
HNHN,diagnostics,un,46,0.38249776440483885,0.0012170942162443269,0.3812806701885945,0.3837148586210832,10
HNHN,diagnostics,un,47,0.3784718450009831,0.001207429423011117,0.37726441557797197,0.3796792744239942,10
HNHN,diagnostics,un,48,0.37456313802340235,0.0011981115071887927,0.37336502651621356,0.37576124953059115,10
HNHN,diagnostics,un,49,0.3707666378320459,0.001189142776171683,0.36957749505587423,0.37195578060821755,10
HNHN,diagnostics,un,50,0.3670776165722092,0.0011805242149970335,0.3658970923572122,0.36825814078720626,10
HNHN,diagnostics,un,51,0.36349160525656476,0.0011722556211678664,0.3623193496353969,0.3646638608777326,10
HNHN,diagnostics,un,52,0.3600043763482869,0.001164335727659217,0.3588400406206277,0.36116871207594614,10
HNHN,diagnostics,un,53,0.35661192771193434,0.0011567623152314538,0.3554551653967029,0.35776869002716577,10
HNHN,diagnostics,un,54,0.3533104678117319,0.0011495323150686786,0.3521609354966632,0.3544600001268006,10
HNHN,diagnostics,un,55,0.35009640204849235,0.0011426419026603495,0.348953760145832,0.3512390439511527,10
HNHN,diagnostics,un,56,0.3469663201367965,0.0011360865837485206,0.345830233553048,0.34810240672054504,10
HNHN,diagnostics,un,57,0.3439169844333444,0.0011298612730804153,0.342787123160264,0.3450468457064248,10
HNHN,diagnostics,un,58,0.3409453191357424,0.001123960366624511,0.3398213587691179,0.3420692795023669,10
HNHN,diagnostics,un,59,0.33804840027848126,0.0011183778078390023,0.33693002247064224,0.3391667780863203,10
HNHN,diagnostics,un,60,0.335223446459613,0.0011131071485160685,0.3341103393110969,0.3363365536081291,10
HNHN,diagnostics,un,61,0.3324678102377018,0.001108141604666789,0.331359668633035,0.33357595184236855,10
HNHN,diagnostics,un,62,0.32977897014410756,0.0011034741078617388,0.32867549603624585,0.3308824442519693,10
HNHN,diagnostics,un,63,0.3271545232605975,0.0010990973523943692,0.32605542590820313,0.3282536206129919,10
HNHN,diagnostics,un,64,0.32459217831674597,0.0010950038385955342,0.32349717447815046,0.3256871821553415,10
HNHN,diagnostics,un,65,0.3220897492656177,0.0010911859125916897,0.320998563353026,0.32318093517820934,10
HNHN,diagnostics,un,66,0.3196451492998794,0.0010876358027680827,0.3185575134971113,0.3207327851026475,10
HNHN,diagnostics,un,67,0.31725638527378874,0.0010843456531720828,0.3161720396206167,0.3183407309269608,10
HNHN,diagnostics,un,68,0.3149215524995016,0.0010813075540690757,0.3138402449454325,0.3160028600535707,10
HNHN,diagnostics,un,69,0.3126388298888584,0.0010785135698423577,0.31156031631901604,0.3137173434587007,10
HNHN,diagnostics,un,70,0.3104064754142656,0.001075955764413021,0.3093305196498526,0.3114824311786786,10
HNHN,diagnostics,un,71,0.3082228218645308,0.0010736262243400269,0.3071491956401908,0.30929644808887086,10
HNHN,diagnostics,un,72,0.30608627287353785,0.0010715170797490165,0.30501475579378884,0.30715778995328685,10
HNHN,diagnostics,un,73,0.30399529920149293,0.0010696205232278903,0.30292567867826503,0.30506491972472083,10
HNHN,diagnostics,un,74,0.3019484352501582,0.0010679288268172266,0.30088050642334097,0.3030163640769754,10
HNHN,diagnostics,un,75,0.29994427579501115,0.0010664343572164958,0.29887784143779467,0.30101071015222763,10
HNHN,diagnostics,un,76,0.29798147291866506,0.0010651295893202792,0.2969163433293448,0.2990466025079853,10
HNHN,diagnostics,un,77,0.29605873313115183,0.0010640071181919441,0.2949947260129599,0.29712274024934376,10
HNHN,diagnostics,un,78,0.2941748146638277,0.0010630596695777523,0.29311175499424996,0.2952378743334055,10
HNHN,diagnostics,un,79,0.292328524924715,0.0010622801090583822,0.2912662448156566,0.2933908050337734,10
HNHN,diagnostics,un,80,0.2905187181040595,0.0010616614499320484,0.28945705665412746,0.2915803795539915,10
HNHN,diagnostics,un,81,0.2887442929197604,0.0010611968599174627,0.28768309605984294,0.28980548977967785,10
HNHN,diagnostics,un,82,0.28700419049313874,0.001060879666762475,0.28594331082637625,0.28806507015990124,10
HNHN,diagnostics,un,83,0.28529739234624063,0.0010607033628389458,0.2842366889834017,0.28635809570907955,10
HNHN,diagnostics,un,84,0.28362291851255006,0.0010606616088028053,0.28256225690374726,0.28468358012135286,10
HNHN,diagnostics,un,85,0.2819798257535999,0.001060748236392587,0.28091907751720735,0.2830405739899925,10
HNHN,diagnostics,un,86,0.2803672058745362,0.0010609572504374058,0.27930624862409875,0.2814281631249736,10
HNHN,diagnostics,un,87,0.2787841841322084,0.0010612828301420005,0.2777229013020664,0.2798454669623504,10
HNHN,diagnostics,un,88,0.2772299177298349,0.0010617193297125422,0.27616819840012236,0.27829163705954746,10
HNHN,diagnostics,un,89,0.2757035943927277,0.0010622612783837413,0.27464133311434397,0.2767658556711114,10
HNHN,diagnostics,un,90,0.27420443101996306,0.0010629033799045774,0.2731415276400585,0.2752673343998676,10
HNHN,diagnostics,un,91,0.27273167240725243,0.001063640511536814,0.27166803189571564,0.2737953129187892,10
HNHN,diagnostics,un,92,0.2712845900366074,0.001064467722616955,0.2702201223139904,0.27234905775922436,10
HNHN,diagnostics,un,93,0.2698624809287045,0.00106538023272942,0.2687971006959751,0.2709278611614339,10
HNHN,diagnostics,un,94,0.2684646665541429,0.0010663734295353923,0.2673982931246075,0.26953103998367833,10
HNHN,diagnostics,un,95,0.2670904918000537,0.0010674428662992227,0.26602304893375445,0.2681579346663529,10
HNHN,diagnostics,un,96,0.2657393239887619,0.0010685842591510635,0.2646707397296108,0.26680790824791295,10
HNHN,diagnostics,un,97,0.2644105519454306,0.0010697934841213841,0.2633407584613092,0.265480345429552,10
HNHN,diagnostics,un,98,0.2631035851118221,0.0010710665739811606,0.26203251853784093,0.26417465168580323,10
HNHN,diagnostics,un,99,0.2618178527035045,0.0010723997149177857,0.2607454529885867,0.2628902524184223,10
HNHN,diagnostics,un,100,0.26055280290801075,0.0010737892430755993,0.25947901366493514,0.26162659215108636,10
HNHN,diagnostics,un,101,0.2593079021216197,0.0010752316409860171,0.2582326704806337,0.2603831337626057,10
HNHN,diagnostics,un,102,0.25808263422258293,0.0010767235339117975,0.2570059106886711,0.25915935775649473,10
HNHN,diagnostics,un,103,0.25687649987876104,0.0010782616861260638,0.255798238192635,0.2579547615648871,10
HNHN,diagnostics,un,104,0.25568901588776577,0.001079842997146259,0.2546091728906195,0.256768858884912,10
HNHN,diagnostics,un,105,0.25451971454782074,0.0010814644979399606,0.2534382500498808,0.2556011790457607,10
HNHN,diagnostics,un,106,0.25336814305767413,0.0010831233471194084,0.2522850197105547,0.25445126640479354,10
HNHN,diagnostics,un,107,0.2522338629439941,0.0010848168271376387,0.25114904611685646,0.2533186797711317,10
HNHN,diagnostics,un,108,0.25111644951477696,0.0010865423404998987,0.2500299071742771,0.25220299185527684,10
HNHN,diagnostics,un,109,0.25001549133739187,0.0010882974060013194,0.24892719393139054,0.2511037887433932,10
HNHN,diagnostics,un,110,0.24893058973996446,0.0010900796550003331,0.24784051008496413,0.2500206693949648,10
HNHN,diagnostics,un,111,0.2478613583348849,0.0010918868277375263,0.24676947150714737,0.24895324516262243,10
HNHN,diagnostics,un,112,0.2468074225632945,0.001093716769705941,0.24571370579358856,0.24790113933300043,10
HNHN,diagnostics,un,113,0.24576841925947807,0.001095567428081236,0.24467285183139684,0.2468639866875593,10
HNHN,diagnostics,un,114,0.2447439962341468,0.001097436848215782,0.24364655938593102,0.2458414330823626,10
HNHN,diagnostics,un,115,0.24373381187566112,0.0010993231702019198,0.2426344887054592,0.24483313504586304,10
HNHN,diagnostics,un,116,0.24273753476829354,0.0011012246255088882,0.24163631014278467,0.24383875939380242,10
HNHN,diagnostics,un,117,0.2417548433266874,0.0011031395336956811,0.24065170379299172,0.24285798286038307,10
HNHN,diagnostics,un,118,0.24078542544571174,0.0011050662992030146,0.23968035914650873,0.24189049174491475,10
HNHN,diagnostics,un,119,0.23982897816496118,0.0011070034082263285,0.23872197475673484,0.24093598157318752,10
HNHN,diagnostics,un,120,0.2388852073471885,0.0011089494256711736,0.23777625792151733,0.23999415677285965,10
HNHN,diagnostics,un,121,0.23795382737000068,0.0011109029921919584,0.2368429243778087,0.23906473036219264,10
HNHN,diagnostics,un,122,0.2370345608301835,0.0011128628213147738,0.23592169800886872,0.2381474236514983,10
HNHN,diagnostics,un,123,0.2361271382600562,0.001114827696644333,0.23501231056341187,0.23724196595670055,10
HNHN,diagnostics,un,124,0.23523129785528854,0.0011167964691550787,0.23411450138613346,0.23634809432444362,10
HNHN,diagnostics,un,125,0.23434678521364566,0.0011187680545657332,0.23322801715907993,0.2354655532682114,10
HNHN,diagnostics,un,126,0.2334733530841529,0.0011207414307971262,0.23235261165335577,0.23459409451495003,10
HNHN,diagnostics,un,127,0.2326107611261999,0.0011227156355115896,0.23148804549068833,0.2337334767617115,10
HNHN,diagnostics,un,128,0.23175877567812955,0.001124689763733833,0.23063408591439571,0.2328834654418634,10
HNHN,diagnostics,un,129,0.2309171695348807,0.0011266629655509897,0.2297905065693297,0.2320438325004317,10
HNHN,diagnostics,un,130,0.2300857217342755,0.0011286344438912559,0.22895708729038425,0.23121435617816674,10
HNHN,diagnostics,un,131,0.22926421735156416,0.0011306034523791927,0.22813361389918496,0.23039482080394336,10
HNHN,diagnostics,un,132,0.22845244730185935,0.001132569293265945,0.2273198780085934,0.22958501659512529,10
HNHN,diagnostics,un,133,0.22765020815011053,0.0011345313154332494,0.22651567683467727,0.22878473946554378,10
HNHN,diagnostics,un,134,0.22685730192828837,0.0011364889124686486,0.22572081301581973,0.22799379084075702,10
HNHN,diagnostics,un,135,0.22607353595946295,0.0011384415208107088,0.22493509443865223,0.22721197748027366,10
HNHN,diagnostics,un,136,0.22529872268847656,0.001140388617962277,0.22415833407051428,0.22643911130643884,10
HNHN,diagnostics,un,137,0.22453267951892908,0.001142329720769416,0.22339034979815967,0.2256750092396985,10
HNHN,diagnostics,un,138,0.22377522865620247,0.001144264383765059,0.22263096427243742,0.22491949303996753,10
HNHN,diagnostics,un,139,0.22302619695626955,0.0011461921975744985,0.22188000475869504,0.22417238915384405,10
HNHN,diagnostics,un,140,0.22228541578004163,0.001148112787381129,0.2211373029926605,0.22343352856742277,10
HNHN,diagnostics,un,141,0.22155272085302175,0.0011500258114511585,0.2204026950415706,0.2227027466644729,10
HNHN,diagnostics,un,142,0.22082795213004278,0.0011519309597143995,0.2196760211703284,0.22197988308975716,10
HNHN,diagnostics,un,143,0.22011095366487776,0.0011538279524000309,0.21895712571247772,0.2212647816172778,10
HNHN,diagnostics,un,144,0.21940157348452322,0.0011557165387251365,0.21824585694579807,0.22055729002324836,10
HNHN,diagnostics,un,145,0.2186996634679615,0.0011575964956343867,0.2175420669723271,0.21985725996359587,10
HNHN,diagnostics,un,146,0.21800507922922083,0.0011594676265891783,0.21684561160263166,0.21916454685581,10
HNHN,diagnostics,un,147,0.21731768000455878,0.001161329760403936,0.21615635024415486,0.2184790097649627,10
HNHN,diagnostics,un,148,0.21663732854360124,0.001163182750128825,0.2154741457934724,0.21780051129373007,10
HNHN,diagnostics,un,149,0.21596389100428026,0.0011650264719763792,0.21479886453230387,0.21712891747625665,10
HNHN,diagnostics,un,150,0.21529723685141772,0.0011668608242906958,0.21413037602712703,0.2164640976757084,10
HNHN,diagnostics,un,151,0.21463723875881113,0.0011686857265580189,0.21346855303225312,0.21580592448536914,10
HNHN,diagnostics,un,152,0.21398377251468254,0.001170501118456395,0.21281327139622613,0.21515427363313894,10
HNHN,diagnostics,un,153,0.21333671693035966,0.001172306958943862,0.2121644099714158,0.2145090238893035,10
HNHN,diagnostics,un,154,0.2126959537520623,0.0011741032253825983,0.21152185052667968,0.2138700569774449,10
HNHN,diagnostics,un,155,0.21206136757567356,0.0011758899126989343,0.21088547766297464,0.2132372574883725,10
HNHN,diagnostics,un,156,0.21143284576438134,0.0011776670325765665,0.21025517873180477,0.21261051279695792,10
HNHN,diagnostics,un,157,0.21081027836907884,0.0011794346126828448,0.20963084375639598,0.2119897129817617,10
HNHN,diagnostics,un,158,0.21019355805141973,0.001181192695925951,0.20901236535549378,0.21137475074734569,10
HNHN,diagnostics,un,159,0.20958258000942606,0.001182941339742112,0.20839963866968395,0.21076552134916818,10
HNHN,diagnostics,un,160,0.2089772419055535,0.00118468061541195,0.20779256129014156,0.21016192252096544,10
HNHN,diagnostics,un,161,0.20837744379712014,0.001186410607404145,0.207191033189716,0.2095638544045243,10
HNHN,diagnostics,un,162,0.2077830880690117,0.0011881314127459813,0.2065949566562657,0.20897121948175768,10
HNHN,diagnostics,un,163,0.20719407936857773,0.0011898431404191961,0.20600423622815853,0.20838392250899693,10
HNHN,diagnostics,un,164,0.20661032454263709,0.001191545910780623,0.20541877863185645,0.20780187045341772,10
HNHN,diagnostics,un,165,0.20603173257651597,0.0011932398550059612,0.20483849272151,0.20722497243152194,10
HNHN,diagnostics,un,166,0.20545821453504357,0.0011949251145564916,0.20426328942048708,0.20665313964960005,10
HNHN,diagnostics,un,167,0.20488968350543274,0.001196601840667139,0.2036930816647656,0.20608628534609988,10
HNHN,diagnostics,un,168,0.20432605454197933,0.0011982701938555486,0.20312778434812379,0.20552432473583487,10
HNHN,diagnostics,un,169,0.2037672446125121,0.0011999303434509106,0.2025673142690612,0.20496717495596303,10
HNHN,diagnostics,un,170,0.20321317254653187,0.001201582467141837,0.20201159007939004,0.2044147550136737,10
HNHN,diagnostics,un,171,0.20266375898497824,0.0012032267505428732,0.20146053223443536,0.20386698573552112,10
HNHN,diagnostics,un,172,0.20211892633156703,0.00120486338677825,0.20091406294478878,0.20332378971834528,10
HNHN,diagnostics,un,173,0.20157859870564102,0.0012064925760825983,0.2003721061295584,0.20278509128172362,10
HNHN,diagnostics,un,174,0.20104270189648207,0.0012081145254178177,0.19983458737106424,0.2022508164218999,10
HNHN,diagnostics,un,175,0.20051116331903263,0.0012097294481054725,0.19930143387092716,0.2017208927671381,10
HNHN,diagnostics,un,176,0.19998391197097626,0.001211337563474038,0.19877257440750223,0.20119524953445028,10
HNHN,diagnostics,un,177,0.19946087839113189,0.001212939096520128,0.19824793929461176,0.200673817487652,10
HNHN,diagnostics,un,178,0.1989419946191142,0.0012145342775838272,0.19772746034153035,0.20015652889669802,10
HNHN,diagnostics,un,179,0.1984271941562174,0.0012161233420366212,0.19721107081418077,0.19964331749825404,10
HNHN,diagnostics,un,180,0.19791641192748013,0.0012177065299821491,0.19669870539749798,0.1991341184574623,10
HNHN,diagnostics,un,181,0.19740958424489063,0.0012192840859689043,0.19619030015892172,0.19862886833085955,10
HNHN,diagnostics,un,182,0.19690664877169398,0.0012208562587143138,0.19568579251297966,0.1981275050304083,10
HNHN,diagnostics,un,183,0.19640754448776315,0.0012224233008401191,0.19518512118692302,0.19762996778860328,10
HNHN,diagnostics,un,184,0.19591221165599865,0.0012239854686180351,0.1946882261873806,0.1971361971246167,10
HNHN,diagnostics,un,185,0.1954205917897214,0.0012255430217256885,0.1941950487679957,0.1966461348114471,10
HNHN,diagnostics,un,186,0.19493262762102598,0.0012270962230122072,0.19370553139801377,0.19615972384403818,10
HNHN,diagnostics,un,187,0.19444826307006213,0.0012286453382732657,0.19321961773178886,0.1956769084083354,10
HNHN,diagnostics,un,188,0.19396744321521325,0.0012301906360347645,0.19273725257917848,0.19519763385124803,10
HNHN,diagnostics,un,189,0.19349011426414287,0.0012317323873452999,0.19225838187679756,0.19472184665148817,10
HNHN,diagnostics,un,190,0.1930162235256794,0.0012332708655767007,0.1917829526601027,0.1942494943912561,10
HNHN,diagnostics,un,191,0.19254571938251286,0.0012348063462323932,0.19131091303628048,0.19378052572874524,10
HNHN,diagnostics,un,192,0.19207855126467582,0.00123633910676338,0.19084221215791244,0.1933148903714392,10
HNHN,diagnostics,un,193,0.19161466962378393,0.0012378694263912777,0.19037680019739264,0.19285253905017521,10
HNHN,diagnostics,un,194,0.1911540259080107,0.0012393975859384275,0.18991462832207226,0.19239342349394914,10
HNHN,diagnostics,un,195,0.19069657253777322,0.0012409238676644317,0.18945564867010878,0.19193749640543767,10
HNHN,diagnostics,un,196,0.19024226288210552,0.0012424485551091578,0.18899981432699636,0.19148471143721468,10
HNHN,diagnostics,un,197,0.18979105123569792,0.0012439719329417835,0.18854707930275613,0.1910350231686397,10
HNHN,diagnostics,un,198,0.1893428927965807,0.0012454942868155743,0.18809739850976512,0.1905883870833963,10
HNHN,diagnostics,un,199,0.18889774364443188,0.0012470159032284438,0.18765072774120342,0.19014475954766033,10
HNHN,diagnostics,un,200,0.1884555607194891,0.0012485370693885716,0.18720702365010053,0.18970409778887767,10
HNHN,diagnostics,un,201,0.18801630180204656,0.0012500580730853699,0.1867662437289612,0.18926635987513193,10
HNHN,diagnostics,un,202,0.18757992549251845,0.0012515792025653292,0.18632834628995312,0.18883150469508378,10
HNHN,diagnostics,un,203,0.18714639119205162,0.0012531007464123872,0.18589329044563924,0.188399491938464,10
HNHN,diagnostics,un,204,0.18671565908366974,0.001254622993433026,0.18546103609023673,0.18797028207710276,10
HNHN,diagnostics,un,205,0.18628769011393242,0.0012561462325455404,0.18503154388138687,0.18754383634647798,10
HNHN,diagnostics,un,206,0.18586244597509416,0.0012576707526735893,0.18460477522242058,0.18712011672776774,10
HNHN,diagnostics,un,207,0.1854398890877463,0.0012591968426435118,0.1841806922451028,0.1866990859303898,10
HNHN,diagnostics,un,208,0.18501998258392838,0.0012607247910856184,0.18375925779284275,0.186280707375014,10
HNHN,diagnostics,un,209,0.18460269029069368,0.0012622548863391763,0.1833404354043545,0.18586494517703286,10
HNHN,diagnostics,un,210,0.18418797671411563,0.0012637874163605647,0.18292418929775506,0.1854517641304762,10
HNHN,diagnostics,un,211,0.18377580702372126,0.0012653226686352458,0.18251048435508602,0.1850411296923565,10
HNHN,diagnostics,un,212,0.18336614703733864,0.0012668609300925456,0.1820992861072461,0.18463300796743118,10
HNHN,diagnostics,un,213,0.18295896320634658,0.0012684024870237836,0.1816905607193228,0.18422736569337037,10
HNHN,diagnostics,un,214,0.18255422260131335,0.0012699476250032401,0.1812842749763101,0.18382417022631659,10
HNHN,diagnostics,un,215,0.18215189289801376,0.001271496628811986,0.18088039626920177,0.18342338952682574,10
HNHN,diagnostics,un,216,0.18175194236381237,0.0012730497823644274,0.18047889258144795,0.1830249921461768,10
HNHN,diagnostics,un,217,0.1813543398444029,0.0012746073686374522,0.18007973247576545,0.18262894721304038,10
HNHN,diagnostics,un,218,0.18095905475089258,0.0012761696696021027,0.1796828850812905,0.18223522442049467,10
HNHN,diagnostics,un,219,0.18056605704722095,0.0012777369661577552,0.17928832008106318,0.18184379401337872,10
HNHN,diagnostics,un,220,0.18017531723790456,0.0012793095380682707,0.1788960076998363,0.18145462677597282,10
HNHN,diagnostics,un,221,0.17978680635609628,0.0012808876639008135,0.17850591869219548,0.1810676940199971,10
HNHN,diagnostics,un,222,0.17940049595195165,0.0012824716209665222,0.17811802433098511,0.18068296757291818,10
HNHN,diagnostics,un,223,0.1790163580812917,0.0012840616852630984,0.1777322963960286,0.1803004197665548,10
HNHN,diagnostics,un,224,0.17863436529455543,0.0012856581314199399,0.17734870716313547,0.17992002342597538,10
HNHN,diagnostics,un,225,0.17825449062603138,0.0012872612326442676,0.1769672293933871,0.17954175185867566,10
HNHN,diagnostics,un,226,0.17787670758336277,0.0012888712606699852,0.1765878363226928,0.17916557884403275,10
HNHN,diagnostics,un,227,0.17750099013731585,0.0012904884857076154,0.17621050165160823,0.17879147862302347,10
HNHN,diagnostics,un,228,0.1771273127118057,0.0012921131763962725,0.17583519953540944,0.17841942588820198,10
HNHN,diagnostics,un,229,0.17675565017417144,0.0012937455997570739,0.17546190457441438,0.1780493957739285,10
HNHN,diagnostics,un,230,0.1763859778256934,0.0012953860211482198,0.17509059180454517,0.17768136384684163,10
HNHN,diagnostics,un,231,0.17601827139234616,0.0012970347042214774,0.17472123668812467,0.17731530609656765,10
HNHN,diagnostics,un,232,0.17565250701578036,0.0012986919108802046,0.17435381510490017,0.17695119892666056,10
HNHN,diagnostics,un,233,0.1752886612445268,0.001300357901238664,0.17398830334328813,0.17658901914576547,10
HNHN,diagnostics,un,234,0.1749267110254165,0.001302032933582675,0.17362467809183382,0.17622874395899915,10
HNHN,diagnostics,un,235,0.1745666336952111,0.0013037172643317455,0.17326291643087938,0.17587035095954284,10
HNHN,diagnostics,un,236,0.1742084069724374,0.0013054111480021585,0.17290299582443525,0.17551381812043954,10
HNHN,diagnostics,un,237,0.17385200894942016,0.0013071148371714498,0.17254489411224871,0.1751591237865916,10
HNHN,diagnostics,un,238,0.17349741808450855,0.0013088285824441304,0.17218858950206442,0.17480624666695269,10
HNHN,diagnostics,un,239,0.17314461319448946,0.001310552632418215,0.17183406056207123,0.17445516582690768,10
HNHN,diagnostics,un,240,0.17279357344718393,0.0013122872336531922,0.17148128621353073,0.17410586068083714,10
HNHN,diagnostics,un,241,0.1724442783542211,0.0013140326306388167,0.1711302457235823,0.17375831098485991,10
HNHN,diagnostics,un,242,0.17209670776398442,0.0013157890657649982,0.17078091869821943,0.1734124968297494,10
HNHN,diagnostics,un,243,0.17175084185472614,0.001317556779292734,0.1704332850754334,0.17306839863401888,10
HNHN,diagnostics,un,244,0.17140666112784514,0.0013193360093258224,0.17008732511851932,0.17272599713717096,10
HNHN,diagnostics,un,245,0.17106414640132367,0.001321126991783762,0.1697430194095399,0.17238527339310744,10
HNHN,diagnostics,un,246,0.17072327880331875,0.0013229299603753008,0.16940034884294344,0.17204620876369406,10
HNHN,diagnostics,un,247,0.17038403976590435,0.0013247451465730495,0.1690592946193313,0.1717087849124774,10
HNHN,diagnostics,un,248,0.1700464110189595,0.0013265727795887907,0.16871983823937073,0.1713729837985483,10
HNHN,diagnostics,un,249,0.16971037458419963,0.0013284130863498373,0.16838196149784979,0.17103878767054947,10
HNHN,diagnostics,un,250,0.16937591276934633,0.0013302662914759136,0.1680456464778704,0.17070617906082225,10
HNHN,diagnostics,un,251,0.16904300816243203,0.001332132617257092,0.16771087554517494,0.17037514077968913,10
HNHN,diagnostics,un,252,0.16871164362623667,0.0013340122836323024,0.16737763134260436,0.17004565590986898,10
HNHN,diagnostics,un,253,0.1683818022928521,0.001335905508168734,0.16704589678468337,0.16971770780102083,10
HNHN,diagnostics,un,254,0.1680534675583711,0.0013378125060418491,0.16671565505232927,0.16939128006441295,10
HNHN,diagnostics,un,255,0.1677266230776983,0.0013397334900162347,0.16638688958768208,0.16906635656771454,10
HNHN,diagnostics,un,256,0.16740125275947845,0.001341668670427083,0.16605958408905136,0.16874292142990555,10
HNHN,diagnostics,sym,0,1.0,0.0,1.0,1.0,10
HNHN,diagnostics,sym,1,0.9924973480377307,8.030710698258317e-05,0.9924170409307481,0.9925776551447133,10
HNHN,diagnostics,sym,2,0.9861014294035921,0.00013662991928436435,0.9859647994843078,0.9862380593228764,10
HNHN,diagnostics,sym,3,0.980330128976421,0.00018262615271463683,0.9801475028237064,0.9805127551291356,10
HNHN,diagnostics,sym,4,0.9749724786104979,0.00022264163595105238,0.9747498369745468,0.9751951202464489,10
HNHN,diagnostics,sym,5,0.9699230982753082,0.0002584008019450937,0.9696646974733631,0.9701814990772533,10
HNHN,diagnostics,sym,6,0.9651218785827573,0.0002907755653157781,0.9648311030174416,0.9654126541480731,10
HNHN,diagnostics,sym,7,0.960530528757376,0.0003203044734566826,0.9602102242839193,0.9608508332308326,10
HNHN,diagnostics,sym,8,0.9561225148037356,0.0003473697749759333,0.9557751450287596,0.9564698845787115,10
HNHN,diagnostics,sym,9,0.951878250407149,0.0003722683282040522,0.951505982078945,0.952250518735353,10
HNHN,diagnostics,sym,10,0.9477825597680362,0.0003952443906256457,0.9473873153774105,0.9481778041586618,10
HNHN,diagnostics,sym,11,0.9438232271892772,0.00041650660660190876,0.9434067205826754,0.9442397337958791,10
HNHN,diagnostics,sym,12,0.9399901152011123,0.00043623759719974833,0.9395538776039125,0.9404263527983121,10
HNHN,diagnostics,sym,13,0.9362746023247649,0.0004545997525691236,0.9358200025721958,0.936729202077334,10
HNHN,diagnostics,sym,14,0.9326692107262037,0.0004717389416496484,0.932197471784554,0.9331409496678533,10
HNHN,diagnostics,sym,15,0.9291673515396184,0.00048778702316291375,0.9286795645164555,0.9296551385627813,10
HNHN,diagnostics,sym,16,0.9257631455818446,0.0005028636400742438,0.9252602819417703,0.9262660092219188,10
HNHN,diagnostics,sym,17,0.9224512937278966,0.0005170775713336231,0.921934216156563,0.9229683712992302,10
HNHN,diagnostics,sym,18,0.9192269808012247,0.0005305278010010848,0.9186964530002236,0.9197575086022257,10
HNHN,diagnostics,sym,19,0.9160858025875079,0.0005433044004929995,0.9155424981870149,0.9166291069880009,10
HNHN,diagnostics,sym,20,0.9130237091386733,0.0005554892822712327,0.912468219856402,0.9135791984209445,10
HNHN,diagnostics,sym,21,0.9100369597865596,0.0005671568611304494,0.9094698029254292,0.91060411664769,10
HNHN,diagnostics,sym,22,0.9071220867412084,0.0005783746459277822,0.9065437120952806,0.9077004613871362,10
HNHN,diagnostics,sym,23,0.9042758651060769,0.0005892037765149442,0.903686661329562,0.9048650688825919,10
HNHN,diagnostics,sym,24,0.9014952877821572,0.0005996995156907038,0.9008955882664664,0.9020949872978479,10
HNHN,diagnostics,sym,25,0.8987775441666497,0.0006099117029342127,0.8981676324637154,0.8993874558695839,10
HNHN,diagnostics,sym,26,0.8961200018499174,0.0006198851747772068,0.8955001166751402,0.8967398870246945,10
HNHN,diagnostics,sym,27,0.8935201907219955,0.0006296601554540305,0.8928905305665414,0.8941498508774496,10
HNHN,diagnostics,sym,28,0.8909757890463477,0.0006392726206856895,0.890336516425662,0.8916150616670333,10
HNHN,diagnostics,sym,29,0.8884846111631844,0.0006487546369141449,0.8878358565262703,0.8891333658000986,10
HNHN,diagnostics,sym,30,0.8860445965604041,0.0006581346779315249,0.8853864618824726,0.8867027312383357,10
HNHN,diagnostics,sym,31,0.8836538001057967,0.0006674379205646603,0.8829863621852321,0.8843212380263614,10
HNHN,diagnostics,sym,32,0.881310383275494,0.0006766865208613361,0.8806336967546327,0.8819870697963554,10
HNHN,diagnostics,sym,33,0.8790126062448295,0.0006858998720498342,0.8783267063727797,0.8796985061168793,10
HNHN,diagnostics,sym,34,0.8767588207316134,0.0006950948453972459,0.8760637258862162,0.8774539155770106,10
HNHN,diagnostics,sym,35,0.8745474635003319,0.0007042860149755893,0.8738431774853562,0.8752517495153075,10
HNHN,diagnostics,sym,36,0.8723770504503048,0.0007134858672414752,0.8716635645830633,0.8730905363175463,10
HNHN,diagnostics,sym,37,0.8702461712224322,0.0007227049962540784,0.8695234662261782,0.8709688762186862,10
HNHN,diagnostics,sym,38,0.8681534842685006,0.0007319522852871208,0.8674215319832135,0.8688854365537877,10
HNHN,diagnostics,sym,39,0.8660977123346425,0.000741235075536978,0.8653564772591055,0.8668389474101795,10
HNHN,diagnostics,sym,40,0.8640776383168631,0.0007505593225817724,0.8633270789942814,0.8648281976394449,10
HNHN,diagnostics,sym,41,0.8620921014517767,0.0007599297412175664,0.8613321717105592,0.8628520311929943,10
HNHN,diagnostics,sym,42,0.8601399938101508,0.0007693499392625258,0.8593706438708884,0.8609093437494133,10
HNHN,diagnostics,sym,43,0.8582202570645936,0.0007788225409080735,0.8574414345236855,0.8589990796055017,10
HNHN,diagnostics,sym,44,0.8563318795059545,0.0007883493001694596,0.855543530205785,0.8571202288061239,10
HNHN,diagnostics,sym,45,0.8544738932857697,0.0007979312049829736,0.8536759620807868,0.8552718244907527,10
HNHN,diagnostics,sym,46,0.8526453718645085,0.0008075685724785948,0.85183780329203,0.853452940436987,10
HNHN,diagnostics,sym,47,0.8508454276474584,0.0008172611359471221,0.8500281665115113,0.8516626887834056,10
HNHN,diagnostics,sym,48,0.8490732097919459,0.0008270081240120754,0.8482462016679339,0.8499002179159579,10
HNHN,diagnostics,sym,49,0.8473279021711976,0.0008368083324987372,0.8464910938386988,0.8481647105036964,10
HNHN,diagnostics,sym,50,0.8456087214815952,0.0008466601894871859,0.844762061292108,0.8464553816710824,10
HNHN,diagnostics,sym,51,0.843914915481337,0.0008565618140153926,0.8430583536673216,0.8447714772953524,10
HNHN,diagnostics,sym,52,0.8422457613496664,0.0008665110688859683,0.8413792502807804,0.8431122724185525,10
HNHN,diagnostics,sym,53,0.840600564156827,0.0008765056080168515,0.8397240585488102,0.8414770697648439,10
HNHN,diagnostics,sym,54,0.8389786554358224,0.0008865429187498465,0.8380921125170725,0.8398651983545723,10
HNHN,diagnostics,sym,55,0.8373793918478597,0.0008966203595228573,0.8364827714883368,0.8382760122073826,10
HNHN,diagnostics,sym,56,0.8358021539340994,0.0009067351932832044,0.8348954187408162,0.8367088891273826,10
HNHN,diagnostics,sym,57,0.8342463449469781,0.0009168846170058365,0.8333294603299723,0.8351632295639839,10
HNHN,diagnostics,sym,58,0.8327113897549785,0.000927065787655509,0.8317843239673229,0.833638455542634,10
HNHN,diagnostics,sym,59,0.8311967338152417,0.0009372758449135427,0.8302594579703282,0.8321340096601553,10
HNHN,diagnostics,sym,60,0.8297018422089213,0.0009475119309702044,0.8287543302779511,0.8306493541398915,10
HNHN,diagnostics,sym,61,0.8282261987345916,0.0009577712076613359,0.8272684275269302,0.829183969942253,10
HNHN,diagnostics,sym,62,0.826769305055449,0.000968050871208515,0.8258012541842404,0.8277373559266575,10
HNHN,diagnostics,sym,63,0.8253306798963804,0.0009783481648053137,0.8243523317315751,0.8263090280611858,10
HNHN,diagnostics,sym,64,0.823909858287319,0.0009886603892708082,0.8229211978980482,0.8248985186765898,10
HNHN,diagnostics,sym,65,0.822506390849593,0.0009989849119749932,0.821507405937618,0.823505375761568,10
HNHN,diagnostics,sym,66,0.8211198431222518,0.001009319174222784,0.8201105239480291,0.8221291622964746,10
HNHN,diagnostics,sym,67,0.8197497949255957,0.0010196606972697592,0.818730134228326,0.8207694556228655,10
HNHN,diagnostics,sym,68,0.8183958397593581,0.0010300070871253262,0.8173658326722328,0.8194258468464835,10
HNHN,diagnostics,sym,69,0.8170575842332012,0.0010403560382847416,0.8160172281949164,0.818097940271486,10
HNHN,diagnostics,sym,70,0.8157346475273608,0.0010507053365202954,0.8146839421908405,0.8167853528638811,10
HNHN,diagnostics,sym,71,0.8144266608814587,0.0010610528608470586,0.8133656080206116,0.8154877137423057,10
HNHN,diagnostics,sym,72,0.8131332671096422,0.001071396584769674,0.8120618705248726,0.8142046636944118,10
HNHN,diagnostics,sym,73,0.8118541201403662,0.0010817345769041095,0.8107723855634621,0.8129358547172703,10
HNHN,diagnostics,sym,74,0.8105888845792502,0.0010920650010594014,0.8094968195781908,0.8116809495803096,10
HNHN,diagnostics,sym,75,0.8093372352935673,0.0011023861158558684,0.8082348491777114,0.8104396214094232,10
HNHN,diagnostics,sym,76,0.8080988570170332,0.001112696273947263,0.8069861607430859,0.8092115532909805,10
HNHN,diagnostics,sym,77,0.8068734439736531,0.0011229939209081382,0.805750450052745,0.8079964378945612,10
HNHN,diagnostics,sym,78,0.8056606995194839,0.0011332775938391307,0.8045274219256449,0.806793977113323,10
HNHN,diagnostics,sym,79,0.8044603358012468,0.0011435459197386341,0.8033167898815081,0.8056038817209854,10
HNHN,diagnostics,sym,80,0.8032720734308063,0.0011537976136830614,0.8021182758171232,0.8044258710444894,10
HNHN,diagnostics,sym,81,0.8020956411745971,0.001164031476851497,0.8009316096977456,0.8032596726514486,10
HNHN,diagnostics,sym,82,0.8009307756571451,0.0011742463944292329,0.7997565292627159,0.8021050220515743,10
HNHN,diagnostics,sym,83,0.7997772210778953,0.0011844413334168983,0.7985927797444784,0.8009616624113122,10
HNHN,diagnostics,sym,84,0.7986347289405995,0.0011946153403707643,0.7974401136002287,0.7998293442809703,10
HNHN,diagnostics,sym,85,0.7975030577945824,0.0012047675390966528,0.7962982902554857,0.7987078253336791,10
HNHN,diagnostics,sym,86,0.7963819729872379,0.00121489712831385,0.7951670758589241,0.7975968701155517,10
HNHN,diagnostics,sym,87,0.7952712464271596,0.0012250033793077485,0.7940462430478519,0.7964962498064674,10
HNHN,diagnostics,sym,88,0.7941706563573404,0.0012350856335830223,0.7929355707237574,0.7954057419909234,10
HNHN,diagnostics,sym,89,0.7930799871379205,0.001245143300530265,0.7918348438373902,0.7943251304384508,10
HNHN,diagnostics,sym,90,0.7919990290379872,0.001255175855114776,0.7907438531828724,0.793254204893102,10
HNHN,diagnostics,sym,91,0.7909275780359714,0.0012651828355968637,0.7896623952003745,0.7921927608715682,10
HNHN,diagnostics,sym,92,0.7898654356282033,0.0012751638412904095,0.7885902717869129,0.7911405994694938,10
HNHN,diagnostics,sym,93,0.788812408645227,0.0012851185303645444,0.7875272901148624,0.7900975271755915,10
HNHN,diagnostics,sym,94,0.7877683090754874,0.001295046617693603,0.7864732624577938,0.7890633556931811,10
HNHN,diagnostics,sym,95,0.7867329538960371,0.0013049478727587337,0.7854280060232784,0.7880379017687958,10
HNHN,diagnostics,sym,96,0.7857061649099202,0.001314822117604571,0.7843913427923156,0.7870209870275248,10
HNHN,diagnostics,sym,97,0.7846877685899207,0.0013246692248511313,0.7833630993650696,0.7860124378147718,10
HNHN,diagnostics,sym,98,0.7836775959283739,0.0013344891157652228,0.7823431068126088,0.7850120850441391,10
HNHN,diagnostics,sym,99,0.7826754822927564,0.0013442817583887224,0.7813312005343677,0.7840197640511452,10
HNHN,diagnostics,sym,100,0.7816812672867937,0.0013540471657283414,0.7803272201210654,0.783035314452522,10
HNHN,diagnostics,sym,101,0.7806947946168308,0.001363785394002,0.7793310092228288,0.7820585800108327,10
HNHN,diagnostics,sym,102,0.779715911963226,0.001373496540945994,0.77834241542228,0.781089408504172,10
HNHN,diagnostics,sym,103,0.7787444708565479,0.0013831807441794667,0.7773612901123684,0.7801276516007273,10
HNHN,diagnostics,sym,104,0.7777803265583593,0.0013928381796263893,0.7763874883787328,0.7791731647379857,10
HNHN,diagnostics,sym,105,0.7768233379463874,0.001402469059993849,0.7754208688863935,0.7782258070063812,10
HNHN,diagnostics,sym,106,0.7758733674038905,0.0014120736333059036,0.7744612937705846,0.7772854410371963,10
HNHN,diagnostics,sym,107,0.774930280713038,0.0014216521814903098,0.7735086285315478,0.7763519328945283,10
HNHN,diagnostics,sym,108,0.7739939469521349,0.0014312050190184952,0.7725627419331164,0.7754251519711534,10
HNHN,diagnostics,sym,109,0.7730642383965236,0.0014407324915959913,0.7716235059049276,0.7745049708881196,10
HNHN,diagnostics,sym,110,0.7721410304230141,0.0014502349749022103,0.7706907954481118,0.7735912653979163,10
HNHN,diagnostics,sym,111,0.7712242014176891,0.0014597128733781323,0.769764488544311,0.7726839142910672,10
HNHN,diagnostics,sym,112,0.7703136326869483,0.0014691666190596493,0.7688444660678887,0.7717827993060079,10
HNHN,diagnostics,sym,113,0.7694092083716579,0.0014785966704554962,0.7679306117012025,0.7708878050421134,10
HNHN,diagnostics,sym,114,0.7685108153642778,0.0014880035114687561,0.7670228118528091,0.7699988188757465,10
HNHN,diagnostics,sym,115,0.7676183432288466,0.001497387650358013,0.7661209555784886,0.7691157308792046,10
HNHN,diagnostics,sym,116,0.766731684123709,0.0015067496187396476,0.7652249345049693,0.7682384337424486,10
HNHN,diagnostics,sym,117,0.765850732726878,0.0015160899706271151,0.7643346427562508,0.7673668226975051,10
HNHN,diagnostics,sym,118,0.7649753861639239,0.001525409281507238,0.7634499768824167,0.7665007954454311,10
HNHN,diagnostics,sym,119,0.7641055439382937,0.0015347081474508127,0.7625708357908428,0.7656402520857445,10
HNHN,diagnostics,sym,120,0.7632411078639654,0.0015439871842577106,0.7616971206797076,0.7647850950482231,10
HNHN,diagnostics,sym,121,0.7623819820003443,0.0015532470266329144,0.7608287349737114,0.7639352290269773,10
HNHN,diagnostics,sym,122,0.7615280725893178,0.0015624883273938279,0.759965584261924,0.7630905609167116,10
HNHN,diagnostics,sym,123,0.7606792879943829,0.0015717117567064737,0.7591075762376764,0.7622509997510893,10
HNHN,diagnostics,sym,124,0.7598355386417702,0.001580918001350174,0.75825462064042,0.7614164566431204,10
HNHN,diagnostics,sym,125,0.7589967369634865,0.001590107764008065,0.7574066291994784,0.7605868447274945,10
HNHN,diagnostics,sym,126,0.7581627973422043,0.0015992817625846614,0.7565635155796196,0.7597620791047889,10
HNHN,diagnostics,sym,127,0.7573336360579301,0.0016084407295454777,0.7557251953283847,0.7589420767874756,10
HNHN,diagnostics,sym,128,0.7565091712363843,0.001617585411282161,0.7548915858251021,0.7581267566476665,10
HNHN,diagnostics,sym,129,0.7556893227990275,0.0016267165674982318,0.7540626062315292,0.7573160393665257,10
HNHN,diagnostics,sym,130,0.7548740124146777,0.00163583497061635,0.7532381774440613,0.756509847385294,10
HNHN,diagnostics,sym,131,0.7540631634526543,0.0016449414052059374,0.7524182220474483,0.7557081048578603,10
HNHN,diagnostics,sym,132,0.7532567009373974,0.001654036667429567,0.7516026642699678,0.754910737604827,10
HNHN,diagnostics,sym,133,0.7524545515045057,0.0016631215645080044,0.7507914299399977,0.7541176730690137,10
HNHN,diagnostics,sym,134,0.7516566433581469,0.0016721969142022026,0.7499844464439447,0.753328840272349,10
HNHN,diagnostics,sym,135,0.7508629062297839,0.0016812635443123108,0.7491816426854716,0.7525441697740962,10
HNHN,diagnostics,sym,136,0.7500732713381778,0.001690322292191929,0.7483829490459859,0.7517635936303697,10
HNHN,diagnostics,sym,137,0.7492876713506164,0.00169937400427782,0.7475882973463386,0.7509870453548941,10
HNHN,diagnostics,sym,138,0.7485060403453285,0.001708419535633997,0.7467976208096946,0.7502144598809625,10
HNHN,diagnostics,sym,139,0.7477283137750406,0.0017174597495089952,0.7460108540255316,0.7494457735245496,10
HNHN,diagnostics,sym,140,0.7469544284316358,0.0017264955169067502,0.7452279329147291,0.7486809239485426,10
HNHN,diagnostics,sym,141,0.7461843224118795,0.0017355277161687141,0.7444487946957108,0.7479198501280482,10
HNHN,diagnostics,sym,142,0.7454179350841701,0.0017445572325695414,0.7436733778516006,0.7471624923167396,10
HNHN,diagnostics,sym,143,0.7446552070562846,0.0017535849579224186,0.7429016220983622,0.7464087920142071,10
HNHN,diagnostics,sym,144,0.7438960801440798,0.001762611790196021,0.7421334683538838,0.7456586919342758,10
HNHN,diagnostics,sym,145,0.7431404973411226,0.0017716386331408484,0.7413688587079817,0.7449121359742635,10
HNHN,diagnostics,sym,146,0.7423884027892105,0.0017806663959264682,0.740607736393284,0.7441690691851369,10
HNHN,diagnostics,sym,147,0.7416397417497591,0.0017896959927869939,0.7398500457569721,0.7434294377425461,10
HNHN,diagnostics,sym,148,0.7408944605760235,0.0017987283426759647,0.7390957322333476,0.7426931889186994,10
HNHN,diagnostics,sym,149,0.7401525066861256,0.0018077643689299256,0.7383447423171957,0.7419602710550556,10
HNHN,diagnostics,sym,150,0.7394138285368631,0.0018168049989387449,0.7375970235379243,0.7412306335358019,10
HNHN,diagnostics,sym,151,0.7386783755982719,0.0018258511638261361,0.7368525244344457,0.740504226762098,10
HNHN,diagnostics,sym,152,0.7379460983289154,0.001834903798134758,0.7361111945307807,0.7397810021270502,10
HNHN,diagnostics,sym,153,0.7372169481518847,0.001843963839520775,0.7353729843123639,0.7390609119914054,10
HNHN,diagnostics,sym,154,0.7364908774314735,0.0018530322284536825,0.7346378452030198,0.7383439096599271,10
HNHN,diagnostics,sym,155,0.7357678394505186,0.0018621099079231438,0.7339057295425955,0.7376299493584417,10
HNHN,diagnostics,sym,156,0.7350477883883764,0.0018711978231521938,0.7331765905652242,0.7369189862115285,10
HNHN,diagnostics,sym,157,0.7343306792995162,0.001880296921316026,0.7324503823782003,0.7362109762208322,10
HNHN,diagnostics,sym,158,0.7336164680927142,0.0018894081512672582,0.7317270599414469,0.7355058762439814,10
HNHN,diagnostics,sym,159,0.7329051115108228,0.001898532463265738,0.7310065790475571,0.7348036439740886,10
HNHN,diagnostics,sym,160,0.7321965671111031,0.001907670808714535,0.7302888963023886,0.7341042379198177,10
HNHN,diagnostics,sym,161,0.7314907932460966,0.0019168241399003653,0.7295739691061962,0.7334076173859969,10
HNHN,diagnostics,sym,162,0.7307877490450254,0.0019259934097395838,0.7288617556352859,0.732713742454765,10
HNHN,diagnostics,sym,163,0.7300873943956987,0.0019351795715285625,0.7281522148241701,0.7320225739672273,10
HNHN,diagnostics,sym,164,0.7293896899269128,0.0019443835786985629,0.7274453063482142,0.7313340735056113,10
HNHN,diagnostics,sym,165,0.7286945969913275,0.0019536063845759116,0.7267409906067517,0.7306482033759034,10
HNHN,diagnostics,sym,166,0.7280020776488066,0.001962848942145,0.7260392287066616,0.7299649265909517,10
HNHN,diagnostics,sym,167,0.7273120946502046,0.001972112203817045,0.7253399824463875,0.7292842068540217,10
HNHN,diagnostics,sym,168,0.7266246114215884,0.001981397121202302,0.7246432143003861,0.7286060085427907,10
HNHN,diagnostics,sym,169,0.7259395920488797,0.001990704644885749,0.723948887403994,0.7279302966937654,10
HNHN,diagnostics,sym,170,0.7252570012629055,0.0020000357242075583,0.7232569655386979,0.7272570369871131,10
HNHN,diagnostics,sym,171,0.7245768044248437,0.002009391307046809,0.7225674131177969,0.7265861957318905,10
HNHN,diagnostics,sym,172,0.7238989675120522,0.0020187723396090426,0.7218801951724432,0.7259177398516612,10
HNHN,diagnostics,sym,173,0.7232234571042697,0.002028179766217275,0.7211952773380524,0.725251636870487,10
HNHN,diagnostics,sym,174,0.7225502403701782,0.0020376145291068986,0.7205126258410713,0.7245878548992851,10
HNHN,diagnostics,sym,175,0.7218792850543135,0.002047077568223764,0.7198322074860898,0.7239263626225373,10
HNHN,diagnostics,sym,176,0.7212105594643154,0.002056569821025987,0.7191539896432895,0.7232671292853414,10
HNHN,diagnostics,sym,177,0.720544032458509,0.0020660922222885316,0.7184779402362205,0.7226101246807974,10
HNHN,diagnostics,sym,178,0.7198796734338025,0.002075645703912145,0.7178040277298904,0.7219553191377147,10
HNHN,diagnostics,sym,179,0.7192174523138976,0.0020852311947341714,0.7171322211191634,0.7213026835086317,10
HNHN,diagnostics,sym,180,0.7185573395377981,0.002094849620344151,0.716462489917454,0.7206521891581422,10
HNHN,diagnostics,sym,181,0.7178993060486129,0.002104501902901558,0.7157948041457113,0.7200038079515144,10
HNHN,diagnostics,sym,182,0.7172433232826408,0.0021141889609567863,0.715129134321684,0.7193575122435977,10
HNHN,diagnostics,sym,183,0.7165893631587321,0.0021239117092759652,0.7144654514494562,0.7187132748680081,10
HNHN,diagnostics,sym,184,0.715937398067915,0.002133671058668085,0.7138037270092469,0.7180710691265831,10
HNHN,diagnostics,sym,185,0.7152874008632841,0.002143467915815951,0.7131439329474681,0.7174308687791001,10
HNHN,diagnostics,sym,186,0.7146393448501384,0.002153303183109587,0.7124860416670288,0.7167926480332479,10
HNHN,diagnostics,sym,187,0.7139932037763668,0.002163177758483007,0.7118300260178838,0.7161563815348497,10
HNHN,diagnostics,sym,188,0.7133489518230691,0.002173092535254559,0.7111758592878146,0.7155220443583237,10
HNHN,diagnostics,sym,189,0.712706563595409,0.0021830484019689958,0.7105235151934399,0.714889611997378,10
HNHN,diagnostics,sym,190,0.7120660141136916,0.002193046242244226,0.7098729678714474,0.7142590603559359,10
HNHN,diagnostics,sym,191,0.7114272788046583,0.002203086934619782,0.7092241918700385,0.7136303657392781,10
HNHN,diagnostics,sym,192,0.7107903334929949,0.002213171352408974,0.708577162140586,0.7130035048454039,10
HNHN,diagnostics,sym,193,0.710155154393045,0.002223300363554208,0.7079318540294908,0.7123784547565992,10
HNHN,diagnostics,sym,194,0.7095217181007228,0.002233474830484731,0.7072882432702381,0.7117551929312076,10
HNHN,diagnostics,sym,195,0.7088900015856228,0.002243695609977924,0.7066463059756448,0.7111336971956007,10
HNHN,diagnostics,sym,196,0.7082599821833166,0.0022539635530234863,0.7060060186302931,0.7105139457363402,10
HNHN,diagnostics,sym,197,0.707631637587835,0.002264279504690795,0.7053673580831442,0.7098959170925258,10
HNHN,diagnostics,sym,198,0.7070049458443289,0.002274644303998829,0.7047303015403301,0.7092795901483278,10
HNHN,diagnostics,sym,199,0.7063798853419039,0.0022850587837899765,0.704094826558114,0.7086649441256938,10
HNHN,diagnostics,sym,200,0.7057564348066252,0.0022955237706058745,0.7034609110360194,0.708051958577231,10
HNHN,diagnostics,sym,201,0.7051345732946851,0.002306040084567054,0.7028285332101181,0.7074406133792521,10
HNHN,diagnostics,sym,202,0.7045142801857343,0.002316608539255695,0.7021976716464785,0.70683088872499,10
HNHN,diagnostics,sym,203,0.7038955351763649,0.0023272299416007766,0.7015683052347642,0.7062227651179657,10
HNHN,diagnostics,sym,204,0.7032783182737494,0.0023379050917666385,0.7009404131819827,0.7056162233655161,10
HNHN,diagnostics,sym,205,0.702662609789423,0.0023486347830450715,0.7003139750063779,0.705011244572468,10
HNHN,diagnostics,sym,206,0.7020483903332141,0.00235941980174987,0.6996889705314642,0.704407810134964,10
HNHN,diagnostics,sym,207,0.7014356408073107,0.0023702609271143656,0.6990653798801963,0.703805901734425,10
HNHN,diagnostics,sym,208,0.7008243424004658,0.00238115893119269,0.698443183469273,0.7032055013316585,10
HNHN,diagnostics,sym,209,0.7002144765823338,0.002392114578763886,0.69782236200357,0.7026065911610977,10
HNHN,diagnostics,sym,210,0.699606025097937,0.0024031286272384227,0.6972028964706986,0.7020091537251755,10
HNHN,diagnostics,sym,211,0.6989989699622567,0.0024142018265685848,0.6965847681356881,0.7014131717888253,10
HNHN,diagnostics,sym,212,0.6983932934549479,0.002425334919162179,0.6959679585357857,0.7008186283741101,10
HNHN,diagnostics,sym,213,0.6977889781151726,0.0024365286397978305,0.6953524494753748,0.7002255067549704,10
HNHN,diagnostics,sym,214,0.6971860067365486,0.0024477837155450874,0.6947382230210035,0.6996337904520937,10
HNHN,diagnostics,sym,215,0.6965843623622139,0.0024591008656868222,0.6941252614965271,0.6990434632279007,10
HNHN,diagnostics,sym,216,0.6959840282799974,0.0024704808016443314,0.693513547478353,0.6984545090816418,10
HNHN,diagnostics,sym,217,0.695384988017701,0.0024819242269060555,0.6929030637907949,0.6978669122446071,10
HNHN,diagnostics,sym,218,0.6947872253384835,0.0024934318369591248,0.6922937935015243,0.6972806571754426,10
HNHN,diagnostics,sym,219,0.6941907242363479,0.002505004319224291,0.6916857199171236,0.6966957285555722,10
HNHN,diagnostics,sym,220,0.6935954689317276,0.002516642352992876,0.6910788265787348,0.6961121112847205,10
HNHN,diagnostics,sym,221,0.6930014438671699,0.002528346609368211,0.6904730972578017,0.6955297904765381,10
HNHN,diagnostics,sym,222,0.6924086337031132,0.0025401177512087863,0.6898685159519045,0.694948751454322,10
HNHN,diagnostics,sym,223,0.6918170233137575,0.00255195643307488,0.6892650668806826,0.6943689797468324,10
HNHN,diagnostics,sym,224,0.6912265977830223,0.002563863301178422,0.6886627344818439,0.6937904610842007,10
HNHN,diagnostics,sym,225,0.6906373424005962,0.0025758389933354105,0.6880615034072608,0.6932131813939315,10
HNHN,diagnostics,sym,226,0.6900492426580663,0.002587884138921381,0.6874613585191449,0.6926371267969877,10
HNHN,diagnostics,sym,227,0.6894622842451364,0.002599999358829684,0.6868622848863067,0.6920622836039662,10
HNHN,diagnostics,sym,228,0.6888764530459225,0.0026121852654331576,0.6862642677804893,0.6914886383113557,10
HNHN,diagnostics,sym,229,0.6882917351353292,0.0026244424625478558,0.6856672926727813,0.690916177597877,10
HNHN,diagnostics,sym,230,0.6877081167755027,0.0026367715453998308,0.6850713452301028,0.6903448883209026,10
HNHN,diagnostics,sym,231,0.6871255844123603,0.0026491731005959434,0.6844764113117643,0.6897747575129562,10
HNHN,diagnostics,sym,232,0.6865441246721916,0.002661647706095249,0.6838824769660964,0.6892057723782868,10
HNHN,diagnostics,sym,233,0.6859637243583337,0.0026741959311848804,0.6832895284271489,0.6886379202895186,10
HNHN,diagnostics,sym,234,0.6853843704479144,0.002686818336458126,0.6826975521114563,0.6880711887843726,10
HNHN,diagnostics,sym,235,0.6848060500886654,0.002699515473795291,0.68210653461487,0.6875055655624607,10
HNHN,diagnostics,sym,236,0.6842287505957996,0.0027122878863466227,0.681516462709453,0.6869410384821462,10
HNHN,diagnostics,sym,237,0.6836524594489586,0.0027251361085187226,0.6809273233404398,0.6863775955574773,10
HNHN,diagnostics,sym,238,0.6830771642892183,0.0027380606659631055,0.6803391036232551,0.6858152249551814,10
HNHN,diagnostics,sym,239,0.682502852916159,0.0027510620755674593,0.6797517908405916,0.6852539149917264,10
HNHN,diagnostics,sym,240,0.6819295132849971,0.002764140845449046,0.679165372439548,0.6846936541304461,10
HNHN,diagnostics,sym,241,0.681357133503774,0.0027772974749513076,0.6785798360288228,0.6841344309787253,10
HNHN,diagnostics,sym,242,0.6807857018306043,0.002790532454641998,0.6779951693759623,0.6835762342852463,10
HNHN,diagnostics,sym,243,0.6802152066709797,0.002803846266314409,0.6774113604046653,0.683019052937294,10
HNHN,diagnostics,sym,244,0.6796456365751281,0.002817239382991014,0.676828397192137,0.6824628759581192,10
HNHN,diagnostics,sym,245,0.6790769802354271,0.002830712268928517,0.6762462679664986,0.6819076925043556,10
HNHN,diagnostics,sym,246,0.6785092264838696,0.002844265379626278,0.6756649611042433,0.6813534918634958,10
HNHN,diagnostics,sym,247,0.6779423642895809,0.0028578991618363908,0.6750844651277444,0.6808002634514173,10
HNHN,diagnostics,sym,248,0.6773763827563863,0.0028716140535756727,0.6745047687028106,0.6802479968099621,10
HNHN,diagnostics,sym,249,0.676811271120428,0.0028854104841406587,0.6739258606362873,0.6796966816045688,10
HNHN,diagnostics,sym,250,0.6762470187478293,0.0028992888741236943,0.6733477298737056,0.679146307621953,10
HNHN,diagnostics,sym,251,0.6756836151324056,0.0029132496354318986,0.6727703654969737,0.6785968647678375,10
HNHN,diagnostics,sym,252,0.6751210498934233,0.002927293171307335,0.6721937567221159,0.6780483430647306,10
HNHN,diagnostics,sym,253,0.6745593127733996,0.0029414198763498037,0.6716178928970499,0.6775007326497494,10
HNHN,diagnostics,sym,254,0.6739983936359513,0.002955630136541437,0.6710427634994098,0.6769540237724927,10
HNHN,diagnostics,sym,255,0.6734382824636813,0.002969924329272136,0.6704683581344092,0.6764082067929534,10
HNHN,diagnostics,sym,256,0.6728789693561101,0.002984302823368723,0.6698946665327414,0.6758632721794788,10
HNHN,diagnostics,op,0,1.0,0.0,1.0,1.0,10
HNHN,diagnostics,op,1,0.8237635311953447,0.0021737738748008853,0.8215897573205438,0.8259373050701456,10
HNHN,diagnostics,op,2,0.7243118395180748,0.0025444599704331806,0.7217673795476416,0.7268562994885079,10
HNHN,diagnostics,op,3,0.6590771761280941,0.0024897719242633347,0.6565874042038308,0.6615669480523575,10
HNHN,diagnostics,op,4,0.6114908687164902,0.0023418915000042503,0.6091489772164859,0.6138327602164945,10
HNHN,diagnostics,op,5,0.5742729138179359,0.002184388455934442,0.5720885253620014,0.5764573022738704,10
HNHN,diagnostics,op,6,0.5437964421201741,0.00203846485377202,0.5417579772664021,0.5458349069739461,10
HNHN,diagnostics,op,7,0.5180437853007593,0.001908627845260666,0.5161351574554986,0.51995241314602,10
HNHN,diagnostics,op,8,0.49578849032888395,0.0017947919654756888,0.4939936983634083,0.4975832822943596,10
HNHN,diagnostics,op,9,0.4762317972888631,0.0016956574850587394,0.4745361398038044,0.47792745477392184,10
HNHN,diagnostics,op,10,0.4588245878065145,0.0016096660714898462,0.45721492173502465,0.4604342538780043,10
HNHN,diagnostics,op,11,0.4431726692317609,0.0015352696653322508,0.44163739956642867,0.44470793889709315,10
HNHN,diagnostics,op,12,0.4289828910572163,0.001471008879868053,0.42751188217734826,0.4304538999370844,10
HNHN,diagnostics,op,13,0.4160307790836784,0.0014155400423537126,0.4146152390413247,0.41744631912603214,10
HNHN,diagnostics,op,14,0.404140202870597,0.0013676467531021186,0.40277255611749485,0.4055078496236991,10
HNHN,diagnostics,op,15,0.3931701072970093,0.0013262439681311876,0.3918438633288781,0.3944963512651405,10
HNHN,diagnostics,op,16,0.38300556274859476,0.001290376432494177,0.3817151863161006,0.38429593918108895,10
HNHN,diagnostics,op,17,0.3735515490745984,0.001259212592795207,0.3722923364818032,0.37481076166739363,10
HNHN,diagnostics,op,18,0.3647285239626896,0.0012320353082034396,0.3634964886544862,0.36596055927089305,10
HNHN,diagnostics,op,19,0.35646918853330245,0.0012082307116974074,0.35526095782160505,0.35767741924499985,10
HNHN,diagnostics,op,20,0.3487160764848434,0.0011872763775857822,0.3475288001072576,0.34990335286242913,10
HNHN,diagnostics,op,21,0.34141972282248945,0.0011687296501077969,0.34025099317238167,0.3425884524725972,10
HNHN,diagnostics,op,22,0.33453724910377136,0.0011522166857200172,0.33338503241805134,0.3356894657894914,10
HNHN,diagnostics,op,23,0.32803125382277787,0.0011374225121112578,0.3268938313106666,0.3291686763348891,10
HNHN,diagnostics,op,24,0.321868930315262,0.001124082225278095,0.3207448480899839,0.3229930125405401,10
HNHN,diagnostics,op,25,0.316021357071723,0.0011119733267176547,0.3149093837450054,0.31713333039844066,10
HNHN,diagnostics,op,26,0.31046292063515,0.0011009091325947914,0.3093620115025552,0.3115638297677448,10
HNHN,diagnostics,op,27,0.3051708418346084,0.0010907331513290315,0.3040801086832794,0.3062615749859374,10
HNHN,diagnostics,op,28,0.30012478354321553,0.0010813143133321975,0.29904346922988334,0.3012060978565477,10
HNHN,diagnostics,op,29,0.29530652346371133,0.001072542937518829,0.2942339805261925,0.2963790664012302,10
HNHN,diagnostics,op,30,0.2906996793001214,0.001064327327459774,0.28963535197266166,0.2917640066275812,10
HNHN,diagnostics,op,31,0.28628947651069997,0.0010565909016126997,0.28523288560908727,0.28734606741231267,10
HNHN,diagnostics,op,32,0.28206255095272087,0.0010492697745223352,0.2810132811781985,0.2831118207272432,10
HNHN,diagnostics,op,33,0.2780067803271885,0.0010423107178960077,0.2769644696092925,0.2790490910450845,10
HNHN,diagnostics,op,34,0.2741111395522606,0.0010356694413611153,0.27307547011089944,0.2751468089936217,10
HNHN,diagnostics,op,35,0.27036557613730305,0.0010293091422618745,0.2693362669950412,0.2713948852795649,10
HNHN,diagnostics,op,36,0.2667609023656148,0.0010231992820266581,0.26573770308358813,0.26778410164764144,10
HNHN,diagnostics,op,37,0.26328870167384855,0.001017314553540505,0.26227138712030806,0.26430601622738903,10
HNHN,diagnostics,op,38,0.2599412470771021,0.0010116340097357543,0.25892961306736634,0.26095288108683784,10
HNHN,diagnostics,op,39,0.25671142985792605,0.0010061403284245172,0.25570528952950156,0.25771757018635055,10
HNHN,diagnostics,op,40,0.25359269703548876,0.0010008191924020782,0.2525918778430867,0.25459351622789084,10
HNHN,diagnostics,op,41,0.25057899637323,0.0009956587671733816,0.2495833376060566,0.2515746551404034,10
HNHN,diagnostics,op,42,0.2476647278812223,0.0009906492614267625,0.24667407861979554,0.24865537714264904,10
HNHN,diagnostics,op,43,0.24484470093212413,0.0009857825576852313,0.2438589183744389,0.24583048348980935,10
HNHN,diagnostics,op,44,0.24211409624402552,0.0009810519024976497,0.24113304434152788,0.24309514814652317,10
HNHN,diagnostics,op,45,0.2394684320950863,0.0009764516471480636,0.23849198044793823,0.24044488374223438,10
HNHN,diagnostics,op,46,0.23690353422793936,0.000971977031222712,0.23593155719671666,0.23787551125916206,10
HNHN,diagnostics,op,47,0.2344155089797754,0.000967624002520192,0.23344788497725522,0.23538313298229557,10
HNHN,diagnostics,op,48,0.2320007192395463,0.0009633890677580794,0.2310373301717882,0.23296410830730438,10
HNHN,diagnostics,op,49,0.22965576288900835,0.0009592691693511964,0.22869649371965717,0.23061503205835954,10
HNHN,diagnostics,op,50,0.22737745343112675,0.000955261584232355,0.2264221918468944,0.2283327150153591,10
HNHN,diagnostics,op,51,0.22516280254911053,0.0009513638412795767,0.22421143870783095,0.22611416639039011,10
HNHN,diagnostics,op,52,0.22300900437320537,0.0009475736544188724,0.2220614307187865,0.22395657802762423,10
HNHN,diagnostics,op,53,0.22091342126130087,0.0009438888689019591,0.21996953239239891,0.22185731013020282,10
HNHN,diagnostics,op,54,0.21887357092418877,0.0009403074186277605,0.217933263505561,0.21981387834281654,10
HNHN,diagnostics,op,55,0.2168871147475928,0.0009368272926898606,0.21595028745490294,0.2178239420402827,10
HNHN,diagnostics,op,56,0.21495184718141794,0.0009334465096038088,0.21401840067181413,0.21588529369102175,10
HNHN,diagnostics,op,57,0.2130656860824875,0.0009301630978965831,0.2121355229845909,0.21399584918038408,10
HNHN,diagnostics,op,58,0.21122666391071943,0.0009269750819410884,0.21029968882877834,0.21215363899266051,10
HNHN,diagnostics,op,59,0.2094329196905588,0.0009238804720862622,0.20850903921847252,0.21035680016264507,10
HNHN,diagnostics,op,60,0.20768269165979594,0.0009208772582796095,0.20676181440151634,0.20860356891807555,10
HNHN,diagnostics,op,61,0.20597431053687254,0.0009179634065034016,0.20505634713036913,0.20689227394337595,10
HNHN,diagnostics,op,62,0.20430619334561353,0.0009151368574533706,0.20339105648816017,0.2052213302030669,10
HNHN,diagnostics,op,63,0.20267683774316528,0.0009123955269779813,0.2017644422161873,0.20358923327014325,10
HNHN,diagnostics,op,64,0.20108481680291815,0.0009097373078777622,0.20017507949504038,0.20199455411079592,10
HNHN,diagnostics,op,65,0.19952877420945075,0.0009071600727280724,0.1986216141367227,0.20043593428217882,10
HNHN,diagnostics,op,66,0.1980074198271565,0.0009046616774478651,0.19710275814970862,0.19891208150460438,10
HNHN,diagnostics,op,67,0.19651952560828476,0.0009022399653844991,0.19561728564290026,0.19742176557366925,10
HNHN,diagnostics,op,68,0.19506392180971702,0.0008998927717267266,0.1941640290379903,0.19596381458144374,10
HNHN,diagnostics,op,69,0.1936394934909729,0.0008976179280929065,0.19274187556288,0.1945371114190658,10
HNHN,diagnostics,op,70,0.19224517726874396,0.0008954132671713896,0.19134976400157258,0.19314059053591534,10
HNHN,diagnostics,op,71,0.1908799583057427,0.0008932766273150565,0.18998668167842764,0.19177323493305776,10
HNHN,diagnostics,op,72,0.1895428675138596,0.000891205857013822,0.18865166165684577,0.19043407337087342,10
HNHN,diagnostics,op,73,0.18823297895358554,0.0008891988191857236,0.1873437801343998,0.18912217777277127,10
HNHN,diagnostics,op,74,0.18694940741340105,0.0008872533952431662,0.18606215401815787,0.18783666080864422,10
HNHN,diagnostics,op,75,0.18569130615439353,0.0008853674889025768,0.18480593866549094,0.1865766736432961,10
HNHN,diagnostics,op,76,0.18445786480675358,0.0008835390297162844,0.1835743257770373,0.18534140383646985,10
HNHN,diagnostics,op,77,0.18324830740604417,0.0008817659763135933,0.18236654142973058,0.18413007338235776,10
HNHN,diagnostics,op,78,0.18206189055824998,0.0008800463193454027,0.18118184423890457,0.18294193687759538,10
HNHN,diagnostics,op,79,0.1808979017236128,0.0008783780841314658,0.18001952363948134,0.18177627980774427,10
HNHN,diagnostics,op,80,0.17975565761015394,0.000876759333014459,0.1788788982771395,0.1806324169431684,10
HNHN,diagnostics,op,81,0.17863450266859032,0.0008751881674282051,0.1777593145011621,0.17950969083601853,10
HNHN,diagnostics,op,82,0.17753380768107646,0.0008736627296901101,0.17666014495138635,0.17840747041076657,10
HNHN,diagnostics,op,83,0.17645296843685696,0.0008721812045294371,0.1755807872323275,0.1773251496413864,10
HNHN,diagnostics,op,84,0.17539140448850438,0.0008707418203654864,0.1745206626681389,0.17626214630886985,10
HNHN,diagnostics,op,85,0.17434855798295007,0.0008693428503495465,0.17347921513260053,0.1752179008332996,10
HNHN,diagnostics,op,86,0.17332389256199748,0.000867982613185782,0.17245590994881171,0.17419187517518325,10
HNHN,diagnostics,op,87,0.17231689232744318,0.0008666594737461698,0.171450232853697,0.17318355180118936,10
HNHN,diagnostics,op,88,0.17132706086632785,0.0008653718434949885,0.17046168902283285,0.17219243270982285,10
HNHN,diagnostics,op,89,0.17035392033219826,0.0008641181807376018,0.16948980215146067,0.17121803851293585,10
HNHN,diagnostics,op,90,0.16939701057858736,0.0008628969907084103,0.16853411358787895,0.17025990756929577,10
HNHN,diagnostics,op,91,0.16845588834121733,0.0008617068255122535,0.16759418151570507,0.1693175951667296,10
HNHN,diagnostics,op,92,0.16753012646570184,0.0008605462839328402,0.166669580181769,0.16839067274963468,10
HNHN,diagnostics,op,93,0.1666193131777683,0.0008594140111213099,0.165759899166647,0.1674787271888896,10
HNHN,diagnostics,op,94,0.16572305139324955,0.0008583086981774746,0.1648647426950721,0.16658136009142702,10
HNHN,diagnostics,op,95,0.16484095806529722,0.0008572290816350201,0.1639837289836622,0.16569818714693224,10
HNHN,diagnostics,op,96,0.1639726635664596,0.0008561739428622717,0.16311648962359732,0.16482883750932187,10
HNHN,diagnostics,op,97,0.16311781110343881,0.0008551421073880838,0.16226266899605074,0.1639729532108269,10
HNHN,diagnostics,op,98,0.16227605616249902,0.0008541324441630933,0.1614219237183359,0.16313018860666212,10
HNHN,diagnostics,op,99,0.16144706598364506,0.0008531438647645613,0.1605939221188805,0.16230020984840962,10
HNHN,diagnostics,op,100,0.16063051906182185,0.000852175322553643,0.15977834373926822,0.16148269438437549,10
HNHN,diagnostics,op,101,0.15982610467350855,0.0008512258117920323,0.15897487886171652,0.16067733048530058,10
HNHN,diagnostics,op,102,0.15903352242719437,0.0008502943667252996,0.15818322806046908,0.15988381679391966,10
HNHN,diagnostics,op,103,0.1582524818363263,0.0008493800606391408,0.15740310177568714,0.15910186189696543,10
HNHN,diagnostics,op,104,0.15748270191341524,0.0008484820048942663,0.15663421990852097,0.1583311839183095,10
HNHN,diagnostics,op,105,0.15672391078407516,0.0008475993479451671,0.15587631143612998,0.15757151013202034,10
HNHN,diagnostics,op,106,0.15597584531985123,0.0008467312743476875,0.15512911404550353,0.15682257659419893,10
HNHN,diagnostics,op,107,0.15523825078876924,0.000845877003759405,0.15439237378500983,0.15608412779252864,10
HNHN,diagnostics,op,108,0.15451088052260725,0.000845035789936948,0.1536658447326703,0.1553559163125442,10
HNHN,diagnostics,op,109,0.15379349559995595,0.0008442069197333382,0.15294928868022262,0.15463770251968928,10
HNHN,diagnostics,op,110,0.15308586454419332,0.0008433897120991023,0.15224247483209422,0.15392925425629242,10
HNHN,diagnostics,op,111,0.15238776303555523,0.000842583517088996,0.15154517951846624,0.15323034655264423,10
HNHN,diagnostics,op,112,0.15169897363653523,0.0008417877148774478,0.15085718592165778,0.15254076135141267,10
HNHN,diagnostics,op,113,0.15101928552989363,0.000841001714784658,0.15017828381510898,0.1518602872446783,10
HNHN,diagnostics,op,114,0.15034849426860136,0.0008402249543149135,0.14950826931428646,0.15118871922291627,10
HNHN,diagnostics,op,115,0.14968640153708576,0.0008394568982093625,0.1488469446388764,0.15052585843529512,10
HNHN,diagnostics,op,116,0.14903281492318238,0.0008386970375138916,0.1481941178856685,0.14987151196069626,10
HNHN,diagnostics,op,117,0.1483875477002341,0.0008379448886637575,0.14754960281157034,0.14922549258889786,10
HNHN,diagnostics,op,118,0.1477504186188124,0.0008371999925861216,0.14691321862622628,0.14858761861139855,10
HNHN,diagnostics,op,119,0.1471212517075647,0.0008364619138206164,0.1462847897937441,0.14795771362138532,10
HNHN,diagnostics,op,120,0.14649987608272352,0.000835730239659368,0.14566414584306417,0.14733560632238288,10
HNHN,diagnostics,op,121,0.1458861257658386,0.0008350045793067615,0.14505112118653182,0.14672113034514536,10
HNHN,diagnostics,op,122,0.14527983950931836,0.0008342845630589992,0.14444555494625935,0.14611412407237737,10
HNHN,diagnostics,op,123,0.1446808606293924,0.000833569841504514,0.14384729078788788,0.1455144304708969,10
HNHN,diagnostics,op,124,0.14408903684612617,0.0008328600847446362,0.14325617676138153,0.14492189693087082,10
HNHN,diagnostics,op,125,0.1435042201301429,0.000832154981635289,0.1426720651485076,0.14433637511177821,10
HNHN,diagnostics,op,126,0.1429262665557245,0.0008314542390492968,0.1420948123166752,0.14375772079477378,10
HNHN,diagnostics,op,127,0.1423550361599829,0.0008307575811596109,0.1415242785788233,0.14318579374114251,10
HNHN,diagnostics,op,128,0.1417903928078102,0.0008300647487431768,0.14096032805906702,0.14262045755655336,10
HNHN,diagnostics,op,129,0.14123220406233122,0.0008293754985052963,0.14040282856382594,0.1420615795608365,10
HNHN,diagnostics,op,130,0.14068034106059804,0.0008286896024244013,0.13985165145817363,0.14150903066302245,10
HNHN,diagnostics,op,131,0.14013467839427912,0.0008280068471169803,0.13930667154716214,0.1409626852413961,10
HNHN,diagnostics,op,132,0.13959509399511033,0.0008273270332222565,0.13876776696188808,0.14042242102833258,10
HNHN,diagnostics,op,133,0.1390614690248862,0.0008266499748066571,0.13823481905007953,0.13988811899969286,10
HNHN,diagnostics,op,134,0.1385336877697813,0.0008259754987871656,0.13770771227099415,0.13935966326856847,10
HNHN,diagnostics,op,135,0.1380116375388052,0.0008253034443740315,0.13718633409443115,0.13883694098317922,10
HNHN,diagnostics,op,136,0.13749520856620082,0.0008246336625316183,0.13667057490366918,0.13831984222873245,10
HNHN,diagnostics,op,137,0.13698429391760927,0.00082396601545767,0.1361603279021516,0.13780825993306695,10
HNHN,diagnostics,op,138,0.13647878939983146,0.0008233003760802429,0.1356554890237512,0.1373020897759117,10
HNHN,diagnostics,op,139,0.13597859347402608,0.0008226366275720344,0.13515595684645404,0.13680123010159811,10
HNHN,diagnostics,op,140,0.1354836071721913,0.0008219746628817051,0.1346616325093096,0.136305581835073,10
HNHN,diagnostics,op,141,0.13499373401678627,0.0008213143842817274,0.13417241963250454,0.135815048401068,10
HNHN,diagnostics,op,142,0.13450887994335411,0.0008206557029324929,0.13368822424042162,0.1353295356462866,10
HNHN,diagnostics,op,143,0.13402895322601655,0.0008199985384618816,0.13320895468755467,0.13484895176447842,10
HNHN,diagnostics,op,144,0.1335538644057159,0.000819342818560621,0.1327345215871553,0.1343732072242765,10
HNHN,diagnostics,op,145,0.1330835262210858,0.0008186884785919977,0.13226483774249378,0.1339022146996778,10
HNHN,diagnostics,op,146,0.1326178535418395,0.0008180354612165372,0.13179981808062297,0.13343588900305603,10
HNHN,diagnostics,op,147,0.13215676330456844,0.0008173837160304583,0.13133937958853797,0.1329741470205989,10
HNHN,diagnostics,op,148,0.1317001744508492,0.0008167331992180314,0.13088344125163115,0.13251690765006724,10
HNHN,diagnostics,op,149,0.13124800786756263,0.0008160838732170693,0.13043192399434556,0.1320640917407797,10
HNHN,diagnostics,op,150,0.1308001863293326,0.0008154357063974298,0.12998475062293519,0.13161562203573002,10
HNHN,diagnostics,op,151,0.13035663444299708,0.0008147886727519043,0.1295418457702452,0.13117142311574898,10
HNHN,diagnostics,op,152,0.12991727859402766,0.0008141427515994318,0.12910313584242822,0.1307314213456271,10
HNHN,diagnostics,op,153,0.12948204689481768,0.0008134979272998021,0.1286685489675179,0.13029554482211747,10
HNHN,diagnostics,op,154,0.12905086913476332,0.0008128541889800326,0.1282380149457833,0.12986372332374335,10
HNHN,diagnostics,op,155,0.128623676732065,0.0008122115302715683,0.12781146520179346,0.12943588826233657,10
HNHN,diagnostics,op,156,0.12820040268718008,0.0008115699490582807,0.1273888327381218,0.12901197263623837,10
HNHN,diagnostics,op,157,0.1277809815378608,0.0008109294472347794,0.126970052090626,0.1285919109850956,10
HNHN,diagnostics,op,158,0.12736534931571467,0.0008102900304746889,0.12655505928523997,0.12817563934618936,10
HNHN,diagnostics,op,159,0.12695344350422672,0.0008096517080086708,0.12614379179621804,0.1277630952122354,10
HNHN,diagnostics,op,160,0.12654520299818725,0.000809014492411775,0.12573618850577548,0.12735421749059903,10
HNHN,diagnostics,op,161,0.12614056806446916,0.0008083783993998441,0.12533218966506932,0.126948946463869,10
HNHN,diagnostics,op,162,0.1257394803041027,0.0008077434476346507,0.12493173685646805,0.12654722375173735,10
HNHN,diagnostics,op,163,0.1253418826155986,0.0008071096585374949,0.1245347729570611,0.1261489922741361,10
HNHN,diagnostics,op,164,0.12494771915947005,0.0008064770561109893,0.12414124210335906,0.12575419621558104,10
HNHN,diagnostics,op,165,0.1245569353239093,0.000805845666768735,0.12375108965714056,0.12536278099067802,10
HNHN,diagnostics,op,166,0.12416947769157394,0.0008052155191725274,0.12336426217240141,0.12497469321074646,10
HNHN,diagnostics,op,167,0.12378529400744183,0.0008045866440769938,0.12298070736336483,0.12458988065151883,10
HNHN,diagnostics,op,168,0.12340433314769408,0.0008039590741813558,0.12260037407351272,0.12420829222187545,10
HNHN,diagnostics,op,169,0.12302654508958807,0.0008033328439878908,0.12222321224560018,0.12382987793357597,10
HNHN,diagnostics,op,170,0.1226518808822834,0.0008027079896671664,0.12184917289261624,0.12345458887195057,10
HNHN,diagnostics,op,171,0.1222802926185859,0.0008020845489294751,0.12147820806965642,0.12308237716751538,10
HNHN,diagnostics,op,172,0.12191173340757629,0.0008014625609025919,0.1211102708466737,0.12271319596847888,10
HNHN,diagnostics,op,173,0.12154615734809016,0.0008008420660152581,0.1207453152820749,0.12234699941410541,10
HNHN,diagnostics,op,174,0.12118351950301971,0.0008002231058864782,0.12038329639713323,0.1219837426089062,10
HNHN,diagnostics,op,175,0.12082377587440667,0.0007996057232202905,0.12002417015118638,0.12162338159762695,10
HNHN,diagnostics,op,176,0.12046688337929827,0.0007989899617058284,0.11966789341759244,0.1212658733410041,10
HNHN,diagnostics,op,177,0.120112799826339,0.0007983758659224594,0.11931442396041654,0.12091117569226147,10
HNHN,diagnostics,op,178,0.11976148389307198,0.0007977634812498201,0.11896372041182215,0.1205592473743218,10
HNHN,diagnostics,op,179,0.11941289510392508,0.0007971528537825874,0.1186157422501425,0.12021004795770766,10
HNHN,diagnostics,op,180,0.11906699380885735,0.0007965440302498317,0.11827044977860753,0.11986353783910718,10
HNHN,diagnostics,op,181,0.11872374116264277,0.0007959370579386279,0.11792780410470415,0.11951967822058139,10
HNHN,diagnostics,op,182,0.1183830991047697,0.0007953319846219983,0.11758776712014771,0.11917843108939169,10
HNHN,diagnostics,op,183,0.1180450303399335,0.0007947288584907577,0.11725030148144273,0.11883975919842425,10
HNHN,diagnostics,op,184,0.11770949831910356,0.0007941277280893678,0.11691537059101419,0.11850362604719293,10
HNHN,diagnostics,op,185,0.1173764672211433,0.0007935286422554551,0.11658293857888784,0.11816999586339876,10
HNHN,diagnostics,op,186,0.11704590193496575,0.0007929316500628748,0.11625297028490288,0.11783883358502863,10
HNHN,diagnostics,op,187,0.11671776804220575,0.0007923368007683067,0.11592543124143745,0.11751010484297406,10
HNHN,diagnostics,op,188,0.1163920318003914,0.0007917441437610113,0.11560028765663038,0.11718377594415241,10
HNHN,diagnostics,op,189,0.11606866012659851,0.0007911537285159716,0.11527750639808254,0.11685981385511449,10
HNHN,diagnostics,op,190,0.11574762058157137,0.0007905656045497909,0.11495705497702158,0.11653818618612116,10
HNHN,diagnostics,op,191,0.11542888135429434,0.0007899798213797467,0.11463890153291459,0.11621886117567409,10
HNHN,diagnostics,op,192,0.11511241124700008,0.0007893964284855031,0.11432301481851458,0.1159018076754856,10
HNHN,diagnostics,op,193,0.11479817966059898,0.00078881547527353,0.11400936418532545,0.1155869951358725,10
HNHN,diagnostics,op,194,0.1144861565805169,0.0007882370110440385,0.11369791956947287,0.11527439359156094,10
HNHN,diagnostics,op,195,0.11417631256292762,0.0007876610849605085,0.11338865147796712,0.11496397364788813,10
HNHN,diagnostics,op,196,0.11386861872136689,0.0007870877460213105,0.11308153097534558,0.1146557064673882,10
HNHN,diagnostics,op,197,0.11356304671371617,0.0007865170430339007,0.11277652967068227,0.11434956375675007,10
HNHN,diagnostics,op,198,0.11325956872954435,0.0007859490245907671,0.11247361970495358,0.11404551775413511,10
HNHN,diagnostics,op,199,0.11295815747779514,0.0007853837390478072,0.11217277373874733,0.11374354121684295,10
HNHN,diagnostics,op,200,0.11265878617481043,0.0007848212345043205,0.1118739649403061,0.11344360740931475,10
HNHN,diagnostics,op,201,0.11236142853267757,0.0007842615587851542,0.11157716697389242,0.11314569009146272,10
HNHN,diagnostics,op,202,0.11206605874789186,0.000783704759424445,0.1112823539884674,0.1128497635073163,10
HNHN,diagnostics,op,203,0.11177265149032285,0.0007831508836510328,0.11098950060667181,0.11255580237397389,10
HNHN,diagnostics,op,204,0.11148118189247638,0.0007825999783756867,0.1106985819141007,0.11226378187085206,10
HNHN,diagnostics,op,205,0.1111916255390419,0.0007820520901796083,0.11040957344886229,0.1119736776292215,10
HNHN,diagnostics,op,206,0.11090395845671756,0.0007815072653046272,0.11012245119141294,0.11168546572202219,10
HNHN,diagnostics,op,207,0.11061815710430314,0.0007809655496445744,0.10983719155465857,0.11139912265394772,10
HNHN,diagnostics,op,208,0.11033419836305394,0.0007804269887381594,0.10955377137431578,0.1111146253517921,10
HNHN,diagnostics,op,209,0.11005205952728651,0.0007798916277629743,0.10927216789952354,0.11083195115504949,10
HNHN,diagnostics,op,210,0.10977171829522969,0.00077935951153071,0.10899235878369898,0.1105510778067604,10
HNHN,diagnostics,op,211,0.10949315276011229,0.000778830684483479,0.10871432207562881,0.11027198344459577,10
HNHN,diagnostics,op,212,0.10921634140148177,0.0007783051906912841,0.10843803621079048,0.10999464659217306,10
HNHN,diagnostics,op,213,0.10894126307674552,0.0007777830738503557,0.10816348000289516,0.10971904615059588,10
HNHN,diagnostics,op,214,0.10866789701292937,0.0007772643772825127,0.10789063263564685,0.10944516139021188,10
HNHN,diagnostics,op,215,0.10839622279864584,0.0007767491439354121,0.10761947365471043,0.10917297194258126,10
HNHN,diagnostics,op,216,0.10812622037626687,0.0007762374163835791,0.1073499829598833,0.10890245779265045,10
HNHN,diagnostics,op,217,0.10785787003429423,0.0007757292368303419,0.10708214079746389,0.10863359927112456,10
HNHN,diagnostics,op,218,0.10759115239992237,0.0007752246471102941,0.10681592775281207,0.10836637704703267,10
HNHN,diagnostics,op,219,0.10732604843178775,0.0007747236886927144,0.10655132474309503,0.10810077212048047,10
HNHN,diagnostics,op,220,0.10706253941289945,0.000774226402685403,0.10628831301021405,0.10783676581558485,10
HNHN,diagnostics,op,221,0.10680060694374587,0.0007737328298392143,0.10602687411390666,0.10757433977358508,10
HNHN,diagnostics,op,222,0.106540232935572,0.000773243010553206,0.10576698992501879,0.1073134759461252,10
HNHN,diagnostics,op,223,0.10628139960382317,0.0007727569848801338,0.10550864261894304,0.1070541565887033,10
HNHN,diagnostics,op,224,0.10602408946174957,0.0007722747925326488,0.10525181466921692,0.10679636425428223,10
HNHN,diagnostics,op,225,0.10576828531416793,0.0007717964728897412,0.10499648884127818,0.10654008178705768,10
HNHN,diagnostics,op,226,0.10551397025137518,0.0007713220650036935,0.1047426481863715,0.10628529231637887,10
HNHN,diagnostics,op,227,0.10526112764321019,0.0007708516076073836,0.1044902760356028,0.10603197925081757,10
HNHN,diagnostics,op,228,0.10500974113325912,0.0007703851391219462,0.10423935599413717,0.10578012627238106,10
HNHN,diagnostics,op,229,0.1047597946332011,0.0007699226976646966,0.10398987193553641,0.1055297173308658,10
HNHN,diagnostics,op,230,0.10451127231728916,0.0007694643210573508,0.10374180799623181,0.1052807366383465,10
HNHN,diagnostics,op,231,0.10426415861696384,0.0007690100468345418,0.1034951485701293,0.10503316866379837,10
HNHN,diagnostics,op,232,0.10401843821559491,0.0007685599122524109,0.1032498783033425,0.10478699812784732,10
HNHN,diagnostics,op,233,0.10377409604334856,0.0007681139542976154,0.10300598208905094,0.10454220999764617,10
HNHN,diagnostics,op,234,0.10353111727217534,0.0007676722096962745,0.10276344506247907,0.10429878948187161,10
HNHN,diagnostics,op,235,0.10328948731091736,0.0007672347149232662,0.1025222525959941,0.10405672202584063,10
HNHN,diagnostics,op,236,0.10304919180052965,0.0007668015062114161,0.10228239029431824,0.10381599330674107,10
HNHN,diagnostics,op,237,0.10281021660941377,0.0007663726195609756,0.10204384398985279,0.10357658922897474,10
HNHN,diagnostics,op,238,0.10257254782886052,0.0007659480907491036,0.10180659973811142,0.10333849591960963,10
HNHN,diagnostics,op,239,0.10233617176859817,0.0007655279553393676,0.10157064381325881,0.10310169972393754,10
HNHN,diagnostics,op,240,0.1021010749524444,0.0007651122486913465,0.10133596270375306,0.10286618720113574,10
HNHN,diagnostics,op,241,0.10186724411405809,0.0007647010059701685,0.10110254310808792,0.10263194512002827,10
HNHN,diagnostics,op,242,0.10163466619278919,0.0007642942621561459,0.10087037193063304,0.10239896045494533,10
HNHN,diagnostics,op,243,0.10140332832962362,0.000763892052054269,0.10063943627756936,0.10216722038167789,10
HNHN,diagnostics,op,244,0.10117321786322095,0.0007634944103038,0.10040972345291715,0.10193671227352474,10
HNHN,diagnostics,op,245,0.10094432232604214,0.0007631013713877099,0.10018122095465443,0.10170742369742986,10
HNHN,diagnostics,op,246,0.10071662944056514,0.0007627129696420881,0.09995391647092305,0.10147934241020723,10
HNHN,diagnostics,op,247,0.10049012711558636,0.0007623292392654586,0.0997277978763209,0.10125245635485182,10
HNHN,diagnostics,op,248,0.10026480344260509,0.0007619502143280434,0.09950285322827705,0.10102675365693313,10
HNHN,diagnostics,op,249,0.1000406466922894,0.000761575928780889,0.09927907076350852,0.10080222262107029,10
HNHN,diagnostics,op,250,0.09981764531102119,0.0007612064164648409,0.09905643889455636,0.10057885172748603,10
HNHN,diagnostics,op,251,0.0995957879175181,0.0007608417111195117,0.09883494620639859,0.1003566296286376,10
HNHN,diagnostics,op,252,0.09937506329953075,0.0007604818463919136,0.09861458145313884,0.10013554514592266,10
HNHN,diagnostics,op,253,0.09915546041061316,0.0007601268558451572,0.098395333554768,0.09991558726645831,10
HNHN,diagnostics,op,254,0.09893696836696442,0.0007597767729668397,0.09817719159399758,0.09969674513993125,10
HNHN,diagnostics,op,255,0.09871957644434007,0.0007594316311773584,0.0979601448131627,0.09947900807551743,10
HNHN,diagnostics,op,256,0.09850327407503116,0.0007590914638379521,0.0977441826111932,0.09926236553886912,10
HNHN,restart,base,0,1.0,0.0,1.0,1.0,10
HNHN,restart,base,1,0.7680981824605612,0.002161887924174482,0.7659362945363867,0.7702600703847357,10
HNHN,restart,base,2,0.6369781868181809,0.002400537046141719,0.6345776497720391,0.6393787238643226,10
HNHN,restart,base,3,0.5503146607491336,0.0022586211841342284,0.5480560395649994,0.5525732819332678,10
HNHN,restart,base,4,0.4869474809035454,0.0020601801742925405,0.48488730072925285,0.48900766107783794,10
HNHN,restart,base,5,0.437589344836166,0.0018741265788693303,0.4357152182572967,0.43946347141503533,10
HNHN,restart,base,6,0.39753757107499316,0.001712880075688114,0.39582469099930506,0.39925045115068125,10
HNHN,restart,base,7,0.364115661237767,0.0015759195710478447,0.36253974166671915,0.36569158080881486,10
HNHN,restart,base,8,0.3356576476245766,0.001460012784995232,0.33419763483958137,0.33711766040957186,10
HNHN,restart,base,9,0.3110542276117513,0.001361701474202966,0.30969252613754833,0.3124159290859542,10
HNHN,restart,base,10,0.28952778410739444,0.001277882842092976,0.2882499012653015,0.2908056669494874,10
HNHN,restart,base,11,0.270510923208488,0.0012059135378087475,0.2693050096706793,0.27171683674629676,10
HNHN,restart,base,12,0.2535762357011472,0.0011435937877587903,0.2524326419133884,0.254719829488906,10
HNHN,restart,base,13,0.2383933572383461,0.0010891208695912415,0.23730423636875486,0.23948247810793732,10
HNHN,restart,base,14,0.2247014841087033,0.001041034932504544,0.22366044917619876,0.22574251904120785,10
HNHN,restart,base,15,0.2122910878152932,0.0009981646470901783,0.21129292316820303,0.2132892524623834,10
HNHN,restart,base,16,0.20099134046115572,0.0009595763320038609,0.20003176412915186,0.20195091679315957,10
HNHN,restart,base,17,0.19066121677447076,0.0009245286387114641,0.1897366881357593,0.1915857454131822,10
HNHN,restart,base,18,0.1811830396622517,0.0008924337443290408,0.18029060591792265,0.18207547340658073,10
HNHN,restart,base,19,0.1724576960139807,0.0008628251359476021,0.1715948708780331,0.1733205211499283,10
HNHN,restart,base,20,0.16440102300562603,0.0008353315010726104,0.1635656915045534,0.16523635450669866,10
HNHN,restart,base,21,0.15694103307964544,0.0008096559433457539,0.15613137713629968,0.1577506890229912,10
HNHN,restart,base,22,0.15001575183648272,0.0007855596497366776,0.14923019218674605,0.1508013114862194,10
HNHN,restart,base,23,0.14357151180644329,0.0007628491679806987,0.1428086626384626,0.14433436097442398,10
HNHN,restart,base,24,0.13756159067327395,0.0007413665496952781,0.13682022412357867,0.13830295722296923,10
HNHN,restart,base,25,0.13194511343461404,0.0007209817341718079,0.13122413170044223,0.13266609516878586,10
HNHN,restart,base,26,0.12668615935883126,0.0007015866664498209,0.12598457269238145,0.12738774602528108,10
HNHN,restart,base,27,0.12175302964679731,0.0006830907492054353,0.12106993889759188,0.12243612039600274,10
HNHN,restart,base,28,0.11711764248077479,0.0006654173169734523,0.11645222516380134,0.11778305979774824,10
HNHN,restart,base,29,0.11275502997437137,0.0006485008931201154,0.11210652908125125,0.11340353086749148,10
HNHN,restart,base,30,0.10864291731131073,0.000632285046583294,0.10801063226472744,0.10927520235789402,10
HNHN,restart,base,31,0.10476136867255932,0.00061672070917337,0.10414464796338595,0.1053780893817327,10
HNHN,restart,base,32,0.10109248780958517,0.0006017648476907449,0.10049072296189443,0.10169425265727591,10
HNHN,restart,base,33,0.09762016361041458,0.0005873794105011509,0.09703278419991343,0.09820754302091572,10
HNHN,restart,base,34,0.0943298529252909,0.0005735304873833677,0.09375632243790753,0.09490338341267428,10
HNHN,restart,base,35,0.09120839441360548,0.000560187635918017,0.09064820677768747,0.0917685820495235,10
HNHN,restart,base,36,0.0882438483472896,0.0005473233385838972,0.0876965250087057,0.0887911716858735,10
HNHN,restart,base,37,0.08542535823418376,0.0005349125629571699,0.0848904456712266,0.08596027079714093,10
HNHN,restart,base,38,0.0827430308644586,0.0005229324036410401,0.08222009846081756,0.08326596326809964,10
HNHN,restart,base,39,0.08018783197618312,0.0005113617892919245,0.0796764701868912,0.08069919376547505,10
HNHN,restart,base,40,0.0777514952145274,0.0005001812417263928,0.07725131397280101,0.07825167645625379,10
HNHN,restart,base,41,0.07542644244717304,0.000489372676871911,0.07493706977030114,0.07591581512404495,10
HNHN,restart,base,42,0.07320571381498084,0.000478919239468448,0.07272679457551239,0.07368463305444929,10
HNHN,restart,base,43,0.0710829061563081,0.000468805165093013,0.0706141009912151,0.07155171132140112,10
HNHN,restart,base,44,0.0690521186568681,0.00045901566437875195,0.06859310299248934,0.06951113432124685,10
HNHN,restart,base,45,0.06710790475354876,0.000449536825320643,0.06665836792822812,0.0675574415788694,10
HNHN,restart,base,46,0.065245229467155,0.0004403555303649168,0.06480487393679008,0.06568558499751992,10
HNHN,restart,base,47,0.06345943146117461,0.0004314593856183478,0.06302797207555626,0.06389089084679296,10
HNHN,restart,base,48,0.0617461892258333,0.0004228366600223772,0.061323352565810924,0.06216902588585568,10
HNHN,restart,base,49,0.06010149087246501,0.00041447623274456916,0.05968701463972044,0.06051596710520958,10
HNHN,restart,base,50,0.058521607095457596,0.00040636754736718633,0.05811523954809041,0.05892797464282478,10
HNHN,restart,base,51,0.05700306692006918,0.00039850057171637507,0.05660456634835281,0.05740156749178555,10
HNHN,restart,base,52,0.055542635906143764,0.0003908657623889181,0.055151770143754844,0.055933501668532684,10
HNHN,restart,base,53,0.05413729652173297,0.00038345403320610614,0.05375384248852687,0.054520750554939074,10
HNHN,restart,base,54,0.052784230438125614,0.00037625672696482937,0.05240797371116079,0.05316048716509044,10
HNHN,restart,base,55,0.051480802529838963,0.00036926558997002533,0.05111153693986894,0.05185006811980899,10
HNHN,restart,base,56,0.05022454639060185,0.0003624727489256861,0.04986207364167616,0.05058701913952754,10
HNHN,restart,base,57,0.04901315119997109,0.000355870689837298,0.048657280510133794,0.04936902188980839,10
HNHN,restart,base,58,0.04784444979556518,0.00034945223864059913,0.04749499755692458,0.04819390203420578,10
HNHN,restart,base,59,0.04671640782346671,0.0003432105433218755,0.046373197280144836,0.04705961836678859,10
HNHN,restart,base,60,0.04562711385455194,0.00033713905733621105,0.04528997479721573,0.04596425291188815,10
HNHN,restart,base,61,0.04457477036769912,0.0003312315241638233,0.044243538843535296,0.044906001891862946,10
HNHN,restart,base,62,0.04355768551229943,0.0003254819628719684,0.043232203549427466,0.043883167475171396,10
HNHN,restart,base,63,0.04257426557248943,0.00031988465457232477,0.042254380917917105,0.04289415022706176,10
HNHN,restart,base,64,0.04162300806425293,0.00031443412968192085,0.04130857393457101,0.04193744219393485,10
HNHN,restart,base,65,0.04070249540417617,0.0003091251559108143,0.04039337024826536,0.04101162056008698,10
HNHN,restart,base,66,0.039811389095335256,0.00030395272691143455,0.03950743636842382,0.04011534182224669,10
HNHN,restart,base,67,0.038948424381674854,0.0002989120515348363,0.038649512330140016,0.03924733643320969,10
HNHN,restart,base,68,0.03811240532741157,0.00029399854364676125,0.03781840678376481,0.038406403871058335,10
HNHN,restart,base,69,0.03730220028255708,0.00028920781246320786,0.037012992470093875,0.03759140809502029,10
HNHN,restart,base,70,0.0365167376996845,0.0002845356533704614,0.036232202046314034,0.03680127335305496,10
HNHN,restart,base,71,0.035755002270625634,0.00027997803919886964,0.03547502423142677,0.0360349803098245,10
HNHN,restart,base,72,0.03501603135494451,0.00027553111192321806,0.03474050024302129,0.035291562466867724,10
HNHN,restart,base,73,0.03429891167483556,0.0002711911747655037,0.03402772050007005,0.03457010284960106,10
HNHN,restart,base,74,0.03360277625358757,0.00026695468467832523,0.03333582156890924,0.033869730938265896,10
HNHN,restart,base,75,0.03292680157697229,0.0002628182451889339,0.03266398333178335,0.033189619822161225,10
HNHN,restart,base,76,0.03227020495889626,0.00025877859958582937,0.03201142635931043,0.032528983558482084,10
HNHN,restart,base,77,0.03163224209442096,0.0002548326244310408,0.031377409469989924,0.031887074718852,10
HNHN,restart,base,78,0.03101220478483706,0.0002509773233824251,0.030761227461454637,0.03126318210821949,10
HNHN,restart,base,79,0.030409418820894048,0.0002472098213112553,0.03016220899958279,0.030656628642205305,10
HNHN,restart,base,80,0.0298232420115562,0.00024352735870134166,0.029579714652854857,0.030066769370257544,10
HNHN,restart,base,81,0.029253062346795873,0.00023992728631655637,0.02901313506047932,0.029492989633112428,10
HNHN,restart,base,82,0.028698296283960405,0.00023640706012433726,0.02846188922383607,0.028934703344084742,10
HNHN,restart,base,83,0.02815838714817241,0.0002329642364633729,0.027925422911709036,0.02839135138463578,10
HNHN,restart,base,84,0.02763280363805526,0.00022959646744411989,0.02740320717061114,0.02786240010549938,10
HNHN,restart,base,85,0.027121038428827134,0.00022630149657145246,0.02689473693225568,0.027347339925398586,10
HNHN,restart,base,86,0.02662260686548586,0.00022307715457902974,0.02639952971090683,0.02684568402006489,10
HNHN,restart,base,87,0.0261370457394212,0.00021992135546551448,0.025917124383955683,0.026356967094886715,10
HNHN,restart,base,88,0.02566391214234779,0.00021683209272318343,0.025447080049624607,0.025880744235070974,10
HNHN,restart,base,89,0.02520278239195649,0.0002138074357498083,0.024988974956206684,0.0254165898277063,10
HNHN,restart,base,90,0.024753251024140225,0.00021084552643512821,0.024542405497705096,0.024964096550575354,10
HNHN,restart,base,91,0.024314929847066596,0.00020794457591352455,0.024106985271153073,0.02452287442298012,10
HNHN,restart,base,92,0.02388744705274847,0.0002051028614749379,0.023682344191273533,0.02409254991422341,10
HNHN,restart,base,93,0.023470446382108674,0.00020231872362635355,0.02326812765848232,0.023672765105735027,10
HNHN,restart,base,94,0.023063586339849357,0.00019959056329652366,0.022863995776552834,0.02326317690314588,10
HNHN,restart,base,95,0.022666539455723594,0.00019691683917693158,0.022469622616546663,0.022863456294900525,10
HNHN,restart,base,96,0.022278991589068715,0.00019429606519225643,0.022084695523876458,0.022473287654260973,10
HNHN,restart,base,97,0.021900641273700693,0.00019172680809398002,0.021708914465606712,0.022092368081794673,10
HNHN,restart,base,98,0.021531199100487806,0.00018920768517099402,0.021341991415316813,0.0217204067856588,10
HNHN,restart,base,99,0.0211703871351229,0.0001867373620713765,0.020983649773051526,0.021357124497194277,10
HNHN,restart,base,100,0.020817938368797306,0.0001843145507297766,0.02063362381806753,0.021002252919527082,10
HNHN,restart,base,101,0.020473596199648524,0.00018193800739508862,0.020291658192253436,0.02065553420704361,10
HNHN,restart,base,102,0.02013711394300873,0.00017960653075339811,0.01995750741225533,0.020316720473762127,10
HNHN,restart,base,103,0.019808254368623435,0.0001773189601413293,0.019630935408482104,0.019985573328764765,10
HNHN,restart,base,104,0.0194867892631411,0.00017507417384527961,0.01931171508929582,0.01966186343698638,10
HNHN,restart,base,105,0.019172499016294378,0.00017287108748212797,0.01899962792881225,0.019345370103776505,10
HNHN,restart,base,106,0.018865172229305456,0.00017070865245734417,0.018694463576848112,0.0190358808817628,10
HNHN,restart,base,107,0.01856460534414979,0.00016858585449647966,0.01839601948965331,0.01873319119864627,10
HNHN,restart,base,108,0.018270602292407203,0.00016650171224638543,0.018104100580160817,0.01843710400465359,10
HNHN,restart,base,109,0.01798297416251645,0.0001644552759425458,0.017818518886573903,0.018147429438458998,10
HNHN,restart,base,110,0.017701538884329866,0.0001624456261392104,0.017539093258190655,0.017863984510469076,10
HNHN,restart,base,111,0.017426120929939067,0.00016047187249906868,0.017265649057439998,0.017586592802438135,10
HNHN,restart,base,112,0.01715655102981176,0.00015853315263951063,0.01699801787717225,0.01731508418245127,10
HNHN,restart,base,113,0.016892665903343117,0.00015662863103250383,0.016736037272310614,0.01704929453437562,10
HNHN,restart,base,114,0.016634308002984495,0.0001547574979554636,0.01647955050502903,0.01678906550093996,10
HNHN,restart,base,115,0.016381325271166904,0.0001529189684904325,0.01622840630267647,0.016534244239657336,10
HNHN,restart,base,116,0.016133570909287184,0.0001511122815691962,0.015982458627717987,0.01628468319085638,10
HNHN,restart,base,117,0.015890903158072327,0.00014933669906195163,0.015741566459010377,0.016040239857134278,10
HNHN,restart,base,118,0.015653185088680695,0.0001475915049073937,0.0155055935837733,0.015800776593588087,10
HNHN,restart,base,119,0.015420284403939766,0.0001458760042820648,0.015274408399657703,0.01556616040822183,10
HNHN,restart,base,120,0.015192073249157745,0.0001441895228070277,0.015047883726350717,0.015336262771964773,10
HNHN,restart,base,121,0.014968428031981434,0.00014253140579002316,0.014825896626191411,0.015110959437771456,10
HNHN,restart,base,122,0.014749229250805546,0.00014090101750125142,0.014608328233304295,0.014890130268306797,10
HNHN,restart,base,123,0.014534361331269003,0.00013929774048119706,0.014395063590787805,0.0146736590717502,10
HNHN,restart,base,124,0.014323712470402237,0.00013772097487883893,0.014185991495523399,0.014461433445281075,10
HNHN,restart,base,125,0.014117174488015763,0.0001361701378187666,0.013981004350196996,0.01425334462583453,10
HNHN,restart,base,126,0.013914642684945216,0.0001346446627957736,0.013779998022149444,0.01404928734774099,10
HNHN,restart,base,127,0.013716015707790774,0.00013314399909556643,0.013582871708695207,0.013849159706886341,10
HNHN,restart,base,128,0.013521195419810636,0.00013166761124033046,0.013389527808570304,0.013652863031050967,10
HNHN,restart,base,129,0.01333008677764809,0.0001302149784579087,0.013199871799190181,0.013460301756105998,10
HNHN,restart,base,130,0.013142597713590587,0.0001287855941734674,0.01301381211941712,0.013271383307764053,10
HNHN,restart,base,131,0.01295863902307672,0.00012737896552256594,0.012831260057554155,0.013086017988599286,10
HNHN,restart,base,132,0.012778124257183467,0.0001259946128845552,0.012652129644298913,0.012904118870068022,10
HNHN,restart,base,133,0.012600969619841298,0.00012463206943539586,0.012476337550405902,0.012725601689276694,10
HNHN,restart,base,134,0.012427093869539305,0.0001232908807188932,0.012303802988820412,0.012550384750258199,10
HNHN,restart,base,135,0.012256418225295775,0.00012197060423554226,0.012134447621060232,0.012378388829531317,10
HNHN,restart,base,136,0.012088866276682441,0.00012067080904808873,0.011968195467634352,0.01220953708573053,10
HNHN,restart,base,137,0.011924363897702345,0.00011939107540306076,0.011804972822299285,0.012043754973105406,10
HNHN,restart,base,138,0.011762839164332385,0.00011813099436749612,0.01164470816996489,0.01188097015869988,10
HNHN,restart,base,139,0.011604222275552096,0.00011689016748016449,0.011487332108071931,0.01172111244303226,10
HNHN,restart,base,140,0.011448445477689913,0.00011566820641661287,0.011332777271273301,0.011564113684106526,10
HNHN,restart,base,141,0.011295442991927357,0.00011446473266738215,0.011180978259259976,0.011409907724594739,10
HNHN,restart,base,142,0.011145150944810318,0.0001132793772288178,0.0110318715675815,0.011258430322039137,10
HNHN,restart,base,143,0.01099750730162456,0.00011211178030584939,0.010885395521318711,0.01110961908193041,10
HNHN,restart,base,144,0.010852451802500331,0.00011096159102624923,0.010741490211474082,0.01096341339352658,10
HNHN,restart,base,145,0.010709925901118082,0.00010982846716580527,0.010600097433952276,0.010819754368283887,10
HNHN,restart,base,146,0.010569872705894065,0.00010871207488393847,0.010461160631010127,0.010678584780778003,10
HNHN,restart,base,147,0.010432236923530916,0.00010761208846929085,0.010324624835061625,0.010539849012000207,10
HNHN,restart,base,148,0.010296964804824366,0.00010652819009484955,0.010190436614729516,0.010403492994919215,10
HNHN,restart,base,149,0.01016400409262279,0.00010546006958215519,0.010058544023040634,0.010269464162204946,10
HNHN,restart,base,150,0.010033303971841705,0.00010440742417423247,0.009928896547667472,0.010137711396015938,10
HNHN,restart,base,151,0.009904815021440277,0.00010336995831682666,0.009801445063123452,0.010008184979757103,10
HNHN,restart,base,152,0.009778489168271655,0.00010234738344760722,0.009676141784824047,0.009880836551719263,10
HNHN,restart,base,153,0.00965427964272338,0.00010133941779298292,0.009552940224930397,0.009755619060516363,10
HNHN,restart,base,154,0.009532140936068407,0.00010034578617219529,0.009431795149896212,0.009632486722240602,10
HNHN,restart,base,155,0.009412028759451126,9.936621980838876e-05,0.009312662539642738,0.009511394979259515,10
HNHN,restart,base,156,0.00929390000443665,9.840045614635855e-05,0.009195499548290291,0.009392300460583008,10
HNHN,restart,base,157,0.009177712705055106,9.744823867668076e-05,0.009080264466378425,0.009275160943731786,10
HNHN,restart,base,158,0.009063426001276034,9.650931676597924e-05,0.008966916684510055,0.009159935318042014,10
HNHN,restart,base,159,0.008951000103851196,9.558344549304691e-05,0.008855416658358149,0.009046583549344242,10
HNHN,restart,base,160,0.008840396260467063,9.467038549059341e-05,0.008745725874976469,0.008935066645957657,10
HNHN,restart,base,161,0.008731576723151105,9.376990279238873e-05,0.008637806820358716,0.008825346625943493,10
HNHN,restart,base,162,0.00862450471687867,9.28817686855589e-05,0.008531622948193112,0.00871738648556423,10
HNHN,restart,base,163,0.008519144409329809,9.200575956786425e-05,0.008427138649761945,0.008611150168897673,10
HNHN,restart,base,164,0.008415460881747803,9.114165680970789e-05,0.008324319224938094,0.008506602538557511,10
HNHN,restart,base,165,0.00831342010085338,9.02892466207205e-05,0.008223130854232659,0.0084037093474741,10
HNHN,restart,base,166,0.00821298889177086,8.944831992073442e-05,0.008123540571850125,0.008302437211691594,10
HNHN,restart,base,167,0.008114134911924434,8.861867221493875e-05,0.008025516239709495,0.008202753584139372,10
HNHN,restart,base,168,0.00801682662586475,8.780010347310513e-05,0.007929026522391644,0.008104626729337856,10
HNHN,restart,base,169,0.007921033280987836,8.699241801267388e-05,0.007834040862975162,0.00800802569900051,10
HNHN,restart,base,170,0.00782672488411011,8.619542438557524e-05,0.007740529459724535,0.007912920308495686,10
HNHN,restart,base,171,0.00773387217886491,8.540893526863801e-05,0.007648463243596272,0.007819281114133547,10
HNHN,restart,base,172,0.007642446623887513,8.4632767357444e-05,0.007557813856530068,0.007727079391244957,10
HNHN,restart,base,173,0.007552420371757159,8.386674126348871e-05,0.00746855363049367,0.007636287113020648,10
HNHN,restart,base,174,0.00746376624866595,8.311068141454977e-05,0.0073806555672514,0.0075468769300805,10
HNHN,restart,base,175,0.007376457734785916,8.236441595809983e-05,0.0072940933188278155,0.007458822150744016,10
HNHN,restart,base,176,0.0072904689453067205,8.162777666768741e-05,0.007208841168639033,0.007372096721974408,10
HNHN,restart,base,177,0.007205774612117818,8.090059885215821e-05,0.00712487401326566,0.007286675210969976,10
HNHN,restart,base,178,0.007122350066109934,8.018272126760888e-05,0.007042167344842325,0.007202532787377543,10
HNHN,restart,base,179,0.007040171220071864,7.947398603198164e-05,0.006960697234039882,0.007119645206103846,10
HNHN,restart,base,180,0.006959214552159679,7.877423854219866e-05,0.006880440313617481,0.0070379887907018775,10
HNHN,restart,base,181,0.006879457089916346,7.80833273937416e-05,0.006801373762522604,0.006957540417310088,10
HNHN,restart,base,182,0.006800876394820815,7.740110430259624e-05,0.0067234752905182184,0.006878277499123411,10
HNHN,restart,base,183,0.006723450547346384,7.672742402946612e-05,0.006646723123316918,0.0068001779713758505,10
HNHN,restart,base,184,0.006647158132509219,7.606214430619009e-05,0.006571095988203029,0.006723220276815409,10
HNHN,restart,base,185,0.006571978225888489,7.540512576426489e-05,0.006496573100124224,0.006647383351652754,10
HNHN,restart,base,186,0.006497890380100563,7.475623186542291e-05,0.00642313414823514,0.006572646611965986,10
HNHN,restart,base,187,0.006424874611710309,7.411532883417304e-05,0.006350759282876136,0.006498989940544482,10
HNHN,restart,base,188,0.006352911388563348,7.3482285592249e-05,0.006279429102971099,0.0064263936741555975,10
HNHN,restart,base,189,0.006281981617523723,7.28569736948983e-05,0.006209124643828824,0.006354838591218622,10
HNHN,restart,base,190,0.00621206663260211,7.223926726894177e-05,0.006139827365333169,0.006284305899871051,10
HNHN,restart,base,191,0.006143148183460334,7.162904295255425e-05,0.00607151914050778,0.006214777226412888,10
HNHN,restart,base,192,0.006075208424278496,7.102617983669867e-05,0.006004182244441798,0.006146234604115195,10
HNHN,restart,base,193,0.006008229902971623,7.043055940816718e-05,0.005937799343563456,0.00607866046237979,10
HNHN,restart,base,194,0.005942195550743237,6.984206549417215e-05,0.005872353485249065,0.00601203761623741,10
HNHN,restart,base,195,0.005877088671963807,6.926058420842937e-05,0.005807828087755377,0.005946349256172236,10
HNHN,restart,base,196,0.005812892934362478,6.868600389870113e-05,0.005744206930463777,0.005881578938261179,10
HNHN,restart,base,197,0.005749592359520956,6.811821509573464e-05,0.0056814741444252215,0.00581771057461669,10
HNHN,restart,base,198,0.005687171313658928,6.75571104635634e-05,0.005619614203195365,0.005754728424122491,10
HNHN,restart,base,199,0.0056256144987007015,6.700258475111649e-05,0.005558611913949585,0.005692617083451818,10
HNHN,restart,base,200,0.005564906943613258,6.645453474510877e-05,0.0054984524088681494,0.005631361478358367,10
HNHN,restart,base,201,0.005505033996006291,6.591285922415755e-05,0.005439121136782133,0.005570946855230448,10
HNHN,restart,base,202,0.005445981313985085,6.537745891409456e-05,0.005380603855070991,0.00551135877289918,10
HNHN,restart,base,203,0.005387734858247564,6.484823644443711e-05,0.005322886621803127,0.005452583094692001,10
HNHN,restart,base,204,0.005330280884417099,6.432509630597713e-05,0.0052659557881111225,0.005394605980723076,10
HNHN,restart,base,205,0.005273605935602995,6.380794480946094e-05,0.005209797990793534,0.005337413880412456,10
HNHN,restart,base,206,0.005217696835180947,6.329669004531604e-05,0.005154400145135631,0.005280993525226263,10
HNHN,restart,base,207,0.005162540679785963,6.279124184440838e-05,0.005099749437941554,0.005225331921630372,10
HNHN,restart,base,208,0.005108124832510615,6.229151173978404e-05,0.0050458333207708305,0.005170416344250399,10
HNHN,restart,base,209,0.005054436916301702,6.17974129293766e-05,0.004992639503372326,0.005116234329231078,10
HNHN,restart,base,210,0.005001464807548707,6.130886023964384e-05,0.0049401559473090636,0.005062773667788351,10
HNHN,restart,base,211,0.0049491966298576395,6.082577009011289e-05,0.004888370859767527,0.005010022399947752,10
HNHN,restart,base,212,0.004897620748004119,6.034806045880322e-05,0.004837272687545316,0.004957968808462922,10
HNHN,restart,base,213,0.004846725762059816,5.987565084850561e-05,0.004786850111211311,0.004906601412908321,10
HNHN,restart,base,214,0.004796500501686497,5.940846225388292e-05,0.0047370920394326135,0.00485590896394038,10
HNHN,restart,base,215,0.004746934020592229,5.894641712938796e-05,0.004687987603462841,0.004805880437721617,10
HNHN,restart,base,216,0.004698015591144456,5.848943935794927e-05,0.004639526151786507,0.004756505030502406,10
HNHN,restart,base,217,0.004649734699134822,5.803745422042865e-05,0.004591697244914393,0.004707772153355251,10
HNHN,restart,base,218,0.004602081038690893,5.75903883658119e-05,0.004544490650325081,0.004659671427056706,10
HNHN,restart,base,219,0.004555044507329999,5.714816978211653e-05,0.004497896337547882,0.004612192677112115,10
HNHN,restart,base,220,0.004508615201150674,5.671072776800155e-05,0.004451904473382672,0.004565325928918676,10
HNHN,restart,base,221,0.0044627834101573,5.627799290505082e-05,0.004406505417252249,0.004519061403062351,10
HNHN,restart,base,222,0.00441753961371371,5.5849897030719995e-05,0.00436168971668299,0.00447338951074443,10
HNHN,restart,base,223,0.004372874476121684,5.542637321192557e-05,0.004317448102909759,0.00442830084933361,10
HNHN,restart,base,224,0.004328778842320381,5.5007355719253854e-05,0.0042737714866011274,0.004383786198039635,10
HNHN,restart,base,225,0.004285243733702969,5.4592780001784355e-05,0.004230650953701185,0.004339836513704754,10
HNHN,restart,base,226,0.004242260344046694,5.4182582662499e-05,0.004188077761384195,0.004296442926709193,10
HNHN,restart,base,227,0.004199820035552966,5.37767014342669e-05,0.004146043334118699,0.004253596736987233,10
HNHN,restart,base,228,0.00415791433499396,5.337507515639508e-05,0.004104539259837565,0.0042112894101503555,10
HNHN,restart,base,229,0.0041165349299625165,5.297764375171584e-05,0.0040635572862108005,0.004169512573714233,10
HNHN,restart,base,230,0.004075673665222108,5.258434820421274e-05,0.004023089317017895,0.00412825801342632,10
HNHN,restart,base,231,0.004035322539153849,5.219513053715817e-05,0.003983127408616691,0.004087517669691007,10
HNHN,restart,base,232,0.003995473700297574,5.1809933791758935e-05,0.003943663766505815,0.004047283634089333,10
HNHN,restart,base,233,0.003956119443984109,5.1428702006287854e-05,0.0039046907419778214,0.004007548145990397,10
HNHN,restart,base,234,0.003917252209056023,5.1051380195697546e-05,0.003866200828860325,0.003968303589251721,10
HNHN,restart,base,235,0.0038788645746741443,5.067791433169678e-05,0.0038281866603424477,0.003929542489005841,10
HNHN,restart,base,236,0.003840949257207298,5.030825132328156e-05,0.0037906410058840168,0.0038912575085305796,10
HNHN,restart,base,237,0.003803499107202766,4.994233899770882e-05,0.003753556768205057,0.0038534414462004746,10
HNHN,restart,base,238,0.0037665071064350644,4.958012608190047e-05,0.003716926980353164,0.003816087232516965,10
HNHN,restart,base,239,0.0037299663650307243,4.922156218426712e-05,0.0036807448028464574,0.0037791879272149912,10
HNHN,restart,base,240,0.003693870118666822,4.8866597776942654e-05,0.0036450035208898794,0.003742736716443765,10
HNHN,restart,base,241,0.0036582117258410858,4.8515184178417206e-05,0.0036096965416626686,0.003706726910019503,10
HNHN,restart,base,242,0.0036229846652114954,4.816727353655886e-05,0.0035748173916749365,0.0036711519387480542,10
HNHN,restart,base,243,0.0035881825330033217,4.782281881201705e-05,0.0035403597141913045,0.003636005351815339,10
HNHN,restart,base,244,0.003553799040481669,4.748177376199336e-05,0.0035063172667196755,0.0036012808142436626,10
HNHN,restart,base,245,0.0035198280114876086,4.7144092924377226e-05,0.0034726839185632314,0.003566972104411986,10
HNHN,restart,base,246,0.003486263380036059,4.6809731602230544e-05,0.003439453648433828,0.0035330731116382896,10
HNHN,restart,base,247,0.0034530991879736595,4.6478645848617165e-05,0.0034066205421250423,0.0034995778338222767,10
HNHN,restart,base,248,0.0034203295826949,4.6150792451769295e-05,0.0033741787902431307,0.003466480375146669,10
HNHN,restart,base,249,0.0033879488149148483,4.5826128920579295e-05,0.003342122685994269,0.0034337749438354275,10
HNHN,restart,base,250,0.0033559512364968714,4.5504613470410976e-05,0.0033104466230264606,0.003401455849967282,10
HNHN,restart,base,251,0.003324331298333782,4.518620500922329e-05,0.003279145093324559,0.003369517503343005,10
HNHN,restart,base,252,0.003293083548280911,4.4870863123996804e-05,0.003248212685156914,0.003337954411404908,10
HNHN,restart,base,253,0.0032622026291396497,4.455854806746111e-05,0.0032176440810721884,0.003306761177207111,10
HNHN,restart,base,254,0.003231683276690025,4.424922074510506e-05,0.00318743405594492,0.00327593249743513,10
HNHN,restart,base,255,0.003201520317770972,4.3942842702476235e-05,0.0031575774750684958,0.0032454631604734484,10
HNHN,restart,base,256,0.003171708668406948,4.3639376112752725e-05,0.003128069292294195,0.0032153480445197007,10
HNHN,restart,restart,0,1.0,0.0,1.0,1.0,10
HNHN,restart,restart,1,0.7878814624113706,0.002026634631379756,0.7858548277799908,0.7899080970427503,10
HNHN,restart,restart,2,0.6754447993286532,0.002309897630335234,0.6731349016983179,0.6777546969589885,10
HNHN,restart,restart,3,0.6055462279190015,0.002255455685591356,0.6032907722334101,0.6078016836045929,10
HNHN,restart,restart,4,0.5576781102779923,0.002141563836679499,0.5555365464413128,0.5598196741146718,10
HNHN,restart,restart,5,0.5229005204049935,0.002029198659033951,0.5208713217459595,0.5249297190640274,10
HNHN,restart,restart,6,0.4966472088668363,0.0019314090131588007,0.4947157998536775,0.4985786178799951,10
HNHN,restart,restart,7,0.4762983056011649,0.0018494336422015057,0.47444887195896335,0.4781477392433664,10
HNHN,restart,restart,8,0.4602204265228921,0.0017815681700382782,0.4584388583528538,0.46200199469293035,10
HNHN,restart,restart,9,0.4473316800653113,0.0017255799706838804,0.4456061000946274,0.4490572600359952,10
HNHN,restart,restart,10,0.43688212125173653,0.0016793841610257744,0.4352027370907108,0.4385615054127623,10
HNHN,restart,restart,11,0.42833332186118955,0.0016412052094889977,0.42669211665170054,0.42997452707067857,10
HNHN,restart,restart,12,0.42128784949993286,0.001609581094237689,0.41967826840569517,0.42289743059417056,10
HNHN,restart,restart,13,0.4154457425267852,0.001583323067342977,0.4138624194594422,0.41702906559412817,10
HNHN,restart,restart,14,0.4105764596033836,0.0015614681303542754,0.40901499147302933,0.4121379277337379,10
HNHN,restart,restart,15,0.40650013791029693,0.0015432358580684642,0.40495690205222845,0.4080433737683654,10
HNHN,restart,restart,16,0.4030746840484284,0.001527992373647887,0.4015466916747805,0.40460267642207626,10
HNHN,restart,restart,17,0.40018664934714704,0.001515221296497915,0.39867142805064915,0.40170187064364493,10
HNHN,restart,restart,18,0.39774463551609385,0.0015045006241211766,0.3962401348919727,0.399249136140215,10
HNHN,restart,restart,19,0.39567443682173786,0.001495484404231605,0.3941789524175063,0.39716992122596945,10
HNHN,restart,restart,20,0.39391540143083026,0.001487888190393524,0.39242751324043673,0.3954032896212238,10
HNHN,restart,restart,21,0.3924176659796505,0.0014814774631896489,0.39093618851646084,0.39389914344284016,10
HNHN,restart,restart,22,0.39114002674130355,0.0014760583742317141,0.38966396836707184,0.39261608511553525,10
HNHN,restart,restart,23,0.3900482822350763,0.0014714703147602956,0.388576811920316,0.3915197525498366,10
HNHN,restart,restart,24,0.38911392990442595,0.001467579923834918,0.38764634998059105,0.39058150982826084,10
HNHN,restart,restart,25,0.3883131320800185,0.0014642762380745313,0.38684885584194395,0.38977740831809304,10
HNHN,restart,restart,26,0.38762588907653484,0.0014614667512014594,0.3861644223253334,0.3890873558277363,10
HNHN,restart,restart,27,0.38703537324871945,0.0014590742021812872,0.3855762990465382,0.3884944474509007,10
HNHN,restart,restart,28,0.38652738928065034,0.0014570339494326034,0.38507035533121775,0.3879844232300829,10
HNHN,restart,restart,29,0.38608993429938904,0.0014552918183561477,0.3846346424810329,0.38754522611774517,10
HNHN,restart,restart,30,0.38571283752349894,0.0014538023325072961,0.38425903519099164,0.38716663985600624,10
HNHN,restart,restart,31,0.3853874637122138,0.0014525272567354577,0.3839349364554783,0.3868399909689492,10
HNHN,restart,restart,32,0.38510646810900356,0.0014514343947445033,0.3836550337142591,0.38655790250374805,10
HNHN,restart,restart,33,0.3848635931789378,0.0014504965946925297,0.38341309658424527,0.38631408977363035,10
HNHN,restart,restart,34,0.3846534994383826,0.0014496909253119868,0.3832038085130706,0.3861031903636946,10
HNHN,restart,restart,35,0.3844716242226268,0.0014489979921060777,0.38302262623052075,0.3859206222147329,10
HNHN,restart,restart,36,0.3843140634438559,0.0014484013688479387,0.38286566207500794,0.3857624648127038,10
HNHN,restart,restart,37,0.3841774723402541,0.0014478871241710345,0.3827295852160831,0.38562535946442517,10
HNHN,restart,restart,38,0.3840589819673964,0.0014474434267240342,0.38261153854067237,0.38550642539412044,10
HNHN,restart,restart,39,0.3839561287805394,0.0014470602153460728,0.38250906856519334,0.3854031889958855,10
HNHN,restart,restart,40,0.3838667951349053,0.0014467289231423139,0.382420066211763,0.3853135240580476,10
HNHN,restart,restart,41,0.38378915891629484,0.0014464422463122098,0.38234271666998265,0.385235601162607,10
HNHN,restart,restart,42,0.38372165082608933,0.001446193950191767,0.3822754568758976,0.3851678447762811,10
HNHN,restart,restart,43,0.3836629180980772,0.0014459787062885221,0.38221693939178863,0.3851088968043657,10
HNHN,restart,restart,44,0.3836117936313693,0.0014457919551652584,0.38216600167620407,0.3850575855865346,10
HNHN,restart,restart,45,0.3835672696931426,0.0014456297909130108,0.3821216399022296,0.3850128994840556,10
HNHN,restart,restart,46,0.3835284754843358,0.0014454888636824064,0.3820829866206534,0.38497396434801817,10
HNHN,restart,restart,47,0.3834946579764251,0.0014453662973402616,0.38204929167908486,0.3849400242737654,10
HNHN,restart,restart,48,0.383465165522598,0.001445259619812136,0.3820199059027859,0.38491042514241014,10
HNHN,restart,restart,49,0.38343943382565193,0.0014451667040798692,0.3819942671215721,0.3848846005297318,10
HNHN,restart,restart,50,0.3834169739107068,0.001445085718140693,0.3819718881925661,0.38486205962884745,10
HNHN,restart,restart,51,0.38339736180568096,0.001445015082512395,0.3819523467231686,0.38484237688819334,10
HNHN,restart,restart,52,0.38338022967836544,0.0014449534341025739,0.3819352762442629,0.384825183112468,10
HNHN,restart,restart,53,0.3833652582173777,0.0014448995954510241,0.3819203586219267,0.38481015781282873,10
HNHN,restart,restart,54,0.38335217007657385,0.0014448525485144309,0.3819073175280594,0.3847970226250883,10
HNHN,restart,restart,55,0.38334072422966264,0.0014448114122972055,0.38189591281736546,0.38478553564195983,10
HNHN,restart,restart,56,0.3833307111046686,0.0014447754237411105,0.3818859356809275,0.3847754865284097,10
HNHN,restart,restart,57,0.38332194838722533,0.0014447439213808727,0.38187720446584444,0.3847666923086062,10
HNHN,restart,restart,58,0.3833142773980337,0.001444716331350125,0.38186956106668357,0.3847589937293838,10
HNHN,restart,restart,59,0.3833075599636672,0.0014446921553861762,0.38186286780828105,0.3847522521190534,10
HNHN,restart,restart,60,0.3833016757116537,0.0014446709605374726,0.3818570047511162,0.38474634667219115,10
HNHN,restart,restart,61,0.38329651973073886,0.001444652370322749,0.3818518673604161,0.3847411721010616,10
HNHN,restart,restart,62,0.383292000545722,0.0014446360571297773,0.3818473644885922,0.3847366366028518,10
HNHN,restart,restart,63,0.38328803836347586,0.0014446217356726024,0.38184341662780324,0.38473266009914847,10
HNHN,restart,restart,64,0.38328456355292395,0.0014446091573552546,0.38183995439556867,0.38472917271027923,10
HNHN,restart,restart,65,0.3832815153270013,0.0014445981054113113,0.38183691722158997,0.3847261134324126,10
HNHN,restart,restart,66,0.3832788405991168,0.0014445883907087131,0.3818342522084081,0.38472342898982553,10
HNHN,restart,restart,67,0.3832764929904739,0.0014445798481256288,0.38183191314234827,0.3847210728385995,10
HNHN,restart,restart,68,0.3832744319678942,0.0014445723334167782,0.3818298596344774,0.38471900430131095,10
HNHN,restart,restart,69,0.383272622094606,0.0014445657205016081,0.3818280563741044,0.3847171878151076,10
HNHN,restart,restart,70,0.3832710323788742,0.0014445598991155734,0.38182647247975865,0.3847155922779898,10
HNHN,restart,restart,71,0.38326963570742306,0.0014445547727743255,0.38182508093464873,0.3847141904801974,10
HNHN,restart,restart,72,0.38326840835238507,0.001444550257007677,0.3818238580953774,0.38471295860939275,10
HNHN,restart,restart,73,0.38326732954204,0.0014445462778261576,0.38182278326421387,0.38471187581986616,10
HNHN,restart,restart,74,0.3832663810869279,0.0014445427703894545,0.38182183831653843,0.38471092385731737,10
HNHN,restart,restart,75,0.3832655470540528,0.001444539677848016,0.3818210073762048,0.3847100867319008,10
HNHN,restart,restart,76,0.3832648134828758,0.0014445369503355966,0.3818202765325402,0.38470935043321136,10
HNHN,restart,restart,77,0.3832641681376371,0.0014445345440923156,0.38181963359354476,0.3847087026817294,10
HNHN,restart,restart,78,0.38326360029127415,0.0014445324207004219,0.38181906787057374,0.38470813271197457,10
HNHN,restart,restart,79,0.38326310053683527,0.0014445305464182078,0.3818185699904171,0.38470763108325345,10
HNHN,restart,restart,80,0.383262660622827,0.0014445288915990082,0.38181813173122797,0.384707189514426,10
HNHN,restart,restart,81,0.3832622733094081,0.0014445274301842545,0.38181774587922385,0.38470680073959235,10
HNHN,restart,restart,82,0.3832619322427443,0.00144452613926039,0.3818174061034839,0.3847064583820047,10
HNHN,restart,restart,83,0.3832616318451939,0.0014445249986723304,0.3818171068465216,0.3847061568438662,10
HNHN,restart,restart,84,0.38326136721929804,0.0014445239906847483,0.3818168432286133,0.3847058912099828,10
HNHN,restart,restart,85,0.3832611340638108,0.0014445230996865408,0.3818166109641242,0.38470565716349736,10
HNHN,restart,restart,86,0.3832609286002387,0.0014445223119319652,0.3818164062883067,0.3847054509121707,10
HNHN,restart,restart,87,0.3832607475085517,0.0014445216153135536,0.38181622589323816,0.38470526912386527,10
HNHN,restart,restart,88,0.3832605878709055,0.0014445209991636623,0.38181606687174185,0.38470510887006915,10
HNHN,restart,restart,89,0.3832604471223612,0.001444520454080598,0.38181592666828057,0.3847049675764418,10
HNHN,restart,restart,90,0.38326032300772006,0.0014445199717759132,0.38181580303594415,0.384704842979496,10
HNHN,restart,restart,91,0.3832602135437042,0.0014445195449402349,0.38181569399876397,0.38470473308864445,10
HNHN,restart,restart,92,0.3832601169858114,0.0014445191671264225,0.381815597818685,0.3847046361529378,10
HNHN,restart,restart,93,0.3832600317992588,0.0014445188326456418,0.3818155129666132,0.38470455063190445,10
HNHN,restart,restart,94,0.3832599566335049,0.0014445185364774637,0.3818154380970274,0.38470447516998235,10
HNHN,restart,restart,95,0.3832598902999016,0.001444518274189924,0.3818153720257117,0.3847044085740915,10
HNHN,restart,restart,96,0.3832598317520899,0.0014445180418696515,0.38181531371022026,0.3847043497939595,10
HNHN,restart,restart,97,0.3832597800687946,0.0014445178360604,0.38181526223273415,0.384704297904855,10
HNHN,restart,restart,98,0.38325973443872347,0.0014445176537089411,0.3818152167850145,0.3847042520924324,10
HNHN,restart,restart,99,0.38325969414730904,0.0014445174921174644,0.38181517665519155,0.38470421163942653,10
HNHN,restart,restart,100,0.38325965856506605,0.00144451734890161,0.38181514121616444,0.38470417591396766,10
HNHN,restart,restart,101,0.3832596271373645,0.0014445172219537997,0.3818151099154107,0.3847041443593183,10
HNHN,restart,restart,102,0.3832595993754456,0.0014445171094104653,0.38181508226603517,0.3847041164848561,10
HNHN,restart,restart,103,0.3832595748485266,0.0014445170096237748,0.3818150578389028,0.38470409185815035,10
HNHN,restart,restart,104,0.38325955317686083,0.0014445169211360336,0.3818150362557248,0.38470407009799684,10
HNHN,restart,restart,105,0.38325953402563817,0.0014445168426577856,0.3818150171829804,0.38470405086829595,10
HNHN,restart,restart,106,0.3832595170996204,0.0014445167730479907,0.38181500032657245,0.3847040338726684,10
HNHN,restart,restart,107,0.38325950213842336,0.0014445167112968674,0.3818149854271265,0.3847040188497202,10
HNHN,restart,restart,108,0.3832594889123676,0.0014445166565107115,0.3818149722558569,0.3847040055688783,10
HNHN,restart,restart,109,0.38325947721882686,0.00144451660789819,0.3818149606109287,0.38470399382672504,10
HNHN,restart,restart,110,0.3832594668790149,0.001444516564758706,0.3818149503142562,0.3847039834437736,10
HNHN,restart,restart,111,0.38325945773515807,0.0014445165264717844,0.3818149412086863,0.38470397426162983,10
HNHN,restart,restart,112,0.3832594496480054,0.0014445164924878847,0.3818149331555175,0.3847039661404933,10
HNHN,restart,restart,113,0.38325944249463684,0.0014445164623201345,0.3818149260323167,0.38470395895695697,10
HNHN,restart,restart,114,0.383259436166533,0.001444516435537242,0.3818149197309958,0.38470395260207024,10
HNHN,restart,restart,115,0.3832594305678747,0.001444516411756951,0.38181491415611774,0.3847039469796317,10
HNHN,restart,restart,116,0.3832594256140457,0.0014445163906405662,0.3818149092234051,0.3847039420046863,10
HNHN,restart,restart,117,0.3832594212303123,0.001444516371887833,0.38181490485842445,0.3847039376022002,10
HNHN,restart,restart,118,0.38325941735066144,0.001444516355232566,0.38181490099542886,0.384703933705894,10
HNHN,restart,restart,119,0.3832594139167748,0.0014445163404387298,0.3818148975763361,0.38470393025721356,10
HNHN,restart,restart,120,0.38325941087712573,0.0014445163272971836,0.38181489454982853,0.3847039272044229,10
HNHN,restart,restart,121,0.3832594081861826,0.0014445163156222415,0.38181489187056034,0.38470392450180485,10
HNHN,restart,restart,122,0.38325940580370627,0.001444516305249364,0.3818148894984569,0.38470392210895565,10
HNHN,restart,restart,123,0.3832594036941305,0.0014445162960325612,0.38181488739809794,0.384703919990163,10
HNHN,restart,restart,124,0.383259401826016,0.001444516287842239,0.3818148855381737,0.38470391811385823,10
HNHN,restart,restart,125,0.3832594001715677,0.0014445162805634597,0.3818148838910042,0.38470391645213114,10
HNHN,restart,restart,126,0.3832593987062098,0.0014445162740943525,0.3818148824321154,0.38470391498030415,10
HNHN,restart,restart,127,0.38325939740821047,0.0014445162683442774,0.38181488113986617,0.38470391367655477,10
HNHN,restart,restart,128,0.3832593962583506,0.0014445162632329802,0.3818148799951176,0.3847039125215836,10
HNHN,restart,restart,129,0.38325939523963093,0.0014445162586890893,0.38181487898094185,0.38470391149832,10
HNHN,restart,restart,130,0.38325939433701456,0.0014445162546494396,0.38181487808236514,0.384703910591664,10
HNHN,restart,restart,131,0.3832593935371989,0.0014445162510576693,0.3818148772861412,0.3847039097882566,10
HNHN,restart,restart,132,0.38325939282841404,0.001444516247863994,0.38181487658055,0.38470390907627805,10
HNHN,restart,restart,133,0.38325939220024535,0.0014445162450239825,0.38181487595522134,0.38470390844526936,10
HNHN,restart,restart,134,0.38325939164347644,0.001444516242498348,0.3818148754009781,0.3847039078859748,10
HNHN,restart,restart,135,0.38325939114995045,0.00144451624025218,0.3818148749096983,0.3847039073902026,10
HNHN,restart,restart,136,0.3832593907124474,0.0014445162382543447,0.38181487447419304,0.3847039069507018,10
HNHN,restart,restart,137,0.3832593903245761,0.0014445162364773272,0.3818148740880988,0.38470390656105347,10
HNHN,restart,restart,138,0.3832593899806783,0.0014445162348965862,0.3818148737457817,0.38470390621557493,10
HNHN,restart,restart,139,0.3832593896757444,0.0014445162334903554,0.38181487344225407,0.38470390590923476,10
HNHN,restart,restart,140,0.3832593894053384,0.0014445162322393392,0.38181487317309903,0.3847039056375777,10
HNHN,restart,restart,141,0.3832593891655319,0.0014445162311262322,0.3818148729344057,0.38470390539665816,10
HNHN,restart,restart,142,0.383259388952846,0.0014445162301359017,0.3818148727227101,0.3847039051829819,10
HNHN,restart,restart,143,0.383259388764199,0.0014445162292546475,0.3818148725349444,0.38470390499345364,10
HNHN,restart,restart,144,0.3832593885968613,0.0014445162284704512,0.38181487236839085,0.3847039048253318,10
HNHN,restart,restart,145,0.3832593884484149,0.0014445162277725604,0.3818148722206423,0.3847039046761875,10
HNHN,restart,restart,146,0.38325938831671735,0.001444516227151494,0.3818148720895659,0.3847039045438688,10
HNHN,restart,restart,147,0.3832593881998704,0.0014445162265987227,0.38181487197327163,0.3847039044264691,10
HNHN,restart,restart,148,0.383259388096192,0.0014445162261067042,0.3818148718700853,0.3847039043222987,10
HNHN,restart,restart,149,0.3832593880041915,0.0014445162256687591,0.38181487177852275,0.3847039042298603,10
HNHN,restart,restart,150,0.38325938792254777,0.0014445162252789358,0.38181487169726885,0.3847039041478267,10
HNHN,restart,restart,151,0.38325938785009006,0.0014445162249318928,0.38181487162515815,0.384703904075022,10
HNHN,restart,restart,152,0.38325938778578017,0.0014445162246229095,0.3818148715611573,0.38470390401040305,10
HNHN,restart,restart,153,0.3832593877286983,0.0014445162243478405,0.38181487150435045,0.3847039039530461,10
HNHN,restart,restart,154,0.3832593876780283,0.0014445162241029654,0.38181487145392534,0.3847039039021313,10
HNHN,restart,restart,155,0.3832593876330471,0.0014445162238848894,0.38181487140916226,0.384703903856932,10
HNHN,restart,restart,156,0.3832593875931135,0.0014445162236907062,0.3818148713694228,0.3847039038168042,10
HNHN,restart,restart,157,0.3832593875576587,0.001444516223517792,0.38181487133414094,0.38470390378117647,10
HNHN,restart,restart,158,0.38325938752617816,0.0014445162233638416,0.38181487130281433,0.384703903749542,10
HNHN,restart,restart,159,0.3832593874982248,0.0014445162232267232,0.3818148712749981,0.3847039037214515,10
HNHN,restart,restart,160,0.38325938747340194,0.0014445162231045809,0.38181487125029734,0.38470390369650653,10
HNHN,restart,restart,161,0.38325938745135746,0.001444516222995801,0.38181487122836166,0.38470390367435325,10
HNHN,restart,restart,162,0.3832593874317792,0.0014445162228989541,0.38181487120888025,0.3847039036546781,10
HNHN,restart,restart,163,0.3832593874143901,0.001444516222812691,0.3818148711915774,0.38470390363720275,10
HNHN,restart,restart,164,0.3832593873989446,0.001444516222735778,0.3818148711762088,0.3847039036216804,10
HNHN,restart,restart,165,0.3832593873852247,0.0014445162226673501,0.38181487116255736,0.38470390360789203,10
HNHN,restart,restart,166,0.38325938737303666,0.0014445162226063375,0.38181487115043033,0.384703903595643,10
HNHN,restart,restart,167,0.3832593873622089,0.001444516222552009,0.3818148711396569,0.38470390358476086,10
HNHN,restart,restart,168,0.38325938735258913,0.0014445162225035946,0.38181487113008555,0.3847039035750927,10
HNHN,restart,restart,169,0.38325938734404197,0.0014445162224604442,0.3818148711215815,0.3847039035665024,10
HNHN,restart,restart,170,0.38325938733644754,0.0014445162224220257,0.3818148711140255,0.3847039035588696,10
HNHN,restart,restart,171,0.38325938732969916,0.0014445162223877814,0.3818148711073114,0.38470390355208695,10
HNHN,restart,restart,172,0.3832593873237022,0.001444516222357235,0.38181487110134493,0.38470390354605943,10
HNHN,restart,restart,173,0.3832593873183728,0.001444516222330098,0.3818148710960427,0.3847039035407029,10
HNHN,restart,restart,174,0.3832593873136362,0.0014445162223058663,0.38181487109133033,0.384703903535942,10
HNHN,restart,restart,175,0.38325938730942655,0.0014445162222842649,0.3818148710871423,0.3847039035317108,10
HNHN,restart,restart,176,0.38325938730568476,0.0014445162222650161,0.38181487108341977,0.38470390352794975,10
HNHN,restart,restart,177,0.3832593873023588,0.00144451622224789,0.3818148710801109,0.3847039035246067,10
HNHN,restart,restart,178,0.38325938729940223,0.001444516222232585,0.38181487107716966,0.3847039035216348,10
HNHN,restart,restart,179,0.38325938729677383,0.0014445162222189777,0.38181487107455486,0.3847039035189928,10
HNHN,restart,restart,180,0.38325938729443726,0.0014445162222068311,0.38181487107223044,0.3847039035166441,10
HNHN,restart,restart,181,0.3832593872923598,0.0014445162221960138,0.3818148710701638,0.3847039035145558,10
HNHN,restart,restart,182,0.3832593872905128,0.0014445162221863978,0.3818148710683264,0.3847039035126992,10
HNHN,restart,restart,183,0.3832593872888704,0.0014445162221777815,0.3818148710666926,0.38470390351104816,10
HNHN,restart,restart,184,0.38325938728741005,0.0014445162221700702,0.38181487106524,0.3847039035095801,10
HNHN,restart,restart,185,0.3832593872861114,0.0014445162221632289,0.3818148710639482,0.38470390350827466,10
HNHN,restart,restart,186,0.38325938728495657,0.0014445162221571706,0.3818148710627994,0.38470390350711375,10
HNHN,restart,restart,187,0.3832593872839295,0.001444516222151711,0.3818148710617778,0.3847039035060812,10
HNHN,restart,restart,188,0.3832593872830161,0.0014445162221469118,0.3818148710608692,0.38470390350516304,10
HNHN,restart,restart,189,0.3832593872822037,0.0014445162221425813,0.3818148710600611,0.3847039035043463,10
HNHN,restart,restart,190,0.38325938728148107,0.0014445162221387417,0.3818148710593423,0.3847039035036198,10
HNHN,restart,restart,191,0.3832593872808383,0.001444516222135293,0.381814871058703,0.3847039035029736,10
HNHN,restart,restart,192,0.38325938728026665,0.0014445162221322127,0.38181487105813444,0.38470390350239886,10
HNHN,restart,restart,193,0.38325938727975795,0.0014445162221294902,0.38181487105762846,0.38470390350188743,10
HNHN,restart,restart,194,0.3832593872793055,0.0014445162221270738,0.3818148710571784,0.3847039035014326,10
HNHN,restart,restart,195,0.38325938727890285,0.0014445162221248852,0.38181487105677797,0.38470390350102773,10
HNHN,restart,restart,196,0.38325938727854475,0.0014445162221229792,0.38181487105642176,0.38470390350066774,10
HNHN,restart,restart,197,0.383259387278226,0.0014445162221212453,0.38181487105610473,0.3847039035003473,10
HNHN,restart,restart,198,0.3832593872779425,0.0014445162221196864,0.38181487105582285,0.38470390350006217,10
HNHN,restart,restart,199,0.3832593872776902,0.0014445162221183236,0.3818148710555719,0.38470390349980854,10
HNHN,restart,restart,200,0.38325938727746567,0.0014445162221170778,0.3818148710553486,0.3847039034995827,10
HNHN,restart,restart,201,0.3832593872772659,0.0014445162221160077,0.3818148710551499,0.3847039034993819,10
HNHN,restart,restart,202,0.3832593872770881,0.0014445162221150317,0.381814871054973,0.38470390349920314,10
HNHN,restart,restart,203,0.3832593872769299,0.0014445162221141568,0.3818148710548157,0.38470390349904404,10
HNHN,restart,restart,204,0.38325938727678904,0.0014445162221134007,0.38181487105467565,0.38470390349890243,10
HNHN,restart,restart,205,0.3832593872766637,0.0014445162221126773,0.38181487105455103,0.38470390349877637,10
HNHN,restart,restart,206,0.3832593872765521,0.001444516222112072,0.38181487105444006,0.3847039034986642,10
HNHN,restart,restart,207,0.3832593872764528,0.0014445162221115172,0.3818148710543413,0.3847039034985643,10
HNHN,restart,restart,208,0.38325938727636444,0.0014445162221110453,0.3818148710542534,0.3847039034984755,10
HNHN,restart,restart,209,0.3832593872762857,0.0014445162221106067,0.3818148710541751,0.38470390349839634,10
HNHN,restart,restart,210,0.38325938727621567,0.001444516222110219,0.38181487105410544,0.3847039034983259,10
HNHN,restart,restart,211,0.38325938727615333,0.0014445162221098339,0.3818148710540435,0.38470390349826317,10
HNHN,restart,restart,212,0.3832593872760978,0.0014445162221095424,0.38181487105398826,0.3847039034982074,10
HNHN,restart,restart,213,0.38325938727604847,0.0014445162221092894,0.3818148710539392,0.38470390349815775,10
HNHN,restart,restart,214,0.38325938727600434,0.0014445162221090164,0.38181487105389533,0.38470390349811334,10
HNHN,restart,restart,215,0.3832593872759652,0.001444516222108817,0.38181487105385636,0.38470390349807404,10
HNHN,restart,restart,216,0.38325938727593023,0.00144451622210861,0.3818148710538216,0.38470390349803885,10
HNHN,restart,restart,217,0.3832593872758992,0.0014445162221084363,0.38181487105379075,0.38470390349800765,10
HNHN,restart,restart,218,0.3832593872758715,0.001444516222108253,0.38181487105376327,0.3847039034979797,10
HNHN,restart,restart,219,0.3832593872758469,0.0014445162221081236,0.3818148710537388,0.384703903497955,10
HNHN,restart,restart,220,0.3832593872758249,0.001444516222108011,0.3818148710537169,0.38470390349793293,10
HNHN,restart,restart,221,0.3832593872758054,0.0014445162221079038,0.3818148710536975,0.3847039034979133,10
HNHN,restart,restart,222,0.383259387275788,0.0014445162221078166,0.38181487105368017,0.38470390349789585,10
HNHN,restart,restart,223,0.3832593872757726,0.0014445162221076717,0.3818148710536649,0.38470390349788025,10
HNHN,restart,restart,224,0.3832593872757587,0.001444516222107597,0.3818148710536511,0.3847039034978663,10
HNHN,restart,restart,225,0.3832593872757464,0.001444516222107545,0.3818148710536388,0.38470390349785394,10
HNHN,restart,restart,226,0.3832593872757354,0.001444516222107504,0.3818148710536279,0.3847039034978429,10
HNHN,restart,restart,227,0.3832593872757257,0.001444516222107416,0.38181487105361833,0.3847039034978331,10
HNHN,restart,restart,228,0.383259387275717,0.0014445162221074078,0.3818148710536096,0.3847039034978244,10
HNHN,restart,restart,229,0.38325938727570924,0.0014445162221073274,0.3818148710536019,0.3847039034978166,10
HNHN,restart,restart,230,0.3832593872757023,0.0014445162221073064,0.381814871053595,0.3847039034978096,10
HNHN,restart,restart,231,0.38325938727569625,0.0014445162221072604,0.38181487105358897,0.38470390349780353,10
HNHN,restart,restart,232,0.38325938727569075,0.0014445162221072482,0.3818148710535835,0.384703903497798,10
HNHN,restart,restart,233,0.38325938727568587,0.001444516222107202,0.38181487105357864,0.3847039034977931,10
HNHN,restart,restart,234,0.38325938727568154,0.001444516222107187,0.38181487105357437,0.3847039034977887,10
HNHN,restart,restart,235,0.38325938727567765,0.0014445162221071463,0.3818148710535705,0.3847039034977848,10
HNHN,restart,restart,236,0.3832593872756742,0.0014445162221071398,0.3818148710535671,0.38470390349778133,10
HNHN,restart,restart,237,0.3832593872756711,0.0014445162221071288,0.381814871053564,0.3847039034977782,10
HNHN,restart,restart,238,0.3832593872756684,0.001444516222107102,0.38181487105356127,0.3847039034977755,10
HNHN,restart,restart,239,0.38325938727566594,0.0014445162221070993,0.3818148710535588,0.38470390349777306,10
HNHN,restart,restart,240,0.3832593872756638,0.001444516222107059,0.3818148710535567,0.38470390349777084,10
HNHN,restart,restart,241,0.38325938727566183,0.0014445162221070707,0.38181487105355477,0.3847039034977689,10
HNHN,restart,restart,242,0.38325938727566006,0.0014445162221070717,0.381814871053553,0.3847039034977671,10
HNHN,restart,restart,243,0.38325938727565856,0.0014445162221070258,0.38181487105355155,0.38470390349776556,10
HNHN,restart,restart,244,0.38325938727565717,0.0014445162221070494,0.3818148710535501,0.38470390349776423,10
HNHN,restart,restart,245,0.38325938727565595,0.0014445162221070533,0.3818148710535489,0.384703903497763,10
HNHN,restart,restart,246,0.38325938727565484,0.0014445162221070147,0.38181487105354783,0.38470390349776185,10
HNHN,restart,restart,247,0.38325938727565395,0.0014445162221070245,0.38181487105354694,0.38470390349776096,10
HNHN,restart,restart,248,0.38325938727565306,0.0014445162221070173,0.38181487105354606,0.38470390349776007,10
HNHN,restart,restart,249,0.38325938727565223,0.0014445162221069948,0.3818148710535452,0.38470390349775924,10
HNHN,restart,restart,250,0.3832593872756516,0.0014445162221069887,0.3818148710535446,0.3847039034977586,10
HNHN,restart,restart,251,0.38325938727565095,0.0014445162221069857,0.38181487105354395,0.38470390349775796,10
HNHN,restart,restart,252,0.3832593872756504,0.001444516222107006,0.3818148710535434,0.3847039034977574,10
HNHN,restart,restart,253,0.38325938727564995,0.0014445162221070006,0.38181487105354295,0.38470390349775696,10
HNHN,restart,restart,254,0.3832593872756495,0.0014445162221069815,0.3818148710535425,0.3847039034977565,10
HNHN,restart,restart,255,0.3832593872756492,0.0014445162221069757,0.3818148710535422,0.38470390349775613,10
HNHN,restart,restart,256,0.3832593872756488,0.00144451622210699,0.3818148710535418,0.3847039034977558,10
UniGCN,diagnostics,un,0,1.0,0.0,1.0,1.0,10
UniGCN,diagnostics,un,1,0.3977055146955478,0.0025551250841261736,0.3951503896114216,0.400260639779674,10
UniGCN,diagnostics,un,2,0.2437766165155292,0.0023329138830590927,0.24144370263247011,0.2461095303985883,10
UniGCN,diagnostics,un,3,0.18478512089184046,0.0032723293485462388,0.18151279154329422,0.1880574502403867,10
UniGCN,diagnostics,un,4,0.14588214120600568,0.0036967803060186585,0.142185360899987,0.14957892151202434,10
UniGCN,diagnostics,un,5,0.12079947889262903,0.0027477117089401244,0.1180517671836889,0.12354719060156916,10
UniGCN,diagnostics,un,6,0.10702885698131401,0.0017417783371998805,0.10528707864411413,0.10877063531851389,10
UniGCN,diagnostics,un,7,0.10000296710972412,0.0011003161355847303,0.09890265097413939,0.10110328324530884,10
UniGCN,diagnostics,un,8,0.09645891040901393,0.0007316485374355262,0.0957272618715784,0.09719055894644946,10
UniGCN,diagnostics,un,9,0.09465376126615883,0.0005174103187414777,0.09413635094741736,0.09517117158490031,10
UniGCN,diagnostics,un,10,0.0937208108758599,0.000388712841180986,0.09333209803467891,0.09410952371704089,10
UniGCN,diagnostics,un,11,0.09323122358226907,0.00031015660540654745,0.09292106697686252,0.09354138018767562,10
UniGCN,diagnostics,un,12,0.09297026503397526,0.00026275559900271634,0.09270750943497255,0.09323302063297798,10
UniGCN,diagnostics,un,13,0.09282883742182003,0.0002350869607131126,0.09259375046110692,0.09306392438253315,10
UniGCN,diagnostics,un,14,0.09275075141539266,0.00021964317952218235,0.09253110823587048,0.09297039459491484,10
UniGCN,diagnostics,un,15,0.09270670429620934,0.00021145547472369914,0.09249524882148563,0.09291815977093304,10
UniGCN,diagnostics,un,16,0.09268123279372364,0.00020738461919980066,0.09247384817452384,0.09288861741292345,10
UniGCN,diagnostics,un,17,0.09266607892120592,0.00020555489020859005,0.09246052403099733,0.0928716338114145,10
UniGCN,diagnostics,un,18,0.09265677575839282,0.00020489507176227467,0.09245188068663054,0.09286167083015509,10
UniGCN,diagnostics,un,19,0.09265087176995575,0.0002048137458415226,0.09244605802411422,0.09285568551579727,10
UniGCN,diagnostics,un,20,0.09264699845132998,0.00020499368156747398,0.09244200476976251,0.09285199213289745,10
UniGCN,diagnostics,un,21,0.09264437629896598,0.00020527013964780918,0.09243910615931816,0.09284964643861379,10
UniGCN,diagnostics,un,22,0.09264255060559551,0.00020556150574126662,0.09243698909985425,0.09284811211133677,10
UniGCN,diagnostics,un,23,0.09264124874842915,0.00020583057585608366,0.09243541817257306,0.09284707932428524,10
UniGCN,diagnostics,un,24,0.0926403022230918,0.00020606324274644315,0.09243423898034536,0.09284636546583824,10
UniGCN,diagnostics,un,25,0.09263960347484741,0.000206256906918793,0.09243334656792862,0.0928458603817662,10
UniGCN,diagnostics,un,26,0.09263908160772025,0.00020641427426747403,0.09243266733345278,0.09284549588198772,10
UniGCN,diagnostics,un,27,0.09263868844725996,0.00020654011592084715,0.09243214833133911,0.09284522856318081,10
UniGCN,diagnostics,un,28,0.09263839035639762,0.0002066396423117179,0.09243175071408591,0.09284502999870933,10
UniGCN,diagnostics,un,29,0.09263816329916331,0.0002067177446720754,0.09243144555449125,0.09284488104383538,10
UniGCN,diagnostics,un,30,0.09263798977356177,0.0002067786921569312,0.09243121108140484,0.09284476846571871,10
UniGCN,diagnostics,un,31,0.09263785684509784,0.00020682605930947694,0.09243103078578836,0.09284468290440732,10
UniGCN,diagnostics,un,32,0.09263775484582483,0.00020686276223769667,0.09243089208358714,0.09284461760806252,10
UniGCN,diagnostics,un,33,0.09263767648781598,0.00020689113925885177,0.09243078534855713,0.09284456762707484,10
UniGCN,diagnostics,un,34,0.09263761624283111,0.00020691304329878597,0.09243070319953232,0.09284452928612989,10
UniGCN,diagnostics,un,35,0.09263756989834947,0.0002069299304343042,0.09243063996791516,0.09284449982878377,10
UniGCN,diagnostics,un,36,0.09263753423392414,0.0002069429380476469,0.0924305912958765,0.09284447717197178,10
UniGCN,diagnostics,un,37,0.09263750678180042,0.00020695295071746452,0.09243055383108296,0.09284445973251788,10
UniGCN,diagnostics,un,38,0.09263748564787842,0.00020696065421577892,0.09243052499366264,0.09284444630209421,10
UniGCN,diagnostics,un,39,0.09263746937668504,0.00020696657893933028,0.09243050279774571,0.09284443595562437,10
UniGCN,diagnostics,un,40,0.09263745684890759,0.00020697113439927328,0.09243048571450832,0.09284442798330686,10
UniGCN,diagnostics,un,41,0.09263744720328704,0.00020697463636485934,0.09243047256692218,0.0928444218396519,10
UniGCN,diagnostics,un,42,0.09263743977688654,0.0002069773280890495,0.09243046244879749,0.0928444171049756,10
UniGCN,diagnostics,un,43,0.09263743405930693,0.0002069793968289323,0.092430454662478,0.09284441345613585,10
UniGCN,diagnostics,un,44,0.0926374296575347,0.00020698098666006572,0.09243044867087463,0.09284441064419477,10
UniGCN,diagnostics,un,45,0.0926374262689231,0.00020698220839132512,0.09243044406053177,0.09284440847731443,10
UniGCN,diagnostics,un,46,0.09263742366040763,0.0002069831472218835,0.09243044051318575,0.09284440680762951,10
UniGCN,diagnostics,un,47,0.09263742165250917,0.00020698386864656702,0.0924304377838626,0.09284440552115573,10
UniGCN,diagnostics,un,48,0.09263742010701768,0.0002069844230054351,0.09243043568401225,0.09284440453002311,10
UniGCN,diagnostics,un,49,0.09263741891750718,0.00020698484898633618,0.09243043406852085,0.09284440376649351,10
UniGCN,diagnostics,un,50,0.09263741800203058,0.00020698517631987778,0.0924304328257107,0.09284440317835047,10
UniGCN,diagnostics,un,51,0.09263741729749302,0.00020698542785213127,0.09243043186964088,0.09284440272534515,10
UniGCN,diagnostics,un,52,0.09263741675531763,0.00020698562113827482,0.09243043113417936,0.0928444023764559,10
UniGCN,diagnostics,un,53,0.09263741633810729,0.00020698576966766958,0.09243043056843962,0.09284440210777496,10
UniGCN,diagnostics,un,54,0.09263741601707351,0.0002069858838054036,0.09243043013326811,0.0928444019008789,10
UniGCN,diagnostics,un,55,0.09263741577005594,0.00020698597151591687,0.09243042979854002,0.09284440174157185,10
UniGCN,diagnostics,un,56,0.09263741557999754,0.00020698603891898749,0.09243042954107855,0.09284440161891652,10
UniGCN,diagnostics,un,57,0.09263741543376991,0.00020698609071706902,0.09243042934305284,0.09284440152448697,10
UniGCN,diagnostics,un,58,0.09263741532126908,0.00020698613052350096,0.09243042919074558,0.09284440145179258,10
UniGCN,diagnostics,un,59,0.09263741523471913,0.00020698616111487298,0.09243042907360426,0.09284440139583401,10
UniGCN,diagnostics,un,60,0.09263741516813614,0.00020698618462474622,0.09243042898351139,0.0928444013527609,10
UniGCN,diagnostics,un,61,0.09263741511691537,0.0002069862026926295,0.09243042891422273,0.092844401319608,10
UniGCN,diagnostics,un,62,0.0926374150775136,0.00020698621657839998,0.0924304288609352,0.092844401294092,10
UniGCN,diagnostics,un,63,0.09263741504720446,0.00020698622725022164,0.09243042881995424,0.09284440127445469,10
UniGCN,diagnostics,un,64,0.09263741502389036,0.00020698623545207395,0.09243042878843828,0.09284440125934244,10
UniGCN,diagnostics,un,65,0.09263741500595732,0.00020698624175570572,0.09243042876420161,0.09284440124771302,10
UniGCN,diagnostics,un,66,0.09263741499216373,0.00020698624660049435,0.09243042874556323,0.09284440123876422,10
UniGCN,diagnostics,un,67,0.09263741498155431,0.00020698625032411022,0.0924304287312302,0.09284440123187843,10
UniGCN,diagnostics,un,68,0.0926374149733942,0.000206986253186019,0.09243042872020818,0.09284440122658022,10
UniGCN,diagnostics,un,69,0.09263741496711807,0.00020698625538568925,0.09243042871173238,0.09284440122250376,10
UniGCN,diagnostics,un,70,0.09263741496229105,0.00020698625707636748,0.09243042870521469,0.09284440121936742,10
UniGCN,diagnostics,un,71,0.0926374149585786,0.00020698625837583254,0.09243042870020278,0.09284440121695443,10
UniGCN,diagnostics,un,72,0.09263741495572347,0.0002069862593746357,0.09243042869634883,0.09284440121509811,10
UniGCN,diagnostics,un,73,0.09263741495352767,0.0002069862601423516,0.09243042869338532,0.09284440121367003,10
UniGCN,diagnostics,un,74,0.092637414951839,0.000206986260732432,0.09243042869110657,0.09284440121257143,10
UniGCN,diagnostics,un,75,0.09263741495054031,0.0002069862611860041,0.0924304286893543,0.09284440121172632,10
UniGCN,diagnostics,un,76,0.0926374149495416,0.00020698626153463546,0.09243042868800697,0.09284440121107623,10
UniGCN,diagnostics,un,77,0.09263741494877353,0.0002069862618026144,0.09243042868697092,0.09284440121057615,10
UniGCN,diagnostics,un,78,0.09263741494818291,0.00020698626200859992,0.0924304286861743,0.09284440121019151,10
UniGCN,diagnostics,un,79,0.09263741494772873,0.0002069862621669363,0.0924304286855618,0.09284440120989566,10
UniGCN,diagnostics,un,80,0.09263741494737945,0.00020698626228864175,0.09243042868509081,0.0928444012096681,10
UniGCN,diagnostics,un,81,0.09263741494711085,0.00020698626238219725,0.09243042868472866,0.09284440120949304,10
UniGCN,diagnostics,un,82,0.09263741494690433,0.0002069862624541066,0.09243042868445023,0.09284440120935844,10
UniGCN,diagnostics,un,83,0.09263741494674552,0.00020698626250939035,0.09243042868423612,0.09284440120925491,10
UniGCN,diagnostics,un,84,0.09263741494662336,0.00020698626255187554,0.09243042868407149,0.09284440120917524,10
UniGCN,diagnostics,un,85,0.09263741494652947,0.00020698626258453779,0.09243042868394492,0.09284440120911401,10
UniGCN,diagnostics,un,86,0.09263741494645725,0.00020698626260964577,0.0924304286838476,0.0928444012090669,10
UniGCN,diagnostics,un,87,0.09263741494640174,0.0002069862626289469,0.09243042868377278,0.09284440120903069,10
UniGCN,diagnostics,un,88,0.09263741494635905,0.00020698626264379255,0.09243042868371526,0.09284440120900284,10
UniGCN,diagnostics,un,89,0.0926374149463262,0.00020698626265519296,0.092430428683671,0.0928444012089814,10
UniGCN,diagnostics,un,90,0.09263741494630097,0.00020698626266396478,0.092430428683637,0.09284440120896494,10
UniGCN,diagnostics,un,91,0.09263741494628155,0.0002069862626707158,0.09243042868361084,0.09284440120895227,10
UniGCN,diagnostics,un,92,0.09263741494626662,0.00020698626267588922,0.09243042868359073,0.09284440120894251,10
UniGCN,diagnostics,un,93,0.09263741494625514,0.00020698626267985908,0.09243042868357529,0.092844401208935,10
UniGCN,diagnostics,un,94,0.09263741494624633,0.00020698626268293182,0.0924304286835634,0.09284440120892927,10
UniGCN,diagnostics,un,95,0.09263741494623953,0.000206986262685288,0.09243042868355425,0.09284440120892481,10
UniGCN,diagnostics,un,96,0.09263741494623431,0.00020698626268709442,0.09243042868354721,0.09284440120892141,10
UniGCN,diagnostics,un,97,0.09263741494623032,0.00020698626268847925,0.09243042868354184,0.09284440120891879,10
UniGCN,diagnostics,un,98,0.09263741494622724,0.00020698626268955293,0.09243042868353768,0.0928444012089168,10
UniGCN,diagnostics,un,99,0.09263741494622485,0.0002069862626903784,0.09243042868353447,0.09284440120891523,10
UniGCN,diagnostics,un,100,0.09263741494622305,0.00020698626269100834,0.09243042868353203,0.09284440120891406,10
UniGCN,diagnostics,un,101,0.09263741494622164,0.00020698626269149482,0.09243042868353014,0.09284440120891314,10
UniGCN,diagnostics,un,102,0.09263741494622056,0.0002069862626918669,0.0924304286835287,0.09284440120891242,10
UniGCN,diagnostics,un,103,0.09263741494621971,0.00020698626269215746,0.09243042868352756,0.09284440120891187,10
UniGCN,diagnostics,un,104,0.09263741494621908,0.00020698626269237947,0.0924304286835267,0.09284440120891145,10
UniGCN,diagnostics,un,105,0.09263741494621859,0.00020698626269255037,0.09243042868352604,0.09284440120891115,10
UniGCN,diagnostics,un,106,0.09263741494621822,0.00020698626269267985,0.09243042868352554,0.0928444012089109,10
UniGCN,diagnostics,un,107,0.09263741494621794,0.00020698626269277564,0.09243042868352516,0.09284440120891072,10
UniGCN,diagnostics,un,108,0.09263741494621772,0.0002069862626928563,0.09243042868352486,0.09284440120891058,10
UniGCN,diagnostics,un,109,0.09263741494621754,0.00020698626269292008,0.09243042868352462,0.09284440120891045,10
UniGCN,diagnostics,un,110,0.09263741494621741,0.0002069862626929632,0.09243042868352445,0.09284440120891037,10
UniGCN,diagnostics,un,111,0.0926374149462173,0.00020698626269299755,0.0924304286835243,0.0928444012089103,10
UniGCN,diagnostics,un,112,0.09263741494621723,0.00020698626269301994,0.0924304286835242,0.09284440120891026,10
UniGCN,diagnostics,un,113,0.09263741494621716,0.00020698626269304515,0.09243042868352412,0.0928444012089102,10
UniGCN,diagnostics,un,114,0.09263741494621712,0.00020698626269305333,0.09243042868352407,0.09284440120891017,10
UniGCN,diagnostics,un,115,0.09263741494621708,0.00020698626269305664,0.09243042868352402,0.09284440120891013,10
UniGCN,diagnostics,un,116,0.09263741494621705,0.00020698626269307968,0.09243042868352397,0.09284440120891013,10
UniGCN,diagnostics,un,117,0.09263741494621704,0.00020698626269309285,0.09243042868352394,0.09284440120891013,10
UniGCN,diagnostics,un,118,0.09263741494621701,0.00020698626269309578,0.09243042868352391,0.0928444012089101,10
UniGCN,diagnostics,un,119,0.09263741494621701,0.00020698626269310066,0.09243042868352391,0.0928444012089101,10
UniGCN,diagnostics,un,120,0.092637414946217,0.00020698626269310326,0.09243042868352389,0.0928444012089101,10
UniGCN,diagnostics,un,121,0.092637414946217,0.00020698626269310944,0.09243042868352389,0.0928444012089101,10
UniGCN,diagnostics,un,122,0.092637414946217,0.0002069862626931087,0.09243042868352389,0.0928444012089101,10
UniGCN,diagnostics,un,123,0.09263741494621698,0.0002069862626931052,0.09243042868352387,0.09284440120891009,10
UniGCN,diagnostics,un,124,0.09263741494621698,0.00020698626269310692,0.09243042868352387,0.09284440120891009,10
UniGCN,diagnostics,un,125,0.09263741494621698,0.00020698626269310247,0.09243042868352389,0.09284440120891008,10
UniGCN,diagnostics,un,126,0.09263741494621698,0.00020698626269310784,0.09243042868352387,0.09284440120891009,10
UniGCN,diagnostics,un,127,0.09263741494621697,0.00020698626269310784,0.09243042868352386,0.09284440120891008,10
UniGCN,diagnostics,un,128,0.09263741494621697,0.00020698626269312367,0.09243042868352384,0.09284440120891009,10
UniGCN,diagnostics,un,129,0.09263741494621698,0.00020698626269310846,0.09243042868352387,0.09284440120891009,10
UniGCN,diagnostics,un,130,0.09263741494621698,0.00020698626269311077,0.09243042868352387,0.09284440120891009,10
UniGCN,diagnostics,un,131,0.09263741494621698,0.0002069862626931106,0.09243042868352387,0.09284440120891009,10
UniGCN,diagnostics,un,132,0.09263741494621697,0.00020698626269310727,0.09243042868352386,0.09284440120891008,10
UniGCN,diagnostics,un,133,0.09263741494621697,0.00020698626269311432,0.09243042868352386,0.09284440120891008,10
UniGCN,diagnostics,un,134,0.09263741494621698,0.00020698626269311462,0.09243042868352387,0.09284440120891009,10
UniGCN,diagnostics,un,135,0.09263741494621697,0.0002069862626931121,0.09243042868352386,0.09284440120891008,10
UniGCN,diagnostics,un,136,0.09263741494621697,0.0002069862626931088,0.09243042868352386,0.09284440120891008,10
UniGCN,diagnostics,un,137,0.09263741494621697,0.0002069862626931068,0.09243042868352386,0.09284440120891008,10
UniGCN,diagnostics,un,138,0.09263741494621697,0.00020698626269311776,0.09243042868352384,0.09284440120891009,10
UniGCN,diagnostics,un,139,0.09263741494621695,0.00020698626269311307,0.09243042868352384,0.09284440120891006,10
UniGCN,diagnostics,un,140,0.09263741494621697,0.00020698626269310152,0.09243042868352387,0.09284440120891006,10
UniGCN,diagnostics,un,141,0.09263741494621697,0.0002069862626931096,0.09243042868352386,0.09284440120891008,10
UniGCN,diagnostics,un,142,0.09263741494621697,0.00020698626269311627,0.09243042868352386,0.09284440120891008,10
UniGCN,diagnostics,un,143,0.09263741494621697,0.00020698626269310695,0.09243042868352386,0.09284440120891008,10
UniGCN,diagnostics,un,144,0.09263741494621697,0.0002069862626931135,0.09243042868352386,0.09284440120891008,10
UniGCN,diagnostics,un,145,0.09263741494621698,0.00020698626269311063,0.09243042868352387,0.09284440120891009,10
UniGCN,diagnostics,un,146,0.09263741494621698,0.0002069862626931079,0.09243042868352387,0.09284440120891009,10
UniGCN,diagnostics,un,147,0.09263741494621695,0.00020698626269311136,0.09243042868352384,0.09284440120891006,10
UniGCN,diagnostics,un,148,0.09263741494621697,0.00020698626269311356,0.09243042868352386,0.09284440120891008,10
UniGCN,diagnostics,un,149,0.09263741494621697,0.00020698626269311207,0.09243042868352386,0.09284440120891008,10
UniGCN,diagnostics,un,150,0.09263741494621695,0.00020698626269310895,0.09243042868352384,0.09284440120891006,10
UniGCN,diagnostics,un,151,0.09263741494621698,0.0002069862626931064,0.09243042868352387,0.09284440120891009,10
UniGCN,diagnostics,un,152,0.09263741494621697,0.00020698626269311359,0.09243042868352386,0.09284440120891008,10
UniGCN,diagnostics,un,153,0.09263741494621697,0.0002069862626931127,0.09243042868352386,0.09284440120891008,10
UniGCN,diagnostics,un,154,0.09263741494621697,0.00020698626269310678,0.09243042868352386,0.09284440120891008,10
UniGCN,diagnostics,un,155,0.09263741494621697,0.00020698626269311597,0.09243042868352386,0.09284440120891008,10
UniGCN,diagnostics,un,156,0.09263741494621698,0.00020698626269311283,0.09243042868352387,0.09284440120891009,10
UniGCN,diagnostics,un,157,0.09263741494621698,0.00020698626269311586,0.09243042868352387,0.09284440120891009,10
UniGCN,diagnostics,un,158,0.09263741494621697,0.00020698626269311635,0.09243042868352386,0.09284440120891008,10
UniGCN,diagnostics,un,159,0.09263741494621698,0.00020698626269311592,0.09243042868352387,0.09284440120891009,10
UniGCN,diagnostics,un,160,0.09263741494621698,0.0002069862626931105,0.09243042868352387,0.09284440120891009,10
UniGCN,diagnostics,un,161,0.09263741494621698,0.00020698626269311565,0.09243042868352387,0.09284440120891009,10
UniGCN,diagnostics,un,162,0.09263741494621697,0.00020698626269311288,0.09243042868352386,0.09284440120891008,10
UniGCN,diagnostics,un,163,0.09263741494621698,0.00020698626269310472,0.09243042868352387,0.09284440120891009,10
UniGCN,diagnostics,un,164,0.09263741494621697,0.00020698626269311041,0.09243042868352386,0.09284440120891008,10
UniGCN,diagnostics,un,165,0.09263741494621697,0.00020698626269310784,0.09243042868352386,0.09284440120891008,10
UniGCN,diagnostics,un,166,0.09263741494621697,0.00020698626269311155,0.09243042868352386,0.09284440120891008,10
UniGCN,diagnostics,un,167,0.09263741494621698,0.00020698626269311215,0.09243042868352387,0.09284440120891009,10
UniGCN,diagnostics,un,168,0.09263741494621697,0.00020698626269311367,0.09243042868352386,0.09284440120891008,10
UniGCN,diagnostics,un,169,0.09263741494621697,0.00020698626269310743,0.09243042868352386,0.09284440120891008,10
UniGCN,diagnostics,un,170,0.09263741494621698,0.00020698626269311616,0.09243042868352387,0.09284440120891009,10
UniGCN,diagnostics,un,171,0.09263741494621697,0.00020698626269310844,0.09243042868352386,0.09284440120891008,10
UniGCN,diagnostics,un,172,0.09263741494621697,0.00020698626269311226,0.09243042868352386,0.09284440120891008,10
UniGCN,diagnostics,un,173,0.09263741494621698,0.0002069862626931007,0.09243042868352389,0.09284440120891008,10
UniGCN,diagnostics,un,174,0.09263741494621697,0.00020698626269311047,0.09243042868352386,0.09284440120891008,10
UniGCN,diagnostics,un,175,0.09263741494621698,0.00020698626269310727,0.09243042868352387,0.09284440120891009,10
UniGCN,diagnostics,un,176,0.09263741494621698,0.00020698626269311464,0.09243042868352387,0.09284440120891009,10
UniGCN,diagnostics,un,177,0.09263741494621697,0.0002069862626931083,0.09243042868352386,0.09284440120891008,10
UniGCN,diagnostics,un,178,0.09263741494621697,0.00020698626269311041,0.09243042868352386,0.09284440120891008,10
UniGCN,diagnostics,un,179,0.09263741494621697,0.00020698626269311264,0.09243042868352386,0.09284440120891008,10
UniGCN,diagnostics,un,180,0.09263741494621697,0.0002069862626931086,0.09243042868352386,0.09284440120891008,10
UniGCN,diagnostics,un,181,0.09263741494621697,0.00020698626269311117,0.09243042868352386,0.09284440120891008,10
UniGCN,diagnostics,un,182,0.09263741494621697,0.00020698626269311706,0.09243042868352384,0.09284440120891009,10
UniGCN,diagnostics,un,183,0.09263741494621697,0.00020698626269311345,0.09243042868352386,0.09284440120891008,10
UniGCN,diagnostics,un,184,0.09263741494621697,0.00020698626269311237,0.09243042868352386,0.09284440120891008,10
UniGCN,diagnostics,un,185,0.09263741494621697,0.00020698626269311174,0.09243042868352386,0.09284440120891008,10
UniGCN,diagnostics,un,186,0.09263741494621697,0.00020698626269310911,0.09243042868352386,0.09284440120891008,10
UniGCN,diagnostics,un,187,0.09263741494621697,0.00020698626269311158,0.09243042868352386,0.09284440120891008,10
UniGCN,diagnostics,un,188,0.09263741494621697,0.00020698626269311443,0.09243042868352386,0.09284440120891008,10
UniGCN,diagnostics,un,189,0.09263741494621697,0.00020698626269311548,0.09243042868352386,0.09284440120891008,10
UniGCN,diagnostics,un,190,0.09263741494621697,0.0002069862626931149,0.09243042868352386,0.09284440120891008,10
UniGCN,diagnostics,un,191,0.09263741494621695,0.00020698626269311256,0.09243042868352384,0.09284440120891006,10
UniGCN,diagnostics,un,192,0.09263741494621697,0.00020698626269311372,0.09243042868352386,0.09284440120891008,10
UniGCN,diagnostics,un,193,0.09263741494621697,0.00020698626269310944,0.09243042868352386,0.09284440120891008,10
UniGCN,diagnostics,un,194,0.09263741494621697,0.00020698626269311383,0.09243042868352386,0.09284440120891008,10
UniGCN,diagnostics,un,195,0.09263741494621698,0.00020698626269311074,0.09243042868352387,0.09284440120891009,10
UniGCN,diagnostics,un,196,0.09263741494621698,0.00020698626269310743,0.09243042868352387,0.09284440120891009,10
UniGCN,diagnostics,un,197,0.09263741494621697,0.0002069862626931085,0.09243042868352386,0.09284440120891008,10
UniGCN,diagnostics,un,198,0.09263741494621697,0.00020698626269310987,0.09243042868352386,0.09284440120891008,10
UniGCN,diagnostics,un,199,0.09263741494621698,0.00020698626269310987,0.09243042868352387,0.09284440120891009,10
UniGCN,diagnostics,un,200,0.09263741494621697,0.00020698626269310554,0.09243042868352386,0.09284440120891008,10
UniGCN,diagnostics,un,201,0.09263741494621697,0.00020698626269311716,0.09243042868352384,0.09284440120891009,10
UniGCN,diagnostics,un,202,0.09263741494621697,0.00020698626269311706,0.09243042868352384,0.09284440120891009,10
UniGCN,diagnostics,un,203,0.09263741494621698,0.0002069862626931149,0.09243042868352387,0.09284440120891009,10
UniGCN,diagnostics,un,204,0.09263741494621697,0.00020698626269311128,0.09243042868352386,0.09284440120891008,10
UniGCN,diagnostics,un,205,0.09263741494621697,0.00020698626269310779,0.09243042868352386,0.09284440120891008,10
UniGCN,diagnostics,un,206,0.09263741494621698,0.00020698626269311673,0.09243042868352386,0.0928444012089101,10
UniGCN,diagnostics,un,207,0.09263741494621698,0.0002069862626931128,0.09243042868352387,0.09284440120891009,10
UniGCN,diagnostics,un,208,0.09263741494621697,0.00020698626269311296,0.09243042868352386,0.09284440120891008,10
UniGCN,diagnostics,un,209,0.09263741494621695,0.00020698626269312058,0.09243042868352383,0.09284440120891008,10
UniGCN,diagnostics,un,210,0.09263741494621697,0.00020698626269311809,0.09243042868352384,0.09284440120891009,10
UniGCN,diagnostics,un,211,0.09263741494621697,0.0002069862626931145,0.09243042868352386,0.09284440120891008,10
UniGCN,diagnostics,un,212,0.09263741494621697,0.00020698626269310922,0.09243042868352386,0.09284440120891008,10
UniGCN,diagnostics,un,213,0.09263741494621697,0.00020698626269311055,0.09243042868352386,0.09284440120891008,10
UniGCN,diagnostics,un,214,0.09263741494621697,0.00020698626269311435,0.09243042868352386,0.09284440120891008,10
UniGCN,diagnostics,un,215,0.09263741494621698,0.00020698626269311096,0.09243042868352387,0.09284440120891009,10
UniGCN,diagnostics,un,216,0.09263741494621697,0.0002069862626931084,0.09243042868352386,0.09284440120891008,10
UniGCN,diagnostics,un,217,0.09263741494621695,0.00020698626269310976,0.09243042868352384,0.09284440120891006,10
UniGCN,diagnostics,un,218,0.09263741494621697,0.00020698626269311735,0.09243042868352384,0.09284440120891009,10
UniGCN,diagnostics,un,219,0.09263741494621697,0.0002069862626931087,0.09243042868352386,0.09284440120891008,10
UniGCN,diagnostics,un,220,0.09263741494621697,0.00020698626269311285,0.09243042868352386,0.09284440120891008,10
UniGCN,diagnostics,un,221,0.09263741494621697,0.00020698626269310516,0.09243042868352386,0.09284440120891008,10
UniGCN,diagnostics,un,222,0.09263741494621697,0.00020698626269310898,0.09243042868352386,0.09284440120891008,10
UniGCN,diagnostics,un,223,0.09263741494621695,0.0002069862626931176,0.09243042868352383,0.09284440120891008,10
UniGCN,diagnostics,un,224,0.09263741494621697,0.00020698626269311546,0.09243042868352386,0.09284440120891008,10
UniGCN,diagnostics,un,225,0.09263741494621698,0.00020698626269310714,0.09243042868352387,0.09284440120891009,10
UniGCN,diagnostics,un,226,0.09263741494621697,0.00020698626269311226,0.09243042868352386,0.09284440120891008,10
UniGCN,diagnostics,un,227,0.09263741494621698,0.00020698626269310578,0.09243042868352387,0.09284440120891009,10
UniGCN,diagnostics,un,228,0.09263741494621698,0.00020698626269310594,0.09243042868352387,0.09284440120891009,10
UniGCN,diagnostics,un,229,0.09263741494621697,0.00020698626269311486,0.09243042868352386,0.09284440120891008,10
UniGCN,diagnostics,un,230,0.09263741494621697,0.000206986262693111,0.09243042868352386,0.09284440120891008,10
UniGCN,diagnostics,un,231,0.09263741494621697,0.00020698626269310594,0.09243042868352386,0.09284440120891008,10
UniGCN,diagnostics,un,232,0.09263741494621697,0.00020698626269311275,0.09243042868352386,0.09284440120891008,10
UniGCN,diagnostics,un,233,0.09263741494621697,0.00020698626269310968,0.09243042868352386,0.09284440120891008,10
UniGCN,diagnostics,un,234,0.09263741494621697,0.00020698626269312126,0.09243042868352384,0.09284440120891009,10
UniGCN,diagnostics,un,235,0.09263741494621697,0.00020698626269312107,0.09243042868352384,0.09284440120891009,10
UniGCN,diagnostics,un,236,0.09263741494621697,0.00020698626269311616,0.09243042868352386,0.09284440120891008,10
UniGCN,diagnostics,un,237,0.09263741494621695,0.00020698626269312196,0.09243042868352383,0.09284440120891008,10
UniGCN,diagnostics,un,238,0.09263741494621697,0.0002069862626931153,0.09243042868352386,0.09284440120891008,10
UniGCN,diagnostics,un,239,0.09263741494621698,0.0002069862626931145,0.09243042868352387,0.09284440120891009,10
UniGCN,diagnostics,un,240,0.09263741494621697,0.0002069862626931113,0.09243042868352386,0.09284440120891008,10
UniGCN,diagnostics,un,241,0.09263741494621698,0.00020698626269311654,0.09243042868352386,0.0928444012089101,10
UniGCN,diagnostics,un,242,0.09263741494621698,0.00020698626269312085,0.09243042868352386,0.0928444012089101,10
UniGCN,diagnostics,un,243,0.09263741494621697,0.00020698626269311112,0.09243042868352386,0.09284440120891008,10
UniGCN,diagnostics,un,244,0.09263741494621697,0.00020698626269311088,0.09243042868352386,0.09284440120891008,10
UniGCN,diagnostics,un,245,0.09263741494621698,0.00020698626269311052,0.09243042868352387,0.09284440120891009,10
UniGCN,diagnostics,un,246,0.09263741494621697,0.00020698626269311144,0.09243042868352386,0.09284440120891008,10
UniGCN,diagnostics,un,247,0.09263741494621698,0.000206986262693104,0.09243042868352387,0.09284440120891009,10
UniGCN,diagnostics,un,248,0.09263741494621697,0.00020698626269310434,0.09243042868352386,0.09284440120891008,10
UniGCN,diagnostics,un,249,0.09263741494621697,0.00020698626269311554,0.09243042868352386,0.09284440120891008,10
UniGCN,diagnostics,un,250,0.09263741494621697,0.00020698626269310985,0.09243042868352386,0.09284440120891008,10
UniGCN,diagnostics,un,251,0.09263741494621695,0.0002069862626931159,0.09243042868352384,0.09284440120891006,10
UniGCN,diagnostics,un,252,0.09263741494621697,0.00020698626269311467,0.09243042868352386,0.09284440120891008,10
UniGCN,diagnostics,un,253,0.09263741494621697,0.00020698626269310947,0.09243042868352386,0.09284440120891008,10
UniGCN,diagnostics,un,254,0.092637414946217,0.00020698626269311508,0.09243042868352389,0.0928444012089101,10
UniGCN,diagnostics,un,255,0.09263741494621697,0.0002069862626931089,0.09243042868352386,0.09284440120891008,10
UniGCN,diagnostics,un,256,0.09263741494621697,0.00020698626269311744,0.09243042868352384,0.09284440120891009,10
UniGCN,diagnostics,sym,0,1.0,0.0,1.0,1.0,10
UniGCN,diagnostics,sym,1,0.7754341190874685,0.0028897345317435656,0.7725443845557249,0.7783238536192121,10
UniGCN,diagnostics,sym,2,0.583506670105671,0.009804344559418868,0.5737023255462521,0.59331101466509,10
UniGCN,diagnostics,sym,3,0.377240804733708,0.01827149786680621,0.3589693068669018,0.39551230260051423,10
UniGCN,diagnostics,sym,4,0.19250955713578027,0.016279335121242848,0.17623022201453742,0.20878889225702313,10
UniGCN,diagnostics,sym,5,0.08502272747461614,0.008925766390105465,0.07609696108451068,0.09394849386472161,10
UniGCN,diagnostics,sym,6,0.03733697146793083,0.0041905981702404175,0.033146373297690414,0.041527569638171245,10
UniGCN,diagnostics,sym,7,0.017439048185833757,0.0020046387356981578,0.015434409450135599,0.019443686921531915,10
UniGCN,diagnostics,sym,8,0.008732955271509921,0.0010164758906363411,0.00771647938087358,0.009749431162146263,10
UniGCN,diagnostics,sym,9,0.004628553624081294,0.00054002050314736,0.004088533120933934,0.005168574127228654,10
UniGCN,diagnostics,sym,10,0.002564937870660482,0.0002956798320705378,0.002269258038589944,0.00286061770273102,10
UniGCN,diagnostics,sym,11,0.0014795612024142816,0.00016517910559602538,0.0013143820968182563,0.001644740308010307,10
UniGCN,diagnostics,sym,12,0.0008919629001526046,9.374673329753366e-05,0.000798216166855071,0.0009857096334501382,10
UniGCN,diagnostics,sym,13,0.0005680120150277723,5.404611863850039e-05,0.000513965896389272,0.0006220581336662727,10
UniGCN,diagnostics,sym,14,0.0003873016530105685,3.175139104209459e-05,0.00035555026196847393,0.0004190530440526631,10
UniGCN,diagnostics,sym,15,0.00028568741921584305,1.912476062866759e-05,0.00026656265858717544,0.00030481217984451066,10
UniGCN,diagnostics,sym,16,0.00022822232999215945,1.1904488864877875e-05,0.00021631784112728156,0.00024012681885703734,10
UniGCN,diagnostics,sym,17,0.00019558738783819157,7.713085947349824e-06,0.00018787430189084174,0.0002033004737855414,10
UniGCN,diagnostics,sym,18,0.0001769961758521797,5.216905946112677e-06,0.00017177926990606703,0.00018221308179829237,10
UniGCN,diagnostics,sym,19,0.0001663826308608645,3.671589382051232e-06,0.00016271104147881326,0.00017005422024291572,10
UniGCN,diagnostics,sym,20,0.00016031632493766076,2.667702743022857e-06,0.0001576486221946379,0.00016298402768068362,10
UniGCN,diagnostics,sym,21,0.00015684867626079765,1.983088600151687e-06,0.00015486558766064596,0.00015883176486094933,10
UniGCN,diagnostics,sym,22,0.00015486882242129893,1.496865992316574e-06,0.00015337195642898236,0.0001563656884136155,10
UniGCN,diagnostics,sym,23,0.0001537416165119694,1.1413161163764676e-06,0.00015260030039559292,0.00015488293262834587,10
UniGCN,diagnostics,sym,24,0.00015310307626114375,8.764235693008077e-07,0.00015222665269184294,0.00015397949983044455,10
UniGCN,diagnostics,sym,25,0.00015274427722767909,6.769557528099568e-07,0.00015206732147486914,0.00015342123298048903,10
UniGCN,diagnostics,sym,26,0.0001525451923805057,5.25992724600496e-07,0.0001520191996559052,0.0001530711851051062,10
UniGCN,diagnostics,sym,27,0.00015243686627548666,4.116253660963333e-07,0.00015202524090939033,0.000152848491641583,10
UniGCN,diagnostics,sym,28,0.00015237972719926593,3.2518352480244596e-07,0.00015205454367446349,0.00015270491072406838,10
UniGCN,diagnostics,sym,29,0.0001523511225926137,2.602100586443833e-07,0.0001520909125339693,0.00015261133265125808,10
UniGCN,diagnostics,sym,30,0.00015233814179920824,2.1181143460506864e-07,0.00015212633036460317,0.00015254995323381331,10
UniGCN,diagnostics,sym,31,0.0001523334777376408,1.762126880678168e-07,0.000152157265049573,0.00015250969042570863,10
UniGCN,diagnostics,sym,32,0.00015233303904214806,1.5044115176072842e-07,0.00015218259789038732,0.0001524834801939088,10
UniGCN,diagnostics,sym,33,0.00015233457226355656,1.3211089920775433e-07,0.00015220246136434882,0.00015246668316276431,10
UniGCN,diagnostics,sym,34,0.00015233686762907835,1.1929404159647472e-07,0.00015221757358748188,0.00015245616167067482,10
UniGCN,diagnostics,sym,35,0.0001523393021815893,1.1045484048380526e-07,0.0001522288473411055,0.0001524497570220731,10
UniGCN,diagnostics,sym,36,0.00015234157797080274,1.0441014955260339e-07,0.00015223716782125014,0.00015244598812035534,10
UniGCN,diagnostics,sym,37,0.00015234357291359725,1.0028631150422603e-07,0.000152243286602093,0.00015244385922510149,10
UniGCN,diagnostics,sym,38,0.00015234525660745888,9.746384039291862e-08,0.00015224779276706596,0.0001524427204478518,10
UniGCN,diagnostics,sym,39,0.00015234664345962343,9.551730981160004e-08,0.00015225112614981182,0.00015244216076943504,10
UniGCN,diagnostics,sym,40,0.00015234776713673174,9.416069447034067e-08,0.0001522536064422614,0.00015244192783120207,10
UniGCN,diagnostics,sym,41,0.00015234866709452118,9.320379312639629e-08,0.0001522554633013948,0.00015244187088764757,10
UniGCN,diagnostics,sym,42,0.00015234938186623576,9.2520439868564e-08,0.0001522568614263672,0.00015244190230610433,10
UniGCN,diagnostics,sym,43,0.00015234994606077345,9.20266059129068e-08,0.00015225791945486054,0.00015244197266668636,10
UniGCN,diagnostics,sym,44,0.00015235038933693502,9.166583426928468e-08,0.00015225872350266574,0.0001524420551712043,10
UniGCN,diagnostics,sym,45,0.00015235073637931003,9.139973935848113e-08,0.00015225933663995156,0.0001524421361186685,10
UniGCN,diagnostics,sym,46,0.000152351007337495,9.120186361999436e-08,0.000152259805473875,0.000152442209201115,10
UniGCN,diagnostics,sym,47,0.0001523512184391633,9.105370811539568e-08,0.0001522601647310479,0.0001524422721472787,10
UniGCN,diagnostics,sym,48,0.000152351382627981,9.094215511023665e-08,0.00015226044047287078,0.00015244232478309124,10
UniGCN,diagnostics,sym,49,0.00015235151015542876,9.085777906562483e-08,0.00015226065237636314,0.00015244236793449437,10
UniGCN,diagnostics,sym,50,0.00015235160909793935,9.079372619138983e-08,0.00015226081537174797,0.00015244240282413074,10
UniGCN,diagnostics,sym,51,0.0001523516857928634,9.07449604922284e-08,0.00015226094083237117,0.00015244243075335562,10
UniGCN,diagnostics,sym,52,0.00015235174519756376,9.070774857950722e-08,0.00015226103744898426,0.00015244245294614327,10
UniGCN,diagnostics,sym,53,0.00015235179118054066,9.06793020973257e-08,0.00015226111187844333,0.00015244247048263798,10
UniGCN,diagnostics,sym,54,0.00015235182675481785,9.065752575656787e-08,0.0001522611692290613,0.0001524424842805744,10
UniGCN,diagnostics,sym,55,0.00015235185426352082,9.064083725963537e-08,0.00015226121342626117,0.00015244249510078047,10
UniGCN,diagnostics,sym,56,0.00015235187552654737,9.062803695380988e-08,0.00015226124748959357,0.00015244250356350117,10
UniGCN,diagnostics,sym,57,0.00015235189195595805,9.061821242206083e-08,0.00015226127374353597,0.00015244251016838012,10
UniGCN,diagnostics,sym,58,0.00015235190464643706,9.061066797546704e-08,0.00015226129397846158,0.00015244251531441254,10
UniGCN,diagnostics,sym,59,0.00015235191444601552,9.060487213135798e-08,0.00015226130957388416,0.0001524425193181469,10
UniGCN,diagnostics,sym,60,0.0001523519220112435,9.060041822968518e-08,0.00015226132159301383,0.0001524425224294732,10
UniGCN,diagnostics,sym,61,0.0001523519278501561,9.059699474293338e-08,0.00015226133085541316,0.00015244252484489902,10
UniGCN,diagnostics,sym,62,0.00015235193235568588,9.059436279684924e-08,0.00015226133799288902,0.00015244252671848274,10
UniGCN,diagnostics,sym,63,0.00015235193583161682,9.05923390924852e-08,0.00015226134349252433,0.00015244252817070932,10
UniGCN,diagnostics,sym,64,0.00015235193851272487,9.059078289599813e-08,0.00015226134772982887,0.00015244252929562087,10
UniGCN,diagnostics,sym,65,0.00015235194058039445,9.058958610667532e-08,0.00015226135099428778,0.00015244253016650112,10
UniGCN,diagnostics,sym,66,0.00015235194217471895,9.058866566127009e-08,0.00015226135350905766,0.00015244253084038023,10
UniGCN,diagnostics,sym,67,0.0001523519434038711,9.058795771797834e-08,0.0001522613554461531,0.00015244253136158906,10
UniGCN,diagnostics,sym,68,0.00015235194435135542,9.058741319845108e-08,0.00015226135693815698,0.00015244253176455386,10
UniGCN,diagnostics,sym,69,0.00015235194508161917,9.058699436741553e-08,0.00015226135808725174,0.0001524425320759866,10
UniGCN,diagnostics,sym,70,0.00015235194564439076,9.058667220782322e-08,0.00015226135897218295,0.00015244253231659857,10
UniGCN,diagnostics,sym,71,0.00015235194607803393,9.058642440420822e-08,0.0001522613596536297,0.00015244253250243814,10
UniGCN,diagnostics,sym,72,0.0001523519464121395,9.058623379396435e-08,0.00015226136017834553,0.00015244253264593347,10
UniGCN,diagnostics,sym,73,0.00015235194666952758,9.058608717664601e-08,0.00015226136058235092,0.00015244253275670423,10
UniGCN,diagnostics,sym,74,0.00015235194686779408,9.058597439892938e-08,0.00015226136089339516,0.000152442532842193,10
UniGCN,diagnostics,sym,75,0.0001523519470205045,9.058588765086618e-08,0.00015226136113285363,0.00015244253290815538,10
UniGCN,diagnostics,sym,76,0.00015235194713811572,9.0585820925203e-08,0.00015226136131719052,0.00015244253295904092,10
UniGCN,diagnostics,sym,77,0.00015235194722868726,9.058576960088268e-08,0.00015226136145908637,0.00015244253299828814,10
UniGCN,diagnostics,sym,78,0.00015235194729843,9.058573012343457e-08,0.00015226136156830657,0.00015244253302855343,10
UniGCN,diagnostics,sym,79,0.0001523519473521299,9.058569975856351e-08,0.00015226136165237135,0.00015244253305188847,10
UniGCN,diagnostics,sym,80,0.0001523519473934742,9.058567640318141e-08,0.000152261361717071,0.00015244253306987739,10
UniGCN,diagnostics,sym,81,0.00015235194742530358,9.058565843929376e-08,0.0001522613617668643,0.00015244253308374287,10
UniGCN,diagnostics,sym,82,0.0001523519474498062,9.058564462247438e-08,0.0001522613618051837,0.00015244253309442868,10
UniGCN,diagnostics,sym,83,0.00015235194746866733,9.058563399551084e-08,0.00015226136183467181,0.00015244253310266285,10
UniGCN,diagnostics,sym,84,0.00015235194748318507,9.058562582199356e-08,0.00015226136185736308,0.00015244253310900705,10
UniGCN,diagnostics,sym,85,0.00015235194749435902,9.058561953565697e-08,0.00015226136187482337,0.00015244253311389467,10
UniGCN,diagnostics,sym,86,0.00015235194750295883,9.05856147007997e-08,0.00015226136188825802,0.00015244253311765964,10
UniGCN,diagnostics,sym,87,0.00015235194750957715,9.058561098230802e-08,0.00015226136189859486,0.00015244253312055945,10
UniGCN,diagnostics,sym,88,0.00015235194751467038,9.058560812248109e-08,0.0001522613619065479,0.00015244253312279288,10
UniGCN,diagnostics,sym,89,0.0001523519475185897,9.058560592307805e-08,0.0001522613619126666,0.00015244253312451277,10
UniGCN,diagnostics,sym,90,0.00015235194752160553,9.058560423151036e-08,0.00015226136191737402,0.00015244253312583704,10
UniGCN,diagnostics,sym,91,0.0001523519475239261,9.058560293061286e-08,0.0001522613619209955,0.0001524425331268567,10
UniGCN,diagnostics,sym,92,0.0001523519475257116,9.058560193019812e-08,0.0001522613619237814,0.0001524425331276418,10
UniGCN,diagnostics,sym,93,0.00015235194752708536,9.058560116075017e-08,0.0001522613619259246,0.00015244253312824611,10
UniGCN,diagnostics,sym,94,0.0001523519475281423,9.058560056902098e-08,0.00015226136192757328,0.00015244253312871132,10
UniGCN,diagnostics,sym,95,0.00015235194752895542,9.058560011400499e-08,0.00015226136192884141,0.00015244253312906943,10
UniGCN,diagnostics,sym,96,0.00015235194752958095,9.05855997641075e-08,0.00015226136192981684,0.00015244253312934506,10
UniGCN,diagnostics,sym,97,0.00015235194753006226,9.05855994950126e-08,0.00015226136193056725,0.00015244253312955727,10
UniGCN,diagnostics,sym,98,0.00015235194753043243,9.058559928804219e-08,0.0001522613619311444,0.00015244253312972047,10
UniGCN,diagnostics,sym,99,0.00015235194753071722,9.058559912891492e-08,0.00015226136193158832,0.00015244253312984613,10
UniGCN,diagnostics,sym,100,0.0001523519475309363,9.058559900656285e-08,0.00015226136193192974,0.00015244253312994284,10
UniGCN,diagnostics,sym,101,0.00015235194753110483,9.058559891240798e-08,0.0001522613619321924,0.00015244253313001724,10
UniGCN,diagnostics,sym,102,0.0001523519475312344,9.058559884007955e-08,0.00015226136193239432,0.00015244253313007446,10
UniGCN,diagnostics,sym,103,0.0001523519475313341,9.058559878440472e-08,0.0001522613619325497,0.0001524425331301185,10
UniGCN,diagnostics,sym,104,0.00015235194753141081,9.058559874161764e-08,0.0001522613619326692,0.00015244253313015244,10
UniGCN,diagnostics,sym,105,0.0001523519475314698,9.05855987086987e-08,0.0001522613619327611,0.0001524425331301785,10
UniGCN,diagnostics,sym,106,0.00015235194753151514,9.058559868341849e-08,0.0001522613619328317,0.00015244253313019857,10
UniGCN,diagnostics,sym,107,0.00015235194753155005,9.058559866399089e-08,0.00015226136193288606,0.00015244253313021405,10
UniGCN,diagnostics,sym,108,0.00015235194753157686,9.058559864903877e-08,0.00015226136193292783,0.0001524425331302259,10
UniGCN,diagnostics,sym,109,0.00015235194753159746,9.058559863751417e-08,0.00015226136193295995,0.00015244253313023497,10
UniGCN,diagnostics,sym,110,0.00015235194753161332,9.058559862867504e-08,0.00015226136193298464,0.000152442533130242,10
UniGCN,diagnostics,sym,111,0.00015235194753162551,9.058559862187436e-08,0.00015226136193300364,0.0001524425331302474,10
UniGCN,diagnostics,sym,112,0.00015235194753163495,9.058559861666652e-08,0.00015226136193301828,0.00015244253313025162,10
UniGCN,diagnostics,sym,113,0.00015235194753164216,9.058559861261936e-08,0.00015226136193302952,0.0001524425331302548,10
UniGCN,diagnostics,sym,114,0.0001523519475316477,9.058559860952914e-08,0.00015226136193303817,0.00015244253313025725,10
UniGCN,diagnostics,sym,115,0.00015235194753165194,9.058559860714153e-08,0.0001522613619330448,0.00015244253313025907,10
UniGCN,diagnostics,sym,116,0.00015235194753165528,9.058559860535217e-08,0.00015226136193304993,0.00015244253313026062,10
UniGCN,diagnostics,sym,117,0.0001523519475316578,9.058559860395449e-08,0.00015226136193305384,0.00015244253313026175,10
UniGCN,diagnostics,sym,118,0.00015235194753165975,9.058559860282465e-08,0.00015226136193305693,0.00015244253313026257,10
UniGCN,diagnostics,sym,119,0.00015235194753166124,9.058559860204925e-08,0.00015226136193305918,0.0001524425331302633,10
UniGCN,diagnostics,sym,120,0.00015235194753166235,9.058559860140885e-08,0.00015226136193306094,0.00015244253313026376,10
UniGCN,diagnostics,sym,121,0.00015235194753166327,9.058559860089835e-08,0.00015226136193306238,0.00015244253313026417,10
UniGCN,diagnostics,sym,122,0.00015235194753166395,9.058559860055e-08,0.0001522613619330634,0.0001524425331302645,10
UniGCN,diagnostics,sym,123,0.00015235194753166444,9.058559860024704e-08,0.0001522613619330642,0.00015244253313026468,10
UniGCN,diagnostics,sym,124,0.00015235194753166492,9.058559859999368e-08,0.00015226136193306492,0.00015244253313026493,10
UniGCN,diagnostics,sym,125,0.00015235194753166517,9.058559859986894e-08,0.0001522613619330653,0.00015244253313026503,10
UniGCN,diagnostics,sym,126,0.00015235194753166544,9.058559859974058e-08,0.0001522613619330657,0.00015244253313026517,10
UniGCN,diagnostics,sym,127,0.0001523519475316656,9.058559859962406e-08,0.00015226136193306598,0.00015244253313026522,10
UniGCN,diagnostics,sym,128,0.00015235194753166576,9.058559859956346e-08,0.0001522613619330662,0.00015244253313026533,10
UniGCN,diagnostics,sym,129,0.00015235194753166585,9.058559859952039e-08,0.00015226136193306633,0.00015244253313026536,10
UniGCN,diagnostics,sym,130,0.0001523519475316659,9.058559859944139e-08,0.00015226136193306647,0.00015244253313026533,10
UniGCN,diagnostics,sym,131,0.00015235194753166595,9.058559859937135e-08,0.00015226136193306658,0.00015244253313026533,10
UniGCN,diagnostics,sym,132,0.00015235194753166604,9.058559859933956e-08,0.00015226136193306669,0.00015244253313026539,10
UniGCN,diagnostics,sym,133,0.00015235194753166606,9.058559859931825e-08,0.00015226136193306674,0.00015244253313026539,10
UniGCN,diagnostics,sym,134,0.00015235194753166614,9.058559859933535e-08,0.00015226136193306682,0.00015244253313026547,10
UniGCN,diagnostics,sym,135,0.00015235194753166612,9.058559859933167e-08,0.0001522613619330668,0.00015244253313026544,10
UniGCN,diagnostics,sym,136,0.00015235194753166614,9.05855985993138e-08,0.00015226136193306682,0.00015244253313026547,10
UniGCN,diagnostics,sym,137,0.00015235194753166614,9.0585598599323e-08,0.00015226136193306682,0.00015244253313026547,10
UniGCN,diagnostics,sym,138,0.00015235194753166617,9.058559859933341e-08,0.00015226136193306685,0.0001524425331302655,10
UniGCN,diagnostics,sym,139,0.0001523519475316662,9.058559859930714e-08,0.0001522613619330669,0.0001524425331302655,10
UniGCN,diagnostics,sym,140,0.0001523519475316662,9.058559859926755e-08,0.00015226136193306693,0.00015244253313026547,10
UniGCN,diagnostics,sym,141,0.0001523519475316662,9.058559859925514e-08,0.00015226136193306696,0.00015244253313026544,10
UniGCN,diagnostics,sym,142,0.00015235194753166617,9.058559859925659e-08,0.0001522613619330669,0.00015244253313026544,10
UniGCN,diagnostics,sym,143,0.00015235194753166625,9.05855985992435e-08,0.000152261361933067,0.0001524425331302655,10
UniGCN,diagnostics,sym,144,0.00015235194753166623,9.058559859922733e-08,0.000152261361933067,0.00015244253313026544,10
UniGCN,diagnostics,sym,145,0.0001523519475316662,9.058559859926669e-08,0.00015226136193306693,0.00015244253313026547,10
UniGCN,diagnostics,sym,146,0.0001523519475316662,9.058559859928867e-08,0.0001522613619330669,0.0001524425331302655,10
UniGCN,diagnostics,sym,147,0.0001523519475316662,9.058559859926766e-08,0.00015226136193306693,0.00015244253313026547,10
UniGCN,diagnostics,sym,148,0.00015235194753166614,9.058559859925443e-08,0.0001522613619330669,0.00015244253313026539,10
UniGCN,diagnostics,sym,149,0.0001523519475316662,9.058559859923115e-08,0.00015226136193306696,0.00015244253313026544,10
UniGCN,diagnostics,sym,150,0.00015235194753166617,9.05855985992505e-08,0.00015226136193306693,0.0001524425331302654,10
UniGCN,diagnostics,sym,151,0.00015235194753166617,9.058559859925625e-08,0.0001522613619330669,0.00015244253313026544,10
UniGCN,diagnostics,sym,152,0.0001523519475316662,9.058559859926163e-08,0.00015226136193306693,0.00015244253313026547,10
UniGCN,diagnostics,sym,153,0.00015235194753166623,9.058559859925646e-08,0.00015226136193306696,0.0001524425331302655,10
UniGCN,diagnostics,sym,154,0.00015235194753166623,9.058559859924915e-08,0.00015226136193306698,0.00015244253313026547,10
UniGCN,diagnostics,sym,155,0.00015235194753166625,9.058559859926987e-08,0.00015226136193306698,0.00015244253313026552,10
UniGCN,diagnostics,sym,156,0.00015235194753166625,9.058559859922835e-08,0.00015226136193306704,0.00015244253313026547,10
UniGCN,diagnostics,sym,157,0.00015235194753166623,9.05855985992383e-08,0.00015226136193306698,0.00015244253313026547,10
UniGCN,diagnostics,sym,158,0.0001523519475316662,9.058559859926035e-08,0.00015226136193306693,0.00015244253313026547,10
UniGCN,diagnostics,sym,159,0.0001523519475316662,9.0585598599227e-08,0.00015226136193306698,0.0001524425331302654,10
UniGCN,diagnostics,sym,160,0.00015235194753166614,9.058559859922364e-08,0.00015226136193306693,0.00015244253313026536,10
UniGCN,diagnostics,sym,161,0.00015235194753166617,9.058559859924768e-08,0.00015226136193306693,0.0001524425331302654,10
UniGCN,diagnostics,sym,162,0.00015235194753166617,9.058559859925668e-08,0.0001522613619330669,0.00015244253313026544,10
UniGCN,diagnostics,sym,163,0.00015235194753166614,9.058559859924442e-08,0.0001522613619330669,0.00015244253313026539,10
UniGCN,diagnostics,sym,164,0.00015235194753166617,9.05855985992411e-08,0.00015226136193306693,0.0001524425331302654,10
UniGCN,diagnostics,sym,165,0.00015235194753166614,9.058559859926333e-08,0.00015226136193306688,0.0001524425331302654,10
UniGCN,diagnostics,sym,166,0.0001523519475316662,9.058559859923824e-08,0.00015226136193306696,0.00015244253313026544,10
UniGCN,diagnostics,sym,167,0.00015235194753166614,9.058559859924913e-08,0.0001522613619330669,0.00015244253313026539,10
UniGCN,diagnostics,sym,168,0.00015235194753166614,9.05855985992399e-08,0.0001522613619330669,0.00015244253313026539,10
UniGCN,diagnostics,sym,169,0.00015235194753166617,9.058559859923925e-08,0.00015226136193306693,0.0001524425331302654,10
UniGCN,diagnostics,sym,170,0.00015235194753166623,9.058559859922741e-08,0.000152261361933067,0.00015244253313026544,10
UniGCN,diagnostics,sym,171,0.00015235194753166614,9.058559859922431e-08,0.00015226136193306693,0.00015244253313026536,10
UniGCN,diagnostics,sym,172,0.00015235194753166625,9.058559859925635e-08,0.00015226136193306698,0.00015244253313026552,10
UniGCN,diagnostics,sym,173,0.00015235194753166617,9.058559859923841e-08,0.00015226136193306693,0.0001524425331302654,10
UniGCN,diagnostics,sym,174,0.00015235194753166623,9.058559859923288e-08,0.00015226136193306698,0.00015244253313026547,10
UniGCN,diagnostics,sym,175,0.00015235194753166623,9.058559859923978e-08,0.00015226136193306698,0.00015244253313026547,10
UniGCN,diagnostics,sym,176,0.0001523519475316662,9.058559859922374e-08,0.00015226136193306698,0.0001524425331302654,10
UniGCN,diagnostics,sym,177,0.00015235194753166617,9.058559859924759e-08,0.00015226136193306693,0.0001524425331302654,10
UniGCN,diagnostics,sym,178,0.00015235194753166617,9.058559859922967e-08,0.00015226136193306693,0.0001524425331302654,10
UniGCN,diagnostics,sym,179,0.00015235194753166617,9.058559859924798e-08,0.00015226136193306693,0.0001524425331302654,10
UniGCN,diagnostics,sym,180,0.0001523519475316662,9.058559859926265e-08,0.00015226136193306693,0.00015244253313026547,10
UniGCN,diagnostics,sym,181,0.00015235194753166617,9.058559859924937e-08,0.00015226136193306693,0.0001524425331302654,10
UniGCN,diagnostics,sym,182,0.00015235194753166614,9.05855985992609e-08,0.00015226136193306688,0.0001524425331302654,10
UniGCN,diagnostics,sym,183,0.00015235194753166617,9.058559859924366e-08,0.00015226136193306693,0.0001524425331302654,10
UniGCN,diagnostics,sym,184,0.00015235194753166614,9.058559859924193e-08,0.0001522613619330669,0.00015244253313026539,10
UniGCN,diagnostics,sym,185,0.00015235194753166614,9.05855985992694e-08,0.00015226136193306688,0.0001524425331302654,10
UniGCN,diagnostics,sym,186,0.00015235194753166614,9.058559859926976e-08,0.00015226136193306688,0.0001524425331302654,10
UniGCN,diagnostics,sym,187,0.00015235194753166614,9.05855985992511e-08,0.0001522613619330669,0.00015244253313026539,10
UniGCN,diagnostics,sym,188,0.00015235194753166617,9.058559859925623e-08,0.0001522613619330669,0.00015244253313026544,10
UniGCN,diagnostics,sym,189,0.00015235194753166617,9.058559859924005e-08,0.00015226136193306693,0.0001524425331302654,10
UniGCN,diagnostics,sym,190,0.00015235194753166623,9.0585598599237e-08,0.00015226136193306698,0.00015244253313026547,10
UniGCN,diagnostics,sym,191,0.00015235194753166623,9.058559859920405e-08,0.000152261361933067,0.00015244253313026544,10
UniGCN,diagnostics,sym,192,0.00015235194753166617,9.058559859923548e-08,0.00015226136193306693,0.0001524425331302654,10
UniGCN,diagnostics,sym,193,0.00015235194753166614,9.058559859921973e-08,0.00015226136193306693,0.00015244253313026536,10
UniGCN,diagnostics,sym,194,0.0001523519475316662,9.058559859922762e-08,0.00015226136193306698,0.0001524425331302654,10
UniGCN,diagnostics,sym,195,0.00015235194753166614,9.058559859925111e-08,0.0001522613619330669,0.00015244253313026539,10
UniGCN,diagnostics,sym,196,0.00015235194753166614,9.058559859922058e-08,0.00015226136193306693,0.00015244253313026536,10
UniGCN,diagnostics,sym,197,0.00015235194753166614,9.058559859926779e-08,0.00015226136193306688,0.0001524425331302654,10
UniGCN,diagnostics,sym,198,0.0001523519475316662,9.058559859925487e-08,0.00015226136193306696,0.00015244253313026544,10
UniGCN,diagnostics,sym,199,0.0001523519475316662,9.058559859927415e-08,0.00015226136193306693,0.00015244253313026547,10
UniGCN,diagnostics,sym,200,0.00015235194753166614,9.058559859923735e-08,0.0001522613619330669,0.00015244253313026539,10
UniGCN,diagnostics,sym,201,0.00015235194753166614,9.058559859920065e-08,0.00015226136193306696,0.00015244253313026533,10
UniGCN,diagnostics,sym,202,0.00015235194753166617,9.05855985992239e-08,0.00015226136193306696,0.00015244253313026539,10
UniGCN,diagnostics,sym,203,0.00015235194753166617,9.058559859921895e-08,0.00015226136193306696,0.00015244253313026539,10
UniGCN,diagnostics,sym,204,0.0001523519475316662,9.058559859924142e-08,0.00015226136193306696,0.00015244253313026544,10
UniGCN,diagnostics,sym,205,0.0001523519475316662,9.058559859923732e-08,0.00015226136193306696,0.00015244253313026544,10
UniGCN,diagnostics,sym,206,0.00015235194753166617,9.058559859925106e-08,0.00015226136193306693,0.0001524425331302654,10
UniGCN,diagnostics,sym,207,0.00015235194753166614,9.058559859930387e-08,0.00015226136193306685,0.00015244253313026544,10
UniGCN,diagnostics,sym,208,0.0001523519475316662,9.058559859926193e-08,0.00015226136193306693,0.00015244253313026547,10
UniGCN,diagnostics,sym,209,0.0001523519475316662,9.058559859928846e-08,0.0001522613619330669,0.0001524425331302655,10
UniGCN,diagnostics,sym,210,0.0001523519475316662,9.0585598599283e-08,0.0001522613619330669,0.0001524425331302655,10
UniGCN,diagnostics,sym,211,0.0001523519475316662,9.058559859927884e-08,0.00015226136193306693,0.00015244253313026547,10
UniGCN,diagnostics,sym,212,0.00015235194753166623,9.058559859925748e-08,0.00015226136193306696,0.0001524425331302655,10
UniGCN,diagnostics,sym,213,0.0001523519475316662,9.058559859930853e-08,0.0001522613619330669,0.0001524425331302655,10
UniGCN,diagnostics,sym,214,0.00015235194753166623,9.058559859930621e-08,0.00015226136193306693,0.00015244253313026552,10
UniGCN,diagnostics,sym,215,0.00015235194753166623,9.058559859925977e-08,0.00015226136193306696,0.0001524425331302655,10
UniGCN,diagnostics,sym,216,0.0001523519475316662,9.058559859929066e-08,0.0001522613619330669,0.0001524425331302655,10
UniGCN,diagnostics,sym,217,0.0001523519475316662,9.058559859927194e-08,0.00015226136193306693,0.00015244253313026547,10
UniGCN,diagnostics,sym,218,0.0001523519475316662,9.058559859929213e-08,0.0001522613619330669,0.0001524425331302655,10
UniGCN,diagnostics,sym,219,0.0001523519475316662,9.058559859924416e-08,0.00015226136193306696,0.00015244253313026544,10
UniGCN,diagnostics,sym,220,0.0001523519475316662,9.058559859923585e-08,0.00015226136193306696,0.00015244253313026544,10
UniGCN,diagnostics,sym,221,0.00015235194753166614,9.058559859920187e-08,0.00015226136193306693,0.00015244253313026536,10
UniGCN,diagnostics,sym,222,0.00015235194753166614,9.058559859923573e-08,0.0001522613619330669,0.00015244253313026539,10
UniGCN,diagnostics,sym,223,0.00015235194753166614,9.058559859924411e-08,0.0001522613619330669,0.00015244253313026539,10
UniGCN,diagnostics,sym,224,0.00015235194753166617,9.058559859923599e-08,0.00015226136193306693,0.0001524425331302654,10
UniGCN,diagnostics,sym,225,0.00015235194753166617,9.058559859925384e-08,0.00015226136193306693,0.0001524425331302654,10
UniGCN,diagnostics,sym,226,0.00015235194753166614,9.058559859927994e-08,0.00015226136193306688,0.0001524425331302654,10
UniGCN,diagnostics,sym,227,0.0001523519475316662,9.058559859926611e-08,0.00015226136193306693,0.00015244253313026547,10
UniGCN,diagnostics,sym,228,0.0001523519475316662,9.058559859926193e-08,0.00015226136193306693,0.00015244253313026547,10
UniGCN,diagnostics,sym,229,0.00015235194753166612,9.058559859920561e-08,0.0001522613619330669,0.00015244253313026533,10
UniGCN,diagnostics,sym,230,0.0001523519475316662,9.058559859925105e-08,0.00015226136193306696,0.00015244253313026544,10
UniGCN,diagnostics,sym,231,0.0001523519475316662,9.058559859927228e-08,0.00015226136193306693,0.00015244253313026547,10
UniGCN,diagnostics,sym,232,0.00015235194753166614,9.058559859926431e-08,0.00015226136193306688,0.0001524425331302654,10
UniGCN,diagnostics,sym,233,0.00015235194753166614,9.058559859926114e-08,0.00015226136193306688,0.0001524425331302654,10
UniGCN,diagnostics,sym,234,0.0001523519475316662,9.058559859926195e-08,0.00015226136193306693,0.00015244253313026547,10
UniGCN,diagnostics,sym,235,0.0001523519475316662,9.058559859927429e-08,0.00015226136193306693,0.00015244253313026547,10
UniGCN,diagnostics,sym,236,0.0001523519475316662,9.058559859927247e-08,0.00015226136193306693,0.00015244253313026547,10
UniGCN,diagnostics,sym,237,0.00015235194753166614,9.05855985992776e-08,0.00015226136193306688,0.0001524425331302654,10
UniGCN,diagnostics,sym,238,0.0001523519475316662,9.058559859926084e-08,0.00015226136193306693,0.00015244253313026547,10
UniGCN,diagnostics,sym,239,0.00015235194753166614,9.058559859925631e-08,0.00015226136193306688,0.0001524425331302654,10
UniGCN,diagnostics,sym,240,0.0001523519475316662,9.058559859931121e-08,0.00015226136193306688,0.00015244253313026552,10
UniGCN,diagnostics,sym,241,0.0001523519475316662,9.058559859925307e-08,0.00015226136193306696,0.00015244253313026544,10
UniGCN,diagnostics,sym,242,0.0001523519475316662,9.058559859926558e-08,0.00015226136193306693,0.00015244253313026547,10
UniGCN,diagnostics,sym,243,0.0001523519475316662,9.058559859929447e-08,0.0001522613619330669,0.0001524425331302655,10
UniGCN,diagnostics,sym,244,0.0001523519475316662,9.058559859927945e-08,0.00015226136193306693,0.00015244253313026547,10
UniGCN,diagnostics,sym,245,0.0001523519475316662,9.058559859922734e-08,0.00015226136193306698,0.0001524425331302654,10
UniGCN,diagnostics,sym,246,0.00015235194753166625,9.058559859924705e-08,0.000152261361933067,0.0001524425331302655,10
UniGCN,diagnostics,sym,247,0.0001523519475316662,9.058559859922333e-08,0.00015226136193306698,0.0001524425331302654,10
UniGCN,diagnostics,sym,248,0.0001523519475316662,9.05855985992422e-08,0.00015226136193306696,0.00015244253313026544,10
UniGCN,diagnostics,sym,249,0.0001523519475316662,9.058559859922242e-08,0.00015226136193306698,0.0001524425331302654,10
UniGCN,diagnostics,sym,250,0.00015235194753166614,9.058559859924345e-08,0.0001522613619330669,0.00015244253313026539,10
UniGCN,diagnostics,sym,251,0.0001523519475316662,9.058559859925483e-08,0.00015226136193306696,0.00015244253313026544,10
UniGCN,diagnostics,sym,252,0.0001523519475316662,9.058559859924426e-08,0.00015226136193306696,0.00015244253313026544,10
UniGCN,diagnostics,sym,253,0.00015235194753166617,9.058559859924285e-08,0.00015226136193306693,0.0001524425331302654,10
UniGCN,diagnostics,sym,254,0.00015235194753166617,9.058559859924803e-08,0.00015226136193306693,0.0001524425331302654,10
UniGCN,diagnostics,sym,255,0.0001523519475316662,9.058559859925335e-08,0.00015226136193306696,0.00015244253313026544,10
UniGCN,diagnostics,sym,256,0.0001523519475316662,9.058559859924336e-08,0.00015226136193306696,0.00015244253313026544,10
UniGCN,diagnostics,op,0,1.0,0.0,1.0,1.0,10
UniGCN,diagnostics,op,1,0.766137917516976,0.004408055852907832,0.7617298616640682,0.7705459733698838,10
UniGCN,diagnostics,op,2,0.5186760271260742,0.014527861521804705,0.5041481656042694,0.5332038886478789,10
UniGCN,diagnostics,op,3,0.28126229566171956,0.018717805061249496,0.2625444906004701,0.29998010072296905,10
UniGCN,diagnostics,op,4,0.12640659005700028,0.012017002643901358,0.11438958741309892,0.13842359270090163,10
UniGCN,diagnostics,op,5,0.054912529440136394,0.005869380801323229,0.049043148638813164,0.060781910241459625,10
UniGCN,diagnostics,op,6,0.02506746154572776,0.002791894166657784,0.022275567379069976,0.027859355712385545,10
UniGCN,diagnostics,op,7,0.012175059421994025,0.0013857154154095668,0.010789344006584458,0.013560774837403592,10
UniGCN,diagnostics,op,8,0.006210701880737347,0.0007170369436402173,0.00549366493709713,0.006927738824377564,10
UniGCN,diagnostics,op,9,0.003276717244881406,0.00038184425567293833,0.002894872989208468,0.0036585615005543443,10
UniGCN,diagnostics,op,10,0.0017676564737621509,0.00020726225548841086,0.00156039421827374,0.001974918729250562,10
UniGCN,diagnostics,op,11,0.0009679294717897694,0.0001140248856824575,0.0008539045861073119,0.001081954357472227,10
UniGCN,diagnostics,op,12,0.0005356234995502989,6.337844246461866e-05,0.0004722450570856802,0.0005990019420149175,10
UniGCN,diagnostics,op,13,0.0002987413947918614,3.5523603368584396e-05,0.000263217791423277,0.0003342649981604458,10
UniGCN,diagnostics,op,14,0.00016766514905370466,2.0052822166944054e-05,0.0001476123268867606,0.00018771797122064872,10
UniGCN,diagnostics,op,15,9.458969427377573e-05,1.1389590531054816e-05,8.320010374272092e-05,0.00010597928480483054,10
UniGCN,diagnostics,op,16,5.360225755341307e-05,6.504023633874409e-06,4.709823391953866e-05,6.010628118728748e-05,10
UniGCN,diagnostics,op,17,3.049498040433137e-05,3.7317339429028625e-06,2.676324646142851e-05,3.422671434723423e-05,10
UniGCN,diagnostics,op,18,1.7409961593188385e-05,2.150003981169338e-06,1.5259957612019047e-05,1.9559965574357724e-05,10
UniGCN,diagnostics,op,19,9.971067871909466e-06,1.243196171147746e-06,8.72787170076172e-06,1.1214264043057212e-05,10
UniGCN,diagnostics,op,20,5.727060988910573e-06,7.211194462087053e-07,5.0059415427018675e-06,6.448180435119279e-06,10
UniGCN,diagnostics,op,21,3.298037894172695e-06,4.194297193837299e-07,2.878608174788965e-06,3.7174676135564245e-06,10
UniGCN,diagnostics,op,22,1.9037612016682421e-06,2.445308234046513e-07,1.6592303782635907e-06,2.1482920250728936e-06,10
UniGCN,diagnostics,op,23,1.1013140561080205e-06,1.4285245368027015e-07,9.584616024277504e-07,1.2441665097882906e-06,10
UniGCN,diagnostics,op,24,6.383645256226357e-07,8.359812742421001e-08,5.547663981984257e-07,7.219626530468457e-07,10
UniGCN,diagnostics,op,25,3.706885740302071e-07,4.899496105895413e-08,3.2169361297125297e-07,4.1968353508916125e-07,10
UniGCN,diagnostics,op,26,2.1560702855360462e-07,2.8751343715970025e-08,1.868556848376346e-07,2.4435837226957466e-07,10
UniGCN,diagnostics,op,27,1.255931684091383e-07,1.6890228955587516e-08,1.0870293945355079e-07,1.4248339736472583e-07,10
UniGCN,diagnostics,op,28,7.325882220829694e-08,9.931476168780166e-09,6.332734603951677e-08,8.319029837707711e-08,10
UniGCN,diagnostics,op,29,4.278494558663569e-08,5.844308815055538e-09,3.6940636771580155e-08,4.862925440169123e-08,10
UniGCN,diagnostics,op,30,2.5015548935431872e-08,3.441458015101915e-09,2.1574090920329958e-08,2.8457006950533786e-08,10
UniGCN,diagnostics,op,31,1.4641048196641039e-08,2.027674095834042e-09,1.2613374100806996e-08,1.666872229247508e-08,10
UniGCN,diagnostics,op,32,8.577018860341627e-09,1.1952617963067306e-09,7.3817570640348965e-09,9.772280656648357e-09,10
UniGCN,diagnostics,op,33,5.02880987821763e-09,7.048643182719275e-10,4.3239455599457024e-09,5.733674196489558e-09,10
UniGCN,diagnostics,op,34,2.950697279081166e-09,4.1581366023395403e-10,2.534883618847212e-09,3.3665109393151203e-09,10
UniGCN,diagnostics,op,35,1.7325416640653372e-09,2.453691186794364e-10,1.4871725453859009e-09,1.9779107827447735e-09,10
UniGCN,diagnostics,op,36,1.017921151201846e-09,1.4482702605504474e-10,8.730941251468012e-10,1.1627481772568907e-09,10
UniGCN,diagnostics,op,37,5.983984074310212e-10,8.550105089199578e-11,5.128973565390254e-10,6.83899458323017e-10,10
UniGCN,diagnostics,op,38,3.519567901451794e-10,5.048606107525013e-11,3.014707290699293e-10,4.0244285122042955e-10,10
UniGCN,diagnostics,op,39,2.071046506311233e-10,2.981521214559181e-11,1.7728943848553148e-10,2.369198627767151e-10,10
UniGCN,diagnostics,op,40,1.219194142455428e-10,1.7610053718313882e-11,1.0430936052722891e-10,1.3952946796385666e-10,10
UniGCN,diagnostics,op,41,7.1799451015484e-11,1.0402346717727507e-11,6.139710429775648e-11,8.220179773321151e-11,10
UniGCN,diagnostics,op,42,4.229791699967308e-11,6.145293573696057e-12,3.615262342597702e-11,4.844321057336914e-11,10
UniGCN,diagnostics,op,43,2.492598236721114e-11,3.630684437780929e-12,2.129529792943021e-11,2.8556666804992072e-11,10
UniGCN,diagnostics,op,44,1.4692923685031793e-11,2.1451800665363074e-12,1.2547743618495485e-11,1.68381037515681e-11,10
UniGCN,diagnostics,op,45,8.663137545413716e-12,1.2675467600748e-12,7.395590785338916e-12,9.930684305488515e-12,10
UniGCN,diagnostics,op,46,5.109080669274731e-12,7.490063290198164e-13,4.360074340254914e-12,5.858086998294547e-12,10
UniGCN,diagnostics,op,47,3.0137095156874086e-12,4.426139364167899e-13,2.571095579270619e-12,3.4563234521041984e-12,10
UniGCN,diagnostics,op,48,1.7780440604523421e-12,2.6156528012541854e-13,1.5164787803269237e-12,2.0396093405777606e-12,10
UniGCN,diagnostics,op,49,1.049200253842407e-12,1.545781988758248e-13,8.946220549665822e-13,1.2037784527182317e-12,10
UniGCN,diagnostics,op,50,6.192157197539553e-13,9.135400445005887e-14,5.278617153038964e-13,7.105697242040143e-13,10
UniGCN,diagnostics,op,51,3.654996155548726e-13,5.3990393194978096e-14,3.115092223598945e-13,4.194900087498507e-13,10
UniGCN,diagnostics,op,52,2.1576822718169304e-13,3.1909026000305344e-14,1.838592011813877e-13,2.4767725318199836e-13,10
UniGCN,diagnostics,op,53,1.2739092106897964e-13,1.8858952766499668e-14,1.0853196830247997e-13,1.462498738354793e-13,10
UniGCN,diagnostics,op,54,7.522031877162283e-14,1.1146218529297648e-14,6.407410024232519e-14,8.636653730092047e-14,10
UniGCN,diagnostics,op,55,4.441946330666608e-14,6.5878337183874505e-15,3.7831629588278623e-14,5.100729702505353e-14,10
UniGCN,diagnostics,op,56,2.6233064738658523e-14,3.893696218439344e-15,2.233936852021918e-14,3.0126760957097865e-14,10
UniGCN,diagnostics,op,57,1.5493832175755553e-14,2.301363593692714e-15,1.3192468582062839e-14,1.7795195769448267e-14,10
UniGCN,diagnostics,op,58,9.151653987038786e-15,1.3602277025154708e-15,7.791426284523315e-15,1.0511881689554257e-14,10
UniGCN,diagnostics,op,59,5.405904837706328e-15,8.039716632370124e-16,4.6019331744693156e-15,6.209876500943341e-15,10
UniGCN,diagnostics,op,60,3.1934687027239036e-15,4.751954020965536e-16,2.71827330062735e-15,3.668664104820457e-15,10
UniGCN,diagnostics,op,61,1.8866009177658285e-15,2.808702547094512e-16,1.6057306630563773e-15,2.1674711724752797e-15,10
UniGCN,diagnostics,op,62,1.1145983459938477e-15,1.6601258555030038e-16,9.485857604435474e-16,1.280610931544148e-15,10
UniGCN,diagnostics,op,63,6.585303401962317e-16,9.812457390241698e-17,5.604057662938148e-16,7.566549140986487e-16,10
UniGCN,diagnostics,op,64,3.890903605169165e-16,5.799837852281713e-17,3.3109198199409937e-16,4.470887390397336e-16,10
UniGCN,diagnostics,op,65,2.2990099570682713e-16,3.4281123006014483e-17,1.9561987270081264e-16,2.641821187128416e-16,10
UniGCN,diagnostics,op,66,1.3584557254514864e-16,2.0262601197233518e-17,1.1558297134791512e-16,1.5610817374238216e-16,10
UniGCN,diagnostics,op,67,8.02718130410001e-17,1.1976672962246896e-17,6.82951400787532e-17,9.224848600324699e-17,10
UniGCN,diagnostics,op,68,4.7434291281256196e-17,7.079097762959594e-18,4.03551935182966e-17,5.451338904421579e-17,10
UniGCN,diagnostics,op,69,2.8030603180571866e-17,4.1842753735647096e-18,2.3846327807007156e-17,3.2214878554136573e-17,10
UniGCN,diagnostics,op,70,1.6564646651742987e-17,2.4732222976432386e-18,1.4091424354099747e-17,1.9037868949386226e-17,10
UniGCN,diagnostics,op,71,9.78905407204181e-18,1.461862493233628e-18,8.327191578808183e-18,1.1250916565275438e-17,10
UniGCN,diagnostics,op,72,5.785052329331816e-18,8.640727474323875e-19,4.9209795818994285e-18,6.649125076764204e-18,10
UniGCN,diagnostics,op,73,3.418858589619971e-18,5.1073362833168e-19,2.908124961288291e-18,3.929592217951651e-18,10
UniGCN,diagnostics,op,74,2.0205127812011017e-18,3.0188318036230047e-19,1.7186296008388012e-18,2.3223959615634023e-18,10
UniGCN,diagnostics,op,75,1.1941202988196827e-18,1.7843648342133528e-19,1.0156838153983474e-18,1.372556782241018e-18,10
UniGCN,diagnostics,op,76,7.057323537429979e-19,1.0546992545629842e-19,6.002624282866995e-19,8.112022791992962e-19,10
UniGCN,diagnostics,op,77,4.170968830547243e-19,6.234100994789305e-20,3.5475587310683123e-19,4.794378930026174e-19,10
UniGCN,diagnostics,op,78,2.4651217872473716e-19,3.684844977449684e-20,2.0966372895024034e-19,2.83360628499234e-19,10
UniGCN,diagnostics,op,79,1.4569475740424868e-19,2.1780346458605245e-20,1.2391441094564345e-19,1.6747510386285392e-19,10
UniGCN,diagnostics,op,80,8.610992372754743e-20,1.2873910880863976e-20,7.323601284668345e-20,9.898383460841141e-20,10
UniGCN,diagnostics,op,81,5.089391761272249e-20,7.60950387778948e-21,4.328441373493301e-20,5.850342149051197e-20,10
UniGCN,diagnostics,op,82,3.0080264628167735e-20,4.497822631012631e-21,2.5582441997155104e-20,3.457808725918037e-20,10
UniGCN,diagnostics,op,83,1.7778709530657615e-20,2.658571974851339e-21,1.5120137555806275e-20,2.0437281505508955e-20,10
UniGCN,diagnostics,op,84,1.0508031712885228e-20,1.5714286155605188e-21,8.936603097324709e-21,1.2079460328445747e-20,10
UniGCN,diagnostics,op,85,6.210761408373325e-21,9.288401500038128e-22,5.281921258369512e-21,7.139601558377137e-21,10
UniGCN,diagnostics,op,86,3.6708821338979814e-21,5.490190821452749e-22,3.1218630517527064e-21,4.2199012160432564e-21,10
UniGCN,diagnostics,op,87,2.1696913987943865e-21,3.245144648346549e-22,1.8451769339597315e-21,2.4942058636290415e-21,10
UniGCN,diagnostics,op,88,1.2824110860779325e-21,1.9181420777714667e-22,1.090596878300786e-21,1.4742252938550791e-21,10
UniGCN,diagnostics,op,89,7.579807529842039e-22,1.133777282021957e-22,6.446030247820082e-22,8.713584811863996e-22,10
UniGCN,diagnostics,op,90,4.480129497528504e-22,6.701543281569071e-23,3.8099751693715964e-22,5.150283825685411e-22,10
UniGCN,diagnostics,op,91,2.648038644552383e-22,3.9611594037968395e-23,2.251922704172699e-22,3.044154584932067e-22,10
UniGCN,diagnostics,op,92,1.5651620729322202e-22,2.3413698662256446e-23,1.3310250863096558e-22,1.7992990595547846e-22,10
UniGCN,diagnostics,op,93,9.251144960585426e-23,1.3839426436950397e-23,7.867202316890386e-23,1.0635087604280465e-22,10
UniGCN,diagnostics,op,94,5.468053390791977e-23,8.180253767505695e-24,4.6500280140414074e-23,6.286078767542547e-23,10
UniGCN,diagnostics,op,95,3.231997599840861e-23,4.835216778113811e-24,2.74847592202948e-23,3.7155192776522424e-23,10
UniGCN,diagnostics,op,96,1.9103384846254913e-23,2.8580257290309327e-24,1.6245359117223982e-23,2.1961410575285844e-23,10
UniGCN,diagnostics,op,97,1.1291472831295448e-23,1.6893407137428594e-24,9.602132117552589e-24,1.2980813545038307e-23,10
UniGCN,diagnostics,op,98,6.674086648248005e-24,9.98548965447584e-25,5.675537682800421e-24,7.67263561369559e-24,10
UniGCN,diagnostics,op,99,3.944881733870108e-24,5.9023271683908475e-25,3.3546490170310234e-24,4.5351144507091925e-24,10
UniGCN,diagnostics,op,100,2.3317244786557585e-24,3.488811643170938e-25,1.9828433143386648e-24,2.680605642972852e-24,10
UniGCN,diagnostics,op,101,1.3782299595588507e-24,2.062227316441443e-25,1.1720072279147064e-24,1.584452691202995e-24,10
UniGCN,diagnostics,op,102,8.146430920764108e-25,1.2189869982929596e-25,6.927443922471148e-25,9.365417919057067e-25,10
UniGCN,diagnostics,op,103,4.815197941520603e-25,7.205553175011605e-26,4.094642624019443e-25,5.535753259021764e-25,10
UniGCN,diagnostics,op,104,2.846185641260023e-25,4.259322083692519e-26,2.420253432890771e-25,3.272117849629275e-25,10
UniGCN,diagnostics,op,105,1.6823437237948335e-25,2.5178028021424635e-26,1.4305634435805872e-25,1.9341240040090798e-25,10
UniGCN,diagnostics,op,106,9.944180106558877e-26,1.488369389613847e-26,8.45581071694503e-26,1.1432549496172725e-25,10
UniGCN,diagnostics,op,107,5.87797449116013e-26,8.798843791939587e-27,4.9980901119661713e-26,6.757858870354089e-26,10
UniGCN,diagnostics,op,108,3.474487391776496e-26,5.2017667933743464e-27,2.9543107124390615e-26,3.9946640711139304e-26,10
UniGCN,diagnostics,op,109,2.0538173054663628e-26,3.075429436217678e-27,1.746274361844595e-26,2.3613602490881305e-26,10
UniGCN,diagnostics,op,110,1.2140632820353758e-26,1.8183682534262005e-27,1.0322264566927558e-26,1.3959001073779958e-26,10
UniGCN,diagnostics,op,111,7.17687664089368e-27,1.0752326959900344e-27,6.1016439449036456e-27,8.252109336883714e-27,10
UniGCN,diagnostics,op,112,4.242721314778896e-27,6.358813224099212e-28,3.6068399923689746e-27,4.878602637188817e-27,10
UniGCN,diagnostics,op,113,2.5083163076222833e-27,3.761094727409593e-28,2.132206834881324e-27,2.8844257803632426e-27,10
UniGCN,diagnostics,op,114,1.4830463770406179e-27,2.225026933852041e-28,1.2605436836554139e-27,1.705549070425822e-27,10
UniGCN,diagnostics,op,115,8.769814857889345e-28,1.3166858684465628e-28,7.453128989442782e-28,1.0086500726335907e-27,10
UniGCN,diagnostics,op,116,5.186791486951903e-28,7.793761286098428e-29,4.40741535834206e-28,5.966167615561746e-28,10
UniGCN,diagnostics,op,117,3.0686311896857795e-28,4.61716613622575e-29,2.6069145760632044e-28,3.5303478033083545e-28,10
UniGCN,diagnostics,op,118,1.8163102424383118e-28,2.73664978599988e-29,1.542645263838324e-28,2.0899752210382997e-28,10
UniGCN,diagnostics,op,119,1.0759601737985438e-28,1.62354808219969e-29,9.136053655785747e-29,1.2383149820185128e-28,10
UniGCN,diagnostics,op,120,6.381037239896015e-29,9.638820012723162e-30,5.417155238623698e-29,7.344919241168331e-29,10
UniGCN,diagnostics,op,121,3.791922237973526e-29,5.731735542417395e-30,3.2187486837317865e-29,4.365095792215265e-29,10
UniGCN,diagnostics,op,122,2.2603825037171456e-29,3.418631474433182e-30,1.9185193562738274e-29,2.602245651160464e-29,10
UniGCN,diagnostics,op,123,1.3544115193917372e-29,2.0448878907030457e-30,1.1499227303214326e-29,1.558900308462042e-29,10
UniGCN,diagnostics,op,124,8.182146737791047e-30,1.2292312047401894e-30,6.952915533050858e-30,9.411377942531236e-30,10
UniGCN,diagnostics,op,125,5.0088756961497274e-30,7.425730935543956e-31,4.266302602595332e-30,5.751448789704123e-30,10
UniGCN,diagnostics,op,126,3.1293762674033716e-30,4.535929155752357e-31,2.6757833518281358e-30,3.582969182978607e-30,10
UniGCN,diagnostics,op,127,2.0168831241230737e-30,2.8113781248648757e-31,1.7357453116365862e-30,2.298020936609561e-30,10
UniGCN,diagnostics,op,128,1.355735146356322e-30,1.7516313997452102e-31,1.180572006381801e-30,1.5308982863308431e-30,10
UniGCN,diagnostics,op,129,9.640398470514733e-31,1.1406477621613422e-31,8.49975070835339e-31,1.0781046232676076e-30,10
UniGCN,diagnostics,op,130,7.316004530826932e-31,7.387674010682152e-32,6.577237129758717e-31,8.054771931895147e-31,10
UniGCN,diagnostics,op,131,5.913204159534276e-31,5.032482339398751e-32,5.4099559255944005e-31,6.416452393474151e-31,10
UniGCN,diagnostics,op,132,5.094086705128819e-31,3.468949154475905e-32,4.747191789681229e-31,5.44098162057641e-31,10
UniGCN,diagnostics,op,133,4.58986372392028e-31,2.4825532153290493e-32,4.341608402387375e-31,4.8381190454531855e-31,10
UniGCN,diagnostics,op,134,4.3071957331537535e-31,1.7935326007069946e-32,4.127842473083054e-31,4.486548993224453e-31,10
UniGCN,diagnostics,op,135,4.1232136580143855e-31,1.5501404596708253e-32,3.968199612047303e-31,4.278227703981468e-31,10
UniGCN,diagnostics,op,136,4.005177623051591e-31,1.0803113181445976e-32,3.897146491237131e-31,4.113208754866051e-31,10
UniGCN,diagnostics,op,137,3.953375678962045e-31,7.828366556388042e-33,3.8750920133981647e-31,4.031659344525926e-31,10
UniGCN,diagnostics,op,138,3.8998334017453146e-31,7.650005516663137e-33,3.8233333465786834e-31,3.976333456911946e-31,10
UniGCN,diagnostics,op,139,3.879627671746433e-31,5.078258353025081e-33,3.8288450882161824e-31,3.930410255276684e-31,10
UniGCN,diagnostics,op,140,3.869718144385108e-31,4.500775613998003e-33,3.824710388245128e-31,3.9147259005250877e-31,10
UniGCN,diagnostics,op,141,3.8538222371015318e-31,6.029330500783861e-33,3.793528932093693e-31,3.9141155421093704e-31,10
UniGCN,diagnostics,op,142,3.8498057695011728e-31,4.112314150069714e-33,3.8086826280004757e-31,3.89092891100187e-31,10
UniGCN,diagnostics,op,143,3.840955670484447e-31,4.085460672918925e-33,3.8001010637552575e-31,3.8818102772136364e-31,10
UniGCN,diagnostics,op,144,3.829723919230153e-31,4.270579509159534e-33,3.7870181241385576e-31,3.8724297143217486e-31,10
UniGCN,diagnostics,op,145,3.8497126002991102e-31,2.8861191518615974e-33,3.8208514087804943e-31,3.878573791817726e-31,10
UniGCN,diagnostics,op,146,3.8380548265005855e-31,4.7757309558121204e-33,3.7902975169424644e-31,3.8858121360587065e-31,10
UniGCN,diagnostics,op,147,3.8401937002507567e-31,3.9679090981338465e-33,3.8005146092694184e-31,3.879872791232095e-31,10
UniGCN,diagnostics,op,148,3.84446815852209e-31,3.154064120965174e-33,3.812927517312438e-31,3.8760087997317415e-31,10
UniGCN,diagnostics,op,149,3.829055792740642e-31,2.8585363398245893e-33,3.800470429342396e-31,3.857641156138888e-31,10
UniGCN,diagnostics,op,150,3.8483352054106306e-31,2.9943800814706196e-33,3.8183914045959244e-31,3.878279006225337e-31,10
UniGCN,diagnostics,op,151,3.8511332259458596e-31,2.7166155557735338e-33,3.8239670703881244e-31,3.8782993815035948e-31,10
UniGCN,diagnostics,op,152,3.840219570075821e-31,2.213960263969614e-33,3.818079967436125e-31,3.862359172715517e-31,10
UniGCN,diagnostics,op,153,3.844204612917818e-31,2.3334715330262726e-33,3.820869897587555e-31,3.8675393282480807e-31,10
UniGCN,diagnostics,op,154,3.84044167340931e-31,3.485461805794388e-33,3.805587055351366e-31,3.875296291467254e-31,10
UniGCN,diagnostics,op,155,3.8529557923513608e-31,2.4484591510238714e-33,3.828471200841122e-31,3.8774403838615996e-31,10
UniGCN,diagnostics,op,156,3.850944408212677e-31,3.663028823548405e-33,3.814314119977193e-31,3.887574696448161e-31,10
UniGCN,diagnostics,op,157,3.8338325328833764e-31,2.974782972526067e-33,3.8040847031581157e-31,3.863580362608637e-31,10
UniGCN,diagnostics,op,158,3.844188599259291e-31,3.0197986849626387e-33,3.8139906124096644e-31,3.8743865861089174e-31,10
UniGCN,diagnostics,op,159,3.852557047350701e-31,2.6023829830734636e-33,3.826533217519966e-31,3.8785808771814356e-31,10
UniGCN,diagnostics,op,160,3.8483794848188974e-31,2.5300230125217256e-33,3.82307925469368e-31,3.8736797149441147e-31,10
UniGCN,diagnostics,op,161,3.8417885833880167e-31,4.23939632706061e-33,3.7993946201174106e-31,3.884182546658623e-31,10
UniGCN,diagnostics,op,162,3.8597705091611356e-31,3.8184437889005586e-33,3.82158607127213e-31,3.8979549470501413e-31,10
UniGCN,diagnostics,op,163,3.866409218717818e-31,4.04722959721623e-33,3.825936922745656e-31,3.9068815146899802e-31,10
UniGCN,diagnostics,op,164,3.8528474528260057e-31,3.450727869091082e-33,3.818340174135095e-31,3.8873547315169163e-31,10
UniGCN,diagnostics,op,165,3.854445081653485e-31,3.0561293466065368e-33,3.82388378818742e-31,3.8850063751195504e-31,10
UniGCN,diagnostics,op,166,3.846344409826328e-31,3.1531570342623264e-33,3.8148128394837046e-31,3.8778759801689516e-31,10
UniGCN,diagnostics,op,167,3.8332898041799653e-31,3.994864260561972e-33,3.7933411615743457e-31,3.873238446785585e-31,10
UniGCN,diagnostics,op,168,3.8518981651763844e-31,2.8441824666691774e-33,3.8234563405096928e-31,3.880339989843076e-31,10
UniGCN,diagnostics,op,169,3.8506663564204223e-31,3.842505021894672e-33,3.8122413062014755e-31,3.889091406639369e-31,10
UniGCN,diagnostics,op,170,3.8408426783054922e-31,3.257010570925672e-33,3.8082725725962357e-31,3.873412784014749e-31,10
UniGCN,diagnostics,op,171,3.8514226848127048e-31,2.5372991485791328e-33,3.8260496933269134e-31,3.876795676298496e-31,10
UniGCN,diagnostics,op,172,3.848127189539817e-31,3.650608104428503e-33,3.811621108495532e-31,3.884633270584102e-31,10
UniGCN,diagnostics,op,173,3.8507464001116905e-31,3.463493965772646e-33,3.816111460453964e-31,3.8853813397694168e-31,10
UniGCN,diagnostics,op,174,3.8361219290354828e-31,3.0350282887359187e-33,3.8057716461481234e-31,3.866472211922842e-31,10
UniGCN,diagnostics,op,175,3.849478585887421e-31,3.0482579585805983e-33,3.818996006301615e-31,3.8799611654732273e-31,10
UniGCN,diagnostics,op,176,3.838167629148596e-31,2.6462423558734356e-33,3.811705205589862e-31,3.8646300527073304e-31,10
UniGCN,diagnostics,op,177,3.8413933718526766e-31,2.7394906090115194e-33,3.8139984657625615e-31,3.8687882779427916e-31,10
UniGCN,diagnostics,op,178,3.853704720629275e-31,2.0637944288852955e-33,3.8330667763404224e-31,3.874342664918128e-31,10
UniGCN,diagnostics,op,179,3.851453921726574e-31,3.20732537617472e-33,3.8193806679648268e-31,3.883527175488321e-31,10
UniGCN,diagnostics,op,180,3.8245789344871275e-31,2.0535924636010386e-33,3.804043009851117e-31,3.845114859123138e-31,10
UniGCN,diagnostics,op,181,3.848986862687649e-31,1.340955589623898e-33,3.83557730679141e-31,3.862396418583888e-31,10
UniGCN,diagnostics,op,182,3.834041750264328e-31,3.280106175160753e-33,3.8012406885127203e-31,3.8668428120159353e-31,10
UniGCN,diagnostics,op,183,3.8448272195013913e-31,2.777491773286226e-33,3.817052301768529e-31,3.8726021372342536e-31,10
UniGCN,diagnostics,op,184,3.843528701008819e-31,1.9437152218539133e-33,3.82409154879028e-31,3.862965853227358e-31,10
UniGCN,diagnostics,op,185,3.8362065220213303e-31,2.7132871569845387e-33,3.809073650451485e-31,3.8633393935911755e-31,10
UniGCN,diagnostics,op,186,3.8481787979686138e-31,1.633092004037416e-33,3.8318478779282397e-31,3.864509718008988e-31,10
UniGCN,diagnostics,op,187,3.8508582298714425e-31,3.834552818970984e-33,3.8125127016817324e-31,3.8892037580611525e-31,10
UniGCN,diagnostics,op,188,3.848229284013024e-31,1.8381913423639628e-33,3.829847370589384e-31,3.8666111974366636e-31,10
UniGCN,diagnostics,op,189,3.8505855923258106e-31,2.2046385113786442e-33,3.828539207212024e-31,3.872631977439597e-31,10
UniGCN,diagnostics,op,190,3.840707696706828e-31,2.3328601780929543e-33,3.8173790949258983e-31,3.864036298487758e-31,10
UniGCN,diagnostics,op,191,3.8406291971736128e-31,1.9375962016124623e-33,3.8212532351574884e-31,3.860005159189737e-31,10
UniGCN,diagnostics,op,192,3.8414510526433485e-31,3.073867520388561e-33,3.810712377439463e-31,3.872189727847234e-31,10
UniGCN,diagnostics,op,193,3.8308793426920587e-31,3.854559993417939e-33,3.7923337427578794e-31,3.869424942626238e-31,10
UniGCN,diagnostics,op,194,3.843279530586952e-31,2.9288385426297937e-33,3.813991145160654e-31,3.87256791601325e-31,10
UniGCN,diagnostics,op,195,3.8499375171755277e-31,2.6498579975405195e-33,3.8234389372001227e-31,3.876436097150933e-31,10
UniGCN,diagnostics,op,196,3.8421201508663544e-31,3.136063020948546e-33,3.8107595206568688e-31,3.87348078107584e-31,10
UniGCN,diagnostics,op,197,3.859101147531661e-31,2.648513919953714e-33,3.8326160083321236e-31,3.885586286731198e-31,10
UniGCN,diagnostics,op,198,3.8441352696251034e-31,2.5444008654625036e-33,3.8186912609704786e-31,3.8695792782797283e-31,10
UniGCN,diagnostics,op,199,3.853206208852883e-31,4.564322529516392e-33,3.807562983557719e-31,3.898849434148047e-31,10
UniGCN,diagnostics,op,200,3.8586403525928747e-31,1.9903806857988933e-33,3.8387365457348856e-31,3.8785441594508638e-31,10
UniGCN,diagnostics,op,201,3.8502681555482826e-31,3.657299553003707e-33,3.8136951600182456e-31,3.8868411510783195e-31,10
UniGCN,diagnostics,op,202,3.8367564422852344e-31,2.5481371451157745e-33,3.811275070834077e-31,3.862237813736392e-31,10
UniGCN,diagnostics,op,203,3.8460072559969255e-31,3.006952909045148e-33,3.815937726906474e-31,3.876076785087377e-31,10
UniGCN,diagnostics,op,204,3.848015382486711e-31,2.8555552300247218e-33,3.8194598301864636e-31,3.8765709347869584e-31,10
UniGCN,diagnostics,op,205,3.8514996522880343e-31,2.5192061735687018e-33,3.826307590552347e-31,3.8766917140237215e-31,10
UniGCN,diagnostics,op,206,3.8629874822754646e-31,3.2484065268589205e-33,3.8305034170068753e-31,3.8954715475440538e-31,10
UniGCN,diagnostics,op,207,3.85718479096275e-31,3.114746419410944e-33,3.8260373267686404e-31,3.8883322551568595e-31,10
UniGCN,diagnostics,op,208,3.8358959015377953e-31,3.424551124101488e-33,3.8016503902967805e-31,3.87014141277881e-31,10
UniGCN,diagnostics,op,209,3.8604872371512624e-31,2.0948379676323178e-33,3.8395388574749392e-31,3.8814356168275855e-31,10
UniGCN,diagnostics,op,210,3.847848806809587e-31,2.6352270774168628e-33,3.8214965360354182e-31,3.8742010775837557e-31,10
UniGCN,diagnostics,op,211,3.848610763735974e-31,3.2165805239694016e-33,3.81644495849628e-31,3.880776568975668e-31,10
UniGCN,diagnostics,op,212,3.8374459871003216e-31,3.216336652768861e-33,3.8052826205726332e-31,3.86960935362801e-31,10
UniGCN,diagnostics,op,213,3.840735961754901e-31,3.5659220269132904e-33,3.805076741485768e-31,3.876395182024034e-31,10
UniGCN,diagnostics,op,214,3.836344937502849e-31,3.419478854597412e-33,3.802150148956875e-31,3.8705397260488234e-31,10
UniGCN,diagnostics,op,215,3.8313022405490133e-31,2.5719918913862947e-33,3.8055823216351506e-31,3.857022159462876e-31,10
UniGCN,diagnostics,op,216,3.838625255909831e-31,3.6992933750526145e-33,3.801632322159305e-31,3.8756181896603574e-31,10
UniGCN,diagnostics,op,217,3.8252392867647204e-31,3.145671237599794e-33,3.7937825743887224e-31,3.8566959991407183e-31,10
UniGCN,diagnostics,op,218,3.8387229068165446e-31,3.116576289465527e-33,3.8075571439218895e-31,3.8698886697111997e-31,10
UniGCN,diagnostics,op,219,3.8317844496656893e-31,3.538401252431471e-33,3.7964004371413746e-31,3.867168462190004e-31,10
UniGCN,diagnostics,op,220,3.835270777931411e-31,1.676027875645275e-33,3.8185104991749584e-31,3.8520310566878635e-31,10
UniGCN,diagnostics,op,221,3.8532101467157405e-31,2.2305697815530435e-33,3.8309044489002103e-31,3.8755158445312707e-31,10
UniGCN,diagnostics,op,222,3.8389059609367253e-31,2.415302004862695e-33,3.814752940888098e-31,3.8630589809853523e-31,10
UniGCN,diagnostics,op,223,3.8396443458356877e-31,1.573633227610211e-33,3.8239080135595855e-31,3.85538067811179e-31,10
UniGCN,diagnostics,op,224,3.8464983877954015e-31,2.6040519122825995e-33,3.8204578686725755e-31,3.8725389069182274e-31,10
UniGCN,diagnostics,op,225,3.826841136057109e-31,2.9191834403003256e-33,3.797649301654106e-31,3.856032970460112e-31,10
UniGCN,diagnostics,op,226,3.8320218068820667e-31,2.3866577560927727e-33,3.808155229321139e-31,3.8558883844429944e-31,10
UniGCN,diagnostics,op,227,3.847494822069815e-31,2.4647134179119945e-33,3.822847687890695e-31,3.872141956248935e-31,10
UniGCN,diagnostics,op,228,3.851573541551982e-31,2.5137662380562872e-33,3.826435879171419e-31,3.876711203932545e-31,10
UniGCN,diagnostics,op,229,3.847278979989012e-31,3.6884623899735365e-33,3.8103943560892767e-31,3.8841636038887474e-31,10
UniGCN,diagnostics,op,230,3.8574924386842773e-31,3.073602930911052e-33,3.826756409375167e-31,3.8882284679933878e-31,10
UniGCN,diagnostics,op,231,3.8488136931122854e-31,2.710369335758177e-33,3.821709999754704e-31,3.875917386469867e-31,10
UniGCN,diagnostics,op,232,3.849127944692857e-31,1.9041969118635344e-33,3.8300859755742216e-31,3.8681699138114925e-31,10
UniGCN,diagnostics,op,233,3.8485805558352527e-31,3.105373983916706e-33,3.8175268159960855e-31,3.87963429567442e-31,10
UniGCN,diagnostics,op,234,3.845988497959444e-31,2.7863930969363932e-33,3.81812456699008e-31,3.8738524289288082e-31,10
UniGCN,diagnostics,op,235,3.8412453115993618e-31,2.3958233034178282e-33,3.8172870785651836e-31,3.86520354463354e-31,10
UniGCN,diagnostics,op,236,3.8475406798879514e-31,2.7223657575897547e-33,3.820317022312054e-31,3.874764337463849e-31,10
UniGCN,diagnostics,op,237,3.8548783760915857e-31,2.646436294664926e-33,3.8284140131449365e-31,3.881342739038235e-31,10
UniGCN,diagnostics,op,238,3.847092705386262e-31,2.066274765985708e-33,3.826429957726405e-31,3.8677554530461187e-31,10
UniGCN,diagnostics,op,239,3.846318171298551e-31,3.484797418188121e-33,3.8114701971166697e-31,3.881166145480432e-31,10
UniGCN,diagnostics,op,240,3.849326504189948e-31,2.4794823087899997e-33,3.8245316811020483e-31,3.874121327277848e-31,10
UniGCN,diagnostics,op,241,3.843472182994566e-31,2.6091197823562665e-33,3.8173809851710035e-31,3.8695633808181285e-31,10
UniGCN,diagnostics,op,242,3.835127456259604e-31,2.4432368702435345e-33,3.810695087557169e-31,3.859559824962039e-31,10
UniGCN,diagnostics,op,243,3.834144514236233e-31,2.720025135776016e-33,3.8069442628784726e-31,3.8613447655939933e-31,10
UniGCN,diagnostics,op,244,3.831607568990717e-31,2.6041818176426905e-33,3.8055657508142905e-31,3.857649387167144e-31,10
UniGCN,diagnostics,op,245,3.8324989607300348e-31,2.8289321031694452e-33,3.80420963969834e-31,3.8607882817617294e-31,10
UniGCN,diagnostics,op,246,3.845117084447505e-31,2.1275057679687636e-33,3.823842026767817e-31,3.8663921421271926e-31,10
UniGCN,diagnostics,op,247,3.8379517518016207e-31,1.8258611882399097e-33,3.819693139919222e-31,3.8562103636840197e-31,10
UniGCN,diagnostics,op,248,3.8459947617013966e-31,2.3140038440000364e-33,3.8228547232613964e-31,3.8691348001413968e-31,10
UniGCN,diagnostics,op,249,3.851413604148772e-31,4.405959242303667e-33,3.807354011725735e-31,3.895473196571809e-31,10
UniGCN,diagnostics,op,250,3.8397142050251027e-31,3.171538436689282e-33,3.80799882065821e-31,3.8714295893919957e-31,10
UniGCN,diagnostics,op,251,3.8380455446844454e-31,2.6284756756445188e-33,3.8117607879280002e-31,3.8643303014408906e-31,10
UniGCN,diagnostics,op,252,3.843627606237246e-31,3.0794471551610752e-33,3.8128331346856355e-31,3.874422077788857e-31,10
UniGCN,diagnostics,op,253,3.835014958381117e-31,2.661571542724437e-33,3.8083992429538724e-31,3.8616306738083614e-31,10
UniGCN,diagnostics,op,254,3.8375172767131535e-31,2.97574419009528e-33,3.807759834812201e-31,3.867274718614106e-31,10
UniGCN,diagnostics,op,255,3.850802390259868e-31,3.394342009054476e-33,3.816858970169323e-31,3.884745810350413e-31,10
UniGCN,diagnostics,op,256,3.8467707813216447e-31,2.450180132771554e-33,3.822268979993929e-31,3.8712725826493603e-31,10
UniGCN,restart,base,0,1.0,0.0,1.0,1.0,10
UniGCN,restart,base,1,0.02690397652767495,0.00012412786686397622,0.026779848660810974,0.027028104394538923,10
UniGCN,restart,base,2,0.00274160974877113,3.168647122687103e-05,0.002709923277544259,0.002773296219998001,10
UniGCN,restart,base,3,0.0005230674536646038,1.2653998336088534e-05,0.0005104134553285153,0.0005357214520006924,10
UniGCN,restart,base,4,0.00014150474084377294,5.726664692167325e-06,0.0001357780761516056,0.00014723140553594028,10
UniGCN,restart,base,5,4.819911400354314e-05,2.8132362697021393e-06,4.5385877733841e-05,5.101235027324528e-05,10
UniGCN,restart,base,6,1.921793692085966e-05,1.4334873997465709e-06,1.778444952111309e-05,2.0651424320606232e-05,10
UniGCN,restart,base,7,8.513046497483201e-06,7.40780072777554e-07,7.772266424705647e-06,9.253826570260755e-06,10
UniGCN,restart,base,8,4.034492541989884e-06,3.853687689234477e-07,3.6491237730664367e-06,4.419861310913332e-06,10
UniGCN,restart,base,9,1.994387416650934e-06,2.0144657726172513e-07,1.7929408393892087e-06,2.195833993912659e-06,10
UniGCN,restart,base,10,1.0122686019478493e-06,1.0579295259216761e-07,9.064756493556817e-07,1.118061554540017e-06,10
UniGCN,restart,base,11,5.226266106258899e-07,5.582630144124018e-08,4.6680030918464967e-07,5.7845291206713e-07,10
UniGCN,restart,base,12,2.729870815357616e-07,2.9605176389787158e-08,2.433819051459744e-07,3.0259225792554877e-07,10
UniGCN,restart,base,13,1.4380416774352492e-07,1.5778067483810743e-08,1.2802610025971417e-07,1.5958223522733566e-07,10
UniGCN,restart,base,14,7.625212822207375e-08,8.44996880451464e-09,6.780215941755911e-08,8.470209702658838e-08,10
UniGCN,restart,base,15,4.0650088217687294e-08,4.546584097066672e-09,3.610350412062062e-08,4.519667231475397e-08,10
UniGCN,restart,base,16,2.176957546324477e-08,2.457112269079389e-09,1.9312463194165382e-08,2.4226687732324158e-08,10
UniGCN,restart,base,17,1.170486286443836e-08,1.3333165401628925e-09,1.0371546324275467e-08,1.3038179404601252e-08,10
UniGCN,restart,base,18,6.315657559862032e-09,7.262003954224958e-10,5.589457164439537e-09,7.041857955284527e-09,10
UniGCN,restart,base,19,3.4186249176104947e-09,3.968593792366741e-10,3.021765538373821e-09,3.815484296847169e-09,10
UniGCN,restart,base,20,1.8558118949108036e-09,2.1752919224843728e-10,1.6382827026623663e-09,2.073341087159241e-09,10
UniGCN,restart,base,21,1.0100712658809676e-09,1.1954992364301612e-10,8.905213422379514e-10,1.1296211895239836e-09,10
UniGCN,restart,base,22,5.51066765351328e-10,6.585541673938428e-11,4.852113486119437e-10,6.169221820907123e-10,10
UniGCN,restart,base,23,3.0129999623566836e-10,3.635089165465411e-11,2.6494910458101425e-10,3.376508878903225e-10,10
UniGCN,restart,base,24,1.65064467172121e-10,2.0100328709593437e-11,1.4496413846252756e-10,1.8516479588171445e-10,10
UniGCN,restart,base,25,9.059237552312696e-11,1.1131439638004626e-11,7.946093588512233e-11,1.0172381516113159e-10,10
UniGCN,restart,base,26,4.9801644149242115e-11,6.172586691593891e-12,4.362905745764822e-11,5.597423084083601e-11,10
UniGCN,restart,base,27,2.7418636790178745e-11,3.426649590626578e-12,2.3991987199552168e-11,3.084528638080532e-11,10
UniGCN,restart,base,28,1.5116095985210024e-11,1.9040933012061405e-12,1.3212002684003883e-11,1.7020189286416165e-11,10
UniGCN,restart,base,29,8.343943923023709e-12,1.058916309386717e-12,7.285027613636992e-12,9.402860232410425e-12,10
UniGCN,restart,base,30,4.610966262694143e-12,5.893010585444088e-13,4.0216652041497335e-12,5.200267321238552e-12,10
UniGCN,restart,base,31,2.5506826327072668e-12,3.2814796487727634e-13,2.2225346678299905e-12,2.878830597584543e-12,10
UniGCN,restart,base,32,1.4122897035550888e-12,1.8281859952970306e-13,1.2294711040253858e-12,1.5951083030847919e-12,10
UniGCN,restart,base,33,7.826302436926514e-13,1.0189576499826148e-13,6.8073447869439e-13,8.845260086909128e-13,10
UniGCN,restart,base,34,4.3403108463875413e-13,5.681314189845016e-14,3.77217942740304e-13,4.908442265372043e-13,10
UniGCN,restart,base,35,2.4087148549062255e-13,3.168651188737011e-14,2.0918497360325244e-13,2.7255799737799266e-13,10
UniGCN,restart,base,36,1.3375871676058117e-13,1.767716686179068e-14,1.160815498987905e-13,1.5143588362237185e-13,10
UniGCN,restart,base,37,7.431993586662123e-14,9.863844669230066e-15,6.445609119739116e-14,8.41837805358513e-14,10
UniGCN,restart,base,38,4.131538860916927e-14,5.505040128226979e-15,3.581034848094229e-14,4.6820428737396246e-14,10
UniGCN,restart,base,39,2.297844094149588e-14,3.0728620169414124e-15,1.9905578924554468e-14,2.605130295843729e-14,10
UniGCN,restart,base,40,1.2785342578888652e-14,1.7154712399627204e-15,1.1069871338925931e-14,1.450081381885137e-14,10
UniGCN,restart,base,41,7.116557504150374e-15,9.577954190963207e-16,6.158762085054053e-15,8.074352923246695e-15,10
UniGCN,restart,base,42,3.962576549286067e-15,5.348148886662605e-16,3.4277616606198064e-15,4.497391437952328e-15,10
UniGCN,restart,base,43,2.2070963147784703e-15,2.9865465442776363e-16,1.9084416603507067e-15,2.505750969206234e-15,10
UniGCN,restart,base,44,1.2296683136961975e-15,1.6678799066852275e-16,1.0628803230276747e-15,1.3964563043647203e-15,10
UniGCN,restart,base,45,6.852769653339512e-16,9.315054747223107e-17,5.921264178617201e-16,7.784275128061822e-16,10
UniGCN,restart,base,46,3.819840474080927e-16,5.202682804902823e-17,3.2995721935906447e-16,4.340108754571209e-16,10
UniGCN,restart,base,47,2.1296868354294001e-16,2.90594464352838e-17,1.839092371076562e-16,2.4202812997822384e-16,10
UniGCN,restart,base,48,1.1875969906854463e-16,1.6231648387270382e-17,1.0252805068127425e-16,1.3499134745581502e-16,10
UniGCN,restart,base,49,6.623651379205703e-17,9.066734332533369e-18,5.716977945952365e-17,7.53032481245904e-17,10
UniGCN,restart,base,50,3.6948246737792045e-17,5.064658428341189e-18,3.1883588309450854e-17,4.2012905166133236e-17,10
UniGCN,restart,base,51,2.0613503944436385e-17,2.829168223544101e-18,1.7784335720892285e-17,2.3442672167980486e-17,10
UniGCN,restart,base,52,1.1501795842947522e-17,1.5804301714832088e-18,9.921365671464314e-18,1.308222601443073e-17,10
UniGCN,restart,base,53,6.418449316174718e-18,8.828737170652872e-19,5.535575599109431e-18,7.301323033240005e-18,10
UniGCN,restart,base,54,3.582122879629327e-18,4.932051335056482e-19,3.0889177461236785e-18,4.075328013134975e-18,10
UniGCN,restart,base,55,1.999366757154564e-18,2.755252818032255e-19,1.7238414753513384e-18,2.2748920389577893e-18,10
UniGCN,restart,base,56,1.1160462804184987e-18,1.5392156223359076e-19,9.62124718184908e-19,1.2699678426520894e-18,10
UniGCN,restart,base,57,6.23026018486653e-19,8.598862299650723e-20,5.370373954901458e-19,7.090146414831602e-19,10
UniGCN,restart,base,58,3.478253475439828e-19,4.803806746971056e-20,2.9978728007427223e-19,3.9586341501369336e-19,10
UniGCN,restart,base,59,1.9419786794096753e-19,2.6836916794950466e-20,1.6736095114601706e-19,2.2103478473591797e-19,10
UniGCN,restart,base,60,1.084309505533745e-19,1.4992770512695198e-20,9.34381800406793e-20,1.234237210660697e-19,10
UniGCN,restart,base,61,6.054597626718192e-20,8.375929812252356e-21,5.217004645492957e-20,6.892190607943428e-20,10
UniGCN,restart,base,62,3.3809471262658076e-20,4.679352429873569e-21,2.913011883278451e-20,3.8488823692531645e-20,10
UniGCN,restart,base,63,1.8880374336650165e-20,2.6142062060667023e-21,1.6266168130583463e-20,2.1494580542716868e-20,10
UniGCN,restart,base,64,1.05438735831059e-20,1.4604782370181275e-21,9.083395346087774e-21,1.2004351820124027e-20,10
UniGCN,restart,base,65,5.8885118116711555e-21,8.1592705451959365e-22,5.072584757151562e-21,6.704438866190749e-21,10
UniGCN,restart,base,66,3.288707379880509e-21,4.558358003995484e-22,2.8328715794809608e-21,3.744543180280058e-21,10
UniGCN,restart,base,67,1.8367833041607807e-21,2.546632395066773e-22,1.5821200646541033e-21,2.091446543667458e-21,10
UniGCN,restart,base,68,1.0258938561921445e-21,1.4227372939859005e-22,8.836201267935545e-22,1.1681675855907345e-21,10
UniGCN,restart,base,69,5.730040193568683e-22,7.948473155952716e-23,4.935192877973412e-22,6.524887509163955e-22,10
UniGCN,restart,base,70,3.200535579121539e-22,4.440615515366049e-23,2.756474027584934e-22,3.6445971306581436e-22,10
UniGCN,restart,base,71,1.7877077001572773e-22,2.4808644245889014e-23,1.5396212576983872e-22,2.0357941426161674e-22,10
UniGCN,restart,base,72,9.985697676479794e-23,1.3860000185194738e-23,8.59969765796032e-23,1.1371697694999268e-22,10
UniGCN,restart,base,73,5.577860295026535e-23,7.743258150045819e-24,4.8035344800219537e-23,6.352186110031118e-23,10
UniGCN,restart,base,74,3.1157564402615816e-23,4.325979903898054e-24,2.683158449871776e-23,3.548354430651387e-23,10
UniGCN,restart,base,75,1.74046547972875e-23,2.4168265292600557e-24,1.4987828268027443e-23,1.9821481326547557e-23,10
UniGCN,restart,base,76,9.722385129963783e-24,1.3502265888394626e-24,8.372158541124321e-24,1.1072611718803245e-23,10
UniGCN,restart,base,77,5.4310677584897304e-24,7.543414918202174e-25,4.676726266669513e-24,6.1854092503099476e-24,10
UniGCN,restart,base,78,3.0339062902975077e-24,4.214339148956582e-25,2.6124723754018496e-24,3.455340205193166e-24,10
UniGCN,restart,base,79,1.6948186421641313e-24,2.3544588388545644e-25,1.4593727582786748e-24,1.930264526049588e-24,10
UniGCN,restart,base,80,9.46777777210006e-25,1.315384825699939e-25,8.152392946400122e-25,1.07831625978e-24,10
UniGCN,restart,base,81,5.289033200279941e-25,7.34876972637782e-26,4.554156227642159e-25,6.023910172917723e-25,10
UniGCN,restart,base,82,2.9546608510623037e-25,4.1055991806259427e-26,2.5441009329997096e-25,3.365220769124898e-25,10
UniGCN,restart,base,83,1.6505998744264267e-25,2.2937101145466004e-26,1.4212288629717667e-25,1.8799708858810867e-25,10
UniGCN,restart,base,84,9.221011165802673e-26,1.2814468338787044e-26,7.939564331923968e-26,1.0502457999681376e-25,10
UniGCN,restart,base,85,5.151309331829086e-26,7.159170123211283e-27,4.4353923195079576e-26,5.867226344150214e-26,10
UniGCN,restart,base,86,2.877788313528915e-26,3.999676283325864e-27,2.4778206851963286e-26,3.277755941861501e-26,10
UniGCN,restart,base,87,1.6076888511833307e-26,2.2345345169833337e-27,1.3842353994849972e-26,1.831142302881664e-26,10
UniGCN,restart,base,88,8.981459844955908e-27,1.2483871207625546e-27,7.733072724193353e-27,1.0229846965718463e-26,10
UniGCN,restart,base,89,5.017570560079863e-27,6.974476579188136e-28,4.3201229021610496e-27,5.7150182179986765e-27,10
UniGCN,restart,base,90,2.8031189449577847e-27,3.8964937479973574e-28,2.413469570158049e-27,3.1927683197575204e-27,10
UniGCN,restart,base,91,1.5659970077514558e-27,2.1768899287091353e-28,1.3483080148805422e-27,1.7836860006223693e-27,10
UniGCN,restart,base,92,8.74866077013685e-28,1.2161830010815774e-28,7.532477769055273e-28,9.964843771218429e-28,10
UniGCN,restart,base,93,4.887574627186899e-28,6.794561211313717e-29,4.208118506055527e-28,5.567030748318271e-28,10
UniGCN,restart,base,94,2.7305259974172563e-28,3.795982532175956e-29,2.3509277441996606e-28,3.110124250634852e-28,10
UniGCN,restart,base,95,1.525457989403722e-28,2.1207378784224462e-29,1.3133842015614773e-28,1.7375317772459666e-28,10
UniGCN,restart,base,96,8.522268006332611e-29,1.1848131065696433e-29,7.337454899762968e-29,9.707081112902255e-29,10
UniGCN,restart,base,97,4.76114158713459e-29,6.619316875014828e-30,4.099209899633107e-29,5.423073274636073e-29,10
UniGCN,restart,base,98,2.659916330307673e-29,3.698081678919721e-30,2.2901081624157012e-29,3.029724498199645e-29,10
UniGCN,restart,base,99,1.4860237034488974e-29,2.066046800922018e-30,1.2794190233566956e-29,1.6926283835410992e-29,10
UniGCN,restart,base,100,8.302035455871168e-30,1.1542561544711965e-30,7.147779301399971e-30,9.456291610342365e-30,10
UniGCN,restart,base,101,4.638148222395634e-30,6.448637188639155e-31,3.993284503531719e-30,5.2830119412595494e-30,10
UniGCN,restart,base,102,2.5912292196350366e-30,3.6027355684833524e-31,2.2309556627867014e-30,2.951502776483372e-30,10
UniGCN,restart,base,103,1.4476648139230103e-30,2.0127842332578143e-31,1.2463863905972289e-30,1.6489432372487916e-30,10
UniGCN,restart,base,104,8.087839245976782e-31,1.1245132969358379e-31,6.963325949040944e-31,9.21235254291262e-31,10
UniGCN,restart,base,105,4.518553066973679e-31,6.282535427491981e-32,3.8902995242244813e-31,5.146806609722877e-31,10
UniGCN,restart,base,106,2.524462073612762e-31,3.509959301046422e-32,2.1734661435081196e-31,2.8754580037174042e-31,10
UniGCN,restart,base,107,1.4104005684522126e-31,1.9610086694213333e-32,1.2142997015100794e-31,1.6065014353943459e-31,10
UniGCN,restart,base,108,7.879894030691331e-32,1.095612338005759e-32,6.784281692685572e-32,8.97550636869709e-32,10
UniGCN,restart,base,109,4.402567868992673e-32,6.121326882278402e-33,3.790435180764833e-32,5.014700557220513e-32,10
UniGCN,restart,base,110,2.4597994368607517e-32,3.419934698266255e-33,2.1178059670341262e-32,2.801792906687377e-32,10
UniGCN,restart,base,111,1.3743828739350684e-32,1.9107982362663726e-33,1.1833030503084312e-32,1.5654626975617056e-32,10
UniGCN,restart,base,112,7.679445890440664e-33,1.0676020342797874e-33,6.611843856160877e-33,8.747047924720451e-33,10
UniGCN,restart,base,113,4.291215431286431e-33,5.965157780143327e-34,3.694699653272098e-33,4.887731209300764e-33,10
UniGCN,restart,base,114,2.398083855218914e-33,3.333064274019186e-34,2.0647774278169954e-33,2.731390282620833e-33,10
UniGCN,restart,base,115,1.3403288893589122e-33,1.8626925355053622e-34,1.154059635808376e-33,1.5265981429094484e-33,10
UniGCN,restart,base,116,7.492546364391597e-34,1.040915112460024e-34,6.4516312519315725e-34,8.53346147685162e-34,10
UniGCN,restart,base,117,4.189708503551141e-34,5.820472648914248e-35,3.6076612386597163e-34,4.771755768442566e-34,10
UniGCN,restart,base,118,2.3438800534681817e-34,3.254456516953424e-35,2.0184344017728394e-34,2.669325705163524e-34,10
UniGCN,restart,base,119,1.312339944327831e-34,1.8204253231361042e-35,1.1302974120142206e-34,1.4943824766414413e-34,10
UniGCN,restart,base,120,7.356114816479433e-35,1.0186958785682815e-35,6.337418937911152e-35,8.374810695047715e-35,10
UniGCN,restart,base,121,4.131764572718045e-35,5.713554582910377e-36,3.5604091144270074e-35,4.703120031009083e-35,10
UniGCN,restart,base,122,2.3279842443010842e-35,3.2124173182741045e-36,2.0067425124736736e-35,2.649225976128495e-35,10
UniGCN,restart,base,123,1.3185018124638394e-35,1.8100224996787696e-36,1.1374995624959625e-35,1.4995040624317165e-35,10
UniGCN,restart,base,124,7.529177420723373e-36,1.0249447913275454e-36,6.504232629395828e-36,8.554122212050918e-36,10
UniGCN,restart,base,125,4.3576041543673176e-36,5.865672232088754e-37,3.7710369311584425e-36,4.9441713775761927e-36,10
UniGCN,restart,base,126,2.574183468914549e-36,3.4054325351947264e-37,2.2336402153950763e-36,2.9147267224340217e-36,10
UniGCN,restart,base,127,1.5690570547824068e-36,2.026593477971884e-37,1.3663977069852183e-36,1.7717164025795953e-36,10
UniGCN,restart,base,128,9.979939540927543e-37,1.2581744078769513e-37,8.72176513305059e-37,1.1238113948804495e-36,10
UniGCN,restart,base,129,6.714873767262559e-37,8.291711354402763e-38,5.885702631822283e-37,7.544044902702836e-37,10
UniGCN,restart,base,130,4.825294629955388e-37,5.992725858792476e-38,4.226022044076141e-37,5.424567215834636e-37,10
UniGCN,restart,base,131,3.691335338373921e-37,4.639655095818202e-38,3.2273698287921008e-37,4.155300847955741e-37,10
UniGCN,restart,base,132,3.0100108441175674e-37,3.8970774378981034e-38,2.620303100327757e-37,3.3997185879073776e-37,10
UniGCN,restart,base,133,2.5653274474281023e-37,3.359008534355484e-38,2.2294265939925537e-37,2.901228300863651e-37,10
UniGCN,restart,base,134,2.2771745979980154e-37,3.039678713247872e-38,1.9732067266732283e-37,2.5811424693228025e-37,10
UniGCN,restart,base,135,2.0629622819893823e-37,2.948951853522006e-38,1.7680670966371817e-37,2.357857467341583e-37,10
UniGCN,restart,base,136,1.895014713345894e-37,2.74895452002012e-38,1.6201192613438818e-37,2.169910165347906e-37,10
UniGCN,restart,base,137,1.7689679200470248e-37,2.6236399669481407e-38,1.5066039233522106e-37,2.031331916741839e-37,10
UniGCN,restart,base,138,1.6488700522876868e-37,2.410632670415327e-38,1.407806785246154e-37,1.8899333193292196e-37,10
UniGCN,restart,base,139,1.5500896389198564e-37,2.2273994649568113e-38,1.3273496924241753e-37,1.7728295854155375e-37,10
UniGCN,restart,base,140,1.4615239086601095e-37,2.1066535475372598e-38,1.2508585539063835e-37,1.6721892634138355e-37,10
UniGCN,restart,base,141,1.3749777996672181e-37,1.9265111286360827e-38,1.1823266868036098e-37,1.5676289125308265e-37,10
UniGCN,restart,base,142,1.2985538508658732e-37,1.8504872605872443e-38,1.1135051248071489e-37,1.4836025769245976e-37,10
UniGCN,restart,base,143,1.224768728782772e-37,1.75923538799199e-38,1.048845189983573e-37,1.400692267581971e-37,10
UniGCN,restart,base,144,1.1543392347665408e-37,1.6727738783833486e-38,9.87061846928206e-38,1.3216166226048757e-37,10
UniGCN,restart,base,145,1.0968556899182973e-37,1.5853042109130468e-38,9.383252688269926e-38,1.2553861110096019e-37,10
UniGCN,restart,base,146,1.0333360854871392e-37,1.4738788205322242e-38,8.859482034339168e-38,1.1807239675403617e-37,10
UniGCN,restart,base,147,9.774340811731377e-38,1.409276793278186e-38,8.365064018453192e-38,1.1183617605009563e-37,10
UniGCN,restart,base,148,9.2512774701118e-38,1.3547575714843444e-38,7.896519898627456e-38,1.0606035041596144e-37,10
UniGCN,restart,base,149,8.708424848516803e-38,1.2676954817784567e-38,7.440729366738346e-38,9.97612033029526e-38,10
UniGCN,restart,base,150,8.269517057485051e-38,1.1820202231779777e-38,7.087496834307073e-38,9.45153728066303e-38,10
UniGCN,restart,base,151,7.830464929920095e-38,1.182428152297834e-38,6.648036777622261e-38,9.012893082217929e-38,10
UniGCN,restart,base,152,7.381287412078942e-38,1.1262297877779508e-38,6.255057624300991e-38,8.507517199856894e-38,10
UniGCN,restart,base,153,6.979647844576234e-38,1.031438159439338e-38,5.948209685136896e-38,8.011086004015572e-38,10
UniGCN,restart,base,154,6.592988917387831e-38,9.92369963114089e-39,5.600618954273743e-38,7.58535888050192e-38,10
UniGCN,restart,base,155,6.250094157072199e-38,9.281875497309046e-39,5.321906607341295e-38,7.178281706803103e-38,10
UniGCN,restart,base,156,5.903076304117149e-38,8.703760308027336e-39,5.032700273314415e-38,6.773452334919883e-38,10
UniGCN,restart,base,157,5.556117882847011e-38,8.251089461404826e-39,4.731008936706528e-38,6.381226828987494e-38,10
UniGCN,restart,base,158,5.266111227396051e-38,7.852509247631777e-39,4.4808603026328736e-38,6.051362152159229e-38,10
UniGCN,restart,base,159,4.986802611639571e-38,7.338469846332527e-39,4.252955627006318e-38,5.720649596272823e-38,10
UniGCN,restart,base,160,4.709203602823692e-38,7.018319865275174e-39,4.007371616296175e-38,5.411035589351209e-38,10
UniGCN,restart,base,161,4.445198348261909e-38,6.751773844342254e-39,3.770020963827684e-38,5.120375732696134e-38,10
UniGCN,restart,base,162,4.22086602548392e-38,6.371277125598614e-39,3.5837383129240586e-38,4.857993738043781e-38,10
UniGCN,restart,base,163,3.9956931557246666e-38,5.987330621509045e-39,3.396960093573762e-38,4.594426217875571e-38,10
UniGCN,restart,base,164,3.762655590943909e-38,5.587544687132135e-39,3.203901122230695e-38,4.3214100596571226e-38,10
UniGCN,restart,base,165,3.5589067073945953e-38,5.35561442227074e-39,3.0233452651675213e-38,4.0944681496216693e-38,10
UniGCN,restart,base,166,3.357313416056129e-38,5.1119613556369095e-39,2.846117280492438e-38,3.86850955161982e-38,10
UniGCN,restart,base,167,3.1604574451380863e-38,4.672261221641527e-39,2.693231322973934e-38,3.627683567302239e-38,10
UniGCN,restart,base,168,3.0018602302187296e-38,4.4297440134209004e-39,2.5588858288766395e-38,3.4448346315608196e-38,10
UniGCN,restart,base,169,2.8374580862961096e-38,4.279668599789738e-39,2.409491226317136e-38,3.2654249462750834e-38,10
UniGCN,restart,base,170,2.674509393667975e-38,3.9732454646692283e-39,2.2771848472010524e-38,3.071833940134898e-38,10
UniGCN,restart,base,171,2.535943029491581e-38,3.8457489301632994e-39,2.1513681364752508e-38,2.9205179225079105e-38,10
UniGCN,restart,base,172,2.3942175077138e-38,3.576276226393747e-39,2.0365898850744251e-38,2.7518451303531744e-38,10
UniGCN,restart,base,173,2.2631639619638872e-38,3.2827336722878544e-39,1.9348905947351018e-38,2.5914373291926726e-38,10
UniGCN,restart,base,174,2.1322030790805976e-38,3.190191593762843e-39,1.8131839197043133e-38,2.4512222384568816e-38,10
UniGCN,restart,base,175,2.0219001881547035e-38,2.98170344238826e-39,1.7237298439158775e-38,2.3200705323935296e-38,10
UniGCN,restart,base,176,1.9056614496953917e-38,2.8304971695973083e-39,1.6226117327356608e-38,2.1887111666551227e-38,10
UniGCN,restart,base,177,1.803180007618634e-38,2.7164444209685752e-39,1.5315355655217763e-38,2.0748244497154915e-38,10
UniGCN,restart,base,178,1.7088424952788464e-38,2.501606101710417e-39,1.4586818851078048e-38,1.959003105449888e-38,10
UniGCN,restart,base,179,1.6143435737379007e-38,2.3777458019096228e-39,1.3765689935469384e-38,1.852118153928863e-38,10
UniGCN,restart,base,180,1.515426513213557e-38,2.2459261065048885e-39,1.2908339025630681e-38,1.7400191238640457e-38,10
UniGCN,restart,base,181,1.4417778259414217e-38,2.1529224304898404e-39,1.2264855828924377e-38,1.6570700689904057e-38,10
UniGCN,restart,base,182,1.357146623904555e-38,2.0077362152151624e-39,1.1563730023830388e-38,1.5579202454260711e-38,10
UniGCN,restart,base,183,1.2869081523245927e-38,1.946074227050285e-39,1.0923007296195643e-38,1.4815155750296211e-38,10
UniGCN,restart,base,184,1.2158376355325008e-38,1.826649690778181e-39,1.0331726664546827e-38,1.3985026046103188e-38,10
UniGCN,restart,base,185,1.1475547061788807e-38,1.7650151996898875e-39,9.71053186209892e-39,1.3240562261478694e-38,10
UniGCN,restart,base,186,1.0872994297292909e-38,1.613432216540389e-39,9.25956208075252e-39,1.2486426513833299e-38,10
UniGCN,restart,base,187,1.0284114468867338e-38,1.5226583829908034e-39,8.761456085876534e-39,1.1806772851858142e-38,10
UniGCN,restart,base,188,9.718968576508824e-39,1.4837932547141406e-39,8.235175321794684e-39,1.1202761831222964e-38,10
UniGCN,restart,base,189,9.186085164492097e-39,1.360601317200552e-39,7.825483847291546e-39,1.0546686481692649e-38,10
UniGCN,restart,base,190,8.658697793632193e-39,1.2685667718097265e-39,7.390131021822466e-39,9.92726456544192e-39,10
UniGCN,restart,base,191,8.186817228914547e-39,1.2266076668036888e-39,6.960209562110859e-39,9.413424895718235e-39,10
UniGCN,restart,base,192,7.742539767831282e-39,1.1793806437307465e-39,6.563159124100536e-39,8.921920411562028e-39,10
UniGCN,restart,base,193,7.297228532983264e-39,1.1067724017620631e-39,6.190456131221201e-39,8.404000934745327e-39,10
UniGCN,restart,base,194,6.917963654395793e-39,1.041847252269394e-39,5.876116402126399e-39,7.959810906665188e-39,10
UniGCN,restart,base,195,6.549053006706371e-39,9.76763931965769e-40,5.572289074740602e-39,7.52581693867214e-39,10
UniGCN,restart,base,196,6.174593846590614e-39,8.987168440109655e-40,5.2758770025796485e-39,7.07331069060158e-39,10
UniGCN,restart,base,197,5.866319125602332e-39,8.852691187620635e-40,4.981050006840269e-39,6.751588244364396e-39,10
UniGCN,restart,base,198,5.520038343126418e-39,8.091545339728492e-40,4.710883809153569e-39,6.329192877099267e-39,10
UniGCN,restart,base,199,5.2264217466115416e-39,7.405046973581633e-40,4.485917049253378e-39,5.966926443969705e-39,10
UniGCN,restart,base,200,4.9519883981269756e-39,7.418639491027318e-40,4.210124449024244e-39,5.693852347229707e-39,10
UniGCN,restart,base,201,4.671739483250958e-39,7.0934826000222315e-40,3.962391223248735e-39,5.381087743253181e-39,10
UniGCN,restart,base,202,4.3998354779740465e-39,6.655376495239179e-40,3.7342978284501286e-39,5.0653731274979644e-39,10
UniGCN,restart,base,203,4.169377091812565e-39,6.349935677340075e-40,3.534383524078558e-39,4.8043706595465726e-39,10
UniGCN,restart,base,204,3.9423138613879035e-39,5.957594203552865e-40,3.346554441032617e-39,4.53807328174319e-39,10
UniGCN,restart,base,205,3.7282515682920294e-39,5.540402567458587e-40,3.1742113115461705e-39,4.2822918250378883e-39,10
UniGCN,restart,base,206,3.533440496844374e-39,5.185431296684782e-40,3.014897367175896e-39,4.051983626512852e-39,10
UniGCN,restart,base,207,3.3351473234209446e-39,4.925649192778449e-40,2.8425824041430995e-39,3.8277122426987896e-39,10
UniGCN,restart,base,208,3.134114930892246e-39,4.572648247847606e-40,2.6768501061074852e-39,3.5913797556770066e-39,10
UniGCN,restart,base,209,2.9828378682360654e-39,4.45038159642315e-40,2.5377997085937503e-39,3.42787602787838e-39,10
UniGCN,restart,base,210,2.8096735876823455e-39,4.172953669385749e-40,2.3923782207437706e-39,3.22696895462092e-39,10
UniGCN,restart,base,211,2.6572782739424572e-39,4.0325653172518134e-40,2.2540217422172757e-39,3.060534805667639e-39,10
UniGCN,restart,base,212,2.5039955722180523e-39,3.772758213587736e-40,2.126719750859279e-39,2.8812713935768258e-39,10
UniGCN,restart,base,213,2.3665860380482285e-39,3.3961122747146424e-40,2.0269748105767643e-39,2.7061972655196928e-39,10
UniGCN,restart,base,214,2.2348481270664438e-39,3.2471346750610354e-40,1.9101346595603402e-39,2.5595615945725474e-39,10
UniGCN,restart,base,215,2.1095875871339646e-39,3.0541675363335697e-40,1.8041708335006075e-39,2.4150043407673217e-39,10
UniGCN,restart,base,216,1.9977265321109586e-39,2.894872085443868e-40,1.7082393235665718e-39,2.2872137406553455e-39,10
UniGCN,restart,base,217,1.882004420829803e-39,2.756088259844453e-40,1.606395594845358e-39,2.1576132468142483e-39,10
UniGCN,restart,base,218,1.7846062602022322e-39,2.5776738268137923e-40,1.5268388775208528e-39,2.0423736428836115e-39,10
UniGCN,restart,base,219,1.6841308869040247e-39,2.460584095146096e-40,1.4380724773894152e-39,1.9301892964186343e-39,10
UniGCN,restart,base,220,1.5935047120935282e-39,2.3469736713343737e-40,1.3588073449600908e-39,1.8282020792269654e-39,10
UniGCN,restart,base,221,1.5129982430707437e-39,2.216368567328723e-40,1.2913613863378715e-39,1.734635099803616e-39,10
UniGCN,restart,base,222,1.4243927714719429e-39,2.0584517561518043e-40,1.2185475958567625e-39,1.6302379470871234e-39,10
UniGCN,restart,base,223,1.347316344663396e-39,2.0059334938165967e-40,1.1467229952817364e-39,1.5479096940450556e-39,10
UniGCN,restart,base,224,1.2754096049201608e-39,1.871609192393913e-40,1.0882486856807695e-39,1.4625705241595522e-39,10
UniGCN,restart,base,225,1.199534958482316e-39,1.7748256385813848e-40,1.0220523946241776e-39,1.3770175223404545e-39,10
UniGCN,restart,base,226,1.1354998936688289e-39,1.6970787829837762e-40,9.657920153704512e-40,1.3052077719672066e-39,10
UniGCN,restart,base,227,1.0775626001682666e-39,1.605471508593626e-40,9.17015449308904e-40,1.2381097510276291e-39,10
UniGCN,restart,base,228,1.0200393319169512e-39,1.5576100904196652e-40,8.642783228749847e-40,1.1758003409589176e-39,10
UniGCN,restart,base,229,9.620796438931497e-40,1.3937116646238e-40,8.227084774307698e-40,1.1014508103555297e-39,10
UniGCN,restart,base,230,9.121957457351312e-40,1.3543922962732343e-40,7.767565161078078e-40,1.0476349753624546e-39,10
UniGCN,restart,base,231,8.607003606807491e-40,1.314929344276144e-40,7.2920742625313475e-40,9.921932951083635e-40,10
UniGCN,restart,base,232,8.134086829993088e-40,1.228480340528881e-40,6.9056064894642066e-40,9.36256717052197e-40,10
UniGCN,restart,base,233,7.685064335568961e-40,1.1450616547676754e-40,6.540002680801285e-40,8.830125990336636e-40,10
UniGCN,restart,base,234,7.258982911540937e-40,1.079925743437981e-40,6.1790571681029555e-40,8.338908654978917e-40,10
UniGCN,restart,base,235,6.85129294067108e-40,1.0108056437422715e-40,5.8404872969288084e-40,7.862098584413351e-40,10
UniGCN,restart,base,236,6.488060702241305e-40,9.73946852028376e-41,5.514113850212929e-40,7.46200755426968e-40,10
UniGCN,restart,base,237,6.1440060451276786e-40,9.19290650930471e-41,5.224715394197207e-40,7.06329669605815e-40,10
UniGCN,restart,base,238,5.792950624848405e-40,8.485992705437105e-41,4.944351354304694e-40,6.6415498953921154e-40,10
UniGCN,restart,base,239,5.47117515242658e-40,7.769099348616279e-41,4.6942652175649525e-40,6.248085087288208e-40,10
UniGCN,restart,base,240,5.1795182547396975e-40,7.674789152743933e-41,4.412039339465304e-40,5.946997170014091e-40,10
UniGCN,restart,base,241,4.888454932421663e-40,7.260296988177885e-41,4.162425233603875e-40,5.6144846312394515e-40,10
UniGCN,restart,base,242,4.609506542375957e-40,6.787491045782798e-41,3.930757437797677e-40,5.2882556469542366e-40,10
UniGCN,restart,base,243,4.357462743578851e-40,6.567211327973522e-41,3.700741610781499e-40,5.014183876376203e-40,10
UniGCN,restart,base,244,4.113833222797182e-40,6.038605493723011e-41,3.5099726734248807e-40,4.717693772169483e-40,10
UniGCN,restart,base,245,3.890402832787606e-40,5.79372288778063e-41,3.311030544009543e-40,4.46977512156567e-40,10
UniGCN,restart,base,246,3.689597736277228e-40,5.516327495330794e-41,3.137964986744149e-40,4.2412304858103075e-40,10
UniGCN,restart,base,247,3.4805465491294675e-40,5.183448918740572e-41,2.9622016572554104e-40,3.9988914410035245e-40,10
UniGCN,restart,base,248,3.2963065381888615e-40,4.877477783200699e-41,2.8085587598687915e-40,3.7840543165089314e-40,10
UniGCN,restart,base,249,3.119602389086734e-40,4.591836823983202e-41,2.660418706688414e-40,3.5787860714850545e-40,10
UniGCN,restart,base,250,2.9409369361270053e-40,4.4280704174815583e-41,2.4981298943788494e-40,3.383743977875161e-40,10
UniGCN,restart,base,251,2.7785288345910935e-40,4.16797796769241e-41,2.3617310378218525e-40,3.1953266313603344e-40,10
UniGCN,restart,base,252,2.6295455360697348e-40,3.932891510042579e-41,2.236256385065477e-40,3.0228346870739926e-40,10
UniGCN,restart,base,253,2.480269408937896e-40,3.7287938415011947e-41,2.1073900247877765e-40,2.8531487930880154e-40,10
UniGCN,restart,base,254,2.345004712478757e-40,3.4609504397834924e-41,1.9989096685004077e-40,2.691099756457106e-40,10
UniGCN,restart,base,255,2.22383400973329e-40,3.245604468684773e-41,1.8992735628648128e-40,2.5483944566017676e-40,10
UniGCN,restart,base,256,2.1002979413087267e-40,3.11923505168856e-41,1.7883744361398706e-40,2.4122214464775828e-40,10
UniGCN,restart,restart,0,1.0,0.0,1.0,1.0,10
UniGCN,restart,restart,1,0.05550956101474537,0.0001584186750908232,0.05535114233965455,0.055667979689836194,10
UniGCN,restart,restart,2,0.019868238204762717,5.017493762960818e-05,0.019818063267133108,0.019918413142392326,10
UniGCN,restart,restart,3,0.015048638602148865,2.6714131368092296e-05,0.015021924470780773,0.015075352733516957,10
UniGCN,restart,restart,4,0.013955223851147072,1.8295492985852736e-05,0.013936928358161219,0.013973519344132925,10
UniGCN,restart,restart,5,0.013627844406751567,1.4854321212515754e-05,0.01361299008553905,0.013642698727964083,10
UniGCN,restart,restart,6,0.01351127086356756,1.3360431178641198e-05,0.013497910432388918,0.013524631294746202,10
UniGCN,restart,restart,7,0.01346441898523169,1.2653052668671715e-05,0.013451765932563019,0.013477072037900361,10
UniGCN,restart,restart,8,0.01344378190379647,1.2283900823964223e-05,0.013431498002972506,0.013456065804620434,10
UniGCN,restart,restart,9,0.013434005399878757,1.207511757068377e-05,0.013421930282308073,0.013446080517449442,10
UniGCN,restart,restart,10,0.013429089796944443,1.1950283284145764e-05,0.013417139513660296,0.013441040080228589,10
UniGCN,restart,restart,11,0.01342649284110983,1.187299325769898e-05,0.01341461984785213,0.013438365834367529,10
UniGCN,restart,restart,12,0.013425062938734291,1.1824131484260673e-05,0.01341323880725003,0.013436887070218553,10
UniGCN,restart,restart,13,0.013424248091049907,1.1792863355521441e-05,0.013412455227694386,0.013436040954405428,10
UniGCN,restart,restart,14,0.013423770421678801,1.1772712733085443e-05,0.013411997708945715,0.013435543134411887,10
UniGCN,restart,restart,15,0.013423483904253585,1.175967390243525e-05,0.01341172423035115,0.01343524357815602,10
UniGCN,restart,restart,16,0.013423308849361668,1.1751216759988996e-05,0.013411557632601679,0.013435060066121657,10
UniGCN,restart,restart,17,0.013423200318422073,1.1745723317180221e-05,0.013411454595104892,0.013434946041739254,10
UniGCN,restart,restart,18,0.013423132248591407,1.1742151456505803e-05,0.013411390097134901,0.013434874400047913,10
UniGCN,restart,restart,19,0.01342308916440459,1.1739827241422716e-05,0.013411349337163167,0.013434828991646013,10
UniGCN,restart,restart,20,0.013423061697091699,1.1738313838610873e-05,0.013411323383253088,0.013434800010930309,10
UniGCN,restart,restart,21,0.013423044084955513,1.1737327725608248e-05,0.013411306757229905,0.013434781412681122,10
UniGCN,restart,restart,22,0.013423032739598495,1.1736684732179408e-05,0.013411296054866316,0.013434769424330674,10
UniGCN,restart,restart,23,0.013423025403526231,1.173626515247571e-05,0.013411289138373755,0.013434761668678708,10
UniGCN,restart,restart,24,0.013423020645069408,1.1735991138918687e-05,0.01341128465393049,0.013434756636208326,10
UniGCN,restart,restart,25,0.013423017550426412,1.1735812037477428e-05,0.013411281738388934,0.01343475336246389,10
UniGCN,restart,restart,26,0.013423015533305754,1.1735694868621398e-05,0.013411279838437132,0.013434751228174375,10
UniGCN,restart,restart,27,0.01342301421595144,1.1735618145848868e-05,0.01341127859780559,0.013434749834097289,10
UniGCN,restart,restart,28,0.01342301335411836,1.1735567860156396e-05,0.013411277786258204,0.013434748921978518,10
UniGCN,restart,restart,29,0.013423012789422175,1.173553487047586e-05,0.013411277254551698,0.013434748324292652,10
UniGCN,restart,restart,30,0.013423012418899715,1.1735513207029559e-05,0.013411276905692686,0.013434747932106745,10
UniGCN,restart,restart,31,0.013423012175471566,1.1735498967616752e-05,0.01341127667650395,0.013434747674439182,10
UniGCN,restart,restart,32,0.013423012015353253,1.1735489599151413e-05,0.013411276525754101,0.013434747504952405,10
UniGCN,restart,restart,33,0.013423011909917165,1.1735483429629212e-05,0.013411276426487536,0.013434747393346793,10
UniGCN,restart,restart,34,0.013423011840417156,1.1735479363002936e-05,0.013411276361054153,0.01343474731978016,10
UniGCN,restart,restart,35,0.013423011794560657,1.1735476680081692e-05,0.013411276317880576,0.013434747271240739,10
UniGCN,restart,restart,36,0.013423011764276616,1.1735474908491414e-05,0.013411276289368125,0.013434747239185108,10
UniGCN,restart,restart,37,0.013423011744259463,1.1735473737672585e-05,0.01341127627052179,0.013434747217997136,10
UniGCN,restart,restart,38,0.013423011731017653,1.1735472963256062e-05,0.013411276258054397,0.013434747203980909,10
UniGCN,restart,restart,39,0.013423011722251063,1.1735472450618223e-05,0.013411276249800446,0.01343474719470168,10
UniGCN,restart,restart,40,0.013423011716442923,1.1735472111008767e-05,0.013411276244331914,0.013434747188553932,10
UniGCN,restart,restart,41,0.013423011712592128,1.1735471885858341e-05,0.013411276240706269,0.013434747184477987,10
UniGCN,restart,restart,42,0.013423011710037328,1.1735471736483911e-05,0.013411276238300844,0.013434747181773812,10
UniGCN,restart,restart,43,0.013423011708341264,1.17354716373145e-05,0.01341127623670395,0.01343474717997858,10
UniGCN,restart,restart,44,0.013423011707214596,1.1735471571431058e-05,0.013411276235643164,0.013434747178786028,10
UniGCN,restart,restart,45,0.013423011706465732,1.1735471527634867e-05,0.013411276234938097,0.013434747177993367,10
UniGCN,restart,restart,46,0.013423011705967705,1.173547149850441e-05,0.0134112762344692,0.013434747177466209,10
UniGCN,restart,restart,47,0.013423011705636315,1.1735471479116706e-05,0.013411276234157199,0.013434747177115432,10
UniGCN,restart,restart,48,0.013423011705415697,1.1735471466204243e-05,0.013411276233949493,0.0134347471768819,10
UniGCN,restart,restart,49,0.013423011705268748,1.173547145760251e-05,0.013411276233811146,0.013434747176726351,10
UniGCN,restart,restart,50,0.013423011705170827,1.1735471451870079e-05,0.013411276233718957,0.013434747176622696,10
UniGCN,restart,restart,51,0.013423011705105542,1.17354714480451e-05,0.013411276233657498,0.013434747176553586,10
UniGCN,restart,restart,52,0.013423011705062002,1.173547144549463e-05,0.013411276233616508,0.013434747176507496,10
UniGCN,restart,restart,53,0.013423011705032952,1.1735471443790589e-05,0.013411276233589162,0.013434747176476743,10
UniGCN,restart,restart,54,0.01342301170501356,1.1735471442653545e-05,0.013411276233570907,0.013434747176456213,10
UniGCN,restart,restart,55,0.013423011705000612,1.173547144189558e-05,0.013411276233558717,0.013434747176442507,10
UniGCN,restart,restart,56,0.013423011704991963,1.173547144138583e-05,0.013411276233550576,0.01343474717643335,10
UniGCN,restart,restart,57,0.013423011704986184,1.1735471441046288e-05,0.013411276233545138,0.01343474717642723,10
UniGCN,restart,restart,58,0.013423011704982321,1.1735471440818823e-05,0.013411276233541502,0.01343474717642314,10
UniGCN,restart,restart,59,0.013423011704979736,1.1735471440667516e-05,0.013411276233539068,0.013434747176420405,10
UniGCN,restart,restart,60,0.01342301170497801,1.1735471440566915e-05,0.013411276233537443,0.013434747176418578,10
UniGCN,restart,restart,61,0.013423011704976857,1.1735471440498771e-05,0.013411276233536358,0.013434747176417355,10
UniGCN,restart,restart,62,0.013423011704976081,1.1735471440452559e-05,0.013411276233535628,0.013434747176416535,10
UniGCN,restart,restart,63,0.013423011704975566,1.173547144042271e-05,0.013411276233535144,0.013434747176415988,10
UniGCN,restart,restart,64,0.013423011704975216,1.1735471440402816e-05,0.013411276233534813,0.013434747176415619,10
UniGCN,restart,restart,65,0.013423011704974985,1.1735471440388488e-05,0.013411276233534596,0.013434747176415374,10
UniGCN,restart,restart,66,0.01342301170497483,1.1735471440379116e-05,0.013411276233534452,0.01343474717641521,10
UniGCN,restart,restart,67,0.013423011704974726,1.17354714403734e-05,0.013411276233534353,0.0134347471764151,10
UniGCN,restart,restart,68,0.013423011704974655,1.1735471440368237e-05,0.013411276233534287,0.013434747176415024,10
UniGCN,restart,restart,69,0.01342301170497461,1.1735471440366392e-05,0.013411276233534244,0.013434747176414977,10
UniGCN,restart,restart,70,0.01342301170497458,1.1735471440364547e-05,0.013411276233534216,0.013434747176414946,10
UniGCN,restart,restart,71,0.013423011704974558,1.1735471440362736e-05,0.013411276233534195,0.013434747176414921,10
UniGCN,restart,restart,72,0.013423011704974544,1.1735471440361855e-05,0.013411276233534183,0.013434747176414906,10
UniGCN,restart,restart,73,0.013423011704974536,1.1735471440362365e-05,0.013411276233534173,0.013434747176414899,10
UniGCN,restart,restart,74,0.013423011704974527,1.1735471440362201e-05,0.013411276233534164,0.01343474717641489,10
UniGCN,restart,restart,75,0.013423011704974525,1.1735471440360915e-05,0.013411276233534164,0.013434747176414887,10
UniGCN,restart,restart,76,0.013423011704974522,1.1735471440360256e-05,0.013411276233534162,0.013434747176414881,10
UniGCN,restart,restart,77,0.013423011704974518,1.173547144036123e-05,0.013411276233534157,0.01343474717641488,10
UniGCN,restart,restart,78,0.013423011704974517,1.1735471440360288e-05,0.013411276233534157,0.013434747176414876,10
UniGCN,restart,restart,79,0.013423011704974517,1.1735471440360385e-05,0.013411276233534157,0.013434747176414876,10
UniGCN,restart,restart,80,0.013423011704974513,1.1735471440360087e-05,0.013411276233534154,0.013434747176414873,10
UniGCN,restart,restart,81,0.013423011704974517,1.173547144036064e-05,0.013411276233534155,0.013434747176414878,10
UniGCN,restart,restart,82,0.013423011704974513,1.1735471440359963e-05,0.013411276233534154,0.013434747176414873,10
UniGCN,restart,restart,83,0.013423011704974513,1.1735471440361052e-05,0.013411276233534152,0.013434747176414874,10
UniGCN,restart,restart,84,0.013423011704974513,1.173547144035991e-05,0.013411276233534154,0.013434747176414873,10
UniGCN,restart,restart,85,0.013423011704974517,1.1735471440360134e-05,0.013411276233534157,0.013434747176414876,10
UniGCN,restart,restart,86,0.013423011704974513,1.1735471440360053e-05,0.013411276233534154,0.013434747176414873,10
UniGCN,restart,restart,87,0.013423011704974517,1.1735471440360197e-05,0.013411276233534157,0.013434747176414876,10
UniGCN,restart,restart,88,0.013423011704974513,1.1735471440360143e-05,0.013411276233534154,0.013434747176414873,10
UniGCN,restart,restart,89,0.013423011704974513,1.1735471440360473e-05,0.013411276233534152,0.013434747176414874,10
UniGCN,restart,restart,90,0.013423011704974513,1.1735471440360422e-05,0.013411276233534152,0.013434747176414874,10
UniGCN,restart,restart,91,0.013423011704974513,1.1735471440361208e-05,0.013411276233534152,0.013434747176414874,10
UniGCN,restart,restart,92,0.013423011704974513,1.1735471440359687e-05,0.013411276233534154,0.013434747176414873,10
UniGCN,restart,restart,93,0.013423011704974513,1.1735471440360314e-05,0.013411276233534154,0.013434747176414873,10
UniGCN,restart,restart,94,0.013423011704974513,1.1735471440360287e-05,0.013411276233534154,0.013434747176414873,10
UniGCN,restart,restart,95,0.013423011704974513,1.1735471440360625e-05,0.013411276233534152,0.013434747176414874,10
UniGCN,restart,restart,96,0.013423011704974513,1.1735471440360129e-05,0.013411276233534154,0.013434747176414873,10
UniGCN,restart,restart,97,0.013423011704974513,1.1735471440360612e-05,0.013411276233534152,0.013434747176414874,10
UniGCN,restart,restart,98,0.013423011704974513,1.173547144036038e-05,0.013411276233534154,0.013434747176414873,10
UniGCN,restart,restart,99,0.013423011704974517,1.1735471440360283e-05,0.013411276233534157,0.013434747176414876,10
UniGCN,restart,restart,100,0.013423011704974513,1.1735471440360495e-05,0.013411276233534152,0.013434747176414874,10
UniGCN,restart,restart,101,0.013423011704974513,1.1735471440359888e-05,0.013411276233534154,0.013434747176414873,10
UniGCN,restart,restart,102,0.013423011704974513,1.1735471440360119e-05,0.013411276233534154,0.013434747176414873,10
UniGCN,restart,restart,103,0.013423011704974513,1.1735471440360041e-05,0.013411276233534154,0.013434747176414873,10
UniGCN,restart,restart,104,0.013423011704974513,1.1735471440359768e-05,0.013411276233534154,0.013434747176414873,10
UniGCN,restart,restart,105,0.013423011704974513,1.1735471440360393e-05,0.013411276233534154,0.013434747176414873,10
UniGCN,restart,restart,106,0.013423011704974513,1.1735471440359108e-05,0.013411276233534154,0.013434747176414873,10
UniGCN,restart,restart,107,0.013423011704974513,1.1735471440359838e-05,0.013411276233534154,0.013434747176414873,10
UniGCN,restart,restart,108,0.013423011704974513,1.1735471440360124e-05,0.013411276233534154,0.013434747176414873,10
UniGCN,restart,restart,109,0.013423011704974513,1.1735471440360012e-05,0.013411276233534154,0.013434747176414873,10
UniGCN,restart,restart,110,0.013423011704974513,1.1735471440360183e-05,0.013411276233534154,0.013434747176414873,10
UniGCN,restart,restart,111,0.013423011704974513,1.1735471440360498e-05,0.013411276233534152,0.013434747176414874,10
UniGCN,restart,restart,112,0.013423011704974513,1.173547144035983e-05,0.013411276233534154,0.013434747176414873,10
UniGCN,restart,restart,113,0.013423011704974513,1.1735471440359804e-05,0.013411276233534154,0.013434747176414873,10
UniGCN,restart,restart,114,0.013423011704974513,1.1735471440359905e-05,0.013411276233534154,0.013434747176414873,10
UniGCN,restart,restart,115,0.013423011704974513,1.1735471440359636e-05,0.013411276233534154,0.013434747176414873,10
UniGCN,restart,restart,116,0.013423011704974513,1.1735471440360378e-05,0.013411276233534154,0.013434747176414873,10
UniGCN,restart,restart,117,0.013423011704974513,1.1735471440360539e-05,0.013411276233534152,0.013434747176414874,10
UniGCN,restart,restart,118,0.013423011704974513,1.1735471440359844e-05,0.013411276233534154,0.013434747176414873,10
UniGCN,restart,restart,119,0.013423011704974513,1.1735471440359423e-05,0.013411276233534154,0.013434747176414873,10
UniGCN,restart,restart,120,0.013423011704974513,1.1735471440360551e-05,0.013411276233534152,0.013434747176414874,10
UniGCN,restart,restart,121,0.013423011704974513,1.1735471440361481e-05,0.013411276233534152,0.013434747176414874,10
UniGCN,restart,restart,122,0.013423011704974513,1.1735471440360024e-05,0.013411276233534154,0.013434747176414873,10
UniGCN,restart,restart,123,0.013423011704974513,1.1735471440360946e-05,0.013411276233534152,0.013434747176414874,10
UniGCN,restart,restart,124,0.013423011704974513,1.1735471440360502e-05,0.013411276233534152,0.013434747176414874,10
UniGCN,restart,restart,125,0.013423011704974513,1.1735471440360517e-05,0.013411276233534152,0.013434747176414874,10
UniGCN,restart,restart,126,0.013423011704974513,1.1735471440359638e-05,0.013411276233534154,0.013434747176414873,10
UniGCN,restart,restart,127,0.013423011704974513,1.1735471440360663e-05,0.013411276233534152,0.013434747176414874,10
UniGCN,restart,restart,128,0.013423011704974513,1.1735471440360817e-05,0.013411276233534152,0.013434747176414874,10
UniGCN,restart,restart,129,0.013423011704974513,1.1735471440360063e-05,0.013411276233534154,0.013434747176414873,10
UniGCN,restart,restart,130,0.013423011704974513,1.1735471440360014e-05,0.013411276233534154,0.013434747176414873,10
UniGCN,restart,restart,131,0.013423011704974513,1.173547144036002e-05,0.013411276233534154,0.013434747176414873,10
UniGCN,restart,restart,132,0.013423011704974513,1.1735471440359706e-05,0.013411276233534154,0.013434747176414873,10
UniGCN,restart,restart,133,0.013423011704974513,1.1735471440360097e-05,0.013411276233534154,0.013434747176414873,10
UniGCN,restart,restart,134,0.013423011704974513,1.1735471440360029e-05,0.013411276233534154,0.013434747176414873,10
UniGCN,restart,restart,135,0.013423011704974513,1.173547144035997e-05,0.013411276233534154,0.013434747176414873,10
UniGCN,restart,restart,136,0.013423011704974513,1.1735471440360839e-05,0.013411276233534152,0.013434747176414874,10
UniGCN,restart,restart,137,0.013423011704974513,1.1735471440359492e-05,0.013411276233534154,0.013434747176414873,10
UniGCN,restart,restart,138,0.013423011704974513,1.1735471440360199e-05,0.013411276233534154,0.013434747176414873,10
UniGCN,restart,restart,139,0.013423011704974513,1.1735471440359555e-05,0.013411276233534154,0.013434747176414873,10
UniGCN,restart,restart,140,0.013423011704974513,1.1735471440359961e-05,0.013411276233534154,0.013434747176414873,10
UniGCN,restart,restart,141,0.013423011704974513,1.1735471440360275e-05,0.013411276233534154,0.013434747176414873,10
UniGCN,restart,restart,142,0.013423011704974513,1.1735471440360112e-05,0.013411276233534154,0.013434747176414873,10
UniGCN,restart,restart,143,0.013423011704974513,1.1735471440360165e-05,0.013411276233534154,0.013434747176414873,10
UniGCN,restart,restart,144,0.013423011704974513,1.1735471440359387e-05,0.013411276233534154,0.013434747176414873,10
UniGCN,restart,restart,145,0.013423011704974513,1.1735471440360351e-05,0.013411276233534154,0.013434747176414873,10
UniGCN,restart,restart,146,0.013423011704974517,1.1735471440360055e-05,0.013411276233534157,0.013434747176414876,10
UniGCN,restart,restart,147,0.013423011704974513,1.1735471440360795e-05,0.013411276233534152,0.013434747176414874,10
UniGCN,restart,restart,148,0.013423011704974513,1.1735471440359999e-05,0.013411276233534154,0.013434747176414873,10
UniGCN,restart,restart,149,0.013423011704974513,1.1735471440359992e-05,0.013411276233534154,0.013434747176414873,10
UniGCN,restart,restart,150,0.013423011704974513,1.1735471440359909e-05,0.013411276233534154,0.013434747176414873,10
UniGCN,restart,restart,151,0.013423011704974513,1.1735471440359672e-05,0.013411276233534154,0.013434747176414873,10
UniGCN,restart,restart,152,0.013423011704974517,1.1735471440360273e-05,0.013411276233534157,0.013434747176414876,10
UniGCN,restart,restart,153,0.013423011704974513,1.1735471440359741e-05,0.013411276233534154,0.013434747176414873,10
UniGCN,restart,restart,154,0.013423011704974513,1.173547144035998e-05,0.013411276233534154,0.013434747176414873,10
UniGCN,restart,restart,155,0.013423011704974513,1.173547144036041e-05,0.013411276233534152,0.013434747176414874,10
UniGCN,restart,restart,156,0.013423011704974513,1.1735471440359851e-05,0.013411276233534154,0.013434747176414873,10
UniGCN,restart,restart,157,0.013423011704974513,1.1735471440360077e-05,0.013411276233534154,0.013434747176414873,10
UniGCN,restart,restart,158,0.013423011704974513,1.1735471440360063e-05,0.013411276233534154,0.013434747176414873,10
UniGCN,restart,restart,159,0.013423011704974513,1.1735471440359777e-05,0.013411276233534154,0.013434747176414873,10
UniGCN,restart,restart,160,0.013423011704974513,1.1735471440359341e-05,0.013411276233534154,0.013434747176414873,10
UniGCN,restart,restart,161,0.013423011704974513,1.173547144035912e-05,0.013411276233534154,0.013434747176414873,10
UniGCN,restart,restart,162,0.013423011704974513,1.1735471440360873e-05,0.013411276233534152,0.013434747176414874,10
UniGCN,restart,restart,163,0.013423011704974513,1.1735471440360632e-05,0.013411276233534152,0.013434747176414874,10
UniGCN,restart,restart,164,0.013423011704974513,1.1735471440360844e-05,0.013411276233534152,0.013434747176414874,10
UniGCN,restart,restart,165,0.013423011704974513,1.1735471440360346e-05,0.013411276233534154,0.013434747176414873,10
UniGCN,restart,restart,166,0.013423011704974513,1.173547144036002e-05,0.013411276233534154,0.013434747176414873,10
UniGCN,restart,restart,167,0.013423011704974513,1.1735471440359802e-05,0.013411276233534154,0.013434747176414873,10
UniGCN,restart,restart,168,0.013423011704974513,1.1735471440361254e-05,0.013411276233534152,0.013434747176414874,10
UniGCN,restart,restart,169,0.013423011704974513,1.1735471440360812e-05,0.013411276233534152,0.013434747176414874,10
UniGCN,restart,restart,170,0.013423011704974513,1.17354714403598e-05,0.013411276233534154,0.013434747176414873,10
UniGCN,restart,restart,171,0.013423011704974513,1.1735471440359556e-05,0.013411276233534154,0.013434747176414873,10
UniGCN,restart,restart,172,0.013423011704974513,1.1735471440360835e-05,0.013411276233534152,0.013434747176414874,10
UniGCN,restart,restart,173,0.013423011704974513,1.1735471440360493e-05,0.013411276233534152,0.013434747176414874,10
UniGCN,restart,restart,174,0.013423011704974513,1.17354714403604e-05,0.013411276233534154,0.013434747176414873,10
UniGCN,restart,restart,175,0.013423011704974513,1.1735471440360366e-05,0.013411276233534154,0.013434747176414873,10
UniGCN,restart,restart,176,0.013423011704974513,1.1735471440360773e-05,0.013411276233534152,0.013434747176414874,10
UniGCN,restart,restart,177,0.013423011704974513,1.173547144036019e-05,0.013411276233534154,0.013434747176414873,10
UniGCN,restart,restart,178,0.013423011704974513,1.1735471440360427e-05,0.013411276233534152,0.013434747176414874,10
UniGCN,restart,restart,179,0.013423011704974513,1.173547144036019e-05,0.013411276233534154,0.013434747176414873,10
UniGCN,restart,restart,180,0.013423011704974513,1.1735471440360578e-05,0.013411276233534152,0.013434747176414874,10
UniGCN,restart,restart,181,0.013423011704974513,1.1735471440361057e-05,0.013411276233534152,0.013434747176414874,10
UniGCN,restart,restart,182,0.013423011704974513,1.1735471440360365e-05,0.013411276233534154,0.013434747176414873,10
UniGCN,restart,restart,183,0.013423011704974513,1.1735471440359643e-05,0.013411276233534154,0.013434747176414873,10
UniGCN,restart,restart,184,0.013423011704974513,1.1735471440360014e-05,0.013411276233534154,0.013434747176414873,10
UniGCN,restart,restart,185,0.013423011704974513,1.1735471440359756e-05,0.013411276233534154,0.013434747176414873,10
UniGCN,restart,restart,186,0.013423011704974513,1.1735471440360902e-05,0.013411276233534152,0.013434747176414874,10
UniGCN,restart,restart,187,0.013423011704974513,1.173547144035939e-05,0.013411276233534154,0.013434747176414873,10
UniGCN,restart,restart,188,0.013423011704974513,1.1735471440360373e-05,0.013411276233534154,0.013434747176414873,10
UniGCN,restart,restart,189,0.013423011704974513,1.17354714403601e-05,0.013411276233534154,0.013434747176414873,10
UniGCN,restart,restart,190,0.013423011704974513,1.1735471440360005e-05,0.013411276233534154,0.013434747176414873,10
UniGCN,restart,restart,191,0.013423011704974513,1.1735471440360038e-05,0.013411276233534154,0.013434747176414873,10
UniGCN,restart,restart,192,0.013423011704974517,1.1735471440360317e-05,0.013411276233534157,0.013434747176414876,10
UniGCN,restart,restart,193,0.013423011704974513,1.173547144035946e-05,0.013411276233534154,0.013434747176414873,10
UniGCN,restart,restart,194,0.013423011704974513,1.1735471440360432e-05,0.013411276233534152,0.013434747176414874,10
UniGCN,restart,restart,195,0.013423011704974517,1.1735471440360354e-05,0.013411276233534157,0.013434747176414876,10
UniGCN,restart,restart,196,0.013423011704974513,1.1735471440361442e-05,0.013411276233534152,0.013434747176414874,10
UniGCN,restart,restart,197,0.013423011704974513,1.1735471440359914e-05,0.013411276233534154,0.013434747176414873,10
UniGCN,restart,restart,198,0.013423011704974513,1.1735471440361281e-05,0.013411276233534152,0.013434747176414874,10
UniGCN,restart,restart,199,0.013423011704974513,1.1735471440360114e-05,0.013411276233534154,0.013434747176414873,10
UniGCN,restart,restart,200,0.013423011704974513,1.1735471440360493e-05,0.013411276233534152,0.013434747176414874,10
UniGCN,restart,restart,201,0.013423011704974513,1.1735471440360944e-05,0.013411276233534152,0.013434747176414874,10
UniGCN,restart,restart,202,0.013423011704974513,1.1735471440360514e-05,0.013411276233534152,0.013434747176414874,10
UniGCN,restart,restart,203,0.013423011704974513,1.1735471440360109e-05,0.013411276233534154,0.013434747176414873,10
UniGCN,restart,restart,204,0.013423011704974513,1.1735471440360017e-05,0.013411276233534154,0.013434747176414873,10
UniGCN,restart,restart,205,0.013423011704974513,1.1735471440359606e-05,0.013411276233534154,0.013434747176414873,10
UniGCN,restart,restart,206,0.013423011704974513,1.1735471440359904e-05,0.013411276233534154,0.013434747176414873,10
UniGCN,restart,restart,207,0.013423011704974513,1.173547144036122e-05,0.013411276233534152,0.013434747176414874,10
UniGCN,restart,restart,208,0.013423011704974513,1.1735471440360112e-05,0.013411276233534154,0.013434747176414873,10
UniGCN,restart,restart,209,0.013423011704974513,1.173547144035987e-05,0.013411276233534154,0.013434747176414873,10
UniGCN,restart,restart,210,0.013423011704974513,1.1735471440359997e-05,0.013411276233534154,0.013434747176414873,10
UniGCN,restart,restart,211,0.013423011704974513,1.1735471440360214e-05,0.013411276233534154,0.013434747176414873,10
UniGCN,restart,restart,212,0.013423011704974513,1.1735471440360141e-05,0.013411276233534154,0.013434747176414873,10
UniGCN,restart,restart,213,0.013423011704974513,1.1735471440359868e-05,0.013411276233534154,0.013434747176414873,10
UniGCN,restart,restart,214,0.013423011704974513,1.1735471440360442e-05,0.013411276233534152,0.013434747176414874,10
UniGCN,restart,restart,215,0.013423011704974513,1.1735471440361027e-05,0.013411276233534152,0.013434747176414874,10
UniGCN,restart,restart,216,0.013423011704974513,1.1735471440360405e-05,0.013411276233534154,0.013434747176414873,10
UniGCN,restart,restart,217,0.013423011704974513,1.1735471440359734e-05,0.013411276233534154,0.013434747176414873,10
UniGCN,restart,restart,218,0.013423011704974513,1.1735471440360561e-05,0.013411276233534152,0.013434747176414874,10
UniGCN,restart,restart,219,0.013423011704974517,1.1735471440360619e-05,0.013411276233534155,0.013434747176414878,10
UniGCN,restart,restart,220,0.013423011704974513,1.1735471440360837e-05,0.013411276233534152,0.013434747176414874,10
UniGCN,restart,restart,221,0.013423011704974513,1.1735471440360973e-05,0.013411276233534152,0.013434747176414874,10
UniGCN,restart,restart,222,0.013423011704974513,1.1735471440360724e-05,0.013411276233534152,0.013434747176414874,10
UniGCN,restart,restart,223,0.013423011704974513,1.1735471440361093e-05,0.013411276233534152,0.013434747176414874,10
UniGCN,restart,restart,224,0.013423011704974513,1.1735471440361129e-05,0.013411276233534152,0.013434747176414874,10
UniGCN,restart,restart,225,0.013423011704974513,1.1735471440361129e-05,0.013411276233534152,0.013434747176414874,10
UniGCN,restart,restart,226,0.013423011704974513,1.1735471440360832e-05,0.013411276233534152,0.013434747176414874,10
UniGCN,restart,restart,227,0.013423011704974513,1.1735471440360314e-05,0.013411276233534154,0.013434747176414873,10
UniGCN,restart,restart,228,0.013423011704974513,1.1735471440360066e-05,0.013411276233534154,0.013434747176414873,10
UniGCN,restart,restart,229,0.013423011704974513,1.1735471440360553e-05,0.013411276233534152,0.013434747176414874,10
UniGCN,restart,restart,230,0.013423011704974513,1.1735471440360339e-05,0.013411276233534154,0.013434747176414873,10
UniGCN,restart,restart,231,0.013423011704974513,1.1735471440360481e-05,0.013411276233534152,0.013434747176414874,10
UniGCN,restart,restart,232,0.013423011704974513,1.1735471440360481e-05,0.013411276233534152,0.013434747176414874,10
UniGCN,restart,restart,233,0.013423011704974513,1.173547144036019e-05,0.013411276233534154,0.013434747176414873,10
UniGCN,restart,restart,234,0.013423011704974513,1.1735471440360481e-05,0.013411276233534152,0.013434747176414874,10
UniGCN,restart,restart,235,0.013423011704974513,1.1735471440360481e-05,0.013411276233534152,0.013434747176414874,10
UniGCN,restart,restart,236,0.013423011704974513,1.1735471440360481e-05,0.013411276233534152,0.013434747176414874,10
UniGCN,restart,restart,237,0.013423011704974513,1.1735471440360505e-05,0.013411276233534152,0.013434747176414874,10
UniGCN,restart,restart,238,0.013423011704974513,1.1735471440360505e-05,0.013411276233534152,0.013434747176414874,10
UniGCN,restart,restart,239,0.013423011704974513,1.1735471440360505e-05,0.013411276233534152,0.013434747176414874,10
UniGCN,restart,restart,240,0.013423011704974513,1.173547144036048e-05,0.013411276233534152,0.013434747176414874,10
UniGCN,restart,restart,241,0.013423011704974513,1.173547144036085e-05,0.013411276233534152,0.013434747176414874,10
UniGCN,restart,restart,242,0.013423011704974513,1.173547144036085e-05,0.013411276233534152,0.013434747176414874,10
UniGCN,restart,restart,243,0.013423011704974513,1.173547144036085e-05,0.013411276233534152,0.013434747176414874,10
UniGCN,restart,restart,244,0.013423011704974513,1.173547144036085e-05,0.013411276233534152,0.013434747176414874,10
UniGCN,restart,restart,245,0.013423011704974513,1.173547144036056e-05,0.013411276233534152,0.013434747176414874,10
UniGCN,restart,restart,246,0.013423011704974513,1.173547144036085e-05,0.013411276233534152,0.013434747176414874,10
UniGCN,restart,restart,247,0.013423011704974513,1.173547144036085e-05,0.013411276233534152,0.013434747176414874,10
UniGCN,restart,restart,248,0.013423011704974513,1.173547144036085e-05,0.013411276233534152,0.013434747176414874,10
UniGCN,restart,restart,249,0.013423011704974513,1.173547144036085e-05,0.013411276233534152,0.013434747176414874,10
UniGCN,restart,restart,250,0.013423011704974513,1.173547144036085e-05,0.013411276233534152,0.013434747176414874,10
UniGCN,restart,restart,251,0.013423011704974513,1.173547144036085e-05,0.013411276233534152,0.013434747176414874,10
UniGCN,restart,restart,252,0.013423011704974513,1.173547144036085e-05,0.013411276233534152,0.013434747176414874,10
UniGCN,restart,restart,253,0.013423011704974513,1.173547144036085e-05,0.013411276233534152,0.013434747176414874,10
UniGCN,restart,restart,254,0.013423011704974513,1.173547144036085e-05,0.013411276233534152,0.013434747176414874,10
UniGCN,restart,restart,255,0.013423011704974513,1.173547144036056e-05,0.013411276233534152,0.013434747176414874,10
UniGCN,restart,restart,256,0.013423011704974513,1.173547144036085e-05,0.013411276233534152,0.013434747176414874,10
