family,features,seed,step,variant,energy_un,energy_sym,energy_op,norm_f2,norm_pi2,R_un,R_sym,R_op,energy_un_relative,energy_sym_relative,energy_op_relative,norm_f2_relative,norm_pi2_relative,R_un_relative,R_sym_relative,R_op_relative,zero_state,resolution_R_op,censored_R_op
HGNN,real,,0,base,417759.360095268,38129.4524086256,38129.45240862562,47341.91027201583,47341.91027201583,8.824302984288506,0.8054058695465064,0.805405869546507,1.0,1.0,1.0,1.0,1.0,1.0,1.0,1.0,False,1e-24,False
HGNN,real,,0,restart,417759.360095268,38129.4524086256,38129.45240862562,47341.91027201583,47341.91027201583,8.824302984288506,0.8054058695465064,0.805405869546507,1.0,1.0,1.0,1.0,1.0,1.0,1.0,1.0,False,1e-24,False
HGNN,real,,1,base,8743.075488173641,1526.161920215459,1526.16192021546,3015.8537106447257,3015.8537106447257,2.8990383244764737,0.5060464023267223,0.5060464023267226,0.020928496937040082,0.04002580220297663,0.040025802202976635,0.06370367594624546,0.06370367594624546,0.3285288741374988,0.6283122850987638,0.6283122850987638,False,1e-24,False
HGNN,real,,1,restart,19572.29202519489,2732.8744269549697,2732.874426954971,4574.503023752629,4574.503023752629,4.2785613920392676,0.5974144978732783,0.5974144978732786,0.046850636741523934,0.07167358181983076,0.07167358181983075,0.09662692099808766,0.09662692099808766,0.4848611159042431,0.7417558282877424,0.7417558282877423,False,1e-24,False
HGNN,real,,2,base,1299.1095234129396,195.9718673432643,195.97186734326445,990.1401060770398,990.1401060770398,1.3120461593663186,0.19792337078406996,0.1979233707840701,0.003109707758831984,0.005139645469939448,0.0051396454699394484,0.020914663147049206,0.020914663147049206,0.14868552923697095,0.24574364089935566,0.24574364089935566,False,1e-24,False
HGNN,real,,2,restart,7686.283925049991,953.8453192067954,953.8453192067957,2019.0680470835835,2019.0680470835835,3.8068473898897777,0.4724186094592328,0.47241860945923303,0.01839883114359705,0.025015972141027066,0.025015972141027062,0.04264863913353894,0.04264863913353894,0.4314048822516399,0.5865596804319714,0.5865596804319713,False,1e-24,False
HGNN,real,,3,base,657.4304477648649,42.47609606004208,42.476096060042096,707.1227689796378,707.1227689796378,0.9297260342974418,0.06006891295741208,0.06006891295741211,0.0015737060867168627,0.0011139970122002903,0.00111399701220029,0.014936506890336099,0.014936506890336099,0.10535971350403543,0.07458216438282803,0.07458216438282801,False,1e-24,False
HGNN,real,,3,restart,6212.734204438732,669.8918673410121,669.8918673410127,1557.451564861585,1557.451564861585,3.9890384681021365,0.43012051382833677,0.43012051382833716,0.01487156195141133,0.017568882452386598,0.0175688824523866,0.03289794509585319,0.03289794509585319,0.45205139433726826,0.5340419409539706,0.5340419409539707,False,1e-24,False
HGNN,real,,4,base,542.7881741861581,12.599069640345006,12.599069640345009,642.2642439410889,642.2642439410889,0.8451166000702117,0.01961664495447242,0.019616644954472424,0.0012992842914695626,0.0003304288114427486,0.0003304288114427485,0.013566504609779893,0.013566504609779893,0.09577148490650478,0.024356222987942478,0.024356222987942468,False,1e-24,False
HGNN,real,,4,restart,5885.027142093334,597.6717076046134,597.6717076046137,1427.521895621076,1427.521895621076,4.122547724238526,0.41867778661607336,0.4186777866160736,0.01408712216705637,0.015674804379551197,0.015674804379551197,0.030153449394391997,0.030153449394391997,0.46718111691978836,0.5198345361597811,0.519834536159781,False,1e-24,False
HGNN,real,,5,base,513.4376430433184,4.723410543426174,4.7234105434261755,622.147575485489,622.147575485489,0.8252666461693764,0.007592106325802667,0.007592106325802671,0.0012290272632700114,0.00012387826850504807,0.00012387826850504804,0.013141581569285455,0.013141581569285455,0.09352202067843172,0.009426435307800147,0.009426435307800145,False,1e-24,False
HGNN,real,,5,restart,5784.216883185116,574.1662828713165,574.1662828713169,1381.145410246936,1381.145410246936,4.187985450533374,0.4157174752285213,0.41571747522852154,0.013845810377213458,0.015058340642244034,0.015058340642244034,0.02917384199985149,0.02917384199985149,0.4745967424271353,0.5161589838705746,0.5161589838705746,False,1e-24,False
HGNN,real,,6,base,503.9551274685345,2.1208278049224347,2.1208278049224356,614.3193610253317,614.3193610253317,0.8203471344731943,0.003452321283481381,0.003452321283481382,0.0012063287519245769,5.562177453255698e-05,5.562177453255697e-05,0.01297622671953017,0.01297622671953017,0.09296452489605195,0.004286436707278099,0.0042864367072780974,False,1e-24,False
HGNN,real,,6,restart,5746.181514378888,565.2394323090192,565.2394323090194,1361.8954438766705,1361.8954438766705,4.219253056623961,0.4150387864578287,0.4150387864578289,0.013754764257271217,0.014824221083782242,0.01482422108378224,0.028767226249459082,0.028767226249459082,0.47814009379961864,0.5153163170905638,0.5153163170905636,False,1e-24,False
HGNN,real,,7,base,500.3452526069939,1.0819082258193125,1.0819082258193127,610.703035653957,610.703035653957,0.8192938685349924,0.0017715782674320203,0.0017715782674320208,0.0011976877130721682,2.837460696326613e-05,2.837460696326612e-05,0.0128998393209103,0.0128998393209103,0.09284516522083712,0.0021996093329063136,0.0021996093329063127,False,1e-24,False
HGNN,real,,7,restart,5729.636391506098,561.4597841176734,561.4597841176737,1352.997808675762,1352.997808675762,4.234771375656509,0.41497464409583823,0.4149746440958385,0.013715159823587154,0.014725094347031866,0.014725094347031868,0.028579282097020264,0.028579282097020264,0.4798986824451103,0.5152366772910344,0.5152366772910344,False,1e-24,False
HGNN,real,,8,base,498.8089065478862,0.598952958227953,0.5989529582279532,608.8224457946177,608.8224457946177,0.8193011115036256,0.0009837892186222153,0.0009837892186222157,0.0011940101268685763,1.5708407029009905e-05,1.5708407029009902e-05,0.012860115747262047,0.012860115747262047,0.09284598601865493,0.0012214825541017596,0.0012214825541017593,False,1e-24,False
HGNN,real,,8,restart,5721.623455107469,559.719876587283,559.7198765872832,1348.5292572040753,1348.5292572040753,4.2428619360993265,0.41505949803992986,0.41505949803993003,0.013695979077052112,0.014679462757263827,0.014679462757263825,0.028484893183560473,0.028484893183560473,0.4808155322469839,0.5153420327984872,0.5153420327984871,False,1e-24,False
HGNN,real,,9,base,498.11073110575956,0.34842888008220896,0.3484288800822091,607.7688154038399,607.7688154038399,0.8195727034378745,0.0005732918031516488,0.0005732918031516491,0.0011923388885701277,9.138050983480366e-06,9.138050983480365e-06,0.01283785998308346,0.01283785998308346,0.09287676373953922,0.0007118048487459468,0.0007118048487459468,False,1e-24,False
HGNN,real,,9,restart,5717.40228251,558.8619281589457,558.8619281589462,1346.1284417534023,1346.1284417534023,4.247293278390869,0.4151624100825022,0.41516241008250254,0.01368587476102552,0.014656961819690876,0.014656961819690879,0.028434180919588055,0.028434180919588055,0.48131770701358384,0.5154698094220054,0.5154698094220055,False,1e-24,False
HGNN,real,,10,base,497.7857622553643,0.20885936632926055,0.20885936632926064,607.1514047454841,607.1514047454841,0.8198708894761341,0.00034399881923490526,0.0003439988192349053,0.0011915610033054597,5.4776387578546145e-06,5.477638757854614e-06,0.012824818459097456,0.012824818459097456,0.09291055519465931,0.00042711238177168734,0.0004271123817716871,False,1e-24,False
HGNN,real,,10,restart,5715.026224640506,558.4130109459401,558.4130109459404,1344.7638729501152,1344.7638729501152,4.249836227458282,0.41524986072157416,0.41524986072157444,0.01368018713772738,0.014645188316935193,0.014645188316935193,0.028405357224146815,0.028405357224146815,0.48160588264308574,0.515578389011972,0.5155783890119718,False,1e-24,False
HGNN,real,,11,base,497.63746154556253,0.12758357167681925,0.1275835716768193,606.7796144810013,606.7796144810013,0.8201288403058965,0.00021026344430826949,0.00021026344430826957,0.0011912060125524864,3.346063570741379e-06,3.3460635707413785e-06,0.012816965158241057,0.012816965158241057,0.09293978705922942,0.00026106519986831097,0.0002610651998683109,False,1e-24,False
HGNN,real,,11,restart,5713.617674118664,558.1654459796758,558.1654459796762,1343.9508879543055,1343.9508879543055,4.251358978463599,0.4153168474997529,0.4153168474997531,0.013676815458582904,0.014638695567875722,0.014638695567875722,0.02838818459652916,0.02838818459652916,0.48177844596146097,0.5156615604671495,0.5156615604671494,False,1e-24,False
HGNN,real,,12,base,497.57536174352265,0.07892931420688905,0.0789293142068891,606.5518131435774,606.5518131435774,0.8203344726062852,0.00013012790085948622,0.0001301279008594863,0.001191057362856102,2.0700353459320533e-06,2.0700353459320533e-06,0.012812153325847411,0.012812153325847411,0.09296309001026758,0.00016156810594484037,0.00016156810594484034,False,1e-24,False
HGNN,real,,12,restart,5712.748649930356,558.0224097589261,558.0224097589264,1343.4473256123879,1343.4473256123879,4.252305647581899,0.41536605054802644,0.4153660505480267,0.013674735255788384,0.014634944236248483,0.014634944236248485,0.028377547882906404,0.028377547882906404,0.4818857257228184,0.5157226514650352,0.515722651465035,False,1e-24,False
HGNN,real,,13,base,497.5554043263363,0.049275550383188434,0.04927555038318844,606.4105806428324,606.4105806428324,0.8204926170630088,8.125773519807871e-05,8.125773519807872e-05,0.0011910095903365785,1.2923225294481643e-06,1.2923225294481636e-06,0.012809170081193076,0.012809170081193076,0.0929810114774934,0.0001008904184468284,0.00010089041844682834,False,1e-24,False
HGNN,real,,13,restart,5712.195927262272,557.9363410066212,557.9363410066215,1343.1254546247126,1343.1254546247126,4.252913164286904,0.41540150928233,0.4154015092823302,0.013673412191074864,0.014632686958819412,0.014632686958819412,0.028370749023590717,0.028370749023590717,0.48195457158022903,0.51576667738494,0.5157666773849399,False,1e-24,False
HGNN,real,,14,base,497.5554353561978,0.030976505697759317,0.030976505697759324,606.3222660014836,606.3222660014836,0.8206121781366023,5.1089177216004666e-05,5.108917721600468e-05,0.0011910096646134576,8.124036339622818e-07,8.124036339622816e-07,0.012807304616938648,0.012807304616938648,0.0929945605446329,6.34328344847686e-05,6.343283448476857e-05,False,1e-24,False
HGNN,real,,14,restart,5711.8361962164645,557.8827332486671,557.8827332486675,1342.9145258891763,1342.9145258891763,4.25331328696033,0.41542683655110474,0.41542683655110496,0.013672551094759212,0.01463128101788484,0.01463128101788484,0.028366293590036718,0.028366293590036718,0.48199991484123655,0.5157981239756992,0.5157981239756991,False,1e-24,False
HGNN,real,,15,base,497.5641882304969,0.01958088968322991,0.019580889683229918,606.2666766354035,606.2666766354035,0.8207018584492017,3.229748630074462e-05,3.2297486300744634e-05,0.0011910306165660292,5.135371332739189e-07,5.135371332739188e-07,0.01280613040648198,0.01280613040648198,0.0930047234223989,4.010088270020941e-05,4.0100882700209406e-05,False,1e-24,False
HGNN,real,,15,restart,5711.597967530659,557.8483789506624,557.8483789506628,1342.7735865297902,1342.7735865297902,4.25358230518332,0.41544485574246603,0.41544485574246626,0.013671980841382362,0.01463038002676552,0.01463038002676552,0.028363316537387676,0.028363316537387676,0.4820304009004153,0.515820496784295,0.515820496784295,False,1e-24,False
HGNN,real,,16,base,497.57598234163726,0.012434026290295882,0.012434026290295884,606.2315003683751,606.2315003683751,0.8207689340446453,2.0510359957772524e-05,2.0510359957772528e-05,0.0011910588483958024,3.261003110415263e-07,3.2610031104152617e-07,0.012805387380549434,0.012805387380549434,0.09301232465680381,2.5465868493510152e-05,2.546586849351014e-05,False,1e-24,False
HGNN,real,,16,restart,5711.438111574991,557.825852020773,557.8258520207734,1342.6779888043995,1342.6779888043995,4.253766099689171,0.41545765751138475,0.415457657511385,0.013671598190576808,0.014629789225469767,0.014629789225469767,0.02836129723303681,0.02836129723303681,0.4820512291183696,0.5158363915888933,0.5158363915888933,False,1e-24,False
HGNN,real,,17,base,497.58804846919753,0.007926182891110845,0.007926182891110849,606.2091433003266,606.2091433003266,0.8208191083364833,1.3074997265727608e-05,1.3074997265727613e-05,0.0011910877313574134,2.0787560246519024e-07,2.0787560246519022e-07,0.012804915133698384,0.012804915133698384,0.09301801057805191,1.6234047652383816e-05,1.623404765238381e-05,False,1e-24,False
HGNN,real,,17,restart,5711.329759334119,557.8108099113769,557.8108099113772,1342.6123926217754,1342.6123926217754,4.25389322392695,0.4154667519656335,0.41546675196563376,0.01367133882537468,0.014629394724409668,0.014629394724409668,0.028359911649264477,0.028359911649264477,0.4820656352689749,0.5158476833544398,0.5158476833544398,False,1e-24,False
HGNN,real,,18,base,497.59913724882165,0.005069381179790775,0.0050693811797907756,606.194880722238,606.194880722238,0.8208567130358602,8.362626180133636e-06,8.362626180133638e-06,0.0011911142748192323,1.32951848494e-07,1.3295184849399995e-07,0.012804613866216643,0.012804613866216643,0.09302227207036964,1.0383120481655187e-05,1.0383120481655182e-05,False,1e-24,False
HGNN,real,,18,restart,5711.25574100594,557.8006219704114,557.800621970412,1342.5669797557262,1342.5669797557262,4.253981981625287,0.4154732168907511,0.41547321689075145,0.013671161646033533,0.014629127530932661,0.014629127530932666,0.028358952396336398,0.028358952396336398,0.4820756935929576,0.5158557102702621,0.5158557102702621,False,1e-24,False
HGNN,real,,19,base,497.60878220121356,0.003251610274444718,0.0032516102744447203,606.1857527033886,606.1857527033886,0.8208849844821368,5.3640493197730375e-06,5.36404931977304e-06,0.0011911373621592495,8.527817917755207e-08,8.527817917755207e-08,0.012804421055685826,0.012804421055685826,0.09302547588673077,6.660057397884785e-06,6.660057397884783e-06,False,1e-24,False
HGNN,real,,19,restart,5711.204864518811,557.7936448780355,557.7936448780357,1342.5353214566198,1342.5353214566198,4.254044398863402,0.4154778172039766,0.41547781720397675,0.013671039861839117,0.01462894454660073,0.014628944546600726,0.028358283680204658,0.028358283680204658,0.4820827669264805,0.5158614220652705,0.5158614220652704,False,1e-24,False
HGNN,real,,20,base,497.6169066681586,0.0020909481235921634,0.002090948123592164,606.179894389779,606.179894389779,0.8209063205058836,3.4493854760673825e-06,3.4493854760673834e-06,0.0011911568098789682,5.483813670293234e-08,5.483813670293232e-08,0.012804297310919803,0.012804297310919803,0.0930278937574436,4.2827915793680535e-06,4.282791579368052e-06,False,1e-24,False
HGNN,real,,20,restart,5711.169720742043,557.7888251622015,557.7888251622019,1342.5131311568314,1342.5131311568314,4.254088536043428,0.41548109453615545,0.41548109453615567,0.013670955737388238,0.014628818142586784,0.014628818142586784,0.028357814955988398,0.028357814955988398,0.48208776870170333,0.5158654912337517,0.5158654912337516,False,1e-24,False
HGNN,real,,21,base,497.62361485387197,0.0013476071544431271,0.0013476071544431276,606.1761252620988,606.1761252620988,0.8209224911962826,2.223128061766616e-06,2.2231280617666165e-06,0.0011911728674143683,3.534294539562475e-08,3.5342945395624744e-08,0.01280421769588825,0.01280421769588825,0.09302972627502915,2.760258083316894e-06,2.7602580833168926e-06,False,1e-24,False
HGNN,real,,21,restart,5711.145345510254,557.7854729758016,557.7854729758019,1342.4975094341364,1342.4975094341364,4.254119881322913,0.4154834322269309,0.4154834322269312,0.013670897389846285,0.014628730226653347,0.014628730226653347,0.02835748497938616,0.02835748497938616,0.4820913208552888,0.5158683937340486,0.5158683937340486,False,1e-24,False
HGNN,real,,22,base,497.6290824269469,0.0008702664335195886,0.0008702664335195886,606.1736949623407,606.1736949623407,0.8209348022894043,1.4356717237188177e-06,1.4356717237188177e-06,0.0011911859552673218,2.2823995062743623e-08,2.282399506274361e-08,0.012804166360829226,0.012804166360829226,0.09303112140993597,1.78254440152912e-06,1.7825444015291187e-06,False,1e-24,False
HGNN,real,,22,restart,5711.128381333196,557.783128786788,557.7831287867883,1342.4864729825472,1342.4864729825472,4.254142217645602,0.415485101721423,0.4154851017214233,0.013670856782313149,0.014628668746908281,0.014628668746908283,0.028357251857158396,0.028357251857158396,0.4820938520832769,0.5158704665951428,0.5158704665951428,False,1e-24,False
HGNN,real,,23,base,497.6335010923492,0.0005630137955777828,0.0005630137955777828,606.1721248642676,606.1721248642676,0.8209442181191983,9.288018575645511e-07,9.288018575645511e-07,0.0011911965323263285,1.4765850543671025e-08,1.4765850543671017e-08,0.012804133195752784,0.012804133195752784,0.09303218844376411,1.153209695488716e-06,1.153209695488715e-06,False,1e-24,False
HGNN,real,,23,restart,5711.116540391137,557.78148228423,557.7814822842303,1342.4786531390705,1342.4786531390705,4.254158177515176,0.41548629542822846,0.4154862954282286,0.013670828438383152,0.014628625564998918,0.014628625564998917,0.028357086679128365,0.028357086679128365,0.4820956607099302,0.5158719487134767,0.5158719487134765,False,1e-24,False
HGNN,real,,24,base,497.6370522528257,0.00036482545424244443,0.0003648254542424444,606.1711087242816,606.1711087242816,0.820951452635426,6.018522641407943e-07,6.018522641407942e-07,0.0011912050328192335,9.568074839698302e-09,9.568074839698296e-09,0.012804111731895914,0.012804111731895914,0.09303300828372661,7.472658033640537e-07,7.47265803364053e-07,False,1e-24,False
HGNN,real,,24,restart,5711.108254374937,557.7803216467531,557.7803216467534,1342.4730987986784,1342.4730987986784,4.254169606441695,0.41548714990705343,0.4154871499070536,0.013670808603959339,0.014628595125603555,0.014628595125603551,0.02835696935516826,0.02835696935516826,0.4820969558747199,0.51587300964295,0.5158730096429499,False,1e-24,False
HGNN,real,,25,base,497.6398961017293,0.0002367457012215137,0.00023674570122151384,606.1704500603355,606.1704500603355,0.8209570361804941,3.9055962097451153e-07,3.9055962097451175e-07,0.0011912118402044778,6.208998196049555e-09,6.208998196049555e-09,0.012804097818981494,0.012804097818981494,0.09303364103002713,4.849227398782441e-07,4.84922739878244e-07,False,1e-24,False
HGNN,real,,25,restart,5711.102442921468,557.7795010373374,557.7795010373379,1342.4691453375528,1342.4691453375528,4.254177805692106,0.4154877622137739,0.41548776221377426,0.01367079469295213,0.014628573603935553,0.01462857360393556,0.02835688584647368,0.02835688584647368,0.4820978850416383,0.5158737698891112,0.5158737698891113,False,1e-24,False
HGNN,real,,26,base,497.6421686509951,0.00015383316709434216,0.00015383316709434216,606.1700225059511,606.1700225059511,0.8209613642616408,2.537789091885221e-07,2.537789091885221e-07,0.0011912172800568972,4.0344971505424034e-09,4.034497150542401e-09,0.012804088787778868,0.012804088787778868,0.09303413150288992,3.150944372076844e-07,3.1509443720768417e-07,False,1e-24,False
HGNN,real,,26,restart,5711.098358756005,557.7789193577013,557.7789193577016,1342.4663262275992,1342.4663262275992,4.254183696960572,0.4154882014248278,0.41548820142482806,0.013670784916593171,0.014628558348546365,0.014628558348546365,0.02835682629860294,0.02835682629860294,0.48209855266019996,0.5158743152179578,0.5158743152179577,False,1e-24,False
HGNN,real,,27,base,497.643982608505,0.00010007737602447429,0.00010007737602447433,606.1697446129355,606.1697446129355,0.8209647331149319,1.6509793983264184e-07,1.6509793983264191e-07,0.0011912216221678902,2.624673833549073e-09,2.6246738335490727e-09,0.01280408291786331,0.01280408291786331,0.09303451327279255,2.0498725682940731e-07,2.049872568294073e-07,False,1e-24,False
HGNN,real,,27,restart,5711.095483204396,557.7785061344233,557.7785061344237,1342.4643127799097,1342.4643127799097,4.254187935452926,0.41548851677062665,0.4154885167706269,0.013670778033320447,0.014628547511168646,0.014628547511168646,0.028356783768682243,0.028356783768682243,0.4820990329805563,0.5158747067544622,0.5158747067544622,False,1e-24,False
HGNN,real,,28,base,497.6454299130731,6.51768035758861e-05,6.517680357588612e-05,606.1695637826277,606.1695637826277,0.820967365645446,1.0752239549800043e-07,1.0752239549800045e-07,0.0011912250866134692,1.7093558773779266e-09,1.709355877377926e-09,0.01280407909819683,0.01280407909819683,0.093034811600096,1.3350088391898884e-07,1.335008839189888e-07,False,1e-24,False
HGNN,real,,28,restart,5711.093455183172,557.7782120188285,557.778212018829,1342.462872703852,1342.462872703852,4.2541909882993405,0.41548874338357566,0.41548874338357594,0.013670773178800315,0.014628539797562071,0.014628539797562075,0.028356753350052125,0.028356753350052125,0.48209937893948585,0.515874988119371,0.515874988119371,False,1e-24,False
HGNN,real,,29,base,497.64658478538223,4.2489317547737575e-05,4.2489317547737575e-05,606.1694459877274,606.1694459877274,0.8209694303784781,7.009478591997166e-08,7.009478591997166e-08,0.0011912278510573559,1.1143437648248443e-09,1.1143437648248437e-09,0.012804076610023038,0.012804076610023038,0.09303504558265935,8.703038873982802e-08,8.703038873982795e-08,False,1e-24,False
HGNN,real,,29,restart,5711.092022657467,557.7780023244657,557.778002324466,1342.4618414056933,1342.4618414056933,4.254193189340396,0.41548890636654195,0.41548890636654223,0.013670769749731233,0.014628534298024323,0.014628534298024323,0.028356731566010186,0.028356731566010186,0.4820996283689376,0.5158751904806554,0.5158751904806554,False,1e-24,False
HGNN,real,,30,base,497.64750673097905,2.7724184470971766e-05,2.772418447097174e-05,606.1693691803761,606.1693691803761,0.8209710553403029,4.5736696508533015e-08,4.573669650853297e-08,0.0011912300579393193,7.271068090319607e-10,7.271068090319596e-10,0.012804074987626502,0.012804074987626502,0.09303522972885511,5.678714079186637e-08,5.678714079186627e-08,False,1e-24,False
HGNN,real,,30,restart,5711.091009296099,557.7778525933219,557.7778525933222,1342.4611019971849,1342.4611019971849,4.254194777636154,0.41548902367712065,0.41548902367712093,0.013670767324025277,0.014628530371108662,0.014628530371108662,0.028356715947533785,0.028356715947533785,0.48209980836001004,0.5158753361346458,0.5158753361346458,False,1e-24,False
HGNN,real,,31,base,497.64824324440673,1.810492631863052e-05,1.8104926318630533e-05,606.1693190542919,606.1693190542919,0.8209723382582393,2.98677708513468e-08,2.9867770851346826e-08,0.0011912318209481181,4.748278607466926e-10,4.748278607466927e-10,0.012804073928816584,0.012804073928816584,0.09303537511347515,3.708412364583861e-08,3.7084123645838613e-08,False,1e-24,False
HGNN,real,,31,restart,5711.090291471997,557.7777455328315,557.7777455328319,1342.460571305968,1342.460571305968,4.254195924664032,0.4154891081756063,0.4154891081756066,0.013670765605753539,0.014628527563292562,0.014628527563292562,0.02835670473777875,0.02835670473777875,0.4820999383451069,0.5158754410488124,0.5158754410488124,False,1e-24,False
HGNN,real,,32,base,497.64883212844893,1.1832150678495556e-05,1.183215067849556e-05,606.1692863144283,606.1692863144283,0.8209733540843105,1.9519548326897672e-08,1.951954832689768e-08,0.0011912332305731284,3.1031525319830977e-10,3.103152531983097e-10,0.012804073237254637,0.012804073237254637,0.0930354902303374,2.423566684197173e-08,2.423566684197172e-08,False,1e-24,False
HGNN,real,,32,restart,5711.089782342455,557.777668887874,557.7776688878745,1342.4601900480338,1342.4601900480338,4.2541967536021374,0.41548916908136885,0.41548916908136907,0.013670764387038674,0.014628525553167772,0.014628525553167775,0.028356696684492946,0.028356696684492946,0.48210003228318987,0.5158755166700176,0.5158755166700176,False,1e-24,False
HGNN,real,,33,base,497.6493034251959,7.738067295167283e-06,7.738067295167285e-06,606.1692649144806,606.1692649144806,0.8209741605678492,1.2765522343431555e-08,1.2765522343431558e-08,0.0011912343587267785,2.0294199906780689e-10,2.029419990678068e-10,0.012804072785224973,0.012804072785224973,0.09303558162379252,1.584980048707534e-08,1.5849800487075333e-08,False,1e-24,False
HGNN,real,,33,restart,5711.089420796178,557.7776139554211,557.7776139554214,1342.4599159014922,1342.4599159014922,4.254197353044282,0.41548921301002933,0.41548921301002956,0.013670763521597198,0.014628524112484796,0.014628524112484798,0.028356690893713905,0.028356690893713905,0.4821001002140107,0.5158755712122828,0.5158755712122828,False,1e-24,False
HGNN,real,,34,base,497.6496809934926,5.063825302846646e-06,5.0638253028466435e-06,606.1692509171623,606.1692509171623,0.8209748024013515,8.353814211434912e-09,8.353814211434907e-09,0.0011912352625205239,1.328061375909273e-10,1.3280613759092717e-10,0.012804072489560558,0.012804072489560558,0.09303565435854601,1.0372179452998808e-08,1.0372179452998795e-08,False,1e-24,False
HGNN,real,,34,restart,5711.089163758478,557.7775745436742,557.7775745436744,1342.4597186115284,1342.4597186115284,4.254197786780009,0.41548924471310705,0.4154892447131072,0.01367076290632026,0.01462852307885477,0.014628523078854767,0.028356686726371212,0.028356686726371212,0.4821001493664171,0.5158756105751419,0.5158756105751418,False,1e-24,False
HGNN,real,,35,base,497.64998378129684,3.3157374521898546e-06,3.3157374521898546e-06,606.169241756027,606.169241756027,0.820975314319219,5.469986307098676e-09,5.469986307098676e-09,0.0011912359873105182,8.696000710043694e-11,8.696000710043689e-11,0.012804072296050508,0.012804072296050508,0.0930357123708183,6.7915898231268405e-09,6.7915898231268355e-09,False,1e-24,False
HGNN,real,,35,restart,5711.088980821408,557.7775462402439,557.7775462402441,1342.4595765225718,1342.4595765225718,4.254198100783844,0.4154892676061636,0.4154892676061638,0.01367076246841967,0.014628522336556402,0.014628522336556399,0.0283566837250357,0.0283566837250357,0.4821001849503987,0.5158756389993904,0.5158756389993903,False,1e-24,False
HGNN,real,,36,base,497.650226843281,2.172283962840415e-06,2.1722839628404146e-06,606.1692357566748,606.1692357566748,0.8209757234249432,3.5836262131132004e-09,3.5836262131131995e-09,0.0011912365691334702,5.697128664635644e-11,5.69712866463564e-11,0.012804072169326594,0.012804072169326594,0.09303575873206914,4.449466223943718e-09,4.4494662239437135e-09,False,1e-24,False
HGNN,real,,36,restart,5711.088850488101,557.7775258961309,557.7775258961311,1342.459474116359,1342.459474116359,4.254198328219394,0.41548928414637937,0.41548928414637953,0.013670762156437895,0.014628521803002635,0.014628521803002632,0.028356681561916123,0.028356681561916123,0.48210021072416803,0.515875659535888,0.5158756595358879,False,1e-24,False
HGNN,real,,37,base,497.6504221501231,1.4238680125248939e-06,1.4238680125248958e-06,606.1692318257903,606.1692318257903,0.820976050947345,2.3489612104464343e-09,2.3489612104464376e-09,0.001191237036643862,3.734299662280983e-11,3.7342996622809856e-11,0.012804072086294787,0.012804072086294787,0.09303579584802067,2.9164937819102876e-09,2.9164937819102897e-09,False,1e-24,False
HGNN,real,,37,restart,5711.088757540839,557.7775112609605,557.7775112609609,1342.4594002608733,1342.4594002608733,4.254198493027821,0.4154892961027875,0.4154892961027878,0.013670761933947938,0.014628521419174138,0.01462852141917414,0.028356680001871647,0.028356680001871647,0.48210022940081904,0.5158756743810842,0.5158756743810842,False,1e-24,False
HGNN,real,,38,base,497.6505792298267,9.337331812876884e-07,9.337331812876935e-07,606.1692292489411,606.1692292489411,0.8209763135724133,1.5403836688388279e-09,1.5403836688388361e-09,0.0011912374126490904,2.448850225492513e-11,2.448850225492525e-11,0.01280407203186417,0.01280407203186417,0.09303582560958583,1.9125558020903915e-09,1.9125558020904006e-09,False,1e-24,False
HGNN,real,,38,restart,5711.088691193186,557.7775007245649,557.7775007245651,1342.459346962803,1342.459346962803,4.254198612504748,0.41548930474988893,0.4154893047498891,0.013670761775130064,0.014628521142841935,0.014628521142841933,0.02835667887606008,0.02835667887606008,0.4821002429403504,0.515875685117412,0.5158756851174119,False,1e-24,False
HGNN,real,,39,base,497.65070567485867,6.125766759999426e-07,6.125766759999455e-07,606.1692275589509,606.1692275589509,0.8209765244581991,1.010570395443521e-09,1.010570395443526e-09,0.0011912377153234146,1.606570871868504e-11,1.606570871868511e-11,0.012804071996166622,0.012804071996166622,0.0930358495078797,1.2547343316637796e-09,1.254734331663785e-09,False,1e-24,False
HGNN,real,,39,restart,5711.08864379039,557.7774931335487,557.777493133549,1342.4593084774094,1342.4593084774094,4.254198699152969,0.41548931100650544,0.4154893110065057,0.013670761661660924,0.014628520943756562,0.014628520943756563,0.028356678063135687,0.028356678063135687,0.48210025275962126,0.5158756928856898,0.5158756928856897,False,1e-24,False
HGNN,real,,40,base,497.6508075427703,4.020394834805201e-07,4.0203948348052216e-07,606.1692264501314,606.1692264501314,0.8209766940118846,6.632462783288376e-10,6.63246278328841e-10,0.0011912379591669314,1.0544066543939435e-11,1.0544066543939483e-11,0.012804071972745103,0.012804071972745103,0.09303586872227948,8.234932267159743e-10,8.23493226715978e-10,False,1e-24,False
HGNN,real,,40,restart,5711.088609893908,557.7774876608471,557.7774876608476,1342.4592806725307,1342.4592806725307,4.254198762015954,0.4154893155354536,0.4154893155354539,0.013670761580522151,0.014628520800227054,0.014628520800227057,0.028356677475815096,0.028356677475815096,0.48210025988346833,0.5158756985088772,0.5158756985088772,False,1e-24,False
HGNN,real,,41,base,497.65088967260107,2.6395791187546534e-07,2.639579118754634e-07,606.1692257223433,606.1692257223433,0.820976830487516,4.354525117320483e-10,4.3545251173204506e-10,0.0011912381557629592,6.922677751746392e-12,6.9226777517463375e-12,0.012804071957372083,0.012804071957372083,0.0930358841881618,5.406622029924306e-10,5.406622029924262e-10,False,1e-24,False
HGNN,real,,41,restart,5711.088585635538,557.7774837128234,557.7774837128238,1342.4592605736027,1342.4592605736027,4.254198807638541,0.4154893188151554,0.4154893188151557,0.013670761522454344,0.014628520696684424,0.014628520696684428,0.028356677051266786,0.028356677051266786,0.4821002650535749,0.5158757025809878,0.5158757025809878,False,1e-24,False
HGNN,real,,42,base,497.65095593486416,1.7335907670074366e-07,1.73359076700743e-07,606.1692252444794,606.1692252444794,0.8209769404478628,2.8599122073679125e-10,2.8599122073679016e-10,0.0011912383143764325,4.546592351835784e-12,4.546592351835764e-12,0.012804071947278197,0.012804071947278197,0.09303589664924196,3.550895660815361e-10,3.5508956608153455e-10,False,1e-24,False
HGNN,real,,42,restart,5711.088568261145,557.7774808630026,557.7774808630029,1342.4592460378058,1342.4592460378058,4.254198840759678,0.41548932119112886,0.4154893211911291,0.013670761480864867,0.014628520621943754,0.014628520621943756,0.02835667674422812,0.02835667674422812,0.48210026880697465,0.5158757055310202,0.5158757055310201,False,1e-24,False
HGNN,real,,43,base,497.6510094292129,1.1389208854876839e-07,1.1389208854876877e-07,606.1692249306114,606.1692249306114,0.8209770291228152,1.8788827255591158e-10,1.8788827255591223e-10,0.0011912384424270612,2.98698463665856e-12,2.9869846366585684e-12,0.012804071940648384,0.012804071940648384,0.09303590669818888,2.332839623601258e-10,2.3328396236012646e-10,False,1e-24,False
HGNN,real,,43,restart,5711.088555807841,557.7774788047426,557.7774788047428,1342.4592355204368,1342.4592355204368,4.254198864812308,0.4154893229130392,0.41548932291303936,0.013670761451055112,0.014628520567962914,0.01462852056796291,0.02835667652207044,0.02835667652207044,0.48210027153270046,0.5158757076689614,0.5158757076689613,False,1e-24,False
HGNN,real,,44,base,497.6510526409134,7.484548554870559e-08,7.484548554870436e-08,606.1692247243953,606.1692247243953,0.8209771006886378,1.2347292224004824e-10,1.2347292224004622e-10,0.0011912385458638832,1.9629310367901884e-12,1.962931036790155e-12,0.012804071936292495,0.012804071936292495,0.0930359148082711,1.5330521778984696e-10,1.5330521778984435e-10,False,1e-24,False
HGNN,real,,44,restart,5711.088546875344,557.7774773173893,557.7774773173896,1342.4592279072433,1342.4592279072433,4.254198882284379,0.41548932416138057,0.41548932416138085,0.013670761429673193,0.014628520528954922,0.014628520528954924,0.028356676361257466,0.028356676361257466,0.4821002735126949,0.5158757092189146,0.5158757092189146,False,1e-24,False
HGNN,real,,45,base,497.6510875648684,4.919869013524095e-08,4.9198690135239983e-08,606.1692245888698,606.1692245888698,0.8209771584863895,8.116329259145353e-11,8.116329259145193e-11,0.0011912386294621418,1.2903067583554198e-12,1.2903067583553937e-12,0.012804071933429799,0.012804071933429799,0.09303592135810872,1.0077315755986918e-10,1.0077315755986713e-10,False,1e-24,False
HGNN,real,,45,restart,5711.08854046381,557.7774762420479,557.7774762420481,1342.4592223939896,1342.4592223939896,4.254198894979694,0.41548932506670166,0.41548932506670183,0.01367076141432576,0.014628520500752541,0.014628520500752537,0.028356676244801378,0.028356676244801378,0.48210027495137114,0.5158757103429703,0.5158757103429702,False,1e-24,False
HGNN,real,,46,base,497.65111580406636,3.234810608244513e-08,3.234810608244534e-08,606.169224499779,606.169224499779,0.8209772051933787,5.336481097195149e-11,5.336481097195182e-11,0.0011912386970589467,8.483758364997495e-13,8.483758364997544e-13,0.01280407193154794,0.01280407193154794,0.09303592665110344,6.62582841642304e-11,6.625828416423076e-11,False,1e-24,False
HGNN,real,,46,restart,5711.088535858707,557.7774754642168,557.7774754642172,1342.45921839987,1342.45921839987,4.2541989042065484,0.4154893257234687,0.41548932572346897,0.01367076140330242,0.014628520480352795,0.014628520480352798,0.028356676160433854,0.028356676160433854,0.4821002759969897,0.5158757111584188,0.5158757111584188,False,1e-24,False
HGNN,real,,47,base,497.65113864784854,2.1273734239255782e-08,2.1273734239254657e-08,606.1692244411986,606.1692244411986,0.8209772429582048,3.509537169074712e-11,3.5095371690745265e-11,0.0011912387517406232,5.57934428516557e-13,5.579344285165272e-13,0.01280407193031055,0.01280407193031055,0.09303593093074188,4.3574765242905415e-11,4.357476524290308e-11,False,1e-24,False
HGNN,real,,47,restart,5711.088532548966,557.7774749013315,557.7774749013319,1342.4592155052112,1342.4592155052112,4.254198910914175,0.4154893262000676,0.4154893262000679,0.01367076139537982,0.014628520465590315,0.014628520465590315,0.02835667609929017,0.02835667609929017,0.4821002767571207,0.5158757117501689,0.5158757117501689,False,1e-24,False
HGNN,real,,48,base,497.6511571342254,1.3993646999290902e-08,1.3993646999290092e-08,606.1692244026715,606.1692244026715,0.820977273507441,2.308538018089001e-11,2.3085380180888674e-11,0.0011912387959918803,3.6700361834006503e-13,3.6700361834004357e-13,0.012804071929496744,0.012804071929496744,0.09303593439268512,2.8663039411282806e-11,2.8663039411281126e-11,False,1e-24,False
HGNN,real,,48,restart,5711.0885301687595,557.7774744938197,557.7774744938201,1342.4592134066152,1342.4592134066152,4.2541989157915205,0.415489326546024,0.4154893265460244,0.013670761389682264,0.014628520454902729,0.014628520454902733,0.028356676054961668,0.028356676054961668,0.48210027730983807,0.5158757121797117,0.5158757121797118,False,1e-24,False
HGNN,real,,49,base,497.6511720995703,9.206694263683761e-09,9.206694263683516e-09,606.1692243773274,606.1692243773274,0.8209772982301607,1.5188323480363284e-11,1.518832348036288e-11,0.0011912388318147638,2.414588640040641e-13,2.414588640040575e-13,0.012804071928961403,0.012804071928961403,0.09303593719434773,1.885797466178792e-11,1.8857974661787407e-11,False,1e-24,False
HGNN,real,,49,restart,5711.088528456022,557.7774741986741,557.7774741986744,1342.4592118846394,1342.4592118846394,4.254198919338778,0.41548932679721906,0.4154893267972193,0.013670761385582446,0.014628520447162108,0.01462852044716211,0.028356676022813075,0.028356676022813075,0.48210027771182534,0.515875712491598,0.515875712491598,False,1e-24,False
HGNN,real,,50,base,497.6511842183058,6.058372337404018e-09,6.058372337403858e-09,606.1692243606526,606.1692243606526,0.8209773182450751,9.994523136330438e-12,9.994523136330173e-12,0.0011912388608236542,1.588895710454394e-13,1.5888957104543513e-13,0.012804071928609181,0.012804071928609181,0.09303593946250585,1.2409300098542833e-11,1.2409300098542495e-11,False,1e-24,False
HGNN,real,,50,restart,5711.088527222881,557.7774739848285,557.7774739848288,1342.4592107804929,1342.4592107804929,4.254198921919206,0.41548932697965707,0.4154893269796573,0.013670761382630648,0.014628520441553699,0.014628520441553699,0.028356675999490263,0.028356675999490263,0.48210027800424815,0.5158757127181149,0.5158757127181148,False,1e-24,False
HGNN,real,,51,base,497.6511940346437,3.987327463530583e-09,3.987327463530496e-09,606.1692243496793,606.1692243496793,0.8209773344539922,6.577911420376603e-12,6.577911420376459e-12,0.0011912388843212437,1.0457342583363652e-13,1.0457342583363419e-13,0.012804071928377394,0.012804071928377394,0.09303594129935541,8.167200748214531e-12,8.167200748214347e-12,False,1e-24,False
HGNN,real,,51,restart,5711.088526334555,557.7774738298318,557.7774738298322,1342.4592099792214,1342.4592099792214,4.254198923796688,0.41548932711219216,0.41548932711219244,0.013670761380504243,0.014628520437488687,0.014628520437488688,0.02835667598256506,0.02835667598256506,0.48210027821701085,0.5158757128826719,0.5158757128826718,False,1e-24,False
HGNN,real,,52,base,497.65120198800344,2.624679300261876e-09,2.6246793002616768e-09,606.169224342457,606.169224342457,0.8209773475844659,4.3299448320046284e-12,4.3299448320043e-12,0.0011912389033593802,6.883600824196795e-14,6.883600824196267e-14,0.012804071928224837,0.012804071928224837,0.09303594278734531,5.37610290131441e-12,5.376102901313998e-12,False,1e-24,False
HGNN,real,,52,restart,5711.0885256942975,557.77747371745,557.7774737174504,1342.4592093975748,1342.4592093975748,4.2541989251629735,0.4154893272084977,0.41548932720849796,0.013670761378971644,0.014628520434541312,0.014628520434541315,0.028356675970278977,0.028356675970278977,0.482100278371843,0.5158757130022457,0.5158757130022457,False,1e-24,False
HGNN,real,,53,base,497.65120843339446,1.7279615441285128e-09,1.7279615441283916e-09,606.1692243377028,606.1692243377028,0.8209773582238945,2.850625658233432e-12,2.8506256582332322e-12,0.001191238918787858,4.5318289012134235e-14,4.531828901213103e-14,0.012804071928124414,0.012804071928124414,0.0930359439930415,3.539365388333353e-12,3.539365388333102e-12,False,1e-24,False
HGNN,real,,53,restart,5711.088525232597,557.7774736359395,557.7774736359398,1342.4592089752364,1342.4592089752364,4.254198926157425,0.4154893272784935,0.41548932727849375,0.01367076137786646,0.01462852043240358,0.01462852043240358,0.02835667596135795,0.02835667596135795,0.4821002784845376,0.5158757130891533,0.5158757130891531,False,1e-24,False
HGNN,real,,54,base,497.6512136577795,1.1377604427342392e-09,1.1377604427342357e-09,606.1692243345727,606.1692243345727,0.8209773668468244,1.8769683399602234e-12,1.8769683399602178e-12,0.0011912389312935864,2.983941207812511e-14,2.9839412078125e-14,0.012804071928058299,0.012804071928058299,0.09303594497022123,2.33046270325429e-12,2.3304627032542817e-12,False,1e-24,False
HGNN,real,,54,restart,5711.088524899498,557.7774735768011,557.7774735768013,1342.459208668491,1342.459208668491,4.2541989268813625,0.4154893273293785,0.41548932732937865,0.013670761377069116,0.01462852043085259,0.014628520430852587,0.02835667595487859,0.02835667595487859,0.48210027856657667,0.5158757131523325,0.5158757131523324,False,1e-24,False
HGNN,real,,55,base,497.6512178932258,7.492423130988044e-10,7.492423130988179e-10,606.1692243325115,606.1692243325115,0.8209773738368502,1.2360282954381906e-12,1.2360282954382128e-12,0.0011912389414320695,1.964996258192556e-14,1.96499625819259e-14,0.012804071928014759,0.012804071928014759,0.0930359457623547,1.5346651200023553e-12,1.534665120002382e-12,False,1e-24,False
HGNN,real,,55,restart,5711.088524659066,557.7774735338816,557.7774735338819,1342.4592084456451,1342.4592084456451,4.254198927408454,0.41548932736637817,0.41548932736637845,0.013670761376493586,0.014628520429726963,0.014628520429726965,0.02835667595017143,0.02835667595017143,0.48210027862630844,0.5158757131982717,0.5158757131982717,False,1e-24,False
HGNN,real,,56,base,497.651221327485,4.934515923453803e-10,4.934515923453386e-10,606.1692243311543,606.1692243311543,0.8209773795042007,8.140492333470964e-13,8.140492333470277e-13,0.0011912389496527332,1.2941481221842889e-14,1.2941481221841788e-14,0.012804071927986091,0.012804071927986091,0.09303594640459811,1.0107316871249732e-12,1.0107316871248872e-12,False,1e-24,False
HGNN,real,,56,restart,5711.088524485445,557.7774735027238,557.7774735027242,1342.4592082837112,1342.4592082837112,4.254198927792286,0.415489327393287,0.41548932739328737,0.013670761376077986,0.014628520428909806,0.01462852042890981,0.028356675946750908,0.028356675946750908,0.48210027866980565,0.5158757132316819,0.5158757132316821,False,1e-24,False
HGNN,real,,57,base,497.6512241125126,3.250229104700522e-10,3.250229104699883e-10,606.1692243302604,606.1692243302604,0.8209773840998835,5.361917059203411e-13,5.361917059202357e-13,0.0011912389563193166,8.524195600473033e-15,8.52419560047135e-15,0.012804071927967208,0.012804071927967208,0.09303594692539652,6.65740996179045e-13,6.657409961789136e-13,False,1e-24,False
HGNN,real,,57,restart,5711.088524360016,557.7774734800986,557.7774734800989,1342.4592081660126,1342.4592081660126,4.254198928071836,0.41548932741286104,0.4154893274128613,0.013670761375777744,0.014628520428316428,0.014628520428316428,0.02835667594426477,0.02835667594426477,0.48210027870148514,0.5158757132559854,0.5158757132559852,False,1e-24,False
HGNN,real,,58,base,497.65122637133413,2.1410518613683043e-10,2.1410518613681942e-10,606.1692243296715,606.1692243296715,0.8209773878270687,3.532102547330695e-13,3.5321025473305134e-13,0.0011912389617263087,5.615217964378524e-15,5.615217964378232e-15,0.012804071927954769,0.012804071927954769,0.0930359473477738,4.385493924100018e-13,4.385493924099789e-13,False,1e-24,False
HGNN,real,,58,restart,5711.088524269362,557.7774734636649,557.7774734636653,1342.4592080804466,1342.4592080804466,4.254198928275462,0.4154893274271021,0.4154893274271024,0.013670761375560744,0.014628520427885431,0.014628520427885433,0.028356675942457367,0.028356675942457367,0.4821002787245608,0.5158757132736671,0.5158757132736671,False,1e-24,False
HGNN,real,,59,base,497.6512282035832,1.4105258977120391e-10,1.4105258977119094e-10,606.1692243292836,606.1692243292836,0.8209773908502632,2.326950694787851e-13,2.326950694787637e-13,0.0011912389661122044,3.699308037775417e-15,3.699308037775075e-15,0.012804071927946576,0.012804071927946576,0.09303594769037248,2.889165305062985e-13,2.8891653050627174e-13,False,1e-24,False
HGNN,real,,59,restart,5711.08852420382,557.7774734517253,557.7774734517257,1342.4592080182279,1342.4592080182279,4.2541989284238095,0.4154893274374649,0.4154893274374652,0.013670761375403856,0.014628520427572298,0.014628520427572298,0.028356675941143123,0.028356675941143123,0.482100278741372,0.5158757132865337,0.5158757132865337,False,1e-24,False
HGNN,real,,60,base,497.6512296899711,9.29335879923712e-11,9.293358799229573e-11,606.1692243290281,606.1692243290281,0.82097739330271,1.5331294341978493e-13,1.5331294341966043e-13,0.0011912389696702047,2.437317667099459e-15,2.4373176670974786e-15,0.012804071927941179,0.012804071927941179,0.09303594796829208,1.903548871652868e-13,1.903548871651321e-13,False,1e-24,False
HGNN,real,,60,restart,5711.088524156412,557.7774734430488,557.7774734430492,1342.459207972976,1342.459207972976,4.2541989285318955,0.4154893274450072,0.41548932744500744,0.013670761375290373,0.014628520427344745,0.014628520427344745,0.02835667594018727,0.02835667594018727,0.48210027875362066,0.5158757132958983,0.5158757132958982,False,1e-24,False
HGNN,real,,61,base,497.6512308958957,6.123495661549699e-11,6.123495661547467e-11,606.1692243288597,606.1692243288597,0.8209773952923571,1.0101957367316907e-13,1.0101957367313224e-13,0.0011912389725568537,1.6059752434746345e-15,1.6059752434740482e-15,0.012804071927937623,0.012804071927937623,0.09303594819376566,1.2542691516520654e-13,1.2542691516516072e-13,False,1e-24,False
HGNN,real,,61,restart,5711.088524122109,557.7774734367423,557.7774734367426,1342.4592079400588,1342.4592079400588,4.2541989286106565,0.41548932745049727,0.4154893274504975,0.013670761375208262,0.014628520427179346,0.014628520427179346,0.028356675939491965,0.028356675939491965,0.48210027876254613,0.5158757133027149,0.5158757133027148,False,1e-24,False
HGNN,real,,62,base,497.6512318743588,4.035140792939611e-11,4.0351407929358375e-11,606.1692243287488,606.1692243287488,0.8209773969066821,6.656789277627859e-14,6.656789277621634e-14,0.001191238974899023,1.0582739950460935e-15,1.0582739950451033e-15,0.01280407192793528,0.01280407192793528,0.09303594837670645,8.265136286349695e-14,8.265136286341961e-14,False,1e-24,False
HGNN,real,,62,restart,5711.088524097278,557.7774734321571,557.7774734321574,1342.4592079161082,1342.4592079161082,4.254198928668059,0.4154893274544944,0.4154893274544947,0.013670761375148823,0.014628520427059092,0.014628520427059094,0.028356675938986057,0.028356675938986057,0.48210027876905115,0.5158757133076777,0.5158757133076777,False,1e-24,False
HGNN,real,,63,base,497.6512326683238,2.6591829473836624e-11,2.659182947378966e-11,606.1692243286757,606.1692243286757,0.8209773982165885,4.3868656484972035e-14,4.386865648489455e-14,0.0011912389767995547,6.974091625774581e-16,6.97409162576226e-16,0.012804071927933735,0.012804071927933735,0.0930359485251495,5.446776357573954e-14,5.44677635756433e-14,False,1e-24,False
HGNN,real,,63,restart,5711.088524079299,557.7774734288229,557.7774734288233,1342.4592078986802,1342.4592078986802,4.2541989287098945,0.4154893274574047,0.415489327457405,0.013670761375105785,0.014628520426971648,0.014628520426971652,0.028356675938617928,0.028356675938617928,0.48210027877379213,0.5158757133112911,0.5158757133112912,False,1e-24,False
HGNN,real,,64,base,497.65123331262316,1.752531496671834e-11,1.7525314966698768e-11,606.1692243286275,606.1692243286275,0.8209773992795574,2.891158815614367e-14,2.891158815611138e-14,0.0011912389783418286,4.596267152987957e-16,4.596267152982821e-16,0.012804071927932717,0.012804071927932717,0.09303594864560874,3.58969176279069e-14,3.5896917627866786e-14,False,1e-24,False
HGNN,real,,64,restart,5711.088524066277,557.777473426398,557.7774734263984,1342.4592078859955,1342.4592078859955,4.254198928740392,0.4154893274595243,0.4154893274595246,0.013670761375074615,0.014628520426908053,0.014628520426908053,0.02835667593834999,0.02835667593834999,0.4821002787772482,0.5158757133139229,0.5158757133139229,False,1e-24,False
HGNN,real,,65,base,497.65123383550144,1.1550732726232464e-11,1.1550732726241374e-11,606.1692243285958,606.1692243285958,0.8209774001421948,1.905529390580043e-14,1.9055293905815127e-14,0.0011912389795934542,3.029346606514462e-16,3.029346606516797e-16,0.012804071927932047,0.012804071927932047,0.09303594874336574,2.3659243899637516e-14,2.3659243899655748e-14,False,1e-24,False
HGNN,real,,65,restart,5711.088524056842,557.777473424634,557.7774734246343,1342.4592078767619,1342.4592078767619,4.254198928762625,0.41548932746106804,0.4154893274610683,0.013670761375052031,0.014628520426861788,0.014628520426861788,0.028356675938154947,0.028356675938154947,0.4821002787797677,0.5158757133158396,0.5158757133158396,False,1e-24,False
HGNN,real,,66,base,497.65123425986434,7.613379289709039e-12,7.61337928971241e-12,606.1692243285748,606.1692243285748,0.8209774008422965,1.2559824854424145e-14,1.2559824854429705e-14,0.0011912389806092612,1.9967187590626792e-16,1.9967187590635622e-16,0.012804071927931605,0.012804071927931605,0.09303594882270365,1.5594404423071946e-14,1.5594404423078838e-14,False,1e-24,False
HGNN,real,,66,restart,5711.088524050004,557.7774734233503,557.7774734233508,1342.459207870039,1342.459207870039,4.254198928778835,0.4154893274621925,0.4154893274621929,0.01367076137503566,0.014628520426828122,0.014628520426828126,0.028356675938012943,0.028356675938012943,0.48210027878160466,0.5158757133172358,0.5158757133172359,False,1e-24,False
HGNN,real,,67,base,497.65123460429015,5.018430336451387e-12,5.01843033644822e-12,606.1692243285611,606.1692243285611,0.8209774014105159,8.278926304795794e-15,8.27892630479057e-15,0.001191238981433721,1.3161558898538294e-16,1.3161558898529984e-16,0.012804071927931315,0.012804071927931315,0.0930359488870962,1.0279197877533902e-14,1.0279197877527408e-14,False,1e-24,False
HGNN,real,,67,restart,5711.088524045045,557.7774734224164,557.7774734224167,1342.459207865144,1342.459207865144,4.254198928790654,0.4154893274630119,0.41548932746301215,0.013670761375023792,0.014628520426803628,0.01462852042680363,0.028356675937909543,0.028356675937909543,0.48210027878294404,0.5158757133182531,0.5158757133182531,False,1e-24,False
HGNN,real,,68,base,497.6512348838493,3.3081045862036095e-12,3.308104586197965e-12,606.169224328552,606.169224328552,0.8209774018717182,5.457394492219506e-15,5.457394492210194e-15,0.0011912389821029082,8.675982415774883e-17,8.675982415760074e-17,0.012804071927931123,0.012804071927931123,0.09303594893936121,6.7759556995684155e-15,6.77595569955685e-15,False,1e-24,False
HGNN,real,,68,restart,5711.08852404145,557.7774734217363,557.7774734217369,1342.4592078615788,1342.4592078615788,4.254198928799274,0.4154893274636088,0.4154893274636091,0.013670761375015186,0.014628520426785793,0.014628520426785798,0.028356675937834235,0.028356675937834235,0.48210027878392087,0.5158757133189942,0.5158757133189943,False,1e-24,False
HGNN,real,,69,base,497.6512351107679,2.1807705387323312e-12,2.1807705387236503e-12,606.169224328546,606.169224328546,0.820977402246075,3.59762662175397e-15,3.5976266217396496e-15,0.0011912389826460883,5.719385936523441e-17,5.719385936500672e-17,0.012804071927930996,0.012804071927930996,0.09303594898178459,4.4668492716345085e-15,4.466849271616725e-15,False,1e-24,False
HGNN,real,,69,restart,5711.088524038841,557.7774734212414,557.7774734212419,1342.459207858982,1342.459207858982,4.254198928805559,0.4154893274640439,0.4154893274640442,0.013670761375008939,0.014628520426772814,0.014628520426772817,0.028356675937779383,0.028356675937779383,0.4821002787846332,0.5158757133195344,0.5158757133195345,False,1e-24,False
HGNN,real,,70,base,497.65123529496475,1.4376684309928676e-12,1.437668430986935e-12,606.169224328542,606.169224328542,0.8209774025499507,2.3717278497359927e-15,2.3717278497262057e-15,0.0011912389830870044,3.7704932543632335e-17,3.770493254347672e-17,0.012804071927930911,0.012804071927930911,0.09303594901622082,2.9447610694362374e-15,2.9447610694240834e-15,False,1e-24,False
HGNN,real,,70,restart,5711.088524036949,557.7774734208813,557.7774734208815,1342.4592078570904,1342.4592078570904,4.254198928810144,0.415489327464361,0.4154893274643612,0.013670761375004411,0.014628520426763368,0.014628520426763365,0.028356675937739426,0.028356675937739426,0.4821002787851527,0.5158757133199282,0.515875713319928,False,1e-24,False
HGNN,real,,71,base,497.65123544448795,9.478164487710387e-13,9.47816448766863e-13,606.1692243285394,606.1692243285394,0.8209774027966232,1.5636169088276396e-15,1.563616908820751e-15,0.0011912389834449215,2.4857856299993042e-17,2.4857856299883514e-17,0.012804071927930856,0.012804071927930856,0.09303594904417459,1.94140242572115e-15,1.9414024257125957e-15,False,1e-24,False
HGNN,real,,71,restart,5711.088524035576,557.7774734206188,557.777473420619,1342.459207855712,1342.459207855712,4.254198928813489,0.41548932746459205,0.4154893274645922,0.013670761375001124,0.014628520426756483,0.014628520426756482,0.028356675937710314,0.028356675937710314,0.4821002787855318,0.5158757133202151,0.5158757133202149,False,1e-24,False
HGNN,real,,72,base,497.6512355658686,6.248924718050876e-13,6.248924718039438e-13,606.1692243285378,606.1692243285378,0.8209774029968677,1.0308878226163492e-15,1.0308878226144624e-15,0.0011912389837354731,1.6388708264368495e-17,1.638870826433849e-17,0.012804071927930823,0.012804071927930823,0.09303594906686698,1.2799606528777883e-15,1.2799606528754448e-15,False,1e-24,False
HGNN,real,,72,restart,5711.088524034578,557.7774734204278,557.7774734204281,1342.4592078547082,1342.4592078547082,4.254198928815928,0.41548932746476047,0.4154893274647607,0.013670761374998735,0.014628520426751475,0.014628520426751475,0.028356675937689108,0.028356675937689108,0.4821002787858082,0.5158757133204241,0.515875713320424,False,1e-24,False
HGNN,real,,73,base,497.6512356644064,4.1200338275264396e-13,4.1200338275352425e-13,606.1692243285366,606.1692243285366,0.8209774031594274,6.796837685202951e-16,6.796837685217474e-16,0.0011912389839713452,1.0805384203719669e-17,1.0805384203742751e-17,0.012804071927930798,0.012804071927930798,0.09303594908528878,8.43902179286326e-16,8.439021792881285e-16,False,1e-24,False
HGNN,real,,73,restart,5711.088524033854,557.7774734202885,557.7774734202889,1342.459207853976,1342.459207853976,4.254198928817708,0.4154893274648833,0.4154893274648836,0.013670761374997002,0.014628520426747822,0.014628520426747822,0.028356675937673645,0.028356675937673645,0.48210027878600986,0.5158757133205767,0.5158757133205767,False,1e-24,False
HGNN,real,,74,base,497.6512357444018,2.716499810421268e-13,2.7164998103966504e-13,606.1692243285358,606.1692243285358,0.8209774032913971,4.481421526192429e-16,4.481421526151817e-16,0.001191238984162832,7.124413383410522e-18,7.124413383345956e-18,0.012804071927930781,0.012804071927930781,0.09303594910024406,5.564177883029022e-16,5.564177882978594e-16,False,1e-24,False
HGNN,real,,74,restart,5711.088524033327,557.7774734201872,557.7774734201876,1342.4592078534429,1342.4592078534429,4.254198928819006,0.41548932746497286,0.41548932746497313,0.013670761374995743,0.014628520426745166,0.014628520426745166,0.02835667593766238,0.02835667593766238,0.482100278786157,0.5158757133206878,0.5158757133206878,False,1e-24,False
HGNN,real,,75,base,497.6512358093462,1.7911461669816061e-13,1.7911461669866384e-13,606.1692243285354,606.1692243285354,0.8209774033985369,2.954861604803001e-16,2.9548616048113026e-16,0.0011912389843182908,4.6975397070649126e-18,4.6975397070781075e-18,0.012804071927930772,0.012804071927930772,0.09303594911238548,3.668785784323588e-16,3.668785784333893e-16,False,1e-24,False
HGNN,real,,75,restart,5711.088524032946,557.7774734201134,557.7774734201136,1342.4592078530538,1342.4592078530538,4.254198928819954,0.4154893274650383,0.41548932746503836,0.01367076137499483,0.01462852042674323,0.014628520426743225,0.028356675937654164,0.028356675937654164,0.48210027878626444,0.5158757133207691,0.5158757133207689,False,1e-24,False
HGNN,real,,76,base,497.65123586207204,1.1810381877200327e-13,1.181038187705887e-13,606.1692243285349,606.1692243285349,0.8209774034855196,1.9483638236967425e-16,1.948363823673406e-16,0.0011912389844445019,3.0974433492070283e-18,3.097443349169927e-18,0.012804071927930762,0.012804071927930762,0.09303594912224267,2.419108051439695e-16,2.4191080514107187e-16,False,1e-24,False
HGNN,real,,76,restart,5711.088524032668,557.7774734200596,557.7774734200599,1342.459207852771,1342.459207852771,4.254198928820644,0.41548932746508577,0.415489327465086,0.013670761374994164,0.014628520426741816,0.014628520426741818,0.02835667593764819,0.02835667593764819,0.48210027878634265,0.515875713320828,0.5158757133208279,False,1e-24,False
HGNN,real,,77,base,497.6512359048795,7.787670911268044e-14,7.787670911305211e-14,606.1692243285348,606.1692243285348,0.8209774035561395,1.2847354498893595e-16,1.2847354498954912e-16,0.0011912389845469711,2.042429255948697e-18,2.0424292559584436e-18,0.01280407192793076,0.01280407192793076,0.09303594913024556,1.5951404111479167e-16,1.5951404111555287e-16,False,1e-24,False
HGNN,real,,77,restart,5711.088524032468,557.7774734200203,557.7774734200206,1342.459207852564,1342.459207852564,4.25419892882115,0.4154893274651205,0.4154893274651207,0.013670761374993685,0.01462852042674079,0.014628520426740786,0.028356675937643818,0.028356675937643818,0.4821002787864,0.5158757133208712,0.515875713320871,False,1e-24,False
HGNN,real,,78,base,497.65123593963443,5.135245534253522e-14,5.135245534271574e-14,606.1692243285347,606.1692243285347,0.8209774036134749,8.47163684355954e-17,8.47163684358932e-17,0.0011912389846301648,1.346792363871408e-18,1.3467923638761415e-18,0.012804071927930758,0.012804071927930758,0.093035949136743,1.051846921394998e-16,1.0518469213986946e-16,False,1e-24,False
HGNN,real,,78,restart,5711.0885240323205,557.7774734199916,557.7774734199919,1342.4592078524133,1342.4592078524133,4.254198928821518,0.4154893274651458,0.41548932746514605,0.013670761374993332,0.014628520426740035,0.014628520426740035,0.028356675937640633,0.028356675937640633,0.4821002787864417,0.5158757133209025,0.5158757133209025,False,1e-24,False
HGNN,real,,79,base,497.65123596785264,3.3862895969981744e-14,3.386289597007317e-14,606.1692243285345,606.1692243285345,0.820977403660027,5.586376643831157e-17,5.58637664384624e-17,0.0011912389846977115,8.881033907091024e-19,8.881033907114996e-19,0.012804071927930753,0.012804071927930753,0.09303594914201845,6.936101231763601e-17,6.936101231782323e-17,False,1e-24,False
HGNN,real,,79,restart,5711.088524032213,557.7774734199708,557.7774734199712,1342.4592078523035,1342.4592078523035,4.254198928821786,0.41548932746516426,0.4154893274651646,0.013670761374993075,0.014628520426739488,0.014628520426739492,0.028356675937638316,0.028356675937638316,0.48210027878647205,0.5158757133209255,0.5158757133209255,False,1e-24,False
HGNN,real,,80,base,497.6512359907635,2.2330352481860248e-14,2.2330352481583005e-14,606.1692243285345,606.1692243285345,0.820977403697823,3.68384793975577e-17,3.6838479397100333e-17,0.0011912389847525537,5.856457691170173e-19,5.856457691097459e-19,0.012804071927930753,0.012804071927930753,0.09303594914630162,4.5739025242391215e-17,4.573902524182331e-17,False,1e-24,False
HGNN,real,,80,restart,5711.088524032136,557.7774734199556,557.777473419956,1342.4592078522232,1342.4592078522232,4.254198928821983,0.41548932746517786,0.41548932746517814,0.013670761374992891,0.014628520426739093,0.014628520426739093,0.02835667593763662,0.02835667593763662,0.4821002787864943,0.5158757133209424,0.5158757133209424,False,1e-24,False
HGNN,real,,81,base,497.65123600936573,1.472566938558418e-14,1.4725669385156797e-14,606.1692243285345,606.1692243285345,0.8209774037285112,2.4293000691178427e-17,2.4293000690473377e-17,0.0011912389847970823,3.862019634526133e-19,3.862019634414043e-19,0.012804071927930753,0.012804071927930753,0.0930359491497793,3.0162433140519445e-17,3.016243313964403e-17,False,1e-24,False
HGNN,real,,81,restart,5711.0885240320795,557.7774734199446,557.7774734199448,1342.459207852165,1342.459207852165,4.254198928822126,0.41548932746518763,0.4154893274651878,0.013670761374992756,0.014628520426738803,0.0146285204267388,0.028356675937635387,0.028356675937635387,0.4821002787865105,0.5158757133209545,0.5158757133209544,False,1e-24,False
HGNN,real,,82,base,497.6512360244698,9.710954694319489e-15,9.710954693510764e-15,606.1692243285346,606.1692243285346,0.8209774037534284,1.6020204102371745e-17,1.602020410103759e-17,0.0011912389848332372,2.546838226326767e-19,2.546838226114666e-19,0.012804071927930755,0.012804071927930755,0.093035949152603,1.9890845979794158e-17,1.9890845978137646e-17,False,1e-24,False
HGNN,real,,82,restart,5711.0885240320395,557.7774734199365,557.7774734199369,1342.4592078521223,1342.4592078521223,4.25419892882223,0.41548932746519485,0.41548932746519507,0.01367076137499266,0.014628520426738591,0.014628520426738591,0.028356675937634485,0.028356675937634485,0.4821002787865224,0.5158757133209635,0.5158757133209634,False,1e-24,False
HGNN,real,,83,base,497.65123603673356,6.404064473846516e-15,6.404064474048966e-15,606.1692243285344,606.1692243285344,0.8209774037736601,1.0564812954567967e-17,1.0564812954901949e-17,0.0011912389848625932,1.6795584697140304e-19,1.679558469767125e-19,0.01280407192793075,0.01280407192793075,0.09303594915489573,1.3117377652731303e-17,1.3117377653145971e-17,False,1e-24,False
HGNN,real,,83,restart,5711.0885240320085,557.7774734199305,557.7774734199309,1342.4592078520911,1342.4592078520911,4.254198928822307,0.4154893274652,0.4154893274652003,0.013670761374992586,0.014628520426738434,0.014628520426738434,0.02835667593763383,0.02835667593763383,0.48210027878653106,0.5158757133209699,0.5158757133209699,False,1e-24,False
HGNN,real,,84,base,497.6512360466916,4.223338164328238e-15,4.223338164201589e-15,606.1692243285345,606.1692243285345,0.820977403790088,6.967259297940295e-18,6.967259297731362e-18,0.00119123898488643,1.1076314758123406e-19,1.1076314757791246e-19,0.012804071927930753,0.012804071927930753,0.09303594915675739,8.650618975328917e-18,8.650618975069499e-18,False,1e-24,False
HGNN,real,,84,restart,5711.088524031988,557.7774734199262,557.7774734199265,1342.4592078520686,1342.4592078520686,4.254198928822363,0.4154893274652038,0.41548932746520406,0.013670761374992535,0.014628520426738319,0.01462852042673832,0.028356675937633354,0.028356675937633354,0.4821002787865374,0.5158757133209746,0.5158757133209746,False,1e-24,False
HGNN,real,,85,base,497.6512360547771,2.7852357121381726e-15,2.785235712089386e-15,606.1692243285344,606.1692243285344,0.8209774038034268,4.594815441551711e-18,4.594815441471227e-18,0.0011912389849057844,7.304683220439064e-20,7.30468322031111e-20,0.01280407192793075,0.01280407192793075,0.09303594915826899,5.704968904856477e-18,5.7049689047565425e-18,False,1e-24,False
HGNN,real,,85,restart,5711.088524031972,557.777473419923,557.7774734199234,1342.459207852052,1342.459207852052,4.254198928822404,0.41548932746520656,0.41548932746520684,0.013670761374992499,0.014628520426738236,0.014628520426738238,0.028356675937633,0.028356675937633,0.48210027878654205,0.515875713320978,0.515875713320978,False,1e-24,False
HGNN,real,,86,base,497.65123606134244,1.8368494635788643e-15,1.8368494633446223e-15,606.1692243285344,606.1692243285344,0.8209774038142575,3.0302585315405593e-18,3.0302585311541288e-18,0.0011912389849215,4.8174032081387414e-20,4.817403207524405e-20,0.01280407192793075,0.01280407192793075,0.09303594915949637,3.7623993642444934e-18,3.762399363764695e-18,False,1e-24,False
HGNN,real,,86,restart,5711.088524031959,557.7774734199209,557.7774734199212,1342.45920785204,1342.45920785204,4.254198928822433,0.4154893274652086,0.4154893274652089,0.013670761374992468,0.01462852042673818,0.01462852042673818,0.028356675937632747,0.028356675937632747,0.4821002787865453,0.5158757133209806,0.5158757133209806,False,1e-24,False
HGNN,real,,87,base,497.6512360666736,1.21140760233043e-15,1.2114076023242114e-15,606.1692243285345,606.1692243285345,0.8209774038230523,1.9984643787752996e-18,1.998464378765041e-18,0.0011912389849342614,3.177091528480453e-20,3.177091528464142e-20,0.012804071927930753,0.012804071927930753,0.09303594916049301,2.4813134027699094e-18,2.4813134027571705e-18,False,1e-24,False
HGNN,real,,87,restart,5711.088524031952,557.7774734199191,557.7774734199195,1342.459207852031,1342.459207852031,4.254198928822455,0.41548932746521017,0.41548932746521045,0.01367076137499245,0.014628520426738135,0.014628520426738135,0.02835667593763256,0.02835667593763256,0.4821002787865479,0.5158757133209825,0.5158757133209825,False,1e-24,False
HGNN,real,,88,base,497.6512360710022,7.989356067288226e-16,7.989356067301945e-16,606.1692243285344,606.1692243285344,0.8209774038301934,1.3180075376044031e-18,1.3180075376066665e-18,0.0011912389849446227,2.0953241031809006e-20,2.0953241031844976e-20,0.01280407192793075,0.01280407192793075,0.09303594916130227,1.6364513687322932e-18,1.6364513687351022e-18,False,1e-24,False
HGNN,real,,88,restart,5711.088524031946,557.777473419918,557.7774734199184,1342.4592078520245,1342.4592078520245,4.254198928822471,0.41548932746521133,0.41548932746521156,0.013670761374992435,0.014628520426738106,0.014628520426738106,0.02835667593763242,0.02835667593763242,0.48210027878654965,0.5158757133209839,0.5158757133209839,False,1e-24,False
HGNN,real,,89,base,497.6512360745174,5.269114939567765e-16,5.269114939188752e-16,606.1692243285343,606.1692243285343,0.8209774038359924,8.692481782466716e-19,8.692481781841457e-19,0.0011912389849530372,1.3819015503028288e-20,1.3819015502034267e-20,0.012804071927930748,0.012804071927930748,0.09303594916195944,1.0792672503567827e-18,1.0792672502791492e-18,False,1e-24,False
HGNN,real,,89,restart,5711.08852403194,557.7774734199171,557.7774734199174,1342.45920785202,1342.45920785202,4.254198928822481,0.415489327465212,0.4154893274652123,0.013670761374992423,0.014628520426738081,0.014628520426738081,0.028356675937632324,0.028356675937632324,0.48210027878655076,0.5158757133209848,0.5158757133209848,False,1e-24,False
HGNN,real,,90,base,497.65123607737155,3.4751028739825006e-16,3.4751028740945873e-16,606.1692243285344,606.1692243285344,0.8209774038407008,5.732892292299961e-19,5.732892292484872e-19,0.0011912389849598692,9.113959562651277e-21,9.113959562945236e-21,0.01280407192793075,0.01280407192793075,0.09303594916249301,7.118016529390252e-19,7.118016529619833e-19,False,1e-24,False
HGNN,real,,90,restart,5711.0885240319385,557.7774734199165,557.7774734199168,1342.4592078520166,1342.4592078520166,4.254198928822491,0.41548932746521267,0.41548932746521283,0.013670761374992417,0.014628520426738066,0.014628520426738064,0.028356675937632254,0.028356675937632254,0.4821002787865519,0.5158757133209856,0.5158757133209855,False,1e-24,False
HGNN,real,,91,base,497.6512360796893,2.291930603920324e-16,2.2919306036420976e-16,606.1692243285345,606.1692243285345,0.8209774038445243,3.7810078637019895e-19,3.781007863242998e-19,0.0011912389849654172,6.010919274051379e-21,6.010919273321687e-21,0.012804071927930753,0.012804071927930753,0.0930359491629263,4.694537259619094e-19,4.694537259049203e-19,False,1e-24,False
HGNN,real,,91,restart,5711.088524031935,557.777473419916,557.7774734199163,1342.459207852014,1342.459207852014,4.254198928822496,0.4154893274652131,0.4154893274652133,0.013670761374992409,0.014628520426738052,0.014628520426738052,0.0283566759376322,0.0283566759376322,0.4821002787865525,0.5158757133209861,0.515875713320986,False,1e-24,False
HGNN,real,,92,base,497.65123608157154,1.5116066520245184e-16,1.5116066520075433e-16,606.1692243285345,606.1692243285345,0.8209774038476294,2.4937040538456147e-19,2.493704053817611e-19,0.0011912389849699227,3.9644069257143716e-21,3.9644069256698495e-21,0.012804071927930753,0.012804071927930753,0.09303594916327818,3.096207946994135e-19,3.0962079469593637e-19,False,1e-24,False
HGNN,real,,92,restart,5711.088524031933,557.7774734199156,557.777473419916,1342.4592078520125,1342.4592078520125,4.2541989288225,0.41548932746521333,0.4154893274652136,0.013670761374992405,0.014628520426738043,0.014628520426738043,0.028356675937632168,0.028356675937632168,0.482100278786553,0.5158757133209865,0.5158757133209865,False,1e-24,False
HGNN,real,,93,base,497.65123608309966,9.96963834616142e-17,9.969638340032833e-17,606.1692243285345,606.1692243285345,0.8209774038501505,1.6446955645438756e-19,1.6446955635328399e-19,0.0011912389849735808,2.6146817529186705e-21,2.6146817513113582e-21,0.012804071927930753,0.012804071927930753,0.09303594916356388,2.0420704972884558e-19,2.0420704960331424e-19,False,1e-24,False
HGNN,real,,93,restart,5711.088524031933,557.7774734199153,557.7774734199156,1342.459207852011,1342.459207852011,4.254198928822504,0.4154893274652135,0.4154893274652138,0.013670761374992405,0.014628520426738033,0.014628520426738035,0.028356675937632136,0.028356675937632136,0.4821002787865534,0.5158757133209867,0.5158757133209866,False,1e-24,False
HGNN,real,,94,base,497.6512360843407,6.57541336685062e-17,6.575413364792476e-17,606.1692243285345,606.1692243285345,0.8209774038521978,1.0847487966968852e-19,1.0847487963573521e-19,0.0011912389849765516,1.7244971935036595e-21,1.7244971929638803e-21,0.012804071927930753,0.012804071927930753,0.09303594916379589,1.3468349781305494e-19,1.346834977708981e-19,False,1e-24,False
HGNN,real,,94,restart,5711.088524031931,557.7774734199152,557.7774734199155,1342.45920785201,1342.45920785201,4.254198928822506,0.4154893274652137,0.41548932746521394,0.0136707613749924,0.014628520426738031,0.014628520426738031,0.028356675937632112,0.028356675937632112,0.4821002787865536,0.5158757133209869,0.5158757133209868,False,1e-24,False
HGNN,real,,95,base,497.6512360853484,4.3368014845548784e-17,4.336801487158497e-17,606.1692243285345,606.1692243285345,0.8209774038538601,7.154440229721062e-20,7.154440234016263e-20,0.0011912389849789635,1.137388871489225e-21,1.137388872172061e-21,0.012804071927930753,0.012804071927930753,0.09303594916398426,8.883024696293134e-20,8.883024701626092e-20,False,1e-24,False
HGNN,real,,95,restart,5711.088524031931,557.777473419915,557.7774734199153,1342.459207852009,1342.459207852009,4.254198928822509,0.4154893274652139,0.41548932746521405,0.0136707613749924,0.014628520426738028,0.014628520426738026,0.028356675937632095,0.028356675937632095,0.482100278786554,0.5158757133209871,0.515875713320987,False,1e-24,False
HGNN,real,,96,base,497.6512360861669,2.86034654811199e-17,2.8603465475939004e-17,606.1692243285345,606.1692243285345,0.8209774038552103,4.718726113620254e-20,4.71872611276556e-20,0.0011912389849809228,7.501672243960487e-22,7.501672242601718e-22,0.012804071927930753,0.012804071927930753,0.09303594916413728,5.858817637220833e-20,5.858817636159633e-20,False,1e-24,False
HGNN,real,,96,restart,5711.088524031931,557.7774734199149,557.7774734199153,1342.4592078520086,1342.4592078520086,4.25419892882251,0.41548932746521394,0.4154893274652142,0.0136707613749924,0.014628520426738024,0.014628520426738026,0.028356675937632084,0.028356675937632084,0.4821002787865541,0.5158757133209871,0.5158757133209871,False,1e-24,False
HGNN,real,,97,base,497.6512360868314,1.8865581574119988e-17,1.8865581557554513e-17,606.1692243285344,606.1692243285344,0.8209774038563067,3.112263179480576e-20,3.112263176747762e-20,0.0011912389849825134,4.947771442385634e-22,4.947771438041096e-22,0.01280407192793075,0.01280407192793075,0.09303594916426153,3.864217157037822e-20,3.8642171536447306e-20,False,1e-24,False
HGNN,real,,97,restart,5711.088524031929,557.7774734199148,557.7774734199152,1342.4592078520084,1342.4592078520084,4.254198928822509,0.41548932746521394,0.4154893274652142,0.013670761374992397,0.01462852042673802,0.014628520426738022,0.02835667593763208,0.02835667593763208,0.482100278786554,0.5158757133209871,0.5158757133209871,False,1e-24,False
HGNN,real,,98,base,497.65123608737105,1.2442968674710242e-17,1.244296866131986e-17,606.1692243285344,606.1692243285344,0.8209774038571971,2.052721942209053e-20,2.052721940000036e-20,0.0011912389849838053,3.2633483799771036e-22,3.2633483764652804e-22,0.01280407192793075,0.01280407192793075,0.09303594916436242,2.5486801373385363e-20,2.5486801345957966e-20,False,1e-24,False
HGNN,real,,98,restart,5711.088524031929,557.7774734199148,557.7774734199152,1342.4592078520081,1342.4592078520081,4.25419892882251,0.415489327465214,0.4154893274652143,0.013670761374992397,0.01462852042673802,0.014628520426738022,0.028356675937632074,0.028356675937632074,0.4821002787865541,0.5158757133209873,0.5158757133209873,False,1e-24,False
HGNN,real,,99,base,497.65123608780925,8.206914721463321e-18,8.206914702085924e-18,606.1692243285343,606.1692243285343,0.8209774038579201,1.353898283198769e-20,1.3538982800020714e-20,0.0011912389849848542,2.152382004732584e-22,2.15238199965058e-22,0.012804071927930748,0.012804071927930748,0.09303594916444435,1.681013678185755e-20,1.681013674216702e-20,False,1e-24,False
HGNN,real,,99,restart,5711.088524031929,557.7774734199148,557.777473419915,1342.459207852008,1342.459207852008,4.254198928822511,0.4154893274652141,0.4154893274652143,0.013670761374992397,0.01462852042673802,0.014628520426738019,0.02835667593763207,0.02835667593763207,0.4821002787865542,0.5158757133209874,0.5158757133209873,False,1e-24,False
HGNN,real,,100,base,497.65123608816515,5.412996913879553e-18,5.4129969137486106e-18,606.1692243285345,606.1692243285345,0.8209774038585069,8.92984449990122e-21,8.929844499685205e-21,0.0011912389849857061,1.4196366776709942e-22,1.4196366776366518e-22,0.012804071927930753,0.012804071927930753,0.09303594916451086,1.1087384432558554e-20,1.108738443229034e-20,False,1e-24,False
HGNN,real,,100,restart,5711.088524031929,557.7774734199147,557.777473419915,1342.4592078520077,1342.4592078520077,4.254198928822512,0.41548932746521405,0.41548932746521433,0.013670761374992397,0.014628520426738019,0.014628520426738019,0.028356675937632067,0.028356675937632067,0.4821002787865543,0.5158757133209874,0.5158757133209874,False,1e-24,False
HGNN,real,,101,base,497.6512360884541,3.57024034416976e-18,3.570240335946319e-18,606.1692243285344,606.1692243285344,0.8209774038589838,5.8898409897410845e-21,5.889840976174838e-21,0.0011912389849863978,9.36347132895647e-23,9.363471307389301e-23,0.01280407192793075,0.01280407192793075,0.0930359491645649,7.312885605188637e-21,7.312885588344645e-21,False,1e-24,False
HGNN,real,,101,restart,5711.088524031929,557.7774734199146,557.777473419915,1342.4592078520077,1342.4592078520077,4.254198928822512,0.415489327465214,0.41548932746521433,0.013670761374992397,0.014628520426738015,0.014628520426738019,0.028356675937632067,0.028356675937632067,0.4821002787865543,0.5158757133209873,0.5158757133209874,False,1e-24,False
HGNN,real,,102,base,497.65123608868896,2.3548259119156126e-18,2.3548259100951993e-18,606.1692243285344,606.1692243285344,0.8209774038593711,3.884766526251971e-21,3.884766523248828e-21,0.00119123898498696,6.175871309872015e-23,6.175871305097716e-23,0.01280407192793075,0.01280407192793075,0.09303594916460879,4.8233650549869176e-21,4.823365051258182e-21,False,1e-24,False
HGNN,real,,102,restart,5711.088524031929,557.7774734199147,557.777473419915,1342.4592078520072,1342.4592078520072,4.254198928822514,0.4154893274652142,0.4154893274652145,0.013670761374992397,0.014628520426738019,0.014628520426738019,0.028356675937632057,0.028356675937632057,0.4821002787865545,0.5158757133209876,0.5158757133209876,False,1e-24,False
HGNN,real,,103,base,497.6512360888795,1.5531797642701785e-18,1.5531797635700275e-18,606.1692243285345,606.1692243285345,0.8209774038596853,2.5622873975343537e-21,2.5622873963793115e-21,0.0011912389849874161,4.0734384213679926e-23,4.073438419531743e-23,0.012804071927930753,0.012804071927930753,0.0930359491646444,3.181361713910877e-21,3.1813617124767626e-21,False,1e-24,False
HGNN,real,,103,restart,5711.088524031929,557.7774734199147,557.7774734199149,1342.4592078520075,1342.4592078520075,4.254198928822513,0.41548932746521416,0.41548932746521433,0.013670761374992397,0.014628520426738019,0.014628520426738015,0.02835667593763206,0.02835667593763206,0.4821002787865544,0.5158757133209875,0.5158757133209874,False,1e-24,False
HGNN,real,,104,base,497.65123608903417,1.0244389591285897e-18,1.0244389605313718e-18,606.1692243285344,606.1692243285344,0.8209774038599407,1.6900213966873376e-21,1.6900213990015134e-21,0.0011912389849877863,2.6867392380826384e-23,2.686739241761636e-23,0.01280407192793075,0.01280407192793075,0.09303594916467334,2.0983475047666648e-21,2.098347507639967e-21,False,1e-24,False
HGNN,real,,104,restart,5711.088524031929,557.7774734199147,557.7774734199149,1342.4592078520075,1342.4592078520075,4.254198928822513,0.41548932746521416,0.41548932746521433,0.013670761374992397,0.014628520426738019,0.014628520426738015,0.02835667593763206,0.02835667593763206,0.4821002787865544,0.5158757133209875,0.5158757133209874,False,1e-24,False
HGNN,real,,105,base,497.65123608915997,6.756966863828407e-19,6.756966860617271e-19,606.1692243285345,606.1692243285345,0.8209774038601481,1.1146997558830592e-21,1.1146997553533167e-21,0.0011912389849880875,1.772112222178112e-23,1.7721122213359443e-23,0.012804071927930753,0.012804071927930753,0.09303594916469683,1.3840223892466844e-21,1.38402238858895e-21,False,1e-24,False
HGNN,real,,105,restart,5711.088524031929,557.7774734199147,557.7774734199149,1342.4592078520072,1342.4592078520072,4.254198928822514,0.4154893274652142,0.4154893274652144,0.013670761374992397,0.014628520426738019,0.014628520426738015,0.028356675937632057,0.028356675937632057,0.4821002787865545,0.5158757133209876,0.5158757133209874,False,1e-24,False
HGNN,real,,106,base,497.6512360892619,4.456754920314106e-19,4.456754932357853e-19,606.1692243285344,606.1692243285344,0.8209774038603164,7.3523279332614435e-22,7.352327953130066e-22,0.0011912389849883314,1.1688483937697213e-23,1.1688483969283674e-23,0.01280407192793075,0.01280407192793075,0.09303594916471591,9.128724052385242e-22,9.128724077054316e-22,False,1e-24,False
HGNN,real,,106,restart,5711.0885240319285,557.7774734199146,557.7774734199149,1342.4592078520075,1342.4592078520075,4.254198928822512,0.41548932746521405,0.41548932746521433,0.013670761374992393,0.014628520426738015,0.014628520426738015,0.02835667593763206,0.02835667593763206,0.4821002787865543,0.5158757133209874,0.5158757133209874,False,1e-24,False
HGNN,real,,107,base,497.6512360893449,2.939590814254884e-19,2.9395908046085095e-19,606.1692243285345,606.1692243285345,0.8209774038604531,4.849455723376795e-22,4.849455707463129e-22,0.00119123898498853,7.709501785527593e-24,7.709501760228577e-24,0.012804071927930753,0.012804071927930753,0.09303594916473142,6.021132830963027e-22,6.021132811204457e-22,False,1e-24,False
HGNN,real,,107,restart,5711.0885240319285,557.7774734199146,557.7774734199149,1342.4592078520075,1342.4592078520075,4.254198928822512,0.41548932746521405,0.41548932746521433,0.013670761374992393,0.014628520426738015,0.014628520426738015,0.02835667593763206,0.02835667593763206,0.4821002787865543,0.5158757133209874,0.5158757133209874,False,1e-24,False
HGNN,real,,108,base,497.6512360894122,1.938903076351022e-19,1.9389030680006766e-19,606.1692243285345,606.1692243285345,0.8209774038605642,3.198616819418345e-22,3.198616805642744e-22,0.0011912389849886912,5.085053558000759e-24,5.085053536100768e-24,0.012804071927930753,0.012804071927930753,0.09303594916474399,3.9714347018843617e-22,3.971434684780435e-22,False,1e-24,False
HGNN,real,,108,restart,5711.088524031929,557.7774734199146,557.7774734199149,1342.4592078520075,1342.4592078520075,4.254198928822513,0.41548932746521405,0.41548932746521433,0.013670761374992397,0.014628520426738015,0.014628520426738015,0.02835667593763206,0.02835667593763206,0.4821002787865544,0.5158757133209874,0.5158757133209874,False,1e-24,False
HGNN,real,,109,base,497.65123608946686,1.2788696884613625e-19,1.2788696745598485e-19,606.1692243285344,606.1692243285344,0.8209774038606545,2.1097568750343465e-22,2.1097568521009586e-22,0.0011912389849888221,3.354020600023246e-24,3.354020563564515e-24,0.01280407192793075,0.01280407192793075,0.09303594916475423,2.6194952815805414e-22,2.6194952531062154e-22,False,1e-24,False
HGNN,real,,109,restart,5711.088524031929,557.7774734199146,557.7774734199149,1342.4592078520075,1342.4592078520075,4.254198928822513,0.41548932746521405,0.41548932746521433,0.013670761374992397,0.014628520426738015,0.014628520426738015,0.02835667593763206,0.02835667593763206,0.4821002787865544,0.5158757133209874,0.5158757133209874,False,1e-24,False
HGNN,real,,110,base,497.65123608951126,8.43523959037738e-20,8.435239538956951e-20,606.1692243285345,606.1692243285345,0.8209774038607276,1.3915651359108934e-22,1.391565127428043e-22,0.0011912389849889284,2.2122635017095525e-24,2.2122634882238005e-24,0.012804071927930753,0.012804071927930753,0.09303594916476252,1.72778122003808e-22,1.7277812095056868e-22,False,1e-24,False
HGNN,real,,110,restart,5711.088524031929,557.7774734199146,557.7774734199149,1342.4592078520072,1342.4592078520072,4.254198928822514,0.4154893274652141,0.4154893274652144,0.013670761374992397,0.014628520426738015,0.014628520426738015,0.028356675937632057,0.028356675937632057,0.4821002787865545,0.5158757133209874,0.5158757133209874,False,1e-24,False
HGNN,real,,111,base,497.65123608954724,5.563773190667546e-20,5.563773086202666e-20,606.1692243285345,606.1692243285345,0.820977403860787,9.178580778050298e-23,9.178580605714134e-23,0.0011912389849890145,1.45917993551067e-24,1.4591799081132444e-24,0.012804071927930753,0.012804071927930753,0.09303594916476925,1.1396217888526701e-22,1.1396217674552384e-22,False,1e-24,False
HGNN,real,,111,restart,5711.088524031929,557.7774734199146,557.7774734199149,1342.4592078520072,1342.4592078520072,4.254198928822514,0.4154893274652141,0.4154893274652144,0.013670761374992397,0.014628520426738015,0.014628520426738015,0.028356675937632057,0.028356675937632057,0.4821002787865545,0.5158757133209874,0.5158757133209874,False,1e-24,False
HGNN,real,,112,base,497.65123608957657,3.669798856215695e-20,3.6697988284715895e-20,606.1692243285344,606.1692243285344,0.8209774038608355,6.054083099122697e-23,6.054083053353126e-23,0.0011912389849890847,9.624577916533408e-25,9.624577843770476e-25,0.01280407192793075,0.01280407192793075,0.09303594916477474,7.516810254352284e-23,7.516810197524321e-23,False,1e-24,False
HGNN,real,,112,restart,5711.088524031929,557.7774734199146,557.7774734199149,1342.4592078520072,1342.4592078520072,4.254198928822514,0.4154893274652141,0.4154893274652144,0.013670761374992397,0.014628520426738015,0.014628520426738015,0.028356675937632057,0.028356675937632057,0.4821002787865545,0.5158757133209874,0.5158757133209874,False,1e-24,False
HGNN,real,,113,base,497.65123608960033,2.4205595614619988e-20,2.42055953422073e-20,606.1692243285344,606.1692243285344,0.8209774038608747,3.993207613176502e-23,3.9932075682364626e-23,0.0011912389849891415,6.34826730665144e-25,6.348267235207271e-25,0.01280407192793075,0.01280407192793075,0.09303594916477918,4.9580065953888895e-23,4.958006539590882e-23,False,1e-24,False
HGNN,real,,113,restart,5711.088524031929,557.7774734199146,557.7774734199149,1342.4592078520072,1342.4592078520072,4.254198928822514,0.4154893274652141,0.4154893274652144,0.013670761374992397,0.014628520426738015,0.014628520426738015,0.028356675937632057,0.028356675937632057,0.4821002787865545,0.5158757133209874,0.5158757133209874,False,1e-24,False
HGNN,real,,114,base,497.6512360896198,1.5965771270059136e-20,1.5965771418566315e-20,606.1692243285345,606.1692243285345,0.8209774038609067,2.6338802151733678e-23,2.6338802396726617e-23,0.0011912389849891881,4.18725427760074e-25,4.187254316548891e-25,0.012804071927930753,0.012804071927930753,0.0930359491647828,3.2702520738474455e-23,3.270252104266012e-23,False,1e-24,False
HGNN,real,,114,restart,5711.088524031929,557.7774734199146,557.7774734199149,1342.4592078520072,1342.4592078520072,4.254198928822514,0.4154893274652141,0.4154893274652144,0.013670761374992397,0.014628520426738015,0.014628520426738015,0.028356675937632057,0.028356675937632057,0.4821002787865545,0.5158757133209874,0.5158757133209874,False,1e-24,False
HGNN,real,,115,base,497.6512360896354,1.0530884214520616e-20,1.0530884816916139e-20,606.1692243285345,606.1692243285345,0.8209774038609325,1.737284539013983e-23,1.737284638391434e-23,0.0011912389849892254,2.7618765938894867e-25,2.761876751876418e-25,0.012804071927930753,0.012804071927930753,0.09303594916478573,2.157029895985464e-23,2.1570300193735017e-23,False,1e-24,False
HGNN,real,,115,restart,5711.088524031929,557.7774734199146,557.7774734199149,1342.4592078520072,1342.4592078520072,4.254198928822514,0.4154893274652141,0.4154893274652144,0.013670761374992397,0.014628520426738015,0.014628520426738015,0.028356675937632057,0.028356675937632057,0.4821002787865545,0.5158757133209874,0.5158757133209874,False,1e-24,False
HGNN,real,,116,base,497.65123608964814,6.94608911662924e-21,6.946089082427037e-21,606.1692243285345,606.1692243285345,0.8209774038609534,1.1458993360020148e-23,1.1458993303596626e-23,0.001191238984989256,1.8217122664625272e-25,1.821712257492504e-25,0.012804071927930753,0.012804071927930753,0.0930359491647881,1.42276010062756e-23,1.4227600936219578e-23,False,1e-24,False
HGNN,real,,116,restart,5711.088524031929,557.7774734199146,557.7774734199149,1342.4592078520072,1342.4592078520072,4.254198928822514,0.4154893274652141,0.4154893274652144,0.013670761374992397,0.014628520426738015,0.014628520426738015,0.028356675937632057,0.028356675937632057,0.4821002787865545,0.5158757133209874,0.5158757133209874,False,1e-24,False
HGNN,real,,117,base,497.6512360896585,4.581591275029099e-21,4.581591438700618e-21,606.1692243285346,606.1692243285346,0.8209774038609703,7.558271009393815e-24,7.558271279403432e-24,0.0011912389849892807,1.2015885321218663e-25,1.201588575047087e-25,0.012804071927930755,0.012804071927930755,0.09303594916479002,9.384425039824444e-24,9.384425375071085e-24,False,1e-24,False
HGNN,real,,117,restart,5711.088524031929,557.7774734199146,557.7774734199149,1342.4592078520072,1342.4592078520072,4.254198928822514,0.4154893274652141,0.4154893274652144,0.013670761374992397,0.014628520426738015,0.014628520426738015,0.028356675937632057,0.028356675937632057,0.4821002787865545,0.5158757133209874,0.5158757133209874,False,1e-24,False
HGNN,real,,118,base,497.6512360896669,3.0219897846088155e-21,3.0219898634084875e-21,606.1692243285347,606.1692243285347,0.8209774038609841,4.985389662360922e-24,4.9853897923570826e-24,0.001191238984989301,7.925604994854803e-26,7.925605201518328e-26,0.012804071927930758,0.012804071927930758,0.09303594916479158,6.189909772035814e-24,6.189909933440346e-24,False,1e-24,False
HGNN,real,,118,restart,5711.088524031929,557.7774734199146,557.7774734199149,1342.4592078520072,1342.4592078520072,4.254198928822514,0.4154893274652141,0.4154893274652144,0.013670761374992397,0.014628520426738015,0.014628520426738015,0.028356675937632057,0.028356675937632057,0.4821002787865545,0.5158757133209874,0.5158757133209874,False,1e-24,False
HGNN,real,,119,base,497.65123608967366,1.9932883347816714e-21,1.993288382418892e-21,606.1692243285345,606.1692243285345,0.8209774038609955,3.2883364162700206e-24,3.2883364948573505e-24,0.0011912389849893172,5.227686758834104e-26,5.227686883769597e-26,0.012804071927930753,0.012804071927930753,0.09303594916479287,4.082831452571309e-24,4.082831550146122e-24,False,1e-24,False
HGNN,real,,119,restart,5711.088524031929,557.7774734199146,557.7774734199149,1342.4592078520072,1342.4592078520072,4.254198928822514,0.4154893274652141,0.4154893274652144,0.013670761374992397,0.014628520426738015,0.014628520426738015,0.028356675937632057,0.028356675937632057,0.4821002787865545,0.5158757133209874,0.5158757133209874,False,1e-24,False
HGNN,real,,120,base,497.6512360896792,1.314763754215931e-21,1.314764112524111e-21,606.1692243285346,606.1692243285346,0.8209774038610045,2.1689714710810672e-24,2.1689720621836266e-24,0.0011912389849893302,3.448157975430318e-26,3.4481589151453064e-26,0.012804071927930755,0.012804071927930755,0.0930359491647939,2.6930167175244612e-24,2.6930174514433218e-24,False,1e-24,False
HGNN,real,,120,restart,5711.088524031929,557.7774734199146,557.7774734199149,1342.4592078520072,1342.4592078520072,4.254198928822514,0.4154893274652141,0.4154893274652144,0.013670761374992397,0.014628520426738015,0.014628520426738015,0.028356675937632057,0.028356675937632057,0.4821002787865545,0.5158757133209874,0.5158757133209874,False,1e-24,False
HGNN,real,,121,base,497.65123608968366,8.672127760236672e-22,8.672129862182631e-22,606.1692243285345,606.1692243285345,0.820977403861012,1.4306446800962152e-24,1.4306450268551523e-24,0.001191238984989341,2.2743908481294825e-26,2.2743913993951896e-26,0.012804071927930753,0.012804071927930753,0.09303594916479474,1.7763027737825616e-24,1.776303204321932e-24,False,1e-24,False
HGNN,real,,121,restart,5711.088524031929,557.7774734199146,557.7774734199149,1342.4592078520072,1342.4592078520072,4.254198928822514,0.4154893274652141,0.4154893274652144,0.013670761374992397,0.014628520426738015,0.014628520426738015,0.028356675937632057,0.028356675937632057,0.4821002787865545,0.5158757133209874,0.5158757133209874,False,1e-24,False
HGNN,real,,122,base,497.65123608968725,5.720106343808176e-22,5.720109013765103e-22,606.1692243285345,606.1692243285345,0.8209774038610179,9.436484259233797e-25,9.436488663873328e-25,0.0011912389849893497,1.5001805644903992e-26,1.5001812647251927e-26,0.012804071927930753,0.012804071927930753,0.09303594916479542,1.1716433435662848e-24,1.1716438904507426e-24,False,1e-24,True
HGNN,real,,122,restart,5711.088524031929,557.7774734199146,557.7774734199149,1342.4592078520072,1342.4592078520072,4.254198928822514,0.4154893274652141,0.4154893274652144,0.013670761374992397,0.014628520426738015,0.014628520426738015,0.028356675937632057,0.028356675937632057,0.4821002787865545,0.5158757133209874,0.5158757133209874,False,1e-24,False
HGNN,real,,123,base,497.6512360896902,3.7729648562181487e-22,3.7729681905557217e-22,606.1692243285344,606.1692243285344,0.8209774038610229,6.22427649704179e-25,6.224281997712954e-25,0.0011912389849893566,9.895145662686289e-27,9.895154407468499e-27,0.01280407192793075,0.01280407192793075,0.09303594916479598,7.728124083012264e-25,7.728130912700708e-25,False,1e-24,True
HGNN,real,,123,restart,5711.088524031929,557.7774734199146,557.7774734199149,1342.4592078520072,1342.4592078520072,4.254198928822514,0.4154893274652141,0.4154893274652144,0.013670761374992397,0.014628520426738015,0.014628520426738015,0.028356675937632057,0.028356675937632057,0.4821002787865545,0.5158757133209874,0.5158757133209874,False,1e-24,False
HGNN,real,,124,base,497.6512360896926,2.4886384344299937e-22,2.4886414981218883e-22,606.1692243285344,606.1692243285344,0.8209774038610269,4.105517625357354e-25,4.105522679543168e-25,0.0011912389849893623,6.526813990822006e-27,6.526822025796807e-27,0.01280407192793075,0.01280407192793075,0.09303594916479643,5.097451832166328e-25,5.097458107494088e-25,False,1e-24,True
HGNN,real,,124,restart,5711.088524031929,557.7774734199146,557.7774734199149,1342.4592078520072,1342.4592078520072,4.254198928822514,0.4154893274652141,0.4154893274652144,0.013670761374992397,0.014628520426738015,0.014628520426738015,0.028356675937632057,0.028356675937632057,0.4821002787865545,0.5158757133209874,0.5158757133209874,False,1e-24,False
HGNN,real,,125,base,497.6512360896945,1.6415050176552594e-22,1.6415079529537068e-22,606.1692243285343,606.1692243285343,0.8209774038610302,2.70799795135358e-25,2.708002793728167e-25,0.001191238984989367,4.305084164502504e-27,4.305091862746935e-27,0.012804071927930748,0.012804071927930748,0.09303594916479681,3.36227739795136e-25,3.3622834102921784e-25,False,1e-24,True
HGNN,real,,125,restart,5711.088524031929,557.7774734199146,557.7774734199149,1342.4592078520072,1342.4592078520072,4.254198928822514,0.4154893274652141,0.4154893274652144,0.013670761374992397,0.014628520426738015,0.014628520426738015,0.028356675937632057,0.028356675937632057,0.4821002787865545,0.5158757133209874,0.5158757133209874,False,1e-24,False
HGNN,real,,126,base,497.65123608969594,1.0827348448667914e-22,1.082737698908532e-22,606.1692243285343,606.1692243285343,0.8209774038610326,1.786192372379443e-25,1.7861970807044883e-25,0.0011912389849893705,2.8396286242544e-27,2.8396361093913737e-27,0.012804071927930748,0.012804071927930748,0.09303594916479707,2.2177543520823615e-25,2.2177601979859265e-25,False,1e-24,True
HGNN,real,,126,restart,5711.088524031929,557.7774734199146,557.7774734199149,1342.4592078520072,1342.4592078520072,4.254198928822514,0.4154893274652141,0.4154893274652144,0.013670761374992397,0.014628520426738015,0.014628520426738015,0.028356675937632057,0.028356675937632057,0.4821002787865545,0.5158757133209874,0.5158757133209874,False,1e-24,False
HGNN,real,,127,base,497.65123608969714,7.141695622064944e-23,7.141724065365626e-23,606.1692243285341,606.1692243285341,0.8209774038610348,1.1781686260921519e-25,1.178173318395809e-25,0.0011912389849893733,1.8730128997208883e-27,1.8730203593875977e-27,0.012804071927930746,0.012804071927930746,0.09303594916479732,1.4628259746300758e-25,1.4628318006413252e-25,False,1e-24,True
HGNN,real,,127,restart,5711.088524031929,557.7774734199146,557.7774734199149,1342.4592078520072,1342.4592078520072,4.254198928822514,0.4154893274652141,0.4154893274652144,0.013670761374992397,0.014628520426738015,0.014628520426738015,0.028356675937632057,0.028356675937632057,0.4821002787865545,0.5158757133209874,0.5158757133209874,False,1e-24,False
HGNN,real,,128,base,497.6512360896983,4.710674969017496e-23,4.710710440619669e-23,606.169224328534,606.169224328534,0.8209774038610368,7.771220939557937e-26,7.77127945721398e-26,0.001191238984989376,1.2354425965875798e-27,1.2354518995279396e-27,0.012804071927930743,0.012804071927930743,0.09303594916479756,9.648825807457322e-26,9.648898463565567e-26,False,1e-24,True
HGNN,real,,128,restart,5711.088524031929,557.7774734199146,557.7774734199149,1342.4592078520072,1342.4592078520072,4.254198928822514,0.4154893274652141,0.4154893274652144,0.013670761374992397,0.014628520426738015,0.014628520426738015,0.028356675937632057,0.028356675937632057,0.4821002787865545,0.5158757133209874,0.5158757133209874,False,1e-24,False
HGNN,real,,129,base,497.6512360896991,3.1071775363359396e-23,3.1072100452741967e-23,606.1692243285341,606.1692243285341,0.820977403861038,5.125924266079035e-26,5.125977896215559e-26,0.001191238984989378,8.149022186411042e-28,8.149107445800311e-28,0.012804071927930746,0.012804071927930746,0.0930359491647977,6.36439894455357e-26,6.364465532268594e-26,False,1e-24,True
HGNN,real,,129,restart,5711.088524031929,557.7774734199146,557.7774734199149,1342.4592078520072,1342.4592078520072,4.254198928822514,0.4154893274652141,0.4154893274652144,0.013670761374992397,0.014628520426738015,0.014628520426738015,0.028356675937632057,0.028356675937632057,0.4821002787865545,0.5158757133209874,0.5158757133209874,False,1e-24,False
HGNN,real,,130,base,497.6512360896998,2.0495105744224204e-23,2.049544029896214e-23,606.169224328534,606.169224328534,0.8209774038610393,3.381086488996047e-26,3.3811416806363533e-26,0.0011912389849893796,5.375137708399879e-28,5.375225450215402e-28,0.012804071927930743,0.012804071927930743,0.09303594916479785,4.1979908724775115e-26,4.198059398971284e-26,False,1e-24,True
HGNN,real,,130,restart,5711.088524031929,557.7774734199146,557.7774734199149,1342.4592078520072,1342.4592078520072,4.254198928822514,0.4154893274652141,0.4154893274652144,0.013670761374992397,0.014628520426738015,0.014628520426738015,0.028356675937632057,0.028356675937632057,0.4821002787865545,0.5158757133209874,0.5158757133209874,False,1e-24,False
HGNN,real,,131,base,497.65123608970015,1.3518664990723873e-23,1.3518994484663275e-23,606.169224328534,606.169224328534,0.8209774038610399,2.2301800302875442e-26,2.23023438704572e-26,0.0011912389849893805,3.5454652864790937e-28,3.5455517010270563e-28,0.012804071927930743,0.012804071927930743,0.0930359491647979,2.7690138781125027e-26,2.769081368008255e-26,False,1e-24,True
HGNN,real,,131,restart,5711.088524031929,557.7774734199146,557.7774734199149,1342.4592078520072,1342.4592078520072,4.254198928822514,0.4154893274652141,0.4154893274652144,0.013670761374992397,0.014628520426738015,0.014628520426738015,0.028356675937632057,0.028356675937632057,0.4821002787865545,0.5158757133209874,0.5158757133209874,False,1e-24,False
HGNN,real,,132,base,497.65123608970055,8.917075805333084e-24,8.917428900343065e-24,606.1692243285339,606.1692243285339,0.8209774038610407,1.4710538653971935e-26,1.4711121156342247e-26,0.0011912389849893814,2.338632013324134e-28,2.3387246175939756e-28,0.012804071927930741,0.012804071927930741,0.09303594916479799,1.8264752232628853e-26,1.8265475473410086e-26,False,1e-24,True
HGNN,real,,132,restart,5711.088524031929,557.7774734199146,557.7774734199149,1342.4592078520072,1342.4592078520072,4.254198928822514,0.4154893274652141,0.4154893274652144,0.013670761374992397,0.014628520426738015,0.014628520426738015,0.028356675937632057,0.028356675937632057,0.4821002787865545,0.5158757133209874,0.5158757133209874,False,1e-24,False
HGNN,real,,133,base,497.6512360897008,5.881782567293318e-24,5.882118731409572e-24,606.1692243285338,606.1692243285338,0.8209774038610412,9.703202226752257e-27,9.703756798153711e-27,0.001191238984989382,1.5425824908942958e-28,1.5426706547925463e-28,0.012804071927930738,0.012804071927930738,0.09303594916479806,1.204759313737776e-26,1.204828169878812e-26,False,1e-24,True
HGNN,real,,133,restart,5711.088524031929,557.7774734199146,557.7774734199149,1342.4592078520072,1342.4592078520072,4.254198928822514,0.4154893274652141,0.4154893274652144,0.013670761374992397,0.014628520426738015,0.014628520426738015,0.028356675937632057,0.028356675937632057,0.4821002787865545,0.5158757133209874,0.5158757133209874,False,1e-24,False
HGNN,real,,134,base,497.651236089701,3.879707953107888e-24,3.8800084047389684e-24,606.1692243285338,606.1692243285338,0.8209774038610417,6.400371047219563e-27,6.4008667035792424e-27,0.0011912389849893824,1.0175094862443462e-28,1.0175882840271883e-28,0.012804071927930738,0.012804071927930738,0.09303594916479811,7.946764841462317e-27,7.947380253366324e-27,False,1e-24,True
HGNN,real,,134,restart,5711.088524031929,557.7774734199146,557.7774734199149,1342.4592078520072,1342.4592078520072,4.254198928822514,0.4154893274652141,0.4154893274652144,0.013670761374992397,0.014628520426738015,0.014628520426738015,0.028356675937632057,0.028356675937632057,0.4821002787865545,0.5158757133209874,0.5158757133209874,False,1e-24,False
HGNN,real,,135,base,497.6512360897013,2.559112742035885e-24,2.5594263424509502e-24,606.1692243285337,606.1692243285337,0.8209774038610422,4.2217793964559445e-27,4.222296744421626e-27,0.001191238984989383,6.71164304855573e-29,6.712465510970617e-29,0.012804071927930736,0.012804071927930736,0.09303594916479817,5.241803612423472e-27,5.242445956842901e-27,False,1e-24,True
HGNN,real,,135,restart,5711.088524031929,557.7774734199146,557.7774734199149,1342.4592078520072,1342.4592078520072,4.254198928822514,0.4154893274652141,0.4154893274652144,0.013670761374992397,0.014628520426738015,0.014628520426738015,0.028356675937632057,0.028356675937632057,0.4821002787865545,0.5158757133209874,0.5158757133209874,False,1e-24,False
HGNN,real,,136,base,497.6512360897015,1.6880573071578788e-24,1.6883818704115965e-24,606.1692243285336,606.1692243285336,0.8209774038610428,2.784795465371531e-27,2.785330898779714e-27,0.0011912389849893837,4.427174272180233e-29,4.428025486224008e-29,0.012804071927930734,0.012804071927930734,0.09303594916479824,3.457629961077319e-27,3.4582947605634245e-27,False,1e-24,True
HGNN,real,,136,restart,5711.088524031929,557.7774734199146,557.7774734199149,1342.4592078520072,1342.4592078520072,4.254198928822514,0.4154893274652141,0.4154893274652144,0.013670761374992397,0.014628520426738015,0.014628520426738015,0.028356675937632057,0.028356675937632057,0.4821002787865545,0.5158757133209874,0.5158757133209874,False,1e-24,False
HGNN,real,,137,base,497.6512360897016,1.11351219728608e-24,1.113867134929809e-24,606.1692243285336,606.1692243285336,0.820977403861043,1.836965904231679e-27,1.837551446402881e-27,0.001191238984989384,2.9203466793931264e-29,2.921277554664883e-29,0.012804071927930734,0.012804071927930734,0.09303594916479825,2.280795278119844e-27,2.281522293148342e-27,False,1e-24,True
HGNN,real,,137,restart,5711.088524031929,557.7774734199146,557.7774734199149,1342.4592078520072,1342.4592078520072,4.254198928822514,0.4154893274652141,0.4154893274652144,0.013670761374992397,0.014628520426738015,0.014628520426738015,0.028356675937632057,0.028356675937632057,0.4821002787865545,0.5158757133209874,0.5158757133209874,False,1e-24,False
HGNN,real,,138,base,497.6512360897017,7.345428054784188e-25,7.349268478511097e-25,606.1692243285336,606.1692243285336,0.8209774038610431,1.2117784539327075e-27,1.2124120103015848e-27,0.0011912389849893842,1.926444674857831e-29,1.927451881487957e-29,0.012804071927930734,0.012804071927930734,0.09303594916479827,1.5045562737393683e-27,1.5053429036769342e-27,False,1e-24,True
HGNN,real,,138,restart,5711.088524031929,557.7774734199146,557.7774734199149,1342.4592078520072,1342.4592078520072,4.254198928822514,0.4154893274652141,0.4154893274652144,0.013670761374992397,0.014628520426738015,0.014628520426738015,0.028356675937632057,0.028356675937632057,0.4821002787865545,0.5158757133209874,0.5158757133209874,False,1e-24,False
HGNN,real,,139,base,497.6512360897017,4.8456640303717815e-25,4.8499100478500985e-25,606.1692243285335,606.1692243285335,0.8209774038610432,7.993912979893407e-28,8.000917653354058e-28,0.0011912389849893842,1.2708454289985033e-29,1.271959008452205e-29,0.01280407192793073,0.01280407192793073,0.09303594916479828,9.925322476721553e-28,9.93401954949629e-28,False,1e-24,True
HGNN,real,,139,restart,5711.088524031929,557.7774734199146,557.7774734199149,1342.4592078520072,1342.4592078520072,4.254198928822514,0.4154893274652141,0.4154893274652144,0.013670761374992397,0.014628520426738015,0.014628520426738015,0.028356675937632057,0.028356675937632057,0.4821002787865545,0.5158757133209874,0.5158757133209874,False,1e-24,False
HGNN,real,,140,base,497.6512360897017,3.196924973572031e-25,3.2014587796963473e-25,606.1692243285332,606.1692243285332,0.8209774038610435,5.273981002769208e-28,5.281460442408096e-28,0.0011912389849893842,8.384397812250843e-30,8.396288374107663e-30,0.012804071927930727,0.012804071927930727,0.0930359491647983,6.548227672761793e-28,6.5575142199818865e-28,False,1e-24,True
HGNN,real,,140,restart,5711.088524031929,557.7774734199146,557.7774734199149,1342.4592078520072,1342.4592078520072,4.254198928822514,0.4154893274652141,0.4154893274652144,0.013670761374992397,0.014628520426738015,0.014628520426738015,0.028356675937632057,0.028356675937632057,0.4821002787865545,0.5158757133209874,0.5158757133209874,False,1e-24,False
HGNN,real,,141,base,497.6512360897017,2.109607315903026e-25,2.114171970818916e-25,606.1692243285332,606.1692243285332,0.8209774038610435,3.480228344221671e-28,3.487758675245893e-28,0.0011912389849893842,5.532750099043629e-30,5.544721566315097e-30,0.012804071927930727,0.012804071927930727,0.0930359491647983,4.321086393598368e-28,4.330436128072565e-28,False,1e-24,True
HGNN,real,,141,restart,5711.088524031929,557.7774734199146,557.7774734199149,1342.4592078520072,1342.4592078520072,4.254198928822514,0.4154893274652141,0.4154893274652144,0.013670761374992397,0.014628520426738015,0.014628520426738015,0.028356675937632057,0.028356675937632057,0.4821002787865545,0.5158757133209874,0.5158757133209874,False,1e-24,False
HGNN,real,,142,base,497.6512360897017,1.392543760106845e-25,1.3971150289771712e-25,606.1692243285331,606.1692243285331,0.8209774038610436,2.297285484345392e-28,2.304826726438951e-28,0.0011912389849893842,3.652147282849059e-30,3.664136096171989e-30,0.012804071927930724,0.012804071927930724,0.09303594916479832,2.8523326824510314e-28,2.861695964218277e-28,False,1e-24,True
HGNN,real,,142,restart,5711.088524031929,557.7774734199146,557.7774734199149,1342.4592078520072,1342.4592078520072,4.254198928822514,0.4154893274652141,0.4154893274652144,0.013670761374992397,0.014628520426738015,0.014628520426738015,0.028356675937632057,0.028356675937632057,0.4821002787865545,0.5158757133209874,0.5158757133209874,False,1e-24,False
HGNN,real,,143,base,497.6512360897017,9.193559593192041e-26,9.240283897655039e-26,606.169224328533,606.169224328533,0.8209774038610438,1.516665515867446e-28,1.5243736446519047e-28,0.0011912389849893842,2.411143882861608e-30,2.423398007038965e-30,0.012804071927930722,0.012804071927930722,0.09303594916479835,1.8831071056403189e-28,1.8926775955956477e-28,False,1e-24,True
HGNN,real,,143,restart,5711.088524031929,557.7774734199146,557.7774734199149,1342.4592078520072,1342.4592078520072,4.254198928822514,0.4154893274652141,0.4154893274652144,0.013670761374992397,0.014628520426738015,0.014628520426738015,0.028356675937632057,0.028356675937632057,0.4821002787865545,0.5158757133209874,0.5158757133209874,False,1e-24,False
HGNN,real,,144,base,497.6512360897016,6.073980757477175e-26,6.119917474685759e-26,606.169224328533,606.169224328533,0.8209774038610437,1.0020272415191414e-28,1.0096054416924458e-28,0.001191238984989384,1.592989244215615e-30,1.605036812252073e-30,0.012804071927930722,0.012804071927930722,0.09303594916479833,1.2441270661254865e-28,1.2535362354149664e-28,False,1e-24,True
HGNN,real,,144,restart,5711.088524031929,557.7774734199146,557.7774734199149,1342.4592078520072,1342.4592078520072,4.254198928822514,0.4154893274652141,0.4154893274652144,0.013670761374992397,0.014628520426738015,0.014628520426738015,0.028356675937632057,0.028356675937632057,0.4821002787865545,0.5158757133209874,0.5158757133209874,False,1e-24,False
HGNN,real,,145,base,497.6512360897016,4.017403862184366e-26,4.063572451043595e-26,606.169224328533,606.169224328533,0.8209774038610437,6.627528585989387e-29,6.703693107390768e-29,0.001191238984989384,1.0536222285939659e-30,1.0657306083221736e-30,0.012804071927930722,0.012804071927930722,0.09303594916479833,8.228805918339158e-29,8.323372551488058e-29,False,1e-24,True
HGNN,real,,145,restart,5711.088524031929,557.7774734199146,557.7774734199149,1342.4592078520072,1342.4592078520072,4.254198928822514,0.4154893274652141,0.4154893274652144,0.013670761374992397,0.014628520426738015,0.014628520426738015,0.028356675937632057,0.028356675937632057,0.4821002787865545,0.5158757133209874,0.5158757133209874,False,1e-24,False
HGNN,real,,146,base,497.65123608970157,2.6602861492875726e-26,2.705424177255236e-26,606.1692243285329,606.1692243285329,0.8209774038610437,4.3886856054667417e-29,4.4631500060929264e-29,0.001191238984989384,6.976984932219394e-31,7.095365934610739e-31,0.012804071927930719,0.012804071927930719,0.09303594916479833,5.449036034388283e-29,5.541491780542839e-29,False,1e-24,True
HGNN,real,,146,restart,5711.088524031929,557.7774734199146,557.7774734199149,1342.4592078520072,1342.4592078520072,4.254198928822514,0.4154893274652141,0.4154893274652144,0.013670761374992397,0.014628520426738015,0.014628520426738015,0.028356675937632057,0.028356675937632057,0.4821002787865545,0.5158757133209874,0.5158757133209874,False,1e-24,False
HGNN,real,,147,base,497.65123608970146,1.7655604808051758e-26,1.8098468210620483e-26,606.1692243285328,606.1692243285328,0.8209774038610437,2.912652787282176e-29,2.9857121549957543e-29,0.0011912389849893835,4.6304375470280104e-31,4.746584875298723e-31,0.012804071927930717,0.012804071927930717,0.09303594916479833,3.616378893441863e-29,3.7070901366498534e-29,False,1e-24,True
HGNN,real,,147,restart,5711.088524031929,557.7774734199146,557.7774734199149,1342.4592078520072,1342.4592078520072,4.254198928822514,0.4154893274652141,0.4154893274652144,0.013670761374992397,0.014628520426738015,0.014628520426738015,0.028356675937632057,0.028356675937632057,0.4821002787865545,0.5158757133209874,0.5158757133209874,False,1e-24,False
HGNN,real,,148,base,497.6512360897014,1.1756642315561864e-26,1.2176558621798655e-26,606.1692243285328,606.1692243285328,0.8209774038610436,1.9394983848916052e-29,2.0087721601648285e-29,0.0011912389849893835,3.083349372440054e-31,3.193478493030779e-31,0.012804071927930717,0.012804071927930717,0.09303594916479832,2.408100633763277e-29,2.4941116474553268e-29,False,1e-24,True
HGNN,real,,148,restart,5711.088524031929,557.7774734199146,557.7774734199149,1342.4592078520072,1342.4592078520072,4.254198928822514,0.4154893274652141,0.4154893274652144,0.013670761374992397,0.014628520426738015,0.014628520426738015,0.028356675937632057,0.028356675937632057,0.4821002787865545,0.5158757133209874,0.5158757133209874,False,1e-24,False
HGNN,real,,149,base,497.65123608970134,7.864656531098358e-27,8.278055618106797e-27,606.1692243285326,606.1692243285326,0.8209774038610438,1.2974358010026355e-29,1.3656344277914452e-29,0.0011912389849893833,2.0626198474644827e-31,2.1710397331156377e-31,0.012804071927930712,0.012804071927930712,0.09303594916479835,1.6109092943824368e-29,1.695585392940309e-29,False,1e-24,True
HGNN,real,,149,restart,5711.088524031929,557.7774734199146,557.7774734199149,1342.4592078520072,1342.4592078520072,4.254198928822514,0.4154893274652141,0.4154893274652144,0.013670761374992397,0.014628520426738015,0.014628520426738015,0.028356675937632057,0.028356675937632057,0.4821002787865545,0.5158757133209874,0.5158757133209874,False,1e-24,False
HGNN,real,,150,base,497.65123608970123,5.2841259435520354e-27,5.693584054137993e-27,606.1692243285324,606.1692243285324,0.8209774038610438,8.717245500883658e-30,9.392730322864719e-30,0.001191238984989383,1.3858384030599576e-31,1.4932247106832288e-31,0.01280407192793071,0.01280407192793071,0.09303594916479835,1.0823419384554535e-29,1.1662108109732804e-29,False,1e-24,True
HGNN,real,,150,restart,5711.088524031929,557.7774734199146,557.7774734199149,1342.4592078520072,1342.4592078520072,4.254198928822514,0.4154893274652141,0.4154893274652144,0.013670761374992397,0.014628520426738015,0.014628520426738015,0.028356675937632057,0.028356675937632057,0.4821002787865545,0.5158757133209874,0.5158757133209874,False,1e-24,False
HGNN,real,,151,base,497.65123608970106,3.5804287477149744e-27,3.978725881132655e-27,606.1692243285323,606.1692243285323,0.8209774038610438,5.906648843284808e-30,6.56372135279547e-30,0.0011912389849893827,9.390191889839505e-32,1.0434783690291314e-31,0.012804071927930706,0.012804071927930706,0.09303594916479835,7.333754404609217e-30,8.149582218082478e-30,False,1e-24,True
HGNN,real,,151,restart,5711.088524031929,557.7774734199146,557.7774734199149,1342.4592078520072,1342.4592078520072,4.254198928822514,0.4154893274652141,0.4154893274652144,0.013670761374992397,0.014628520426738015,0.014628520426738015,0.028356675937632057,0.028356675937632057,0.4821002787865545,0.5158757133209874,0.5158757133209874,False,1e-24,False
HGNN,real,,152,base,497.65123608970106,2.4487690990708173e-27,2.842753951281071e-27,606.1692243285322,606.1692243285322,0.8209774038610439,4.0397450097922345e-30,4.689703530280766e-30,0.0011912389849893827,6.422250896309383e-32,7.455533116017122e-32,0.012804071927930705,0.012804071927930705,0.09303594916479836,5.015787893459061e-30,5.822782906860808e-30,False,1e-24,True
HGNN,real,,152,restart,5711.088524031929,557.7774734199146,557.7774734199149,1342.4592078520072,1342.4592078520072,4.254198928822514,0.4154893274652141,0.4154893274652144,0.013670761374992397,0.014628520426738015,0.014628520426738015,0.028356675937632057,0.028356675937632057,0.4821002787865545,0.5158757133209874,0.5158757133209874,False,1e-24,False
HGNN,real,,153,base,497.651236089701,1.7035437978290273e-27,2.090633267277674e-27,606.1692243285321,606.1692243285321,0.820977403861044,2.8103435962392894e-30,3.448926773861734e-30,0.0011912389849893824,4.4677898323125505e-32,5.482987914100576e-32,0.012804071927930703,0.012804071927930703,0.09303594916479838,3.4893507764249195e-30,4.282222050112066e-30,False,1e-24,True
HGNN,real,,153,restart,5711.088524031929,557.7774734199146,557.7774734199149,1342.4592078520072,1342.4592078520072,4.254198928822514,0.4154893274652141,0.4154893274652144,0.013670761374992397,0.014628520426738015,0.014628520426738015,0.028356675937632057,0.028356675937632057,0.4821002787865545,0.5158757133209874,0.5158757133209874,False,1e-24,False
HGNN,real,,154,base,497.65123608970094,1.2108143111908746e-27,1.5978426900694905e-27,606.1692243285321,606.1692243285321,0.8209774038610439,1.997485623807646e-30,2.635968020051593e-30,0.0011912389849893824,3.1755355367153547e-32,4.1905733996537217e-32,0.012804071927930703,0.012804071927930703,0.09303594916479836,2.4800981707922672e-30,3.2728443133097666e-30,False,1e-24,True
HGNN,real,,154,restart,5711.088524031929,557.7774734199146,557.7774734199149,1342.4592078520072,1342.4592078520072,4.254198928822514,0.4154893274652141,0.4154893274652144,0.013670761374992397,0.014628520426738015,0.014628520426738015,0.028356675937632057,0.028356675937632057,0.4821002787865545,0.5158757133209874,0.5158757133209874,False,1e-24,False
HGNN,real,,155,base,497.65123608970094,8.887338574750731e-28,1.274764394600947e-27,606.1692243285319,606.1692243285319,0.820977403861044,1.4661481015628018e-30,2.102984353936863e-30,0.0011912389849893824,2.330832994795448e-32,3.3432538735137214e-32,0.012804071927930698,0.012804071927930698,0.09303594916479838,1.820384177716925e-30,2.6110864515067075e-30,False,1e-24,True
HGNN,real,,155,restart,5711.088524031929,557.7774734199146,557.7774734199149,1342.4592078520072,1342.4592078520072,4.254198928822514,0.4154893274652141,0.4154893274652144,0.013670761374992397,0.014628520426738015,0.014628520426738015,0.028356675937632057,0.028356675937632057,0.4821002787865545,0.5158757133209874,0.5158757133209874,False,1e-24,False
HGNN,real,,156,base,497.651236089701,6.734005717455994e-28,1.0617767062697866e-27,606.1692243285319,606.1692243285319,0.8209774038610441,1.1109118456014345e-30,1.7516176401828087e-30,0.0011912389849893824,1.766090329671935e-32,2.7846628765893115e-32,0.012804071927930698,0.012804071927930698,0.09303594916479838,1.3793192818757914e-30,2.1748260180535773e-30,False,1e-24,True
HGNN,real,,156,restart,5711.088524031929,557.7774734199146,557.7774734199149,1342.4592078520072,1342.4592078520072,4.254198928822514,0.4154893274652141,0.4154893274652144,0.013670761374992397,0.014628520426738015,0.014628520426738015,0.028356675937632057,0.028356675937632057,0.4821002787865545,0.5158757133209874,0.5158757133209874,False,1e-24,False
HGNN,real,,157,base,497.65123608970094,5.326282658078673e-28,9.223094900946492e-28,606.1692243285319,606.1692243285319,0.820977403861044,8.786791615788022e-31,1.5215379684052971e-30,0.0011912389849893824,1.3968946107586291e-32,2.4188899442101742e-32,0.012804071927930698,0.012804071927930698,0.09303594916479838,1.09097685378622e-30,1.8891567915466232e-30,False,1e-24,True
HGNN,real,,157,restart,5711.088524031929,557.7774734199146,557.7774734199149,1342.4592078520072,1342.4592078520072,4.254198928822514,0.4154893274652141,0.4154893274652144,0.013670761374992397,0.014628520426738015,0.014628520426738015,0.028356675937632057,0.028356675937632057,0.4821002787865545,0.5158757133209874,0.5158757133209874,False,1e-24,False
HGNN,real,,158,base,497.6512360897009,4.413063949934939e-28,8.300292134138263e-28,606.1692243285319,606.1692243285319,0.8209774038610439,7.280250749818906e-31,1.369302795491258e-30,0.0011912389849893822,1.1573898052982847e-32,2.1768715808414222e-32,0.012804071927930698,0.012804071927930698,0.09303594916479836,9.039232299012348e-31,1.7001400750434805e-30,False,1e-24,True
HGNN,real,,158,restart,5711.088524031929,557.7774734199146,557.7774734199149,1342.4592078520072,1342.4592078520072,4.254198928822514,0.4154893274652141,0.4154893274652144,0.013670761374992397,0.014628520426738015,0.014628520426738015,0.028356675937632057,0.028356675937632057,0.4821002787865545,0.5158757133209874,0.5158757133209874,False,1e-24,False
HGNN,real,,159,base,497.65123608970094,3.801125247676569e-28,7.692675304190001e-28,606.1692243285319,606.1692243285319,0.820977403861044,6.270732817039938e-31,1.2690639833639461e-30,0.0011912389849893824,9.969000359461451e-33,2.0175152849689938e-32,0.012804071927930698,0.012804071927930698,0.09303594916479838,7.785804715541433e-31,1.5756825612389779e-30,False,1e-24,True
HGNN,real,,159,restart,5711.088524031929,557.7774734199146,557.7774734199149,1342.4592078520072,1342.4592078520072,4.254198928822514,0.4154893274652141,0.4154893274652144,0.013670761374992397,0.014628520426738015,0.014628520426738015,0.028356675937632057,0.028356675937632057,0.4821002787865545,0.5158757133209874,0.5158757133209874,False,1e-24,False
HGNN,real,,160,base,497.6512360897009,3.404796624593522e-28,7.287339087458406e-28,606.1692243285319,606.1692243285319,0.8209774038610439,5.61690776757117e-31,1.2021954917837944e-30,0.0011912389849893822,8.929571261881781e-33,1.9112100035850156e-32,0.012804071927930698,0.012804071927930698,0.09303594916479836,6.974008981004619e-31,1.4926579718877693e-30,False,1e-24,True
HGNN,real,,160,restart,5711.088524031929,557.7774734199146,557.7774734199149,1342.4592078520072,1342.4592078520072,4.254198928822514,0.4154893274652141,0.4154893274652144,0.013670761374992397,0.014628520426738015,0.014628520426738015,0.028356675937632057,0.028356675937632057,0.4821002787865545,0.5158757133209874,0.5158757133209874,False,1e-24,False
HGNN,real,,161,base,497.6512360897009,3.140663053669243e-28,7.017051254043849e-28,606.1692243285319,606.1692243285319,0.8209774038610439,5.181165469342708e-31,1.1576059906071285e-30,0.0011912389849893822,8.236842795462665e-33,1.8403231126541057e-32,0.012804071927930698,0.012804071927930698,0.09303594916479836,6.432986976193787e-31,1.4372952003179862e-30,False,1e-24,True
HGNN,real,,161,restart,5711.088524031929,557.7774734199146,557.7774734199149,1342.4592078520072,1342.4592078520072,4.254198928822514,0.4154893274652141,0.4154893274652144,0.013670761374992397,0.014628520426738015,0.014628520426738015,0.028356675937632057,0.028356675937632057,0.4821002787865545,0.5158757133209874,0.5158757133209874,False,1e-24,False
HGNN,real,,162,base,497.6512360897009,2.9666118369362173e-28,6.838242774245772e-28,606.1692243285319,606.1692243285319,0.8209774038610439,4.8940324217587985e-31,1.128107878096361e-30,0.0011912389849893822,7.78036832300564e-33,1.7934280044102677e-32,0.012804071927930698,0.012804071927930698,0.09303594916479836,6.076479706454639e-31,1.4006700481727991e-30,False,1e-24,True
HGNN,real,,162,restart,5711.088524031929,557.7774734199146,557.7774734199149,1342.4592078520072,1342.4592078520072,4.254198928822514,0.4154893274652141,0.4154893274652144,0.013670761374992397,0.014628520426738015,0.014628520426738015,0.028356675937632057,0.028356675937632057,0.4821002787865545,0.5158757133209874,0.5158757133209874,False,1e-24,False
HGNN,real,,163,base,497.6512360897009,2.8509443497923236e-28,6.718450913812136e-28,606.1692243285319,606.1692243285319,0.8209774038610439,4.703215266249095e-31,1.1083457628939053e-30,0.0011912389849893822,7.477013619915995e-33,1.7620108575942443e-32,0.012804071927930698,0.012804071927930698,0.09303594916479836,5.839559213663662e-31,1.3761332078669505e-30,False,1e-24,True
HGNN,real,,163,restart,5711.088524031929,557.7774734199146,557.7774734199149,1342.4592078520072,1342.4592078520072,4.254198928822514,0.4154893274652141,0.4154893274652144,0.013670761374992397,0.014628520426738015,0.014628520426738015,0.028356675937632057,0.028356675937632057,0.4821002787865545,0.5158757133209874,0.5158757133209874,False,1e-24,False
HGNN,real,,164,base,497.65123608970094,2.7745539877946745e-28,6.639171102022676e-28,606.1692243285319,606.1692243285319,0.820977403861044,4.577193754546206e-31,1.0952669379375113e-30,0.0011912389849893824,7.276668854460177e-33,1.7412185810779613e-32,0.012804071927930698,0.012804071927930698,0.09303594916479838,5.683089641652911e-31,1.3598944077154714e-30,False,1e-24,True
HGNN,real,,164,restart,5711.088524031929,557.7774734199146,557.7774734199149,1342.4592078520072,1342.4592078520072,4.254198928822514,0.4154893274652141,0.4154893274652144,0.013670761374992397,0.014628520426738015,0.014628520426738015,0.028356675937632057,0.028356675937632057,0.4821002787865545,0.5158757133209874,0.5158757133209874,False,1e-24,False
HGNN,real,,165,base,497.65123608970094,2.7246636305099023e-28,6.5858586035419385e-28,606.1692243285319,606.1692243285319,0.820977403861044,4.494889415621647e-31,1.086471951926832e-30,0.0011912389849893824,7.145824181554551e-33,1.7272366077966778e-32,0.012804071927930698,0.012804071927930698,0.09303594916479838,5.580899749529451e-31,1.3489744649347819e-30,False,1e-24,True
HGNN,real,,165,restart,5711.088524031929,557.7774734199146,557.7774734199149,1342.4592078520072,1342.4592078520072,4.254198928822514,0.4154893274652141,0.4154893274652144,0.013670761374992397,0.014628520426738015,0.014628520426738015,0.028356675937632057,0.028356675937632057,0.4821002787865545,0.5158757133209874,0.5158757133209874,False,1e-24,False
HGNN,real,,166,base,497.651236089701,2.691863669723233e-28,6.548524183557539e-28,606.1692243285319,606.1692243285319,0.8209774038610441,4.440779177968123e-31,1.0803128764597865e-30,0.0011912389849893824,7.059801543633716e-33,1.7174451165409698e-32,0.012804071927930698,0.012804071927930698,0.09303594916479838,5.5137159361261645e-31,1.3413272951041059e-30,False,1e-24,True
HGNN,real,,166,restart,5711.088524031929,557.7774734199146,557.7774734199149,1342.4592078520072,1342.4592078520072,4.254198928822514,0.4154893274652141,0.4154893274652144,0.013670761374992397,0.014628520426738015,0.014628520426738015,0.028356675937632057,0.028356675937632057,0.4821002787865545,0.5158757133209874,0.5158757133209874,False,1e-24,False
HGNN,real,,167,base,497.6512360897009,2.6708267756499115e-28,6.526901115466084e-28,606.1692243285319,606.1692243285319,0.8209774038610439,4.406074522520423e-31,1.07674570953286e-30,0.0011912389849893822,7.004629248349028e-33,1.7117741544039517e-32,0.012804071927930698,0.012804071927930698,0.09303594916479836,5.470626288086672e-31,1.3368982648948585e-30,False,1e-24,True
HGNN,real,,167,restart,5711.088524031929,557.7774734199146,557.7774734199149,1342.4592078520072,1342.4592078520072,4.254198928822514,0.4154893274652141,0.4154893274652144,0.013670761374992397,0.014628520426738015,0.014628520426738015,0.028356675937632057,0.028356675937632057,0.4821002787865545,0.5158757133209874,0.5158757133209874,False,1e-24,False
HGNN,real,,168,base,497.65123608970094,2.6542137106406166e-28,6.5087169183706255e-28,606.1692243285319,606.1692243285319,0.820977403861044,4.378667877077976e-31,1.0737458546465281e-30,0.0011912389849893824,6.961059084184969e-33,1.7070050858895178e-32,0.012804071927930698,0.012804071927930698,0.09303594916479838,5.4365979224157365e-31,1.333173615001233e-30,False,1e-24,True
HGNN,real,,168,restart,5711.088524031929,557.7774734199146,557.7774734199149,1342.4592078520072,1342.4592078520072,4.254198928822514,0.4154893274652141,0.4154893274652144,0.013670761374992397,0.014628520426738015,0.014628520426738015,0.028356675937632057,0.028356675937632057,0.4821002787865545,0.5158757133209874,0.5158757133209874,False,1e-24,False
HGNN,real,,169,base,497.651236089701,2.642835039203609e-28,6.49523493376666e-28,606.1692243285319,606.1692243285319,0.8209774038610441,4.359896433427712e-31,1.0715217257955626e-30,0.0011912389849893824,6.931216873719775e-33,1.7034692405646277e-32,0.012804071927930698,0.012804071927930698,0.09303594916479838,5.413291109838328e-31,1.3304121143280161e-30,False,1e-24,True
HGNN,real,,169,restart,5711.088524031929,557.7774734199146,557.7774734199149,1342.4592078520072,1342.4592078520072,4.254198928822514,0.4154893274652141,0.4154893274652144,0.013670761374992397,0.014628520426738015,0.014628520426738015,0.028356675937632057,0.028356675937632057,0.4821002787865545,0.5158757133209874,0.5158757133209874,False,1e-24,False
HGNN,real,,170,base,497.65123608970094,2.6340990574893566e-28,6.485130819089962e-28,606.1692243285319,606.1692243285319,0.820977403861044,4.345484646481699e-31,1.0698548456124106e-30,0.0011912389849893824,6.908305499014913e-33,1.700819290450366e-32,0.012804071927930698,0.012804071927930698,0.09303594916479838,5.395397290720612e-31,1.3283424991859132e-30,False,1e-24,True
HGNN,real,,170,restart,5711.088524031929,557.7774734199146,557.7774734199149,1342.4592078520072,1342.4592078520072,4.254198928822514,0.4154893274652141,0.4154893274652144,0.013670761374992397,0.014628520426738015,0.014628520426738015,0.028356675937632057,0.028356675937632057,0.4821002787865545,0.5158757133209874,0.5158757133209874,False,1e-24,False
HGNN,real,,171,base,497.65123608970094,2.627822647679346e-28,6.477911584016458e-28,606.1692243285319,606.1692243285319,0.820977403861044,4.335130425980052e-31,1.0686638852693642e-30,0.0011912389849893824,6.89184470712431e-33,1.6989259417087849e-32,0.012804071927930698,0.012804071927930698,0.09303594916479838,5.38254138676814e-31,1.3268637908873048e-30,False,1e-24,True
HGNN,real,,171,restart,5711.088524031929,557.7774734199146,557.7774734199149,1342.4592078520072,1342.4592078520072,4.254198928822514,0.4154893274652141,0.4154893274652144,0.013670761374992397,0.014628520426738015,0.014628520426738015,0.028356675937632057,0.028356675937632057,0.4821002787865545,0.5158757133209874,0.5158757133209874,False,1e-24,False
HGNN,real,,172,base,497.65123608970094,2.6212214602863344e-28,6.471948964680504e-28,606.1692243285319,606.1692243285319,0.820977403861044,4.324240418490272e-31,1.067680229369882e-30,0.0011912389849893824,6.874532139080405e-33,1.6973621586069311e-32,0.012804071927930698,0.012804071927930698,0.09303594916479838,5.36902024432115e-31,1.3256424738635833e-30,False,1e-24,True
HGNN,real,,172,restart,5711.088524031929,557.7774734199146,557.7774734199149,1342.4592078520072,1342.4592078520072,4.254198928822514,0.4154893274652141,0.4154893274652144,0.013670761374992397,0.014628520426738015,0.014628520426738015,0.028356675937632057,0.028356675937632057,0.4821002787865545,0.5158757133209874,0.5158757133209874,False,1e-24,False
HGNN,real,,173,base,497.65123608970094,2.6160893430632444e-28,6.466465305965514e-28,606.1692243285319,606.1692243285319,0.820977403861044,4.315773942435215e-31,1.0667755878118973e-30,0.0011912389849893824,6.861072419889869e-33,1.6959239898506056e-32,0.012804071927930698,0.012804071927930698,0.09303594916479838,5.35850818279393e-31,1.3245192618382054e-30,False,1e-24,True
HGNN,real,,173,restart,5711.088524031929,557.7774734199146,557.7774734199149,1342.4592078520072,1342.4592078520072,4.254198928822514,0.4154893274652141,0.4154893274652144,0.013670761374992397,0.014628520426738015,0.014628520426738015,0.028356675937632057,0.028356675937632057,0.4821002787865545,0.5158757133209874,0.5158757133209874,False,1e-24,False
HGNN,real,,174,base,497.65123608970094,2.6131435215209854e-28,6.463485144967828e-28,606.1692243285319,606.1692243285319,0.820977403861044,4.31091420785281e-31,1.0662839493587924e-30,0.0011912389849893824,6.85334657711959e-33,1.6951423995550648e-32,0.012804071927930698,0.012804071927930698,0.09303594916479838,5.352474287628575e-31,1.3239088386072675e-30,False,1e-24,True
HGNN,real,,174,restart,5711.088524031929,557.7774734199146,557.7774734199149,1342.4592078520072,1342.4592078520072,4.254198928822514,0.4154893274652141,0.4154893274652144,0.013670761374992397,0.014628520426738015,0.014628520426738015,0.028356675937632057,0.028356675937632057,0.4821002787865545,0.5158757133209874,0.5158757133209874,False,1e-24,False
HGNN,real,,175,base,497.65123608970094,2.6120088771293188e-28,6.4625129971260085e-28,606.1692243285319,606.1692243285319,0.820977403861044,4.3090423800758e-31,1.066123573707439e-30,0.0011912389849893824,6.850370808206082e-33,1.694887439732563e-32,0.012804071927930698,0.012804071927930698,0.09303594916479838,5.350150207499803e-31,1.3237097145911442e-30,False,1e-24,True
HGNN,real,,175,restart,5711.088524031929,557.7774734199146,557.7774734199149,1342.4592078520072,1342.4592078520072,4.254198928822514,0.4154893274652141,0.4154893274652144,0.013670761374992397,0.014628520426738015,0.014628520426738015,0.028356675937632057,0.028356675937632057,0.4821002787865545,0.5158757133209874,0.5158757133209874,False,1e-24,False
HGNN,real,,176,base,497.65123608970094,2.611424022972177e-28,6.461850959202019e-28,606.1692243285319,606.1692243285319,0.820977403861044,4.308077543634641e-31,1.0660143570238104e-30,0.0011912389849893824,6.848836943646806e-33,1.6947138107182003e-32,0.012804071927930698,0.012804071927930698,0.09303594916479838,5.348952256904157e-31,1.3235741100621008e-30,False,1e-24,True
HGNN,real,,176,restart,5711.088524031929,557.7774734199146,557.7774734199149,1342.4592078520072,1342.4592078520072,4.254198928822514,0.4154893274652141,0.4154893274652144,0.013670761374992397,0.014628520426738015,0.014628520426738015,0.028356675937632057,0.028356675937632057,0.4821002787865545,0.5158757133209874,0.5158757133209874,False,1e-24,False
HGNN,real,,177,base,497.65123608970094,2.609926911519854e-28,6.461122310126427e-28,606.1692243285319,606.1692243285319,0.820977403861044,4.305607752374648e-31,1.0658941514695944e-30,0.0011912389849893824,6.84491055247738e-33,1.6945227119665626e-32,0.012804071927930698,0.012804071927930698,0.09303594916479838,5.345885739321683e-31,1.3234248616411976e-30,False,1e-24,True
HGNN,real,,177,restart,5711.088524031929,557.7774734199146,557.7774734199149,1342.4592078520072,1342.4592078520072,4.254198928822514,0.4154893274652141,0.4154893274652144,0.013670761374992397,0.014628520426738015,0.014628520426738015,0.028356675937632057,0.028356675937632057,0.4821002787865545,0.5158757133209874,0.5158757133209874,False,1e-24,False
HGNN,real,,178,base,497.65123608970094,2.6082979951446767e-28,6.460760904603259e-28,606.1692243285319,606.1692243285319,0.820977403861044,4.302920521961422e-31,1.0658345302435962e-30,0.0011912389849893824,6.84063848384728e-33,1.69442792814452e-32,0.012804071927930698,0.012804071927930698,0.09303594916479838,5.342549247107218e-31,1.3233508353294303e-30,False,1e-24,True
HGNN,real,,178,restart,5711.088524031929,557.7774734199146,557.7774734199149,1342.4592078520072,1342.4592078520072,4.254198928822514,0.4154893274652141,0.4154893274652144,0.013670761374992397,0.014628520426738015,0.014628520426738015,0.028356675937632057,0.028356675937632057,0.4821002787865545,0.5158757133209874,0.5158757133209874,False,1e-24,False
HGNN,real,,179,base,497.65123608970094,2.6063640354758518e-28,6.46018125936669e-28,606.1692243285319,606.1692243285319,0.820977403861044,4.299730060302852e-31,1.0657389059173676e-30,0.0011912389849893824,6.835566395090015e-33,1.6942759078033e-32,0.012804071927930698,0.012804071927930698,0.09303594916479838,5.338587937934781e-31,1.3232321072075675e-30,False,1e-24,True
HGNN,real,,179,restart,5711.088524031929,557.7774734199146,557.7774734199149,1342.4592078520072,1342.4592078520072,4.254198928822514,0.4154893274652141,0.4154893274652144,0.013670761374992397,0.014628520426738015,0.014628520426738015,0.028356675937632057,0.028356675937632057,0.4821002787865545,0.5158757133209874,0.5158757133209874,False,1e-24,False
HGNN,real,,180,base,497.65123608970094,2.6049890119097034e-28,6.4598453098180095e-28,606.1692243285319,606.1692243285319,0.820977403861044,4.2974616779585135e-31,1.065683484174528e-30,0.0011912389849893824,6.831960197048112e-33,1.694187800178496e-32,0.012804071927930698,0.012804071927930698,0.09303594916479838,5.3357714916806505e-31,1.3231632950161804e-30,False,1e-24,True
HGNN,real,,180,restart,5711.088524031929,557.7774734199146,557.7774734199149,1342.4592078520072,1342.4592078520072,4.254198928822514,0.4154893274652141,0.4154893274652144,0.013670761374992397,0.014628520426738015,0.014628520426738015,0.028356675937632057,0.028356675937632057,0.4821002787865545,0.5158757133209874,0.5158757133209874,False,1e-24,False
HGNN,real,,181,base,497.65123608970094,2.602804820194865e-28,6.459040506198422e-28,606.1692243285319,606.1692243285319,0.820977403861044,4.2938584074076905e-31,1.0655507153721396e-30,0.0011912389849893824,6.826231838582769e-33,1.693976728796992e-32,0.012804071927930698,0.012804071927930698,0.09303594916479838,5.331297634850116e-31,1.3229984479404281e-30,False,1e-24,True
HGNN,real,,181,restart,5711.088524031929,557.7774734199146,557.7774734199149,1342.4592078520072,1342.4592078520072,4.254198928822514,0.4154893274652141,0.4154893274652144,0.013670761374992397,0.014628520426738015,0.014628520426738015,0.028356675937632057,0.028356675937632057,0.4821002787865545,0.5158757133209874,0.5158757133209874,False,1e-24,False
HGNN,real,,182,base,497.65123608970094,2.6013283692707678e-28,6.461454861009973e-28,606.1692243285319,606.1692243285319,0.820977403861044,4.291422699910774e-31,1.0659490125331718e-30,0.0011912389849893824,6.822359632634793e-33,1.6946099282423125e-32,0.012804071927930698,0.012804071927930698,0.09303594916479838,5.328273436009489e-31,1.3234929776875933e-30,False,1e-24,True
HGNN,real,,182,restart,5711.088524031929,557.7774734199146,557.7774734199149,1342.4592078520072,1342.4592078520072,4.254198928822514,0.4154893274652141,0.4154893274652144,0.013670761374992397,0.014628520426738015,0.014628520426738015,0.028356675937632057,0.028356675937632057,0.4821002787865545,0.5158757133209874,0.5158757133209874,False,1e-24,False
HGNN,real,,183,base,497.651236089701,2.6004800919217267e-28,6.465796506094797e-28,606.1692243285319,606.1692243285319,0.8209774038610441,4.290023293086745e-31,1.0666652556069824e-30,0.0011912389849893824,6.820134902680766e-33,1.6957485874179795e-32,0.012804071927930698,0.012804071927930698,0.09303594916479838,5.326535918470889e-31,1.3243822722667522e-30,False,1e-24,True
HGNN,real,,183,restart,5711.088524031929,557.7774734199146,557.7774734199149,1342.4592078520072,1342.4592078520072,4.254198928822514,0.4154893274652141,0.4154893274652144,0.013670761374992397,0.014628520426738015,0.014628520426738015,0.028356675937632057,0.028356675937632057,0.4821002787865545,0.5158757133209874,0.5158757133209874,False,1e-24,False
HGNN,real,,184,base,497.651236089701,2.6010741799546994e-28,6.471974329541976e-28,606.1692243285319,606.1692243285319,0.8209774038610441,4.2910033626929365e-31,1.0676844138220869e-30,0.0011912389849893824,6.821692984414031e-33,1.6973688109084646e-32,0.012804071927930698,0.012804071927930698,0.09303594916479838,5.327752782716916e-31,1.3256476693213806e-30,False,1e-24,True
HGNN,real,,184,restart,5711.088524031929,557.7774734199146,557.7774734199149,1342.4592078520072,1342.4592078520072,4.254198928822514,0.4154893274652141,0.4154893274652144,0.013670761374992397,0.014628520426738015,0.014628520426738015,0.028356675937632057,0.028356675937632057,0.4821002787865545,0.5158757133209874,0.5158757133209874,False,1e-24,False
HGNN,real,,185,base,497.651236089701,2.602607279390088e-28,6.477703111143734e-28,606.1692243285319,606.1692243285319,0.8209774038610441,4.2935325234847705e-31,1.0686294934090788e-30,0.0011912389849893824,6.825713759270587e-33,1.6988712666847405e-32,0.012804071927930698,0.012804071927930698,0.09303594916479838,5.33089301410517e-31,1.3268210896088738e-30,False,1e-24,True
HGNN,real,,185,restart,5711.088524031929,557.7774734199146,557.7774734199149,1342.4592078520072,1342.4592078520072,4.254198928822514,0.4154893274652141,0.4154893274652144,0.013670761374992397,0.014628520426738015,0.014628520426738015,0.028356675937632057,0.028356675937632057,0.4821002787865545,0.5158757133209874,0.5158757133209874,False,1e-24,False
HGNN,real,,186,base,497.651236089701,2.602434543675328e-28,6.4804496586141e-28,606.1692243285319,606.1692243285319,0.8209774038610441,4.293247560626501e-31,1.0690825925371991e-30,0.0011912389849893824,6.825260734892192e-33,1.6995915884561972e-32,0.012804071927930698,0.012804071927930698,0.09303594916479838,5.3305392013642345e-31,1.3273836620276412e-30,False,1e-24,True
HGNN,real,,186,restart,5711.088524031929,557.7774734199146,557.7774734199149,1342.4592078520072,1342.4592078520072,4.254198928822514,0.4154893274652141,0.4154893274652144,0.013670761374992397,0.014628520426738015,0.014628520426738015,0.028356675937632057,0.028356675937632057,0.4821002787865545,0.5158757133209874,0.5158757133209874,False,1e-24,False
HGNN,real,,187,base,497.651236089701,2.602698674661538e-28,6.4835932183658115e-28,606.1692243285319,606.1692243285319,0.8209774038610441,4.293683298660715e-31,1.0696011869536666e-30,0.0011912389849893824,6.825953456579825e-33,1.700416032436673e-32,0.012804071927930698,0.012804071927930698,0.09303594916479838,5.331080218074802e-31,1.3280275540528627e-30,False,1e-24,True
HGNN,real,,187,restart,5711.088524031929,557.7774734199146,557.7774734199149,1342.4592078520072,1342.4592078520072,4.254198928822514,0.4154893274652141,0.4154893274652144,0.013670761374992397,0.014628520426738015,0.014628520426738015,0.028356675937632057,0.028356675937632057,0.4821002787865545,0.5158757133209874,0.5158757133209874,False,1e-24,False
HGNN,real,,188,base,497.651236089701,2.603424150499031e-28,6.4861674642074555e-28,606.1692243285319,606.1692243285319,0.8209774038610441,4.294880119298214e-31,1.070025861407322e-30,0.0011912389849893824,6.827856121820641e-33,1.7010911656156277e-32,0.012804071927930698,0.012804071927930698,0.09303594916479838,5.332566202573739e-31,1.3285548341109215e-30,False,1e-24,True
HGNN,real,,188,restart,5711.088524031929,557.7774734199146,557.7774734199149,1342.4592078520072,1342.4592078520072,4.254198928822514,0.4154893274652141,0.4154893274652144,0.013670761374992397,0.014628520426738015,0.014628520426738015,0.028356675937632057,0.028356675937632057,0.4821002787865545,0.5158757133209874,0.5158757133209874,False,1e-24,False
HGNN,real,,189,base,497.651236089701,2.6034269809650843e-28,6.48655246179041e-28,606.1692243285319,606.1692243285319,0.8209774038610441,4.294884788730346e-31,1.0700893746256614e-30,0.0011912389849893824,6.827863545126969e-33,1.7011921367963382e-32,0.012804071927930698,0.012804071927930698,0.09303594916479838,5.332572000187475e-31,1.3286336927593878e-30,False,1e-24,True
HGNN,real,,189,restart,5711.088524031929,557.7774734199146,557.7774734199149,1342.4592078520072,1342.4592078520072,4.254198928822514,0.4154893274652141,0.4154893274652144,0.013670761374992397,0.014628520426738015,0.014628520426738015,0.028356675937632057,0.028356675937632057,0.4821002787865545,0.5158757133209874,0.5158757133209874,False,1e-24,False
HGNN,real,,190,base,497.651236089701,2.603423169940072e-28,6.486708738425497e-28,606.1692243285319,606.1692243285319,0.8209774038610441,4.294878501665844e-31,1.0701151556499719e-30,0.0011912389849893824,6.827853550163046e-33,1.7012331226026415e-32,0.012804071927930698,0.012804071927930698,0.09303594916479838,5.332564194105176e-31,1.3286657027375682e-30,False,1e-24,True
HGNN,real,,190,restart,5711.088524031929,557.7774734199146,557.7774734199149,1342.4592078520072,1342.4592078520072,4.254198928822514,0.4154893274652141,0.4154893274652144,0.013670761374992397,0.014628520426738015,0.014628520426738015,0.028356675937632057,0.028356675937632057,0.4821002787865545,0.5158757133209874,0.5158757133209874,False,1e-24,False
HGNN,real,,191,base,497.651236089701,2.60349352816411e-28,6.486839406741298e-28,606.1692243285319,606.1692243285319,0.8209774038610441,4.294994571933377e-31,1.0701367120587364e-30,0.0011912389849893824,6.828038074774845e-33,1.701267392257081e-32,0.012804071927930698,0.012804071927930698,0.09303594916479838,5.332708308112686e-31,1.3286924673907446e-30,False,1e-24,True
HGNN,real,,191,restart,5711.088524031929,557.7774734199146,557.7774734199149,1342.4592078520072,1342.4592078520072,4.254198928822514,0.4154893274652141,0.4154893274652144,0.013670761374992397,0.014628520426738015,0.014628520426738015,0.028356675937632057,0.028356675937632057,0.4821002787865545,0.5158757133209874,0.5158757133209874,False,1e-24,False
HGNN,real,,192,base,497.651236089701,2.603481635853025e-28,6.486837027459255e-28,606.1692243285319,606.1692243285319,0.8209774038610441,4.2949749531361705e-31,1.0701363195475454e-30,0.0011912389849893824,6.828006885470164e-33,1.701266768255976e-32,0.012804071927930698,0.012804071927930698,0.09303594916479838,5.332683949217441e-31,1.3286919800449157e-30,False,1e-24,True
HGNN,real,,192,restart,5711.088524031929,557.7774734199146,557.7774734199149,1342.4592078520072,1342.4592078520072,4.254198928822514,0.4154893274652141,0.4154893274652144,0.013670761374992397,0.014628520426738015,0.014628520426738015,0.028356675937632057,0.028356675937632057,0.4821002787865545,0.5158757133209874,0.5158757133209874,False,1e-24,False
HGNN,real,,193,base,497.651236089701,2.6034868723390967e-28,6.4868425730552195e-28,606.1692243285319,606.1692243285319,0.8209774038610441,4.294983591789968e-31,1.0701372344069182e-30,0.0011912389849893824,6.828020618911745e-33,1.7012682226686711e-32,0.012804071927930698,0.012804071927930698,0.09303594916479838,5.332694675056578e-31,1.3286931159434824e-30,False,1e-24,True
HGNN,real,,193,restart,5711.088524031929,557.7774734199146,557.7774734199149,1342.4592078520072,1342.4592078520072,4.254198928822514,0.4154893274652141,0.4154893274652144,0.013670761374992397,0.014628520426738015,0.014628520426738015,0.028356675937632057,0.028356675937632057,0.4821002787865545,0.5158757133209874,0.5158757133209874,False,1e-24,False
HGNN,real,,194,base,497.651236089701,2.6034872617075524e-28,6.486840933021566e-28,606.1692243285319,606.1692243285319,0.8209774038610441,4.2949842341328e-31,1.0701369638498547e-30,0.0011912389849893824,6.828021640086798e-33,1.7012677925461413e-32,0.012804071927930698,0.012804071927930698,0.09303594916479838,5.332695472595876e-31,1.3286927800171205e-30,False,1e-24,True
HGNN,real,,194,restart,5711.088524031929,557.7774734199146,557.7774734199149,1342.4592078520072,1342.4592078520072,4.254198928822514,0.4154893274652141,0.4154893274652144,0.013670761374992397,0.014628520426738015,0.014628520426738015,0.028356675937632057,0.028356675937632057,0.4821002787865545,0.5158757133209874,0.5158757133209874,False,1e-24,False
HGNN,real,,195,base,497.651236089701,2.603487707594953e-28,6.486839762670343e-28,606.1692243285319,606.1692243285319,0.8209774038610441,4.294984969715179e-31,1.0701367707765056e-30,0.0011912389849893824,6.828022809490952e-33,1.7012674856046172e-32,0.012804071927930698,0.012804071927930698,0.09303594916479838,5.3326963859023316e-31,1.3286925402953152e-30,False,1e-24,True
HGNN,real,,195,restart,5711.088524031929,557.7774734199146,557.7774734199149,1342.4592078520072,1342.4592078520072,4.254198928822514,0.4154893274652141,0.4154893274652144,0.013670761374992397,0.014628520426738015,0.014628520426738015,0.028356675937632057,0.028356675937632057,0.4821002787865545,0.5158757133209874,0.5158757133209874,False,1e-24,False
HGNN,real,,196,base,497.651236089701,2.6034867972544475e-28,6.486836847439373e-28,606.1692243285319,606.1692243285319,0.8209774038610441,4.294983467922496e-31,1.0701362898495873e-30,0.0011912389849893824,6.8280204219914e-33,1.70126672104316e-32,0.012804071927930698,0.012804071927930698,0.09303594916479838,5.332694521261484e-31,1.3286919431716333e-30,False,1e-24,True
HGNN,real,,196,restart,5711.088524031929,557.7774734199146,557.7774734199149,1342.4592078520072,1342.4592078520072,4.254198928822514,0.4154893274652141,0.4154893274652144,0.013670761374992397,0.014628520426738015,0.014628520426738015,0.028356675937632057,0.028356675937632057,0.4821002787865545,0.5158757133209874,0.5158757133209874,False,1e-24,False
HGNN,real,,197,base,497.651236089701,2.603486174643987e-28,6.4868346106596485e-28,606.1692243285319,606.1692243285319,0.8209774038610441,4.294982440799317e-31,1.0701359208470654e-30,0.0011912389849893824,6.828018789105477e-33,1.7012661344153478e-32,0.012804071927930698,0.012804071927930698,0.09303594916479838,5.33269324597505e-31,1.3286914850144036e-30,False,1e-24,True
HGNN,real,,197,restart,5711.088524031929,557.7774734199146,557.7774734199149,1342.4592078520072,1342.4592078520072,4.254198928822514,0.4154893274652141,0.4154893274652144,0.013670761374992397,0.014628520426738015,0.014628520426738015,0.028356675937632057,0.028356675937632057,0.4821002787865545,0.5158757133209874,0.5158757133209874,False,1e-24,False
HGNN,real,,198,base,497.651236089701,2.6034859302661474e-28,6.4868308643142705e-28,606.1692243285319,606.1692243285319,0.8209774038610441,4.294982037648135e-31,1.0701353028108426e-30,0.0011912389849893824,6.828018148189271e-33,1.7012651518821246e-32,0.012804071927930698,0.012804071927930698,0.09303594916479838,5.332692745418502e-31,1.328690717654435e-30,False,1e-24,True
HGNN,real,,198,restart,5711.088524031929,557.7774734199146,557.7774734199149,1342.4592078520072,1342.4592078520072,4.254198928822514,0.4154893274652141,0.4154893274652144,0.013670761374992397,0.014628520426738015,0.014628520426738015,0.028356675937632057,0.028356675937632057,0.4821002787865545,0.5158757133209874,0.5158757133209874,False,1e-24,False
HGNN,real,,199,base,497.651236089701,2.603486453439548e-28,6.486828452046344e-28,606.1692243285319,606.1692243285319,0.8209774038610441,4.294982900729564e-31,1.0701349048579558e-30,0.0011912389849893824,6.828019520287132e-33,1.701264519229995e-32,0.012804071927930698,0.012804071927930698,0.09303594916479838,5.3326938170290545e-31,1.3286902235521422e-30,False,1e-24,True
HGNN,real,,199,restart,5711.088524031929,557.7774734199146,557.7774734199149,1342.4592078520072,1342.4592078520072,4.254198928822514,0.4154893274652141,0.4154893274652144,0.013670761374992397,0.014628520426738015,0.014628520426738015,0.028356675937632057,0.028356675937632057,0.4821002787865545,0.5158757133209874,0.5158757133209874,False,1e-24,False
HGNN,real,,200,base,497.651236089701,2.6034864550154303e-28,6.486823376504025e-28,606.1692243285319,606.1692243285319,0.8209774038610441,4.294982903329304e-31,1.0701340675435368e-30,0.0011912389849893824,6.828019524420111e-33,1.701263188095662e-32,0.012804071927930698,0.012804071927930698,0.09303594916479838,5.3326938202569175e-31,1.3286891839341675e-30,False,1e-24,True
HGNN,real,,200,restart,5711.088524031929,557.7774734199146,557.7774734199149,1342.4592078520072,1342.4592078520072,4.254198928822514,0.4154893274652141,0.4154893274652144,0.013670761374992397,0.014628520426738015,0.014628520426738015,0.028356675937632057,0.028356675937632057,0.4821002787865545,0.5158757133209874,0.5158757133209874,False,1e-24,False
HGNN,real,,201,base,497.651236089701,2.603486433190311e-28,6.486819768957524e-28,606.1692243285319,606.1692243285319,0.8209774038610441,4.2949828673243105e-31,1.0701334724050249e-30,0.0011912389849893824,6.828019467180582e-33,1.7012622419644503e-32,0.012804071927930698,0.012804071927930698,0.09303594916479838,5.332693775552757e-31,1.328688445004226e-30,False,1e-24,True
HGNN,real,,201,restart,5711.088524031929,557.7774734199146,557.7774734199149,1342.4592078520072,1342.4592078520072,4.254198928822514,0.4154893274652141,0.4154893274652144,0.013670761374992397,0.014628520426738015,0.014628520426738015,0.028356675937632057,0.028356675937632057,0.4821002787865545,0.5158757133209874,0.5158757133209874,False,1e-24,False
HGNN,real,,202,base,497.651236089701,2.6034839531382256e-28,6.4868161247789055e-28,606.1692243285319,606.1692243285319,0.8209774038610441,4.294978775971622e-31,1.0701328712232967e-30,0.0011912389849893824,6.828012962885532e-33,1.7012612862259365e-32,0.012804071927930698,0.012804071927930698,0.09303594916479838,5.332688695688252e-31,1.3286876985709668e-30,False,1e-24,True
HGNN,real,,202,restart,5711.088524031929,557.7774734199146,557.7774734199149,1342.4592078520072,1342.4592078520072,4.254198928822514,0.4154893274652141,0.4154893274652144,0.013670761374992397,0.014628520426738015,0.014628520426738015,0.028356675937632057,0.028356675937632057,0.4821002787865545,0.5158757133209874,0.5158757133209874,False,1e-24,False
HGNN,real,,203,base,497.651236089701,2.603481073530269e-28,6.486817779663013e-28,606.1692243285319,606.1692243285319,0.8209774038610441,4.294974025469879e-31,1.0701331442302463e-30,0.0011912389849893824,6.82800541069746e-33,1.7012617202432128e-32,0.012804071927930698,0.012804071927930698,0.09303594916479838,5.332682797417676e-31,1.3286880375391319e-30,False,1e-24,True
HGNN,real,,203,restart,5711.088524031929,557.7774734199146,557.7774734199149,1342.4592078520072,1342.4592078520072,4.254198928822514,0.4154893274652141,0.4154893274652144,0.013670761374992397,0.014628520426738015,0.014628520426738015,0.028356675937632057,0.028356675937632057,0.4821002787865545,0.5158757133209874,0.5158757133209874,False,1e-24,False
HGNN,real,,204,base,497.651236089701,2.6034799399318335e-28,6.486846375630615e-28,606.1692243285319,606.1692243285319,0.8209774038610441,4.294972155367621e-31,1.0701378617194316e-30,0.0011912389849893824,6.828002437671718e-33,1.7012692199490296e-32,0.012804071927930698,0.012804071927930698,0.09303594916479838,5.332680475479968e-31,1.3286938948209863e-30,False,1e-24,True
HGNN,real,,204,restart,5711.088524031929,557.7774734199146,557.7774734199149,1342.4592078520072,1342.4592078520072,4.254198928822514,0.4154893274652141,0.4154893274652144,0.013670761374992397,0.014628520426738015,0.014628520426738015,0.028356675937632057,0.028356675937632057,0.4821002787865545,0.5158757133209874,0.5158757133209874,False,1e-24,False
HGNN,real,,205,base,497.651236089701,2.6034970674112697e-28,6.486892240493964e-28,606.1692243285319,606.1692243285319,0.8209774038610441,4.295000410644776e-31,1.0701454280658422e-30,0.0011912389849893824,6.828047356962068e-33,1.7012812486723526e-32,0.012804071927930698,0.012804071927930698,0.09303594916479838,5.332715557515278e-31,1.3287032892725253e-30,False,1e-24,True
HGNN,real,,205,restart,5711.088524031929,557.7774734199146,557.7774734199149,1342.4592078520072,1342.4592078520072,4.254198928822514,0.4154893274652141,0.4154893274652144,0.013670761374992397,0.014628520426738015,0.014628520426738015,0.028356675937632057,0.028356675937632057,0.4821002787865545,0.5158757133209874,0.5158757133209874,False,1e-24,False
HGNN,real,,206,base,497.651236089701,2.6035080091559897e-28,6.486922638229821e-28,606.1692243285319,606.1692243285319,0.8209774038610441,4.295018461288525e-31,1.0701504427935184e-30,0.0011912389849893824,6.828076053269066e-33,1.7012892209179362e-32,0.012804071927930698,0.012804071927930698,0.09303594916479838,5.332737969375474e-31,1.3287095156086694e-30,False,1e-24,True
HGNN,real,,206,restart,5711.088524031929,557.7774734199146,557.7774734199149,1342.4592078520072,1342.4592078520072,4.254198928822514,0.4154893274652141,0.4154893274652144,0.013670761374992397,0.014628520426738015,0.014628520426738015,0.028356675937632057,0.028356675937632057,0.4821002787865545,0.5158757133209874,0.5158757133209874,False,1e-24,False
HGNN,real,,207,base,497.651236089701,2.603511381499698e-28,6.486927747060218e-28,606.1692243285319,606.1692243285319,0.8209774038610441,4.295024024658575e-31,1.0701512855994861e-30,0.0011912389849893824,6.828084897727864e-33,1.7012905607825486e-32,0.012804071927930698,0.012804071927930698,0.09303594916479838,5.332744876911489e-31,1.328710562045006e-30,False,1e-24,True
HGNN,real,,207,restart,5711.088524031929,557.7774734199146,557.7774734199149,1342.4592078520072,1342.4592078520072,4.254198928822514,0.4154893274652141,0.4154893274652144,0.013670761374992397,0.014628520426738015,0.014628520426738015,0.028356675937632057,0.028356675937632057,0.4821002787865545,0.5158757133209874,0.5158757133209874,False,1e-24,False
HGNN,real,,208,base,497.651236089701,2.6035133278186777e-28,6.486930148781167e-28,606.1692243285319,606.1692243285319,0.8209774038610441,4.295027235509443e-31,1.0701516818124335e-30,0.0011912389849893824,6.828090002230701e-33,1.701291190668581e-32,0.012804071927930698,0.012804071927930698,0.09303594916479838,5.332748863536108e-31,1.3287110539869728e-30,False,1e-24,True
HGNN,real,,208,restart,5711.088524031929,557.7774734199146,557.7774734199149,1342.4592078520072,1342.4592078520072,4.254198928822514,0.4154893274652141,0.4154893274652144,0.013670761374992397,0.014628520426738015,0.014628520426738015,0.028356675937632057,0.028356675937632057,0.4821002787865545,0.5158757133209874,0.5158757133209874,False,1e-24,False
HGNN,real,,209,base,497.651236089701,2.6035134774766366e-28,6.48693042782523e-28,606.1692243285319,606.1692243285319,0.8209774038610441,4.2950274824008275e-31,1.0701517278464536e-30,0.0011912389849893824,6.82809039473033e-33,1.7012912638519196e-32,0.012804071927930698,0.012804071927930698,0.09303594916479838,5.332749170078925e-31,1.3287111111432734e-30,False,1e-24,True
HGNN,real,,209,restart,5711.088524031929,557.7774734199146,557.7774734199149,1342.4592078520072,1342.4592078520072,4.254198928822514,0.4154893274652141,0.4154893274652144,0.013670761374992397,0.014628520426738015,0.014628520426738015,0.028356675937632057,0.028356675937632057,0.4821002787865545,0.5158757133209874,0.5158757133209874,False,1e-24,False
HGNN,real,,210,base,497.651236089701,2.6035135641072883e-28,6.486930469809184e-28,606.1692243285319,606.1692243285319,0.8209774038610441,4.295027625315789e-31,1.0701517347725648e-30,0.0011912389849893824,6.828090621931735e-33,1.7012912748628182e-32,0.012804071927930698,0.012804071927930698,0.09303594916479838,5.332749347523574e-31,1.3287111197428027e-30,False,1e-24,True
HGNN,real,,210,restart,5711.088524031929,557.7774734199146,557.7774734199149,1342.4592078520072,1342.4592078520072,4.254198928822514,0.4154893274652141,0.4154893274652144,0.013670761374992397,0.014628520426738015,0.014628520426738015,0.028356675937632057,0.028356675937632057,0.4821002787865545,0.5158757133209874,0.5158757133209874,False,1e-24,False
HGNN,real,,211,base,497.651236089701,2.6035135197074846e-28,6.486930409041886e-28,606.1692243285319,606.1692243285319,0.8209774038610441,4.29502755206924e-31,1.0701517247477572e-30,0.0011912389849893824,6.828090505486832e-33,1.701291258925716e-32,0.012804071927930698,0.012804071927930698,0.09303594916479838,5.332749256579925e-31,1.328711107295901e-30,False,1e-24,True
HGNN,real,,211,restart,5711.088524031929,557.7774734199146,557.7774734199149,1342.4592078520072,1342.4592078520072,4.254198928822514,0.4154893274652141,0.4154893274652144,0.013670761374992397,0.014628520426738015,0.014628520426738015,0.028356675937632057,0.028356675937632057,0.4821002787865545,0.5158757133209874,0.5158757133209874,False,1e-24,False
HGNN,real,,212,base,497.651236089701,2.6035135126902742e-28,6.486930398336974e-28,606.1692243285319,606.1692243285319,0.8209774038610441,4.295027540492917e-31,1.0701517229817633e-30,0.0011912389849893824,6.828090487083183e-33,1.7012912561181982e-32,0.012804071927930698,0.012804071927930698,0.09303594916479838,5.332749242206647e-31,1.3287111051032253e-30,False,1e-24,True
HGNN,real,,212,restart,5711.088524031929,557.7774734199146,557.7774734199149,1342.4592078520072,1342.4592078520072,4.254198928822514,0.4154893274652141,0.4154893274652144,0.013670761374992397,0.014628520426738015,0.014628520426738015,0.028356675937632057,0.028356675937632057,0.4821002787865545,0.5158757133209874,0.5158757133209874,False,1e-24,False
HGNN,real,,213,base,497.651236089701,2.6035135078420197e-28,6.486930393322777e-28,606.1692243285319,606.1692243285319,0.8209774038610441,4.295027532494731e-31,1.070151722154569e-30,0.0011912389849893824,6.828090474367935e-33,1.7012912548031524e-32,0.012804071927930698,0.012804071927930698,0.09303594916479838,5.332749232276019e-31,1.3287111040761725e-30,False,1e-24,True
HGNN,real,,213,restart,5711.088524031929,557.7774734199146,557.7774734199149,1342.4592078520072,1342.4592078520072,4.254198928822514,0.4154893274652141,0.4154893274652144,0.013670761374992397,0.014628520426738015,0.014628520426738015,0.028356675937632057,0.028356675937632057,0.4821002787865545,0.5158757133209874,0.5158757133209874,False,1e-24,False
HGNN,real,,214,base,497.651236089701,2.603513504779964e-28,6.486930390616702e-28,606.1692243285319,606.1692243285319,0.8209774038610441,4.295027527443245e-31,1.0701517217081466e-30,0.0011912389849893824,6.828090466337252e-33,1.7012912540934454e-32,0.012804071927930698,0.012804071927930698,0.09303594916479838,5.332749226004043e-31,1.32871110352189e-30,False,1e-24,True
HGNN,real,,214,restart,5711.088524031929,557.7774734199146,557.7774734199149,1342.4592078520072,1342.4592078520072,4.254198928822514,0.4154893274652141,0.4154893274652144,0.013670761374992397,0.014628520426738015,0.014628520426738015,0.028356675937632057,0.028356675937632057,0.4821002787865545,0.5158757133209874,0.5158757133209874,False,1e-24,False
HGNN,real,,215,base,497.651236089701,2.6035135040144503e-28,6.486930385204553e-28,606.1692243285319,606.1692243285319,0.8209774038610441,4.295027526180374e-31,1.070151720815302e-30,0.0011912389849893824,6.828090464329581e-33,1.701291252674031e-32,0.012804071927930698,0.012804071927930698,0.09303594916479838,5.332749224436049e-31,1.328711102413325e-30,False,1e-24,True
HGNN,real,,215,restart,5711.088524031929,557.7774734199146,557.7774734199149,1342.4592078520072,1342.4592078520072,4.254198928822514,0.4154893274652141,0.4154893274652144,0.013670761374992397,0.014628520426738015,0.014628520426738015,0.028356675937632057,0.028356675937632057,0.4821002787865545,0.5158757133209874,0.5158757133209874,False,1e-24,False
HGNN,real,,216,base,497.651236089701,2.603514030815569e-28,6.486931082496348e-28,606.1692243285319,606.1692243285319,0.8209774038610441,4.295028395246466e-31,1.0701518358478321e-30,0.0011912389849893824,6.828091845941656e-33,1.7012914355488827e-32,0.012804071927930698,0.012804071927930698,0.09303594916479838,5.332750303477219e-31,1.3287112452388675e-30,False,1e-24,True
HGNN,real,,216,restart,5711.088524031929,557.7774734199146,557.7774734199149,1342.4592078520072,1342.4592078520072,4.254198928822514,0.4154893274652141,0.4154893274652144,0.013670761374992397,0.014628520426738015,0.014628520426738015,0.028356675937632057,0.028356675937632057,0.4821002787865545,0.5158757133209874,0.5158757133209874,False,1e-24,False
HGNN,real,,217,base,497.651236089701,2.60351407470503e-28,6.486931204906437e-28,606.1692243285319,606.1692243285319,0.8209774038610441,4.2950284676511e-31,1.0701518560418777e-30,0.0011912389849893824,6.828091961048112e-33,1.7012914676526976e-32,0.012804071927930698,0.012804071927930698,0.09303594916479838,5.3327503933755396e-31,1.3287112703119969e-30,False,1e-24,True
HGNN,real,,217,restart,5711.088524031929,557.7774734199146,557.7774734199149,1342.4592078520072,1342.4592078520072,4.254198928822514,0.4154893274652141,0.4154893274652144,0.013670761374992397,0.014628520426738015,0.014628520426738015,0.028356675937632057,0.028356675937632057,0.4821002787865545,0.5158757133209874,0.5158757133209874,False,1e-24,False
HGNN,real,,218,base,497.651236089701,2.60351407470503e-28,6.486931204906437e-28,606.1692243285319,606.1692243285319,0.8209774038610441,4.2950284676511e-31,1.0701518560418777e-30,0.0011912389849893824,6.828091961048112e-33,1.7012914676526976e-32,0.012804071927930698,0.012804071927930698,0.09303594916479838,5.3327503933755396e-31,1.3287112703119969e-30,False,1e-24,True
HGNN,real,,218,restart,5711.088524031929,557.7774734199146,557.7774734199149,1342.4592078520072,1342.4592078520072,4.254198928822514,0.4154893274652141,0.4154893274652144,0.013670761374992397,0.014628520426738015,0.014628520426738015,0.028356675937632057,0.028356675937632057,0.4821002787865545,0.5158757133209874,0.5158757133209874,False,1e-24,False
HGNN,real,,219,base,497.651236089701,2.60351407470503e-28,6.486931204906437e-28,606.1692243285319,606.1692243285319,0.8209774038610441,4.2950284676511e-31,1.0701518560418777e-30,0.0011912389849893824,6.828091961048112e-33,1.7012914676526976e-32,0.012804071927930698,0.012804071927930698,0.09303594916479838,5.3327503933755396e-31,1.3287112703119969e-30,False,1e-24,True
HGNN,real,,219,restart,5711.088524031929,557.7774734199146,557.7774734199149,1342.4592078520072,1342.4592078520072,4.254198928822514,0.4154893274652141,0.4154893274652144,0.013670761374992397,0.014628520426738015,0.014628520426738015,0.028356675937632057,0.028356675937632057,0.4821002787865545,0.5158757133209874,0.5158757133209874,False,1e-24,False
HGNN,real,,220,base,497.651236089701,2.60351407470503e-28,6.486931204906437e-28,606.1692243285319,606.1692243285319,0.8209774038610441,4.2950284676511e-31,1.0701518560418777e-30,0.0011912389849893824,6.828091961048112e-33,1.7012914676526976e-32,0.012804071927930698,0.012804071927930698,0.09303594916479838,5.3327503933755396e-31,1.3287112703119969e-30,False,1e-24,True
HGNN,real,,220,restart,5711.088524031929,557.7774734199146,557.7774734199149,1342.4592078520072,1342.4592078520072,4.254198928822514,0.4154893274652141,0.4154893274652144,0.013670761374992397,0.014628520426738015,0.014628520426738015,0.028356675937632057,0.028356675937632057,0.4821002787865545,0.5158757133209874,0.5158757133209874,False,1e-24,False
HGNN,real,,221,base,497.651236089701,2.60351407470503e-28,6.486931204906437e-28,606.1692243285319,606.1692243285319,0.8209774038610441,4.2950284676511e-31,1.0701518560418777e-30,0.0011912389849893824,6.828091961048112e-33,1.7012914676526976e-32,0.012804071927930698,0.012804071927930698,0.09303594916479838,5.3327503933755396e-31,1.3287112703119969e-30,False,1e-24,True
HGNN,real,,221,restart,5711.088524031929,557.7774734199146,557.7774734199149,1342.4592078520072,1342.4592078520072,4.254198928822514,0.4154893274652141,0.4154893274652144,0.013670761374992397,0.014628520426738015,0.014628520426738015,0.028356675937632057,0.028356675937632057,0.4821002787865545,0.5158757133209874,0.5158757133209874,False,1e-24,False
HGNN,real,,222,base,497.651236089701,2.60351407470503e-28,6.486931204906437e-28,606.1692243285319,606.1692243285319,0.8209774038610441,4.2950284676511e-31,1.0701518560418777e-30,0.0011912389849893824,6.828091961048112e-33,1.7012914676526976e-32,0.012804071927930698,0.012804071927930698,0.09303594916479838,5.3327503933755396e-31,1.3287112703119969e-30,False,1e-24,True
HGNN,real,,222,restart,5711.088524031929,557.7774734199146,557.7774734199149,1342.4592078520072,1342.4592078520072,4.254198928822514,0.4154893274652141,0.4154893274652144,0.013670761374992397,0.014628520426738015,0.014628520426738015,0.028356675937632057,0.028356675937632057,0.4821002787865545,0.5158757133209874,0.5158757133209874,False,1e-24,False
HGNN,real,,223,base,497.651236089701,2.60351407470503e-28,6.486931204906437e-28,606.1692243285319,606.1692243285319,0.8209774038610441,4.2950284676511e-31,1.0701518560418777e-30,0.0011912389849893824,6.828091961048112e-33,1.7012914676526976e-32,0.012804071927930698,0.012804071927930698,0.09303594916479838,5.3327503933755396e-31,1.3287112703119969e-30,False,1e-24,True
HGNN,real,,223,restart,5711.088524031929,557.7774734199146,557.7774734199149,1342.4592078520072,1342.4592078520072,4.254198928822514,0.4154893274652141,0.4154893274652144,0.013670761374992397,0.014628520426738015,0.014628520426738015,0.028356675937632057,0.028356675937632057,0.4821002787865545,0.5158757133209874,0.5158757133209874,False,1e-24,False
HGNN,real,,224,base,497.651236089701,2.60351407470503e-28,6.486931204906437e-28,606.1692243285319,606.1692243285319,0.8209774038610441,4.2950284676511e-31,1.0701518560418777e-30,0.0011912389849893824,6.828091961048112e-33,1.7012914676526976e-32,0.012804071927930698,0.012804071927930698,0.09303594916479838,5.3327503933755396e-31,1.3287112703119969e-30,False,1e-24,True
HGNN,real,,224,restart,5711.088524031929,557.7774734199146,557.7774734199149,1342.4592078520072,1342.4592078520072,4.254198928822514,0.4154893274652141,0.4154893274652144,0.013670761374992397,0.014628520426738015,0.014628520426738015,0.028356675937632057,0.028356675937632057,0.4821002787865545,0.5158757133209874,0.5158757133209874,False,1e-24,False
HGNN,real,,225,base,497.651236089701,2.60351407470503e-28,6.486931204906437e-28,606.1692243285319,606.1692243285319,0.8209774038610441,4.2950284676511e-31,1.0701518560418777e-30,0.0011912389849893824,6.828091961048112e-33,1.7012914676526976e-32,0.012804071927930698,0.012804071927930698,0.09303594916479838,5.3327503933755396e-31,1.3287112703119969e-30,False,1e-24,True
HGNN,real,,225,restart,5711.088524031929,557.7774734199146,557.7774734199149,1342.4592078520072,1342.4592078520072,4.254198928822514,0.4154893274652141,0.4154893274652144,0.013670761374992397,0.014628520426738015,0.014628520426738015,0.028356675937632057,0.028356675937632057,0.4821002787865545,0.5158757133209874,0.5158757133209874,False,1e-24,False
HGNN,real,,226,base,497.651236089701,2.60351407470503e-28,6.486931204906437e-28,606.1692243285319,606.1692243285319,0.8209774038610441,4.2950284676511e-31,1.0701518560418777e-30,0.0011912389849893824,6.828091961048112e-33,1.7012914676526976e-32,0.012804071927930698,0.012804071927930698,0.09303594916479838,5.3327503933755396e-31,1.3287112703119969e-30,False,1e-24,True
HGNN,real,,226,restart,5711.088524031929,557.7774734199146,557.7774734199149,1342.4592078520072,1342.4592078520072,4.254198928822514,0.4154893274652141,0.4154893274652144,0.013670761374992397,0.014628520426738015,0.014628520426738015,0.028356675937632057,0.028356675937632057,0.4821002787865545,0.5158757133209874,0.5158757133209874,False,1e-24,False
HGNN,real,,227,base,497.651236089701,2.60351407470503e-28,6.486931204906437e-28,606.1692243285319,606.1692243285319,0.8209774038610441,4.2950284676511e-31,1.0701518560418777e-30,0.0011912389849893824,6.828091961048112e-33,1.7012914676526976e-32,0.012804071927930698,0.012804071927930698,0.09303594916479838,5.3327503933755396e-31,1.3287112703119969e-30,False,1e-24,True
HGNN,real,,227,restart,5711.088524031929,557.7774734199146,557.7774734199149,1342.4592078520072,1342.4592078520072,4.254198928822514,0.4154893274652141,0.4154893274652144,0.013670761374992397,0.014628520426738015,0.014628520426738015,0.028356675937632057,0.028356675937632057,0.4821002787865545,0.5158757133209874,0.5158757133209874,False,1e-24,False
HGNN,real,,228,base,497.651236089701,2.60351407470503e-28,6.486931204906437e-28,606.1692243285319,606.1692243285319,0.8209774038610441,4.2950284676511e-31,1.0701518560418777e-30,0.0011912389849893824,6.828091961048112e-33,1.7012914676526976e-32,0.012804071927930698,0.012804071927930698,0.09303594916479838,5.3327503933755396e-31,1.3287112703119969e-30,False,1e-24,True
HGNN,real,,228,restart,5711.088524031929,557.7774734199146,557.7774734199149,1342.4592078520072,1342.4592078520072,4.254198928822514,0.4154893274652141,0.4154893274652144,0.013670761374992397,0.014628520426738015,0.014628520426738015,0.028356675937632057,0.028356675937632057,0.4821002787865545,0.5158757133209874,0.5158757133209874,False,1e-24,False
HGNN,real,,229,base,497.651236089701,2.60351407470503e-28,6.486931204906437e-28,606.1692243285319,606.1692243285319,0.8209774038610441,4.2950284676511e-31,1.0701518560418777e-30,0.0011912389849893824,6.828091961048112e-33,1.7012914676526976e-32,0.012804071927930698,0.012804071927930698,0.09303594916479838,5.3327503933755396e-31,1.3287112703119969e-30,False,1e-24,True
HGNN,real,,229,restart,5711.088524031929,557.7774734199146,557.7774734199149,1342.4592078520072,1342.4592078520072,4.254198928822514,0.4154893274652141,0.4154893274652144,0.013670761374992397,0.014628520426738015,0.014628520426738015,0.028356675937632057,0.028356675937632057,0.4821002787865545,0.5158757133209874,0.5158757133209874,False,1e-24,False
HGNN,real,,230,base,497.651236089701,2.60351407470503e-28,6.486931204906437e-28,606.1692243285319,606.1692243285319,0.8209774038610441,4.2950284676511e-31,1.0701518560418777e-30,0.0011912389849893824,6.828091961048112e-33,1.7012914676526976e-32,0.012804071927930698,0.012804071927930698,0.09303594916479838,5.3327503933755396e-31,1.3287112703119969e-30,False,1e-24,True
HGNN,real,,230,restart,5711.088524031929,557.7774734199146,557.7774734199149,1342.4592078520072,1342.4592078520072,4.254198928822514,0.4154893274652141,0.4154893274652144,0.013670761374992397,0.014628520426738015,0.014628520426738015,0.028356675937632057,0.028356675937632057,0.4821002787865545,0.5158757133209874,0.5158757133209874,False,1e-24,False
HGNN,real,,231,base,497.651236089701,2.60351407470503e-28,6.486931204906437e-28,606.1692243285319,606.1692243285319,0.8209774038610441,4.2950284676511e-31,1.0701518560418777e-30,0.0011912389849893824,6.828091961048112e-33,1.7012914676526976e-32,0.012804071927930698,0.012804071927930698,0.09303594916479838,5.3327503933755396e-31,1.3287112703119969e-30,False,1e-24,True
HGNN,real,,231,restart,5711.088524031929,557.7774734199146,557.7774734199149,1342.4592078520072,1342.4592078520072,4.254198928822514,0.4154893274652141,0.4154893274652144,0.013670761374992397,0.014628520426738015,0.014628520426738015,0.028356675937632057,0.028356675937632057,0.4821002787865545,0.5158757133209874,0.5158757133209874,False,1e-24,False
HGNN,real,,232,base,497.651236089701,2.60351407470503e-28,6.486931204906437e-28,606.1692243285319,606.1692243285319,0.8209774038610441,4.2950284676511e-31,1.0701518560418777e-30,0.0011912389849893824,6.828091961048112e-33,1.7012914676526976e-32,0.012804071927930698,0.012804071927930698,0.09303594916479838,5.3327503933755396e-31,1.3287112703119969e-30,False,1e-24,True
HGNN,real,,232,restart,5711.088524031929,557.7774734199146,557.7774734199149,1342.4592078520072,1342.4592078520072,4.254198928822514,0.4154893274652141,0.4154893274652144,0.013670761374992397,0.014628520426738015,0.014628520426738015,0.028356675937632057,0.028356675937632057,0.4821002787865545,0.5158757133209874,0.5158757133209874,False,1e-24,False
HGNN,real,,233,base,497.651236089701,2.60351407470503e-28,6.486931204906437e-28,606.1692243285319,606.1692243285319,0.8209774038610441,4.2950284676511e-31,1.0701518560418777e-30,0.0011912389849893824,6.828091961048112e-33,1.7012914676526976e-32,0.012804071927930698,0.012804071927930698,0.09303594916479838,5.3327503933755396e-31,1.3287112703119969e-30,False,1e-24,True
HGNN,real,,233,restart,5711.088524031929,557.7774734199146,557.7774734199149,1342.4592078520072,1342.4592078520072,4.254198928822514,0.4154893274652141,0.4154893274652144,0.013670761374992397,0.014628520426738015,0.014628520426738015,0.028356675937632057,0.028356675937632057,0.4821002787865545,0.5158757133209874,0.5158757133209874,False,1e-24,False
HGNN,real,,234,base,497.651236089701,2.60351407470503e-28,6.486931204906437e-28,606.1692243285319,606.1692243285319,0.8209774038610441,4.2950284676511e-31,1.0701518560418777e-30,0.0011912389849893824,6.828091961048112e-33,1.7012914676526976e-32,0.012804071927930698,0.012804071927930698,0.09303594916479838,5.3327503933755396e-31,1.3287112703119969e-30,False,1e-24,True
HGNN,real,,234,restart,5711.088524031929,557.7774734199146,557.7774734199149,1342.4592078520072,1342.4592078520072,4.254198928822514,0.4154893274652141,0.4154893274652144,0.013670761374992397,0.014628520426738015,0.014628520426738015,0.028356675937632057,0.028356675937632057,0.4821002787865545,0.5158757133209874,0.5158757133209874,False,1e-24,False
HGNN,real,,235,base,497.651236089701,2.60351407470503e-28,6.486931204906437e-28,606.1692243285319,606.1692243285319,0.8209774038610441,4.2950284676511e-31,1.0701518560418777e-30,0.0011912389849893824,6.828091961048112e-33,1.7012914676526976e-32,0.012804071927930698,0.012804071927930698,0.09303594916479838,5.3327503933755396e-31,1.3287112703119969e-30,False,1e-24,True
HGNN,real,,235,restart,5711.088524031929,557.7774734199146,557.7774734199149,1342.4592078520072,1342.4592078520072,4.254198928822514,0.4154893274652141,0.4154893274652144,0.013670761374992397,0.014628520426738015,0.014628520426738015,0.028356675937632057,0.028356675937632057,0.4821002787865545,0.5158757133209874,0.5158757133209874,False,1e-24,False
HGNN,real,,236,base,497.651236089701,2.60351407470503e-28,6.486931204906437e-28,606.1692243285319,606.1692243285319,0.8209774038610441,4.2950284676511e-31,1.0701518560418777e-30,0.0011912389849893824,6.828091961048112e-33,1.7012914676526976e-32,0.012804071927930698,0.012804071927930698,0.09303594916479838,5.3327503933755396e-31,1.3287112703119969e-30,False,1e-24,True
HGNN,real,,236,restart,5711.088524031929,557.7774734199146,557.7774734199149,1342.4592078520072,1342.4592078520072,4.254198928822514,0.4154893274652141,0.4154893274652144,0.013670761374992397,0.014628520426738015,0.014628520426738015,0.028356675937632057,0.028356675937632057,0.4821002787865545,0.5158757133209874,0.5158757133209874,False,1e-24,False
HGNN,real,,237,base,497.651236089701,2.60351407470503e-28,6.486931204906437e-28,606.1692243285319,606.1692243285319,0.8209774038610441,4.2950284676511e-31,1.0701518560418777e-30,0.0011912389849893824,6.828091961048112e-33,1.7012914676526976e-32,0.012804071927930698,0.012804071927930698,0.09303594916479838,5.3327503933755396e-31,1.3287112703119969e-30,False,1e-24,True
HGNN,real,,237,restart,5711.088524031929,557.7774734199146,557.7774734199149,1342.4592078520072,1342.4592078520072,4.254198928822514,0.4154893274652141,0.4154893274652144,0.013670761374992397,0.014628520426738015,0.014628520426738015,0.028356675937632057,0.028356675937632057,0.4821002787865545,0.5158757133209874,0.5158757133209874,False,1e-24,False
HGNN,real,,238,base,497.651236089701,2.60351407470503e-28,6.486931204906437e-28,606.1692243285319,606.1692243285319,0.8209774038610441,4.2950284676511e-31,1.0701518560418777e-30,0.0011912389849893824,6.828091961048112e-33,1.7012914676526976e-32,0.012804071927930698,0.012804071927930698,0.09303594916479838,5.3327503933755396e-31,1.3287112703119969e-30,False,1e-24,True
HGNN,real,,238,restart,5711.088524031929,557.7774734199146,557.7774734199149,1342.4592078520072,1342.4592078520072,4.254198928822514,0.4154893274652141,0.4154893274652144,0.013670761374992397,0.014628520426738015,0.014628520426738015,0.028356675937632057,0.028356675937632057,0.4821002787865545,0.5158757133209874,0.5158757133209874,False,1e-24,False
HGNN,real,,239,base,497.651236089701,2.60351407470503e-28,6.486931204906437e-28,606.1692243285319,606.1692243285319,0.8209774038610441,4.2950284676511e-31,1.0701518560418777e-30,0.0011912389849893824,6.828091961048112e-33,1.7012914676526976e-32,0.012804071927930698,0.012804071927930698,0.09303594916479838,5.3327503933755396e-31,1.3287112703119969e-30,False,1e-24,True
HGNN,real,,239,restart,5711.088524031929,557.7774734199146,557.7774734199149,1342.4592078520072,1342.4592078520072,4.254198928822514,0.4154893274652141,0.4154893274652144,0.013670761374992397,0.014628520426738015,0.014628520426738015,0.028356675937632057,0.028356675937632057,0.4821002787865545,0.5158757133209874,0.5158757133209874,False,1e-24,False
HGNN,real,,240,base,497.651236089701,2.60351407470503e-28,6.486931204906437e-28,606.1692243285319,606.1692243285319,0.8209774038610441,4.2950284676511e-31,1.0701518560418777e-30,0.0011912389849893824,6.828091961048112e-33,1.7012914676526976e-32,0.012804071927930698,0.012804071927930698,0.09303594916479838,5.3327503933755396e-31,1.3287112703119969e-30,False,1e-24,True
HGNN,real,,240,restart,5711.088524031929,557.7774734199146,557.7774734199149,1342.4592078520072,1342.4592078520072,4.254198928822514,0.4154893274652141,0.4154893274652144,0.013670761374992397,0.014628520426738015,0.014628520426738015,0.028356675937632057,0.028356675937632057,0.4821002787865545,0.5158757133209874,0.5158757133209874,False,1e-24,False
HGNN,real,,241,base,497.651236089701,2.60351407470503e-28,6.486931204906437e-28,606.1692243285319,606.1692243285319,0.8209774038610441,4.2950284676511e-31,1.0701518560418777e-30,0.0011912389849893824,6.828091961048112e-33,1.7012914676526976e-32,0.012804071927930698,0.012804071927930698,0.09303594916479838,5.3327503933755396e-31,1.3287112703119969e-30,False,1e-24,True
HGNN,real,,241,restart,5711.088524031929,557.7774734199146,557.7774734199149,1342.4592078520072,1342.4592078520072,4.254198928822514,0.4154893274652141,0.4154893274652144,0.013670761374992397,0.014628520426738015,0.014628520426738015,0.028356675937632057,0.028356675937632057,0.4821002787865545,0.5158757133209874,0.5158757133209874,False,1e-24,False
HGNN,real,,242,base,497.651236089701,2.60351407470503e-28,6.486931204906437e-28,606.1692243285319,606.1692243285319,0.8209774038610441,4.2950284676511e-31,1.0701518560418777e-30,0.0011912389849893824,6.828091961048112e-33,1.7012914676526976e-32,0.012804071927930698,0.012804071927930698,0.09303594916479838,5.3327503933755396e-31,1.3287112703119969e-30,False,1e-24,True
HGNN,real,,242,restart,5711.088524031929,557.7774734199146,557.7774734199149,1342.4592078520072,1342.4592078520072,4.254198928822514,0.4154893274652141,0.4154893274652144,0.013670761374992397,0.014628520426738015,0.014628520426738015,0.028356675937632057,0.028356675937632057,0.4821002787865545,0.5158757133209874,0.5158757133209874,False,1e-24,False
HGNN,real,,243,base,497.651236089701,2.60351407470503e-28,6.486931204906437e-28,606.1692243285319,606.1692243285319,0.8209774038610441,4.2950284676511e-31,1.0701518560418777e-30,0.0011912389849893824,6.828091961048112e-33,1.7012914676526976e-32,0.012804071927930698,0.012804071927930698,0.09303594916479838,5.3327503933755396e-31,1.3287112703119969e-30,False,1e-24,True
HGNN,real,,243,restart,5711.088524031929,557.7774734199146,557.7774734199149,1342.4592078520072,1342.4592078520072,4.254198928822514,0.4154893274652141,0.4154893274652144,0.013670761374992397,0.014628520426738015,0.014628520426738015,0.028356675937632057,0.028356675937632057,0.4821002787865545,0.5158757133209874,0.5158757133209874,False,1e-24,False
HGNN,real,,244,base,497.651236089701,2.60351407470503e-28,6.486931204906437e-28,606.1692243285319,606.1692243285319,0.8209774038610441,4.2950284676511e-31,1.0701518560418777e-30,0.0011912389849893824,6.828091961048112e-33,1.7012914676526976e-32,0.012804071927930698,0.012804071927930698,0.09303594916479838,5.3327503933755396e-31,1.3287112703119969e-30,False,1e-24,True
HGNN,real,,244,restart,5711.088524031929,557.7774734199146,557.7774734199149,1342.4592078520072,1342.4592078520072,4.254198928822514,0.4154893274652141,0.4154893274652144,0.013670761374992397,0.014628520426738015,0.014628520426738015,0.028356675937632057,0.028356675937632057,0.4821002787865545,0.5158757133209874,0.5158757133209874,False,1e-24,False
HGNN,real,,245,base,497.651236089701,2.60351407470503e-28,6.486931204906437e-28,606.1692243285319,606.1692243285319,0.8209774038610441,4.2950284676511e-31,1.0701518560418777e-30,0.0011912389849893824,6.828091961048112e-33,1.7012914676526976e-32,0.012804071927930698,0.012804071927930698,0.09303594916479838,5.3327503933755396e-31,1.3287112703119969e-30,False,1e-24,True
HGNN,real,,245,restart,5711.088524031929,557.7774734199146,557.7774734199149,1342.4592078520072,1342.4592078520072,4.254198928822514,0.4154893274652141,0.4154893274652144,0.013670761374992397,0.014628520426738015,0.014628520426738015,0.028356675937632057,0.028356675937632057,0.4821002787865545,0.5158757133209874,0.5158757133209874,False,1e-24,False
HGNN,real,,246,base,497.651236089701,2.60351407470503e-28,6.486931204906437e-28,606.1692243285319,606.1692243285319,0.8209774038610441,4.2950284676511e-31,1.0701518560418777e-30,0.0011912389849893824,6.828091961048112e-33,1.7012914676526976e-32,0.012804071927930698,0.012804071927930698,0.09303594916479838,5.3327503933755396e-31,1.3287112703119969e-30,False,1e-24,True
HGNN,real,,246,restart,5711.088524031929,557.7774734199146,557.7774734199149,1342.4592078520072,1342.4592078520072,4.254198928822514,0.4154893274652141,0.4154893274652144,0.013670761374992397,0.014628520426738015,0.014628520426738015,0.028356675937632057,0.028356675937632057,0.4821002787865545,0.5158757133209874,0.5158757133209874,False,1e-24,False
HGNN,real,,247,base,497.651236089701,2.60351407470503e-28,6.486931204906437e-28,606.1692243285319,606.1692243285319,0.8209774038610441,4.2950284676511e-31,1.0701518560418777e-30,0.0011912389849893824,6.828091961048112e-33,1.7012914676526976e-32,0.012804071927930698,0.012804071927930698,0.09303594916479838,5.3327503933755396e-31,1.3287112703119969e-30,False,1e-24,True
HGNN,real,,247,restart,5711.088524031929,557.7774734199146,557.7774734199149,1342.4592078520072,1342.4592078520072,4.254198928822514,0.4154893274652141,0.4154893274652144,0.013670761374992397,0.014628520426738015,0.014628520426738015,0.028356675937632057,0.028356675937632057,0.4821002787865545,0.5158757133209874,0.5158757133209874,False,1e-24,False
HGNN,real,,248,base,497.651236089701,2.60351407470503e-28,6.486931204906437e-28,606.1692243285319,606.1692243285319,0.8209774038610441,4.2950284676511e-31,1.0701518560418777e-30,0.0011912389849893824,6.828091961048112e-33,1.7012914676526976e-32,0.012804071927930698,0.012804071927930698,0.09303594916479838,5.3327503933755396e-31,1.3287112703119969e-30,False,1e-24,True
HGNN,real,,248,restart,5711.088524031929,557.7774734199146,557.7774734199149,1342.4592078520072,1342.4592078520072,4.254198928822514,0.4154893274652141,0.4154893274652144,0.013670761374992397,0.014628520426738015,0.014628520426738015,0.028356675937632057,0.028356675937632057,0.4821002787865545,0.5158757133209874,0.5158757133209874,False,1e-24,False
HGNN,real,,249,base,497.651236089701,2.60351407470503e-28,6.486931204906437e-28,606.1692243285319,606.1692243285319,0.8209774038610441,4.2950284676511e-31,1.0701518560418777e-30,0.0011912389849893824,6.828091961048112e-33,1.7012914676526976e-32,0.012804071927930698,0.012804071927930698,0.09303594916479838,5.3327503933755396e-31,1.3287112703119969e-30,False,1e-24,True
HGNN,real,,249,restart,5711.088524031929,557.7774734199146,557.7774734199149,1342.4592078520072,1342.4592078520072,4.254198928822514,0.4154893274652141,0.4154893274652144,0.013670761374992397,0.014628520426738015,0.014628520426738015,0.028356675937632057,0.028356675937632057,0.4821002787865545,0.5158757133209874,0.5158757133209874,False,1e-24,False
HGNN,real,,250,base,497.651236089701,2.60351407470503e-28,6.486931204906437e-28,606.1692243285319,606.1692243285319,0.8209774038610441,4.2950284676511e-31,1.0701518560418777e-30,0.0011912389849893824,6.828091961048112e-33,1.7012914676526976e-32,0.012804071927930698,0.012804071927930698,0.09303594916479838,5.3327503933755396e-31,1.3287112703119969e-30,False,1e-24,True
HGNN,real,,250,restart,5711.088524031929,557.7774734199146,557.7774734199149,1342.4592078520072,1342.4592078520072,4.254198928822514,0.4154893274652141,0.4154893274652144,0.013670761374992397,0.014628520426738015,0.014628520426738015,0.028356675937632057,0.028356675937632057,0.4821002787865545,0.5158757133209874,0.5158757133209874,False,1e-24,False
HGNN,real,,251,base,497.651236089701,2.60351407470503e-28,6.486931204906437e-28,606.1692243285319,606.1692243285319,0.8209774038610441,4.2950284676511e-31,1.0701518560418777e-30,0.0011912389849893824,6.828091961048112e-33,1.7012914676526976e-32,0.012804071927930698,0.012804071927930698,0.09303594916479838,5.3327503933755396e-31,1.3287112703119969e-30,False,1e-24,True
HGNN,real,,251,restart,5711.088524031929,557.7774734199146,557.7774734199149,1342.4592078520072,1342.4592078520072,4.254198928822514,0.4154893274652141,0.4154893274652144,0.013670761374992397,0.014628520426738015,0.014628520426738015,0.028356675937632057,0.028356675937632057,0.4821002787865545,0.5158757133209874,0.5158757133209874,False,1e-24,False
HGNN,real,,252,base,497.651236089701,2.60351407470503e-28,6.486931204906437e-28,606.1692243285319,606.1692243285319,0.8209774038610441,4.2950284676511e-31,1.0701518560418777e-30,0.0011912389849893824,6.828091961048112e-33,1.7012914676526976e-32,0.012804071927930698,0.012804071927930698,0.09303594916479838,5.3327503933755396e-31,1.3287112703119969e-30,False,1e-24,True
HGNN,real,,252,restart,5711.088524031929,557.7774734199146,557.7774734199149,1342.4592078520072,1342.4592078520072,4.254198928822514,0.4154893274652141,0.4154893274652144,0.013670761374992397,0.014628520426738015,0.014628520426738015,0.028356675937632057,0.028356675937632057,0.4821002787865545,0.5158757133209874,0.5158757133209874,False,1e-24,False
HGNN,real,,253,base,497.651236089701,2.60351407470503e-28,6.486931204906437e-28,606.1692243285319,606.1692243285319,0.8209774038610441,4.2950284676511e-31,1.0701518560418777e-30,0.0011912389849893824,6.828091961048112e-33,1.7012914676526976e-32,0.012804071927930698,0.012804071927930698,0.09303594916479838,5.3327503933755396e-31,1.3287112703119969e-30,False,1e-24,True
HGNN,real,,253,restart,5711.088524031929,557.7774734199146,557.7774734199149,1342.4592078520072,1342.4592078520072,4.254198928822514,0.4154893274652141,0.4154893274652144,0.013670761374992397,0.014628520426738015,0.014628520426738015,0.028356675937632057,0.028356675937632057,0.4821002787865545,0.5158757133209874,0.5158757133209874,False,1e-24,False
HGNN,real,,254,base,497.651236089701,2.60351407470503e-28,6.486931204906437e-28,606.1692243285319,606.1692243285319,0.8209774038610441,4.2950284676511e-31,1.0701518560418777e-30,0.0011912389849893824,6.828091961048112e-33,1.7012914676526976e-32,0.012804071927930698,0.012804071927930698,0.09303594916479838,5.3327503933755396e-31,1.3287112703119969e-30,False,1e-24,True
HGNN,real,,254,restart,5711.088524031929,557.7774734199146,557.7774734199149,1342.4592078520072,1342.4592078520072,4.254198928822514,0.4154893274652141,0.4154893274652144,0.013670761374992397,0.014628520426738015,0.014628520426738015,0.028356675937632057,0.028356675937632057,0.4821002787865545,0.5158757133209874,0.5158757133209874,False,1e-24,False
HGNN,real,,255,base,497.651236089701,2.60351407470503e-28,6.486931204906437e-28,606.1692243285319,606.1692243285319,0.8209774038610441,4.2950284676511e-31,1.0701518560418777e-30,0.0011912389849893824,6.828091961048112e-33,1.7012914676526976e-32,0.012804071927930698,0.012804071927930698,0.09303594916479838,5.3327503933755396e-31,1.3287112703119969e-30,False,1e-24,True
HGNN,real,,255,restart,5711.088524031929,557.7774734199146,557.7774734199149,1342.4592078520072,1342.4592078520072,4.254198928822514,0.4154893274652141,0.4154893274652144,0.013670761374992397,0.014628520426738015,0.014628520426738015,0.028356675937632057,0.028356675937632057,0.4821002787865545,0.5158757133209874,0.5158757133209874,False,1e-24,False
HGNN,real,,256,base,497.651236089701,2.60351407470503e-28,6.486931204906437e-28,606.1692243285319,606.1692243285319,0.8209774038610441,4.2950284676511e-31,1.0701518560418777e-30,0.0011912389849893824,6.828091961048112e-33,1.7012914676526976e-32,0.012804071927930698,0.012804071927930698,0.09303594916479838,5.3327503933755396e-31,1.3287112703119969e-30,False,1e-24,True
HGNN,real,,256,restart,5711.088524031929,557.7774734199146,557.7774734199149,1342.4592078520072,1342.4592078520072,4.254198928822514,0.4154893274652141,0.4154893274652144,0.013670761374992397,0.014628520426738015,0.014628520426738015,0.028356675937632057,0.028356675937632057,0.4821002787865545,0.5158757133209874,0.5158757133209874,False,1e-24,False
