family,features,seed,step,variant,energy_un,energy_sym,energy_op,norm_f2,norm_pi2,R_un,R_sym,R_op,energy_un_relative,energy_sym_relative,energy_op_relative,norm_f2_relative,norm_pi2_relative,R_un_relative,R_sym_relative,R_op_relative,zero_state,resolution_R_op,censored_R_op
HNHN,real,,0,base,55643.42979418242,12816.776171345919,4391.158002958369,34189.0,34153.65933318709,1.62752434391712,0.3748801126486858,0.128570644806177,1.0,1.0,1.0,1.0,1.0,1.0,1.0,1.0,False,1e-24,False
HNHN,real,,0,restart,55643.42979418242,12816.776171345919,4391.158002958369,34189.0,34153.65933318709,1.62752434391712,0.3748801126486858,0.128570644806177,1.0,1.0,1.0,1.0,1.0,1.0,1.0,1.0,False,1e-24,False
HNHN,real,,1,base,29497.679059340902,8611.386819845378,2311.727309157614,26805.221396983547,26674.807088809375,1.1004452685722022,0.3212578136293415,0.08666331874345327,0.5301197134764851,0.6718839983409867,0.5264504961106339,0.7840305769979685,0.7810233986520291,0.6761467333408078,0.8569614732547955,0.6740521436607873,False,1e-24,False
HNHN,real,,1,restart,31434.747313383108,8956.561620836077,2472.1956639027317,27431.94661627069,27305.380574708634,1.1459174863929722,0.32650113191470265,0.09053877337979976,0.5649318783844924,0.698815482231795,0.5629940125673427,0.8023617718058641,0.7994862368430317,0.7040862342095491,0.8709481268767092,0.7041947523580434,False,1e-24,False
HNHN,real,,2,base,19740.667219247705,6505.82622642309,1469.9331592355334,22660.230373566406,22551.499164741464,0.8711591583056267,0.2871032694359657,0.06518117259067752,0.3547708560070036,0.5076023907609443,0.3347484099285938,0.6627930145241571,0.6602952540089368,0.5352664379869881,0.7658535615758869,0.5069677661564157,False,1e-24,False
HNHN,real,,2,restart,22675.08452842028,7124.534962489853,1721.2664910911965,23875.81967869313,23762.821936942568,0.9497091548507384,0.29839959667846777,0.07243527286695069,0.4075069529734665,0.5558757418591705,0.39198464048243337,0.6983479972708512,0.6957621057563296,0.5835299228550902,0.7959867344526468,0.5633888900234452,False,1e-24,False
HNHN,real,,3,base,14795.150738035856,5246.181610527709,1044.250465930988,19933.9827629466,19855.939875255106,0.7422074611972257,0.263177794067292,0.05259133903967724,0.2658921420329612,0.40932146589689533,0.23780753624157122,0.5830525245823687,0.5813707890434189,0.4560346295102925,0.7020318901630447,0.4090462416126155,False,1e-24,False
HNHN,real,,3,restart,18345.8919946732,6077.07558665261,1348.436716214799,21673.321470100287,21581.929596375536,0.8464734867695527,0.28039429005084976,0.062479895979331485,0.32970455025026657,0.4741500908971903,0.30707998102239614,0.6339267445698993,0.631906800551951,0.5200988175281379,0.7479572284316339,0.48595770888075784,False,1e-24,False
HNHN,real,,4,base,11827.269395900803,4401.805508359351,795.9908442363937,17958.60560946552,17906.386089165546,0.6585850623985502,0.2451084234535042,0.04445290301866197,0.2125546437314933,0.3434409284762525,0.18127128281426594,0.5252743750757706,0.5242889470343203,0.40465450784807916,0.6538314922114966,0.3457469089128057,False,1e-24,False
HNHN,real,,4,restart,15832.80402275327,5407.8251633312575,1135.316248163874,20174.509547501984,20101.236895411705,0.7847925118315302,0.26805237324844194,0.05647991982140266,0.28454040452424817,0.42193333885484946,0.25854597976183036,0.5900877342859394,0.588552948289185,0.4822001678590529,0.7150349250445405,0.4392909431740608,False,1e-24,False
HNHN,real,,5,base,9841.500708026259,3790.670880975,635.820603118161,16434.646863043647,16402.378779575145,0.5988264177526503,0.23065119150804675,0.03876392635865162,0.17686725538717957,0.2957585300935261,0.14479565588161528,0.48069984097351914,0.48025245610027395,0.36793699583712336,0.6152665444917816,0.3014990429354155,False,1e-24,False
HNHN,real,,5,restart,14224.750118112854,4948.839951233764,1001.818773446673,19092.868766696796,19033.446547863135,0.7450294815268789,0.2591983431984773,0.05263464874464084,0.2556411452480247,0.386122054803277,0.22814455156743102,0.558450635195437,0.5572886454766605,0.4577685638383414,0.6914166274842692,0.4093830969268973,False,1e-24,False
HNHN,real,,6,base,8410.534019979315,3324.161428821322,524.5549385476504,15208.129684204561,15190.988051597833,0.5530288204153498,0.2185779249550887,0.03453066625857007,0.15115053207699009,0.259360184213332,0.11945708585167107,0.44482522695032206,0.4447836146458473,0.33979757198858357,0.5830608708761413,0.268573485888834,False,1e-24,False
HNHN,real,,6,restart,13127.79574786903,4618.712199136341,912.7805941665072,18281.29487533997,18232.255303525813,0.7180998850129263,0.25264688473279984,0.05006405290902166,0.2359271489271417,0.3603645829020762,0.20786785480084236,0.5347127694679567,0.5338302149605838,0.4412222082556418,0.6739404844598004,0.3893894518806707,False,1e-24,False
HNHN,real,,7,base,7323.929154221014,2954.299721748581,442.90496272414384,14191.296816984139,14185.61778711596,0.5160859679473223,0.20817686782598163,0.031222113084592676,0.13162253263882628,0.23050256025797033,0.10086290733008335,0.4150837057820977,0.4153469368751302,0.31709877021268285,0.5553158484591898,0.24284013766642207,False,1e-24,False
HNHN,real,,7,restart,12345.33413519008,4373.167299359324,850.6610787153139,17655.55399469512,17614.291141253667,0.6992323287561196,0.24769357566878436,0.04829380143053373,0.22186508237996497,0.3412064969298818,0.1937213550826945,0.5164103657519998,0.5157365706970635,0.4296294131448809,0.6607274360827652,0.3756207453368354,False,1e-24,False
HNHN,real,,8,base,6466.8909792907025,2652.8305932907706,380.4775564024588,13329.920140960203,13332.976496549762,0.4851410144175754,0.19901323978222105,0.028536580447802995,0.1162202079061421,0.20698111270926492,0.08664629151265499,0.38988914975460537,0.3903820778464613,0.29808525828249033,0.5308716922221046,0.22195253427267556,False,1e-24,False
HNHN,real,,8,restart,11768.71305475335,4185.980285844187,805.8437715856949,17163.392897694313,17127.982581721557,0.6856868641825667,0.24389002284079397,0.047048376406318045,0.21150229413039853,0.32660165316787365,0.18351509352266293,0.5020150603321043,0.5014977286805197,0.4213066715378634,0.6505813848529022,0.36593404720995587,False,1e-24,False
HNHN,real,,9,base,5771.572007641582,2401.9374167916767,331.240581548421,12588.25172765658,12598.016728866076,0.45848876655058873,0.19080786345530285,0.026293073638284918,0.10372423175548043,0.18740573953078904,0.07543353742344519,0.3681959614980426,0.3688628678398918,0.2817093140659878,0.5089836910983754,0.20450293049336643,False,1e-24,False
HNHN,real,,9,restart,11333.168482044883,4040.5832519910145,772.663870331652,16770.400265705055,16739.42175488078,0.6757840184185024,0.24093540929096852,0.04615833698714015,0.20367487273816068,0.3152573781404114,0.1759590226111427,0.4905203505719692,0.4901208854834215,0.4152220646924566,0.6426998956777366,0.3590114761944675,False,1e-24,False
HNHN,real,,10,base,5195.187125828483,2189.7407084014317,291.46690929129517,11941.471299016166,11956.430812697261,0.4350541902032209,0.18337277321780607,0.024377417797773623,0.09336568836688865,0.1708495708380216,0.06637586465686975,0.3492781683879659,0.35007759186375687,0.2673104041910267,0.489150443116868,0.1896032942397007,False,1e-24,False
HNHN,real,,10,restart,10997.796106451222,3925.978108789707,747.5930238330988,16452.860560205838,16425.258895615676,0.6684427954766324,0.23861978860292427,0.045514839588473736,0.1976477033700222,0.3063155708037485,0.17024962967158946,0.48123257656573276,0.4809223730721956,0.4107113960998129,0.6365229324035756,0.3540064659167599,False,1e-24,False
HNHN,real,,11,base,4709.284060244781,2007.9506228859857,258.7285049305259,11371.614602356509,11390.628276607791,0.41412624547343424,0.17657568367379278,0.022714155764512144,0.08463324560804018,0.15666581018829842,0.05892033599251446,0.3326103308770806,0.3335112107749908,0.2544516443156338,0.4710190744081121,0.17666673289812165,False,1e-24,False
HNHN,real,,11,restart,10735.562397344405,3834.5758551630142,728.3344399920463,16193.84266961879,16168.828781193324,0.6629410088987313,0.23679221376882018,0.045045590490710385,0.19293495093767243,0.2991841164969285,0.16586386540893308,0.4736565172897362,0.4734142430671282,0.4073309326379519,0.631647840947826,0.3503567284633096,False,1e-24,False
HNHN,real,,12,base,4294.096569046359,1850.563887673692,231.3716159284569,10865.239306525953,10887.440360769073,0.395214173190572,0.17031966213226374,0.021251240719734527,0.07717167300667206,0.14438606580420293,0.052690341766927856,0.31779927188645335,0.3187781506677311,0.24283149721703817,0.4543310151314339,0.16528843541051869,False,1e-24,False
HNHN,real,,12,restart,10527.94064416648,3760.975583604415,713.3388039365957,15980.916501201244,15957.895848099633,0.6587820318925465,0.23534167038052617,0.044701307160213394,0.18920366129672309,0.293441621615638,0.16244890378711307,0.46742860280210724,0.46723824502733025,0.40477553184058196,0.6277784882151741,0.34767895290251966,False,1e-24,False
HNHN,real,,13,base,3935.388767701091,1713.0999183262234,208.22714017901887,10412.013366209416,10436.736645834393,0.37796616555187956,0.1645310909689979,0.019951364803492324,0.07072512931459413,0.13366075020925694,0.04741964193470927,0.3045427876278749,0.30558179854224354,0.232233801580007,0.43888988884077224,0.15517822776396148,False,1e-24,False
HNHN,real,,13,restart,10361.852679124784,3701.235930707748,701.5299288940997,15804.748191639012,15783.269733980555,0.6556164358636467,0.23418506171871606,0.04444769307741998,0.18621879919070206,0.2887805701860106,0.15975966440321018,0.46227582531337597,0.46212529029485166,0.4028304942497581,0.6246932120887929,0.34570638690056993,False,1e-24,False
HNHN,real,,14,base,3622.5975695357265,1592.130989039649,188.44257301446376,10003.820423170453,10030.550630726711,0.36212141125056674,0.159152295992041,0.018786862252327927,0.06510377924105737,0.12422242284289309,0.04291409529957884,0.2926034813293882,0.2936888997127178,0.2224983070784761,0.4245418485060811,0.14612093048650043,False,1e-24,False
HNHN,real,,14,restart,10227.837233405266,3652.4204653976403,692.1417017944563,15658.197906597978,15637.91735647827,0.6531937643408829,0.23325931165160463,0.04426047829877582,0.1838103307297315,0.2849718538085456,0.15762168005071853,0.4579893505688373,0.457869454160741,0.401341931862462,0.6222237557589528,0.344250263079099,False,1e-24,False
HNHN,real,,15,base,3347.6884594320823,1484.980829316122,171.38001683517132,9634.169361583297,9662.503588752423,0.34748075664739164,0.15413688233855977,0.017736605762782343,0.06016322990539463,0.11586227374681389,0.039028433210490446,0.28179149321662805,0.28291268863724284,0.2135026477152877,0.41116313492737133,0.13795221910507377,False,1e-24,False
HNHN,real,,15,restart,10118.907125798278,3612.3032574083995,684.6172649402256,15535.719395630817,15516.372508651104,0.65133173869271,0.2325159952634253,0.04412224987241827,0.18185268527168,0.2818417993039714,0.15590813732482223,0.45440695532571346,0.4543106891498989,0.4001978471947688,0.620240944819937,0.3431751465424593,False,1e-24,False
HNHN,real,,16,base,3104.422067318696,1389.5240319575462,156.55174601159774,9297.790693314348,9327.411097415503,0.3338881428629014,0.14944668876625658,0.016784051263160907,0.055791350008465274,0.10841447282695497,0.035651585733450536,0.27195269511580766,0.27310136833133025,0.20515093621229688,0.3986519522477541,0.13054341672209255,False,1e-24,False
HNHN,real,,16,restart,10029.811217859624,3579.1721112126465,678.544563936191,15432.948217118796,15414.331197582545,0.6498959937372295,0.23191758702608078,0.04402037008537926,0.18025149159493853,0.2792568164851388,0.15452519892908623,0.4514009832729473,0.45132297676238897,0.3993156822300194,0.6186446791948642,0.3423827433683709,False,1e-24,False
HNHN,real,,17,base,2887.867396709518,1304.0482305381868,143.5780189790288,8990.352212569565,9021.005923354414,0.3212184938285222,0.14504973773051677,0.01591596549197698,0.051899521783458566,0.10174541656220916,0.03269707418459977,0.26296037358710594,0.26412999659420705,0.197366322063985,0.38692299974431643,0.12379159734300656,False,1e-24,False
HNHN,real,,17,restart,9956.543518490087,3551.693496312857,673.6139493854272,15346.41204061065,15328.367036861177,0.6487864063692835,0.23143478012411892,0.04394557801007384,0.17893475573518752,0.27711285964822197,0.15340234829436936,0.44886987161398845,0.44880599432479,0.39863391831533934,0.6173567823828657,0.34180102368097115,False,1e-24,False
HNHN,real,,18,base,2694.068767869891,1227.1567596972748,132.1585729022358,8708.25343135524,8739.737645888092,0.30936958703676826,0.14091881562366243,0.015121572094834486,0.048416655440451636,0.0957461332937055,0.030096519599886674,0.25470921733175117,0.2558946190985659,0.1900859966814251,0.37590368458868534,0.11761294436712656,False,1e-24,False
HNHN,real,,18,restart,9896.00823531507,3528.8176532795933,669.589584010662,15273.322290555956,15255.726570376024,0.6479276772306525,0.2310445354421407,0.043891032060766534,0.1778468414315774,0.275328023685774,0.152485878112232,0.4467320568181566,0.44667912218565825,0.3981062892560011,0.6163157970950067,0.3413767748223804,False,1e-24,False
HNHN,real,,19,base,2519.8117871868876,1157.6982519379762,122.05282413647133,8448.473637027899,8480.624466369938,0.2982564538217978,0.137030462741107,0.014391961891541584,0.04528498326769815,0.0903267901741319,0.02779513377889,0.24711087300090376,0.24830793045152033,0.18325775275591585,0.3655314275620787,0.11193816374832509,False,1e-24,False
HNHN,real,,19,restart,9845.78606671172,3509.710560555425,666.2897328568989,15211.421386298804,15194.179199393082,0.6472627255977533,0.2307286394496101,0.04385164371916275,0.17694427002666732,0.27383723595033044,0.15173440181565148,0.4449215065166809,0.444877049664453,0.3976977229353901,0.615473138383936,0.34107041918682174,False,1e-24,False
HNHN,real,,20,base,2362.4550237529734,1094.7146577317028,113.0657797096621,8208.457420210034,8241.141471796212,0.2878074287059558,0.13336423662701924,0.013719674646601917,0.04245703459494459,0.08541263755382758,0.025748510901563663,0.24009059698177876,0.24129600261569337,0.17683755685845035,0.3557516980155196,0.10670923107902758,False,1e-24,False
HNHN,real,,20,restart,9803.967881914767,3493.7042809686095,663.5729092905631,15158.868840956333,15141.905261420063,0.6467479852735675,0.23047262415314895,0.043823607256431266,0.17619273143618805,0.2725883821533358,0.1511156986023976,0.44338438798901203,0.4433464980634354,0.3973814509692535,0.6147902125956025,0.3408523564807215,False,1e-24,False
HNHN,real,,21,base,2219.8064456780285,1037.4021753704599,105.03779894334762,7986.026995892049,8019.134967557043,0.27796130000811164,0.1299021623523301,0.013098395197025402,0.03989341515950391,0.08094096062079548,0.02392029593847057,0.23358469086232558,0.23479577662018938,0.17078779868761615,0.346516547475716,0.10187702812544429,False,1e-24,False
HNHN,real,,21,restart,9769.03426187019,3480.260146272853,661.3279653512841,15114.155064556342,15097.411304333433,0.6463500089911873,0.23026494907639827,0.04380406362522972,0.17556491930861448,0.2715394339220471,0.15060445670726047,0.44207654697582094,0.44204373994160234,0.3971369223489182,0.6142362352846074,0.340700349533638,False,1e-24,False
HNHN,real,,22,base,2090.031067972638,985.0814220143216,97.83701452227491,7779.314072807001,7812.755838447949,0.26866521243543195,0.12662831360128848,0.012522727773060781,0.03756114739338288,0.0768587520640829,0.022280458698220627,0.22753850866673495,0.22875311140836668,0.1650760023587785,0.3377834921852913,0.09739958753367894,False,1e-24,False
HNHN,real,,22,restart,9739.766876544807,3468.9410756059615,659.466891088237,15076.035271698234,15059.4650949362,0.646042988160751,0.23009637567763558,0.04379085757235728,0.17503893833595266,0.2706562890098189,0.15018063359231149,0.4409615745326928,0.44093269620169007,0.39694827949906847,0.6137865624610167,0.34059763516293273,False,1e-24,False
HNHN,real,,23,base,1971.5808227396444,937.1743453464294,91.35363061454906,7586.706239572853,7620.407049896029,0.25987309386723384,0.12352848729769643,0.011988025051207135,0.03543241008026028,0.07312091065783312,0.02080399533631064,0.2219048886944003,0.22312124670316905,0.15967385977267298,0.329514645161931,0.09324076323393524,False,1e-24,False
HNHN,real,,23,restart,9715.182362485739,3459.3905010475996,657.9195075637174,15043.478212428203,15027.045179174791,0.6458069221291869,0.22995948491417476,0.0437823603854931,0.1745971159294259,0.26991112701036746,0.14982824738268816,0.44000930745058947,0.4399834592415993,0.3968032334157663,0.613421403684005,0.34053154552888765,False,1e-24,False
HNHN,real,,24,base,1863.1405482885891,893.1861342261898,85.49557143311853,7406.804300394184,7440.701823813782,0.2515444546292973,0.12058994648726647,0.011490256357201693,0.03348356769487604,0.06968882988087591,0.019469937400457753,0.216642905624446,0.21785957841957088,0.15455649285336093,0.32167603033206466,0.08936920534639536,False,1e-24,False
HNHN,real,,24,restart,9694.482362527338,3451.3161444496645,656.6295050939376,15015.625989782138,14999.301328137055,0.6456262542183895,0.2298483024815764,0.04377733940594767,0.1742251043543852,0.2692811435816183,0.14953447465373812,0.43919465295218163,0.43917113483538917,0.39669222560720563,0.6131248223801508,0.34049249322769554,False,1e-24,False
HNHN,real,,25,base,1763.585866179148,852.6908917715567,80.18511804522235,7238.387984401438,7272.429985717132,0.2436434562473904,0.11780121397320595,0.011025904436715637,0.03169441338721239,0.06652928009134561,0.018260585929998602,0.211716867542234,0.2129326733270574,0.1497018813623335,0.3142370320497686,0.0857575572817374,False,1e-24,False
HNHN,real,,25,restart,9677.015347464201,3444.477404758566,655.5514513286001,14991.762276870784,14975.523233895688,0.6454888470579507,0.22975800583982633,0.04377486122453612,0.17391119460569168,0.2687475663700269,0.14928896907989833,0.4384966590678518,0.4384749255651204,0.3966077985072656,0.6128839543300638,0.34047321836588484,False,1e-24,False
HNHN,real,,26,base,1671.9499575963532,815.3201776467039,75.35627942968102,7080.388137837907,7114.530644550621,0.23613817845117538,0.11515190435529894,0.010591883455783581,0.03004757190167234,0.06361351456456661,0.017160912765815467,0.2070955025838108,0.20830946913022103,0.14509041252362395,0.3071699470577467,0.08238181796281004,False,1e-24,False
HNHN,real,,26,restart,9662.247142745204,3438.6754654151177,654.6485080410598,14971.286972034757,14955.115531138987,0.6453852070829688,0.2296846938969446,0.043774219375167976,0.17364578672602604,0.26829488316280825,0.14908334147849298,0.43789777331992036,0.43787739946820603,0.39654411898359554,0.6126883932949271,0.3404682261737005,False,1e-24,False
HNHN,real,,27,base,1587.3970918667985,780.7537643140248,70.95271651671709,6931.863990756716,6966.0698347918715,0.22900003433182056,0.11263258560109081,0.01018547304282616,0.028528023842857412,0.060916548270502885,0.016158087791173878,0.2027512940055783,0.20396261984211295,0.1407045216790208,0.3004496152257696,0.07922082881501434,False,1e-24,False
HNHN,real,,27,restart,9649.737966011717,3433.7454737711714,653.8906722599216,14953.695840611968,14937.577720698197,0.6453078937050795,0.22962520505771156,0.04377488000305836,0.173420977134314,0.26791023170459144,0.14891075926199618,0.43738324726116495,0.4373639022095463,0.3964966153144933,0.6125297056579311,0.3404733644219482,False,1e-24,False
HNHN,real,,28,base,1509.2013404975557,748.7121198734145,66.92608780157317,6791.98443537858,6826.222085722013,0.22220329785155551,0.11023466366817165,0.009804264637325285,0.02712272313334906,0.058416571364278615,0.01524110217771357,0.19865993259172776,0.199867956142813,0.13652840197570093,0.29405311177836924,0.07625585647567859,False,1e-24,False
HNHN,real,,28,restart,9639.124388992355,3429.5503147086506,653.2534097560169,14938.564055753257,14922.487927864848,0.6452510665026108,0.22957697285421724,0.04377644082634458,0.17323023445258826,0.26758291389811373,0.148765635241527,0.4369406550572774,0.4369220815341645,0.39646169896889083,0.6124010453159525,0.3404855042326225,False,1e-24,False
HNHN,real,,29,base,1436.7293176066823,718.9502504060996,63.23471990589162,6660.012504449363,6694.255126651067,0.21572471773091187,0.10795028536745081,0.009446117411053324,0.025820286832083345,0.05609446874896942,0.0144004656319107,0.19479986265902377,0.19600403755700238,0.13254776712691518,0.28795948818073225,0.07347024995708427,False,1e-24,False
HNHN,real,,29,restart,9630.105061905222,3425.975621963193,652.7165851784946,14925.532814004895,14909.48968649725,0.6452101363422766,0.22953791095139592,0.04377859999927604,0.17306814295103104,0.2673040065740201,0.14864338398635452,0.4365595020037116,0.43654150031325367,0.3964365502450102,0.6122968469295795,0.34050229790224057,False,1e-24,False
HNHN,real,,30,base,1369.4260781165738,691.2526221913423,59.842531118974364,6535.292423086318,6569.517116776514,0.20954319859949844,0.10577225584419916,0.009109121729229543,0.02461074170269333,0.05393342389303443,0.01362796125273967,0.1911519033340056,0.1923517785513811,0.1287496555014167,0.2821495520177735,0.07084915645372813,False,1e-24,False
HNHN,real,,30,restart,9622.429339406784,3422.925758259968,652.2636186105375,14914.29839434824,14898.281129086507,0.6451814952993831,0.22950632123312503,0.04378113239768964,0.17293019813837607,0.2670660478500436,0.14854022974602613,0.43623090451163354,0.436213320035369,0.3964189523251999,0.6122125807409902,0.34052199445441556,False,1e-24,False
HNHN,real,,31,base,1306.8035151675247,665.4289485738054,56.71815368816978,6417.238745784808,6451.425922707382,0.20363953515457164,0.10369396790962397,0.008791568618735321,0.023485315696771668,0.05191859011016241,0.012916445650545519,0.18769893081941,0.18889413458658397,0.1251222667824757,0.27660567848473594,0.06837928387143737,False,1e-24,False
HNHN,real,,31,restart,9615.888163113685,3420.320559415896,651.8808164392901,14904.603172532266,14888.60610328867,0.6451623066915885,0.22948082010792573,0.043783871499918275,0.17281264290647727,0.2668627830969385,0.1484530540691342,0.435947327284573,0.43593004070346925,0.39640716226634987,0.6121445559929737,0.34054329871273026,False,1e-24,False
HNHN,real,,32,base,1248.4307521469527,641.3106742654603,53.83421355678015,6305.327194562806,6339.460068183683,0.19799618855996823,0.10170934108200978,0.008491924072045489,0.022436265283515604,0.05003681625487221,0.012259684921497125,0.18442561041746777,0.18561583713003876,0.12165482458064601,0.27131164777824696,0.06604870096783948,False,1e-24,False
HNHN,real,,32,restart,9610.30671265418,3418.0926849249026,651.5568374857291,14896.228209909203,14880.246840714319,0.6451503412294163,0.22946027925721052,0.04378669550715945,0.1727123354581379,0.2666889582238808,0.14837927422487837,0.4357023665479892,0.435685286181185,0.3963998103258294,0.612089762873728,0.3405652633473903,False,1e-24,False
HNHN,real,,33,base,1193.9261388950897,618.7480260370851,51.166735787308035,6199.086893773856,6233.151057999663,0.19259709685538154,0.09981276866090291,0.0082088072808119,0.021456731608947583,0.04827641660938119,0.011652219244408074,0.1813181694045996,0.18250316890474205,0.11833745994351119,0.266252503915675,0.06384666805698029,False,1e-24,False
HNHN,real,,33,restart,9605.53845252191,3416.185452940861,651.2822648459589,14888.987117360843,14873.01788358033,0.645143848725725,0.2294437778750929,0.04378951669015125,0.17262664231970437,0.26654015075790466,0.14831674569832906,0.43549057057418594,0.43547362636858733,0.39639582113591926,0.6120457451156212,0.34058720601553244,False,1e-24,False
HNHN,real,,34,base,1142.9505472620967,597.6075262812363,48.69465102491164,6098.093758373044,6132.076837849864,0.18742751301466268,0.09799907150667958,0.007940972090295238,0.020540620006525793,0.046626976884974365,0.011089250487480875,0.1783642036436586,0.17954377239721803,0.11516111185382504,0.26141443144122767,0.06176349276513642,False,1e-24,False
HNHN,real,,34,restart,9601.46028763793,3414.5510642901218,651.049260893043,14882.720957169264,14866.76103591865,0.6451414573497557,0.22943056408279114,0.04379227320060393,0.17255335127889213,0.266412631276493,0.14826368362386966,0.43530729056624246,0.4352904293764102,0.396394351802463,0.6120104970673628,0.3406086456719706,False,1e-24,False
HNHN,real,,35,base,1095.2017260555758,577.7698870698903,46.39938372024809,6001.964839998184,6035.856198239178,0.182473865684276,0.09626345746305055,0.0076872911143549185,0.019682498546667235,0.04507918991061052,0.01056654843414615,0.1755525122114769,0.17672648600714186,0.1121174416630221,0.25678464718469246,0.05979040647998363,False,1e-24,False
HNHN,real,,35,restart,9597.968604744623,3413.149140494938,650.8512880911998,14877.293993750709,14861.34115321269,0.6451420943066867,0.22942002369037343,0.043794922771859,0.17249060024240456,0.2663032493401588,0.14821859920611247,0.43514855637049077,0.4351317382489651,0.39639474316799517,0.6119823803653504,0.34062925357402374,False,1e-24,False
HNHN,real,,36,base,1050.4095250275705,559.12821870503,44.26450691236721,5910.353472482714,5944.143966982118,0.17772363868219432,0.09460148556396943,0.007446742063826659,0.018877512204278104,0.043624715859129706,0.010080372166646189,0.1728729554091291,0.1740412032864132,0.10919875905170774,0.252351304782668,0.057919458015107436,False,1e-24,False
HNHN,real,,36,restart,9594.976025354681,3411.9455164189762,650.6828821783905,14872.590141577497,14856.642621063376,0.6451449232458285,0.22941165485900228,0.04379743787172134,0.17243681888131646,0.26620933929133916,0.14818024806668734,0.4350109725811664,0.4349941678614562,0.3963964813534499,0.6119600563447134,0.340648815581091,False,1e-24,False
HNHN,real,,37,base,1008.3318358273001,541.586499543623,42.27545150492862,5822.945087806419,5856.626863547074,0.17316526613634134,0.09300903432487044,0.00721839592821941,0.01812130991128664,0.04225606285880467,0.009627403859402736,0.17031633238194796,0.17147875155668,0.10639795759955747,0.24810341009482326,0.056143421689307825,False,1e-24,False
HNHN,real,,37,restart,9592.408733071421,3410.9112402445444,650.5394672284233,14868.50998794284,14852.566402301922,0.6451492947746674,0.22940504751387447,0.04379980197412883,0.1723906805988138,0.2661286422298781,0.14814758812826775,0.4348916314587394,0.43487481846109804,0.39639916735249825,0.6119424311229295,0.34066720315635013,False,1e-24,False
HNHN,real,,38,base,968.7511276198993,525.0582639305146,40.41926039286066,5739.453596836893,5773.019911346503,0.16878804075596918,0.09148227354253424,0.007001406718417716,0.017409982296259948,0.04096648462226965,0.00920469278619211,0.16787427525920304,0.1690307868632063,0.10370845842448703,0.24403074597949054,0.05445571754713128,False,1e-24,False
HNHN,real,,38,restart,9590.20426663229,3410.0217429230943,650.4172043583709,14864.968291380434,14849.02755472982,0.6451547072719451,0.22939986659106576,0.043802006694451535,0.17235106286771268,0.26605924121127883,0.14811974516065649,0.4347880397607544,0.4347712029879337,0.3964024929539235,0.6119286109104565,0.34068435108561523,False,1e-24,False
HNHN,real,,39,base,931.4714784069238,509.46547303108025,38.68437968617799,5659.618247881369,5693.063322357032,0.16458203320614642,0.09001763912641889,0.006795002531284327,0.016740008332561666,0.03974989234578949,0.008809607775469687,0.16553915726933718,0.16668970275829526,0.10112416064390836,0.24012380515575066,0.052850341860911865,False,1e-24,False
HNHN,real,,39,restart,9588.309692140803,3409.256146642451,650.3128675801494,14861.891874950845,14845.95313976395,0.6451607758162698,0.22939583838505936,0.04380404959236517,0.17231701438259062,0.26599950729142186,0.14809598450842051,0.4346980571221985,0.4346811858411361,0.39640622165042344,0.6119178655924988,0.3407002403884706,False,1e-24,False
HNHN,real,,40,base,896.3160215029823,494.7375396962156,37.060480761149314,5583.200891084002,5616.519783174166,0.1605380209288795,0.08861181056305502,0.006598477739217477,0.01610820944751851,0.03860077862655396,0.008439796686017966,0.16330401272584755,0.16444855083849236,0.09863939764028176,0.23637373008926846,0.05132180638251308,False,1e-24,False
HNHN,real,,40,restart,9586.68008520585,3408.59668769827,650.2237416364007,14859.217848312817,14843.280456737508,0.6451672075252846,0.2293927394089116,0.04380593249124104,0.17228772778144147,0.26594805449741465,0.14807568782501979,0.43461984405255544,0.43460293118032894,0.3964101734862523,0.6119095990132828,0.34071488524677945,False,1e-24,False
HNHN,real,,41,base,863.1247412566145,480.81048357434616,35.53830804130633,5509.983588850485,5543.172083525737,0.15664742504917026,0.08726169067858419,0.00641118614140194,0.015511709908055579,0.03751415154220136,0.008093151742060704,0.16116246713418014,0.1623009713087886,0.09624889829429634,0.2327722590084697,0.049865085074955795,False,1e-24,False
HNHN,real,,41,restart,9585.277267254447,3408.0282337973736,650.147537705523,14856.892104315126,14840.955549244709,0.645173781969544,0.2293903872942259,0.04380766019736582,0.1722625169352267,0.26590370216627485,0.14805833387628314,0.43455181796236,0.43453485919219675,0.39641421302291674,0.6119033247015592,0.3407283230429995,False,1e-24,False
HNHN,real,,42,base,831.7525638022183,467.62619678123843,34.10954834289235,5439.766522360625,5472.821037970873,0.1529022542388958,0.08596438741608138,0.006232534940616104,0.01494790250850387,0.03648547735636488,0.007767779779254673,0.15910867595895242,0.16024113213113114,0.09394775249314623,0.22931167729519392,0.0484755672650766,False,1e-24,False
HNHN,real,,42,restart,9584.068750983291,3407.537879523881,650.082323679199,14854.868045388075,14838.931939320539,0.6451803356111813,0.22938863334984685,0.0438092395286615,0.1722407979959804,0.26586544338208945,0.14804348266248488,0.4344926159112017,0.43447560902797777,0.3964182397778232,0.611898646020776,0.34074060680573603,False,1e-24,False
HNHN,real,,43,base,802.0676980365108,455.131803757266,32.76671836476624,5372.3661523040455,5405.283659448816,0.1492950545994577,0.08471719738649491,0.006061979431456426,0.014414418755336464,0.03551063057298219,0.007461976622724794,0.15713727082699247,0.15826367554695686,0.09173138033692009,0.22598477360650648,0.0471490163294661,False,1e-24,False
HNHN,real,,43,restart,9583.02685841063,3407.1146066688316,650.0264663605592,14853.105502756414,14837.169552880585,0.6451867494398548,0.22938735647144937,0.043810678582854014,0.17222207354681338,0.2658324184740009,0.1480307622551112,0.4344410629955955,0.43442400734094444,0.3964221806274317,0.6118952399227879,0.3407517995176858,False,1e-24,False
HNHN,real,,44,base,773.9501896181854,443.2791016442924,31.503067502141505,5307.613598605147,5340.39154986611,0.14581886477598544,0.0835175909868019,0.005899018303804208,0.013909102880266786,0.03458585027296631,0.007174204954801799,0.15524331213563272,0.156363670954487,0.08959550455941512,0.22278480017708852,0.04588153316565461,False,1e-24,False
HNHN,real,,44,restart,9582.127981770705,3406.7489985160505,649.9785834416108,14851.569817803382,14835.633806069054,0.6451929391520679,0.22938645815287456,0.04381198619068862,0.17220591931902313,0.26580389272400784,0.14801985786066305,0.4343961454796391,0.4343790415351856,0.39642598377313343,0.6118928436404979,0.3407619698628418,False,1e-24,False
HNHN,real,,45,base,747.2906569699181,432.0240697253595,30.312493647943445,5245.353209373521,5277.989478296942,0.14246717563928757,0.08236319890781164,0.005743189480120833,0.013429989124215492,0.03370770183934574,0.006903075140434847,0.15342224719569222,0.15453657327923054,0.08753612575551285,0.21970543682853957,0.04466952381532203,False,1e-24,False
HNHN,real,,45,restart,9581.35196293011,3406.432999111694,649.937503524662,14850.23106007539,14834.294827256092,0.645198847355946,0.229385858397169,0.04381317151189999,0.17219197303922934,0.2657792375845147,0.14801050271632046,0.4343569879222963,0.43433983698612394,0.39642961395163134,0.6118912437804751,0.34077118908401904,False,1e-24,False
HNHN,real,,46,base,721.9891833091547,421.32643828739526,29.189470038955157,5185.441293847528,5217.934121837104,0.13923389397268604,0.08125179987811157,0.005594066417357964,0.012975281825360079,0.03287304331875141,0.006647328567837892,0.1516698731711231,0.1527781861068937,0.085549500069276,0.216740758276115,0.043509670701201965,False,1e-24,False
HNHN,real,,46,restart,9580.681571384128,3406.15971011559,649.9022327768936,14849.063360652193,14833.126793608904,0.6452044373904086,0.22938549236320221,0.04381424374103743,0.17217992504814644,0.2657579148281171,0.1480024704961761,0.43432283367902524,0.4343056376156907,0.39643304863725276,0.6118902673777415,0.34077952869481476,False,1e-24,False
HNHN,real,,47,base,697.9543428750776,411.1493087667557,28.128981524864045,5127.744997867733,5160.0929478691005,0.13611330968394636,0.08018130951085198,0.00545125481440797,0.012543337918901065,0.03207899578413095,0.006405823135016607,0.14998230418753788,0.15108462895672914,0.08363211904797031,0.21388520437730685,0.04239890701820663,False,1e-24,False
HNHN,real,,47,restart,9580.102064431734,3405.9232191120927,649.8719270674773,14848.04434309614,14832.10736460868,0.6452096884318755,0.22938530761431464,0.04381521189754569,0.1721695103962363,0.265739463151944,0.14799556896601118,0.4342930282575138,0.43427578930601823,0.3964362750353626,0.6118897745564865,0.34078705884689353,False,1e-24,False
HNHN,real,,48,base,675.1023429315628,401.4588182800688,27.126468901294075,5072.1413035640135,5104.34321960184,0.13310006613127917,0.07914977013711702,0.005314389674487847,0.012132651517504867,0.031322917160525765,0.006177520572709679,0.1483559420738838,0.1494523081642954,0.08178069140946573,0.21113355301216322,0.04133439388516254,False,1e-24,False
HNHN,real,,48,restart,9579.600816001683,3405.7184543042326,649.8458686461871,14847.154637076344,14831.217197735288,0.645214591628182,0.22938526186017255,0.04381608468018511,0.1721605021731288,0.265723486840497,0.1479896346723072,0.4342670050915892,0.43424972571895987,0.39643928770692405,0.6118896525064216,0.34079384719769273,False,1e-24,False
HNHN,real,,49,base,653.356265949725,392.2238426765618,26.17778016427463,5018.516137577251,5050.571109352657,0.13018913320963046,0.07815534152410089,0.005183132678955568,0.011741840292131562,0.03060237905639991,0.005961475343551378,0.14678745027866422,0.14787789091885156,0.07999212650564212,0.20848089532384234,0.040313499918813125,False,1e-24,False
HNHN,real,,49,restart,9579.167002942853,3405.5410613724703,649.8234465917594,14846.377462152335,14830.439533904828,0.6452191470520597,0.2293853211030212,0.04381687037030534,0.1721527058697659,0.26570964615783305,0.14798452848974383,0.4342442733672332,0.43422695615793355,0.3964420866966257,0.611889810537874,0.3407999581581022,False,1e-24,False
HNHN,real,,50,base,632.6453987197762,383.41573311114746,25.279127722315025,4966.763574354246,4998.670906231025,0.12737578289138307,0.07719629238865014,0.005057169835046288,0.011369633415119209,0.029915146210350345,0.005756824897961816,0.14527373056697318,0.14635828206478066,0.0782635192938592,0.20592261308082158,0.039333782938322195,False,1e-24,False
HNHN,real,,50,restart,9578.791339504747,3405.387298984561,649.8041403955136,14845.69827118603,14829.759842209152,0.6452233613083862,0.22938545811577396,0.04381757677194548,0.17214595460659796,0.2656976491949577,0.14798013188269102,0.4342244075926769,0.43420705516609415,0.39644467606270317,0.6118901760220598,0.34080545242657384,False,1e-24,False
HNHN,real,,51,base,612.9046370985589,375.00808186072635,24.427050750426762,4916.785122925632,4948.544306733438,0.1246555669558857,0.07627099262730959,0.004936209365083203,0.01101486086256025,0.029259158219453085,0.005562781101014812,0.14381190215933873,0.14489060333060536,0.07659213665330812,0.20345435795039357,0.03839297354792491,False,1e-24,False
HNHN,real,,51,restart,9578.465852301953,3405.2539500243615,649.7875061573486,14845.10444450423,14829.165515143717,0.6452272456626584,0.22938565119257295,0.04381821117943407,0.17214010508934144,0.26568724494365326,0.14797634376161822,0.4342070386529068,0.4341896536027759,0.39644706272701746,0.6118906910581806,0.34081038673711994,False,1e-24,False
HNHN,real,,52,base,594.0739567369573,366.9765137141698,23.618381993723137,4868.489087160326,4900.099778325753,0.1220242966762952,0.07537790619311391,0.004819979809021966,0.010676443902440182,0.028632513262938006,0.005378622672609636,0.1423992830196942,0.14347217469503565,0.0749754049039952,0.20107203249736902,0.03748896037885,False,1e-24,False
HNHN,real,,52,restart,9578.18368934524,3405.1382460879063,649.773164962252,14844.585027313948,14828.645606877497,0.6452308145846744,0.22938588312320435,0.04381878036527412,0.17213503417696674,0.2656782174054558,0.14797307783607264,0.4341918461292798,0.43417443098018227,0.39644925558024835,0.6118913097376559,0.3408148137650851,False,1e-24,False
HNHN,real,,53,base,576.0979415071215,359.2984997792859,22.850218431157785,4821.789990834757,4853.251987420337,0.11947802426114922,0.0745155845572369,0.0047082283158561946,0.010353386619732653,0.02803345357489809,0.005203688506713571,0.1410333730391283,0.14210049763846053,0.07341089840388496,0.19877177274289887,0.036619776800170444,False,1e-24,False
HNHN,real,,53,restart,9577.938957784216,3405.0378031931336,649.7607930798658,14844.130504028037,14828.190608263672,0.6452340846225509,0.22938614035151186,0.04381929058274699,0.17213063596567874,0.26567038057555176,0.14797026038282274,0.4341785516987346,0.4341611088758249,0.3964512647900576,0.6118919958991749,0.3408187821473985,False,1e-24,False
HNHN,real,,54,base,558.925362508924,351.95319098398875,22.119895296181337,4776.608060000089,4807.921284289203,0.11701302587278087,0.0736826607004432,0.004600719102549017,0.010044768350482958,0.02746035245359437,0.005037371755076663,0.1397118388955538,0.14077324006149317,0.0718963291149024,0.19654993213655475,0.035783588932642434,False,1e-24,False
HNHN,real,,54,restart,9577.726585884428,3404.950566980118,649.7501136906718,14843.732604127123,14827.792253250167,0.645237073539135,0.2293864122851022,0.043819747578959393,0.17212681930842785,0.26566357416715003,0.1479678283616596,0.4341669134554132,0.43414944526433247,0.3964531012704735,0.6118927212873221,0.34082233658405153,False,1e-24,False
HNHN,real,,55,base,542.5088015154025,344.9212689171307,21.424963023539416,4732.868756108429,4764.033238422952,0.11462578606584413,0.07287784358523815,0.004497232061846774,0.009749736914530068,0.026911702623648903,0.00487911457731769,0.1384325003980353,0.13948822268054142,0.07042953704149406,0.19440306681068115,0.03497868482052375,False,1e-24,False
HNHN,real,,55,restart,9577.542205488795,3404.87476595367,649.7408898924797,14843.384134997754,14827.443352156552,0.6452397996563904,0.2293866907294847,0.043820156615063326,0.17212350570255713,0.26565765996334134,0.14796572782276166,0.4341567210213155,0.43413922963589247,0.3964547762790629,0.6118934640431342,0.34082551799536476,False,1e-24,False
HNHN,real,,56,base,526.804313548412,338.18481196787025,20.763166752488832,4690.502354196238,4721.51821867515,0.11231298350743175,0.07209991306481742,0.0043975615026462704,0.009467502551460082,0.02638610579187143,0.004728403473184173,0.13719331814900226,0.13824340673467025,0.06900848145663815,0.19232792199991933,0.03420346463437038,False,1e-24,False
HNHN,real,,56,restart,9577.382051816881,3404.8088715493373,649.7329187821923,14843.078837871622,14827.1376479636,0.6452422813641944,0.22938696942456982,0.04382052249116527,0.17212062748903748,0.26565251870133816,0.1479639125589333,0.4341477913326398,0.43413027878848925,0.3964563011151203,0.6118942074677003,0.3408283637157272,False,1e-24,False
HNHN,real,,57,base,511.7711239829629,331.72717498992637,20.132428068312144,4649.443561141854,4680.311013244232,0.11007147785600332,0.07134771518948338,0.004301515008584234,0.009197332477094521,0.025882263258334717,0.004584765124540888,0.13599238237859704,0.13703688285888524,0.06763123283986258,0.1903214195209816,0.03345643179334489,False,1e-24,False
HNHN,real,,57,restart,9577.242877957704,3404.75156399534,649.7260264418956,14842.811263568501,14826.869692335364,0.6452445367586752,0.2293872436653736,0.043820849574051794,0.1721181263157688,0.2656480474089296,0.14796234296378502,0.4341399650053673,0.4341224331979005,0.39645768689745237,0.6118949390103843,0.34083090770924157,False,1e-24,False
HNHN,real,,58,base,497.37135618208134,325.53288094597474,19.530828707747425,4609.6311696326575,4640.350485158603,0.10789829768999003,0.07062015787521599,0.004208912402244952,0.008938545988660139,0.02539896746217343,0.0044477626846014875,0.13482790282350046,0.13586686099692918,0.06629596546021596,0.18838064621847994,0.032736184909004526,False,1e-24,False
HNHN,real,,58,restart,9577.121881830173,3404.701703103111,649.7200636864992,14842.576665233435,14826.634738578208,0.6452465833821954,0.2293875099919899,0.043821141826334876,0.17211595182494432,0.26564415712547906,0.1479609850633423,0.43413310319791265,0.43411555388359735,0.39645894440461527,0.6118956494418191,0.34083318079641106,False,1e-24,False
HNHN,real,,59,base,483.5697861801333,319.5875231838156,18.956595991119176,4571.007744011102,4601.579259459967,0.10579062938882627,0.06991620690263252,0.004119584803879677,0.008690510056062199,0.024935094356902936,0.004316992460382413,0.13369819953818776,0.1347316612421854,0.0650009505444384,0.18650284329207298,0.03204141046418519,False,1e-24,False
HNHN,real,,59,restart,9577.016643734978,3404.658303253363,649.7149024535073,14842.370905671516,14826.428649151316,0.6452484380427013,0.2293877659365315,0.04382140283598895,0.17211406053075948,0.2656407709502687,0.14795980969388656,0.4341270849007434,0.43410951970070405,0.3964600839639176,0.6118963321788675,0.34083521088387364,False,1e-24,False
HNHN,real,,60,base,470.3336213752122,313.87767716485877,18.40808977562531,4533.519334630368,4563.943438737914,0.10374580687953766,0.06923488221771314,0.004033373774832708,0.008452635344638408,0.024489596523233795,0.004192080941570216,0.1326016945400675,0.13362970550869005,0.06374454997695617,0.18468539642857965,0.03137087615071936,False,1e-24,False
HNHN,real,,60,restart,9576.925072913995,3404.6205119572774,649.7104327348806,14842.190377233279,14826.247815690798,0.6452501166946506,0.22938800981691287,0.043821635845536326,0.17211241485900053,0.2656378223697848,0.1479587918032473,0.43412180459309363,0.4341042249983486,0.396461115378259,0.6118969827345335,0.34083702319140097,False,1e-24,False
HNHN,real,,61,base,457.6323005718147,308.39082061108616,17.88379075128578,4497.115217750428,4527.392344065824,0.10176130217111361,0.068575254508456,0.003950130537002509,0.008224372621611126,0.024061496938718976,0.004072682135153707,0.13153690420165634,0.13255950994588037,0.062525210483915,0.18292582667013985,0.03072342479854103,False,1e-24,False
HNHN,real,,61,restart,9576.845361778416,3404.5875914671283,649.706559967067,14842.031932500582,14826.08908980448,0.6452516343673512,0.22938824056912832,0.04382184378035699,0.172110982324452,0.26563525382292796,0.14795790985643262,0.43411717021558344,0.4340995775933731,0.3964620478820991,0.6118975982705613,0.3408386404720872,False,1e-24,False
HNHN,real,,62,base,445.4373130431125,303.11526116249934,17.38228992421944,4461.747658352836,4491.878278733095,0.09983471660689047,0.06793644203410684,0.0038697152606552818,0.008005209504351643,0.023649883333389642,0.003958475170446795,0.1305024323131076,0.13151967802080697,0.06134145825838071,0.18122178195612265,0.030097968836424214,False,1e-24,False
HNHN,real,,62,restart,9576.775946672511,3404.5589029904118,649.7032028087096,14841.89282427479,14825.949723145175,0.6452530051294488,0.22938845761115154,0.04382202927576647,0.17210973482575967,0.26563301546935664,0.14795714532954582,0.43411310141492265,0.43409549701571243,0.3964628901196378,0.6118981772343843,0.3408400832229559,False,1e-24,False
HNHN,real,,63,base,433.7220345656079,298.0400707460434,16.90227915179322,4427.371693555075,4457.356312469099,0.09796377277222446,0.06731760768581964,0.003791996413773438,0.007794667513664911,0.023253903069038736,0.003849162143654584,0.12949696374726008,0.1305088942003321,0.06019189398816953,0.1795710292823815,0.029493485231329077,False,1e-24,False
HNHN,real,,63,restart,9576.715474212782,3404.533893128763,649.7002912467344,14841.7706535837,14825.82731548355,0.6452542420806364,0.22938866073278816,0.043822194702632974,0.17210864804049225,0.26563106413141374,0.1479564822784843,0.4341095280231566,0.4340919129879972,0.39646365013972124,0.6118987190653051,0.3408413698842055,False,1e-24,False
HNHN,real,,64,base,422.4615786244411,293.15502595159677,16.442542611285383,4393.944934569162,4423.78408411624,0.09614630700096942,0.0667179562595819,0.0037168501668792876,0.007592299399714751,0.022872758487192328,0.0037444661750289715,0.12851925866709063,0.12952591817350745,0.059075188251602316,0.17797144742672918,0.028909010859224663,False,1e-24,False
HNHN,real,,64,restart,9576.662772387948,3404.5120822196895,649.6977649808874,14841.663324606217,14825.719769683494,0.6452553573635278,0.2293888500068114,0.0438223421914009,0.17210770090576263,0.2656293623845172,0.14795590697104938,0.43410638873924995,0.4340887641072578,0.39646433540313714,0.6118992239574476,0.34084251702606005,False,1e-24,False
HNHN,real,,65,base,411.63266120067874,288.4505537928957,16.00194909844349,4361.427385379868,4391.121620938627,0.09438026242980237,0.06613673192400805,0.0036441598479394852,0.007397686712038649,0.022505702677228297,0.0036441296550164693,0.1275681472222021,0.12856957956103335,0.05799007724987282,0.17642102019422742,0.028343638265430918,False,1e-24,False
HNHN,real,,65,restart,9576.616825727791,3404.493054307142,649.6955720446105,14841.569005569623,14825.625252637874,0.6452563621901403,0.2293890257175324,0.04382247365445935,0.1721068751719729,0.2656278777746361,0.14795540757287798,0.4341036299853644,0.4340859967011448,0.3964649527988868,0.6118996926692173,0.3408435395227477,False,1e-24,False
HNHN,real,,66,base,401.21347773722243,283.9176823029702,15.579445065050674,4329.781276519979,4359.331172953502,0.09266368255435156,0.06557321586719188,0.003573815442540789,0.007210437588431505,0.022152035621696854,0.003547912658700652,0.12664252468688697,0.1276387730645759,0.0569353588477386,0.17491783014012,0.02779651177707316,False,1e-24,False
HNHN,real,,66,restart,9576.576753952642,3404.476448507495,649.6936676267203,14841.486094807211,14825.542161355022,0.6452572668786402,0.2293891883036339,0.04382259080684707,0.17210615501911214,0.2656265821446411,0.14795497387910317,0.4341012049140721,0.4340835638349608,0.39646550866676267,0.6119001263708088,0.34084445071354014,False,1e-24,False
HNHN,real,,67,base,391.18359104148334,279.54799547628596,15.174048315635424,4298.970912497151,4328.3770608486075,0.09099470524545973,0.0650267241082365,0.0035057131350429184,0.007030184740380292,0.021811100680782975,0.0034555915103515996,0.125741346997489,0.1267324540138727,0.05590988889693286,0.1734600527320463,0.02726682393424919,False,1e-24,False
HNHN,real,,67,restart,9576.541793602764,3404.4619515719287,649.6920130638475,14841.413191277818,14825.46909349944,0.6452580808969609,0.22938933831265504,0.04382269518532265,0.1721055267266074,0.26562545105400076,0.1479545970849018,0.4340990725460767,0.43408142444910847,0.3964660088241482,0.6119005265227936,0.3408452625510769,False,1e-24,False
HNHN,real,,68,base,381.52382902400757,275.33359212457316,14.784842293020965,4268.962531582844,4298.225536203466,0.0893715571878178,0.06449660546036347,0.003439754886868992,0.006856583615266223,0.02148228138212542,0.0033669574820719868,0.1248636266513453,0.1258496342740903,0.0549125778190934,0.17204595091659516,0.026753812210046052,False,1e-24,False
HNHN,real,,68,restart,9576.511282221049,3404.4492914753423,649.690574978227,14841.349068945941,14825.404821787008,0.6452588129106775,0.22938947636497659,0.04382278816585566,0.1721049783890619,0.26562446327857137,0.14795426958914337,0.4340971970208529,0.4340795426093968,0.39646645859543383,0.6119008947800495,0.3408459857374088,False,1e-24,False
HNHN,real,,69,base,372.21619129564755,271.26704826134164,14.410970890718596,4239.724176810909,4268.844652868867,0.08779254870670053,0.06398223963366098,0.0033758480484956826,0.0066893107177689315,0.021164998485953528,0.0032818156124215466,0.12400842893360171,0.12498937847988761,0.05394238742715315,0.17067387005834886,0.026256755992667268,False,1e-24,False
HNHN,real,,69,restart,9576.484644725224,3404.4382318867165,649.6893245393182,14841.292654504447,14825.348271718134,0.6452594708331344,0.22938960312553658,0.04382287097961205,0.17210449967134225,0.26562360037915905,0.14795398482623848,0.43409554694505387,0.43407788685508003,0.3964668628428169,0.6119012329163115,0.3408466298483294,False,1e-24,False
HNHN,real,,70,base,363.2437637540528,267.3413826722475,14.051633737404227,4211.2255771545115,4240.204148479102,0.08625606895166453,0.06348303546657498,0.003313905002060889,0.006528062074851294,0.02085870729879286,0.003199983632549203,0.12317486844173599,0.12415080056616065,0.052998327966059,0.16934223322235104,0.025774973805697807,False,1e-24,False
HNHN,real,,70,restart,9576.461381659023,3404.428567396877,649.688236831009,14841.243007993286,14825.298502203128,0.6452600618763048,0.22938971928182159,0.043822944727518395,0.17210408159743332,0.2656228463291772,0.1479537371220319,0.4340940948256248,0.4340764296315796,0.396467225997551,0.6119015427654635,0.3408472034466532,False,1e-24,False
HNHN,real,,71,base,354.5906403852543,263.5500253655628,13.706081905027872,4183.4380379569475,4212.275335177723,0.08476058140887982,0.06299842927619215,0.0032538428318218166,0.0063725518304108405,0.02056289521188438,0.0031212909887992964,0.12236210588074958,0.12333306056855399,0.0520794553554132,0.16804953677345463,0.02530782074498463,False,1e-24,False
HNHN,real,,71,restart,9576.441059057037,3404.420119397516,649.6872903089243,14841.199305928829,14825.254688695439,0.6452605926012595,0.22938982552693724,0.04382301039349591,0.17210371636829375,0.26562218719311614,0.1479535215702152,0.43409281657634996,0.43407514679663467,0.3964675520909558,0.6119018261763782,0.3408477141851473,False,1e-24,False
HNHN,real,,72,base,346.24185158969516,259.88678862967714,13.373613997620884,4156.334339786609,4185.030998731699,0.08330461971629347,0.06252788331821736,0.0031955830199761593,0.006222510957185732,0.020277079443011436,0.0030455779520142385,0.12156934510475911,0.12253536166957978,0.05118486861818373,0.1667943462682817,0.024854686112787013,False,1e-24,False
HNHN,real,,72,restart,9576.423299696386,3404.4127325205845,649.6864663346862,14841.16082661119,14825.216108500594,0.64526106896741,0.22938992254677582,0.04382306885645762,0.17210339720463477,0.2656216108487349,0.147953333926264,0.4340916910881041,0.43407401719015626,0.3964678447846733,0.6119020849786868,0.34084816889984365,False,1e-24,False
HNHN,real,,73,base,338.183298415706,256.3458404533963,13.053572582693326,4129.888644970223,4158.4453052921635,0.08188678375809921,0.06207088434832232,0.0031390511656077223,0.006077686074826815,0.020000804962678604,0.002972694804855347,0.1207958303831707,0.12175694746862468,0.05031370748102875,0.16557529261759285,0.024414991231784745,False,1e-24,False
HNHN,real,,73,restart,9576.407775541058,3404.406271560162,649.68574877595,14841.126937321867,14825.182127973916,0.6452614963799477,0.22939001101047785,0.043823120901162194,0.17210311821113303,0.26562110674689715,0.1479531705163535,0.43409069985439375,0.4340730222593834,0.3964681073998159,0.6119023209573344,0.3408485736944579,False,1e-24,False
HNHN,real,,74,base,330.4016921484339,252.92168009029226,12.745340931347329,4104.076411132987,4132.493715134023,0.08050573601704016,0.06162694227724422,0.003084176724739188,0.005937838364215603,0.01973364258757531,0.0029025010994276814,0.1200408438718005,0.12099709945629401,0.049465150133041466,0.16439106849873664,0.023988187423253968,False,1e-24,False
HNHN,real,,74,restart,9576.394201212643,3404.4006188100066,649.6851236626976,14841.097083163244,14825.152191358824,0.6452618797350742,0.22939009156352677,0.043823167228015464,0.17210287425908935,0.26562066570383924,0.14795302815908648,0.4340898266449222,0.4340721457320748,0.39646834294475747,0.611902535834161,0.3408489340166243,False,1e-24,False
HNHN,real,,75,base,322.8844987597031,249.60911557092314,12.448340036950498,4078.874311140479,4107.152902772506,0.0791601981649252,0.06119558891265047,0.0030308927696719857,0.005802742569140859,0.019475187226017626,0.002834864978341458,0.11930370327124161,0.12025513467546912,0.04863841113086069,0.16324042499954952,0.023573754135254758,False,1e-24,False
HNHN,real,,75,restart,9576.382328344984,3404.395671759438,649.6845788916951,14841.070777324752,14825.125811050906,0.645262223462775,0.22939016482293964,0.04382320846190789,0.17210266088497306,0.26562027972139696,0.1479529040981891,0.43408905722088253,0.4340713733314468,0.3964685541414146,0.6119027312550712,0.3408492547266315,False,1e-24,False
HNHN,real,,76,base,315.61988777517934,246.403242986747,12.162025885484667,4054.2601588961747,4082.4006829133546,0.07784894787341692,0.0607763767813641,0.002979135765969299,0.005672186077361064,0.01922505626162243,0.002769662553087587,0.11858375965650282,0.11953040355317031,0.04783273943912282,0.16212216847661887,0.023171197208043955,False,1e-24,False
HNHN,real,,76,restart,9576.371940700423,3404.391341098332,649.6841039722004,14841.047592589457,14825.102559101828,0.6452625315669879,0.2293902313741139,0.04382324516017117,0.17210247420265318,0.2656199418313497,0.1479527959446008,0.4340883790865324,0.434070692527412,0.3964687434499273,0.6119029087816245,0.3408495401593082,False,1e-24,False
HNHN,real,,77,base,308.5966851603321,243.29942738731438,11.88588695356772,4030.2128405010344,4058.2159417456455,0.07657081582866664,0.06036887802607157,0.0029288453655955515,0.00554596807389102,0.018982888062854027,0.0027067773342612754,0.11788039546348342,0.11882228788884942,0.04704741659616363,0.16103515761222975,0.022780047265150212,False,1e-24,False
HNHN,real,,77,restart,9576.362849942747,3404.38754898889,649.6836898070388,14841.0271539197,14825.08205980187,0.6452628076631145,0.22939029176897294,0.04382327781973313,0.17210231082743152,0.26561964596057913,0.14795270162661878,0.4340877812723303,0.4340700923194004,0.39646891309170723,0.6119030698860869,0.34084979417967187,False,1e-24,False
HNHN,real,,78,base,301.80432986677044,240.29328514811732,11.61944191268981,4006.712250328579,4034.5785731329224,0.0753246829347479,0.059972683371113444,0.0028799642148664623,0.0054238987600711205,0.01874834060731542,0.0026460997087469113,0.11719302261922195,0.11813019898610176,0.04628175499572357,0.15997830065559143,0.02239985821964314,False,1e-24,False
HNHN,real,,78,restart,9576.35489197669,3404.3842275677875,649.6833285040104,14841.009131981913,14825.063983201395,0.6452630550128795,0.22939034652511908,0.043823306883544036,0.17210216781025797,0.2656193868142027,0.14795261934694948,0.43408725414554133,0.43406956304667155,0.3964690650708564,0.611903215949173,0.3408500202329125,False,1e-24,False
HNHN,real,,79,base,295.2328337161723,237.38066768053525,11.362237520453505,3983.7392316109053,4011.469419300095,0.07410947769209004,0.05958740115239561,0.002832437775989812,0.005305798632618423,0.018521090210753627,0.0025875264594894206,0.11652108080408627,0.11745357591601181,0.045535096276178334,0.15895055283510648,0.02203020588610855,False,1e-24,False
HNHN,real,,79,restart,9576.347923776486,3404.381317647395,649.6830132133396,14840.99323748925,14825.048039449981,0.6452632765565885,0.2293903961257607,0.043823332746343216,0.17210204258073436,0.26561915977423933,0.14795254754569098,0.4340867892447644,0.4340690962225676,0.3964692011939871,0.6119033482598503,0.3408502213892435,False,1e-24,False
HNHN,real,,80,base,288.87274433076703,234.5576463678524,11.113846681597215,3961.2755211686804,3988.870215650917,0.0729241737382463,0.05921265640685648,0.0027862141610901273,0.005191497817429094,0.018300830351726506,0.0025309603239304303,0.11586403583517156,0.11679188390143994,0.04480680980951268,0.15795091392950705,0.021670686689721476,False,1e-24,False
HNHN,real,,80,restart,9576.341820636819,3404.378767589081,649.6827379874867,14840.97921625671,14825.033973848049,0.6452634749428768,0.22939044102022238,0.043823355759828465,0.17210193289770997,0.2656189608117015,0.14795248486840798,0.4340863791352982,0.4340686843896277,0.3964693230885007,0.6119034680167009,0.3408504003841088,False,1e-24,False
HNHN,real,,81,base,282.7151108476446,231.8204986225133,10.873866663345057,3939.30369795192,3966.763539384423,0.07176778753936407,0.058848090017288815,0.002741243977711992,0.0050808354534105805,0.018087270583751584,0.0024763095875892462,0.11522137816116061,0.11614461281254045,0.044096291282890186,0.1569784259866502,0.021320916464597935,False,1e-24,False
HNHN,real,,81,restart,9576.336473788817,3404.3765323253774,649.6824976601839,14840.966844877308,14825.02156251955,0.6452636525560532,0.22939048162488648,0.04382337623728682,0.172101836806437,0.26561878641030184,0.1479524301385844,0.43408601728267304,0.43406832099288656,0.3964694322193884,0.6119035763304331,0.3408505596542002,False,1e-24,False
HNHN,real,,82,base,276.7514521794406,229.1656949697887,10.641917451191809,3917.807135088605,3945.132761608813,0.07063937622166325,0.058493357908646994,0.0026974801848878888,0.004973659122076175,0.017880135527538317,0.0024234877096251687,0.11459262145978545,0.115511275764683,0.04340296136624822,0.15603217117965207,0.02098052933431576,False,1e-24,False
HNHN,real,,82,restart,9576.331788331667,3404.374572510944,649.6822877420022,14840.955926939765,14825.010608626273,0.6452638115411697,0.22939051832444413,0.04382339445773952,0.17210175260139846,0.26561863350020903,0.14795238233384098,0.4340856979420213,0.43406800026903175,0.3964695299046348,0.6119036742272177,0.34085070136969625,False,1e-24,False
HNHN,real,,83,base,270.9737276065506,226.5898870719751,10.417640232623258,3896.76995516546,3923.962002678311,0.06953803553308417,0.05814813029227277,0.0026548779589386107,0.004869824319040829,0.017679163936603286,0.0023724129775345784,0.11397730132982714,0.11489140781074078,0.042726264459873,0.15511126979084525,0.020649176668133665,False,1e-24,False
HNHN,real,,83,restart,9576.327681437275,3404.372853785085,649.682104330141,14840.946289718731,14825.000939054797,0.6452639538269476,0.2293905514733593,0.04382341066964972,0.17210167879404317,0.2656184994005075,0.14795234056539147,0.43408541606126916,0.43406771714939935,0.39646961732930425,0.6119037626525944,0.34085082746309975,False,1e-24,False
HNHN,real,,84,base,265.37430950626174,224.08989661527485,10.200695997510547,3876.1769884896553,3903.236090502906,0.06846289792604757,0.057812090954750504,0.002613394568248178,0.004769193963920731,0.01748410783019414,0.002323008188418233,0.11337497407030493,0.1142845647204232,0.04206566751638952,0.15421487831478642,0.020326526107012424,False,1e-24,False
HNHN,real,,84,restart,9576.324080791253,3404.371346130868,649.6819440304685,14840.93778127733,14824.99240151593,0.6452640811466995,0.22939058139746885,0.043823425094237166,0.1721016140847678,0.26561838176919395,0.14795230406028909,0.43408516719638857,0.4340674671750472,0.39646969555839645,0.6119038424757393,0.3408509396550194,False,1e-24,False
HNHN,real,,85,base,259.9459580423254,221.66270498870318,9.990764245021065,3856.0137341023424,3882.940521602851,0.06741313075297936,0.05748493658835605,0.0025729892563218933,0.004671637945465091,0.017294731688009643,0.0022752003545056182,0.1127852155401545,0.11369032183997338,0.04142065893203764,0.15334218767221547,0.020012260654060886,False,1e-24,False
HNHN,real,,85,restart,9576.320923238542,3404.3700233179698,649.6818038901106,14840.930267929785,14824.984862004405,0.6452641950573882,0.22939060839565942,0.04382343792843986,0.1721015573385765,0.2656182785597066,0.1479522721460747,0.4340849474371811,0.4340672464223761,0.3964697655485561,0.6119039144939383,0.3408510394772044,False,1e-24,False
HNHN,real,,86,base,254.68179765477274,219.30544369083034,9.787541787873154,3836.266323334806,3863.061424699571,0.0663879345669051,0.05716637616029525,0.0025336231324963538,0.004577032699041137,0.017110811701707404,0.0022289204308474403,0.11220762009227547,0.11310827302613037,0.040790747502506074,0.1524924215274871,0.019706077824497535,False,1e-24,False
HNHN,real,,86,restart,9576.318153606351,3404.3688624181373,649.6816813391378,14840.923632018628,14824.978202573295,0.6452642969569544,0.2293906327415744,0.043823449347559044,0.17210150756392745,0.2656181879831203,0.14795224423749734,0.434084753342263,0.4340670514379662,0.3964698281587202,0.6119039794371406,0.34085112829311726,False,1e-24,False
HNHN,real,,87,base,249.57529520439633,217.01538540598492,9.59074164564202,3816.921485716014,3843.585526652551,0.06538654152001208,0.05685613031814175,0.0024952590697246103,0.004485260813856045,0.016932135078644793,0.002184103063287779,0.11164179957635538,0.1125380296487803,0.040175461438960704,0.15166483470256464,0.01940768885064135,False,1e-24,False
HNHN,real,,87,restart,9576.315723680782,3404.367843383609,649.6815741400934,14840.917769966733,14824.972319383478,0.6452643881000526,0.22939065468531603,0.04382345950762028,0.17210146389434097,0.26561810847525386,0.14795221982502021,0.43408458188208876,0.43406687918146625,0.3964698841597862,0.6119040379724987,0.3408512073162975,False,1e-24,False
HNHN,real,,88,base,244.6202396394766,214.78993569677368,9.400092019611288,3797.966517056646,3824.5001205679523,0.06440821385362101,0.05655393082907743,0.002457861608908863,0.004396210667536025,0.01675849939370659,0.0021406863550066627,0.11108738240535394,0.11197921965719462,0.039574347440237696,0.1508587116811828,0.019116817937828205,False,1e-24,False
HNHN,real,,88,restart,9576.313591316684,3404.3669486801923,649.6814803442924,14840.912590569684,14824.967120993591,0.6452644696123156,0.22939067445511532,0.043823468547480315,0.1721014255724024,0.26561803866804146,0.1479521984648685,0.43408443038900474,0.4340667269755244,0.39646993424337684,0.6119040907088232,0.34085127762674855,False,1e-24,False
HNHN,real,,89,base,239.81072306417343,212.62662526449324,9.215335342369794,3779.3892495493587,3805.79303591934,0.0634522424735075,0.05625952005071881,0.0024213968692976253,0.004309776085895516,0.016589711985441097,0.0020986116500844028,0.11054401268096051,0.11143148670518165,0.03898696981747803,0.150073365197267,0.018833201567495697,False,1e-24,False
HNHN,real,,89,restart,9576.311719663152,3404.366162967794,649.6813982539636,14840.908013498309,14824.962526860332,0.6452645425032735,0.22939069225895123,0.043823476590706414,0.172101391935843,0.26561797736460696,0.14795217977040825,0.43408429651344904,0.4340665924618779,0.3964699790297778,0.6119041382009022,0.34085134018555513,False,1e-24,False
HNHN,real,,90,base,235.14112309868247,210.52310273326324,9.036227395985348,3761.1780237384437,3787.4526105341956,0.06251794560496837,0.05597265043147642,0.002385832464504644,0.004225856025921442,0.016425589393058406,0.002057823332682984,0.11001134937372967,0.1108944893308674,0.0384129096677598,0.149308134902132,0.018556587843992986,False,1e-24,False
HNHN,real,,90,restart,9576.310076489368,3404.3654728221504,649.6813263894378,14840.903967985103,14824.958466022812,0.6452646076780396,0.22939070828610375,0.043823483747252076,0.17210136240542423,0.2656179235175526,0.14795216340467382,0.4340841781855305,0.4340664735628316,0.3964700190751181,0.6119041809536436,0.3408513958479163,False,1e-24,False
HNHN,real,,91,base,230.60608643089097,208.47712791755185,8.862536493154689,3743.321662224096,3769.4676643119233,0.061604667522447504,0.05569308403854481,0.00235113742374348,0.004144354280170578,0.016265956831144318,0.0020182686405690493,0.10948906555395291,0.11036790018717361,0.037851764093541976,0.1485623861053864,0.018286735881957113,False,1e-24,False
HNHN,real,,91,restart,9576.308633597568,3404.3648664923817,649.6812634607021,14840.90039167156,14824.954875947991,0.6452646659478705,0.22939072270863353,0.04382349011495105,0.17210133647438788,0.2656178762100424,0.14795214907389007,0.43408407358131446,0.43406636844745333,0.396470054877858,0.6119042194260227,0.34085144537476575,False,1e-24,False
HNHN,real,,92,base,226.2005134679701,206.4865655362425,8.694042716239135,3725.8094449775417,3751.8274745500144,0.060711777348917424,0.055420592111759794,0.002317282117904923,0.004065179200934512,0.016110647699214588,0.001979897491819212,0.10897684766964642,0.10985140531938158,0.037303145464968296,0.1478355085848379,0.01802341523135608,False,1e-24,False
HNHN,real,,92,restart,9576.307366311672,3404.364333689657,649.6812083427226,14840.897229596436,14824.951701517204,0.6452647180396975,0.22939073568277996,0.043823495780848536,0.17210131369926598,0.26561783463931377,0.14795213652185268,0.4340839810932299,0.43406627550189936,0.3964700868846463,0.6119042540348109,0.34085148944312593,False,1e-24,False
HNHN,real,,93,base,221.91954400421474,204.54937933953263,8.530537209554161,3708.631086153244,3734.5217527649565,0.05983866792056675,0.055154954641687015,0.0022842381901346117,0.00398824344266817,0.015959503123479487,0.0019426623236529063,0.10847439486832736,0.10934470348646137,0.036766680722297065,0.14712691546103643,0.017766405337533694,False,1e-24,False
HNHN,real,,93,restart,9576.306253031735,3404.363865402942,649.6811600540311,14840.894433307432,14824.948894136216,0.6452647646047278,0.22939074735027595,0.04382350082238751,0.17210129369187355,0.26561779810230096,0.1479521255250515,0.43408389930408703,0.4340661933033578,0.39647011549560407,0.6119042851580836,0.34085152865533475,False,1e-24,False
HNHN,real,,94,base,217.75854382856477,202.66362661780295,8.371821520694699,3691.7767122935215,3717.540622903541,0.0589847547126657,0.05489595997042245,0.0022519784905957498,0.003913463721305901,0.015812371528410703,0.001906517942432159,0.10798141835951684,0.10884750552311123,0.03624201071592047,0.1464360421324017,0.017515495033805388,False,1e-24,False
HNHN,real,,94,restart,9576.305274845528,3404.3634537382827,649.681117738137,14840.891960080979,14824.946410953573,0.6452648062261936,0.22939075783957846,0.043823505308465266,0.17210127611232803,0.2656177659830961,0.14795211588843762,0.4340838269642569,0.43406612059716193,0.39647014106908685,0.6119043131385024,0.34085156354726337,False,1e-24,False
HNHN,real,,95,base,213.71309220169852,200.82745306418124,8.217706987050661,3675.236841829174,3700.87460084847,0.05814947482277986,0.05464340441369459,0.002220477015126817,0.003840760589205133,0.01566910823590453,0.0018714213839525486,0.10749764081515031,0.10835953373969308,0.035728789581620575,0.14576234526717338,0.01727048206434862,False,1e-24,False
HNHN,real,,95,restart,9576.30441518987,3404.3630917785913,649.681080647382,14840.88977223682,14824.944214173835,0.6452648434263337,0.22939076726701443,0.043823509300374625,0.172101260662963,0.2656177377420091,0.14795210744174658,0.43408376297162304,0.43406605627668265,0.3964701639259739,0.6119043382863714,0.3408515945956365,False,1e-24,False
HNHN,real,,96,base,209.7789701384447,199.03908796486587,8.068014164003753,3659.002365787281,3684.514575129673,0.057332286007775804,0.05439709190295647,0.002189708847527033,0.003770058224562881,0.01552957509001769,0.0018373317832262575,0.10702279580529647,0.10788052135747084,0.035226684148876475,0.14510530184868467,0.0170311726353093,False,1e-24,False
HNHN,real,,96,restart,9576.303659555218,3404.362773461262,649.6810481289148,14840.88783653568,14824.942270454014,0.6452648766726764,0.2293907757378446,0.043823512852641834,0.17210124708301916,0.2656177129060187,0.14795210003630427,0.43408370635396415,0.4340659993656559,0.39647018435352865,0.6119043608824758,0.3408516222245499,False,1e-24,False
HNHN,real,,97,base,205.95214943657447,197.2968396934069,7.922572291600512,3643.064529624245,3668.4517887596035,0.0565326657713134,0.05415683364624799,0.0021596501052230906,0.003701284234245873,0.015393640105418827,0.0018042102530273318,0.10655662726678888,0.10741021197675797,0.034735373380192135,0.14446440827070595,0.01679738099220712,False,1e-24,False
HNHN,real,,97,restart,9576.302995227923,3404.3624934713353,649.6810196124992,14840.886123649783,14824.940550373001,0.6452649063836927,0.22939078334724858,0.043823516013772684,0.1721012351440122,0.26561769106043737,0.14795209354225064,0.434083656253467,0.43406594900264805,0.3964702026088724,0.611904381180709,0.34085164681127306,False,1e-24,False
HNHN,real,,98,base,202.2287823978661,195.59909148707527,7.781218796771805,3627.414916108392,3652.6778221170707,0.055750110498752566,0.05392244780669323,0.0021302778880897457,0.003634369469061904,0.015261177137849241,0.0017720197705319454,0.10609888900255614,0.10694835907576573,0.034254547839556976,0.14383917947983008,0.01656892902187109,False,1e-24,False
HNHN,real,,98,restart,9576.302411065237,3404.3622471481863,649.6809945999165,14840.884607697328,14824.939027965027,0.6452649329338779,0.2293907901812329,0.04382351882691663,0.17210122464568944,0.26561767184163027,0.14795208784612615,0.4340836119131103,0.43406590442739595,0.3964702189221062,0.6119043994104952,0.3408516686914149,False,1e-24,False
HNHN,real,,99,base,198.6051921917268,193.94429748521785,7.643798828417749,3612.0454291822807,3637.18457680988,0.05498413463661458,0.05369375919757584,0.0021015702302141647,0.0035692478505789586,0.015132065575024497,0.0017407250714431232,0.1056493442096078,0.10649472553811035,0.03378390918828222,0.14322914816207993,0.016345645877271026,False,1e-24,False
HNHN,real,,99,restart,9576.301897298916,3404.3620304040196,649.6809726557447,14840.883265833043,14824.937680309302,0.645264956658318,0.2293907963174675,0.043823521330457964,0.17210121541250012,0.2656176549306564,0.14795208284877195,0.4340835726646887,0.43406586496879174,0.3964702334991171,0.6119044157790205,0.3408516881635218,False,1e-24,False
HNHN,real,,100,base,195.07786381565765,192.3309790110969,7.510164822902881,3596.9482787400602,3621.964260451803,0.05423426991393648,0.0534705989930071,0.0020735060544098422,0.0035058562086705382,0.015006190046533347,0.001710292551040797,0.10520776503378455,0.10604908320709115,0.033323169706577546,0.14263386397111014,0.016127367623734772,False,1e-24,False
HNHN,real,,100,restart,9576.301445363672,3404.3618396526376,649.6809533993365,14840.882077888016,14824.936487169005,0.645264977856792,0.22939080182605343,0.04382352355854178,0.17210120729051256,0.2656176400477108,0.14795207846350317,0.4340835379182783,0.4340658300343127,0.39647024652409835,0.6119044304732808,0.3408517054931682,False,1e-24,False
HNHN,real,,101,base,191.64343561048952,190.75772108018015,7.380176097711076,3582.115966260092,3607.0093722942024,0.053500064603038196,0.053252804453268646,0.002046065129300451,0.003444134129031098,0.014883440151404958,0.0016806901716446946,0.10477393214952448,0.1056112124649927,0.03287205183934418,0.14205289279555314,0.01591393690515388,False,1e-24,False
HNHN,real,,101,restart,9576.301047747309,3404.3616717471905,649.6809364978388,14840.881026052726,14824.935430673586,0.6452649967974541,0.2293908067702271,0.04382352554154227,0.1721012001447208,0.2656176269472677,0.14795207461451898,0.4340835071529652,0.4340657991007191,0.39647025816181186,0.6119044436619603,0.3408517209165994,False,1e-24,False
HNHN,real,,102,base,188.29869129164157,189.22316911918116,7.253698471195575,3567.5412712374628,3592.312689657066,0.05278108281739007,0.05304021866397242,0.0020192280288072687,0.003384023809965223,0.014763710202119447,0.001651887376019875,0.10434763436302504,0.10518090183579298,0.03243028776476347,0.14148581606322339,0.015705202628883898,False,1e-24,False
HNHN,real,,102,restart,9576.300697859782,3404.3615239257333,649.6809216601127,14840.880094598104,14824.934495039115,0.645265013720139,0.22939081120700375,0.043823527306479246,0.17210119385669131,0.26561761541383255,0.14795207123551826,0.4340834799086871,0.43406577170586624,0.3964702685596194,0.6119044554971484,0.34085173464397067,False,1e-24,False
HNHN,real,,103,base,185.04055246068754,187.7260258813706,7.130603906528552,3553.217238365047,3577.8672551082027,0.05207690384442434,0.05283269028823849,0.0019929760938861064,0.003325469927808687,0.014646898983932014,0.0016238550062932348,0.10392866823729992,0.10475794760977754,0.03199761898435621,0.1409322300800469,0.015501019668140893,False,1e-24,False
HNHN,real,,103,restart,9576.300389918719,3404.3613937636273,649.6809086314372,14840.87926962992,14824.9336663221,0.6452650288393269,0.2293908151877662,0.04382352887738862,0.17210118832250582,0.26561760525822836,0.14795206826849328,0.43408345577904944,0.43406574744149656,0.39647027784930405,0.6119044661159098,0.3408517468622292,False,1e-24,False
HNHN,real,,104,base,181.86607156428403,186.26504854479356,7.010770178108228,3539.1371654155537,3563.6663643430998,0.051387121511276584,0.05263007333114283,0.0019672913963708107,0.003268419510389317,0.01453290952846791,0.0015965652279842806,0.10351683773773886,0.1043421534886684,0.0315737959332751,0.1403917454017211,0.015301248580782531,False,1e-24,False
HNHN,real,,104,restart,9576.300118849324,3404.361279131886,649.680897188897,14840.878538872548,14824.93293220263,0.645265042346801,0.2293908187588006,0.04382353027565231,0.17210118345096218,0.2656175963143457,0.14795206566267946,0.4340834344050001,0.43406572594689,0.3964702861487032,0.6119044756417136,0.34085175773767973,False,1e-24,False
HNHN,real,,105,base,178.77242527004984,184.8390459810501,6.894080558821637,3525.2945917803677,3549.7035547213613,0.050711343581577105,0.0524322269157374,0.001942156704790746,0.0032128218179811176,0.014421648900625198,0.0015699914587853643,0.10311195389687816,0.10393333024997753,0.03115857760967508,0.13986398623624402,0.015105755343442422,False,1e-24,False
HNHN,real,,105,restart,9576.29988019687,3404.361178160737,649.6808871373603,14840.87789147845,14824.932281793426,0.6452650544140335,0.22939082196178584,0.043823531520291434,0.17210117916200202,0.2656175884363,0.14795206337363936,0.43408341546925766,0.4340657069032731,0.3964702935631744,0.6119044841857391,0.34085176741826523,False,1e-24,False
HNHN,real,,106,base,175.75690823130077,183.44687618322646,6.780423526688572,3511.6832876241633,3535.972594418734,0.050049191181534336,0.0522390150699888,0.0019175554520391245,0.0031586282312467437,0.01431302799789491,0.0015441083017556027,0.10271383449718223,0.1035312954293841,0.030751731222081823,0.13934858987556892,0.014914411100060051,False,1e-24,False
HNHN,real,,106,restart,9576.299670050097,3404.3610892077177,649.6808783059737,14840.877317860391,14824.931705471547,0.6452650651943205,0.22939082483423726,0.043823532628227295,0.17210117538533382,0.26561758149594167,0.1479520613624645,0.43408339869140344,0.43406569002889156,0.3964703001869076,0.6119044918480592,0.3408517760355967,False,1e-24,False
HNHN,real,,107,base,172.8169272146682,182.08744384242482,6.669692489528682,3498.297243617179,3522.467472156688,0.04940029825366654,0.05205030652402468,0.0018934717047777462,0.003105792145701565,0.014206961361275252,0.001518891482619218,0.10232230377072096,0.10313587302002244,0.030353031853747926,0.13884520615475532,0.01472709192391619,False,1e-24,False
HNHN,real,,107,restart,9576.29948497423,3404.3610108297535,649.680870545104,14840.87680954354,14824.931194730125,0.6452650748246974,0.22939082740991107,0.043823533614513396,0.17210117205922923,0.2656175753806781,0.14795205959507882,0.43408338382355555,0.43406567507466903,0.3964703061041014,0.6119044987187192,0.34085178370675756,False,1e-24,False
HNHN,real,,108,base,169.94999556657444,180.75969806312014,6.5617855263998415,3485.1306612096982,3509.1823874741153,0.04876431103664399,0.05186597451711551,0.0018698901344717416,0.0030542688722675197,0.014103366997017485,0.0014943177908832016,0.10193719211470643,0.10274689318764285,0.02996226214305232,0.13835349693708895,0.014543678592346185,False,1e-24,False
HNHN,real,,108,restart,9576.299321952294,3404.360941758697,649.6808637236719,14840.876359035155,14824.93074204764,0.6452650834276524,0.22939082971917057,0.04382353449254206,0.1721011691294685,0.265617569991565,0.14795205804163164,0.43408337064655755,0.43406566182037964,0.3964703113900162,0.6119045048787138,0.340851790535911,False,1e-24,False
HNHN,real,,109,base,167.15372799631888,179.46263020829545,6.4566051446529595,3472.1779434157284,3496.1117415082117,0.04814088756980084,0.051685896613855704,0.001846795989955287,0.0030040155435169633,0.014002166208497474,0.0014703650245113196,0.10155833582192308,0.10236419200068093,0.029579211979057416,0.13787313562374137,0.0143640563733609,False,1e-24,False
HNHN,real,,109,restart,9576.299178333791,3404.3608808799077,649.6808577268221,14840.875959709663,14824.93034077271,0.6452650911126633,0.22939083178931902,0.043823535274227755,0.17210116654841798,0.26561756524163505,0.14795205667596686,0.4340833589666168,0.4340656500712746,0.39647031611191846,0.6119045104008751,0.34085179661572573,False,1e-24,False
HNHN,real,,110,base,164.42583565517117,178.19527186596744,6.3540580515371845,3459.4336860751796,3483.250128253841,0.047529697220968184,0.05150995452904165,0.0018241750714360799,0.0029549910252362277,0.013903283437558445,0.0014470119379116828,0.1011855768251537,0.10198761117433672,0.029203678211395516,0.13740380668662877,0.014188114823458052,False,1e-24,False
HNHN,real,,110,restart,9576.299051789723,3404.360827213476,649.6808524538935,14840.875605707351,14824.929985022442,0.6452650979775727,0.22939083364490043,0.043823535970170725,0.17210116427422192,0.26561756105443296,0.14795205547516094,0.4340833486123417,0.4340656396551062,0.3964703203299257,0.6119045153506747,0.3408518020286485,False,1e-24,False
HNHN,real,,111,base,161.76412149236614,176.95669292932155,6.2540549393705565,3446.8926695659015,3470.5923262727943,0.046930420236362784,0.051338033960775256,0.0018020137058526353,0.0029071558329655436,0.013806646114717857,0.0014242381930135819,0.10081876245476327,0.10161699782782636,0.028835464373706883,0.13694520522321238,0.01401574759595559,False,1e-24,False
HNHN,real,,111,restart,9576.2989402732,3404.3607798977814,649.6808478166438,14840.875291845014,14824.929669592846,0.6452651041098182,0.22939083530797275,0.04382353658980202,0.1721011622700945,0.2656175573627328,0.14795205441911838,0.4340833394321277,0.43406563041950447,0.39647032409776206,0.6119045197869525,0.3408518068480324,False,1e-24,False
HNHN,real,,112,base,159.16647587028027,175.74599978323616,6.1565102833657,3434.549850938895,3458.1332908262634,0.04634274731134541,0.051170024431350984,0.0017802987235042938,0.002860472053196859,0.013712184517675061,0.0014020243132262591,0.10045774520866053,0.1012522042540255,0.028474380419900722,0.13649703653206147,0.013846852259223965,False,1e-24,False
HNHN,real,,112,restart,9576.298841984932,3404.3607381750667,649.6808437376995,14840.875013537121,14824.92938987974,0.6452651095875344,0.2293908367983542,0.043823537141512804,0.17210116050369964,0.2656175541074123,0.14795205349021892,0.4340833312918518,0.4340656222296615,0.39647032746343597,0.6119045237625741,0.3408518111391424,False,1e-24,False
HNHN,real,,113,base,156.6308724223412,174.56233359048844,6.06134215126817,3422.400356451797,3445.8681464056613,0.04576637918093533,0.05100581913551091,0.001759017435879163,0.002814903268933957,0.013619831637596372,0.001380351640087781,0.10010238253390848,0.1008930877007757,0.02812024247255495,0.13605901570807083,0.013681330124235742,False,1e-24,False
HNHN,real,,113,restart,9576.298755342985,3404.3607013787973,649.6808401492033,14840.874766726285,14824.929141809,0.6452651144805394,0.22939083813384656,0.04382353763276919,0.17210115894660752,0.26561755123646646,0.14795205267300937,0.4340833240728388,0.43406561496628926,0.39647033046984564,0.6119045273250259,0.3408518149600487,False,1e-24,False
HNHN,real,,114,base,154.15536413839035,173.4048686714103,5.9684720240277125,3410.439474477403,3433.7921796385513,0.04520102622903527,0.050845314795678026,0.0017381576146102025,0.0027704144893402577,0.01352952305269139,0.0013592022924264373,0.09975253661930454,0.10053951016317415,0.027772872582812243,0.13563086725629286,0.013519086080889711,False,1e-24,False
HNHN,real,,114,restart,9576.29867895627,3404.360668922574,649.6808369916287,14840.874547821877,14824.928921774985,0.645265118851216,0.22939083933043658,0.04382353807021441,0.17210115757381803,0.265617548704143,0.14795205195393377,0.43408331767006575,0.43406560852381665,0.3964703331553211,0.611904530516953,0.3408518183624212,False,1e-24,False
HNHN,real,,115,base,151.73807966329878,172.2728109711976,5.877824626780042,3398.6626487655076,3421.9008325479945,0.04464640811538457,0.050688411523801005,0.0017177074714942373,0.0027269720832191254,0.01344119680862827,0.001338559127870163,0.09940807419829499,0.10019133818621115,0.027432098501168803,0.13521232472340566,0.01336002844260226,False,1e-24,False
HNHN,real,,115,restart,9576.298611601302,3404.3606402904047,649.6808342127484,14840.874353645859,14824.92872658619,0.6452651227553017,0.22939084040247792,0.04382353845975984,0.17210115636334325,0.2656175464701827,0.14795205132109837,0.43408331199057765,0.43406560280879813,0.396470335554109,0.6119045333766443,0.34085182139223746,False,1e-24,False
HNHN,real,,116,base,149.3772197956294,171.1653966094809,5.789327769469563,3387.0654720377815,3410.189696145034,0.04410225341931718,0.05053501268946584,0.001697655639512948,0.002684543716089315,0.013354793305367244,0.001318405706551491,0.0990688663616304,0.09984844267716153,0.027097753458588537,0.13480313034589833,0.013204068798691957,False,1e-24,False
HNHN,real,,116,restart,9576.29855220181,3404.360615028173,649.6808317667271,14840.874181384956,14824.928553417265,0.6452651262425935,0.2293908413628554,0.043823538806665646,0.1721011552958409,0.26561754449915415,0.14795205076406504,0.4340833069520886,0.4340655977385091,0.3964703376968062,0.6119045359384698,0.34085182409041015,False,1e-24,False
HNHN,real,,117,base,147.07105417405538,170.08189050713594,5.702912196491879,3375.643679896712,3398.6545043353403,0.04356829929945552,0.050385024793949844,0.0016779911547988228,0.002643098290634698,0.013270255190020631,0.0012987262568665869,0.09873478837920711,0.09951069872717475,0.026769675957408715,0.13440303471410747,0.01305112187411388,False,1e-24,False
HNHN,real,,117,restart,9576.298499810871,3404.3605927361496,649.6808296133329,14840.874028548442,14824.92839976666,0.6452651293575808,0.22939084222313313,0.04382353911561277,0.1721011543542933,0.2656175427598694,0.1479520502736718,0.4340833024817468,0.43406559323970556,0.39647033961074823,0.6119045382332775,0.3408518264933469,False,1e-24,False
HNHN,real,,118,base,144.81791814009196,169.0215850856574,5.618511444779608,3364.3931450308523,3387.291128122297,0.04304429116852333,0.05023835734991293,0.0016587034394927136,0.0026026058903226134,0.013187527255374394,0.0012795056431570801,0.0984057195305757,0.09917798544154442,0.02644770957153518,0.13401179645129155,0.012901105396128678,False,1e-24,False
HNHN,real,,118,restart,9576.298453595216,3404.3605730624176,649.6808277172432,14840.873892930831,14824.92826341917,0.6452651321400085,0.22939084299368787,0.04382353939076688,0.17210115352372526,0.2656175412248709,0.1479520498418746,0.43408329851504374,0.4340655892475275,0.39647034132035563,0.6119045402887472,0.34085182863344743,False,1e-24,False
HNHN,real,,119,base,142.61620976647927,167.98379903473497,5.536061709796026,3353.3098716997692,3376.0955700898758,0.04252998238250738,0.050094922766438274,0.0016397822854430182,0.0025630377259992327,0.013106556343731063,0.0012607293351927494,0.0980815429436301,0.09885018577817006,0.026131702755453946,0.13362918190697434,0.012753939967517664,False,1e-24,False
HNHN,real,,119,restart,9576.298412821454,3404.3605556971015,649.6808260474407,14840.873772578947,14824.928142412908,0.6452651346253819,0.22939084368382945,0.0438235396358352,0.17210115279095659,0.2656175398699814,0.1479520494616099,0.4340832949948506,0.4340655857045319,0.396470342847444,0.6119045421297133,0.340851830539546,False,1e-24,False
HNHN,real,,120,base,140.4643870412774,166.9678761439667,5.455501718939056,3342.3899904831164,3365.063959149777,0.04202513394344337,0.049954636239151966,0.0016212178386996994,0.002524366085283318,0.01302729125575679,0.0012423833793417651,0.09776214544102245,0.09852718639375624,0.025821508661613885,0.13325496486383723,0.01260954894598001,False,1e-24,False
HNHN,real,,120,restart,9576.298376844019,3404.3605403673027,649.6808245766828,14840.873665762825,14824.928035010098,0.6452651368454186,0.2293908443019091,0.04382353985411709,0.17210115214438546,0.26561753867390847,0.14795204912667365,0.43408329187056727,0.43406558255983785,0.39647034421150146,0.6119045437784528,0.34085183223730436,False,1e-24,False
HNHN,real,,121,base,138.36096519840265,165.97318419491327,5.376772611892814,3331.629753279264,3354.192545538223,0.04152951421514243,0.049817415645165494,0.0016030005847592278,0.002486564284591753,0.012949682664036417,0.0012244543713231055,0.0974474173938771,0.09820887749732153,0.025516984965760534,0.13288892625747598,0.012467858329370484,False,1e-24,False
HNHN,real,,121,restart,9576.298345094528,3404.3605268326446,649.6808232810372,14840.873570949972,14824.927939671252,0.6452651388284513,0.22939084485541705,0.043823540048549076,0.17210115157379716,0.2656175376178973,0.1479520488316158,0.4340832890973697,0.4340655797683699,0.3964703454299364,0.6119045452549461,0.34085183374956235,False,1e-24,False
HNHN,real,,122,base,136.30451418595294,164.99911390995192,5.299817827496274,3321.0255285397807,3343.477696048738,0.04104289865121409,0.04968318144260103,0.0015851213345192952,0.0024496066236413725,0.012873683031060141,0.0012069294304431156,0.09713725258240313,0.09789515271061695,0.02521799369982521,0.1325308539083827,0.01232879664645767,False,1e-24,False
HNHN,real,,122,restart,9576.29831707251,3404.3605148813645,649.6808221394757,14840.873486782679,14824.927855032372,0.6452651405997892,0.22939084535107027,0.04382354022174478,0.17210115107019736,0.2656175366854257,0.1479520485716476,0.4340832866355459,0.43406557729019096,0.3964703465182999,0.6119045465771107,0.3408518350966483,False,1e-24,False
HNHN,real,,123,base,134.29365626424257,164.04507795461845,5.2245829967282855,3310.5737967269756,3332.915889488093,0.040565069534777634,0.049551856574471434,0.0015675712109046761,0.002413468342281861,0.01279924653138354,0.0011897961752249473,0.09683154806303125,0.09758590893507861,0.024924401091995813,0.1321805422655438,0.012192294852902257,False,1e-24,False
HNHN,real,,123,restart,9576.298292337186,3404.3605043268785,649.6808211335194,14840.8734120579,14824.927779884787,0.6452651421820392,0.22939084579489147,0.04382354037603065,0.17210115062566467,0.26561753586193576,0.14795204834256082,0.43408328444990785,0.4340655750899118,0.39647034749048193,0.6119045477610123,0.34085183629665683,False,1e-24,False
HNHN,real,,124,base,132.32706372599782,163.11050999034447,5.151015841435599,3300.271145982428,3322.50371234335,0.040095815729288074,0.049423366376701014,0.0015503416361279565,0.0023781255795240854,0.01272632897771951,0.0011730427003458553,0.09653020404172184,0.09728104622496117,0.024636077413616807,0.13183779216108352,0.012058286232173213,False,1e-24,False
HNHN,real,,124,restart,9576.298270500314,3404.36049500476,649.6808202469244,14840.873345709506,14824.927713157318,0.645265143595395,0.2293908461922802,0.043823540513477456,0.17210115023322173,0.26561753513459857,0.1479520481406562,0.43408328250927214,0.4340655731361689,0.39647034835889033,0.6119045488210546,0.340851837365694,False,1e-24,False
HNHN,real,,125,base,130.40345673165672,162.19486377469545,5.07906607845598,3290.1142679952186,3312.2378546487234,0.03963493243993501,0.04929763849008394,0.0015334243195510595,0.00234355533463702,0.012654887750736385,0.00115665755480312,0.09623312375311412,0.09698046766632189,0.02435289683258549,0.13150241057541137,0.011926706301136854,False,1e-24,False
HNHN,real,,125,restart,9576.298251219863,3404.3604867700924,649.680819465411,14840.873286792588,14824.927653900533,0.6452651448578935,0.2293908465480769,0.043823540635928554,0.17210114988672168,0.26561753449210723,0.14795204796268188,0.434083280786001,0.4340655714011635,0.39647034913460744,0.6119045497701492,0.3408518383180973,False,1e-24,False
HNHN,real,,126,base,128.52160125317266,161.29761230640335,5.008685328811967,3280.099954059228,3302.1151060416128,0.03918222098510232,0.04917460277598932,0.0015168112461155523,0.0023097354301946666,0.01258488173235104,0.001140629721234709,0.09594021334520542,0.09668407926154342,0.02407473727292993,0.1311742104123637,0.011797492720069793,False,1e-24,False
HNHN,real,,126,restart,9576.298234194466,3404.3604794951248,649.6808187764223,14840.873234469564,14824.927601272788,0.6452651459856458,0.22939084686661987,0.0438235407450249,0.1721011495807485,0.26561753392449433,0.14795204780577823,0.43408327925559576,0.4340655698602526,0.39647034982753243,0.6119045506198687,0.34085183916662953,False,1e-24,False
HNHN,real,,127,base,126.6803071201463,160.4182470126581,4.93982703167252,3270.2250913095318,3292.1323519978314,0.03873748857740503,0.049054191235631456,0.0015004946653116133,0.0022766444769619656,0.012516271242319138,0.0011249485963257316,0.09565138176926882,0.09639178981910347,0.023801480280271427,0.13085301028385565,0.011670585206861497,False,1e-24,False
HNHN,real,,127,restart,9576.29821915856,3404.360473067233,649.6808181689157,14840.873187997891,14824.927554527912,0.6452651469930423,0.22939084715179744,0.04382354084222736,0.1721011493105296,0.2656175334229726,0.14795204766743053,0.43408327789633777,0.43406556849158884,0.3964703504465072,0.6119045513805855,0.3408518399226533,False,1e-24,False
HNHN,real,,128,base,124.87842616250262,159.55627697628452,4.872446362799968,3260.4866591284876,3282.2865702366344,0.03830054811384569,0.0489363379327346,0.0014844670806573395,0.0022442618405157837,0.012449017977937361,0.0011096039722363325,0.0953665406747342,0.09610351084831599,0.023533010892890276,0.1305386343035878,0.011545925455186177,False,1e-24,False
HNHN,real,,128,restart,9576.29820587807,3404.3604673871046,649.6808176331776,14840.873146719212,14824.927513004275,0.6452651478929358,0.22939084740709392,0.04382354092883654,0.1721011490718583,0.2656175329797934,0.1479520475454267,0.4340832766889705,0.4340655672758,0.39647035099942884,0.6119045520615938,0.3408518405962844,False,1e-24,False
HNHN,real,,129,base,123.11485044429699,158.71122820058017,4.806500157218305,3250.881725712695,3272.5748272867095,0.03787121797465774,0.04882097891943015,0.0014687212396617291,0.002212567609503625,0.012383084956684044,0.0010945860189909165,0.0950856043087746,0.09581915645878539,0.023269217518129052,0.13023091188937547,0.011423457056436622,False,1e-24,False
HNHN,real,,129,restart,9576.298194146684,3404.360462367159,649.6808171606625,14840.873110049732,14824.927476115168,0.645265148696807,0.22939084763563153,0.043823541006010346,0.17210114886102684,0.2656175325881235,0.14795204743782067,0.43408327561641846,0.43406556619570763,0.3964703514933515,0.6119045526712223,0.3408518411965287,False,1e-24,False
HNHN,real,,130,base,121.38851058357339,157.88264290972785,4.741946835856158,3241.4074447925095,3262.9942752048105,0.03744932183042597,0.04870805216523291,0.0014532501242462393,0.0021815425654488447,0.01231843646163544,0.0010798852677725234,0.09480848942035477,0.09553864326432983,0.023009991813881612,0.12992967757369153,0.011303125425224747,False,1e-24,False
HNHN,real,,130,restart,9576.298183782495,3404.3604579301464,649.6808167438506,14840.87307747172,14824.927443340235,0.6452651494149093,0.2293908478402074,0.04382354107477977,0.17210114867476606,0.26561753224193557,0.14795204734289996,0.4340832746635386,0.434065565236076,0.39647035193457525,0.6119045532169325,0.3408518417314053,False,1e-24,False
HNHN,real,,131,base,119.69837415351542,157.07007888282686,4.678746335933819,3232.0610524962867,3253.542148439215,0.0370346884570965,0.048597497488951695,0.0014380469416012639,0.002151168154016811,0.012255037989505014,0.0010654925950698423,0.09453511516851287,0.09526189029114518,0.022755228574929662,0.12963477082203673,0.01118487772826488,False,1e-24,False
HNHN,real,,131,restart,9576.298174625124,3404.3604540079245,649.6808163761247,14840.873048525975,14824.927414217924,0.6452651500564018,0.22939084802332788,0.04382354113606283,0.17210114851019367,0.2656175319359131,0.1479520472591576,0.43408327381689943,0.434065564383391,0.3964703523287276,0.6119045537054099,0.3408518422080542,False,1e-24,False
HNHN,real,,132,base,118.04344416042473,156.27310881970664,4.61686004487859,3222.839864351974,3244.2157608306084,0.03662715155850912,0.048489256493396686,0.0014231051154552515,0.0021214264576617865,0.012192856201162483,0.0010513992076277288,0.09426540303465951,0.09498881888999244,0.022504825623901277,0.12934603585877008,0.011068662816466488,False,1e-24,False
HNHN,real,,132,restart,9576.298166533124,3404.3604505403714,649.6808160516597,14840.873022805165,14824.927388338801,0.6452651506294641,0.22939084818723776,0.043823541190676905,0.1721011483647677,0.2656175316653651,0.14795204718526705,0.434083273064587,0.4340655636256648,0.3964703526808343,0.6119045541426427,0.34085184263283297,False,1e-24,False
HNHN,real,,133,base,116.42275759433602,155.49131973679908,4.556250737566574,3213.7412724191104,3235.0125027434515,0.036226549596103615,0.048383272502753344,0.0014084182777354484,0.002092300169579197,0.012131858874498126,0.0010375966281552565,0.09399927673869111,0.09471935265220591,0.022258683706637333,0.12906332150005279,0.010954431160072886,False,1e-24,False
HNHN,real,,133,restart,9576.298159381759,3404.3604474744366,649.6808157653275,14840.872999947924,14824.927365339607,0.6452651511414027,0.2293908483339479,0.04382354123934992,0.17210114823624642,0.26561753142615246,0.14795204712006052,0.43408327239603156,0.4340655629522613,0.39647035299538486,0.6119045545339948,0.3408518430114032,False,1e-24,False
HNHN,real,,134,base,114.83538404833428,154.72431239145055,4.496882516701827,3204.762742544672,3225.9298383212754,0.03583272562547071,0.04827949050249975,0.0013939802606004403,0.002063772568892589,0.012072014859506016,0.0010240766817482382,0.09373666215872568,0.09445341732932967,0.022016706391763473,0.1287864809935764,0.010842134786691748,False,1e-24,False
HNHN,real,,134,restart,9576.298153060987,3404.360444763303,649.6808155126126,14840.872979633628,14824.927344898031,0.6452651515987433,0.22939084846525956,0.04382354128273006,0.1721011481226522,0.2656175312146224,0.14795204706250967,0.43408327180185524,0.4340655623537434,0.3964703532763887,0.6119045548842713,0.3408518433488063,False,1e-24,False
HNHN,real,,135,base,113.28042440287724,153.97170073315198,4.438720756155832,3195.901811736596,3216.965302859715,0.035445527139434455,0.04817785708175012,0.0013797850888258075,0.002035827497008835,0.012013294035467506,0.0010108314829859048,0.0934774872542805,0.09419094075620153,0.02177879997427521,0.12851537186476306,0.01073172722207206,False,1e-24,False
HNHN,real,,135,restart,9576.298147473728,3404.3604423656493,649.6808152895396,14840.872961577783,14824.927326728057,0.6452651520073143,0.2293908485827858,0.04382354132139464,0.17210114802224036,0.26561753102755087,0.14795204701170916,0.4340832712737367,0.4340655618217367,0.396470353527427,0.6119045551977748,0.34085184364953264,False,1e-24,False
HNHN,real,,136,base,111.7570095716497,153.2331113802563,4.381732047101276,3187.156085649132,3208.1165002914486,0.035064805917369435,0.048078320377913694,0.001365826972525221,0.0020084493350791617,0.011955667270123276,0.0009978534236639305,0.09322168199272081,0.09393185277731349,0.02154487338295388,0.12824985576914208,0.010623163433490082,False,1e-24,False
HNHN,real,,136,restart,9576.298142534328,3404.360440244999,649.6808150926055,14840.87294552791,14824.927310575848,0.6452651523723214,0.22939084868797127,0.04382354135585774,0.17210114793347156,0.26561753086209194,0.1479520469668613,0.43408327080429115,0.4340655613488091,0.39647035375169837,0.6119045554783591,0.3408518439175806,False,1e-24,False
HNHN,real,,137,base,110.26429930568314,152.50818312083837,4.3258841467845315,3178.5232361745343,3199.3811007775253,0.03469041788047148,0.047980830023563834,0.0013521003001903211,0.0019816229825072966,0.011899106380729059,0.0009851351611283715,0.09296917827881875,0.09367608517628706,0.021314838091440587,0.1279897983506222,0.010516399775614731,False,1e-24,False
HNHN,real,,137,restart,9576.298138167207,3404.360438369149,649.6808149187251,14840.872931259924,14824.927296216098,0.6452651526984148,0.2293908487821096,0.043823541386577264,0.17210114785498754,0.26561753071573296,0.14795204692726346,0.43408327038696437,0.4340655609283637,0.39647035395206,0.6119045557294749,0.3408518441565117,False,1e-24,False
HNHN,real,,138,base,108.80148105266849,151.79656643643042,4.271145929790881,3170.000999135881,3190.756838399892,0.034322222952714206,0.047885337095417015,0.0013385996320336292,0.0019553338364495247,0.01184358409689618,0.0009726696071772788,0.0927199098872702,0.09342357160831183,0.021088608032803734,0.12773506910539198,0.010411393938729923,False,1e-24,False
HNHN,real,,138,restart,9576.298134305654,3404.3604367096664,649.6808147651805,14840.87291857493,14824.927283448815,0.6452651529897475,0.2293908488663593,0.04382354141396107,0.17210114778558935,0.2656175305862556,0.14795204689229668,0.43408327001593877,0.4340655605545448,0.3964703541310636,0.6119045559542127,0.34085184436949817,False,1e-24,False
HNHN,real,,139,base,107.36776886857125,151.09792304744292,4.217487341665445,3161.5871720761224,3182.2415089501906,0.033960084927237975,0.047791794065327416,0.0013253196936196014,0.0019295677722546978,0.01178907402512404,0.0009604499174987735,0.09247381239802634,0.0931742475354027,0.020866099517444364,0.12748554125119702,0.010308104899198018,False,1e-24,False
HNHN,real,,139,restart,9576.298130890786,3404.360435241439,649.6808146295763,14840.872907296352,14824.92727209645,0.6452651532500291,0.2293908489417575,0.04382354143837242,0.17210114772421878,0.26561753047170045,0.14795204686141547,0.43408326968604966,0.4340655602221539,0.3964703542909884,0.6119045561553388,0.3408518445593654,False,1e-24,False
HNHN,real,,140,base,105.96240237882625,150.41192547914645,4.164879354761217,3153.279612138692,3173.832967810183,0.03360387133792995,0.047700154753206464,0.0013122553697697632,0.0019043111247952717,0.011735550614936842,0.0009484694816163057,0.0922308231343032,0.09292805016433983,0.02064723115419107,0.1272410916017518,0.01020649287205502,False,1e-24,False
HNHN,real,,140,restart,9576.298127870625,3404.3604339422923,649.6808145098016,14840.872897267436,14824.927262001367,0.6452651534825726,0.22939084900923298,0.04382354146013494,0.17210114766994175,0.2656175303703375,0.14795204683413915,0.4340832693927122,0.43406555992657553,0.3964703544338702,0.6119045563353309,0.34085184472863045,False,1e-24,False
HNHN,real,,141,base,104.58464578655011,149.73825664715986,4.113293926193402,3145.0762340353267,3165.529127919415,0.03325345333596622,0.04761037428178218,0.0012994016987286157,0.001879550670643321,0.011682989126542226,0.0009367219133135798,0.09199088110314214,0.09268491838716304,0.02043192377444378,0.12700160044605951,0.010106519265634014,False,1e-24,False
HNHN,real,,141,restart,9576.298125199273,3404.3604327926373,649.6808144039957,14840.872888348993,14824.92725302359,0.6452651536903372,0.22939084906961715,0.043823541479536855,0.17210114762193335,0.2656175302806382,0.14795204681004392,0.4340832691318551,0.4340655596637113,0.396470354561527,0.6119045564964068,0.3408518448795352,False,1e-24,False
HNHN,real,,142,base,103.23378692535464,149.0766094614454,4.062703957786484,3136.975008096906,3157.3279578259626,0.032908705571098255,0.047522409033116594,0.0012867538665777168,0.0018552736110481068,0.011631365599933897,0.0009252010415132859,0.0917539269383985,0.09244479272409879,0.020220100359232534,0.12676695143242134,0.010008146638118878,False,1e-24,False
HNHN,real,,142,restart,9576.298122836219,3404.360431775169,649.6808143105179,14840.872880417428,14824.927245038816,0.6452651538759671,0.22939084912365446,0.043823541496834977,0.17210114757946554,0.2656175302012526,0.1479520467887562,0.4340832688998634,0.4340655594299216,0.39647035467558356,0.6119045566405524,0.34085184501407695,False,1e-24,False
HNHN,real,,143,base,101.90913635448587,148.4266864478737,4.013083257907368,3128.973958403414,3149.227479816323,0.03256950607747656,0.047436216606804124,0.0012743072018860412,0.0018314675556743013,0.011580656825365085,0.0009139009015853477,0.09151990284604446,0.09220761526880432,0.020011685969064143,0.12653703145692974,0.009911338655935705,False,1e-24,False
HNHN,real,,143,restart,9576.298120745667,3404.3604308746008,649.6808142279223,14840.872873362976,14824.927237936647,0.6452651540418225,0.2293908491720113,0.04382354151225809,0.17210114754189504,0.26561753013098777,0.14795204676994667,0.4340832686935265,0.43406555922197404,0.39647035477749015,0.6119045567695452,0.3408518451340352,False,1e-24,False
HNHN,real,,144,base,100.61002649414142,147.7881993864707,3.9644065050841566,3121.0711609892824,3141.2257681207416,0.03223573616381473,0.04735175577977736,0.0012620571705853185,0.0018081205070622787,0.011530840315123575,0.0009028157270618125,0.09128875255167693,0.09197332963582074,0.01980660767643565,0.12631173055624978,0.00981606005389408,False,1e-24,False
HNHN,real,,144,restart,9576.298118896018,3404.360430077421,649.6808141549334,14840.872867088152,14824.927231619033,0.6452651541900131,0.22939084921528421,0.043823541526010014,0.17210114750865393,0.26561753006878963,0.14795204675332488,0.434083268509993,0.43406555903699784,0.39647035486854293,0.6119045568849766,0.34085184524099527,False,1e-24,False
HNHN,real,,145,base,99.33581079894172,147.16086896551153,3.9166492133161994,3113.264742120609,3133.3209471904343,0.03190728030770646,0.04726898646765019,0.0012499993710596916,0.0017852208457740932,0.011481894276543165,0.0008919399417368976,0.09106042125012749,0.09174188091013101,0.019604794500899525,0.12609094180450092,0.009722276596995313,False,1e-24,False
HNHN,real,,145,restart,9576.298117259354,3404.3604293716926,649.6808140904261,14840.872861506363,14824.927225998868,0.6452651543224224,0.22939084925400718,0.04382354153827236,0.17210114747924052,0.2656175300137268,0.14795204673863463,0.43408326834673033,0.4340655588724426,0.3964703549498992,0.611904556988271,0.34085184533636964,False,1e-24,False
HNHN,real,,146,base,98.08586296764344,146.54442445067068,3.8697876989864954,3105.5528766409125,3125.51119004339,0.03158402605391699,0.047187869687531726,0.0012381295294395579,0.0017627573161907862,0.01143379758618986,0.0008812681521319385,0.0908348555570772,0.09151321559872598,0.01940617734657084,0.1258745612140627,0.009629955043828742,False,1e-24,False
HNHN,real,,146,restart,9576.298115811009,3404.3604287468643,649.6808140334086,14840.872856540687,14824.92722099878,0.645265154440733,0.22939084928865827,0.04382354154920692,0.17210114745321148,0.26561752996497595,0.14795204672565002,0.4340832682014884,0.43406555872604274,0.39647035502259276,0.6119045570807033,0.3408518454214167,False,1e-24,False
HNHN,real,,147,base,96.85957618729249,145.93860336848442,3.8237990492927736,3097.933786382262,3117.79471667557,0.031265863916479696,0.047108367522247833,0.0012264434950900165,0.0017407190129286256,0.011386529765164737,0.0008707951403061881,0.09061200346258334,0.09128728158408521,0.019210688941972517,0.12566248764013482,0.009539063111481678,False,1e-24,False
HNHN,real,,147,restart,9576.298114529196,3404.3604281936096,649.6808139830055,14840.872852122788,14824.927216550013,0.6452651545464481,0.2293908493196653,0.04382354155895789,0.17210114743017527,0.2656175299218095,0.14795204671417167,0.4340832680722685,0.4340655585957854,0.3964703550875473,0.6119045571634152,0.34085184549725805,False,1e-24,False
HNHN,real,,148,base,95.65636241011161,145.34315120342018,3.7786610921184534,3090.4057386387867,3110.169792534517,0.030952687284435607,0.04703044308590969,0.0012149372362848315,0.001719095367843637,0.011340070955468465,0.0008605158569955191,0.09039181428643092,0.09106402807948509,0.019018263782118787,0.1254546226888906,0.009449569441892241,False,1e-24,False
HNHN,real,,148,restart,9576.298113394661,3404.360427703684,649.6808139384441,14840.872848191939,14824.92721259149,0.6452651546409105,0.2293908493474113,0.04382354156765373,0.1721011474097859,0.26561752988358417,0.1479520467040237,0.4340832679572944,0.43406555847988204,0.39647035514558787,0.6119045572374282,0.3408518455648928,False,1e-24,False
HNHN,real,,149,base,94.47565166151429,144.75782110788828,3.7343523672691705,3082.9670446997306,3102.6347270525334,0.030644392331062323,0.04695406049077217,0.0012036068360572892,0.0016978761375955266,0.011294401897375643,0.0008504254150621085,0.09017423863522568,0.09084340558605107,0.018828838072742743,0.12525087062907117,0.00936144356957805,False,1e-24,False
HNHN,real,,149,restart,9576.298112390388,3404.3604272697967,649.6808138990435,14840.872844694191,14824.92720906892,0.6452651547253193,0.22939084937223894,0.04382354157540897,0.17210114739173754,0.2656175298497311,0.147952046695051,0.4340832678549882,0.43406555837674315,0.3964703551974512,0.6119045573036564,0.3408518456252117,False,1e-24,False
HNHN,real,,150,base,93.31689137772311,144.1823736245665,3.690852099004891,3075.6160584393497,3095.1878722367273,0.03034087792644528,0.04687918481532722,0.0011924484882197826,0.0016770513917436392,0.01124950390776978,0.000840519083239165,0.08995922836114978,0.09062536585147511,0.01864234967657747,0.12505113830687375,0.009274655890677256,False,1e-24,False
HNHN,real,,150,restart,9576.298111501344,3404.3604268855042,649.6808138642019,14840.872841581606,14824.927205934067,0.6452651548007462,0.22939084939445506,0.04382354158232561,0.17210114737576002,0.26561752981974757,0.1479520466871165,0.4340832677639476,0.43406555828495647,0.39647035524379576,0.6119045573629184,0.34085184567900817,False,1e-24,False
HNHN,real,,151,base,92.17954577155533,143.6165764204431,3.6481401698015636,3068.3511749611084,3087.827621313375,0.030042045553251802,0.046805782073580104,0.0011814584935443597,0.0016566115013491277,0.011205358859392611,0.0008307922801556613,0.08974673652230566,0.09040986183032325,0.01845873806160509,0.12485533506399565,0.009189177633241504,False,1e-24,False
HNHN,real,,151,restart,9576.298110714235,3404.3604265451063,649.6808138333885,14840.872838811565,14824.927203144061,0.645265154868148,0.22939084941433419,0.04382354158849458,0.17210114736161441,0.26561752979318876,0.14795204668009934,0.4340832676829262,0.43406555820326664,0.3964703552852094,0.6119045574159463,0.3408518457269893,False,1e-24,False
HNHN,real,,152,base,91.06309522501533,143.06020403201487,3.6061970952800504,3061.1708292937387,3080.5524074241634,0.02974779922557443,0.0467338191854589,0.0011706332560968862,0.0016365471280588833,0.011161949160963759,0.0008212405686268901,0.08953671734457687,0.09019684764586243,0.018277944251191676,0.12466337265870092,0.009104980828723703,False,1e-24,False
HNHN,real,,152,restart,9576.29811001731,3404.3604262435615,649.6808138061346,14840.872836346196,14824.927200660784,0.6452651549283797,0.22939084943212212,0.04382354159399694,0.17210114734908957,0.2656175297696614,0.1479520466738928,0.4340832676108162,0.4340655581305577,0.3964703553222176,0.611904557463396,0.3408518457697857,False,1e-24,False
HNHN,real,,153,base,89.9670357074075,142.5130376211087,3.5650040002435475,3054.0734951368645,3073.36070237202,0.029458045410716525,0.046663263948309844,0.001159969279717827,0.0016168492136481073,0.011119257738129251,0.0008118596501974575,0.08932912618493856,0.089986278553339,0.01809991077602993,0.12447516518978358,0.009022038284606146,False,1e-24,False
HNHN,real,,153,restart,9576.29810940018,3404.3604259764115,649.6808137820263,14840.87283415184,14824.927198450367,0.6452651549822049,0.22939084944803867,0.0438235415989049,0.1721011473379988,0.26561752974881764,0.14795204666840264,0.4340832675466331,0.43406555806583785,0.39647035535528946,0.6119045575058537,0.3408518458079589,False,1e-24,False
HNHN,real,,154,base,88.8908782177519,141.97486474082166,3.524542595768019,3047.0576836540026,3066.2510154143292,0.029172692953798894,0.04659408500943335,0.001149463164643017,0.0015975089699996447,0.011077268015199532,0.0008026453599240788,0.08912391949615381,0.08977811090464485,0.01792458162781526,0.12429062902330701,0.008940323558117464,False,1e-24,False
HNHN,real,,154,restart,9576.29810885367,3404.3604257397133,649.680813760699,14840.872832198565,14824.927196482686,0.6452651550303065,0.22939084946228075,0.04382354160328289,0.17210114732817716,0.2656175297303498,0.14795204666354575,0.43408326748950143,0.43406555800822527,0.3964703553848445,0.6119045575438447,0.34085184584201017,False,1e-24,False
HNHN,real,,155,base,87.83414825035025,141.44547911110288,3.484795157293255,3040.1219423108605,3059.221892101462,0.028891653005071787,0.04652625183961772,0.0011391116042581192,0.0015785178694993638,0.011035963897639743,0.0007935936613862475,0.08892105479279477,0.08957230211431012,0.017751902214584055,0.12410968272200455,0.008859810930989373,False,1e-24,False
HNHN,real,,155,restart,9576.298108369649,3404.3604255299765,649.6808137418293,14840.872830459768,14824.92719473097,0.6452651550732934,0.22939084947502442,0.04382354160718825,0.1721011473194785,0.26561752971398556,0.14795204665924855,0.43408326743864306,0.434065557956936,0.39647035541125697,0.6119045575778387,0.34085184587238543,False,1e-24,False
HNHN,real,,156,base,86.79638528241037,140.92468040352466,3.4457445036650545,3033.264853756965,3052.2719131586455,0.028614838949821815,0.046459734707629326,0.001128911381980783,0.0015598676358279594,0.010995329755276973,0.0007847006419135044,0.08872049061853125,0.0893688106267651,0.017581819317646408,0.12393224697723158,0.008780475385206639,False,1e-24,False
HNHN,real,,156,restart,9576.298107940936,3404.360425344114,649.6808137251323,14840.872828911795,14824.927193171407,0.6452651551117103,0.2293908494864273,0.04382354161067216,0.1721011473117739,0.26561752969948405,0.14795204665544615,0.43408326739336617,0.4340655579112729,0.3964703554348615,0.6119045576082561,0.34085184589948264,False,1e-24,False
HNHN,real,,157,base,85.77714228269524,140.4122740348149,3.407373977081772,3026.4850347487322,3045.399693409288,0.028342166340768544,0.0463945046556202,0.0011188593682648132,0.0015415502351306053,0.010955350406191099,0.0007759625080186567,0.08852218651463138,0.08916759588481563,0.017414281050048514,0.12375824454336479,0.008702292579706027,False,1e-24,False
HNHN,real,,157,restart,9576.298107561182,3404.360425179394,649.6808137103567,14840.87282753361,14824.927191782826,0.645265155146044,0.2293908494966304,0.04382354161378023,0.1721011473049491,0.26561752968663216,0.14795204665208128,0.4340832673530554,0.434065557870616,0.3964703554559571,0.6119045576354731,0.34085184592365664,False,1e-24,False
HNHN,real,,158,base,84.77598524021653,139.90807096874408,3.3696674239009967,3019.7811351122014,3038.6038807379737,0.028073552832850134,0.04633053347541551,0.0011089525177209406,0.0015235578675468339,0.010916011101257457,0.0007673755810268764,0.08832610298962243,0.08896861829928028,0.017249236816503033,0.12358760017454858,0.008625238827982159,False,1e-24,False
HNHN,real,,158,restart,9576.29810722477,3404.3604250334006,649.6808136972797,14840.87282630651,14824.927190546405,0.6452651551767289,0.22939084950576005,0.04382354161655309,0.17210114729890325,0.2656175296752413,0.14795204664910325,0.4340832673171637,0.4340655578344143,0.39647035547481085,0.6119045576598265,0.34085184594522344,False,1e-24,False
HNHN,real,,159,base,83.79249271204382,139.41188752598205,3.3326091762645778,3013.1518367437325,3031.8831550914315,0.02780891812030193,0.04626779368564525,0.0010991878663490506,0.0015058829590839568,0.010877297509311353,0.0007589362928911609,0.08813220149006208,0.08877183921973926,0.017086637274728266,0.12342024056369331,0.008549291076560283,False,1e-24,False
HNHN,real,,159,restart,9576.298106926723,3404.360424903992,649.6808136857052,14840.87282521386,14824.927189445392,0.6452651552041534,0.2293908495139291,0.04382354161902701,0.17210114729354686,0.26561752966514457,0.14795204664646738,0.43408326728520463,0.43406555780217726,0.39647035549166126,0.6119045576816177,0.3408518459644652,False,1e-24,False
HNHN,real,,160,base,82.82625538934852,138.9235452015599,3.2961840345024447,3006.5958526470563,3025.2362275158607,0.02754818387593628,0.04620625850968608,0.0010895625288769829,0.0014885181538181907,0.010839195702905938,0.0007506411821851482,0.08794044437237288,0.08857722090634781,0.016926434298139836,0.12325609428363486,0.008474426884297902,False,1e-24,False
HNHN,real,,160,restart,9576.298106662647,3404.360424789276,649.6808136754594,14840.872824240867,14824.927188464899,0.6452651552286642,0.2293908495212386,0.043823541621234294,0.17210114728880102,0.26561752965619406,0.14795204664413408,0.43408326725674534,0.434065557773469,0.3964703555067215,0.6119045577011158,0.3408518459816331,False,1e-24,False
HNHN,real,,161,base,81.87687568084732,138.44287048958944,3.2603772502777892,3000.111926005128,3018.6618392290734,0.027291273692536016,0.04614590185438061,0.0010800736962012435,0.0014714563064084816,0.010801692144636341,0.0007424868902647636,0.08775079487569476,0.08838472650266911,0.016768580939841102,0.12309509173036784,0.008400624402479103,False,1e-24,False
HNHN,real,,161,restart,9576.298106428652,3404.3604246875757,649.6808136663889,14840.872823374373,14824.927187591675,0.6452651552505715,0.22939084952777902,0.04382354162320376,0.17210114728459575,0.26561752964825913,0.14795204664206846,0.4340832672314011,0.43406555774790145,0.39647035552018195,0.6119045577185626,0.34085184599695123,False,1e-24,False
HNHN,real,,162,base,80.94396731285212,137.96969471491226,3.225174510438204,2993.6988292853416,3012.1587607259858,0.027038113026277642,0.04608669828950313,0.0010707186329252038,0.0014546904749087718,0.010764773674004463,0.0007344701575906333,0.08756321709571328,0.08819432000948352,0.016613031397860634,0.12293716506826997,0.008327862355667074,False,1e-24,False
HNHN,real,,162,restart,9576.298106221295,3404.3604245974075,649.680813658358,14840.872822602672,14824.927186813939,0.6452651552701523,0.22939084953363129,0.0438235416249611,0.17210114728086923,0.265617529641224,0.14795204664023962,0.4340832672088295,0.4340655577251298,0.396470355532213,0.6119045577341736,0.3408518460106195,False,1e-24,False
HNHN,real,,163,base,80.0271549451744,137.50385387136586,3.1905619215392482,2987.3553633766787,3005.725790916071,0.02678862914210441,0.04602862302794201,0.0010614946749905763,0.0014382139138651969,0.010728427494800064,0.0007265878202036304,0.087377675959422,0.0880059662595337,0.016459740981587794,0.12278224817723835,0.00825612002328216,False,1e-24,False
HNHN,real,,163,restart,9576.298106037526,3404.3604245174565,649.6808136512474,14840.872821915349,14824.927186121204,0.6452651552876537,0.22939084953886782,0.04382354162652923,0.1721011472775666,0.26561752963498597,0.1479520466386203,0.43408326718872586,0.4340655577048469,0.3964703555429664,0.6119045577481422,0.34085184602281615,False,1e-24,False
HNHN,real,,164,base,79.12607380216937,137.04518846637055,3.1565259950086557,2981.080356757503,2999.3617562914405,0.026542751060972456,0.04597165190657037,0.001052399227398145,0.0014220200676853692,0.010692641162975004,0.0007188368063463148,0.08719413720078105,0.08781963089316648,0.01630866607935919,0.12263027660166152,0.008185377221874087,False,1e-24,False
HNHN,real,,164,restart,9576.298105874654,3404.36042444656,649.6808136449504,14840.872821303139,14824.92718550414,0.6452651553032973,0.22939084954355343,0.04382354162792855,0.17210114727463954,0.26561752962945445,0.14795204663718628,0.43408326717081924,0.4340655576867796,0.3964703555525783,0.6119045577606411,0.34085184603369983,False,1e-24,False
HNHN,real,,165,base,78.24036931824197,136.59354337155528,3.1230536329211183,2974.8726646927007,2993.0655101242846,0.02630040950889711,0.045915761367777794,0.0010434297620139413,0.0014061025642675624,0.010657402574988659,0.0007112141332234194,0.08701256733723423,0.08763528033483442,0.01615976412715116,0.122481187501155,0.008115614288058787,False,1e-24,False
HNHN,real,,165,restart,9576.298105730288,3404.3604243836876,649.6808136393738,14840.872820757806,14824.927184954451,0.6452651553172801,0.22939084954774605,0.043823541629177315,0.17210114727204504,0.26561752962454893,0.14795204663591632,0.4340832671548687,0.43406555767068505,0.3964703555611698,0.6119045577718251,0.3408518460434125,False,1e-24,False
HNHN,real,,166,base,77.36969679717015,136.14876767915553,3.0901321143551095,2968.731168458981,2986.8359316924734,0.026061536867729072,0.04586092844163727,0.0010345838154572165,0.001390455208878214,0.010622699956603691,0.0007037169038948849,0.08683293364704966,0.08745288177042179,0.016012993578335213,0.12233491960299121,0.00804681206209142,False,1e-24,False
HNHN,real,,166,restart,9576.298105602315,3404.360424327926,649.6808136344342,14840.872820272014,14824.92718446475,0.6452651553297788,0.22939084955149752,0.04382354163029171,0.17210114726974518,0.2656175296201983,0.14795204663479142,0.4340832671406597,0.43406555765634686,0.3964703555688493,0.6119045577818322,0.3408518460520801,False,1e-24,False
HNHN,real,,167,base,76.51372108463312,135.71071456392775,3.0577490823047264,2962.654774597181,2980.6719255321586,0.025826067127593815,0.04580713072868226,0.0010258589870667523,0.0013750719782667444,0.010588521852112244,0.0006963423042952882,0.08665520414745038,0.08727240312536119,0.015868313874455312,0.12219141315615704,0.007978951872048683,False,1e-24,False
HNHN,real,,167,restart,9576.298105488868,3404.360424278468,649.6808136300592,14840.872819839233,14824.927184028465,0.6452651553409515,0.22939084955485434,0.04382354163128629,0.17210114726770634,0.26561752961633944,0.1479520466337951,0.4340832671280012,0.4340655576435727,0.3964703555757142,0.6119045577907866,0.3408518460598157,False,1e-24,False
HNHN,real,,168,base,75.67211625336269,135.2792411503401,3.025892531120903,2956.642414190478,2974.572420716288,0.02559393584092973,0.04575434638327045,0.0010172529369421965,0.001359947015007229,0.010554857113973781,0.0006890876003738256,0.08647934757350254,0.08709381304350887,0.015725685416987576,0.12205060988697622,0.007912015518594677,False,1e-24,False
HNHN,real,,168,restart,9576.298105388287,3404.3604242345978,649.6808136261834,14840.872819453656,14824.927183639744,0.6452651553509386,0.229390849557858,0.04382354163217394,0.17210114726589876,0.26561752961291657,0.14795204663291248,0.4340832671167234,0.4340655576321911,0.39647035558185056,0.6119045577987988,0.3408518460667197,False,1e-24,False
HNHN,real,,169,base,74.84456530036447,134.85420838480852,2.9945507944576866,2950.693042167463,2968.536370157981,0.025365080078064168,0.045702554097511255,0.0010087633840572825,0.001345074622056988,0.010521694892846612,0.0006819501353493147,0.08630533335773093,0.08691708086674788,0.015585069540044839,0.12191245295623572,0.007845985260305841,False,1e-24,False
HNHN,real,,169,restart,9576.29810529911,3404.3604241956814,649.6808136227496,14840.87281911012,14824.927183293385,0.6452651553598665,0.2293908495605457,0.04382354163296617,0.17210114726429612,0.26561752960988017,0.1479520466321305,0.4340832671066752,0.43406555762204996,0.3964703555873361,0.6119045578059684,0.34085184607288155,False,1e-24,False
HNHN,real,,170,base,74.03075985568242,134.43548091275974,2.963712533700502,2944.8056366290793,2962.5627499377642,0.025139438384268197,0.04565173308573536,0.001000388104441927,0.001330449257522627,0.010489024627996009,0.0006749273270749579,0.08613313161043258,0.08674217661529006,0.015446428483989789,0.12177688691775793,0.007780843799531639,False,1e-24,False
HNHN,real,,170,restart,9576.298105220036,3404.360424161155,649.6808136197072,14840.872818804015,14824.927182984753,0.6452651553678473,0.22939084956295064,0.04382354163367329,0.172101147262875,0.2656175296071864,0.14795204663143763,0.43408326709772194,0.4340655576130134,0.39647035559223975,0.6119045578123836,0.34085184607838137,False,1e-24,False
HNHN,real,,171,base,73.23039990220671,134.02292696031327,2.933366726854506,2938.979198198474,2956.6505586537237,0.0249169507382343,0.04560186306948556,0.0009921249294303415,0.001316065529624542,0.0104568360380627,0.0006680166655078833,0.08596271310066027,0.08656907096864869,0.015309725369922436,0.12164385767836336,0.007716574268768669,False,1e-24,False
HNHN,real,,171,restart,9576.298105149916,3404.3604241305234,649.6808136170115,14840.872818531256,14824.927182709722,0.6452651553749819,0.22939084956510258,0.043823541634304464,0.17210114726161485,0.2656175296047964,0.14795204663082373,0.43408326708974393,0.43406555760496063,0.3964703555966234,0.6119045578181239,0.34085184608329056,False,1e-24,False
HNHN,real,,172,base,72.44319350604806,133.61641822038467,2.9035026578722403,2933.2127493928533,2950.7988167936537,0.024697558511922842,0.04555292426300887,0.000983971743972432,0.0013019181918513239,0.010425119112176343,0.0006612157102787283,0.08579404923784999,0.08639773524725546,0.015174924175008554,0.12151331245917071,0.007653160217527029,False,1e-24,False
HNHN,real,,172,restart,9576.298105087733,3404.3604241033436,649.6808136146225,14840.872818288186,14824.92718246462,0.6452651553813603,0.2293908495670282,0.04382354163486785,0.17210114726049733,0.26561752960267576,0.1479520466302797,0.43408326708263434,0.4340655575977842,0.39647035560054256,0.6119045578232606,0.3408518460876725,False,1e-24,False
HNHN,real,,173,base,71.66885655702548,133.2158297430204,2.874109906400849,2927.5053340164645,2945.00656612834,0.024481204431726036,0.045504897359230974,0.0009759264850058736,0.0012880021382959132,0.010393864101399152,0.0006545220883567685,0.08562711205406606,0.08622814139469615,0.015041989708617665,0.12138519975818327,0.0075905855996686,False,1e-24,False
HNHN,real,,173,restart,9576.298105032582,3404.3604240792256,649.6808136125054,14840.872818071573,14824.927182246178,0.6452651553870622,0.22939084956875122,0.04382354163537078,0.17210114725950618,0.265617529600794,0.14795204662979758,0.43408326707629863,0.4340655575913883,0.396470355604046,0.6119045578278568,0.34085184609158414,False,1e-24,False
HNHN,real,,174,base,70.907112518836,132.82103982978637,2.845178337930097,2921.8560165738922,2939.272869125147,0.02426783254089988,0.045457763516194606,0.0009679871398863841,0.0012743123991657576,0.010363061510485794,0.0006479334918063232,0.08546187418684056,0.0860602619605407,0.014910887589240075,0.12125946931411317,0.007528834761197981,False,1e-24,False
HNHN,real,,174,restart,9576.298104983664,3404.360424057823,649.6808136106288,14840.872817878519,14824.927182051486,0.6452651553921599,0.22939084957029307,0.04382354163581972,0.17210114725862705,0.2656175295991241,0.1479520466293702,0.4340832670706519,0.4340655575856878,0.39647035560717814,0.6119045578319696,0.34085184609507596,False,1e-24,False
HNHN,real,,175,base,70.15769218849495,132.43192993203797,2.816698094323381,2916.2638817028655,2933.5968083811085,0.024057388163216713,0.04541150434394445,0.0009601517448738166,0.0012608441364595755,0.010332702089946149,0.0006414476756303785,0.08529830886258345,0.08589407008374457,0.01478158422215392,0.12113607207139651,0.007467892428487591,False,1e-24,False
HNHN,real,,175,restart,9576.298104940273,3404.3604240388286,649.6808136089655,14840.872817706455,14824.92718187795,0.6452651553967172,0.22939084957167274,0.04382354163622051,0.17210114725784725,0.2656175295976421,0.14795204662899142,0.4340832670656192,0.43406555758060683,0.39647035560997834,0.61190455783565,0.34085184609819325,False,1e-24,False
HNHN,real,,176,base,69.4203334646558,132.04838455290906,2.7886595847147952,2910.728033625816,2927.9774860747852,0.023849817867793287,0.045366101891841794,0.0009524183836718095,0.0012475926398036981,0.01030277682839821,0.0006350624556975736,0.085136389880541,0.08572953947659925,0.014654046777814473,0.12101496014635502,0.0074077436969193135,False,1e-24,False
HNHN,real,,176,restart,9576.298104901782,3404.3604240219697,649.680813607491,14840.87281755309,14824.92718172327,0.6452651554007918,0.22939084957290726,0.0438235416365783,0.1721011472571555,0.26561752959632673,0.14795204662865563,0.4340832670611334,0.43406555757607784,0.39647035561248184,0.611904557838943,0.3408518461009761,False,1e-24,False
HNHN,real,,177,base,68.69478112443612,131.67029115286456,2.761053476756147,2905.2475956194717,2922.4140234361357,0.02364506943505057,0.04532153863629277,0.0009447851860188299,0.0012345533224412818,0.010273276945199049,0.0006287757067488795,0.08497609159728192,0.08556664440921058,0.014528243170938811,0.12089608679446082,0.007348374019925884,False,1e-24,False
HNHN,real,,177,restart,9576.298104867637,3404.3604240070063,649.6808136061836,14840.872817416386,14824.927181585379,0.6452651554044349,0.229390849574012,0.043823541636897716,0.17210114725654185,0.2656175295951592,0.1479520466283579,0.43408326705713496,0.4340655575720405,0.39647035561472027,0.61190455784189,0.3408518461034604,False,1e-24,False
HNHN,real,,178,base,67.98078660839433,131.29754005866926,2.7338706881986177,2899.82170950179,2916.905560233733,0.02344309182376385,0.04527779746887512,0.0009372503263285465,0.0012217217173680008,0.010244193883342304,0.0006225853604804884,0.0848173889116906,0.08540535969448455,0.014404142040260422,0.12077940637866443,0.007289769198415948,False,1e-24,False
HNHN,real,,178,restart,9576.298104837342,3404.3604239937235,649.6808136050248,14840.872817294523,14824.927181462455,0.645265155407692,0.2293908495750006,0.043823541637182925,0.1721011472559974,0.2656175295941229,0.147952046628094,0.43408326705357053,0.43406555756844134,0.39647035561672156,0.6119045578445271,0.34085184610567876,False,1e-24,False
HNHN,real,,179,base,67.27810781331873,130.93002437563084,2.7071023787945165,2894.4495351355718,2911.4512542786542,0.023243835139163175,0.04523486168484822,0.000929812022377559,0.0012090934736081406,0.010215519302611147,0.0006164894036995967,0.08466025725044815,0.08524566067360163,0.014281712728929136,0.12066487433874494,0.007231915370567446,False,1e-24,False
HNHN,real,,179,restart,9576.298104810463,3404.360423981932,649.6808136039971,14840.872817185887,14824.927181352869,0.6452651554106043,0.2293908495758852,0.04382354163743755,0.17210114725551434,0.2656175295932029,0.14795204662785996,0.434083267050393,0.43406555756523274,0.3964703556185109,0.6119045578468868,0.3408518461076592,False,1e-24,False
HNHN,real,,180,base,66.58650889250488,130.56763990298276,2.6807399425052547,2889.1302499481167,2906.050280944414,0.023047250602045603,0.04519271497203268,0.0009224685340385998,0.0011966643526252685,0.010187245072976223,0.0006104858765499242,0.08450467255398277,0.08508752320196059,0.014160925265532778,0.12055244716164622,0.00717479900197468,False,1e-24,False
HNHN,real,,180,restart,9576.298104786612,3404.360423971463,649.6808136030859,14840.872817089039,14824.927181255165,0.645265155413208,0.2293908495766768,0.0438235416376649,0.1721011472550857,0.26561752959238605,0.14795204662765246,0.4340832670475603,0.43406555756237203,0.3964703556201107,0.6119045578489983,0.3408518461094275,False,1e-24,False
HNHN,real,,181,base,65.90576006321422,130.21028505227954,2.654775000002356,2883.863048466316,2900.7018327023266,0.022853290518862868,0.04515134140004583,0.0009152181620574002,0.0011844302248619609,0.010159363268228618,0.000604572870803967,0.08435061126287156,0.08493092363557414,0.014041750345718114,0.12044208235276231,0.007118406876134993,False,1e-24,False
HNHN,real,,181,restart,9576.298104765447,3404.3604239621695,649.6808136022775,14840.872817002692,14824.927181168054,0.6452651554155361,0.2293908495773852,0.04382354163786788,0.17210114725470532,0.26561752959166096,0.14795204662746836,0.4340832670450347,0.43406555755982146,0.39647035562154115,0.611904557850888,0.34085184611100616,False,1e-24,False
HNHN,real,,182,base,65.23563742101898,129.85786076868047,2.629199391448977,2878.647141866617,2895.4051186717347,0.02266190825274885,0.04511072540987988,0.0009080592468715123,0.0011723870664032906,0.010131866159838212,0.0005987485282191299,0.08419805030467743,0.0847758388179,0.013924159314389268,0.12033373840813696,0.0070627260852617725,False,1e-24,False
HNHN,real,,182,restart,9576.298104746666,3404.360423953917,649.6808136015608,14840.872816925703,14824.927181090376,0.645265155417618,0.22939084957801908,0.043823541638049156,0.17210114725436781,0.26561752959101703,0.14795204662730513,0.4340832670427828,0.43406555755754705,0.39647035562282035,0.6119045578525789,0.34085184611241615,False,1e-24,False
HNHN,real,,183,base,64.57592276075346,129.5102704550061,2.604005169549955,2873.481757539278,2890.1593641845297,0.02247305819545324,0.045070851803810624,0.0009009901674694279,0.001160530955759038,0.010104746211028349,0.0005930110389550113,0.08404696708120384,0.0846222460670902,0.01380812414846291,0.12022737478754496,0.007007744021410875,False,1e-24,False
HNHN,real,,183,restart,9576.298104729996,3404.3604239465885,649.6808136009249,14840.87281685706,14824.927181021114,0.6452651554194794,0.22939084957858633,0.043823541638211005,0.17210114725406825,0.26561752959044527,0.14795204662716033,0.4340832670407751,0.4340655575555191,0.39647035562396404,0.611904557854092,0.34085184611367497,False,1e-24,False
HNHN,real,,184,base,63.92640340380399,129.16741989845514,2.5791845928590162,2868.3661386664107,2884.9638103634493,0.022286695740148882,0.045031705735624435,0.0008940093402884278,0.0011488580707598216,0.010077996071058092,0.0005873586400492518,0.08389733945615288,0.0844701231636439,0.013693617440160273,0.12012295188842234,0.006953448367908289,False,1e-24,False
HNHN,real,,184,restart,9576.298104715202,3404.3604239400815,649.6808136003611,14840.872816795847,14824.927180959352,0.6452651554211439,0.229390849579094,0.04382354163835555,0.17210114725380238,0.2656175295899376,0.14795204662703196,0.4340832670389847,0.4340655575537108,0.3964703556249868,0.6119045578554463,0.3408518461147992,False,1e-24,False
HNHN,real,,185,base,63.28687203148142,128.82921719987567,2.554730119332301,2863.2995438132757,2879.8177137136304,0.022102777255081543,0.0449932727011523,0.0008871152181496527,0.0011373646855625376,0.010051608569703767,0.0005817896139494759,0.08374914574317106,0.08431944833844827,0.013580612380816776,0.12002043102061585,0.006899827091067311,False,1e-24,False
HNHN,real,,185,restart,9576.298104702073,3404.360423934302,649.6808135998608,14840.872816741266,14824.927180904273,0.6452651554226323,0.22939084957954825,0.04382354163848462,0.1721011472535664,0.26561752958948665,0.14795204662691802,0.43408326703738825,0.4340655575520981,0.3964703556259013,0.611904557856658,0.3408518461158031,False,1e-24,False
HNHN,real,,186,base,62.65712652423284,128.49557270548877,2.530634400117878,2858.2812465323664,2874.7203457269397,0.021921260058032337,0.04495553852909965,0.0008803062892289608,0.0011260471677607426,0.010025576711931855,0.0005763022870989755,0.0836023646942691,0.08417020026119355,0.01346908274519097,0.1199197743819213,0.006846868432184045,False,1e-24,False
HNHN,real,,186,restart,9576.298104690415,3404.36042392917,649.680813599417,14840.872816692588,14824.92718085515,0.6452651554239633,0.22939084957995481,0.043823541638599896,0.1721011472533569,0.26561752958908624,0.14795204662681694,0.43408326703596445,0.4340655575506598,0.3964703556267191,0.6119045578577426,0.34085184611669966,False,1e-24,False
HNHN,real,,187,base,62.03696980645887,128.1663989409668,2.5068902735713774,2853.3105349797984,2869.6709924986117,0.021742102391563944,0.0449184893721616,0.0008735810760621856,0.0011149019755957764,0.009999893672755599,0.0005708950285738885,0.08345697548860155,0.08402235802914841,0.013359002876255065,0.11982094503438329,0.006794560899800478,False,1e-24,False
HNHN,real,,187,restart,9576.298104680069,3404.3604239246097,649.6808135990233,14840.872816649178,14824.92718081134,0.6452651554251536,0.22939084958031852,0.04382354163870284,0.17210114725317097,0.2656175295887304,0.14795204662672728,0.43408326703469474,0.4340655575493771,0.3964703556274505,0.6119045578587128,0.34085184611750036,False,1e-24,False
HNHN,real,,188,base,61.42620969671415,127.84161054777451,2.4834907594883884,2848.3867115435633,2864.6689543557404,0.021565263399023094,0.04488211169841336,0.000866938134583485,0.001103925655264628,0.009974552792268165,0.0005655662487697401,0.08331295772159358,0.08387590115628235,0.013250347670450134,0.11972390688132892,0.006742893262224926,False,1e-24,False
HNHN,real,,188,restart,9576.298104670881,3404.360423920561,649.6808135986739,14840.872816610465,14824.927180772265,0.6452651554262178,0.2293908495806441,0.04382354163879478,0.17210114725300585,0.26561752958841456,0.1479520466266477,0.43408326703356237,0.434065557548233,0.39647035562810434,0.6119045578595812,0.34085184611821545,False,1e-24,False
HNHN,real,,189,base,60.824658763078155,127.52112422168337,2.46042905354464,2843.5090924832184,2859.713545497205,0.02139070310127279,0.04484639228296611,0.0008603760531955157,0.001093114838320722,0.009949547570845351,0.0005603143981353035,0.08317029139440224,0.083730809562723,0.013143092563389693,0.11962862464510979,0.006691854540300013,False,1e-24,False
HNHN,real,,189,restart,9576.298104662723,3404.360423916964,649.6808135983638,14840.87281657593,14824.927180737413,0.6452651554271696,0.22939084958093553,0.04382354163887689,0.17210114725285922,0.2656175295881339,0.1479520466265771,0.4340832670325523,0.43406555754721254,0.39647035562868915,0.6119045578603586,0.3408518461188541,False,1e-24,False
HNHN,real,,190,base,60.232134183493024,127.20485865337417,2.4376985219354346,2838.677007580599,2854.8040936446173,0.021218382374128857,0.044811318199878866,0.0008538934518702191,0.0010824662391639697,0.009924871664511257,0.0005551379659518358,0.08302895690369999,0.08358706356453599,0.013037213515996035,0.1195350638455266,0.006641434000408738,False,1e-24,False
HNHN,real,,190,restart,9576.298104655485,3404.3604239137685,649.6808135980885,14840.872816545132,14824.927180706323,0.6452651554280209,0.22939084958119624,0.04382354163895023,0.17210114725272915,0.2656175295878846,0.1479520466265144,0.43408326703165145,0.4340655575463022,0.39647035562921223,0.611904557861054,0.3408518461194245,False,1e-24,False
HNHN,real,,191,base,59.648457610873976,126.89273447104746,2.4152926962062007,2833.889799801159,2849.939939703889,0.021048262926476262,0.04477687681431752,0.0008474889812790761,0.0010719766526165913,0.009900518880460575,0.0005500354791558383,0.08288893503176925,0.0834446438638159,0.012932687001054235,0.1194431907789134,0.006591621147709758,False,1e-24,False
HNHN,real,,191,restart,9576.298104649053,3404.3604239109295,649.6808135978445,14840.872816517658,14824.927180678593,0.645265155428782,0.2293908495814296,0.04382354163901574,0.17210114725261355,0.26561752958766305,0.14795204662645883,0.4340832670308479,0.4340655575454903,0.3964703556296799,0.6119045578616766,0.340851846119934,False,1e-24,False
HNHN,real,,192,base,59.07345504280644,126.58467418496356,2.393205268266363,2829.1468249655654,2845.120437437046,0.02088030727904178,0.044743055774952314,0.0008411613219517065,0.0010616429515813678,0.009876483172731463,0.000545005501203563,0.08275020693689682,0.0833035315390771,0.012829489990169442,0.11935297249785749,0.006542405719593109,False,1e-24,False
HNHN,real,,192,restart,9576.298104643343,3404.3604239084075,649.6808135976277,14840.872816493153,14824.927180653853,0.6452651554294628,0.2293908495816384,0.04382354163907424,0.17210114725251094,0.2656175295874663,0.14795204662640946,0.4340832670301311,0.43406555754476595,0.3964703556300982,0.6119045578622336,0.34085184612038905,False,1e-24,False
HNHN,real,,193,base,58.506956695652256,126.2806021338381,2.3714300855791417,2824.4474514311764,2840.3449531439283,0.02071447874380038,0.04470984300658539,0.0008349091834617647,0.001051462084779131,0.009852758638023176,0.0005400466309755841,0.08261275414405735,0.08316370803593415,0.012727599941113533,0.11926437679153351,0.006493777679348254,False,1e-24,False
HNHN,real,,193,restart,9576.298104638272,3404.3604239061665,649.6808135974354,14840.872816471292,14824.927180631785,0.6452651554300716,0.2293908495818253,0.04382354163912651,0.17210114725241982,0.26561752958729146,0.14795204662636569,0.4340832670294917,0.4340655575441198,0.3964703556304722,0.6119045578627321,0.3408518461207956,False,1e-24,False
HNHN,real,,194,base,57.94879688289469,125.98044443302217,2.3499611465201706,2819.7910597830614,2835.6128653534233,0.02055074140399358,0.04467722670300061,0.0008287313036391086,0.0010414310745624328,0.009829339511652928,0.0005351575017198145,0.0824765585358759,0.0830251551580612,0.0126269947855478,0.11917737216663,0.006445727210036466,False,1e-24,False
HNHN,real,,194,restart,9576.29810463377,3404.360423904175,649.6808135972647,14840.872816451787,14824.927180612096,0.6452651554306162,0.2293908495819926,0.043823541639173194,0.1721011472523389,0.2656175295871361,0.14795204662632677,0.4340832670289212,0.4340655575435433,0.3964703556308069,0.6119045578631784,0.3408518461211587,False,1e-24,False
HNHN,real,,195,base,57.398813897559606,125.68412892439885,2.3287925958981814,2815.177042534229,2830.9235645238996,0.02038906009473886,0.0446451953200278,0.0008226264478072669,0.0010315470148024686,0.009806220163646696,0.000530336780031429,0.08234160234385998,0.08288785505842101,0.012527652917108778,0.11909192782884827,0.0063982447085599815,False,1e-24,False
HNHN,real,,195,restart,9576.29810462977,3404.360423902405,649.680813597113,14840.872816434388,14824.927180594528,0.6452651554311033,0.2293908495821423,0.0438235416392149,0.17210114725226702,0.26561752958699797,0.14795204662629224,0.4340832670284123,0.43406555754302895,0.39647035563110616,0.6119045578635777,0.34085184612148306,False,1e-24,False
HNHN,real,,196,base,56.85684989855746,125.39158512793138,2.307918720631297,2810.6048038347335,2826.2764527525246,0.020229400384210224,0.044613737568814225,0.0008165934080452759,0.0010218070688464626,0.00978339509495887,0.0005255831648682257,0.082207868139891,0.0827517902307538,0.012429553179845022,0.11900801366495381,0.006351320779920703,False,1e-24,False
HNHN,real,,196,restart,9576.29810462622,3404.3604239008323,649.6808135969784,14840.872816418865,14824.92718057885,0.6452651554315388,0.22939084958227624,0.04382354163925216,0.1721011472522032,0.26561752958687523,0.1479520466262616,0.43408326702795824,0.4340655575425699,0.3964703556313737,0.6119045578639349,0.3408518461217729,False,1e-24,False
HNHN,real,,197,base,56.32275080079644,125.10274419480018,2.287333945572748,2806.073759189362,2821.6709434931477,0.020071728555370316,0.04458284240929602,0.0008106310024729865,0.00101220846754283,0.00976085893381587,0.0005208953866000146,0.08207533882796696,0.08261694350131706,0.012332674856992767,0.11892560022536129,0.0063049462316614345,False,1e-24,False
HNHN,real,,197,restart,9576.298104623065,3404.3604238994344,649.680813596859,14840.872816405014,14824.927180564866,0.6452651554319286,0.22939084958239614,0.043823541639285445,0.1721011472521465,0.2656175295867662,0.1479520466262344,0.4340832670275531,0.4340655575421604,0.39647035563161326,0.6119045578642548,0.3408518461220318,False,1e-24,False
HNHN,real,,198,base,55.79636616892456,124.81753886206975,2.2670328294801227,2801.583335183603,2817.1064612824653,0.019916011588235662,0.044552499043862916,0.0008047380745589835,0.0010027485073315543,0.009738606432179145,0.0005162722060906938,0.08194399763618716,0.08248329802086785,0.012236997660079156,0.11884465870723511,0.0062591120684829995,False,1e-24,False
HNHN,real,,198,restart,9576.298104620262,3404.360423898192,649.6808135967528,14840.872816392655,14824.927180552388,0.6452651554322771,0.22939084958250347,0.04382354163931517,0.17210114725209613,0.26561752958666923,0.14795204662621023,0.43408326702719163,0.4340655575417951,0.39647035563182736,0.6119045578645411,0.340851846122263,False,1e-24,False
HNHN,real,,199,base,55.277549114564025,124.53590340882748,2.2470100611225177,2797.132969217607,2812.5824414741733,0.01976221714265727,0.04452269691120967,0.0007989134924502979,0.0009934245483973268,0.009716632462322987,0.0005117124138117288,0.08181382810897092,0.0823508372568789,0.012142501718342125,0.11876516093808784,0.0062138094870308625,False,1e-24,False
HNHN,real,,199,restart,9576.298104617774,3404.360423897089,649.6808135966588,14840.87281638163,14824.927180541252,0.6452651554325887,0.2293908495825995,0.04382354163934175,0.17210114725205142,0.2656175295865832,0.14795204662618883,0.43408326702686917,0.434065557541469,0.3964703556320188,0.6119045578647974,0.34085184612246966,False,1e-24,False
HNHN,real,,200,base,54.76615619690668,124.25777361374035,2.227260455520179,2792.722109247874,2808.0983299808445,0.019610313541599065,0.04449342568036783,0.0007931561483231154,0.0009842340128830905,0.009694932013523005,0.0005072148289858052,0.081684814099502,0.08221954498598096,0.012049167568456167,0.11868707935985999,0.006169029870845054,False,1e-24,False
HNHN,real,,200,restart,9576.29810461556,3404.3604238961066,649.6808135965749,14840.872816371788,14824.927180531311,0.6452651554328676,0.2293908495826855,0.04382354163936547,0.17210114725201164,0.26561752958650653,0.1479520466261697,0.4340832670265813,0.434065557541178,0.39647035563219013,0.6119045578650267,0.3408518461226542,False,1e-24,False
HNHN,real,,201,base,54.26204732654557,123.98308671397669,2.2077789503115106,2788.3502135364006,2803.653583023253,0.01946026975489792,0.044464675244911864,0.0007874649577537339,0.0009751743831617426,0.009673500188851073,0.000502778298759486,0.08155693976239142,0.0820894052866231,0.01195697614455401,0.11861038701346469,0.006124764785467586,False,1e-24,False
HNHN,real,,201,restart,9576.298104613596,3404.3604238952344,649.6808135965007,14840.872816363008,14824.927180522445,0.6452651554331169,0.22939084958276243,0.043823541639386676,0.17210114725197634,0.26561752958643847,0.1479520466261528,0.4340832670263245,0.4340655575409184,0.39647035563234334,0.6119045578652319,0.3408518461228191,False,1e-24,False
HNHN,real,,202,base,53.765085672422195,123.71178136544272,2.1885606022424913,2784.0167504070337,2799.247666886913,0.019312055383489176,0.044436435717333814,0.0007818388591090348,0.0009662432001638295,0.009652332202072893,0.0004984016974037452,0.08143018954655104,0.08196040253194438,0.011865908768534291,0.1185350575237819,0.006081005973701646,False,1e-24,False
HNHN,real,,202,restart,9576.298104611848,3404.3604238944586,649.6808135964349,14840.872816355171,14824.927180514529,0.6452651554333398,0.22939084958283126,0.04382354163940563,0.17210114725194492,0.26561752958637797,0.1479520466261378,0.4340832670260953,0.4340655575406866,0.39647035563248034,0.6119045578654155,0.3408518461229666,False,1e-24,False
HNHN,real,,203,base,53.275137571774486,123.44379760428576,2.169600583773806,2779.7211980087927,2794.8800576855706,0.01916564064408231,0.044408697423580716,0.0007762768129557745,0.0009574380617591704,0.009631423374644347,0.000494083925541309,0.08130454818827088,0.08183252138284894,0.011775947140645842,0.118461065085087,0.0060377453510171665,False,1e-24,False
HNHN,real,,203,restart,9576.298104610296,3404.3604238937683,649.680813596376,14840.872816348176,14824.927180507466,0.6452651554335395,0.22939084958289288,0.04382354163942254,0.17210114725191702,0.2656175295863241,0.1479520466261244,0.4340832670258907,0.4340655575404798,0.39647035563260297,0.6119045578655798,0.3408518461230981,False,1e-24,False
HNHN,real,,204,base,52.79207244297515,123.17907680961817,2.1508941798011696,2775.463044085925,2790.550241131432,0.019020996354272037,0.04438145089774962,0.0007707778014880274,0.0009487566211904252,0.00961076913280314,0.0004898239093997733,0.08118000070449341,0.08170574678127845,0.011687073330339482,0.11838838444689953,0.005994975001097579,False,1e-24,False
HNHN,real,,204,restart,9576.298104608919,3404.360423893156,649.680813596324,14840.872816341936,14824.927180501161,0.645265155433718,0.22939084958294806,0.04382354163943768,0.1721011472518923,0.2656175295862763,0.14795204662611258,0.43408326702570815,0.4340655575402952,0.39647035563271266,0.6119045578657271,0.3408518461232158,False,1e-24,False
HNHN,real,,205,base,52.31576270115442,122.91756166741693,2.1324367844845296,2771.2417857544665,2786.2577123118886,0.01887809391807057,0.04435468687693478,0.0007653408279721357,0.0009401965855567029,0.009590365004752134,0.0004856206000895173,0.08105653238627823,0.0815800639436748,0.011599269767378616,0.11831699090023806,0.005952687171522733,False,1e-24,False
HNHN,real,,205,restart,9576.298104607695,3404.360423892611,649.6808135962777,14840.872816336367,14824.927180495535,0.6452651554338776,0.22939084958299744,0.04382354163945119,0.17210114725187028,0.2656175295862338,0.14795204662610204,0.4340832670255452,0.4340655575401305,0.3964703556328108,0.6119045578658588,0.34085184612332087,False,1e-24,False
HNHN,real,,206,base,51.84608367650603,122.65919613555744,2.11422389818201,2767.0569292850973,2782.0019754725363,0.018736905311847376,0.04432839629622218,0.0007599649162085511,0.0009317557143453905,0.009570206617931187,0.0004814729729054694,0.08093412879245071,0.08145545835462693,0.011512519233200196,0.11824686026426795,0.005910874269583189,False,1e-24,False
HNHN,real,,206,restart,9576.298104606605,3404.360423892126,649.6808135962366,14840.872816331394,14824.927180490511,0.6452651554340204,0.22939084958304165,0.04382354163946326,0.17210114725185072,0.265617529586196,0.14795204662609265,0.4340832670253998,0.4340655575399834,0.3964703556328985,0.6119045578659768,0.3408518461234148,False,1e-24,False
HNHN,real,,207,base,51.38291353517886,122.40392540993975,2.096251124484652,2762.907989892085,2777.7825438062746,0.018597403070663165,0.04430257028382645,0.000754649110009976,0.0009234318180104526,0.009550289696374236,0.0004773800266518275,0.08081277574342874,0.0813319157606958,0.011426804852517904,0.11817796887332896,0.005869528858221297,False,1e-24,False
HNHN,real,,207,restart,9576.29810460564,3404.360423891696,649.6808135962001,14840.872816326955,14824.92718048603,0.6452651554341483,0.22939084958308126,0.04382354163947405,0.17210114725183334,0.2656175295861624,0.14795204662608435,0.43408326702527,0.43406555753985215,0.3964703556329771,0.6119045578660824,0.3408518461234987,False,1e-24,False
HNHN,real,,208,base,50.92613320266091,122.15169589166875,2.0785141673481458,2758.7944915281055,2773.5989392482857,0.01845956027498545,0.04427720015636558,0.0007493924726952321,0.0009152227565955198,0.009530610058148602,0.00047334078298886736,0.08069245931522143,0.08120942216441157,0.011342110085159798,0.11811029356433053,0.005828643652094592,False,1e-24,False
HNHN,real,,208,restart,9576.298104604777,3404.3604238913117,649.6808135961677,14840.872816322993,14824.927180482026,0.6452651554342624,0.2293908495831166,0.0438235416394837,0.17210114725181785,0.26561752958613244,0.14795204662607697,0.4340832670251541,0.4340655575397349,0.3964703556330472,0.6119045578661767,0.3408518461235738,False,1e-24,False
HNHN,real,,209,base,50.47562628956623,121.90245515525064,2.061008828317932,2754.715966684768,2769.4506922767023,0.01832335053777337,0.04425227741426903,0.0007441940865983153,0.0009071264384001632,0.009511163612873593,0.000469354285801014,0.08057316583359467,0.08108796381843712,0.011258418718132837,0.11804381166450272,0.005788211513757311,False,1e-24,False
HNHN,real,,209,restart,9576.298104604013,3404.360423890971,649.6808135961389,14840.872816319457,14824.927180478453,0.6452651554343648,0.2293908495831483,0.04382354163949232,0.17210114725180412,0.26561752958610585,0.14795204662607042,0.4340832670250507,0.43406555753963033,0.3964703556331101,0.6119045578662612,0.34085184612364083,False,1e-24,False
HNHN,real,,210,base,50.03127901973884,121.65615191776925,2.0437310038442034,2750.67195619864,2765.3373417187863,0.01818874799192006,0.04422779373731465,0.000739053052592104,0.0008991408186878097,0.009491946359315556,0.0004654196005853855,0.08045488186839744,0.08096752721989324,0.0111757148579071,0.11797850097949093,0.005748225449955877,False,1e-24,False
HNHN,real,,210,restart,9576.298104603333,3404.3604238906682,649.6808135961132,14840.872816316301,14824.927180475263,0.6452651554344562,0.22939084958317668,0.043823541639500016,0.1721011472517919,0.26561752958608226,0.14795204662606457,0.43408326702495836,0.4340655575395369,0.39647035563316624,0.6119045578663369,0.3408518461237007,False,1e-24,False
HNHN,real,,211,base,49.59298016059068,121.41273600900838,2.0266766826834575,2746.6620090626056,2761.2584345624264,0.018055727278041035,0.044203740980290736,0.0007339684896262246,0.0008912638984338036,0.009472954383056731,0.0004615358138600488,0.08033759422804428,0.0808480991048392,0.011093982922912582,0.11791433978178435,0.0057086786080345,False,1e-24,False
HNHN,real,,211,restart,9576.29810460273,3404.360423890398,649.6808135960905,14840.872816313482,14824.927180472414,0.6452651554345381,0.22939084958320205,0.043823541639506906,0.17210114725178108,0.26561752958606116,0.1479520466260594,0.4340832670248759,0.43406555753945353,0.3964703556332166,0.6119045578664046,0.34085184612375424,False,1e-24,False
HNHN,real,,212,base,49.16062095559507,121.17215834248621,2.0098419433834276,2742.685682242383,2757.2135257727914,0.01792426353259773,0.04418011116877873,0.0007289395342785826,0.0008834937231122095,0.009454183854235293,0.0004577020325912609,0.0802212899541485,0.08072966644290466,0.01101320763624197,0.11785130679946622,0.0056695642724470625,False,1e-24,False
HNHN,real,,212,restart,9576.298104602192,3404.3604238901585,649.6808135960703,14840.872816310968,14824.927180469871,0.6452651554346113,0.22939084958322478,0.043823541639513054,0.1721011472517714,0.26561752958604246,0.1479520466260548,0.4340832670248024,0.43406555753937903,0.39647035563326155,0.6119045578664652,0.3408518461238021,False,1e-24,False
HNHN,real,,213,base,48.73409505885913,120.9343708873699,1.9932229518483147,2738.742540498032,2753.2021781139792,0.017794332376345597,0.04415689649505292,0.0007239653403200953,0.0008758283815199748,0.009435631025354038,0.00045391738363899896,0.0801059563163015,0.08061221643206748,0.010933374018552778,0.11778938120527616,0.005630875861371688,False,1e-24,False
HNHN,real,,213,restart,9576.298104601718,3404.3604238899457,649.6808135960524,14840.87281630872,14824.927180467601,0.6452651554346769,0.22939084958324515,0.043823541639518564,0.17210114725176287,0.26561752958602586,0.14795204662605071,0.4340832670247366,0.4340655575393126,0.39647035563330185,0.6119045578665196,0.34085184612384495,False,1e-24,False
HNHN,real,,214,base,48.313298471702325,120.69932664124059,1.9768159589813947,2734.832156210303,2749.2239619754887,0.017665909903096494,0.04413408931409357,0.0007190450782921772,0.0008682660046371465,0.009417292229155445,0.0004501810132201103,0.07999158080699356,0.08049573649357301,0.010854467381162632,0.11772854260597515,0.005592606923424496,False,1e-24,False
HNHN,real,,214,restart,9576.298104601294,3404.3604238897556,649.6808135960364,14840.872816306715,14824.927180465575,0.6452651554347355,0.22939084958326336,0.043823541639523476,0.17210114725175524,0.26561752958601104,0.14795204662604708,0.434083267024678,0.43406555753925324,0.3964703556333379,0.6119045578665682,0.34085184612388314,False,1e-24,False
HNHN,real,,215,base,47.898129481170876,120.46697960367811,1.9606172984021852,2730.9541092116533,2745.2784552033727,0.017538972668785586,0.04411168213970956,0.0007141779350965477,0.0008608047645218785,0.009399163876560668,0.0004464920863884417,0.07987815113667125,0.08038021426699034,0.010776473319331646,0.11766877103200263,0.0055547511344691955,False,1e-24,False
HNHN,real,,215,restart,9576.298104600915,3404.3604238895873,649.6808135960221,14840.872816304922,14824.927180463765,0.645265155434788,0.2293908495832797,0.043823541639527855,0.17210114725174844,0.2656175295859979,0.1479520466260438,0.4340832670246255,0.43406555753920023,0.39647035563337013,0.6119045578666118,0.34085184612391717,False,1e-24,False
HNHN,real,,216,base,47.4884886004207,120.23728475063804,1.944623384235469,2727.107986621813,2741.3652429359217,0.017413497680833223,0.04408966764076738,0.0007093631135969443,0.0008534428732390194,0.009381242454670381,0.00044284978653133316,0.07976565522892781,0.08026563760540115,0.010699377705726033,0.1176100469274172,0.005517302294519285,False,1e-24,False
HNHN,real,,216,restart,9576.29810460058,3404.360423889437,649.6808135960097,14840.872816303327,14824.92718046215,0.6452651554348349,0.22939084958329425,0.043823541639531796,0.17210114725174244,0.26561752958598617,0.14795204662604097,0.43408326702457883,0.43406555753915294,0.39647035563339894,0.6119045578666505,0.34085184612394787,False,1e-24,False
HNHN,real,,217,base,47.0842785109042,120.0101980095935,1.9288307089695962,2723.2933826877293,2737.483917443731,0.017289462387792682,0.04406803863752297,0.0007045998322323453,0.0008461785818211176,0.00936352452482526,0.00043925331488188827,0.07965408121582174,0.08015199457071705,0.010623166684057371,0.11755235114011177,0.00548025432472976,False,1e-24,False
HNHN,real,,217,restart,9576.298104600282,3404.3604238893026,649.6808135959983,14840.872816301897,14824.927180460707,0.645265155434877,0.22939084958330733,0.04382354163953529,0.17210114725173709,0.2656175295859757,0.1479520466260384,0.43408326702453703,0.43406555753911075,0.3964703556334248,0.6119045578666854,0.34085184612397507,False,1e-24,False
HNHN,real,,218,base,46.68540400629832,119.78567623541558,1.9132358413815622,2719.509898627767,2733.6340779740185,0.01716684466927487,0.04404678809805327,0.0006998873246413145,0.0008390101792607207,0.00934600672072411,0.00043570189004645134,0.07954341743331969,0.08003927342912119,0.010547826662892038,0.11749566491229468,0.005443601264475337,False,1e-24,False
HNHN,real,,218,restart,9576.298104600017,3404.360423889184,649.6808135959883,14840.872816300622,14824.927180459417,0.6452651554349144,0.229390849583319,0.04382354163953843,0.1721011472517323,0.2656175295859664,0.14795204662603612,0.43408326702449973,0.43406555753907294,0.3964703556334478,0.6119045578667166,0.34085184612399944,False,1e-24,False
HNHN,real,,219,base,46.2917719381145,119.56367718696721,1.897835424526497,2715.757142480033,2729.8153305990636,0.01704562282614151,0.04402590913478423,0.0006952248392971011,0.0008319359915329007,0.00932868574659766,0.0004321947475467531,0.07943365241686019,0.07992746264663077,0.0104733443096256,0.11743996987122801,0.0054073372685123225,False,1e-24,False
HNHN,real,,219,restart,9576.298104599782,3404.3604238890784,649.6808135959794,14840.872816299483,14824.927180458268,0.6452651554349481,0.2293908495833295,0.043823541639541226,0.1721011472517281,0.2656175295859582,0.1479520466260341,0.4340832670244664,0.4340655575390393,0.3964703556334685,0.6119045578667446,0.3408518461240212,False,1e-24,False
HNHN,real,,220,base,45.90329116293261,119.34415950438661,1.8826261737892598,2712.0347289546885,2726.027288068629,0.016925775570958604,0.04400539500111267,0.0006906116391531382,0.0008249543806469645,0.009311558375436154,0.0004287311393761998,0.0793247748970338,0.0798165508847759,0.010399706544617148,0.11738524802021645,0.005371456604221361,False,1e-24,False
HNHN,real,,220,restart,9576.298104599571,3404.3604238889843,649.6808135959716,14840.872816298466,14824.927180457236,0.6452651554349781,0.22939084958333886,0.043823541639543745,0.1721011472517243,0.26561752958595086,0.1479520466260323,0.43408326702443667,0.4340655575390091,0.3964703556334869,0.6119045578667696,0.3408518461240408,False,1e-24,False
HNHN,real,,221,base,45.51987249120374,119.12708268703652,1.867604874995953,2708.342279290135,2722.2695696662554,0.0168072820187021,0.04398523908811855,0.0006860470012985956,0.0008180637437263599,0.009294621447268881,0.00042531033356980733,0.07921677379537673,0.0797065269963921,0.010326900535478559,0.1173314817298371,0.005335953648928386,False,1e-24,False
HNHN,real,,221,restart,9576.298104599386,3404.3604238889,649.6808135959648,14840.872816297559,14824.927180456321,0.6452651554350051,0.22939084958334724,0.04382354163954599,0.17210114725172096,0.26561752958594426,0.14795204662603076,0.43408326702441014,0.4340655575389823,0.3964703556335035,0.6119045578667919,0.3408518461240583,False,1e-24,False
HNHN,real,,222,base,45.14142863756869,118.91240707209738,1.8527683825832464,2704.6794211129504,2718.541801069301,0.016690121677708263,0.04396543492136529,0.0006815302166236641,0.0008112625121158199,0.00927787186749397,0.00042193161378730094,0.07910963822027407,0.0795973800215222,0.010254913691514152,0.11727865372940427,0.005300822887301261,False,1e-24,False
HNHN,real,,222,restart,9576.29810459922,3404.360423888826,649.6808135959584,14840.872816296749,14824.9271804555,0.645265155435029,0.22939084958335476,0.04382354163954799,0.172101147251718,0.2656175295859385,0.14795204662602932,0.4340832670243865,0.43406555753895826,0.39647035563351823,0.611904557866812,0.3408518461240738,False,1e-24,False
HNHN,real,,223,base,44.767874172640724,118.70009381378252,1.8381136178234745,2701.0457883014597,2714.843614212614,0.01657427444086122,0.043945976157785366,0.0006770605894942434,0.0008045491505148242,0.00926130660525669,0.0004185942789089161,0.07900335746296937,0.0794890991834249,0.010183733658306033,0.11722674709866188,0.0052660589088195575,False,1e-24,False
HNHN,real,,223,restart,9576.298104599073,3404.3604238887597,649.6808135959528,14840.872816296025,14824.927180454768,0.6452651554350507,0.22939084958336148,0.04382354163954978,0.17210114725171533,0.2656175295859333,0.14795204662602804,0.4340832670243653,0.43406555753893683,0.39647035563353156,0.6119045578668298,0.34085184612408775,False,1e-24,False
HNHN,real,,224,base,44.399125476203764,118.49010486315497,1.8236375671035685,2697.441020852834,2711.1746471557285,0.01645972057701056,0.04392685658264834,0.0006726374374357374,0.0007979221561364957,0.009244922691874711,0.0004152976426434587,0.07889792099367732,0.07938167388468625,0.010113348312440821,0.11717574525969544,0.005231656405315169,False,1e-24,False
HNHN,real,,224,restart,9576.298104598942,3404.3604238887006,649.6808135959479,14840.872816295378,14824.927180454113,0.64526515543507,0.2293908495833675,0.043823541639551385,0.172101147251713,0.2656175295859287,0.14795204662602693,0.43408326702434635,0.4340655575389177,0.39647035563354344,0.6119045578668459,0.3408518461241002,False,1e-24,False
HNHN,real,,225,base,44.035100691778275,118.28240294852561,1.809337280255957,2693.8647647536063,2707.5345439534776,0.016346440722612123,0.04390807010660919,0.0006682600908256578,0.000791380057891079,0.009228717219308707,0.0004120410331482009,0.07879331845779655,0.0792750937034313,0.01004374575637349,0.11712563196905855,0.005197610168581438,False,1e-24,False
HNHN,real,,225,restart,9576.298104598822,3404.360423888648,649.6808135959435,14840.8728162948,14824.92718045353,0.6452651554350871,0.22939084958337289,0.043823541639552814,0.17210114725171083,0.2656175295859246,0.14795204662602593,0.4340832670243294,0.4340655575389006,0.39647035563355393,0.6119045578668604,0.3408518461241113,False,1e-24,False
HNHN,real,,226,base,43.67571968250943,118.076951556414,1.7952098689396239,2690.316671853505,2703.922954529916,0.016234415873585196,0.04388961076283424,0.0006639278925947525,0.0007849214155931807,0.009212687338676874,0.00040882379266019855,0.07868953967221928,0.0791693483896326,0.00997491431342419,0.11707639131010622,0.005163915088048582,False,1e-24,False
HNHN,real,,226,restart,9576.29810459872,3404.360423888601,649.6808135959395,14840.872816294283,14824.927180453007,0.6452651554351027,0.2293908495833777,0.04382354163955409,0.172101147251709,0.26561752958592094,0.147952046626025,0.4340832670243143,0.43406555753888526,0.3964703556335635,0.6119045578668731,0.3408518461241212,False,1e-24,False
HNHN,real,,227,base,43.320903988333754,117.87371491305252,1.7812525050696146,2686.7963997425004,2700.3395345554586,0.016123627377379834,0.04387147270420245,0.0006596401979363872,0.0007785448191919866,0.009196830258811826,0.00040564527713864227,0.07858657462173507,0.07906442786151294,0.009906842522904169,0.11702800768552918,0.005130566148523319,False,1e-24,False
HNHN,real,,227,restart,9576.298104598625,3404.3604238885596,649.6808135959362,14840.87281629382,14824.927180452542,0.6452651554351164,0.22939084958338204,0.043823541639555236,0.1721011472517073,0.2656175295859177,0.14795204662602426,0.43408326702430083,0.43406555753887166,0.3964703556335719,0.6119045578668848,0.34085184612413016,False,1e-24,False
HNHN,real,,228,base,42.97057678438175,117.67265796641726,1.7674624192933162,2683.3036116309772,2696.7839453271386,0.016014056925247898,0.04385365020057978,0.0006553963740239156,0.000772248888023692,0.009181143244858601,0.00040250485591785995,0.07848441345552597,0.07896032220203927,0.00983951913536686,0.11698046581008334,0.005097558427990617,False,1e-24,False
HNHN,real,,228,restart,9576.298104598543,3404.3604238885227,649.6808135959332,14840.872816293413,14824.927180452125,0.6452651554351286,0.22939084958338588,0.04382354163955626,0.17210114725170583,0.26561752958591484,0.14795204662602357,0.4340832670242889,0.43406555753885945,0.3964703556335794,0.611904557866895,0.34085184612413816,False,1e-24,False
HNHN,real,,229,base,42.62466284057607,117.47374636876738,1.7538368995119198,2679.8379762329287,2693.2558536518827,0.015905686544711903,0.04383613763616457,0.0006511957997357841,0.0007660322700854167,0.009165623616912333,0.00039940191137060915,0.07838304648375,0.07885702165550523,0.009772933107980523,0.1169337507035084,0.00506488709547561,False,1e-24,False
HNHN,real,,229,restart,9576.29810459847,3404.360423888489,649.6808135959304,14840.872816293044,14824.927180451754,0.6452651554351398,0.22939084958338934,0.04382354163955718,0.1721011472517045,0.2656175295859122,0.14795204662602293,0.4340832670242781,0.43406555753884857,0.3964703556335863,0.6119045578669042,0.34085184612414526,False,1e-24,False
HNHN,real,,230,base,42.283088482386006,117.27694645967686,1.7403732894455348,2676.3991676520905,2689.7549317327307,0.015798498592225856,0.04381892950690153,0.0006470378653881275,0.0007598936413299014,0.00915026874869434,0.0003963358385813098,0.07828246417421073,0.07875451662419955,0.009707073600018839,0.11688784768362968,0.005032547408963772,False,1e-24,False
HNHN,real,,230,restart,9576.298104598407,3404.3604238884604,649.6808135959278,14840.872816292716,14824.927180451421,0.6452651554351497,0.22939084958339248,0.04382354163955799,0.17210114725170336,0.26561752958590995,0.14795204662602235,0.4340832670242685,0.43406555753883885,0.3964703556335924,0.6119045578669126,0.3408518461241516,False,1e-24,False
HNHN,real,,231,base,41.94578155270047,117.08222524954321,1.7270689872404685,2672.9868652709292,2686.280857057898,0.015692475746022387,0.04380202041796265,0.000642921972474617,0.0007538317049803056,0.009135076066265433,0.0003933060450288794,0.07818265714911021,0.07865279766515797,0.009641929968465964,0.11684274235963849,0.005000534713377502,False,1e-24,False
HNHN,real,,231,restart,9576.298104598349,3404.3604238884336,649.6808135959255,14840.872816292418,14824.927180451125,0.6452651554351586,0.22939084958339526,0.043823541639558705,0.17210114725170234,0.2656175295859079,0.14795204662602182,0.4340832670242598,0.43406555753883014,0.39647035563359784,0.61190455786692,0.34085184612415714,False,1e-24,False
HNHN,real,,232,base,41.61267137478313,116.8895504035569,1.7139214441172683,2669.600753642392,2682.8333122926024,0.015587600999140779,0.043785405081292875,0.0006388475334133393,0.0007478451908644528,0.00912004304677516,0.0003903119502788516,0.07808361618188284,0.07855185548699593,0.009577491763732758,0.11679842062554494,0.004968844438607395,False,1e-24,False
HNHN,real,,232,restart,9576.298104598298,3404.360423888411,649.680813595924,14840.872816292162,14824.92718045086,0.6452651554351665,0.2293908495833977,0.04382354163955938,0.17210114725170142,0.2656175295859061,0.14795204662602146,0.4340832670242523,0.4340655575388224,0.39647035563360267,0.6119045578669265,0.34085184612416236,False,1e-24,False
HNHN,real,,233,base,41.28368871627494,116.6988902261176,1.7009281630581323,2666.24052238435,2679.411985173579,0.015483857652630682,0.04376907831321865,0.0006348139713004763,0.0007419328547678992,0.009105167217245925,0.00038735298568445933,0.07798533219410775,0.07845168094682013,0.009513748725480926,0.1167548686537989,0.004937472097596399,False,1e-24,False
HNHN,real,,233,restart,9576.298104598252,3404.36042388839,649.680813595922,14840.872816291923,14824.927180450622,0.6452651554351736,0.22939084958339997,0.043823541639559954,0.1721011472517006,0.26561752958590445,0.14795204662602102,0.4340832670242453,0.4340655575388155,0.39647035563360705,0.6119045578669325,0.34085184612416686,False,1e-24,False
HNHN,real,,234,base,40.9587657542099,116.51021364568231,1.6880866975324125,2662.90586607664,2676.016568406197,0.01538122930892634,0.04375303503211746,0.0006308207196705872,0.0007360934778052122,0.009090446153390795,0.0003844285940963934,0.07788779625249759,0.078352265047216,0.009450690778551952,0.11671207288907337,0.00490641328447534,False,1e-24,False
HNHN,real,,234,restart,9576.29810459821,3404.360423888372,649.6808135959204,14840.872816291716,14824.927180450411,0.6452651554351799,0.22939084958340195,0.04382354163956047,0.17210114725169984,0.26561752958590307,0.14795204662602066,0.43408326702423927,0.43406555753880927,0.39647035563361094,0.6119045578669379,0.34085184612417085,False,1e-24,False
HNHN,real,,235,base,40.63783604101193,116.32349020003223,1.6753946502588988,2659.596484160654,2672.6467595641116,0.015279699865386489,0.04373727025614674,0.0006268672222632755,0.0007303258658088804,0.00907587747846398,0.0003815382295809369,0.0777909995659614,0.07825359893330969,0.009388308028997809,0.11667002004220632,0.004875663672748093,False,1e-24,False
HNHN,real,,235,restart,9576.298104598174,3404.360423888355,649.6808135959192,14840.872816291529,14824.927180450222,0.6452651554351856,0.22939084958340372,0.043823541639560946,0.1721011472516992,0.26561752958590173,0.14795204662602038,0.4340832670242338,0.43406555753880377,0.39647035563361444,0.6119045578669425,0.3408518461241746,False,1e-24,False
HNHN,real,,236,base,40.32083447144114,116.13869002194464,1.6628496720037151,2656.3120808413755,2669.3022609913655,0.015179253507995073,0.043721779101030256,0.0006229529327960563,0.0007246288487352863,0.009061458862142917,0.0003786813571462097,0.07769493348273934,0.07815567388990163,0.009326590760210503,0.11662869708429578,0.004845219013524986,False,1e-24,False
HNHN,real,,236,restart,9576.298104598141,3404.3604238883404,649.6808135959178,14840.872816291361,14824.927180450053,0.6452651554351908,0.22939084958340533,0.043823541639561356,0.1721011472516986,0.2656175295859006,0.14795204662602007,0.4340832670242289,0.4340655575387988,0.39647035563361765,0.6119045578669469,0.34085184612417774,False,1e-24,False
HNHN,real,,237,base,40.00769725045969,115.95578382525743,1.6504494604126108,2653.0523649918086,2665.98277970689,0.015079874705218349,0.043706556777900404,0.0006190773147432214,0.0007190012800872052,0.00904718801944098,0.0003758574524762456,0.07759958948760738,0.07805848133867038,0.009265529429147682,0.11658809124094416,0.00481507513380285,False,1e-24,False
HNHN,real,,237,restart,9576.298104598112,3404.360423888327,649.6808135959168,14840.872816291212,14824.9271804499,0.6452651554351952,0.22939084958340675,0.04382354163956174,0.17210114725169806,0.26561752958589957,0.14795204662601982,0.4340832670242245,0.43406555753879433,0.3964703556336204,0.6119045578669506,0.34085184612418074,False,1e-24,False
HNHN,real,,238,base,39.69836186198762,115.77474289131378,1.6381917588765504,2649.8170500597334,2662.688027311308,0.014981548202013691,0.04369159859119479,0.0006152398411205315,0.0007134420363522978,0.009033062709649865,0.000373066001672653,0.07750495919914983,0.07796201283544384,0.009205114662651467,0.11654818998664734,0.004785227934790392,False,1e-24,False
HNHN,real,,238,restart,9576.298104598089,3404.3604238883163,649.6808135959159,14840.872816291077,14824.927180449768,0.6452651554351995,0.22939084958340805,0.04382354163956207,0.17210114725169764,0.26561752958589874,0.14795204662601963,0.43408326702422056,0.43406555753879045,0.39647035563362293,0.6119045578669541,0.3408518461241833,False,1e-24,False
HNHN,real,,239,base,39.392767038521065,115.5955390557752,1.6260743554294963,2646.6058539767077,2659.417719896006,0.01488425901398605,0.043676899936605576,0.0006114399942755447,0.0007079500164571023,0.0090190807353107,0.0003703065010036061,0.07741103436709783,0.07786626006753694,0.009145337253858007,0.11650898103932453,0.004755673390277412,False,1e-24,False
HNHN,real,,239,restart,9576.298104598065,3404.3604238883054,649.6808135959151,14840.872816290961,14824.927180449647,0.6452651554352029,0.22939084958340913,0.04382354163956237,0.17210114725169723,0.26561752958589785,0.14795204662601943,0.4340832670242172,0.4340655575387869,0.39647035563362504,0.611904557866957,0.3408518461241856,False,1e-24,False
HNHN,real,,240,base,39.090852731585215,115.41814469579104,1.614095081677344,2643.418499069269,2656.171577954384,0.014787992421687622,0.04366245629907979,0.0006076772656834233,0.0007025241412360279,0.00900523994121298,0.00036757845665993146,0.07731780686973204,0.07777121485115311,0.009086188158695023,0.11647045235498399,0.004726407545046615,False,1e-24,False
HNHN,real,,240,restart,9576.298104598043,3404.3604238882967,649.6808135959144,14840.872816290852,14824.92718044954,0.6452651554352064,0.22939084958341024,0.04382354163956264,0.17210114725169684,0.2656175295858972,0.1479520466260193,0.43408326702421396,0.4340655575387838,0.3964703556336272,0.61190455786696,0.34085184612418773,False,1e-24,False
HNHN,real,,241,base,38.7925600829964,115.24253271751454,1.6022518117569997,2640.254711972256,2652.949326295235,0.014692733965056947,0.04364826325086984,0.0006039511557480432,0.0006971633529148882,0.008991538213420533,0.00036488138451805786,0.07722526871134738,0.0776768691288481,0.00902765849246502,0.11643259212252281,0.004697426513326681,False,1e-24,False
HNHN,real,,241,restart,9576.298104598027,3404.3604238882876,649.6808135959136,14840.872816290757,14824.927180449442,0.6452651554352092,0.2293908495834111,0.043823541639562875,0.17210114725169653,0.26561752958589646,0.1479520466260191,0.43408326702421124,0.4340655575387809,0.396470355633629,0.6119045578669623,0.34085184612418956,False,1e-24,False
HNHN,real,,242,base,38.497831396907614,115.06867654395325,1.5905424613246288,2637.1142235442076,2649.750693958197,0.014598469437993327,0.043634316449631894,0.0006002611736082525,0.0006918666146085158,0.008977973478323577,0.0003622148099096101,0.07713341201977851,0.07758321496705438,0.008969739526511646,0.11639538875865428,0.004668726477285379,False,1e-24,False
HNHN,real,,242,restart,9576.29810459801,3404.3604238882804,649.680813595913,14840.872816290672,14824.927180449355,0.6452651554352119,0.22939084958341194,0.0438235416395631,0.17210114725169626,0.2656175295858959,0.147952046626019,0.43408326702420874,0.43406555753877835,0.3964703556336306,0.6119045578669645,0.3408518461241913,False,1e-24,False
HNHN,real,,243,base,38.20661011261348,114.89655010314478,1.5789649865721376,2633.9967687847684,2646.575414131203,0.014505184883062952,0.04362061163657157,0.0005966068369491249,0.0006866329098320252,0.008964543701716158,0.0003595782673974319,0.07704222904398399,0.0774902445536642,0.008912422684966986,0.11635883090296144,0.004640303685561525,False,1e-24,False
HNHN,real,,243,restart,9576.298104597996,3404.3604238882745,649.6808135959126,14840.872816290597,14824.92718044928,0.6452651554352141,0.2293908495834127,0.043823541639563285,0.17210114725169598,0.26561752958589546,0.14795204662601888,0.4340832670242065,0.4340655575387762,0.396470355633632,0.6119045578669665,0.3408518461241928,False,1e-24,False
HNHN,real,,244,base,37.918840778091,114.72612781664735,1.5675173832709812,2630.9020867540507,2643.423224069897,0.014412866586332916,0.04360714463463516,0.0005929876718180536,0.0006814612420252977,0.008951246887898152,0.00035697130055783197,0.0769517121516877,0.07739795019567008,0.008855699541577411,0.1163229074130722,0.004612154451834594,False,1e-24,False
HNHN,real,,244,restart,9576.298104597985,3404.360423888269,649.680813595912,14840.872816290528,14824.927180449211,0.6452651554352163,0.22939084958341335,0.04382354163956345,0.17210114725169579,0.265617529585895,0.14795204662601874,0.4340832670242045,0.4340655575387741,0.3964703556336333,0.6119045578669683,0.34085184612419406,False,1e-24,False
HNHN,real,,245,base,37.634469024253356,114.55738458833552,1.5561976858424413,2627.8299204939008,2640.29386501894,0.014321501072329658,0.04359391134674517,0.0005894032124455504,0.0006763506340902817,0.00893808107880108,0.0003543934617688579,0.07686185382707598,0.07730632431686077,0.0087995618166059,0.1162876073599526,0.004584275153430927,False,1e-24,False
HNHN,real,,245,restart,9576.298104597972,3404.3604238882635,649.6808135959116,14840.872816290468,14824.92718044915,0.645265155435218,0.2293908495834139,0.04382354163956361,0.17210114725169556,0.26561752958589463,0.14795204662601863,0.43408326702420275,0.4340655575387723,0.39647035563363436,0.6119045578669697,0.3408518461241953,False,1e-24,False
HNHN,real,,246,base,37.353441539895094,114.39029579349211,1.5450039664535127,2624.7800169510056,2637.1870821351654,0.014231075099118425,0.04358090775407916,0.0005858530010706027,0.0006713001279407193,0.008925044353137028,0.0003518443120044023,0.07677264666854852,0.0772153594555712,0.008744001373808714,0.11625292002331546,0.004556662229965391,False,1e-24,False
HNHN,real,,246,restart,9576.298104597965,3404.360423888259,649.6808135959112,14840.872816290415,14824.927180449093,0.6452651554352199,0.22939084958341446,0.04382354163956375,0.17210114725169542,0.26561752958589424,0.14795204662601857,0.4340832670242012,0.4340655575387707,0.3964703556336355,0.6119045578669712,0.3408518461241964,False,1e-24,False
HNHN,real,,247,base,37.07570604730733,114.2248372681872,1.5339343341376084,2621.752126901807,2634.1026244125314,0.01414157565350034,0.04356812991439037,0.0005823365877704605,0.0006663087840639118,0.008912134825569962,0.0003493234206339605,0.07668408338652219,0.07712504826248517,0.008689010217484331,0.11621883488714084,0.004529312182017484,False,1e-24,False
HNHN,real,,247,restart,9576.298104597952,3404.3604238882544,649.6808135959108,14840.872816290364,14824.927180449044,0.6452651554352213,0.2293908495834149,0.04382354163956387,0.1721011472516952,0.2656175295858939,0.14795204662601846,0.43408326702419975,0.43406555753876924,0.39647035563363636,0.6119045578669724,0.3408518461241973,False,1e-24,False
HNHN,real,,248,base,36.801211278542766,114.0609852989355,1.5229869339392954,2618.746004879158,2631.040244608819,0.014052989946323929,0.04355557396036919,0.0005788535302947188,0.0006613756810941653,0.008899350645908776,0.0003468303652278609,0.07659615680128574,0.07703538349848911,0.008634580489592703,0.116185341635305,0.004502221569840868,False,1e-24,False
HNHN,real,,248,restart,9576.298104597947,3404.360423888251,649.6808135959105,14840.87281629032,14824.927180449002,0.6452651554352228,0.22939084958341538,0.04382354163956397,0.1721011472516951,0.26561752958589363,0.1479520466260184,0.43408326702419847,0.434065557538768,0.39647035563363725,0.6119045578669737,0.3408518461241981,False,1e-24,False
HNHN,real,,249,base,36.52990695231059,113.89871661262403,1.5121599460823072,2615.7614091006817,2627.9996991740272,0.01396530540790792,0.0435432360980443,0.0005754033939035742,0.0006564999153975558,0.008886689998321417,0.0003443647313677962,0.07650885984090443,0.07694635803257549,0.008580704466942885,0.11615243014731565,0.004475387012105346,False,1e-24,False
HNHN,real,,249,restart,9576.298104597938,3404.360423888247,649.6808135959103,14840.872816290284,14824.927180448962,0.6452651554352239,0.22939084958341568,0.043823541639564076,0.17210114725169492,0.26561752958589335,0.14795204662601835,0.43408326702419736,0.43406555753876686,0.39647035563363797,0.6119045578669745,0.3408518461241989,False,1e-24,False
HNHN,real,,250,base,36.26174375148246,113.73800836670152,1.5014515851601076,2612.798101398784,2624.9807481804237,0.013878509683572345,0.04353111260522231,0.0005719857512101296,0.000651680600667676,0.008874151100569437,0.00034192611246249027,0.07642218553917296,0.07685796483979482,0.008527374558447215,0.11612009049414937,0.004448805184670345,False,1e-24,False
HNHN,real,,250,restart,9576.298104597932,3404.360423888245,649.6808135959102,14840.872816290248,14824.927180448927,0.645265155435225,0.22939084958341607,0.043823541639564166,0.17210114725169484,0.26561752958589313,0.14795204662601832,0.4340832670241963,0.4340655575387658,0.39647035563363864,0.6119045578669755,0.3408518461241996,False,1e-24,False
HNHN,real,,251,base,35.99667330119098,113.5788381396224,1.4908600993483085,2609.8558471522765,2621.9831552542,0.01379259062927497,0.04351919982996496,0.0005686001820266348,0.0006469168675320311,0.00886173220326241,0.0003395141095683418,0.07633612703361539,0.0767701969992545,0.0084745833024402,0.1160883129341898,0.004422472819388996,False,1e-24,False
HNHN,real,,251,restart,9576.298104597927,3404.360423888242,649.68081359591,14840.872816290217,14824.927180448894,0.6452651554352259,0.22939084958341635,0.04382354163956424,0.17210114725169473,0.26561752958589296,0.14795204662601827,0.4340832670241954,0.43406555753876486,0.3964703556336392,0.6119045578669763,0.3408518461242002,False,1e-24,False
HNHN,real,,252,base,35.73464814750305,113.42118392153736,1.4803837696382607,2606.9344152195654,2619.006687508694,0.013707536307350237,0.043507494189102804,0.0005652462732145453,0.0006422078631687644,0.008849431589131571,0.00033712833121488924,0.07625067756353111,0.0766830476921636,0.008422323364060402,0.11605708790926263,0.004396386702941921,False,1e-24,False
HNHN,real,,252,restart,9576.298104597923,3404.36042388824,649.6808135959099,14840.87281629019,14824.927180448867,0.6452651554352269,0.22939084958341663,0.04382354163956432,0.17210114725169467,0.26561752958589274,0.14795204662601827,0.43408326702419464,0.4340655575387641,0.3964703556336398,0.6119045578669771,0.3408518461242008,False,1e-24,False
HNHN,real,,253,base,35.475621736650886,113.26502410522329,1.4700209090911684,2604.033577873366,2616.051115479136,0.013623334982347935,0.04349599216678432,0.000561923618538291,0.0006375527509334067,0.008837247572322165,0.0003347683932349508,0.07616583046808524,0.0765965101999223,0.008370587532693574,0.11602640604076547,0.004370543675699869,False,1e-24,False
HNHN,real,,253,restart,9576.298104597918,3404.360423888238,649.6808135959095,14840.872816290166,14824.927180448842,0.6452651554352276,0.22939084958341688,0.043823541639564374,0.17210114725169456,0.26561752958589263,0.14795204662601819,0.4340832670241939,0.4340655575387633,0.3964703556336402,0.6119045578669777,0.3408518461242012,False,1e-24,False
HNHN,real,,254,base,35.219548394804015,113.11033747724565,1.4597698621120971,2601.153110736898,2613.1162130588696,0.013539975116968965,0.04348469031305961,0.0005586318185226501,0.0006329507099953471,0.008825178497703895,0.00033243391859929313,0.0760815791844423,0.07651057790225442,0.008319368719475494,0.11599625812588982,0.004344940630614395,False,1e-24,False
HNHN,real,,254,restart,9576.298104597912,3404.360423888236,649.6808135959094,14840.872816290144,14824.92718044882,0.6452651554352282,0.22939084958341707,0.04382354163956444,0.17210114725169448,0.26561752958589246,0.14795204662601816,0.4340832670241933,0.4340655575387627,0.39647035563364064,0.6119045578669782,0.3408518461242017,False,1e-24,False
HNHN,real,,255,base,34.96638330836636,112.95710320934651,1.4496290037432642,2598.2927927215246,2610.2017574370243,0.01345744536809556,0.043473585242497656,0.0005553704803136234,0.0006284009349837406,0.008813222740198998,0.0003301245372556929,0.0759979172459424,0.07642524427538261,0.008268659954852795,0.11596663513393249,0.00431957451213577,False,1e-24,False
HNHN,real,,255,restart,9576.29810459791,3404.3604238882344,649.6808135959092,14840.872816290123,14824.927180448798,0.6452651554352289,0.2293908495834173,0.04382354163956448,0.17210114725169445,0.26561752958589235,0.1479520466260181,0.43408326702419264,0.434065557538762,0.396470355633641,0.6119045578669788,0.34085184612420205,False,1e-24,False
HNHN,real,,256,base,34.7160825047828,112.80530085005161,1.4395967389760287,2595.452405965804,2607.3075290375846,0.01337573458291348,0.04346267363283635,0.0005521392175427101,0.0006239026356425714,0.00880137870412741,0.00032783988597225543,0.07591483828031834,0.07634050289024419,0.008218454386200336,0.11593752820269464,0.004294442315157334,False,1e-24,False
HNHN,real,,256,restart,9576.298104597907,3404.360423888233,649.6808135959091,14840.872816290106,14824.927180448783,0.6452651554352294,0.22939084958341746,0.04382354163956452,0.17210114725169437,0.26561752958589224,0.14795204662601807,0.43408326702419214,0.43406555753876164,0.39647035563364136,0.6119045578669793,0.3408518461242024,False,1e-24,False
