family,features,seed,step,variant,energy_un,energy_sym,energy_op,norm_f2,norm_pi2,R_un,R_sym,R_op,energy_un_relative,energy_sym_relative,energy_op_relative,norm_f2_relative,norm_pi2_relative,R_un_relative,R_sym_relative,R_op_relative,zero_state,resolution_R_op,censored_R_op
HGNN,real,,0,base,10518.006347275345,2408.667917335254,2408.6679173352536,26903.328581207454,26903.328581207454,0.3909555769475453,0.08953047984619122,0.0895304798461912,1.0,1.0,1.0,1.0,1.0,1.0,1.0,1.0,False,1e-24,False
HGNN,real,,0,restart,10518.006347275345,2408.667917335254,2408.6679173352536,26903.328581207454,26903.328581207454,0.3909555769475453,0.08953047984619122,0.0895304798461912,1.0,1.0,1.0,1.0,1.0,1.0,1.0,1.0,False,1e-24,False
HGNN,real,,1,base,4344.239375441018,554.4412695502932,554.4412695502933,23493.932115976164,23493.932115976164,0.1849089949692534,0.023599339046922088,0.02359933904692209,0.41302878435383134,0.2301858490163642,0.2301858490163643,0.8732723181468026,0.8732723181468026,0.47296676623201805,0.263589998483919,0.2635899984839192,False,1e-24,False
HGNN,real,,1,restart,4388.475933228673,653.3152461303764,653.3152461303765,23708.157219249766,23708.157219249766,0.1851040505866674,0.027556559545670593,0.0275565595456706,0.4172345773840965,0.27123508451640316,0.27123508451640327,0.8812350913265958,0.8812350913265958,0.4734656863879522,0.30778970014470325,0.3077897001447034,False,1e-24,False
HGNN,real,,2,base,4309.026227733335,269.39152161318646,269.39152161318646,22572.832457501863,22572.832457501863,0.190894352130863,0.011934325128243122,0.011934325128243122,0.4096808925057907,0.1118425332418669,0.11184253324186692,0.839034931657842,0.839034931657842,0.4882763244389666,0.1332990189346207,0.13329901893462076,False,1e-24,False
HGNN,real,,2,restart,4051.3750073899687,366.61682342151835,366.61682342151835,22860.86817146519,22860.86817146519,0.1772187730143544,0.016036872295126896,0.016036872295126896,0.38518468934366673,0.15220729299500618,0.1522072929950062,0.8497412542265864,0.8497412542265864,0.4532964445680025,0.1791219294555041,0.17912192945550415,False,1e-24,False
HGNN,real,,3,base,4329.568266066048,174.43164988080187,174.43164988080187,22091.688173570026,22091.688173570026,0.19598177522919416,0.007895804454160627,0.007895804454160627,0.4116339278676713,0.07241830583012798,0.072418305830128,0.8211507400241002,0.8211507400241002,0.5012891151453996,0.08819124467695487,0.0881912446769549,False,1e-24,False
HGNN,real,,3,restart,3931.181335879526,269.2021297091843,269.2021297091843,22444.403321253656,22444.403321253656,0.1751519645949735,0.011994176269959656,0.011994176269959656,0.37375726977935186,0.1117639039286938,0.11176390392869381,0.8342612050217291,0.8342612050217291,0.4480098889047789,0.13396751911265342,0.13396751911265348,False,1e-24,False
HGNN,real,,4,base,4311.534065785557,130.02175360860312,130.02175360860312,21768.573720232078,21768.573720232078,0.19806231318583561,0.005972911008301785,0.005972911008301785,0.40991932533891706,0.053980771974763614,0.05398077197476362,0.809140536440457,0.809140536440457,0.5066107887045431,0.06671371602791518,0.0667137160279152,False,1e-24,False
HGNN,real,,4,restart,3846.1613763918185,224.08483249319067,224.08483249319067,22186.192786868658,22186.192786868658,0.17335833206444712,0.010100193153726662,0.010100193153726662,0.36567399271328205,0.09303268037924428,0.0930326803792443,0.8246634880104087,0.8246634880104087,0.4434220721903315,0.11281290093695774,0.11281290093695777,False,1e-24,False
HGNN,real,,5,base,4277.830509534792,104.96016184097333,104.96016184097336,21522.608438691146,21522.608438691146,0.19875985393315737,0.004876739831046068,0.0048767398310460685,0.4067149579770838,0.04357602020833671,0.04357602020833673,0.7999979769687363,0.7999979769687363,0.5083949830950361,0.054470163003974253,0.05447016300397428,False,1e-24,False
HGNN,real,,5,restart,3780.287173376404,199.41202839850067,199.41202839850067,22006.547320242313,22006.547320242313,0.1717801124531324,0.009061486361155583,0.009061486361155583,0.3594109994386603,0.08278934051611117,0.08278934051611118,0.817986044136351,0.817986044136351,0.4393852462582475,0.10121118949348594,0.10121118949348597,False,1e-24,False
HGNN,real,,6,base,4238.510421231362,88.89881885159478,88.89881885159478,21321.503153246827,21321.503153246827,0.19879041316962326,0.004169444256000183,0.004169444256000183,0.4029765985384991,0.03690787684420395,0.036907876844203956,0.7925228690155592,0.7925228690155592,0.5084731485907287,0.0465701095667428,0.04657010956674281,False,1e-24,False
HGNN,real,,6,restart,3728.0069056840825,184.42930249524622,184.42930249524622,21873.00824778754,21873.00824778754,0.17043869153485877,0.008431821558605286,0.008431821558605286,0.35444045027124466,0.07656900362557374,0.07656900362557376,0.8130223805490857,0.8130223805490857,0.4359541123970886,0.09417822369645201,0.09417822369645204,False,1e-24,False
HGNN,real,,7,base,4197.879049086476,77.63296312312387,77.63296312312387,21149.784150465726,21149.784150465726,0.19848330456810062,0.0036706267340990513,0.0036706267340990513,0.3991135687205516,0.03223066266810678,0.032230662668106785,0.7861400527680169,0.7861400527680169,0.5076876153495342,0.04099862684088145,0.040998626840881465,False,1e-24,False
HGNN,real,,7,restart,3686.009321810828,174.6539660912093,174.6539660912093,21769.540046029408,21769.540046029408,0.16931957744707274,0.008022859726109133,0.008022859726109133,0.35044752780223193,0.07251060423656559,0.0725106042365656,0.8091764548880355,0.8091764548880355,0.4330916028083427,0.08961037335991044,0.08961037335991047,False,1e-24,False
HGNN,real,,8,base,4157.955702109241,69.20492981841254,69.20492981841254,20999.009438068624,20999.009438068624,0.19800723050161492,0.003295628302016594,0.003295628302016594,0.3953178544322087,0.028731619381959055,0.02873161938195906,0.7805357383449154,0.7805357383449154,0.5064698962669655,0.03681012664824666,0.03681012664824667,False,1e-24,False
HGNN,real,,8,restart,3651.9925309403284,167.9350090500701,167.9350090500701,21687.11670096847,21687.11670096847,0.16839456260117988,0.007743537850864736,0.007743537850864736,0.34721337964265114,0.06972111341768489,0.0697211134176849,0.8061127691135357,0.8061127691135357,0.4307255671244037,0.0864905210400719,0.08649052104007193,False,1e-24,False
HGNN,real,,9,base,4119.693593652659,62.600334236416046,62.600334236416046,20864.08693490479,20864.08693490479,0.19745381652722002,0.003000386953511403,0.003000386953511403,0.3916800824825374,0.0259896076938957,0.025989607693895703,0.7755206524697021,0.7755206524697021,0.505054354432991,0.03351246367344299,0.033512463673442995,False,1e-24,False
HGNN,real,,9,restart,3624.2537965994807,163.13084456943284,163.13084456943284,21620.1627357824,21620.1627357824,0.16763304887623107,0.00754531066962986,0.00754531066962986,0.3445761180338451,0.06772658173232406,0.06772658173232407,0.8036240820730466,0.8036240820730466,0.42877774038947264,0.08427644621800662,0.08427644621800665,False,1e-24,False
HGNN,real,,10,base,4083.497802421972,57.244980051311124,57.244980051311124,20741.69450615682,20741.69450615682,0.19687387649113505,0.002759898909624714,0.002759898909624714,0.38823876575048744,0.023766240102804256,0.023766240102804263,0.7709713109866015,0.7709713109866015,0.5035709633003898,0.030826361194155095,0.030826361194155102,False,1e-24,False
HGNN,real,,10,restart,3601.4976848209226,159.58830054057796,159.58830054057796,21564.990424319032,21564.990424319032,0.16700669065725535,0.007400341822577802,0.007400341822577802,0.3424125795240539,0.0662558335219298,0.06625583352192982,0.8015733205363531,0.8015733205363531,0.4271756191871966,0.08265723399775372,0.08265723399775375,False,1e-24,False
HGNN,real,,11,base,4049.4835656828213,52.78920951609853,52.78920951609853,20629.52860876873,20629.52860876873,0.19629549673575958,0.0025589149668529066,0.0025589149668529066,0.3850048604250773,0.021916350168561232,0.02191635016856124,0.7668020909196677,0.7668020909196677,0.5020915631089633,0.028581495053405178,0.02858149505340519,False,1e-24,False
HGNN,real,,11,restart,3582.7248123207164,156.91119058229617,156.91119058229617,21519.031203251023,21519.031203251023,0.16649099016034932,0.007291740464533113,0.007291740464533113,0.34062774769562765,0.06514438518195127,0.06514438518195129,0.7998650106917448,0.7998650106917448,0.42585654221959723,0.08144422410178019,0.08144422410178022,False,1e-24,False
HGNN,real,,12,base,4017.6153491305167,49.00700499635518,49.00700499635517,20525.914599668915,20525.914599668915,0.1957338041928383,0.0023875674215825524,0.002387567421582552,0.38197498808044233,0.020346102774753762,0.020346102774753762,0.7629507455819687,0.7629507455819687,0.5006548460596586,0.02666764911440518,0.026667649114405185,False,1e-24,False
HGNN,real,,12,restart,3567.157495560747,154.8476236562348,154.8476236562348,21480.422929190358,21480.422929190358,0.16606551497239078,0.007208779089996778,0.007208779089996778,0.33914768424577035,0.06428765980639833,0.06428765980639835,0.7984299364426931,0.7984299364426931,0.42476824673784325,0.0805175969388424,0.08051759693884242,False,1e-24,False
HGNN,real,,13,base,3987.783580278013,45.74501870976468,45.74501870976468,20429.58901342379,20429.58901342379,0.19519646614808242,0.002239155113678828,0.002239155113678828,0.37913873110668306,0.0189918329465579,0.018991832946557905,0.7593703118094574,0.7593703118094574,0.4992804238070046,0.025009975569499705,0.02500997556949971,False,1e-24,False
HGNN,real,,13,restart,3554.1863187106937,153.23106210304732,153.23106210304732,21447.772282317816,21447.772282317816,0.16571354227034904,0.007144381247901237,0.007144381247901237,0.337914448932748,0.06361651641566646,0.06361651641566647,0.7972163079218212,0.7972163079218212,0.4238679585138209,0.0797983129340412,0.07979831293404123,False,1e-24,False
HGNN,real,,14,base,3959.8469245812303,42.89502446653467,42.89502446653467,20339.569987310926,20339.569987310926,0.19468685557519783,0.002108944510296689,0.002108944510296689,0.3764826521146772,0.017808608715970314,0.017808608715970318,0.7560242936451569,0.7560242936451569,0.49797692386242404,0.023555603789008478,0.023555603789008485,False,1e-24,False
HGNN,real,,14,restart,3543.330543320658,151.94768625177815,151.94768625177815,21420.010092806744,21420.010092806744,0.16542151604823832,0.007093726174424406,0.007093726174424405,0.33688233552345653,0.06308370081164205,0.06308370081164207,0.796184383956455,0.796184383956455,0.4231210035160414,0.07923252714171826,0.07923252714171827,False,1e-24,False
HGNN,real,,15,base,3933.6551600507137,40.378125749800816,40.378125749800816,20255.07595039338,20255.07595039338,0.1942058953362906,0.0019934818239482643,0.0019934818239482643,0.3739924687409715,0.016763674834209503,0.016763674834209506,0.7528836400021514,0.7528836400021514,0.4967467067552468,0.02226595710614937,0.022265957106149373,False,1e-24,False
HGNN,real,,15,restart,3534.208419855314,150.91746135450086,150.91746135450086,21396.29905183443,21396.29905183443,0.165178492378209,0.007053437652413156,0.007053437652413156,0.3360150491609885,0.06265598518930046,0.06265598518930048,0.7953030416756758,0.7953030416756758,0.4224993889788432,0.07878252930767936,0.07878252930767937,False,1e-24,False
HGNN,real,,16,base,3909.061105379707,38.135233608621895,38.135233608621895,20175.472295904412,20175.472295904412,0.19375313985453713,0.0018901779868798058,0.0018901779868798058,0.3716541877151782,0.015832499504876325,0.015832499504876328,0.7499247624696301,0.7499247624696301,0.49558863277331655,0.021112117237917574,0.02111211723791758,False,1e-24,False
HGNN,real,,16,restart,3526.514800080231,150.08271135901273,150.0827113590127,21375.972473225203,21375.972473225203,0.16497564283905305,0.007021093966461694,0.007021093966461693,0.3352835778610994,0.06230942434150554,0.06230942434150554,0.7945475002731363,0.7945475002731363,0.4219805332542626,0.07842127037097951,0.07842127037097953,False,1e-24,False
HGNN,real,,17,base,3885.9264137021364,36.12107257738653,36.121072577386535,20100.235093324383,20100.235093324383,0.19332741113026664,0.0017970472688343293,0.00179704726883433,0.36945465570181685,0.014996285838085899,0.014996285838085904,0.7471281864863675,0.7471281864863675,0.4944996887874181,0.020071904807408208,0.02007190480740822,False,1e-24,False
HGNN,real,,17,restart,3520.004184471885,149.400982085515,149.400982085515,21358.49225905453,21358.49225905453,0.16480583656272113,0.006994921751659661,0.006994921751659661,0.3346645807438337,0.06202639268380325,0.062026392683803264,0.7938977585834449,0.7938977585834449,0.42154619675583554,0.07812894294408539,0.07812894294408541,False,1e-24,False
HGNN,real,,18,base,3864.123978284081,34.30026690894003,34.30026690894003,20028.925617678044,20028.925617678044,0.19292717203330698,0.0017125365365911456,0.0017125365365911456,0.3673817880215551,0.014240346982695289,0.014240346982695292,0.7444776045915996,0.7444776045915996,0.49347594307163983,0.019127972278638466,0.019127972278638473,False,1e-24,False
HGNN,real,,18,restart,3514.477827299567,148.84044552958315,148.84044552958315,21343.41918756048,21343.41918756048,0.16466329955923364,0.0069735989450242985,0.0069735989450242985,0.334139162048517,0.06179367627159148,0.06179367627159149,0.7933374906802169,0.7933374906802169,0.42118161056780784,0.07789078040243484,0.07789078040243486,False,1e-24,False
HGNN,real,,19,base,3843.5385136922187,32.64470409794919,32.64470409794919,19961.171993278807,19961.171993278807,0.19255074376326145,0.0016354101907914574,0.0016354101907914574,0.36542462390582936,0.013553011547587897,0.013553011547587899,0.7419591941207643,0.7419591941207643,0.49251310153096006,0.01826651877216573,0.018266518772165733,False,1e-24,False
HGNN,real,,19,restart,3509.773876392862,148.37685829876727,148.37685829876727,21330.391367979963,21330.391367979963,0.1645433417439094,0.006956124514503875,0.006956124514503876,0.3336919336716371,0.061601210042652475,0.06160121004265249,0.7928532450397121,0.7928532450397121,0.4208747782257273,0.07769560183810185,0.07769560183810188,False,1e-24,False
HGNN,real,,20,base,3824.0661969761195,31.131710466631063,31.131710466631063,19896.655660288434,19896.655660288434,0.1921964305091001,0.0015646705153955383,0.0015646705153955383,0.36357329238223285,0.01292486616464446,0.012924866164644461,0.7395611141658758,0.7395611141658758,0.4916068265599577,0.017476400417863972,0.01747640041786398,False,1e-24,False
HGNN,real,,20,restart,3505.7597882795703,147.9914981752455,147.99149817524548,21319.10826627839,21319.10826627839,0.16444214009761488,0.006941730222803542,0.0069417302228035405,0.3333102940356873,0.06144122114557442,0.06144122114557442,0.792433850775262,0.792433850775262,0.4206159210760617,0.07753482651638949,0.0775348265163895,False,1e-24,False
HGNN,real,,21,base,3805.6138637633285,29.742758826434216,29.742758826434216,19835.1011970013,19835.1011970013,0.19186258874941697,0.0014995012392944468,0.0014995012392944468,0.36181893584321334,0.012348218952216161,0.012348218952216165,0.7372731272685915,0.7372731272685915,0.4907529143014611,0.016748499973087524,0.016748499973087527,False,1e-24,False
HGNN,real,,21,restart,3502.326455788502,147.6697325667429,147.6697325667429,21309.318629847192,21309.318629847192,0.16435656703180176,0.006929819537256684,0.006929819537256684,0.3329838697706974,0.06130763460747722,0.061307634607477235,0.7920699687968055,0.7920699687968055,0.42039703926222177,0.07740179153693534,0.07740179153693537,False,1e-24,False
HGNN,real,,22,base,3788.09803116382,28.462534022524288,28.462534022524302,19776.268530738438,19776.268530738438,0.19154766356837963,0.0014392267165205966,0.0014392267165205972,0.3601536171486638,0.011816711559812206,0.011816711559812215,0.7350863098981953,0.7350863098981953,0.4899473875367678,0.016075270890909044,0.016075270890909057,False,1e-24,False
HGNN,real,,22,restart,3499.383630771314,147.40000506073457,147.40000506073457,21300.811204402617,21300.811204402617,0.1642840545926267,0.006919924487677202,0.006919924487677202,0.33270408052927425,0.06119565258452292,0.061195652584522926,0.7917537467568859,0.7917537467568859,0.420211564381057,0.07729126996264599,0.07729126996264601,False,1e-24,False
HGNN,real,,23,base,3771.443892393128,27.278244796672606,27.278244796672606,19719.94688336282,19719.94688336282,0.19125020542398075,0.0013832818596325185,0.0013832818596325185,0.358570224039664,0.011325033476117763,0.011325033476117765,0.7329928274056624,0.7329928274056624,0.48918653857607175,0.015450401494652165,0.01545040149465217,False,1e-24,False
HGNN,real,,23,restart,3496.85633194796,147.17310477810153,147.17310477810148,21293.40749192047,21293.40749192047,0.16422248685537066,0.006911674650191362,0.0069116746501913595,0.3324637974623213,0.06110145102149298,0.06110145102149297,0.7914785498622042,0.7914785498622042,0.42005408424549595,0.07719912438831183,0.07719912438831183,False,1e-24,False
HGNN,real,,24,base,3755.584356322023,26.179108672153653,26.179108672153653,19665.949999150245,19665.949999150245,0.1909688754666975,0.0013311896284331464,0.0013311896284331464,0.3570623778236162,0.010868708170080996,0.010868708170080997,0.7309857566430397,0.7309857566430397,0.48846694286271786,0.014868563540819417,0.014868563540819422,False,1e-24,False
HGNN,real,,24,restart,3494.6820068328366,146.9816309084727,146.9816309084727,21286.956028071585,21286.956028071585,0.16417011442238716,0.006904774487937342,0.006904774487937342,0.33225707338901944,0.061021957344406665,0.06102195734440668,0.7912387481651982,0.7912387481651982,0.4199201241843749,0.07712205385025737,0.0771220538502574,False,1e-24,False
HGNN,real,,25,base,3740.459165227204,25.155960609199173,25.155960609199177,19614.112335970596,19614.112335970596,0.1907024442991245,0.0012825439244102473,0.0012825439244102475,0.3556243494943467,0.010443930617479887,0.01044393061747989,0.7290589443891887,0.7290589443891887,0.4877854558005478,0.014325221160587903,0.01432522116058791,False,1e-24,False
HGNN,real,,25,restart,3492.8082747412705,146.81959446792214,146.81959446792212,21281.32780948737,21281.32780948737,0.1641254862482853,0.0068989865567725015,0.0068989865567725,0.3320789282130516,0.06095468512336515,0.06095468512336515,0.7910295465949455,0.7910295465949455,0.41980597266248,0.07705740624449468,0.0770574062444947,False,1e-24,False
HGNN,real,,26,base,3726.014102266303,24.200951665841806,24.200951665841806,19564.285990668563,19564.285990668563,0.19044978712964394,0.0012369964167046404,0.0012369964167046404,0.35425098438274993,0.010047442194777803,0.010047442194777805,0.7272068930658131,0.7272068930658131,0.48713920035778563,0.013816483714035006,0.013816483714035011,False,1e-24,False
HGNN,real,,26,restart,3491.1911206160007,146.682118172525,146.682118172525,21276.41260385324,21276.41260385324,0.16408739507071474,0.006894118896056768,0.006894118896056768,0.33192517720056164,0.06089760946988561,0.060897609469885615,0.7908468478028874,0.7908468478028874,0.41970854170147937,0.07700303748958467,0.0770030374895847,False,1e-24,False
HGNN,real,,27,base,3712.200288786623,23.30731409493327,23.307314094933275,19516.33819144824,19516.33819144824,0.19020987709739792,0.0011942462702939929,0.001194246270293993,0.3529376353483811,0.009676433155101973,0.009676433155101976,0.7254246675290885,0.7254246675290885,0.48652554999341646,0.013338991060314283,0.01333899106031429,False,1e-24,False
HGNN,real,,27,restart,3489.793440988444,146.5652075530864,146.5652075530864,21272.115946660168,21272.115946660168,0.16405483355483308,0.006890015451241364,0.006890015451241364,0.331792292737346,0.06084907201123587,0.06084907201123588,0.7906871405317182,0.7906871405317182,0.4196252547046909,0.07695720455288586,0.07695720455288589,False,1e-24,False
HGNN,real,,28,base,3698.973565977491,22.469176154646888,22.469176154646888,19470.14923344965,19470.14923344965,0.1899817778295539,0.0011540320459406093,0.0011540320459406093,0.3516801039900207,0.009328465743631808,0.00932846574363181,0.7237078183347901,0.7237078183347901,0.48594210961989637,0.012889823085089874,0.012889823085089878,False,1e-24,False
HGNN,real,,28,restart,3488.583866821617,146.46557452624356,146.46557452624359,21268.35667823507,21268.35667823507,0.16402695890424163,0.006886548723161521,0.006886548723161523,0.3316772924105834,0.06080770764293678,0.06080770764293681,0.7905474080665048,0.7905474080665048,0.4195539559376824,0.0769184833477075,0.07691848334770754,False,1e-24,False
HGNN,real,,29,base,3686.2939529915443,21.68141458965013,21.68141458965013,19425.610764593683,19425.610764593683,0.18976463585435427,0.001116125245810444,0.001116125245810444,0.3504745891265284,0.009001412952615157,0.009001412952615159,0.722052318022941,0.722052318022941,0.4853866961969827,0.012466427609099046,0.01246642760909905,False,1e-24,False
HGNN,real,,29,restart,3487.535805464751,146.38050008472564,146.38050008472564,21265.064910277888,21265.064910277888,0.1640030641890562,0.006883614073238809,0.006883614073238809,0.3315776479226204,0.06077238752225696,0.060772387522256964,0.7904250526506221,0.7904250526506221,0.4194928371901971,0.07688570512594711,0.07688570512594713,False,1e-24,False
HGNN,real,,30,base,3674.125173004581,20.939535991078206,20.93953599107821,19382.624351087867,19382.624351087867,0.1895576732259359,0.0010803251206745364,0.0010803251206745366,0.3493176417369582,0.008693409265916545,0.008693409265916548,0.7204545077974865,0.7204545077974865,0.48485731986723635,0.012066562387808928,0.012066562387808935,False,1e-24,False
HGNN,real,,30,restart,3486.6266570726434,146.3077265000063,146.3077265000063,21262.180337004367,21262.180337004367,0.1639825550253928,0.006881125274126974,0.006881125274126974,0.33149121059199993,0.06074217431428604,0.060742174314286045,0.7903178327107245,0.7903178327107245,0.41944037812611745,0.0768579067815608,0.07685790678156083,False,1e-24,False
HGNN,real,,31,base,3662.4342389150356,20.23958053531945,20.23958053531945,19341.10026832522,19341.10026832522,0.18936018055358403,0.0010464544547378037,0.0010464544547378037,0.3482061255709146,0.008402810694514836,0.008402810694514838,0.7189110525838571,0.7189110525838571,0.484352166126001,0.011688248030565219,0.011688248030565224,False,1e-24,False
HGNN,real,,31,restart,3485.8371707555943,146.24537202544568,146.24537202544568,21259.65082506564,21259.65082506564,0.16396493053619246,0.0068790110067574045,0.0068790110067574045,0.3314161501393835,0.06071628677947401,0.06071628677947402,0.7902238104438853,0.7902238104438853,0.41939529758438954,0.07683429172473098,0.07683429172473101,False,1e-24,False
HGNN,real,,32,base,3651.1910910317756,19.57804323944495,19.57804323944495,19300.95647502226,19300.95647502226,0.18917151052886175,0.0010143561157075957,0.0010143561157075957,0.34713718270170135,0.008128162084337651,0.008128162084337653,0.7174189028975541,0.7174189028975541,0.4838695792648662,0.011329729466995012,0.011329729466995016,False,1e-24,False
HGNN,real,,32,restart,3485.1509132630495,146.1918629194128,146.1918629194128,21257.431230665527,21257.431230665527,0.1639497677515919,0.0068772120832981684,0.0068772120832981684,0.33135090417262075,0.06069407155185888,0.06069407155185889,0.790141307849702,0.790141307849702,0.4193565136777397,0.076814198864039,0.07681419886403902,False,1e-24,False
HGNN,real,,33,base,3640.368279905452,18.951809056313817,18.951809056313817,19262.117737527173,19262.117737527173,0.1889910719844242,0.0009838902095064656,0.0009838902095064656,0.34610820337149517,0.007868170169875677,0.007868170169875677,0.7159752622945761,0.7159752622945761,0.4834080471750918,0.010989444166910962,0.010989444166910965,False,1e-24,False
HGNN,real,,33,restart,3484.553828772707,146.1458789179807,146.1458789179807,21255.482403074606,21255.482403074606,0.163936708783832,0.006875679231671575,0.006875679231671577,0.331294136333676,0.060674980501116194,0.06067498050111621,0.790068869690794,0.790068869690794,0.41932311098820185,0.07679707786089876,0.0767970778608988,False,1e-24,False
HGNN,real,,34,base,3629.940688288045,18.35809900011743,18.358099000117434,19224.514878115897,19224.514878115897,0.18881832448319227,0.0009549317169514252,0.0009549317169514253,0.3451167995566355,0.0076216812072738005,0.007621681207273804,0.7145775594304947,0.7145775594304947,0.48296618750760556,0.010665995743482544,0.010665995743482547,False,1e-24,False
HGNN,real,,34,restart,3484.033872800874,146.10630923575178,146.10630923575172,21253.77034198537,21253.77034198537,0.16392545024909783,0.00687437131787995,0.006874371317879948,0.3312447014926362,0.06065855246554345,0.060658552465543435,0.7900052321715901,0.7900052321715901,0.4192943135099254,0.07678246927403681,0.07678246927403681,False,1e-24,False
HGNN,real,,35,base,3619.8852869900397,17.79442513539546,17.79442513539546,19188.084126367798,19188.084126367798,0.18865277341658523,0.0009273685177845762,0.0009273685177845762,0.34416078175573256,0.007387662287245351,0.007387662287245353,0.7132234239510081,0.7132234239510081,0.48254273513508894,0.010358131882882208,0.01035813188288221,False,1e-24,False
HGNN,real,,35,restart,3483.5807066953435,146.07221686874286,146.07221686874286,21252.265482525952,21252.265482525952,0.16391573451590916,0.006873253912099226,0.006873253912099226,0.3312016167016056,0.06064439843178746,0.060644398431787476,0.7899492963622022,0.7899492963622022,0.4192694622639999,0.07676998854364596,0.07676998854364599,False,1e-24,False
HGNN,real,,36,base,3610.1809201153474,17.258552742838212,17.258552742838212,19152.766556789025,19152.766556789025,0.18849396557990505,0.0009010997284212511,0.0009010997284212511,0.34323813857086644,0.0071651856275528475,0.007165185627552848,0.7119106655883332,0.7119106655883332,0.4821365308345387,0.01006472577796181,0.010064725777961813,False,1e-24,False
HGNN,real,,36,restart,3483.185441859999,146.04280948829154,146.04280948829154,21250.942086723895,21250.942086723895,0.16390734244370514,0.0068722981264688916,0.0068722981264688916,0.33116403687684665,0.060632189450948025,0.06063218945094804,0.7899001055790594,0.7899001055790594,0.41924799672494933,0.07675931301021895,0.07675931301021897,False,1e-24,False
HGNN,real,,37,base,3600.8081157815514,16.748468337820345,16.748468337820345,19118.507599031458,19118.507599031458,0.1883414851880995,0.0008760342956198537,0.0008760342956198537,0.34234701871180456,0.006953415295351063,0.006953415295351064,0.7106372559559839,0.7106372559559839,0.48174651109624506,0.009784760420415883,0.009784760420415886,False,1e-24,False
HGNN,real,,37,restart,3482.8404249699115,146.01741560020403,146.01741560020403,21249.77772412766,21249.77772412766,0.16390008734140243,0.006871479668910198,0.006871479668910198,0.3311312343780939,0.06062164674063717,0.060621646740637185,0.7898568260795462,0.7898568260795462,0.4192294393677187,0.07675017134628394,0.07675017134628397,False,1e-24,False
HGNN,real,,38,base,3591.748918978605,16.262352493916598,16.2623524939166,19085.2566095556,19085.2566095556,0.18819495029374084,0.0008520898003422375,0.0008520898003422376,0.3414857151050338,0.0067515959244011875,0.00675159592440119,0.7094013126274292,0.7094013126274292,0.4813716989615704,0.00951731524064301,0.009517315240643013,False,1e-24,False
HGNN,real,,38,restart,3482.5390571008343,145.99546493422056,145.99546493422056,21248.75282740187,21248.75282740187,0.16389380992798022,0.006870778069663853,0.006870778069663853,0.3311025818122818,0.06061253354332779,0.060612533543327796,0.7898187305434233,0.7898187305434233,0.4192133827776805,0.0767423349173097,0.07674233491730972,False,1e-24,False
HGNN,real,,39,base,3582.986743689282,15.79855663600582,15.798556636005822,19052.966495568533,19052.966495568533,0.18805400956972432,0.0008291914353431711,0.0008291914353431712,0.3406526508341044,0.006559043080327986,0.006559043080327988,0.7082010851578208,0.7082010851578208,0.4810111957936224,0.009261554688053493,0.009261554688053496,False,1e-24,False
HGNN,real,,39,restart,3482.2756410186917,145.97647225033896,145.97647225033896,21247.850311198607,21247.850311198607,0.16388837411864532,0.0068701760466282355,0.0068701760466282355,0.3310775375145846,0.0606046484032697,0.06060464840326971,0.7897851839062279,0.7897851839062279,0.4191994788723382,0.07673561069292655,0.07673561069292656,False,1e-24,False
HGNN,real,,40,base,3574.5062417975378,15.355583132117932,15.355583132117935,19021.59338365116,19021.59338365116,0.1879183394210174,0.0008072711272082957,0.0008072711272082959,0.3398463666760861,0.006375134995406941,0.006375134995406944,0.7070349427668273,0.7070349427668273,0.48066417388958366,0.009016718424777194,0.0090167184247772,False,1e-24,False
HGNN,real,,40,restart,3482.0452519291152,145.9600239185129,145.9600239185129,21247.055244609095,21247.055244609095,0.1638836634932079,0.006869658982768756,0.006869658982768756,0.3310556332599217,0.06059781959482015,0.060597819594820156,0.7897556311842623,0.7897556311842623,0.4191874298680135,0.07672983540991267,0.0767298354099127,False,1e-24,False
HGNN,real,,41,base,3566.2931866553304,14.932068141677169,14.93206814167717,18991.096326762687,18991.096326762687,0.18778764139222595,0.0007862667791661168,0.0007862667791661169,0.33906551003167695,0.006199305447716821,0.006199305447716822,0.7059013634479553,0.7059013634479553,0.4803298698496927,0.008782112868342523,0.008782112868342526,False,1e-24,False
HGNN,real,,41,restart,3481.84362783271,145.94576675967113,145.94576675967113,21246.35456912276,21246.35456912276,0.16387957832977423,0.006869214494413716,0.006869214494413716,0.33103646383847923,0.06059190048960056,0.060591900489600566,0.7897295869910977,0.7897295869910977,0.4191769806925201,0.0767248707503263,0.07672487075032633,False,1e-24,False
HGNN,real,,42,base,3558.3343694723467,14.526766778885882,14.526766778885882,18961.43704434126,18961.43704434126,0.18766163984044001,0.0007661216154089527,0.0007661216154089527,0.33830882507445165,0.006031037601462748,0.006031037601462749,0.7047989243080585,0.7047989243080585,0.48000757862476706,0.008557103868147588,0.008557103868147592,False,1e-24,False
HGNN,real,,42,restart,3481.6670763130087,145.93339873833241,145.93339873833241,21245.736855343588,21245.736855343588,0.16387603310813495,0.006868832073556829,0.006868832073556827,0.33101967819356976,0.06058676569237521,0.06058676569237522,0.7897066264946928,0.7897066264946928,0.41916791259924213,0.07672059934624645,0.07672059934624645,False,1e-24,False
HGNN,real,,43,base,3550.617506943933,14.138540230082933,14.138540230082933,18932.57969106009,18932.57969106009,0.1875400798455651,0.0007467836111504188,0.0007467836111504188,0.33757514396858196,0.005869858658525504,0.0058698586585255045,0.7037262929719745,0.7037262929719745,0.4796966481711743,0.008341110339555364,0.008341110339555367,False,1e-24,False
HGNN,real,,43,restart,3481.5123951354494,145.92266117727775,145.92266117727772,21245.19209279844,21245.19209279844,0.16387295440437982,0.006868502790649829,0.006868502790649826,0.3310049718725758,0.060582307808838255,0.060582307808838255,0.7896863776045414,0.7896863776045414,0.4191600377819057,0.07671692146015038,0.07671692146015038,False,1e-24,False
HGNN,real,,44,base,3543.131158746757,13.766344527786801,13.766344527786801,18904.49065048677,18904.49065048677,0.18742272533301635,0.0007282049954322538,0.0007282049954322538,0.33686337902473257,0.005715335197812041,0.005715335197812042,0.7026822199128162,0.7026822199128162,0.47939647464899304,0.00813359871055391,0.008133598710553913,False,1e-24,False
HGNN,real,,44,restart,3481.376804483926,145.91333222796086,145.91333222796086,21244.711508065175,21244.711508065175,0.1638702791121585,0.006868219047011652,0.006868219047011652,0.33099208058433677,0.0605784347347421,0.06057843473474211,0.7896685142114741,0.7896685142114741,0.4191531948248562,0.07671375221947765,0.07671375221947768,False,1e-24,False
HGNN,real,,45,base,3535.8646537148743,13.409220735402798,13.4092207354028,18877.13835046125,18877.13835046125,0.18730935738617807,0.0007103418159286391,0.0007103418159286392,0.33617251568124684,0.005567069100267513,0.005567069100267515,0.7016655315895496,0.7016655315895496,0.47910649810556216,0.007934078060890212,0.007934078060890215,False,1e-24,False
HGNN,real,,45,restart,3481.2578890272102,145.90522138046208,145.90522138046208,21244.287407188407,21244.287407188407,0.1638679529372805,0.006867974368069051,0.006867974368069051,0.3309807746911104,0.06057506737661007,0.06057506737661009,0.7896527503302321,0.7896527503302321,0.41914724485249316,0.0767110193072558,0.07671101930725582,False,1e-24,False
HGNN,real,,46,base,3528.808023665649,13.066286337972718,13.066286337972718,18850.493097478044,18850.493097478044,0.18719977272837277,0.0006931535568011651,0.0006931535568011651,0.3355016062126427,0.0054246939745966095,0.005424693974596611,0.700675124290959,0.700675124290959,0.4788261985926075,0.007742095853746874,0.007742095853746876,False,1e-24,False
HGNN,real,,46,restart,3481.1535483072053,145.89816483674159,145.89816483674159,21243.913038965293,21243.913038965293,0.16386592912153805,0.006867763230302119,0.006867763230302119,0.33097085449173425,0.060572137730862854,0.06057213773086286,0.7896388350177835,0.7896388350177835,0.4191420682650193,0.076708661029189,0.07670866102918901,False,1e-24,False
HGNN,real,,47,base,3521.951943979465,12.736727667966447,12.736727667966449,18824.5269277499,18824.5269277499,0.1870937823562318,0.0006766028021235841,0.0006766028021235842,0.33484976408022565,0.005287872012700399,0.0052878720127004005,0.6997099585996668,0.6997099585996668,0.4785550926706291,0.0075572341764050975,0.007557234176405101,False,1e-24,False
HGNN,real,,47,restart,3481.061954187394,145.892021602956,145.892021602956,21243.5824761972,21243.5824761972,0.16386416735914575,0.00686758091609189,0.00686758091609189,0.3309621461760338,0.06056958726147627,0.060569587261476286,0.7896265479594333,0.7896265479594333,0.41913756196687146,0.07670662469239573,0.07670662469239575,False,1e-24,False
HGNN,real,,48,base,3515.28768015261,12.41979322256804,12.41979322256804,18799.213472957672,18799.213472957672,0.18699121030830826,0.000660654938592707,0.000660654938592707,0.33421615885060135,0.005156291215232462,0.005156291215232463,0.6987690544020386,0.6987690544020386,0.47829273025921554,0.0073791064197095595,0.007379106419709562,False,1e-24,False
HGNN,real,,48,restart,3480.981514303156,145.8866701823589,145.88667018235884,21243.29051243281,21243.29051243281,0.16386263287534872,0.006867423391728203,0.006867423391728201,0.33095449834986007,0.06056736552698204,0.06056736552698203,0.7896156956307517,0.7896156956307517,0.41913363700995176,0.07670486524283221,0.07670486524283221,False,1e-24,False
HGNN,real,,49,base,3508.807039642135,12.114787751441382,12.114787751441382,18774.527838966544,18774.527838966544,0.18689189255452823,0.000645277892224652,0.000645277892224652,0.3336000116173233,0.005029662937032912,0.005029662937032913,0.6978514863800515,0.6978514863800515,0.4780386917964432,0.007207354337128611,0.007207354337128613,False,1e-24,False
HGNN,real,,49,restart,3480.9108406239193,145.88200577113102,145.88200577113102,21243.032572089734,21243.032572089734,0.1638612956418158,0.006867287204690295,0.006867287204690295,0.3309477790461343,0.060565429016268255,0.06056542901626827,0.7896061079567843,0.7896061079567843,0.419130216586733,0.07670334411798019,0.0767033441179802,False,1e-24,False
HGNN,real,,50,base,3502.5023284071685,11.821067012545308,11.82106701254531,18750.446496020882,18750.446496020882,0.1867956759936597,0.0006304418945465598,0.0006304418945465599,0.33300059086905576,0.0049077197099146545,0.004907719709914656,0.6969563799298228,0.6969563799298228,0.4777925856745667,0.007041645433260568,0.0070416454332605715,False,1e-24,False
HGNN,real,,50,restart,3480.848722376824,145.8779378763869,145.8779378763869,21242.80463214631,21242.80463214631,0.1638601297076058,0.006867169397002915,0.006867169397002915,0.330941873150564,0.060563740159653844,0.06056374015965386,0.7895976354013259,0.7895976354013259,0.4191272343189799,0.07670202827908842,0.07670202827908844,False,1e-24,False
HGNN,real,,51,base,3496.36631162512,11.538033108967921,11.538033108967923,18726.947179126975,18726.947179126975,0.18670241754738137,0.000616119274466059,0.0006161192744660591,0.332417208754665,0.0047902133066697805,0.004790213306669782,0.6960829074588245,0.6960829074588245,0.4775540459227963,0.006881670639144572,0.006881670639144575,False,1e-24,False
HGNN,real,,51,restart,3480.7941026980297,145.8743882893821,145.8743882893821,21242.603153853106,21242.603153853106,0.1638591126279485,0.006867067432030927,0.006867067432030926,0.3309366801817645,0.06056226648743059,0.060562266487430606,0.7895901464286288,0.7895901464286288,0.4191246327966657,0.07670088939351377,0.07670088939351379,False,1e-24,False
HGNN,real,,52,base,3490.392178125276,11.265130332567049,11.26513033256705,18704.008797500068,18704.008797500068,0.1866119833408009,0.0006022842725604748,0.0006022842725604749,0.33184921770174164,0.004676913015485271,0.0046769130154852715,0.6952302850200185,0.6952302850200185,0.4773227301111981,0.006727142237986083,0.006727142237986087,False,1e-24,False
HGNN,real,,52,restart,3480.746058474887,145.87128935820917,145.87128935820917,21242.425023131997,21242.425023131997,0.16385822497593935,0.006866979132531348,0.006866979132531348,0.33093211237475273,0.06056097991274314,0.060560979912743146,0.78958352528803,0.78958352528803,0.4191223623289668,0.07669990314280083,0.07669990314280085,False,1e-24,False
HGNN,real,,53,base,3484.5735081377697,11.001841450916311,11.001841450916311,18681.611352095195,18681.611352095195,0.1865242479603862,0.0005889128749957869,0.0005889128749957869,0.3312960073503319,0.004567604098404655,0.004567604098404656,0.6943977692464678,0.6943977692464678,0.4770983174526047,0.006577792010134527,0.0065777920101345285,False,1e-24,False
HGNN,real,,53,restart,3480.7037829236574,145.86858251352038,145.86858251352035,21242.267498516645,21242.267498516645,0.16385744992462392,0.006866902628154288,0.0068669026281542875,0.33092809302452286,0.0605598561195173,0.0605598561195173,0.789577670078892,0.789577670078892,0.41912037987530426,0.0766990486362999,0.07669904863629991,False,1e-24,False
HGNN,real,,54,base,3478.904244004054,10.747684383044989,10.747684383044987,18659.73586036337,18659.73586036337,0.18643909378127219,0.000575982664678282,0.000575982664678282,0.3307570017682346,0.004462086411204129,0.004462086411204129,0.6935846545545146,0.6935846545545146,0.47688050708197677,0.0064333695705394486,0.00643336957053945,False,1e-24,False
HGNN,real,,54,restart,3480.666570515719,145.8662170084271,145.8662170084271,21242.12816564633,21242.12816564633,0.16385677288892364,0.00686683631088942,0.00686683631088942,0.3309245550529045,0.06055887403930763,0.060558874039307646,0.7895724910591326,0.7895724910591326,0.4191186481294482,0.07669830791353172,0.07669830791353174,False,1e-24,False
HGNN,real,,55,base,3473.3786635369524,10.502209217031206,10.502209217031206,18638.36428747992,18638.36428747992,0.18635641035679026,0.0005634726875730147,0.0005634726875730147,0.3302316569182067,0.0043601731651949594,0.00436017316519496,0.6927902705875292,0.6927902705875292,0.47666901649491955,0.0062936408756105395,0.006293640875610541,False,1e-24,False
HGNN,real,,55,restart,3480.633803922669,145.86414884001775,145.86414884001775,21242.0048974604,21242.0048974604,0.16385618121850629,0.006866778797205561,0.006866778797205561,0.3309214397673677,0.06055801540354698,0.060558015403546994,0.7895679091656485,0.7895679091656485,0.4191171347339316,0.07669766552131001,0.07669766552131002,False,1e-24,False
HGNN,real,,56,base,3467.9913557548375,10.264995528907882,10.264995528907882,18617.479483382318,18617.479483382318,0.1862760938638506,0.0005513633324033074,0.0005513633324033075,0.32971945835088884,0.004261689814121078,0.004261689814121079,0.6920139798755989,0.6920139798755989,0.4764635801290625,0.006158386879535565,0.006158386879535569,False,1e-24,False
HGNN,real,,56,restart,3480.6049426992267,145.86233982514426,145.86233982514426,21241.89581935617,21241.89581935617,0.163855663934083,0.006866728895837568,0.006866728895837568,0.33091869578504923,0.060557264359843335,0.06055726435984335,0.7895638547192293,0.7895638547192293,0.419115811605541,0.07669710815394105,0.07669710815394108,False,1e-24,False
HGNN,real,,57,base,3462.7371987463484,10.035649967769476,10.035649967769476,18597.06512503298,18597.06512503298,0.18619804659850636,0.0005396362221832936,0.0005396362221832936,0.3292199191002922,0.004166473051574527,0.004166473051574528,0.6912551756894284,0.6912551756894284,0.47626394807379524,0.006027402322766068,0.006027402322766069,False,1e-24,False
HGNN,real,,57,restart,3480.579513463729,145.8607568074562,145.8607568074562,21241.799278672355,21241.799278672355,0.16385521150076843,0.006866685580345655,0.006866685580345655,0.33091627809916296,0.06055660714276635,0.06055660714276636,0.7895602662902539,0.7895602662902539,0.41911465435560974,0.07669662434672828,0.0766966243467283,False,1e-24,False
HGNN,real,,58,base,3457.6113394499102,9.813804076587154,9.813804076587154,18577.10566339044,18577.10566339044,0.1861221765166444,0.0005282741162379798,0.0005282741162379798,0.3287325777613353,0.004074369906269319,0.0040743699062693196,0.6905132800692529,0.6905132800692529,0.47606988489543023,0.005900494637642148,0.00590049463764215,False,1e-24,False
HGNN,real,,58,restart,3480.557101370755,145.85937097626558,145.85937097626558,21241.713817945165,21241.713817945165,0.16385481563311305,0.006866647965713691,0.006866647965713691,0.33091414726825885,0.06055603179106235,0.06055603179106236,0.7895570897046157,0.7895570897046157,0.4191136417913218,0.07669620421458972,0.07669620421458974,False,1e-24,False
HGNN,real,,59,base,3452.6091751566646,9.599112322183208,9.599112322183208,18557.58627463125,18557.58627463125,0.1860483968152949,0.0005172608215382767,0.0005172608215382767,0.3282569967312343,0.003985236924151359,0.00398523692415136,0.6897877420117493,0.6897877420117493,0.47588116856626167,0.0057774829580596945,0.005777482958059696,False,1e-24,False
HGNN,real,,59,restart,3480.5373426997494,145.85815728083386,145.85815728083386,21241.638151457508,21241.638151457508,0.16385446912722834,0.006866615288370578,0.006866615288370578,0.33091226871158635,0.060555527904485464,0.06055552790448548,0.7895542771720538,0.7895542771720538,0.4191127554863165,0.0766958392289092,0.07669583922890923,False,1e-24,False
HGNN,real,,60,base,3447.726336566811,9.391250311191863,9.391250311191863,18538.492815216192,18538.492815216192,0.18597662555053854,0.0005065811123266519,0.0005065811123266519,0.3277927605985837,0.003898939427723829,0.00389893942772383,0.6890780357998424,0.6890780357998424,0.47569758948723506,0.0056581972217387,0.005658197221738701,False,1e-24,False
HGNN,real,,60,restart,3480.5199184085914,145.85709392619268,145.85709392619265,21241.571144664842,21241.571144664842,0.16385416571611652,0.006866586889116581,0.00686658688911658,0.3309106120961991,0.06055508643447893,0.06055508643447893,0.7895517865214094,0.7895517865214094,0.4191119794106452,0.07669552202683405,0.07669552202683406,False,1e-24,False
HGNN,real,,61,base,3442.9586722481044,9.189913171732087,9.189913171732087,18519.811780439402,18519.811780439402,0.18590678528842028,0.0004962206571364002,0.0004962206571364003,0.3273394746657471,0.0038153508441707597,0.0038153508441707605,0.6883836594619702,0.6883836594619702,0.4755189495950418,0.005542477355073734,0.005542477355073737,False,1e-24,False
HGNN,real,,61,restart,3480.504548522258,145.8561619387183,145.8561619387183,21241.511796135655,21241.511796135655,0.16385389994489213,0.0068665621985179535,0.0068665621985179535,0.3309091508034573,0.06055469950381586,0.06055469950381587,0.7895495805293514,0.7895495805293514,0.41911129961160903,0.07669524624814203,0.07669524624814206,False,1e-24,False
HGNN,real,,62,base,3438.3022343617527,8.994814083013718,8.994814083013718,18501.53026613803,18501.53026613803,0.1858388027856604,0.00048616595241725784,0.00048616595241725784,0.326896763591746,0.003734352094897672,0.0037343520948976724,0.6877041333488282,0.6877041333488282,0.475345061545431,0.005430172531773157,0.005430172531773159,False,1e-24,False
HGNN,real,,62,restart,3480.490987244929,145.85534479145824,145.85534479145824,21241.45922169152,21241.45922169152,0.16385366706307514,0.006866540724401483,0.006866540724401483,0.33090786146431056,0.06055436025104707,0.06055436025104708,0.7895476263308596,0.7895476263308596,0.41911070393826216,0.07669500639556326,0.07669500639556329,False,1e-24,False
HGNN,real,,63,base,3433.75326553548,8.805682937252158,8.805682937252158,18483.63593327477,18483.63593327477,0.1857726086972931,0.00047640426207486126,0.00047640426207486126,0.3264642701442163,0.0036558310400024003,0.003655831040002401,0.6870389988168967,0.6870389988168967,0.47517574796539686,0.005321140497552335,0.005321140497552336,False,1e-24,False
HGNN,real,,63,restart,3480.4790186993487,145.85462808069937,145.85462808069937,21241.41264047243,21241.41264047243,0.16385346293154726,0.006866522041137441,0.006866522041137441,0.33090672355421763,0.0605540626962228,0.060554062696222814,0.7895458949012728,0.7895458949012728,0.4191101818034215,0.0766947977150773,0.07669479771507733,False,1e-24,False
HGNN,real,,64,base,3429.3081867763567,8.622265120130892,8.622265120130892,18466.11697513561,18466.11697513561,0.18570813730866517,0.0004669235623136505,0.0004669235623136505,0.3260416540502191,0.0035796819719630907,0.003579681971963091,0.686387817009178,0.686387817009178,0.4750108407676756,0.005215246954063032,0.005215246954063034,False,1e-24,False
HGNN,real,,64,restart,3480.4684532105207,145.8539992465303,145.85399924653032,21241.37136268832,21241.37136268832,0.16385328394211696,0.006866505780447452,0.0068665057804474525,0.3309057190398183,0.06055380162487936,0.06055380162487938,0.7895443606010101,0.7895443606010101,0.4191097239779271,0.07669461609324285,0.07669461609324288,False,1e-24,False
HGNN,real,,65,base,3424.9635863272683,8.444320397667829,8.44432039766783,18448.96208691209,18448.96208691209,0.18564532628949232,0.00045771249124406445,0.0004577124912440645,0.3256285909367695,0.0035058051535015707,0.003505805153501572,0.6857501677245649,0.6857501677245649,0.4748501805216618,0.005112364996037004,0.005112364996037006,False,1e-24,False
HGNN,real,,65,restart,3480.459124062162,145.85344733121403,145.85344733121403,21241.334778848166,21241.334778848166,0.16385312694793344,0.006866491623513835,0.006866491623513835,0.3309048320705533,0.06055357248772339,0.060553572487723396,0.789543000775216,0.789543000775216,0.41910932241265275,0.07669445796906389,0.07669445796906392,False,1e-24,False
HGNN,real,,66,base,3420.7162093809397,8.271621898747131,8.271621898747131,18432.16043746069,18432.16043746069,0.18558411646791173,0.00044876030277689316,0.00044876030277689316,0.3252247713528967,0.0034341063951639095,0.0034341063951639104,0.6851256483681334,0.6851256483681334,0.4746936158754723,0.005012374596314466,0.005012374596314467,False,1e-24,False
HGNN,real,,66,restart,3480.4508846640665,145.8529627700905,145.85296277009047,21241.302350284634,21241.302350284634,0.16385298920324573,0.006866479294200907,0.006866479294200905,0.33090404870935125,0.060553371313821394,0.060553371313821394,0.7895417954015599,0.7895417954015599,0.4191089700844195,0.07669432025827591,0.07669432025827591,False,1e-24,False
HGNN,real,,67,base,3416.562948574275,8.103955183802935,8.103955183802935,18415.701643052966,18415.701643052966,0.18552445162267928,0.00044005682438171033,0.00044005682438171044,0.32482989986589283,0.003364496668668408,0.0033644966686684086,0.6845138729754326,0.6845138729754326,0.4745410030244208,0.004915162134031956,0.004915162134031959,False,1e-24,False
HGNN,real,,67,restart,3480.443606076884,145.8525372104921,145.8525372104921,21241.27360081521,21241.27360081521,0.163852868311216,0.00686646855322717,0.00686646855322717,0.3309033566972967,0.06055319463541947,0.060553194635419486,0.7895407267802799,0.7895407267802799,0.4191086608625108,0.0766942002882528,0.07669420028825283,False,1e-24,False
HGNN,real,,68,base,3412.5008351936167,7.94111739121094,7.941117391210941,18399.57574294849,18399.57574294849,0.18546627829184778,0.0004315924183335759,0.00043159241833357596,0.3244436942251527,0.0032968917525153566,0.003296891752515358,0.6839144713045279,0.6839144713045279,0.4743922052216482,0.004820619961772008,0.00482061996177201,False,1e-24,False
HGNN,real,,68,restart,3480.437174848045,145.8521633548055,145.8521633548055,21241.24810940076,21241.24810940076,0.16385276217868308,0.006866459193151439,0.006866459193151439,0.33090274524788066,0.06055303942278766,0.060553039422787676,0.7895397792613001,0.7895397792613001,0.41910838939296496,0.076694095742005,0.07669409574200503,False,1e-24,False
HGNN,real,,69,base,3408.5270310285373,7.782916453879584,7.782916453879584,18383.773176639024,18383.773176639024,0.18540954559643313,0.0004233579461135671,0.0004233579461135671,0.3240658845876724,0.003231211906741359,0.0032312119067413594,0.6833270879901634,0.6833270879901634,0.4742470923270897,0.004728646007939133,0.004728646007939134,False,1e-24,False
HGNN,real,,69,restart,3480.4314911186752,145.85183482436474,145.85183482436474,21241.22550368003,21241.22550368003,0.1638526689769238,0.006866451034056203,0.006866451034056203,0.3309022048670155,0.060552903027712865,0.06055290302771288,0.7895389390039074,0.7895389390039074,0.4191081509982092,0.0766940046099654,0.07669400460996541,False,1e-24,False
HGNN,real,,70,base,3404.6388208179437,7.629170379353103,7.629170379353104,18368.28476262691,18368.28476262691,0.18535420507772196,0.00041534473566502076,0.0004153447356650208,0.32369621279986244,0.0031673815740417095,0.0031673815740417104,0.6827513817549531,0.6827513817549531,0.4741055403913346,0.004639143411032329,0.0046391434110323315,False,1e-24,False
HGNN,real,,70,restart,3480.4264669667346,145.85154604133146,145.85154604133146,21241.20545427341,21241.20545427341,0.1638525871075987,0.006866443919828868,0.006866443919828868,0.33090172719550864,0.06055278313445933,0.060552783134459345,0.7895381937650215,0.7895381937650215,0.4191079415899543,0.07669392514845298,0.07669392514845301,False,1e-24,False
HGNN,real,,71,base,3400.833605237822,7.47970658745956,7.479706587459559,18353.10167861387,18353.10167861387,0.1853002105470094,0.00040754455123927967,0.00040754455123927956,0.3233344317308572,0.0031053291047835573,0.0031053291047835577,0.6821870246729954,0.6821870246729954,0.47396743127128027,0.0045520201828407525,0.0045520201828407525,False,1e-24,False
HGNN,real,,71,restart,3480.422024956182,145.85129212611892,145.85129212611892,21241.18766976309,21241.18766976309,0.1638525151731782,0.0068664377149559655,0.0068664377149559655,0.33090130487112457,0.06055267771718254,0.060552677717182556,0.7895375327126068,0.7895375327126068,0.41910775759354973,0.07669385584386629,0.07669385584386632,False,1e-24,False
HGNN,real,,72,base,3397.1088943848545,7.334361300171333,7.334361300171333,18338.21544298769,18338.21544298769,0.185247517946675,0.00039994956559286706,0.00039994956559286706,0.3229803046529692,0.0030449865036959716,0.003044986503695972,0.6816337014817313,0.6816337014817313,0.47383265227478705,0.004467188897903372,0.004467188897903374,False,1e-24,False
HGNN,real,,72,restart,3480.4180968659402,145.8510688082585,145.8510688082585,21241.171892267583,21241.171892267583,0.16385245195124643,0.006866432301757919,0.006866432301757919,0.33090093140774074,0.06055258500292384,0.06055258500292385,0.7895369462611772,0.7895369462611772,0.41910759588225693,0.07669379538179733,0.07669379538179734,False,1e-24,False
HGNN,real,,73,base,3393.462301714553,7.1929789789048915,7.1929789789048915,18323.617897504944,18323.617897504944,0.18519608522161052,0.0003925523343228158,0.0003925523343228158,0.3226336046653574,0.002986289196255245,0.002986289196255246,0.6810911089382591,0.6810911089382591,0.473701095831812,0.004384566406850501,0.0043845664068505015,False,1e-24,False
HGNN,real,,73,restart,3480.4146225758764,145.85087234890125,145.85087234890125,21241.15789353928,21241.15789353928,0.16385239637216203,0.006866427578002389,0.006866427578002389,0.33090060108943237,0.06055250343943564,0.06055250343943565,0.7895364259267412,0.7895364259267412,0.4191074537201095,0.07669374262037419,0.07669374262037422,False,1e-24,False
HGNN,real,,74,base,3389.891538396458,7.0554118049808725,7.0554118049808725,18309.301191077026,18309.301191077026,0.18514587220010945,0.0003853457721488193,0.0003853457721488193,0.3222941141573468,0.002929175812988941,0.002929175812988942,0.680558955216659,0.680558955216659,0.4735726591897436,0.004304073571490107,0.004304073571490108,False,1e-24,False
HGNN,real,,74,restart,3480.411549089945,145.85069947339565,145.85069947339565,21241.145471522115,21241.145471522115,0.16385234749962582,0.00686642345484319,0.00686642345484319,0.3309003088775977,0.060552431667189925,0.06055243166718994,0.7895359641988503,0.7895359641988503,0.41910732871220807,0.07669369656724005,0.07669369656724007,False,1e-24,False
HGNN,real,,75,base,3386.3944080524816,6.921519199402478,6.921519199402478,18295.257764575126,18295.257764575126,0.1850968404834128,0.0003783231309702849,0.0003783231309702849,0.3219616243081766,0.002873587990103617,0.0028735879901036175,0.6800369593431926,0.6800369593431926,0.47344724413087813,0.0042256350197187,0.004225635019718702,False,1e-24,False
HGNN,real,,75,restart,3480.4088296792775,145.85054731259982,145.85054731259982,21241.134447314238,21241.134447314238,0.16385230451377075,0.0068664198550394,0.0068664198550394,0.3309000503294872,0.060552368495013,0.06055236849501301,0.7895355544277008,0.7895355544277008,0.4191072187614679,0.07669365635966162,0.07669365635966165,False,1e-24,False
HGNN,real,,76,base,3382.968801847613,6.791167378497874,6.791167378497874,18281.48033657736,18281.48033657736,0.18504895334318255,0.0003714779795436035,0.0003714779795436035,0.32163593462024864,0.0028194701850021093,0.0028194701850021097,0.6795248506665217,0.6795248506665217,0.47332475671017393,0.004149178918529015,0.004149178918529017,False,1e-24,False
HGNN,real,,76,restart,3480.4064231301377,145.85041335176822,145.85041335176822,21241.124662487335,21241.124662487335,0.16385226669643688,0.006866416711415748,0.006866416711415748,0.3308998215267027,0.06055231287886491,0.06055231287886492,0.7895351907244932,0.7895351907244932,0.41910712203095396,0.07669362124733275,0.07669362124733277,False,1e-24,False
HGNN,real,,77,base,3379.6126939050246,6.664228942316056,6.664228942316056,18267.961889987786,18267.961889987786,0.18500217562624247,0.0003648041846402446,0.0003648041846402446,0.3213168524832182,0.0027667695053989814,0.0027667695053989823,0.6790223683603354,0.6790223683603354,0.4732051070115936,0.004074636763557612,0.004074636763557613,False,1e-24,False
HGNN,real,,77,restart,3480.404293083679,145.85029538601245,145.85029538601245,21241.115976720066,21241.115976720066,0.16385223341834526,0.006866413965530912,0.006866413965530912,0.330899619012425,0.060552263903348225,0.06055226390334824,0.7895348678734659,0.7895348678734659,0.4191070369110744,0.07669359057750008,0.07669359057750011,False,1e-24,False
HGNN,real,,78,base,3376.3241370201617,6.540582492971572,6.540582492971572,18254.695659463403,18254.695659463403,0.18495647366598764,0.00035829589355990566,0.00035829589355990566,0.3210041927665111,0.0027154355508697595,0.00271543555086976,0.6785292609560103,0.6785292609560103,0.4730882089215045,0.00400194318376758,0.004001943183767581,False,1e-24,False
HGNN,real,,78,restart,3480.4024074560566,145.85019148147072,145.85019148147072,21241.108265708328,21241.108265708328,0.16385220412791843,0.00686641156652506,0.006866411566525059,0.3308994397362808,0.060552220765586896,0.06055222076558691,0.7895345812542205,0.7895345812542205,0.41910696199098485,0.07669356378209077,0.07669356378209079,False,1e-24,False
HGNN,real,,79,base,3373.1012586506686,6.420112280405784,6.420112280405785,18241.675119590425,18241.675119590425,0.18491181519991923,0.00035194751788507534,0.0003519475178850754,0.3206977774380655,0.0026654202657826124,0.0026654202657826133,0.6780452859031214,0.6780452859031214,0.47297397991774637,0.003931035759997078,0.003931035759997079,False,1e-24,False
HGNN,real,,79,restart,3480.400737928931,145.85009994143815,145.85009994143815,21241.101419319442,21241.101419319442,0.16385217834153357,0.006866409470122059,0.00686640947012206,0.33089928100590255,0.060552182761164655,0.06055218276116467,0.7895343267731117,0.7895343267731117,0.4191068960336578,0.07669354036656788,0.07669354036656792,False,1e-24,False
HGNN,real,,80,base,3369.942257161054,6.302707873275209,6.30270787327521,18228.893973756145,18228.893973756145,0.18486816929281102,0.00034575371837419864,0.0003457537183741987,0.32039743520729347,0.0026166778026619755,0.0026166778026619764,0.6775702091558073,0.6775702091558073,0.4728623408731035,0.0038618548562253416,0.0038618548562253433,False,1e-24,False
HGNN,real,,80,restart,3480.3992595016566,145.85001927680972,145.85001927680972,21241.095339961474,21241.095339961474,0.16385215563501956,0.006866407637765174,0.006866407637765174,0.33089914044435265,0.060552149271853886,0.06055214927185389,0.7895341008026356,0.7895341008026356,0.41910683795413334,0.07669351990027654,0.07669351990027656,False,1e-24,False
HGNN,real,,81,base,3366.8453983028585,6.188263852894431,6.188263852894431,18216.346143667346,18216.346143667346,0.18482550626505823,0.00033970939090030924,0.00033970939090030924,0.3201030011904327,0.002569164395123675,0.0025691643951236756,0.6771038047831691,0.6771038047831691,0.47275321587203334,0.0037943434625159226,0.003794343462515924,False,1e-24,False
HGNN,real,,81,restart,3480.397950097548,145.84994818027508,145.84994818027508,21241.089941142203,21241.089941142203,0.1638521356362373,0.006866406035868055,0.006866406035868056,0.33089901595268895,0.060552119754902156,0.06055211975490217,0.7895339001278658,0.7895339001278658,0.4191067868005408,0.07669350200807802,0.07669350200807805,False,1e-24,False
HGNN,real,,82,base,3363.80901191274,6.07667952835506,6.076679528355061,18204.02575946992,18204.02575946992,0.1847837976258,0.0003338096533506556,0.0003338096533506557,0.31981431659661663,0.002522838239601656,0.0025228382396016574,0.6766458546020145,0.6766458546020145,0.47264653203960444,0.0037284470486936235,0.0037284470486936257,False,1e-24,False
HGNN,real,,82,restart,3480.3967902175723,145.84988550377932,145.84988550377932,21241.08514619547,21241.08514619547,0.16385211801860097,0.006866404635165391,0.006866404635165391,0.33089890567704,0.0605520937336747,0.060552093733674706,0.7895337218991118,0.7895337218991118,0.4191067417375276,0.07669348636309693,0.07669348636309696,False,1e-24,False
HGNN,real,,83,base,3360.831488812417,5.967858671115983,5.967858671115983,18191.92715042839,18191.92715042839,0.18474301601044368,0.0003280498334106098,0.0003280498334106098,0.3195312284331364,0.0024776593851585467,0.002477659385158547,0.6761961478304152,0.6761961478304152,0.47254221938169394,0.003664113427898327,0.003664113427898328,False,1e-24,False
HGNN,real,,83,restart,3480.3957626356723,145.84983023882725,145.84983023882725,21241.080887155207,21241.080887155207,0.16385210249542048,0.006866403410149658,0.006866403410149658,0.33089880797963744,0.06055207078947734,0.06055207078947735,0.7895335635900664,0.7895335635900664,0.4191067020317876,0.07669347268043003,0.07669347268043006,False,1e-24,False
HGNN,real,,84,base,3357.9112778957387,5.861709267515955,5.8617092675159554,18180.044836127032,18180.044836127032,0.18470313512225023,0.00032242545716211214,0.0003224254571621122,0.31925358922849434,0.0024335896307369977,0.0024335896307369985,0.6757544807606513,0.6757544807606513,0.4724402106355729,0.003601292629236686,0.003601292629236688,False,1e-24,False
HGNN,real,,84,restart,3480.394852130599,145.8497814992657,145.84978149926567,21241.077103759762,21241.077103759762,0.1638520888149572,0.0068664023385824275,0.006866402338582427,0.3308987214133203,0.06055205055440832,0.06055205055440832,0.789533422960797,0.789533422960797,0.41910666703941485,0.07669346071168785,0.07669346071168787,False,1e-24,False
HGNN,real,,85,base,3355.0468833894356,5.75814328779963,5.75814328779963,18168.373518157612,18168.373518157612,0.18466412967767182,0.0003169322384331706,0.0003169322384331706,0.3189812567719689,0.0023905924292668586,0.002390592429266859,0.6753206564502434,0.6753206564502434,0.47234044113008855,0.00353993677882263,0.0035399367788226314,False,1e-24,False
HGNN,real,,85,restart,3480.394045249846,145.84973850622598,145.84973850622598,21241.073742571316,21241.073742571316,0.16385207675610333,0.006866401401070147,0.006866401401070146,0.3308986446990908,0.06055203270510688,0.06055203270510689,0.789533298025013,0.789533298025013,0.419106636194852,0.07669345024025642,0.07669345024025644,False,1e-24,False
HGNN,real,,86,base,3352.2368622751646,5.657076470373816,5.657076470373816,18156.90807226125,18156.90807226125,0.18462597535515746,0.00031156606884055716,0.00031156606884055716,0.31871409386851635,0.002348632798095441,0.0023486327980954415,0.6748944844298648,0.6748944844298648,0.47224284865471766,0.003479999988560451,0.0034799999885604524,False,1e-24,False
HGNN,real,,86,restart,3480.3933301017423,145.84970057494988,145.84970057494988,21241.0707561969,21241.0707561969,0.16385206612460287,0.006866400580695749,0.006866400580695749,0.3308985767063477,0.06055201695728385,0.06055201695728386,0.7895331870211123,0.7895331870211123,0.41910660900122415,0.07669344107718258,0.07669344107718261,False,1e-24,False
HGNN,real,,87,base,3349.4798218615197,5.558428120124216,5.558428120124216,18145.643540894653,18145.643540894653,0.18458864874716793,0.00030632300847292863,0.00030632300847292863,0.3184519681079287,0.00230767723525524,0.0023076772352552404,0.6744757804270275,0.6744757804270275,0.4721473733368287,0.003421438252081033,0.0034214382520810337,False,1e-24,False
HGNN,real,,87,restart,3480.392696172324,145.84966710325997,145.84966710325997,21241.068102599223,21241.068102599223,0.1638520567497468,0.006866399862698649,0.006866399862698649,0.3308985164354753,0.06055200306093489,0.0605520030609349,0.7895330883865634,0.7895330883865634,0.41910658502188575,0.07669343305759974,0.07669343305759976,False,1e-24,False
HGNN,real,,88,base,3346.7744174955687,5.462120919724902,5.462120919724903,18134.57512619304,18134.57512619304,0.18455212731516313,0.00030119927716616734,0.0003011992771661674,0.3181947516472587,0.0022676936411258094,0.00226769364112581,0.6740643661045135,0.6740643661045135,0.4720539575265468,0.003364209347292813,0.0033642093472928147,False,1e-24,False
HGNN,real,,88,restart,3480.3921341639534,145.84963756146414,145.84963756146414,21241.065744486747,21241.065744486747,0.16385204848148033,0.006866399234196634,0.006866399234196634,0.33089846300250025,0.06055199079614919,0.0605519907961492,0.7895330007352355,0.7895330007352355,0.4191065638730214,0.07669342603762155,0.07669342603762158,False,1e-24,False
HGNN,real,,89,base,3344.119350404338,5.368080752965045,5.368080752965045,18123.69818330436,18123.69818330436,0.184516389347344,0.00029619124632687536,0.00029619124632687536,0.3179423210055983,0.002228651245084808,0.0022286512450848082,0.6736600688126059,0.6736600688126059,0.47196254568866436,0.003308272745055279,0.0033082727450552797,False,1e-24,False
HGNN,real,,89,restart,3480.391635853101,145.849611483514,145.849611483514,21241.063648773852,21241.063648773852,0.16385204118787186,0.006866398683944116,0.006866398683944116,0.33089841562557004,0.06055197996943872,0.060551979969438736,0.789532922837332,0.789532922837332,0.4191065452171718,0.07669341989164179,0.0766934198916418,False,1e-24,False
HGNN,real,,90,base,3341.5133656574094,5.276236539200671,5.276236539200671,18113.008214071164,18113.008214071164,0.18448141391895032,0.00029129543126369284,0.00029129543126369284,0.31769455687037285,0.0021905205367777937,0.002190520536777794,0.6732627213542448,0.6732627213542448,0.47187308430109,0.0032535895235245413,0.003253589523524542,False,1e-24,False
HGNN,real,,90,restart,3480.3911939649524,145.8495884592576,145.8495884592576,21241.061786102975,21241.061786102975,0.16385203475289584,0.0068663982021218975,0.0068663982021218975,0.33089837361303137,0.060551970410521856,0.06055197041052186,0.7895328536016286,0.7895328536016286,0.4191065287575625,0.07669341450998607,0.0766934145099861,False,1e-24,False
HGNN,real,,91,base,3338.9552502424876,5.186520078114599,5.186520078114599,18102.50086103834,18102.50086103834,0.18444718085493123,0.00028650848398949365,0.00028650848398949365,0.3174513439143753,0.002153273201667636,0.0021532732016676364,0.6728721617622929,0.6728721617622929,0.471785521759365,0.0032001222877583203,0.003200122287758321,False,1e-24,False
HGNN,real,,91,restart,3480.3908020628237,145.84956812764946,145.84956812764946,21241.060130421465,21241.060130421465,0.16385202907449073,0.006866397780154277,0.006866397780154277,0.3308983363529161,0.06055196196950431,0.060551961969504325,0.7895327920597452,0.7895327920597452,0.4191065142331371,0.07669340979686914,0.07669340979686916,False,1e-24,False
HGNN,real,,92,base,3336.44383124645,5.098865904035917,5.098865904035917,18092.171901766447,18092.171901766447,0.18441367069482095,0.0002818271864605755,0.0002818271864605755,0.3172125706228296,0.0021168820605527348,0.002116882060552735,0.672488233088162,0.672488233088162,0.4716998082868219,0.003147835094201887,0.003147835094201888,False,1e-24,False
HGNN,real,,92,restart,3480.3904544506454,145.84955017079724,145.84955017079724,21241.05865860691,21241.05865860691,0.16385202406285834,0.006866397410549909,0.006866397410549909,0.3308983033036702,0.060551954514407626,0.06055195451440763,0.789532737352219,0.789532737352219,0.4191065014142066,0.0766934056686173,0.07669340566861732,False,1e-24,False
HGNN,real,,93,base,3333.97797413493,5.01321114913226,5.01321114913226,18082.017243431892,18082.017243431892,0.18438086465966416,0.00027724844422174507,0.00027724844422174507,0.3169781291298218,0.0020813210127689384,0.002081321012768939,0.6721107832011004,0.6721107832011004,0.4716158958499846,0.0030966933797075998,0.003096693379707601,False,1e-24,False
HGNN,real,,93,restart,3480.3901460868897,145.8495343087404,145.8495343087404,21241.05735013526,21241.05735013526,0.16385201963897184,0.006866397086763275,0.006866397086763275,0.3308982739859701,0.060551947929001336,0.06055194792900135,0.7895326887161683,0.7895326887161683,0.4191064900986332,0.07669340205212118,0.07669340205212119,False,1e-24,False
HGNN,real,,94,base,3331.556581124054,4.929495414844313,4.929495414844313,18072.032917696542,18072.032917696542,0.18434874462085105,0.00027276928042872475,0.00027276928042872475,0.31674791506349326,0.0020465649828133588,0.002046564982813359,0.6717396645974967,0.6717396645974967,0.47153373807885396,0.003046663894768892,0.003046663894768893,False,1e-24,False
HGNN,real,,94,restart,3480.38987250864,145.84952029486945,145.84952029486945,21241.05618678685,21241.05618678685,0.16385201573326855,0.0068663968030740485,0.006866396803074048,0.3308982479755038,0.06055194211090128,0.06055194211090129,0.7895326454743662,0.7895326454743662,0.4191064801084872,0.07669339888348824,0.07669339888348825,False,1e-24,False
HGNN,real,,95,base,3329.1785896383913,4.847660650982956,4.847660650982956,18062.215075830532,18062.215075830532,0.18431729307072875,0.00026838683022160014,0.00026838683022160014,0.3165218273994296,0.002012589870149471,0.0020125898701494715,0.6713747342195929,0.6713747342195929,0.47145329019173626,0.0029977146406751642,0.002997714640675165,False,1e-24,False
HGNN,real,,95,restart,3480.389629764558,145.849507911906,145.849507911906,21241.055152385943,21241.055152385943,0.1638520122845035,0.006866396554482049,0.006866396554482049,0.3308982248965976,0.06055193696990057,0.060551936969900584,0.7895326070255586,0.7895326070255586,0.41910647128711404,0.0766933961068696,0.07669339610686962,False,1e-24,False
HGNN,real,,96,base,3326.8429708496574,4.767651041955914,4.767651041955914,18052.559984073276,18052.559984073276,0.18428649309487063,0.00026409833542512175,0.00026409833542512175,0.3162997683217281,0.0019793725019721436,0.001979372501972144,0.6710158532830534,0.6710158532830534,0.47137450892431304,0.002949814810317438,0.002949814810317439,False,1e-24,False
HGNN,real,,96,restart,3480.3894143556986,145.84949696837356,145.8494969683736,21241.05423256993,21241.05423256993,0.16385200923874343,0.006866396336615699,0.0068663963366157,0.3308982044165891,0.060551932426504466,0.060551932426504494,0.7895325728358854,0.7895325728358854,0.4191064634965613,0.07669339367343743,0.07669339367343746,False,1e-24,False
HGNN,real,,97,base,3324.5487282910785,4.689412899633013,4.689412899633013,18043.06401921866,18043.06401921866,0.18425632834589062,0.0002599011395535737,0.0002599011395535737,0.31608164309125864,0.0019468905887288033,0.0019468905887288037,0.6706628871128654,0.6706628871128654,0.47129735246266197,0.002902934732395834,0.0029029347323958348,False,1e-24,False
HGNN,real,,97,restart,3480.3892231832433,145.84948729549885,145.84948729549885,21241.05341458481,21241.05341458481,0.16385200654848373,0.006866396145652257,0.006866396145652257,0.330898186240858,0.060551928410643815,0.06055192841064383,0.7895325424312788,0.7895325424312788,0.4191064566153198,0.07669339154049407,0.0766933915404941,False,1e-24,False
HGNN,real,,98,base,3322.294896542729,4.612894562397642,4.612894562397642,18033.72366441132,18033.72366441132,0.1842267830187016,0.0002557926830996621,0.0002557926830996621,0.31586735992067155,0.0019151226822089105,0.001915122682208911,0.670315704987087,0.670315704987087,0.4712217803799724,0.002857045818799372,0.002857045818799373,False,1e-24,False
HGNN,real,,98,restart,3480.3890535023424,145.84947874448972,145.8494787444897,21241.05268710388,21241.05268710388,0.1638520041718741,0.006866395978248271,0.00686639597824827,0.33089817010843753,0.060551924860544996,0.060551924860544996,0.789532515390724,0.789532515390724,0.41910645053634366,0.07669338967069525,0.07669338967069525,False,1e-24,False
HGNN,real,,99,base,3320.0805399834526,4.5380462999671884,4.5380462999671884,18024.535505141903,18024.535505141903,0.18419784182712087,0.0002517704990884569,0.0002517704990884569,0.31565682985573673,0.0018840481360285224,0.0018840481360285228,0.6699741799879895,0.6699741799879895,0.4711477535767057,0.0028121205149462584,0.0028121205149462592,False,1e-24,False
HGNN,real,,99,restart,3480.38890288133,145.84947118414374,145.84947118414374,21241.05204006702,21241.05204006702,0.1638520020720381,0.006866395831478954,0.006866395831478954,0.3308981557881369,0.06055192172173706,0.060551921721737074,0.7895324913402852,0.7895324913402852,0.41910644516530887,0.07669338803137289,0.07669338803137292,False,1e-24,False
HGNN,real,,100,base,3317.9047516053465,4.464820223597241,4.464820223597242,18015.496225429953,18015.496225429953,0.1841694899817372,0.00024783220887886946,0.00024783220887886946,0.3154499666626308,0.0018536470683500194,0.0018536470683500202,0.6696381888601755,0.6696381888601755,0.47107523422398273,0.0027681322528889884,0.002768132252888989,False,1e-24,False
HGNN,real,,100,restart,3480.388769165686,145.84946449874664,145.84946449874667,21241.051464538214,21241.051464538214,0.16385200021647567,0.006866395702785303,0.006866395702785304,0.3308981430751151,0.06055191894617923,0.060551918946179256,0.7895324699478093,0.7895324699478093,0.41910644041908574,0.07669338659394453,0.07669338659394456,False,1e-24,False
HGNN,real,,101,base,3315.766651887004,4.393170201313721,4.39317020131372,18006.60260418382,18006.60260418382,0.18414171316895664,0.00024397551819647375,0.00024397551819647372,0.31524668672081024,0.0018239003266892647,0.0018239003266892647,0.6693076118752761,0.6693076118752761,0.47100418570998676,0.002725055407003416,0.0027250554070034163,False,1e-24,False
HGNN,real,,101,restart,3480.388650446183,145.84945858622447,145.84945858622447,21241.050952579182,21241.050952579182,0.16385199857653837,0.006866395589927946,0.006866395589927946,0.3308981317878522,0.060551916491493746,0.06055191649149376,0.7895324509182298,0.7895324509182298,0.4191064362243961,0.07669338533339776,0.07669338533339778,False,1e-24,False
HGNN,real,,102,base,3313.6653877220483,4.3230517778438955,4.323051777843897,17997.851511727724,17997.851511727724,0.18411449753115278,0.00024019821338268723,0.00024019821338268729,0.31504690892114195,0.001794789454673583,0.0017947894546735841,0.6689823327028613,0.6689823327028613,0.4709345725891909,0.0026828652520944313,0.002682865252094433,False,1e-24,False
HGNN,real,,102,restart,3480.388545030735,145.84945335651923,145.84945335651923,21241.050497137367,21241.050497137367,0.16385199712696805,0.006866395490946891,0.006866395490946891,0.330898121765473,0.060551914320291486,0.06055191432029149,0.789532433989402,0.789532433989402,0.4191064325166339,0.0766933842278407,0.07669338422784071,False,1e-24,False
HGNN,real,,103,base,3311.600131399664,4.254422098941803,4.254422098941803,17989.239906486728,17989.239906486728,0.1840878296478517,0.0002364981578464415,0.00023649815784644154,0.31485055456897715,0.0017662966606241573,0.0017662966606241577,0.6686622382872205,0.6686622382872205,0.4708663605342324,0.0026415379237633174,0.0026415379237633187,False,1e-24,False
HGNN,real,,103,restart,3480.3884514195015,145.84944873015988,145.84944873015988,21241.05009194649,21241.05009194649,0.1638519958454919,0.006866395404126393,0.006866395404126393,0.3308981128653801,0.06055191239957866,0.060551912399578675,0.7895324189284078,0.7895324189284078,0.41910642923882885,0.07669338325810951,0.07669338325810954,False,1e-24,False
HGNN,real,,104,base,3309.5700796341157,4.187239839826088,4.187239839826088,17980.764831820947,17980.764831820947,0.18406169651788662,0.00023287328870548593,0.00023287328870548593,0.31465754729188283,0.0017384047878457628,0.001738404787845763,0.6683472187296888,0.6683472187296888,0.4707995162902671,0.002601050380893192,0.0026010503808931926,False,1e-24,False
HGNN,real,,104,restart,3480.388368282875,145.84944463700546,145.8494446370055,21241.04973143844,21241.04973143844,0.16385199471246584,0.006866395327964262,0.006866395327964263,0.33089810496116107,0.06055191070023506,0.06055191070023508,0.7895324055282797,0.7895324055282797,0.41910642634073475,0.07669338240742568,0.07669338240742572,False,1e-24,False
HGNN,real,,105,base,3307.574452640409,4.121465137468971,4.121465137468972,17972.423413000954,17972.423413000954,0.18403608554246303,0.00022932161360540677,0.0002293216136054068,0.3144678129517602,0.0017110972865153659,0.0017110972865153667,0.6680371671762234,0.6680371671762234,0.47073400763165285,0.0025613803701194223,0.0025613803701194236,False,1e-24,False
HGNN,real,,105,restart,3480.388294442013,145.84944101513915,145.84944101513918,21241.049410665066,21241.049410665066,0.16385199371056125,0.006866395261145082,0.006866395261145083,0.33089809794073727,0.060551909196554836,0.06055190919655486,0.7895323936050943,0.7895323936050943,0.41910642377802776,0.07669338166109683,0.07669338166109688,False,1e-24,False
HGNN,real,,106,base,3305.6124932534603,4.057059526493929,4.05705952649393,17964.21285431676,17964.21285431676,0.18401098450907796,0.00022584120770529766,0.00022584120770529769,0.31428127956109936,0.0016843581870689404,0.0016843581870689412,0.6677319797099436,0.6677319797099436,0.4706698033208177,0.0025225063921614325,0.0025225063921614334,False,1e-24,False
HGNN,real,,106,restart,3480.388228851606,145.84943780989448,145.84943780989448,21241.049125228717,21241.049125228717,0.16385199282448956,0.006866395202516817,0.006866395202516817,0.3308980917047259,0.06055190786584227,0.06055190786584228,0.7895323829953904,0.7895323829953904,0.41910642151160227,0.07669338100625543,0.07669338100625546,False,1e-24,False
HGNN,real,,107,base,3303.6834660883055,3.993985878457135,3.9939858784571354,17956.130436313255,17956.130436313255,0.18398638157624211,0.00022243021081980836,0.00022243021081980838,0.31409787720313687,0.0016581720749931116,0.001658172074993112,0.6674315552483715,0.6674315552483715,0.47060687306918164,0.002484407669901156,0.0024844076699011572,False,1e-24,False
HGNN,real,,107,restart,3480.388170584649,145.84943497299832,145.84943497299832,21241.04887122073,21241.04887122073,0.1638519920407598,0.006866395151070348,0.006866395151070348,0.3308980861649919,0.060551906688055934,0.06055190668805594,0.7895323735538826,0.7895323735538826,0.4191064195069505,0.07669338043163025,0.07669338043163026,False,1e-24,False
HGNN,real,,108,base,3301.786656739057,3.9322083443037186,3.9322083443037186,17948.173513145557,17948.173513145557,0.18396226525895634,0.00021908682470802394,0.00021908682470802394,0.31391753795569577,0.001632524066934881,0.0016325240669348812,0.6671357954451308,0.6671357954451308,0.47054518750000757,0.0024470641181014987,0.0024470641181014996,False,1e-24,False
HGNN,real,,108,restart,3480.3881188189475,145.84943246181652,145.84943246181652,21241.04864516676,21241.04864516676,0.16385199134746503,0.0068663951059216395,0.0068663951059216395,0.33089808124336517,0.06055190564549553,0.060551905645495535,0.789532365151429,0.789532365151429,0.4191064177336167,0.07669337992734714,0.07669337992734716,False,1e-24,False
HGNN,real,,109,base,3299.92137101444,3.8716922998045993,3.8716922998045993,17940.339510047805,17940.339510047805,0.18393862441489808,0.000215809310500294,0.000215809310500294,0.3137401958185045,0.0016073997880487864,0.0016073997880487868,0.6668446045958608,0.6668446045958608,0.47048471811306897,0.0024104563146656126,0.0024104563146656135,False,1e-24,False
HGNN,real,,109,restart,3480.388072825187,145.8494302386889,145.8494302386889,21241.048443978252,21241.048443978252,0.16385199073409495,0.006866395066296108,0.006866395066296108,0.330898076870506,0.06055190472252578,0.06055190472252579,0.7895323576732277,0.7895323576732277,0.419106416164717,0.0766933794847545,0.07669337948475452,False,1e-24,False
HGNN,real,,110,base,3298.086934207919,3.81240429379327,3.8124042937932705,17932.625920909773,17932.625920909773,0.18391544823127598,0.0002125959862547479,0.00021259598625474792,0.3135657866438042,0.0015827853505065118,0.0015827853505065125,0.6665578895481392,0.6665578895481392,0.4704254372510256,0.0023745654733446854,0.0023745654733446867,False,1e-24,False
HGNN,real,,110,restart,3480.388031956366,145.84942827034402,145.84942827034402,21241.048264909423,21241.048264909423,0.16385199019137048,0.006866395031514984,0.006866395031514984,0.3308980729849007,0.06055190390533348,0.060551903905333486,0.7895323510172175,0.7895323510172175,0.4191064147765171,0.07669337909627089,0.07669337909627091,False,1e-24,False
HGNN,real,,111,base,3296.282690400519,3.75431199903437,3.7543119990343703,17925.03030595564,17925.03030595564,0.18389272621231334,0.00020944522463579821,0.00020944522463579824,0.3133942480700642,0.0015586673330991274,0.0015586673330991278,0.6662755596152015,0.6662755596152015,0.4703673180674088,0.0023393734178082633,0.0023393734178082646,False,1e-24,False
HGNN,real,,111,restart,3480.3879956384394,145.84942652738303,145.84942652738303,21241.04810551899,21241.04810551899,0.16385198971109824,0.006866395000983378,0.006866395000983378,0.330898069531972,0.06055190318171318,0.06055190318171319,0.7895323450926556,0.7895323450926556,0.41910641354805983,0.07669337875525177,0.07669337875525178,False,1e-24,False
HGNN,real,,112,base,3294.508001794572,3.6973841655674335,3.6973841655674335,17917.550289519702,17917.550289519702,0.18387044816732503,0.00020635545070746085,0.00020635545070746085,0.3132255194586381,0.0015350327618669434,0.0015350327618669436,0.6659975264932642,0.6659975264932642,0.47031033449612364,0.002304862556997002,0.0023048625569970027,False,1e-24,False
HGNN,real,,112,restart,3480.3879633620427,145.84942498382512,145.84942498382512,21241.047963636265,21241.047963636265,0.16385198928604244,0.006866394974179846,0.006866394974179846,0.3308980664632919,0.060551902540878506,0.06055190254087852,0.7895323398188575,0.7895323398188575,0.4191064124608371,0.07669337845587292,0.07669337845587293,False,1e-24,False
HGNN,real,,113,base,3292.7622480767523,3.6415905763798837,3.6415905763798837,17910.183557914315,17910.183557914315,0.1838486041993532,0.0002033251398348011,0.0002033251398348011,0.3130595418332041,0.001511869091696389,0.0015118690916963893,0.6657237041822758,0.6657237041822758,0.47025446122238146,0.0022710158616831193,0.0022710158616831197,False,1e-24,False
HGNN,real,,113,restart,3480.38793467515,145.84942361670684,145.84942361670684,21241.04783733102,21241.04783733102,0.1638519889098121,0.006866394950647271,0.006866394950647271,0.33089806373588404,0.060551901973295796,0.0605519019732958,0.7895323351240763,0.7895323351240763,0.41910641149850175,0.07669337819302863,0.07669337819302864,False,1e-24,False
HGNN,real,,114,base,3291.04482580885,3.586902005273123,3.586902005273124,17902.92785738533,17902.92785738533,0.18382718469433063,0.00020035281568726488,0.00020035281568726493,0.31289625782184327,0.0014891641888273943,0.001489164188827395,0.66545400890992,0.66545400890992,0.47019967365498105,0.002237816842168843,0.0022378168421688443,False,1e-24,False
HGNN,real,,114,restart,3480.3879091765775,145.84942240572863,145.84942240572863,21241.047724886706,21241.047724886706,0.16385198857676128,0.006866394929984865,0.006866394929984865,0.33089806131160593,0.060551901470537316,0.06055190147053733,0.7895323309445074,0.7895323309445074,0.41910641064661264,0.07669337796224235,0.07669337796224238,False,1e-24,False
HGNN,real,,115,base,3289.3551478448107,3.5332901767947047,3.533290176794705,17895.780992150718,17895.780992150718,0.18380618031074233,0.00019743704833806604,0.00019743704833806607,0.3127356116016138,0.00146690631421854,0.0014669063142185405,0.6651883590587114,0.6651883590587114,0.47014594789986514,0.0022052495270577436,0.0022052495270577445,False,1e-24,False
HGNN,real,,115,restart,3480.387886510235,145.84942133294334,145.8494213329433,21241.047624776707,21241.047624776707,0.16385198828190198,0.006866394911841197,0.006866394911841196,0.33089805915660225,0.06055190102515201,0.06055190102515201,0.7895323272234065,0.7895323272234065,0.4191064098924111,0.07669337775958882,0.07669337775958883,False,1e-24,False
HGNN,real,,116,base,3287.692642772702,3.4807277281179694,3.4807277281179694,17888.740822518415,17888.740822518415,0.1837855819697573,0.0001945764524541837,0.0001945764524541837,0.3125775488454966,0.001445084107720732,0.0014450841077207322,0.6649266750960355,0.6649266750960355,0.4700932607348786,0.002173298443038126,0.0021732984430381267,False,1e-24,False
HGNN,real,,116,restart,3480.387866360015,145.8494203824813,145.8494203824813,21241.047535643214,21241.047535643214,0.16385198802082634,0.006866394895908072,0.006866394895908072,0.33089805724081905,0.06055190063055132,0.06055190063055133,0.7895323239103037,0.7895323239103037,0.4191064092246226,0.07669337758162569,0.07669337758162571,False,1e-24,False
HGNN,real,,117,base,3286.05675438031,3.4291881727583147,3.429188172758315,17881.805263079394,17881.805263079394,0.18376538084580527,0.00019176968557187946,0.00019176968557187949,0.3124220166715865,0.0014236865730133848,0.0014236865730133852,0.6646688795069846,0.6646688795069846,0.4700415895856658,0.002141948595621625,0.0021419485956216257,False,1e-24,False
HGNN,real,,117,restart,3480.3878484452857,145.84941954030822,145.84941954030822,21241.04745627849,21241.04745627849,0.16385198778963897,0.0068663948819151855,0.0068663948819151855,0.33089805553757523,0.06055190028090865,0.060551900280908656,0.7895323209603072,0.7895323209603072,0.41910640863328336,0.0766933774253338,0.07669337742533383,False,1e-24,False
HGNN,real,,118,base,3284.446941143165,3.3786458660224947,3.3786458660224947,17874.97228097251,17874.97228097251,0.18374556835757347,0.0001890154464529707,0.0001890154464529707,0.3122689635944164,0.0014027030632601035,0.001402703063260104,0.6644148967298625,0.6644148967298625,0.46999091250264147,0.002111185450783795,0.002111185450783796,False,1e-24,False
HGNN,real,,118,restart,3480.3878325168803,145.8494187940109,145.84941879401086,21241.047385608195,21241.047385608195,0.16385198758489686,0.006866394869625436,0.006866394869625434,0.33089805402318123,0.060551899971070446,0.060551899971070446,0.7895323183334838,0.7895323183334838,0.4191064081095867,0.07669337728806493,0.07669337728806491,False,1e-24,False
HGNN,real,,119,base,3282.8626757338666,3.3290759720939924,3.3290759720939924,17868.23989421752,17868.23989421752,0.183726136159402,0.0001863124735174023,0.0001863124735174023,0.3121183394783063,0.0013821232674436084,0.0013821232674436086,0.6641646530942221,0.6641646530942221,0.46994120813898155,0.0020809949174569104,0.0020809949174569113,False,1e-24,False
HGNN,real,,119,restart,3480.3878183535476,145.84941813260866,145.8494181326087,21241.047322676593,21241.047322676593,0.16385198740355625,0.006866394858830817,0.006866394858830818,0.33089805267660166,0.060551899696477916,0.06055189969647794,0.7895323159943085,0.7895323159943085,0.4191064076457473,0.0766933771674957,0.07669337716749575,False,1e-24,False
HGNN,real,,120,base,3281.3034445516423,3.2804544326637837,3.2804544326637832,17861.60617011326,17861.60617011326,0.18370707613305504,0.00018365954334794194,0.00018365954334794191,0.31197009549263616,0.0013619371973422555,0.0013619371973422557,0.6639180767613257,0.6639180767613257,0.4698924557295754,0.002051363330828335,0.0020513633308283353,False,1e-24,False
HGNN,real,,120,restart,3480.3878057588095,145.84941754638712,145.84941754638712,21241.04726663342,21241.04726663342,0.1638519872429261,0.006866394849348846,0.006866394849348846,0.3308980514791563,0.060551899453097933,0.06055189945309795,0.789532313911177,0.789532313911177,0.41910640723488185,0.07669337706158796,0.07669337706158799,False,1e-24,False
HGNN,real,,121,base,3279.76874727113,3.2327579370214727,3.232757937021473,17855.069223697723,17855.069223697723,0.18368838037984941,0.0001810554692630858,0.00018105546926308583,0.3118241840689461,0.0013421351751128573,0.0013421351751128578,0.6636750976669061,0.6636750976669061,0.4698446350708919,0.0020222774364007635,0.0020222774364007643,False,1e-24,False
HGNN,real,,121,restart,3480.387794558168,145.84941702675053,145.84941702675053,21241.04721672216,21241.04721672216,0.16385198710062698,0.0068663948410194004,0.0068663948410194004,0.33089805041425474,0.06055189923736185,0.060551899237361866,0.7895323120559693,0.7895323120559693,0.4191064068709041,0.07669337696855322,0.07669337696855325,False,1e-24,False
HGNN,real,,122,base,3278.258096409446,3.185963893527225,3.185963893527225,17848.627216267305,17848.627216267305,0.1836700412131208,0.00017849909995450665,0.00017849909995450665,0.3116805588597756,0.0013227078214467628,0.001322707821446763,0.6634356474661262,0.6634356474661262,0.4697977265017092,0.0019937243747733618,0.001993724374773362,False,1e-24,False
HGNN,real,,122,restart,3480.387784596635,145.8494165660924,145.84941656609243,21241.047172269704,21241.047172269704,0.16385198697455458,0.006866394833701965,0.006866394833701966,0.33089804946716145,0.06055189904611169,0.06055189904611171,0.789532310403666,0.789532310403666,0.4191064065484317,0.076693376886822,0.07669337688682203,False,1e-24,False
HGNN,real,,123,base,3276.7710169106504,3.140050402389804,3.140050402389804,17842.27835395244,17842.27835395244,0.18365205115101102,0.0001759893181856014,0.0001759893181856014,0.3115391746991565,0.0013036460442681901,0.0013036460442681906,0.6631996594806358,0.6631996594806358,0.46975171088466583,0.001965691667105348,0.0019656916671053487,False,1e-24,False
HGNN,real,,123,restart,3480.387775736535,145.8494161576808,145.8494161576808,21241.047132677086,21241.047132677086,0.16385198686284771,0.006866394827273229,0.006866394827273229,0.33089804862478694,0.06055189887655257,0.06055189887655258,0.7895323089320037,0.7895323089320037,0.4191064062627039,0.07669337681501699,0.07669337681501702,False,1e-24,False
HGNN,real,,124,base,3275.307045746757,3.0949962296807,3.0949962296807,17836.020886347025,17836.020886347025,0.18363440290955887,0.00017352503954790909,0.00017352503954790909,0.311399987564679,0.0012849410279457457,0.001284941027945746,0.6629670686476269,0.6629670686476269,0.4697065695885883,0.0019381672012259536,0.001938167201225954,False,1e-24,False
HGNN,real,,124,restart,3480.3877678555664,145.8494157955568,145.8494157955568,21241.047097411298,21241.047097411298,0.16385198676386017,0.0068663948216249595,0.0068663948216249595,0.3308980478755035,0.06055189872621056,0.06055189872621057,0.78953230762117,0.78953230762117,0.4191064060095101,0.07669337675192933,0.07669337675192936,False,1e-24,False
HGNN,real,,125,base,3273.8657315345117,3.0507807825186166,3.0507807825186166,17829.853105189268,17829.853105189268,0.18361708939607996,0.00017110521127236352,0.00017110521127236352,0.31126295454105674,0.0012665842229898348,0.0012665842229898352,0.6627378114708007,0.6627378114708007,0.4696622844715576,0.001911139218356849,0.0019111392183568496,False,1e-24,False
HGNN,real,,125,restart,3480.387760845069,145.84941547444555,145.84941547444555,21241.047065998,21241.047065998,0.16385198667613543,0.006866394816662156,0.006866394816662156,0.3308980472089801,0.060551898592895684,0.0605518985928957,0.7895323064535338,0.7895323064535338,0.41910640578512465,0.0766933766964979,0.07669337669649791,False,1e-24,False
HGNN,real,,126,base,3272.4466341671805,3.007384085362579,3.007384085362579,17823.77334309158,17823.77334309158,0.18360010370282043,0.00016872881109253045,0.00016872881109253045,0.3111280337851191,0.0012485673362103373,0.0012485673362103375,0.6625118259731573,0.6625118259731573,0.46961883786467673,0.0018845963004152093,0.00188459630041521,False,1e-24,False
HGNN,real,,126,restart,3480.3877546085014,145.84941518967682,145.84941518967688,21241.04703801503,21241.04703801503,0.16385198659838487,0.0068663948123014185,0.006866394812301421,0.33089804661603806,0.06055189847466904,0.060551898474669075,0.7895323054134035,0.7895323054134035,0.4191064055862515,0.07669337664779115,0.0766933766477912,False,1e-24,False
HGNN,real,,127,base,3271.0493244606437,2.964786757355656,2.964786757355656,17817.77997231733,17817.77997231733,0.18358343910087135,0.00016639484615714806,0.00016639484615714806,0.3109951844921636,0.001230882321310463,0.0012308823213104632,0.662289051651528,0.662289051651528,0.46957621255650445,0.0018585273578674646,0.001858527357867465,False,1e-24,False
HGNN,real,,127,restart,3480.387749060074,145.84941493711548,145.84941493711548,21241.04701308665,21241.04701308665,0.16385198652946817,0.006866394808469534,0.006866394808469534,0.3308980460885211,0.060551898369813846,0.06055189836981386,0.7895323044868126,0.7895323044868126,0.4191064054099739,0.07669337660499137,0.0766933766049914,False,1e-24,False
HGNN,real,,128,base,3269.673383813129,2.9229699906647846,2.9229699906647846,17811.871403602458,17811.871403602458,0.18356708903433003,0.00016410235198944975,0.00016410235198944975,0.310864366863605,0.0012135213698941574,0.0012135213698941576,0.6620694294327739,0.6620694294327739,0.4695343917781209,0.001832921618105579,0.0018329216181055795,False,1e-24,False
HGNN,real,,128,restart,3480.3877441235536,145.84941471309955,145.84941471309955,21241.046990878414,21241.046990878414,0.1638519864683762,0.006866394805102213,0.006866394805102213,0.3308980456191811,0.06055189827680977,0.06055189827680978,0.7895323036613298,0.7895323036613298,0.41910640525371073,0.07669337656738048,0.07669337656738051,False,1e-24,False
HGNN,real,,129,base,3268.3184038779546,2.8819155297654016,2.881915529765402,17806.046085019854,17806.046085019854,0.1835510471146975,0.0001618503914908961,0.00016185039149089613,0.31073554207586135,0.0011964769028657584,0.0011964769028657589,0.6618529016315756,0.6618529016315756,0.46949335918879764,0.0018077686143193555,0.0018077686143193564,False,1e-24,False
HGNN,real,,129,restart,3480.387739731188,145.84941451438598,145.84941451438598,21241.046971092615,21241.046971092615,0.16385198641421586,0.006866394802143016,0.006866394802143016,0.33089804520157673,0.06055189819431041,0.06055189819431042,0.7895323029258892,0.7895323029258892,0.4191064051151775,0.07669337653432809,0.0766933765343281,False,1e-24,False
HGNN,real,,130,base,3266.9839862486842,2.8416056516226265,2.8416056516226265,17800.30250088483,17800.30250088483,0.18353530711549912,0.00015963805398708103,0.00015963805398708103,0.31060867225041994,0.0011797415622018738,0.001179741562201874,0.6616394119097486,0.6616394119097486,0.4694530988622376,0.001783058174839798,0.0017830581748397984,False,1e-24,False
HGNN,real,,130,restart,3480.387735822761,145.8494143381022,145.8494143381022,21241.046953464243,21241.046953464243,0.1638519863661964,0.006866394799542371,0.006866394799542371,0.33089804482998286,0.06055189812112316,0.060551898121123174,0.7895323022706404,0.7895323022706404,0.41910640499235163,0.07669337650528049,0.07669337650528052,False,1e-24,False
HGNN,real,,131,base,3265.669742156122,2.802023146723558,2.8020231467235583,17794.63917069965,17794.63917069965,0.18351986296711867,0.00015746445431370822,0.00015746445431370824,0.3104837204250293,0.0011633082030766111,0.0011633082030766116,0.6614289052370116,0.6614289052370116,0.46941359527336174,0.0017587804129300332,0.001758780412930034,False,1e-24,False
HGNN,real,,131,restart,3480.387732344748,145.84941418170362,145.8494141817036,21241.046937757357,21241.046937757357,0.16385198632361808,0.006866394797256755,0.006866394797256752,0.3308980444993106,0.06055189805619159,0.06055189805619159,0.7895323016868135,0.7895323016868135,0.4191064048834433,0.07669337647975158,0.07669337647975158,False,1e-24,False
HGNN,real,,132,base,3264.3752921766313,2.7631513009178934,2.7631513009178934,17789.054648135734,17789.054648135734,0.18350470875183536,0.00015532873194065244,0.00015532873194065244,0.3103606505259675,0.0011471698863223991,0.0011471698863223993,0.6612213278531552,0.6612213278531552,0.46937483328561463,0.0017349257170016204,0.001734925717001621,False,1e-24,False
HGNN,real,,132,restart,3480.3877292495704,145.84941404293602,145.849414042936,21241.04692376192,21241.04692376192,0.16385198628586106,0.006866394795247934,0.006866394795247933,0.3308980442050364,0.06055189799857983,0.06055189799857983,0.7895323011666016,0.7895323011666016,0.41910640478686706,0.07669337645731429,0.0766933764573143,False,1e-24,False
HGNN,real,,133,base,3263.1002659512446,2.7249738780265336,2.724973878026534,17783.54752005166,17783.54752005166,0.18348983869905422,0.00015323005013223693,0.00015323005013223695,0.3102394273413364,0.0011313198712096491,0.0011313198712096495,0.6610166272315406,0.6610166272315406,0.46933679813876433,0.001711484741235368,0.001711484741235369,False,1e-24,False
HGNN,real,,133,restart,3480.387726494929,145.84941391980192,145.84941391980192,21241.046911290923,21241.046911290923,0.1638519862523767,0.00686639479348233,0.00686639479348233,0.33089804394313876,0.060551897947458584,0.0605518979474586,0.789532300703053,0.789532300703053,0.41910640470121957,0.0766933764375936,0.07669337643759361,False,1e-24,False
HGNN,real,,134,base,3261.844301915118,2.687475103180161,2.687475103180161,17778.11640554569,17778.11640554569,0.18347524718072053,0.0001511675951419596,0.0001511675951419596,0.31012001649533977,0.0011157516085294795,0.0011157516085294797,0.6608147520438821,0.6608147520438821,0.4692994754371735,0.0016884483965869251,0.0016884483965869258,False,1e-24,False
HGNN,real,,134,restart,3480.3877240432203,145.8494138105316,145.8494138105316,21241.046900177844,21241.046900177844,0.16385198622267907,0.0068663947919304505,0.0068663947919304505,0.3308980437100424,0.06055189790209312,0.06055189790209314,0.7895323002899785,0.7895323002899785,0.41910640462525794,0.07669337642026006,0.07669337642026008,False,1e-24,False
HGNN,real,,135,base,3260.6070470368372,2.6506396468519076,2.650639646851908,17772.759955041187,17772.759955041187,0.18346092870691005,0.0001491405754400043,0.00014914057544000432,0.3100023844234974,0.0011004587339646017,0.001100458733964602,0.6606156521262516,0.6606156521262516,0.4692628511385198,0.0016658078421585606,0.0016658078421585613,False,1e-24,False
HGNN,real,,135,restart,3480.3877218610087,145.84941371355654,145.84941371355654,21241.04689027441,21241.04689027441,0.16385198619633787,0.006866394790566385,0.006866394790566385,0.3308980435025685,0.060551897861832266,0.06055189786183227,0.7895322999218667,0.7895322999218667,0.41910640455788145,0.0766933764050243,0.07669337640502433,False,1e-24,False
HGNN,real,,136,base,3259.388156567179,2.6144526095502845,2.614452609550285,17767.476849403687,17767.476849403687,0.18344687792158687,0.00014714822097196265,0.00014714822097196267,0.30988649834875914,0.0010854350617343271,0.0010854350617343275,0.6604192784462606,0.6604192784462606,0.46922691154294505,0.0016435544769195446,0.0016435544769195455,False,1e-24,False
HGNN,real,,136,restart,3480.3877199185617,145.84941362748683,145.84941362748683,21241.046881448605,21241.046881448605,0.16385198617297175,0.006866394789367375,0.006866394789367375,0.33089804331789024,0.06055189782609894,0.06055189782609895,0.7895322995938103,0.7895322995938103,0.41910640449811476,0.0766933763916321,0.07669337639163212,False,1e-24,False
HGNN,real,,137,base,3258.187293796895,2.5788995071404113,2.5788995071404113,17762.265799088233,17762.265799088233,0.18343308959852092,0.00014518978244728163,0.00014518978244728163,0.3097723262584756,0.0010706745785004216,0.0010706745785004218,0.6602255830713658,0.6602255830713658,0.46919164328261326,0.00162167993175855,0.0016216799317585505,False,1e-24,False
HGNN,real,,137,restart,3480.387718189446,145.84941355109035,145.84941355109032,21241.04687358284,21241.04687358284,0.1638519861522433,0.006866394788313424,0.006866394788313423,0.33089804315349447,0.06055189779438162,0.06055189779438162,0.789532299301439,0.789532299301439,0.41910640444509484,0.07669337637986011,0.07669337637986012,False,1e-24,False
HGNN,real,,138,base,3257.004129823142,2.5439662567633663,2.5439662567633663,17757.12554331577,17757.12554331577,0.18341955863735843,0.00014326453065603172,0.00014326453065603172,0.3096598368821919,0.0010561714375212814,0.0010561714375212816,0.6600345191382564,0.6600345191382564,0.46915703331165914,0.0016001760618523752,0.0016001760618523757,False,1e-24,False
HGNN,real,,138,restart,3480.3877166501484,145.84941348327487,145.84941348327484,21241.046866572407,21241.046866572407,0.16385198613385324,0.006866394787386958,0.006866394787386957,0.3308980430071457,0.06055189776622686,0.06055189776622686,0.7895322990408603,0.7895322990408603,0.4191064043980561,0.07669337636951207,0.07669337636951208,False,1e-24,False
HGNN,real,,139,base,3255.8383433241866,2.5096391633251383,2.5096391633251383,17752.05484927743,17752.05484927743,0.18340628005983828,0.000141371755812668,0.00014137175581266804,0.30954899967022753,0.001041919953042589,0.0010419199530425892,0.6598460408232762,0.6598460408232762,0.46912306889651045,0.0015790349393361618,0.0015790349393361624,False,1e-24,False
HGNN,real,,139,restart,3480.3877152797595,145.8494134230722,145.8494134230722,21241.046860324055,21241.046860324055,0.1638519861175365,0.006866394786572545,0.006866394786572545,0.3308980428768559,0.06055189774123269,0.060551897741232694,0.7895322988086083,0.7895322988086083,0.41910640435632057,0.07669337636041557,0.0766933763604156,False,1e-24,False
HGNN,real,,140,base,3254.689620342022,2.4759049065282253,2.4759049065282253,17747.05251136554,17747.05251136554,0.18339324900614676,0.00013951076692552807,0.00013951076692552807,0.3094397847730087,0.0010279145949132567,0.001027914594913257,0.6596601033138417,0.6596601033138417,0.46908973760656375,0.001558248846261077,0.0015582488462610774,False,1e-24,False
HGNN,real,,140,restart,3480.387714059681,145.84941336962393,145.84941336962393,21241.046854754717,21241.046854754717,0.16385198610305834,0.00686639478585662,0.00686639478585662,0.3308980427608569,0.060551897719042715,0.06055189771904272,0.7895322986015954,0.7895322986015954,0.4191064043192878,0.07669337635241913,0.07669337635241916,False,1e-24,False
HGNN,real,,141,base,3253.5576540725965,2.4427505284203836,2.442750528420384,17742.117350430326,17742.117350430326,0.18338046073140662,0.00013768089119087782,0.00013768089119087787,0.30933216302112426,0.0010141499834160767,0.0010141499834160769,0.6594766627808119,0.6594766627808119,0.4690570273052042,0.0015378102678261809,0.001537810267826182,False,1e-24,False
HGNN,real,,141,restart,3480.387712973371,145.84941332216889,145.84941332216889,21241.04684979042,21241.04684979042,0.1638519860902106,0.006866394785227262,0.006866394785227262,0.3308980426575759,0.06055189769934093,0.06055189769934095,0.7895322984170717,0.7895322984170717,0.41910640428642537,0.0766933763453896,0.07669337634538963,False,1e-24,False
HGNN,real,,142,base,3252.442144663294,2.4101634214364007,2.4101634214364007,17737.248213061266,17737.248213061266,0.18336791060229268,0.00013588147341038034,0.00013588147341038034,0.30922610590607114,0.0010006208843030555,0.0010006208843030557,0.6592956763517772,0.6592956763517772,0.4690249261411489,0.0015177118858719148,0.0015177118858719153,False,1e-24,False
HGNN,real,,142,restart,3480.3877120061143,145.84941328003208,145.84941328003208,21241.046845365257,21241.046845365257,0.16385198607880883,0.006866394784673998,0.006866394784673998,0.3308980425656139,0.060551897681847114,0.06055189768184712,0.789532298252588,0.789532298252588,0.41910640425726153,0.07669337633920999,0.07669337633921,False,1e-24,False
HGNN,real,,143,base,3251.342799017399,2.3781313169100664,2.3781313169100664,17732.443970892105,17732.443970892105,0.18335559409376925,0.0001341118754309209,0.0001341118754309209,0.30912158556166386,0.0009873222040259618,0.000987322204025962,0.6591171020852266,0.6591171020852266,0.46899342254010146,0.0014979465726232923,0.0014979465726232927,False,1e-24,False
HGNN,real,,143,restart,3480.387711144821,145.84941324261501,145.84941324261501,21241.04684142054,21241.04684142054,0.1638519860686896,0.006866394784187625,0.006866394784187625,0.3308980424837264,0.06055189766631277,0.06055189766631278,0.7895322981059623,0.7895322981059623,0.4191064042313782,0.0766933763337775,0.07669337633377751,False,1e-24,False
HGNN,real,,144,base,3250.2593306052436,2.3466422740347284,2.3466422740347284,17727.70351992865,17727.70351992865,0.18334350678594408,0.00013237147560577958,0.00013237147560577958,0.3090185747460794,0.0009742489851531108,0.000974248985153111,0.6589408989455613,0.6589408989455613,0.4689625051967052,0.0014785073846715331,0.0014785073846715336,False,1e-24,False
HGNN,real,,144,restart,3480.387710377846,145.84941320938665,145.84941320938665,21241.046837903967,21241.046837903967,0.16385198605970802,0.006866394783760047,0.006866394783760048,0.3308980424108062,0.06055189765251744,0.06055189765251746,0.7895322979752509,0.7895322979752509,0.4191064042084048,0.07669337632900171,0.07669337632900175,False,1e-24,False
HGNN,real,,145,base,3249.191459281767,2.3156846692519393,2.3156846692519397,17723.025779898373,17723.025779898373,0.18333164436103405,0.00013065966827619305,0.0001306596682761931,0.30891704682451154,0.0009613964019638773,0.0009613964019638778,0.65876702677892,0.65876702677892,0.46893216306678176,0.001459387557183427,0.001459387557183428,False,1e-24,False
HGNN,real,,145,restart,3480.3877096948268,145.84941317987617,145.84941317987617,21241.046834768953,21241.046834768953,0.16385198605173568,0.00686639478338416,0.00686639478338416,0.3308980423458681,0.06055189764026566,0.06055189764026567,0.789532297858722,0.789532297858722,0.41910640418801287,0.07669337632480329,0.07669337632480332,False,1e-24,False
HGNN,real,,146,base,3248.1389111102344,2.2852471860488044,2.2852471860488044,17718.40969362111,17718.40969362111,0.18332000260043724,0.00012897586327239783,0.00012897586327239783,0.30881697575241096,0.0009487597562128897,0.0009487597562128899,0.6585954462897872,0.6585954462897872,0.46890238535984197,0.0014405804983282984,0.0014405804983282989,False,1e-24,False
HGNN,real,,146,restart,3480.3877090865426,145.84941315366586,145.84941315366584,21241.046831974,21241.046831974,0.16385198604465853,0.006866394783053713,0.006866394783053711,0.3308980422880355,0.060551897629384,0.060551897629384,0.7895322977548332,0.7895322977548332,0.4191064041699107,0.0766933763211124,0.0766933763211124,False,1e-24,False
HGNN,real,,147,base,3247.1014181918517,2.2553188051456283,2.2553188051456283,17713.854226399897,17713.854226399897,0.18330857738190734,0.00012731948543329475,0.00012731948543329475,0.3087183360592859,0.0009363344730562616,0.0009363344730562618,0.6584261190183508,0.6584261190183508,0.4688731615318585,0.0014220797839129547,0.001422079783912955,False,1e-24,False
HGNN,real,,147,restart,3480.387708544794,145.8494131303851,145.8494131303851,21241.046829482137,21241.046829482137,0.1638519860383758,0.006866394782763207,0.006866394782763207,0.3308980422365287,0.06055189761971859,0.0605518976197186,0.7895322976622104,0.7895322976622104,0.4191064041538405,0.07669337631786763,0.07669337631786766,False,1e-24,False
HGNN,real,,148,base,3246.0787185010613,2.2258887950564086,2.225888795056409,17709.358365431275,17709.358365431275,0.1832973646768263,0.0001256899741439165,0.00012568997414391653,0.30862110283304284,0.0009241160971326189,0.0009241160971326193,0.6582590073185828,0.6582590073185828,0.4688444812782896,0.001403879152215485,0.0014038791522154857,False,1e-24,False
HGNN,real,,148,restart,3480.387708062278,145.84941310970518,145.84941310970518,21241.046827260412,21241.046827260412,0.16385198603279785,0.00686639478250782,0.006866394782507821,0.33089804219065344,0.060551897611132964,0.06055189761113298,0.7895322975796286,0.7895322975796286,0.419106404139573,0.07669337631501512,0.07669337631501515,False,1e-24,False
HGNN,real,,149,base,3245.0705557262713,2.1969467030056316,2.1969467030056316,17704.921119234295,17704.921119234295,0.18328636054757041,0.0001240867828899226,0.0001240867828899226,0.3085252517048439,0.0009121002887920503,0.0009121002887920505,0.6580940743370156,0.6580940743370156,0.46881633452734206,0.001385972499009246,0.0013859724990092465,False,1e-24,False
HGNN,real,,149,restart,3480.3877076325,145.84941309133436,145.84941309133433,21241.04682527947,21241.04682527947,0.16385198602784534,0.006866394782283307,0.006866394782283306,0.33089804214979235,0.060551897603505996,0.060551897603505996,0.7895322975059968,0.7895322975059968,0.4191064041269053,0.07669337631250744,0.07669337631250746,False,1e-24,False
HGNN,real,,150,base,3244.0766791158303,2.1684823461856624,2.1684823461856624,17700.54151709749,17700.54151709749,0.18327556114496713,0.00012250937882838555,0.00012250937882838555,0.30843075883446275,0.0009002828204664624,0.0009002828204664625,0.6579312839921857,0.6579312839921857,0.4687887114334663,0.0013683538727688087,0.0013683538727688092,False,1e-24,False
HGNN,real,,150,restart,3480.387707249678,145.84941307501376,145.84941307501376,21241.046823513152,21241.046823513152,0.16385198602344783,0.006866394782085936,0.006866394782085936,0.33089804211339546,0.06055189759673022,0.060551897596730235,0.7895322974403426,0.7895322974403426,0.4191064041156572,0.07669337631030293,0.07669337631030294,False,1e-24,False
HGNN,real,,151,base,3243.0968433290177,2.140485803339803,2.1404858033398035,17696.218608543204,17696.218608543204,0.1832649627058375,0.00012095724237416692,0.00012095724237416693,0.30833760089611767,0.0008886595731751412,0.0008886595731751415,0.6577706009547231,0.6577706009547231,0.46876160237107006,0.001351017470050035,0.0013510174700500357,False,1e-24,False
HGNN,real,,151,restart,3480.3877069086666,145.84941306051368,145.84941306051368,21241.04682193816,21241.04682193816,0.16385198601954287,0.006866394781912426,0.006866394781912426,0.3308980420809738,0.060551897590710266,0.06055189759071028,0.7895322973817999,0.7895322973817999,0.41910640410566896,0.07669337630836492,0.07669337630836495,False,1e-24,False
HGNN,real,,152,base,3242.130808291869,2.1129474066568705,2.1129474066568705,17691.951462808585,17691.951462808585,0.18325456155062178,0.00011942986680121952,0.00011942986680121954,0.308245755064764,0.0008772265331596464,0.0008772265331596465,0.6576119906280589,0.6576119906280589,0.4687349979284453,0.0013339576310368705,0.0013339576310368712,False,1e-24,False
HGNN,real,,152,restart,3480.3877066048867,145.84941304763032,145.84941304763032,21241.046820533717,21241.046820533717,0.1638519860160751,0.006866394781759896,0.006866394781759894,0.33089804205209195,0.06055189758536152,0.06055189758536153,0.7895322973295965,0.7895322973295965,0.41910640409679895,0.07669337630666126,0.07669337630666127,False,1e-24,False
HGNN,real,,153,base,3241.178339057645,2.085857733963819,2.085857733963819,17687.73916834262,17687.73916834262,0.18324435408108466,0.00011792675785818185,0.00011792675785818185,0.30815519900282834,0.0008659797886424439,0.0008659797886424441,0.6574554191297312,0.6574554191297312,0.46870888890189855,0.0013171688352477723,0.0013171688352477727,False,1e-24,False
HGNN,real,,153,restart,3480.387706334261,145.84941303618268,145.84941303618265,21241.046819281313,21241.046819281313,0.16385198601299533,0.006866394781625808,0.006866394781625806,0.3308980420263622,0.06055189758060883,0.06055189758060883,0.7895322972830445,0.7895322972830445,0.4191064040889214,0.07669337630516358,0.0766933763051636,False,1e-24,False
HGNN,real,,154,base,3240.2392056717817,2.059207601203633,2.059207601203633,17683.58083231867,17683.58083231867,0.1832343367780971,0.00011644743339766383,0.00011644743339766385,0.30806591084736845,0.000854915526703974,0.0008549155267039742,0.6573008532732647,0.6573008532732647,0.4686832662900771,0.001300645697395061,0.0013006456973950614,False,1e-24,False
HGNN,real,,154,restart,3480.3877060931604,145.84941302601013,145.84941302601007,21241.046818164446,21241.046818164446,0.1638519860102601,0.006866394781507938,0.006866394781507935,0.33089804200343953,0.060551897576385516,0.06055189757638551,0.7895322972415305,0.7895322972415305,0.4191064040819252,0.07669337630384705,0.07669337630384704,False,1e-24,False
HGNN,real,,155,base,3239.313183041107,2.0329880551863084,2.032988055186309,17679.475580161863,17679.475580161863,0.18322450619949046,0.00011499142301865131,0.00011499142301865134,0.3079778691976394,0.0008440300302730955,0.0008440300302730958,0.6571482605506054,0.6571482605506054,0.4686581212884803,0.0012843829633907994,0.0012843829633908,False,1e-24,False
HGNN,real,,155,restart,3480.387705878355,145.84941301697017,145.84941301697017,21241.04681716843,21241.04681716843,0.16385198600783055,0.006866394781404321,0.006866394781404321,0.33089804198301687,0.06055189757263243,0.06055189757263244,0.7895322972045085,0.7895322972045085,0.41910640407571076,0.07669337630268971,0.07669337630268974,False,1e-24,False
HGNN,real,,156,base,3238.400050807234,2.007190366601382,2.0071903666013826,17675.422555090943,17675.422555090943,0.18321485897798226,0.00011355826772148445,0.00011355826772148448,0.3078910531030561,0.0008333196752261172,0.0008333196752261176,0.6569976091150892,0.6569976091150892,0.46863344528415385,0.0012683755064931154,0.001268375506493116,False,1e-24,False
HGNN,real,,156,restart,3480.387705686969,145.8494130089362,145.8494130089362,21241.046816280148,21241.046816280148,0.16385198600567252,0.006866394781313239,0.00686639478131324,0.33089804196482087,0.06055189756929699,0.060551897569297,0.7895322971714909,0.7895322971714909,0.4191064040701909,0.07669337630167239,0.07669337630167242,False,1e-24,False
HGNN,real,,157,base,3237.4995932238944,1.9818060232809707,1.9818060232809707,17671.420917673855,17671.420917673855,0.18320539181916884,0.00011214751957489122,0.00011214751957489122,0.3078054420515308,0.0008227809275898326,0.0008227809275898328,0.6568488677649248,0.6568488677649248,0.46860922985055564,0.001252618323587173,0.0012526183235871732,False,1e-24,False
HGNN,real,,157,restart,3480.387705516442,145.8494130017959,145.8494130017959,21241.046815487924,21241.046815487924,0.16385198600375547,0.006866394781233179,0.006866394781233179,0.330898041948608,0.06055189756633257,0.06055189756633258,0.7895322971420439,0.7895322971420439,0.4191064040652874,0.07669337630077816,0.07669337630077819,False,1e-24,False
HGNN,real,,158,base,3236.6115990381354,1.9568267237028798,1.9568267237028798,17667.46984539676,17667.46984539676,0.18319610149958349,0.00011075874139458224,0.00011075874139458224,0.30772101595817813,0.0008124103408442236,0.0008124103408442237,0.6567020059271723,0.6567020059271723,0.4685854667425885,0.0012371065315952745,0.0012371065315952747,False,1e-24,False
HGNN,real,,158,restart,3480.387705364494,145.84941299544948,145.84941299544948,21241.046814781344,21241.046814781344,0.16385198600205245,0.006866394781162806,0.006866394781162806,0.33089804193416156,0.06055189756369774,0.060551897563697755,0.7895322971157802,0.7895322971157802,0.4191064040609313,0.07669337629999214,0.07669337629999216,False,1e-24,False
HGNN,real,,159,base,3235.735861375188,1.9322443707237897,1.9322443707237897,17663.568532245918,17663.568532245918,0.18318698486481685,0.00010939150643293626,0.00010939150643293626,0.3076377551543687,0.000802204553320684,0.0008022045533206841,0.6565569936422029,0.6565569936422029,0.4685621478917927,0.0012218353640108402,0.0012218353640108407,False,1e-24,False
HGNN,real,,159,restart,3480.3877052290964,145.84941298980837,145.84941298980834,21241.04681415114,21241.04681415114,0.16385198600053946,0.00686639478110095,0.006866394781100948,0.3308980419212886,0.06055189756135574,0.06055189756135573,0.7895322970923555,0.7895322970923555,0.41910640405706134,0.07669337629930124,0.07669337629930126,False,1e-24,False
HGNN,real,,160,base,3234.872177626892,1.9080510655330267,1.9080510655330267,17659.71618830195,17659.71618830195,0.18317803882769745,0.0001080453980793274,0.0001080453980793274,0.307555640377121,0.0007921602856918245,0.0007921602856918247,0.6564138015486172,0.6564138015486172,0.4685392654016918,0.00120680016755125,0.0012068001675512505,False,1e-24,False
HGNN,real,,160,restart,3480.38770510844,145.84941298479387,145.84941298479387,21241.046813589033,21241.046813589033,0.1638519859991952,0.006866394781046582,0.006866394781046582,0.3308980419098172,0.06055189755927388,0.06055189755927389,0.7895322970714619,0.7895322970714619,0.419106404053623,0.076693376298694,0.07669337629869402,False,1e-24,False
HGNN,real,,161,base,3234.0203493435524,1.884239101817876,1.884239101817876,17655.91203934615,17655.91203934615,0.18316926036653033,0.000106720009570667,0.000106720009570667,0.30747465275882013,0.0007822743385491008,0.0007822743385491009,0.6562724008686114,0.6562724008686114,0.46851681154328756,0.001191996398924774,0.0011919963989247744,False,1e-24,False
HGNN,real,,161,restart,3480.3877050009164,145.84941298033615,145.84941298033615,21241.046813087647,21241.046813087647,0.1638519859980008,0.006866394780998797,0.006866394780998797,0.3308980418995944,0.060551897557423184,0.06055189755742319,0.7895322970528252,0.7895322970528252,0.41910640405056787,0.07669337629816027,0.0766933762981603,False,1e-24,False
HGNN,real,,162,base,3233.1801821290915,1.8608009601318114,1.8608009601318123,17652.155326478292,17652.155326478292,0.1831606465233914,0.00010541494371175194,0.00010541494371175198,0.3073947738172488,0.0007725435900646876,0.0007725435900646882,0.6561327633937719,0.6561327633937719,0.46849477875069717,0.0011774196217070366,0.0011774196217070375,False,1e-24,False
HGNN,real,,162,restart,3480.387704905094,145.84941297637323,145.84941297637323,21241.046812640416,21241.046812640416,0.1638519859969395,0.006866394780956801,0.006866394780956801,0.33089804189048405,0.0605518975557779,0.06055189755577792,0.7895322970362016,0.7895322970362016,0.41910640404785326,0.07669337629769118,0.07669337629769121,False,1e-24,False
HGNN,real,,163,base,3232.3514855393764,1.83772930245743,1.83772930245743,17648.445305745692,17648.445305745692,0.18315219440247468,0.00010412981260503055,0.00010412981260503055,0.3073159854459212,0.0007629649937341873,0.0007629649937341874,0.6559948614712867,0.6559948614712867,0.46847315961692576,0.00116306550332267,0.0011630655033226702,False,1e-24,False
HGNN,real,,163,restart,3480.387704819694,145.84941297284996,145.84941297284996,21241.04681224147,21241.04681224147,0.16385198599599643,0.006866394780919893,0.006866394780919893,0.33089804188236466,0.060551897554315164,0.06055189755431517,0.7895322970213728,0.7895322970213728,0.41910640404544103,0.07669337629727895,0.07669337629727897,False,1e-24,False
HGNN,real,,164,base,3231.5340729836216,1.8150169669562382,1.8150169669562382,17644.781247782925,17644.781247782925,0.18314390116849225,0.00010286423738941483,0.00010286423738941483,0.3072382699047087,0.0007535355761969126,0.0007535355761969127,0.6558586679905541,0.6558586679905541,0.4684519468897735,0.0011489298121280073,0.0011489298121280078,False,1e-24,False
HGNN,real,,164,restart,3480.387704743581,145.8494129697174,145.84941296971735,21241.046811885593,21241.046811885593,0.16385198599515832,0.006866394780887457,0.006866394780887455,0.33089804187512817,0.06055189755301463,0.060551897553014614,0.7895322970081448,0.7895322970081448,0.4191064040432973,0.07669337629691667,0.07669337629691667,False,1e-24,False
HGNN,real,,165,base,3230.7277616287442,1.7926569628978415,1.7926569628978415,17641.162437462102,17641.162437462102,0.18313576404512286,0.0001016178479877847,0.0001016178479877847,0.30716160981074647,0.0007442524351306531,0.0007442524351306532,0.6557241563701834,0.6557241563701834,0.4684311334678678,0.0011350084145908628,0.0011350084145908632,False,1e-24,False
HGNN,real,,165,restart,3480.387704675741,145.84941296693205,145.84941296693208,21241.04681156812,21241.04681156812,0.1638519859944135,0.006866394780858953,0.006866394780858954,0.3308980418686783,0.06055189755185824,0.06055189755185826,0.7895322969963443,0.7895322969963443,0.41910640404139216,0.07669337629659828,0.07669337629659832,False,1e-24,False
HGNN,real,,166,base,3229.932372306571,1.7706424657613755,1.7706424657613755,17637.58817355307,17637.58817355307,0.18312778031350896,0.00010039028286284574,0.00010039028286284574,0.30708598812961113,0.0007351127372179491,0.0007351127372179493,0.6555913005453645,0.6555913005453645,0.4684107123968187,0.001121297272563613,0.0011212972725636134,False,1e-24,False
HGNN,real,,166,restart,3480.3877046152747,145.84941296445535,145.84941296445533,21241.04681128491,21241.04681128491,0.1638519859937515,0.006866394780833906,0.006866394780833904,0.3308980418629295,0.06055189755082999,0.06055189755082999,0.7895322969858173,0.7895322969858173,0.4191064040396989,0.07669337629631853,0.07669337629631853,False,1e-24,False
HGNN,real,,167,base,3229.147729423801,1.748966812502396,1.7489668125023963,17634.05776839341,17634.05776839341,0.1831199473107998,9.918118878101756e-05,9.918118878101758e-05,0.30701138816676043,0.0007261137161810602,0.0007261137161810604,0.6554600749556013,0.6554600749556013,0.46839067686549235,0.0011077924406459763,0.0011077924406459768,False,1e-24,False
HGNN,real,,167,restart,3480.387704561377,145.84941296225296,145.84941296225296,21241.046811032236,21241.046811032236,0.16385198599316317,0.006866394780811898,0.006866394780811898,0.33089804185780514,0.060551897549915634,0.06055189754991564,0.7895322969764254,0.7895322969764254,0.419106404038194,0.07669337629607272,0.07669337629607274,False,1e-24,False
HGNN,real,,168,base,3228.3736608746185,1.7276234969787092,1.7276234969787092,17630.570547567757,17630.570547567757,0.1831122624287387,9.799022058404372e-05,9.799022058404372e-05,0.30693779355922507,0.0007172526708829191,0.0007172526708829192,0.6553304545327928,0.6553304545327928,0.4683710202023975,0.0010944900636340373,0.0010944900636340375,False,1e-24,False
HGNN,real,,168,restart,3480.387704513334,145.8494129602944,145.8494129602944,21241.046810806823,21241.046810806823,0.1638519859926402,0.006866394780792559,0.006866394780792559,0.33089804185323746,0.0605518975491025,0.06055189754910251,0.7895322969680467,0.7895322969680467,0.41910640403685634,0.07669337629585671,0.07669337629585674,False,1e-24,False
HGNN,real,,169,base,3227.6099979558753,1.706606165528953,1.706606165528953,17627.125849596272,17627.125849596272,0.18310472311229342,9.681704096802832e-05,9.681704096802832e-05,0.3068651882675444,0.0007085269634915043,0.0007085269634915044,0.6552024146896527,0.6552024146896527,0.46835173587218243,0.0010813863740522225,0.001081386374052223,False,1e-24,False
HGNN,real,,169,restart,3480.3877044705073,145.84941295855256,145.84941295855256,21241.046810605705,21241.046810605705,0.16385198599217535,0.006866394780775569,0.006866394780775569,0.3308980418491657,0.06055189754837935,0.06055189754837936,0.7895322969605711,0.7895322969605711,0.41910640403566735,0.07669337629566694,0.07669337629566697,False,1e-24,False
HGNN,real,,170,base,3226.8565752847408,1.6859086126979874,1.6859086126979876,17623.723025631793,17623.723025631793,0.18309732685832772,9.566132026961705e-05,9.566132026961708e-05,0.30679355656793716,0.0006999340177051612,0.0006999340177051614,0.655075931308453,0.655075931308453,0.4683328174722367,0.0010684776897650755,0.0010684776897650762,False,1e-24,False
HGNN,real,,170,restart,3480.3877044323294,145.84941295700344,145.84941295700344,21241.046810426273,21241.046810426273,0.16385198599176212,0.006866394780760642,0.006866394780760642,0.33089804184553595,0.060551897547736204,0.06055189754773621,0.7895322969539016,0.7895322969539016,0.41910640403461036,0.07669337629550022,0.07669337629550024,False,1e-24,False
HGNN,real,,171,base,3226.113230718745,1.6655247771034374,1.6655247771034376,17620.361439165532,17620.361439165532,0.1830900712143126,9.452273625905335e-05,9.452273625905337e-05,0.30672288304469975,0.0006914713170365273,0.0006914713170365275,0.6549509807300844,0.6549509807300844,0.4683142587293949,0.001055760411665821,0.0010557604116658216,False,1e-24,False
HGNN,real,,171,restart,3480.387704398294,145.84941295562564,145.84941295562564,21241.046810266173,21241.046810266173,0.16385198599139478,0.0068663947807475305,0.0068663947807475305,0.3308980418423,0.06055189754716418,0.060551897547164196,0.7895322969479507,0.7895322969479507,0.4191064040336708,0.07669337629535378,0.07669337629535379,False,1e-24,False
HGNN,real,,172,base,3225.3798052781335,1.6454487374379672,1.6454487374379676,17617.040465740938,17617.040465740938,0.18308295377707645,9.340097393985085e-05,9.340097393985088e-05,0.3066531525828236,0.0006831364031528066,0.0006831364031528069,0.654827539743421,0.654827539743421,0.4682960534967398,0.0010432310214388322,0.0010432310214388328,False,1e-24,False
HGNN,real,,172,restart,3480.3877043679513,145.84941295440012,145.84941295440012,21241.046810123327,21241.046810123327,0.1638519859910682,0.006866394780736012,0.006866394780736012,0.3308980418394152,0.060551897546655395,0.0605518975466554,0.7895322969426412,0.7895322969426412,0.41910640403283544,0.07669337629522512,0.07669337629522514,False,1e-24,False
HGNN,real,,173,base,3224.6561430704414,1.6256747086021173,1.6256747086021173,17613.759492675483,17613.759492675483,0.18307597219159172,9.22957253548363e-05,9.22957253548363e-05,0.3065843503608246,0.0006749268742702506,0.0006749268742702507,0.6547055855749786,0.6547055855749786,0.46827819575049856,0.0010308860793932482,0.0010308860793932487,False,1e-24,False
HGNN,real,,173,restart,3480.3877043408997,145.84941295331006,145.84941295331004,21241.04680999587,21241.04680999587,0.16385198599077785,0.006866394780725896,0.006866394780725895,0.33089804183684324,0.06055189754620283,0.06055189754620283,0.7895322969379035,0.7895322969379035,0.41910640403209276,0.07669337629511212,0.07669337629511214,False,1e-24,False
HGNN,real,,174,base,3223.942091217227,1.6061970379627437,1.6061970379627437,17610.51791879016,17610.51791879016,0.18306912414979737,9.120668939832573e-05,9.120668939832573e-05,0.30651646184377696,0.0006668403836007846,0.0006668403836007847,0.6545850958788602,0.6545850958788602,0.46826067958703105,0.0010187222223651002,0.0010187222223651004,False,1e-24,False
HGNN,real,,174,restart,3480.3877043167804,145.84941295234034,145.84941295234037,21241.04680988214,21241.04680988214,0.16385198599051964,0.006866394780717007,0.006866394780717008,0.33089804183455007,0.06055189754580024,0.06055189754580026,0.7895322969336762,0.7895322969336762,0.41910640403143234,0.07669337629501284,0.07669337629501288,False,1e-24,False
HGNN,real,,175,base,3223.237499782893,1.5870102017323366,1.5870102017323366,17607.315154146352,17607.315154146352,0.18306240738945664,9.01335716342086e-05,9.01335716342086e-05,0.30644947277654594,0.0006588746378488198,0.0006588746378488199,0.6544660487269756,0.6544660487269756,0.4682434992199081,0.001006736161685422,0.0010067361616854225,False,1e-24,False
HGNN,real,,175,restart,3480.387704295276,145.84941295147777,145.84941295147777,21241.046809780648,21241.046809780648,0.16385198599029013,0.006866394780709206,0.006866394780709206,0.33089804183250554,0.06055189754544213,0.06055189754544214,0.7895322969299037,0.7895322969299037,0.41910640403084526,0.07669337629492572,0.07669337629492573,False,1e-24,False
HGNN,real,,176,base,3222.5422217055047,1.5681088014646696,1.5681088014646698,17604.150619789918,17604.150619789918,0.183055819693047,8.907608411972238e-05,8.907608411972239e-05,0.3063833691772105,0.0006510273957563616,0.0006510273957563618,0.6543484225995289,0.6543484225995289,0.4682266489770721,0.0009949246812119238,0.0009949246812119242,False,1e-24,False
HGNN,real,,176,restart,3480.3877042761014,145.84941295071036,145.84941295071036,21241.046809690088,21241.046809690088,0.163851985990086,0.0068663947807023505,0.0068663947807023505,0.33089804183068255,0.06055189754512352,0.06055189754512354,0.7895322969265376,0.7895322969265376,0.4191064040303231,0.07669337629484914,0.07669337629484917,False,1e-24,False
HGNN,real,,177,base,3221.8561127295684,1.5494875606624654,1.5494875606624656,17601.023747502215,17601.023747502215,0.18304935888668328,8.803394523471143e-05,8.803394523471144e-05,0.306318137330672,0.0006432964666946231,0.0006432964666946233,0.6542321963757638,0.6542321963757638,0.4682101232980828,0.000983284635421917,0.0009832846354219174,False,1e-24,False
HGNN,real,,177,restart,3480.3877042590047,145.8494129500276,145.8494129500276,21241.046809609274,21241.046809609274,0.16385198598990453,0.006866394780696333,0.006866394780696333,0.3308980418290571,0.06055189754484007,0.06055189754484008,0.7895322969235337,0.7895322969235337,0.41910640402985894,0.07669337629478193,0.07669337629478194,False,1e-24,False
HGNN,real,,178,base,3221.1790313406796,1.5311413214929046,1.5311413214929046,17597.933979557867,17597.933979557867,0.18304302283907128,8.700687951616995e-05,8.700687951616995e-05,0.3062537637824411,0.0006356797093004127,0.0006356797093004128,0.6541173493249604,0.6541173493249604,0.46819391673144045,0.0009718129475642631,0.0009718129475642634,False,1e-24,False
HGNN,real,,178,restart,3480.3877042437593,145.84941294942018,145.84941294942018,21241.046809537154,21241.046809537154,0.16385198598974313,0.0068663947806910505,0.0068663947806910505,0.3308980418276076,0.06055189754458788,0.060551897544587896,0.789532296920853,0.789532296920853,0.4191064040294461,0.07669337629472292,0.07669337629472295,False,1e-24,False
HGNN,real,,179,base,3220.5108387019955,1.5130650416070155,1.5130650416070157,17594.880768489016,17594.880768489016,0.18303680946049178,8.599461749787986e-05,8.599461749787987e-05,0.3061902353325978,0.0006281750301556482,0.0006281750301556484,0.6540038610976715,0.6540038610976715,0.4681780239319873,0.0009605066078682277,0.0009605066078682282,False,1e-24,False
HGNN,real,,179,restart,3480.387704230165,145.84941294887975,145.84941294887972,21241.046809472795,21241.046809472795,0.16385198598959957,0.006866394780686411,0.00686639478068641,0.33089804182631516,0.06055189754436351,0.06055189754436351,0.7895322969184607,0.7895322969184607,0.41910640402907895,0.0766933762946711,0.07669337629467111,False,1e-24,False
HGNN,real,,180,base,3219.851398592466,1.4952537910591353,1.4952537910591357,17591.863576855932,17591.863576855932,0.18303071670181328,8.499689555496037e-05,8.499689555496039e-05,0.30612753902991874,0.0006207803825084187,0.000620780382508419,0.6538917117171971,0.6538917117171971,0.4681624396583825,0.0009493626718071955,0.000949362671807196,False,1e-24,False
HGNN,real,,180,restart,3480.3877042180416,145.84941294839885,145.84941294839885,21241.04680941536,21241.04680941536,0.16385198598947187,0.006866394780682338,0.006866394780682338,0.33089804182516247,0.06055189754416386,0.060551897544163874,0.7895322969163259,0.7895322969163259,0.41910640402875227,0.07669337629462561,0.07669337629462564,False,1e-24,False
HGNN,real,,181,base,3219.200577346766,1.477702749322789,1.477702749322789,17588.881877023698,17588.881877023698,0.18302474255353307,8.401345575315436e-05,8.401345575315436e-05,0.30606566216616604,0.0006134937650340749,0.000613493765034075,0.6537808815712828,0.6537808815712828,0.4681471587706488,0.0009383782584152924,0.0009383782584152927,False,1e-24,False
HGNN,real,,181,restart,3480.387704207231,145.84941294797093,145.84941294797096,21241.0468093641,21241.0468093641,0.16385198598935832,0.006866394780678763,0.0068663947806787634,0.3308980418241347,0.060551897543986204,0.060551897543986224,0.7895322969144205,0.7895322969144205,0.41910640402846183,0.07669337629458567,0.07669337629458571,False,1e-24,False
HGNN,real,,182,base,3218.5582437968787,1.460407202399495,1.460407202399495,17585.935150944828,17585.935150944828,0.18301888504484545,8.304404570268374e-05,8.304404570268374e-05,0.30600459227053384,0.0006063132206349,0.0006063132206349001,0.6536713514040406,0.6536713514040406,0.4681321762277897,0.0009275505486550409,0.0009275505486550411,False,1e-24,False
HGNN,real,,182,restart,3480.3877041975898,145.84941294759014,145.84941294759014,21241.046809318348,21241.046809318348,0.16385198598925738,0.006866394780675625,0.006866394780675625,0.330898041823218,0.06055189754382811,0.06055189754382812,0.78953229691272,0.78953229691272,0.41910640402820365,0.07669337629455063,0.07669337629455066,False,1e-24,False
HGNN,real,,183,base,3217.9242692152616,1.4433625400171464,1.4433625400171464,17583.022889947624,17583.022889947624,0.18301314224273565,8.2088418416513e-05,8.2088418416513e-05,0.30594431710424425,0.0005992368352769693,0.0005992368352769694,0.6535631023080817,0.6535631023080817,0.4681174870854717,0.0009168767838342506,0.0009168767838342509,False,1e-24,False
HGNN,real,,183,restart,3480.387704188991,145.84941294725132,145.84941294725132,21241.04680927751,21241.04680927751,0.16385198598916753,0.006866394780672874,0.006866394780672874,0.3308980418224005,0.06055189754368744,0.060551897543687457,0.7895322969112021,0.7895322969112021,0.41910640402797383,0.0766933762945199,0.07669337629451993,False,1e-24,False
HGNN,real,,184,base,3217.298527259571,1.4265642529147522,1.4265642529147522,17580.1445945301,17580.1445945301,0.1830075122510997,8.11463321728659e-05,8.11463321728659e-05,0.3058848246552924,0.000592262736862864,0.0005922627368628641,0.653456115716856,0.653456115716856,0.46810308649377297,0.0009063542640704164,0.0009063542640704167,False,1e-24,False
HGNN,real,,184,restart,3480.3877041813225,145.84941294694977,145.8494129469497,21241.046809241074,21241.046809241074,0.16385198598908762,0.006866394780670457,0.006866394780670455,0.33089804182167143,0.06055189754356225,0.06055189754356224,0.7895322969098476,0.7895322969098476,0.41910640402776944,0.07669337629449291,0.07669337629449291,False,1e-24,False
HGNN,real,,185,base,3216.6808939188727,1.4100079302104604,1.4100079302104604,17577.299774159266,17577.299774159266,0.18300199320988875,8.021755038184766e-05,8.021755038184766e-05,0.30582610313333225,0.0005853890941389603,0.0005853890941389604,0.653350373397193,0.653350373397193,0.4680889696949948,0.0008959803468009699,0.0008959803468009702,False,1e-24,False
HGNN,real,,185,restart,3480.387704174483,145.84941294668135,145.84941294668135,21241.046809208543,21241.046809208543,0.16385198598901654,0.006866394780668337,0.006866394780668337,0.33089804182102117,0.06055189754345081,0.060551897543450826,0.7895322969086385,0.7895322969086385,0.41910640402758764,0.07669337629446922,0.07669337629446925,False,1e-24,False
HGNN,real,,186,base,3216.071247461297,1.393689256849905,1.3936892568499053,17574.48794707568,17574.48794707568,0.18299658329427673,7.930184145602997e-05,7.930184145602998e-05,0.3057681409647,0.0005786141156360669,0.0005786141156360671,0.6532458574420353,0.6532458574420353,0.46807513202153267,0.000885752445337794,0.0008857524453377945,False,1e-24,False
HGNN,real,,186,restart,3480.3877041683827,145.8494129464425,145.8494129464425,21241.04680917951,21241.04680917951,0.1638519859889533,0.006866394780666476,0.006866394780666476,0.3308980418204412,0.06055189754335165,0.060551897543351656,0.7895322969075592,0.7895322969075592,0.4191064040274259,0.07669337629444845,0.07669337629444847,False,1e-24,False
HGNN,real,,187,base,3215.4694683830967,1.3776040111320431,1.377604011132043,17571.708640103017,17571.708640103017,0.18299128071385123,7.839897868486206e-05,7.839897868486205e-05,0.30571092678757067,0.0005719360486422335,0.0005719360486422335,0.6531425502633614,0.6531425502633614,0.46806156889380623,0.0008756680274644734,0.0008756680274644735,False,1e-24,False
HGNN,real,,187,restart,3480.387704162943,145.8494129462299,145.8494129462299,21241.046809153595,21241.046809153595,0.16385198598889714,0.006866394780664845,0.006866394780664845,0.330898041819924,0.060551897543263386,0.06055189754326339,0.7895322969065961,0.7895322969065961,0.4191064040272822,0.07669337629443022,0.07669337629443025,False,1e-24,False
HGNN,real,,188,base,3214.8754393590675,1.3617480623097602,1.3617480623097602,17568.961388462598,17568.961388462598,0.18298608371182667,7.750874011277695e-05,7.750874011277695e-05,0.3056544494472444,0.0005653531782066009,0.000565353178206601,0.653040434585291,0.653040434585291,0.46804827581824726,0.0008657246140748155,0.0008657246140748159,False,1e-24,False
HGNN,real,,188,restart,3480.387704158088,145.84941294604067,145.84941294604067,21241.046809130457,21241.046809130457,0.16385198598884704,0.0068663947806634155,0.0068663947806634155,0.3308980418194624,0.060551897543184824,0.06055189754318483,0.789532296905736,0.789532296905736,0.41910640402715404,0.07669337629441425,0.07669337629441428,False,1e-24,False
HGNN,real,,189,base,3214.289045194276,1.3461173682626348,1.3461173682626348,17566.24573559262,17566.24573559262,0.1829809905642788,7.66309084208665e-05,7.66309084208665e-05,0.3055986979915568,0.000558863826173209,0.0005588638261732091,0.6529394934373666,0.6529394934373666,0.4680352483853414,0.0008559197778512354,0.0008559197778512357,False,1e-24,False
HGNN,real,,189,restart,3480.3877041537603,145.84941294587225,145.84941294587225,21241.046809109812,21241.046809109812,0.16385198598880255,0.0068663947806621595,0.0068663947806621595,0.33089804181905097,0.060551897543114894,0.06055189754311491,0.7895322969049686,0.7895322969049686,0.41910640402704025,0.07669337629440023,0.07669337629440025,False,1e-24,False
HGNN,real,,190,base,3213.7101727770655,1.330707973239345,1.3307079732393454,17563.561232972064,17563.561232972064,0.18297599957940017,7.57652708120041e-05,7.576527081200412e-05,0.3055436616664114,0.0005524663502437179,0.0005524663502437182,0.6528397101480069,0.6528397101480069,0.4680224822677236,0.0008462511419816464,0.0008462511419816468,False,1e-24,False
HGNN,real,,190,restart,3480.3877041498986,145.84941294572232,145.84941294572232,21241.046809091382,21241.046809091382,0.16385198598876294,0.00686639478066106,0.00686639478066106,0.3308980418186838,0.06055189754305265,0.060551897543052666,0.7895322969042836,0.7895322969042836,0.41910640402693894,0.07669337629438794,0.07669337629438797,False,1e-24,False
HGNN,real,,191,base,3213.1387110332953,1.315516005667325,1.3155160056673252,17560.90743994906,17560.90743994906,0.18297110909677547,7.491161889929881e-05,7.491161889929882e-05,0.30548932991142835,0.0005461591430680491,0.0005461591430680493,0.6527410683381285,0.6527410683381285,0.468009973218325,0.0008367163789135626,0.0008367163789135629,False,1e-24,False
HGNN,real,,191,restart,3480.387704146453,145.84941294558885,145.84941294558885,21241.046809074927,21241.046809074927,0.16385198598872766,0.006866394780660095,0.006866394780660095,0.3308980418183562,0.060551897542997245,0.06055189754299725,0.789532296903672,0.789532296903672,0.41910640402684873,0.07669337629437717,0.0766933762943772,False,1e-24,False
HGNN,real,,192,base,3212.574550881777,1.3005376760273393,1.3005376760273393,17558.283923573592,17558.283923573592,0.18296631748667666,7.406974859776867e-05,7.406974859776867e-05,0.3054356923557081,0.0005399406313619787,0.0005399406313619788,0.6526435519149265,0.6526435519149265,0.4679977170685695,0.0008273132091441562,0.0008273132091441565,False,1e-24,False
HGNN,real,,192,restart,3480.3877041433802,145.84941294547002,145.84941294547002,21241.046809060237,21241.046809060237,0.16385198598869627,0.0068663947806592495,0.0068663947806592495,0.3308980418180641,0.06055189754294791,0.060551897542947916,0.789532296903126,0.789532296903126,0.4191064040267684,0.07669337629436773,0.07669337629436775,False,1e-24,False
HGNN,real,,193,base,3212.017585190871,1.2857692747907687,1.2857692747907687,17555.690258434435,17555.690258434435,0.18296162314937708,7.323946001912602e-05,7.323946001912602e-05,0.30538273881370437,0.0005338092750507654,0.0005338092750507655,0.6525471450658138,0.6525471450658138,0.46798570972661974,0.0008180394000450757,0.0008180394000450761,False,1e-24,False
HGNN,real,,193,restart,3480.3877041406386,145.84941294536424,145.84941294536426,21241.046809047122,21241.046809047122,0.1638519859886684,0.00686639478065851,0.0068663947806585105,0.3308980418178034,0.060551897542903986,0.060551897542904014,0.7895322969026385,0.7895322969026385,0.41910640402669713,0.07669337629435946,0.0766933762943595,False,1e-24,False
HGNN,real,,194,base,3211.4677087362093,1.271207170417465,1.271207170417465,17553.12602650017,17553.12602650017,0.18295702451448345,7.242055736957098e-05,7.242055736957098e-05,0.3053304592812049,0.000527763566437926,0.000527763566437926,0.6524518322525117,0.6524518322525117,0.4679739471756682,0.0008088927647208614,0.0008088927647208616,False,1e-24,False
HGNN,real,,194,restart,3480.3877041381934,145.84941294527007,145.84941294527007,21241.046809035415,21241.046809035415,0.1638519859886436,0.00686639478065786,0.00686639478065786,0.33089804181757093,0.06055189754286489,0.060551897542864906,0.7895322969022033,0.7895322969022033,0.4191064040266337,0.0766933762943522,0.07669337629435223,False,1e-24,False
HGNN,real,,195,base,3210.9248181595035,1.2568478074121199,1.2568478074121199,17550.590816964213,17550.590816964213,0.18295252004028592,7.161284885049363e-05,7.161284885049364e-05,0.30527884393141513,0.0005218020293983032,0.0005218020293983033,0.6523575982052895,0.6523575982052895,0.46796242547227496,0.0007998711608998504,0.0007998711608998508,False,1e-24,False
HGNN,real,,195,restart,3480.3877041360124,145.84941294518623,145.84941294518623,21241.046809024967,21241.046809024967,0.1638519859886215,0.006866394780657291,0.006866394780657291,0.3308980418173636,0.06055189754283009,0.0605518975428301,0.7895322969018149,0.7895322969018149,0.4191064040265772,0.07669337629434585,0.07669337629434587,False,1e-24,False
HGNN,real,,196,base,3210.3888119284193,1.2426877044371791,1.2426877044371791,17548.084226093644,17548.084226093644,0.18294810821312543,7.081614656198925e-05,7.081614656198925e-05,0.305227883111143,0.0005159232185946095,0.0005159232185946096,0.6522644279173453,0.6522644279173453,0.4679511407447493,0.0007909724898565021,0.0007909724898565023,False,1e-24,False
HGNN,real,,196,restart,3480.3877041340647,145.84941294511157,145.8494129451116,21241.04680901564,21241.04680901564,0.1638519859886018,0.0068663947806567914,0.006866394780656793,0.3308980418171784,0.06055189754279909,0.06055189754279911,0.7895322969014682,0.7895322969014682,0.41910640402652677,0.07669337629434027,0.07669337629434031,False,1e-24,False
HGNN,real,,197,base,3209.8595902974707,1.2287234524804065,1.2287234524804067,17545.605857081842,17545.605857081842,0.18294378754677723,7.00302664090943e-05,7.003026640909431e-05,0.30517756733708135,0.0005101257187166598,0.0005101257187166599,0.6521723066393287,0.6521723066393287,0.46794008919157304,0.0007821946953641118,0.0007821946953641122,False,1e-24,False
HGNN,real,,197,restart,3480.3877041323285,145.84941294504512,145.84941294504512,21241.04680900731,21241.04680900731,0.1638519859885843,0.006866394780656356,0.006866394780656356,0.3308980418170133,0.0605518975427715,0.06055189754277151,0.7895322969011586,0.7895322969011586,0.419106404026482,0.07669337629433541,0.07669337629433542,False,1e-24,False
HGNN,real,,198,base,3209.3370552699125,1.214951713075265,1.2149517130752647,17543.15531990471,17543.15531990471,0.18293955658185126,6.92550280106546e-05,6.92550280106546e-05,0.3051278872921845,0.0005044081437425316,0.0005044081437425316,0.6520812198739964,0.6520812198739964,0.4679292670798666,0.0007735357626769251,0.0007735357626769253,False,1e-24,False
HGNN,real,,198,restart,3480.387704130779,145.84941294498594,145.84941294498594,21241.04680899987,21241.04680899987,0.16385198598856873,0.006866394780655974,0.006866394780655974,0.330898041816866,0.06055189754274693,0.060551897542746945,0.789532296900882,0.789532296900882,0.4191064040264422,0.07669337629433115,0.07669337629433116,False,1e-24,False
HGNN,real,,199,base,3208.821110560596,1.2013692165723675,1.2013692165723675,17540.732231180467,17540.732231180467,0.1829354138852074,6.849025461074021e-05,6.849025461074021e-05,0.3050788338221369,0.0004987691362209286,0.0004987691362209286,0.6519911533710011,0.6519911533710011,0.4679186707438936,0.0007649937175406963,0.0007649937175406965,False,1e-24,False
HGNN,real,,199,restart,3480.3877041293963,145.84941294493325,145.84941294493325,21241.046808993226,21241.046808993226,0.1638519859885549,0.006866394780655641,0.006866394780655641,0.33089804181673454,0.06055189754272505,0.06055189754272507,0.7895322969006351,0.7895322969006351,0.41910640402640686,0.07669337629432743,0.07669337629432744,False,1e-24,False
HGNN,real,,200,base,3208.3116615597655,1.1879727604603059,1.1879727604603059,17538.336214032846,17538.336214032846,0.18293135804938657,6.773577299252481e-05,6.773577299252481e-05,0.30503039793191117,0.0004932073665740432,0.0004932073665740433,0.651902093121806,0.651902093121806,0.46790829658360533,0.000756566625230775,0.0007565666252307752,False,1e-24,False
HGNN,real,,200,restart,3480.3877041281626,145.8494129448863,145.84941294488632,21241.0468089873,21241.0468089873,0.16385198598854253,0.006866394780655346,0.006866394780655347,0.33089804181661725,0.06055189754270556,0.06055189754270559,0.7895322969004148,0.7895322969004148,0.41910640402637517,0.07669337629432413,0.07669337629432417,False,1e-24,False
HGNN,real,,201,base,3207.8086152977644,1.1747592077342337,1.1747592077342341,17535.966897957667,17535.966897957667,0.1829273876920561,6.69914133945504e-05,6.699141339455041e-05,0.30498257078241225,0.0004877215324202465,0.00048772153242024677,0.6518140253547255,0.6518140253547255,0.46789814106322253,0.0007482525896168346,0.000748252589616835,False,1e-24,False
HGNN,real,,201,restart,3480.387704127062,145.84941294484452,145.84941294484452,21241.046808982006,21241.046808982006,0.16385198598853154,0.006866394780655091,0.006866394780655091,0.3308980418165126,0.060551897542688214,0.06055189754268823,0.7895322969002181,0.7895322969002181,0.4191064040263471,0.07669337629432128,0.07669337629432131,False,1e-24,False
HGNN,real,,202,base,3207.3118804106193,1.161725485310635,1.161725485310635,17533.623918692592,17533.623918692592,0.1829235014554695,6.625700942930114e-05,6.625700942930113e-05,0.3049353436872058,0.0004823103579159511,0.00048231035791595117,0.6517269365300843,0.6517269365300843,0.46788820070985315,0.0007400497522533923,0.0007400497522533923,False,1e-24,False
HGNN,real,,202,restart,3480.38770412608,145.8494129448073,145.8494129448073,21241.046808977277,21241.046808977277,0.1638519859885218,0.006866394780654868,0.006866394780654868,0.33089804181641924,0.06055189754267277,0.06055189754267278,0.7895322969000422,0.7895322969000422,0.41910640402632215,0.07669337629431879,0.07669337629431881,False,1e-24,False
HGNN,real,,203,base,3206.8213671064887,1.1488685824867788,1.148868582486779,17531.306918090057,17531.306918090057,0.1829196980059405,6.553239800401269e-05,6.55323980040127e-05,0.3048887081093277,0.00047697259311602807,0.00047697259311602823,0.6516408133354936,0.6516408133354936,0.4678784721121472,0.0007319562914952985,0.0007319562914952989,False,1e-24,False
HGNN,real,,203,restart,3480.387704125203,145.84941294477414,145.84941294477414,21241.046808973057,21241.046808973057,0.16385198598851305,0.006866394780654672,0.006866394780654672,0.33089804181633586,0.060551897542659,0.060551897542659015,0.7895322968998855,0.7895322968998855,0.4191064040262998,0.07669337629431659,0.07669337629431662,False,1e-24,False
HGNN,real,,204,base,3206.3369871329396,1.1361855494434077,1.136185549443408,17529.015543993304,17529.015543993304,0.1829159760333295,6.481741924364635e-05,6.481741924364638e-05,0.30484265565817337,0.00047170701335217145,0.0004717070133521717,0.651555642681244,0.651555642681244,0.4678689519189835,0.0007239704216374061,0.0007239704216374066,False,1e-24,False
HGNN,real,,204,restart,3480.3877041244214,145.8494129447446,145.84941294474459,21241.046808969288,21241.046808969288,0.1638519859885053,0.006866394780654499,0.006866394780654498,0.33089804181626153,0.06055189754264674,0.06055189754264674,0.7895322968997454,0.7895322968997454,0.41910640402627997,0.07669337629431466,0.07669337629431468,False,1e-24,False
HGNN,real,,205,base,3205.858653745036,1.1236734957892627,1.1236734957892622,17526.749450115305,17526.749450115305,0.1829123342505444,6.411191641595985e-05,6.411191641595982e-05,0.30479717808646345,0.0004665124186286334,0.0004665124186286333,0.6514714116958045,0.6514714116958045,0.4678596368381921,0.0007160903920776571,0.000716090392077657,False,1e-24,False
HGNN,real,,205,restart,3480.387704123723,145.84941294471835,145.84941294471835,21241.046808965923,21241.046808965923,0.1638519859884984,0.00686639478065435,0.00686639478065435,0.33089804181619514,0.06055189754263584,0.060551897542635846,0.7895322968996202,0.7895322968996202,0.4191064040262623,0.076693376294313,0.07669337629431303,False,1e-24,False
HGNN,real,,206,base,3205.386281674204,1.1113295891460961,1.1113295891460961,17524.50829592063,17524.50829592063,0.18290877139305278,6.34157358586085e-05,6.34157358586085e-05,0.30475226728728383,0.0004613876330347676,0.0004613876330347677,0.6513881077214316,0.6513881077214316,0.46785052363530744,0.0007083144865028478,0.000708314486502848,False,1e-24,False
HGNN,real,,206,restart,3480.387704123101,145.84941294469493,145.8494129446949,21241.046808962918,21241.046808962918,0.16385198598849227,0.006866394780654219,0.006866394780654218,0.33089804181613597,0.06055189754262612,0.06055189754262612,0.7895322968995085,0.7895322968995085,0.4191064040262466,0.07669337629431154,0.07669337629431155,False,1e-24,False
HGNN,real,,207,base,3204.919787097871,1.0991510537728917,1.0991510537728917,17522.291746510127,17522.291746510127,0.18290528621840735,6.272872690821433e-05,6.272872690821433e-05,0.30470791529119917,0.00045633150417385027,0.0004563315041738503,0.651305718309883,0.651305718309883,0.4678416091323538,0.0007006410220963751,0.0007006410220963753,False,1e-24,False
HGNN,real,,207,restart,3480.3877041225446,145.84941294467404,145.84941294467404,21241.046808960233,21241.046808960233,0.1638519859884868,0.0068663947806541035,0.0068663947806541035,0.3308980418160831,0.060551897542617444,0.06055189754261745,0.7895322968994087,0.7895322968994087,0.4191064040262326,0.07669337629431025,0.07669337629431028,False,1e-24,False
HGNN,real,,208,base,3204.459087609842,1.0871351692280204,1.0871351692280204,17520.099472508304,17520.099472508304,0.1829018775057827,6.205074183134065e-05,6.205074183134066e-05,0.3046641142634361,0.0004513429026076515,0.00045134290260765163,0.6512242312182317,0.6512242312182317,0.46783289020666086,0.000693068348767265,0.0006930683487672654,False,1e-24,False
HGNN,real,,208,restart,3480.3877041220494,145.8494129446555,145.8494129446555,21241.04680895784,21241.04680895784,0.16385198598848197,0.006866394780654005,0.006866394780654005,0.33089804181603605,0.06055189754260975,0.06055189754260976,0.7895322968993198,0.7895322968993198,0.4191064040262203,0.07669337629430914,0.07669337629430917,False,1e-24,False
HGNN,real,,209,base,3204.0041021913876,1.0752792690681485,1.0752792690681483,17517.9311499534,17517.9311499534,0.18289854405552394,6.138163575731423e-05,6.138163575731423e-05,0.3046208565011348,0.0004464207213162644,0.0004464207213162644,0.6511436344047795,0.6511436344047795,0.4678243637897089,0.000685594848399838,0.0006855948483998382,False,1e-24,False
HGNN,real,,209,restart,3480.3877041216065,145.84941294463894,145.84941294463894,21241.0468089557,21241.0468089557,0.1638519859884776,0.006866394780653916,0.006866394780653916,0.3308980418159939,0.06055189754260287,0.06055189754260288,0.7895322968992403,0.7895322968992403,0.41910640402620913,0.07669337629430815,0.07669337629430818,False,1e-24,False
HGNN,real,,210,base,3203.5547511830446,1.0635807395827288,1.0635807395827288,17515.786460190015,17515.786460190015,0.18289528468870658,6.0721266612837605e-05,6.0721266612837605e-05,0.30457813443066756,0.0004415638751727072,0.0004415638751727073,0.6510639160250663,0.6510639160250663,0.4678160268660031,0.0006782189341233692,0.0006782189341233694,False,1e-24,False
HGNN,real,,210,restart,3480.387704121211,145.8494129446242,145.84941294462422,21241.046808953786,21241.046808953786,0.16385198598847375,0.006866394780653841,0.0068663947806538415,0.33089804181595633,0.060551897542596746,0.060551897542596766,0.7895322968991692,0.7895322968991692,0.41910640402619925,0.07669337629430731,0.07669337629430735,False,1e-24,False
HGNN,real,,211,base,3203.1109562570864,1.052037018562957,1.0520370185629577,17513.66508976426,17513.66508976426,0.18289209824670694,6.006949505833664e-05,6.006949505833667e-05,0.30453594060502176,0.0004367713004318344,0.00043677130043183476,0.650985064427973,0.650985064427973,0.46780787647197486,0.0006709390496011298,0.0006709390496011302,False,1e-24,False
HGNN,real,,211,restart,3480.3877041208575,145.84941294461106,145.8494129446111,21241.04680895208,21241.04680895208,0.16385198598847028,0.006866394780653774,0.006866394780653775,0.3308980418159227,0.06055189754259129,0.06055189754259132,0.7895322968991058,0.7895322968991058,0.41910640402619037,0.07669337629430657,0.0766933762943066,False,1e-24,False
HGNN,real,,212,base,3202.6726403906596,1.04064559410412,1.0406455941041202,17511.566730321374,17511.566730321374,0.1828889835907837,5.942618442599064e-05,5.942618442599066e-05,0.30449426770124566,0.0004320419542331107,0.0004320419542331109,0.6509070681519155,0.6509070681519155,0.4677999096949115,0.0006637536683382216,0.000663753668338222,False,1e-24,False
HGNN,real,,212,restart,3480.3877041205437,145.84941294459938,145.84941294459938,21241.046808950556,21241.046808950556,0.16385198598846726,0.006866394780653717,0.006866394780653717,0.3308980418158929,0.06055189754258644,0.060551897542586455,0.789532296899049,0.789532296899049,0.41910640402618266,0.07669337629430592,0.07669337629430595,False,1e-24,False
HGNN,real,,213,base,3202.239727839558,1.0294040034402856,1.0294040034402856,17509.49107850569,17509.49107850569,0.18288593960166924,5.8791200659393344e-05,5.8791200659393344e-05,0.3044531085179548,0.00042737481411681314,0.0004273748141168132,0.6508299159211266,0.6508299159211266,0.46779212367191053,0.0006566612930076284,0.0006566612930076286,False,1e-24,False
HGNN,real,,213,restart,3480.3877041202622,145.84941294458898,145.84941294458898,21241.046808949195,21241.046808949195,0.1638519859884645,0.0068663947806536655,0.0068663947806536655,0.33089804181586613,0.060551897542582125,0.06055189754258214,0.7895322968989985,0.7895322968989985,0.4191064040261756,0.07669337629430535,0.07669337629430538,False,1e-24,False
HGNN,real,,214,base,3201.8121441126277,1.0183098318103456,1.0183098318103456,17507.43783586293,17507.43783586293,0.1828829651791714,5.816441225479604e-05,5.816441225479604e-05,0.30441245597289895,0.0004227688775532483,0.0004227688775532484,0.6507535966420247,0.6507535966420247,0.4677845155888617,0.0006496604547939375,0.0006496604547939377,False,1e-24,False
HGNN,real,,214,restart,3480.387704120012,145.84941294457965,145.84941294457965,21241.04680894798,21241.04680894798,0.16385198598846212,0.00686639478065362,0.00686639478065362,0.33089804181584237,0.060551897542578254,0.06055189754257827,0.7895322968989533,0.7895322968989533,0.4191064040261695,0.07669337629430485,0.07669337629430488,False,1e-24,False
HGNN,real,,215,base,3201.3898159467763,1.007360711354432,1.007360711354432,17505.406708744747,17505.406708744747,0.18288005924178483,5.754569020388482e-05,5.754569020388482e-05,0.3043723031005858,0.0004182231614845813,0.00041822316148458136,0.6506780993996648,0.6506780993996648,0.46777708267945217,0.0006427497127541969,0.0006427497127541971,False,1e-24,False
HGNN,real,,215,restart,3480.387704119788,145.84941294457138,145.84941294457136,21241.04680894689,21241.04680894689,0.16385198598845996,0.006866394780653584,0.006866394780653583,0.33089804181582105,0.06055189754257482,0.06055189754257482,0.7895322968989128,0.7895322968989128,0.419106404026164,0.07669337629430445,0.07669337629430446,False,1e-24,False
HGNN,real,,216,base,3200.972671282564,0.9965543200397752,0.9965543200397754,17503.397408215475,17503.397408215475,0.18287722072631118,5.693490793804567e-05,5.693490793804568e-05,0.30433264304996027,0.0004137367018788868,0.000413736701878887,0.6506034134542731,0.6506034134542731,0.46776982222419583,0.0006359276531953913,0.0006359276531953917,False,1e-24,False
HGNN,real,,216,restart,3480.3877041195888,145.84941294456405,145.849412944564,21241.046808945925,21241.046808945925,0.16385198598845802,0.00686639478065355,0.006866394780653548,0.33089804181580207,0.06055189754257178,0.060551897542571766,0.7895322968988769,0.7895322968988769,0.419106404026159,0.07669337629430406,0.07669337629430407,False,1e-24,False
HGNN,real,,217,base,3200.560639240388,0.9858883806151102,0.9858883806151102,17501.409649960988,17501.409649960988,0.18287444858748977,5.633194127407377e-05,5.633194127407377e-05,0.30429346908214056,0.00040930855329605317,0.0004093085532960532,0.6505295282378588,0.6505295282378588,0.4677627315494879,0.0006291928890680488,0.0006291928890680489,False,1e-24,False
HGNN,real,,217,restart,3480.3877041194105,145.84941294455746,145.84941294455743,21241.04680894506,21241.04680894506,0.16385198598845632,0.00686639478065352,0.006866394780653519,0.33089804181578514,0.06055189754256904,0.06055189754256904,0.7895322968988447,0.7895322968988447,0.4191064040261547,0.07669337629430373,0.07669337629430374,False,1e-24,False
HGNN,real,,218,base,3200.1536500972034,0.9753606595927484,0.9753606595927484,17499.443154199656,17499.443154199656,0.18287174179763568,5.573666836128288e-05,5.573666836128288e-05,0.30425477456820443,0.00040493778846517153,0.00040493778846517164,0.6504564333509048,0.6504564333509048,0.46775580802667943,0.0006225440593754844,0.0006225440593754846,False,1e-24,False
HGNN,real,,218,restart,3480.387704119251,145.8494129445516,145.8494129445516,21241.04680894428,21241.04680894428,0.1638519859884548,0.0068663947806534955,0.0068663947806534955,0.33089804181577,0.06055189754256661,0.06055189754256662,0.7895322968988158,0.7895322968988158,0.4191064040261508,0.07669337629430345,0.07669337629430348,False,1e-24,False
HGNN,real,,219,base,3199.7516352638086,0.9649689662574888,0.9649689662574891,17497.49764559533,17497.49764559533,0.18286909934628773,5.5148969629974593e-05,5.51489696299746e-05,0.3042165529870301,0.00040062349787306864,0.0004006234978730688,0.6503841185591326,0.6503841185591326,0.46774904907117715,0.0006159798285982348,0.0006159798285982352,False,1e-24,False
HGNN,real,,219,restart,3480.3877041191085,145.84941294454637,145.84941294454637,21241.04680894359,21241.04680894359,0.16385198598845344,0.006866394780653473,0.006866394780653473,0.33089804181575644,0.06055189754256444,0.06055189754256445,0.7895322968987901,0.7895322968987901,0.4191064040261473,0.0766933762943032,0.07669337629430323,False,1e-24,False
HGNN,real,,220,base,3199.354527262638,0.9547111517015464,0.9547111517015465,17495.572853172245,17495.572853172245,0.18286652023986405,5.456872774122633e-05,5.4568727741226334e-05,0.3041787979231844,0.0003963647893636404,0.00039636478936364055,0.6503125737903404,0.6503125737903404,0.46774245214156224,0.0006094988861332208,0.000609498886133221,False,1e-24,False
HGNN,real,,220,restart,3480.387704118982,145.84941294454174,145.84941294454174,21241.046808942974,21241.046808942974,0.16385198598845224,0.006866394780653454,0.006866394780653454,0.3308980418157444,0.060551897542562516,0.06055189754256252,0.7895322968987672,0.7895322968987672,0.41910640402614424,0.07669337629430299,0.07669337629430302,False,1e-24,False
HGNN,real,,221,base,3198.9622597060893,0.9445851078847205,0.9445851078847206,17493.66851023191,17493.66851023191,0.18286400350132628,5.399582753795981e-05,5.3995827537959816e-05,0.30414150306486265,0.00039216078774766485,0.00039216078774766496,0.6502417891313125,0.6502417891313125,0.4677360147387314,0.0006030999457472123,0.0006030999457472125,False,1e-24,False
HGNN,real,,221,restart,3480.387704118869,145.8494129445376,145.8494129445376,21241.046808942425,21241.046808942425,0.16385198598845113,0.0068663947806534365,0.0068663947806534365,0.3308980418157336,0.06055189754256079,0.0605518975425608,0.7895322968987468,0.7895322968987468,0.4191064040261414,0.0766933762943028,0.07669337629430283,False,1e-24,False
HGNN,real,,222,base,3198.574767275337,0.9345887667190473,0.9345887667190473,17491.78435427184,17491.78435427184,0.18286154816985162,5.3430155997252634e-05,5.3430155997252634e-05,0.30410466220187415,0.00038801063442277966,0.00038801063442277977,0.6501717548247997,0.6501717548247997,0.4677297344050581,0.0005967817450441783,0.0005967817450441785,False,1e-24,False
HGNN,real,,222,restart,3480.387704118768,145.8494129445339,145.8494129445339,21241.04680894193,21241.04680894193,0.1638519859884502,0.006866394780653423,0.006866394780653423,0.3308980418157241,0.060551897542559255,0.06055189754255927,0.7895322968987284,0.7895322968987284,0.41910640402613897,0.07669337629430265,0.07669337629430267,False,1e-24,False
HGNN,real,,223,base,3198.1919856996365,0.9247200991772024,0.9247200991772024,17489.92012690607,17489.92012690607,0.18285915330051256,5.287160218385649e-05,5.287160218385649e-05,0.30406826922367447,0.0003839134870033202,0.0003839134870033203,0.6501024612665642,0.6501024612665642,0.4677236087235734,0.0005905430449461144,0.0005905430449461146,False,1e-24,False
HGNN,real,,223,restart,3480.3877041186774,145.84941294453063,145.84941294453063,21241.04680894149,21241.04680894149,0.16385198598844933,0.0068663947806534105,0.0068663947806534105,0.33089804181571547,0.0605518975425579,0.060551897542557916,0.7895322968987121,0.7895322968987121,0.4191064040261368,0.0766933762943025,0.07669337629430253,False,1e-24,False
HGNN,real,,224,base,3197.8138517361062,0.9149771144239495,0.9149771144239497,17488.07557378748,17488.07557378748,0.18285681796396425,5.232005720488709e-05,5.2320057204887095e-05,0.3040323181174434,0.0003798685189597255,0.00037986851895972567,0.6500338990024926,0.6500338990024926,0.4677176353171661,0.0005843826291869569,0.0005843826291869572,False,1e-24,False
HGNN,real,,224,restart,3480.3877041185974,145.84941294452773,145.8494129445277,21241.0468089411,21241.0468089411,0.16385198598844858,0.006866394780653399,0.006866394780653398,0.3308980418157078,0.060551897542556694,0.060551897542556694,0.7895322968986976,0.7895322968986976,0.41910640402613486,0.07669337629430238,0.0766933762943024,False,1e-24,False
HGNN,real,,225,base,3197.4403031499696,0.9053578589699548,0.9053578589699548,17486.250444531866,17486.250444531866,0.18285454124613906,5.177541416565206e-05,5.177541416565206e-05,0.30399680296620624,0.00037587491926722967,0.0003758749192672297,0.6499660587257736,0.6499660587257736,0.4677118118478017,0.0005782993038192085,0.0005782993038192087,False,1e-24,False
HGNN,real,,225,restart,3480.387704118525,145.84941294452508,145.8494129445251,21241.046808940744,21241.046808940744,0.1638519859884479,0.00686639478065339,0.006866394780653391,0.330898041815701,0.0605518975425556,0.060551897542555626,0.7895322968986843,0.7895322968986843,0.4191064040261332,0.07669337629430227,0.07669337629430231,False,1e-24,False
HGNN,real,,226,base,3197.0712786952404,0.8958604158473035,0.8958604158473035,17484.444492643626,17484.444492643626,0.18285232224794848,5.123756812658396e-05,5.123756812658396e-05,0.3039617179469978,0.0003719318920635633,0.00037193189206356336,0.6498989312741354,0.6498989312741354,0.46770613601575983,0.0005722918967329056,0.0005722918967329059,False,1e-24,False
HGNN,real,,226,restart,3480.3877041184605,145.84941294452275,145.84941294452275,21241.046808940435,21241.046808940435,0.16385198598844727,0.006866394780653381,0.006866394780653381,0.3308980418156948,0.060551897542554634,0.06055189754255464,0.7895322968986729,0.7895322968986729,0.41910640402613153,0.07669337629430217,0.0766933762943022,False,1e-24,False
HGNN,real,,227,base,3196.706718095853,0.8864829038060863,0.8864829038060864,17482.657475443135,17482.657475443135,0.18285016008499164,5.07064160612468e-05,5.070641606124681e-05,0.30392705732906783,0.0003680386563154027,0.0003680386563154028,0.6498325076271471,0.6498325076271471,0.4677006055588887,0.0005663592571865786,0.0005663592571865788,False,1e-24,False
HGNN,real,,227,restart,3480.3877041184037,145.84941294452068,145.84941294452068,21241.04680894015,21241.04680894015,0.16385198598844675,0.006866394780653374,0.006866394780653374,0.33089804181568944,0.06055189754255377,0.06055189754255378,0.7895322968986623,0.7895322968986623,0.4191064040261302,0.0766933762943021,0.07669337629430212,False,1e-24,False
HGNN,real,,228,base,3196.346562027217,0.8772234765314363,0.8772234765314364,17480.889153995708,17480.889153995708,0.1828480538872709,5.0181856815385405e-05,5.018185681538541e-05,0.30389281547212793,0.000364194445493309,0.0003641944454933091,0.649766778903577,0.649766778903577,0.46769521825187754,0.0005605002553498569,0.0005605002553498573,False,1e-24,False
HGNN,real,,228,restart,3480.3877041183528,145.84941294451883,145.84941294451883,21241.046808939904,21241.046808939904,0.16385198598844627,0.006866394780653367,0.006866394780653367,0.33089804181568455,0.060551897542553,0.06055189754255302,0.7895322968986531,0.7895322968986531,0.419106404026129,0.07669337629430202,0.07669337629430205,False,1e-24,False
HGNN,real,,229,base,3195.990752098182,0.8680803218804214,0.8680803218804215,17479.139293042103,17479.139293042103,0.18284600279891386,4.9663791066987884e-05,4.966379106698789e-05,0.30385898682463647,0.0003603985072549112,0.0003603985072549113,0.6497017363588107,0.6497017363588107,0.4676899719055457,0.0005547137818573935,0.0005547137818573938,False,1e-24,False
HGNN,real,,229,restart,3480.387704118306,145.84941294451718,145.84941294451718,21241.046808939678,21241.046808939678,0.16385198598844583,0.006866394780653363,0.006866394780653363,0.3308980418156801,0.06055189754255232,0.06055189754255233,0.7895322968986448,0.7895322968986448,0.41910640402612787,0.07669337629430198,0.076693376294302,False,1e-24,False
HGNN,real,,230,base,3195.6392308334134,0.8590516611382187,0.859051661138219,17477.407660930574,17477.407660930574,0.18284400597790162,4.915212128733279e-05,4.91521212873328e-05,0.303825565922123,0.00035665010313609387,0.00035665010313609403,0.6496373713823246,0.6496373713823246,0.4676848643661474,0.0005489987473737839,0.0005489987473737841,False,1e-24,False
HGNN,real,,230,restart,3480.3877041182664,145.8494129445157,145.84941294451573,21241.04680893948,21241.04680893948,0.1638519859884455,0.0068663947806533576,0.006866394780653359,0.33089804181567634,0.060551897542551705,0.060551897542551726,0.7895322968986375,0.7895322968986375,0.419106404026127,0.07669337629430191,0.07669337629430197,False,1e-24,False
HGNN,real,,231,base,3195.2919416561535,0.8501357482930101,0.8501357482930101,17475.69402955034,17475.69402955034,0.18284206259580355,4.864675170299286e-05,4.864675170299286e-05,0.30379254738554934,0.0003529485082499576,0.00035294850824995765,0.649573675495213,0.649573675495213,0.4676798935146935,0.0005433540821691728,0.0005433540821691731,False,1e-24,False
HGNN,real,,231,restart,3480.3877041182295,145.84941294451443,145.84941294451443,21241.046808939303,21241.046808939303,0.16385198598844514,0.006866394780653354,0.006866394780653354,0.33089804181567284,0.06055189754255118,0.060551897542551185,0.7895322968986308,0.7895322968986308,0.4191064040261261,0.07669337629430188,0.0766933762943019,False,1e-24,False
HGNN,real,,232,base,3194.9488288713737,0.8413308693290634,0.8413308693290634,17473.998174266577,17473.998174266577,0.18284017183751783,4.814758825876872e-05,4.814758825876872e-05,0.3037599259197077,0.0003492930109933297,0.00034929301099332976,0.6495106403477723,0.6495106403477723,0.4676750572662878,0.000537778735705246,0.0005377787357052461,False,1e-24,False
HGNN,real,,232,restart,3480.3877041181963,145.84941294451323,145.84941294451323,21241.04680893914,21241.04680893914,0.16385198598844483,0.006866394780653352,0.006866394780653352,0.33089804181566973,0.06055189754255068,0.06055189754255069,0.7895322968986247,0.7895322968986247,0.4191064040261253,0.07669337629430185,0.07669337629430188,False,1e-24,False
HGNN,real,,233,base,3194.609837649295,0.8326353415374761,0.8326353415374761,17472.319873856748,17472.319873856748,0.1828383329010181,4.765453858152635e-05,4.765453858152635e-05,0.303727696311654,0.0003456829127606072,0.00034568291276060726,0.6494482577171338,0.6494482577171338,0.4676703535694789,0.000532271676231317,0.0005322716762313172,False,1e-24,False
HGNN,real,,233,restart,3480.387704118168,145.8494129445122,145.84941294451218,21241.046808939,21241.046808939,0.16385198598844455,0.006866394780653348,0.006866394780653346,0.330898041815667,0.060551897542550255,0.060551897542550255,0.7895322968986196,0.7895322968986196,0.4191064040261246,0.07669337629430181,0.07669337629430181,False,1e-24,False
HGNN,real,,234,base,3194.2749140092747,0.824047512844078,0.824047512844078,17470.658910448336,17470.658910448336,0.1828365449971058,4.7167511944913305e-05,4.7167511944913305e-05,0.3036958534291759,0.00034211752766472443,0.0003421175276647245,0.6493865195049493,0.6493865195049493,0.4676657804056267,0.0005268318903902299,0.0005268318903902301,False,1e-24,False
HGNN,real,,234,restart,3480.3877041181418,145.84941294451127,145.84941294451127,21241.04680893887,21241.04680893887,0.1638519859884443,0.006866394780653345,0.006866394780653345,0.3308980418156645,0.060551897542549867,0.06055189754254987,0.7895322968986147,0.7895322968986147,0.4191064040261239,0.07669337629430178,0.0766933762943018,False,1e-24,False
HGNN,real,,235,base,3193.9440048040465,0.8155657611540051,0.815565761154005,17469.01506945789,17469.01506945789,0.18283480734916802,4.6686419234929094e-05,4.668641923492909e-05,0.30366439221929425,0.0003385961822650413,0.0003385961822650413,0.6493254177351263,0.6493254177351263,0.46766133578828334,0.000521458382833801,0.0005214583828338012,False,1e-24,False
HGNN,real,,235,restart,3480.3877041181186,145.84941294451048,145.84941294451048,21241.046808938758,21241.046808938758,0.16385198598844408,0.0068663947806533445,0.0068663947806533445,0.3308980418156623,0.06055189754254953,0.06055189754254955,0.7895322968986105,0.7895322968986105,0.41910640402612337,0.07669337629430177,0.0766933762943018,False,1e-24,False
HGNN,real,,236,base,3193.6170577043063,0.8071884937124724,0.8071884937124721,17467.38813953142,17467.38813953142,0.18283311919294065,4.621117291632623e-05,4.621117291632622e-05,0.30363330770679775,0.0003351182153019571,0.0003351182153019571,0.6492649445516107,0.6492649445516107,0.46765701776258706,0.0005161501758475399,0.0005161501758475399,False,1e-24,False
HGNN,real,,236,restart,3480.3877041180986,145.84941294450974,145.84941294450974,21241.046808938656,21241.046808938656,0.16385198598844392,0.006866394780653343,0.006866394780653343,0.3308980418156604,0.06055189754254923,0.06055189754254924,0.7895322968986067,0.7895322968986067,0.4191064040261229,0.07669337629430176,0.07669337629430177,False,1e-24,False
HGNN,real,,237,base,3193.2940211836317,0.7989141464812852,0.7989141464812852,17465.77791248599,17465.77791248599,0.18283147977627723,4.574168699981894e-05,4.574168699981894e-05,0.30360259499280906,0.00033168297743805885,0.0003316829774380589,0.6492050922162178,0.6492050922162178,0.467652824404671,0.0005109063089843907,0.0005109063089843909,False,1e-24,False
HGNN,real,,237,restart,3480.387704118079,145.84941294450906,145.84941294450906,21241.046808938565,21241.046808938565,0.16385198598844372,0.00686639478065334,0.00686639478065334,0.3308980418156586,0.060551897542548944,0.06055189754254896,0.7895322968986034,0.7895322968986034,0.4191064040261224,0.07669337629430173,0.07669337629430174,False,1e-24,False
HGNN,real,,238,base,3192.97484450374,0.7907411835306544,0.7907411835306545,17464.18418325263,17464.18418325263,0.1828298883589226,4.527787701007756e-05,4.527787701007757e-05,0.30357224925338344,0.0003282898310056221,0.0003282898310056222,0.6491458531065086,0.6491458531065086,0.46764875382108434,0.0005057258387072495,0.0005057258387072499,False,1e-24,False
HGNN,real,,238,restart,3480.3877041180626,145.8494129445085,145.8494129445085,21241.046808938485,21241.046808938485,0.16385198598844358,0.00686639478065334,0.00686639478065334,0.330898041815657,0.06055189754254871,0.06055189754254872,0.7895322968986004,0.7895322968986004,0.4191064040261221,0.07669337629430173,0.07669337629430174,False,1e-24,False
HGNN,real,,239,base,3192.6594777000532,0.7826680964458771,0.7826680964458771,17462.60674982038,17462.60674982038,0.18282834421229197,4.48196599544869e-05,4.48196599544869e-05,0.303542265738136,0.0003249381497602852,0.00032493814976028527,0.6490872197137116,0.6490872197137116,0.4676448041482271,0.0005006078380400147,0.0005006078380400149,False,1e-24,False
HGNN,real,,239,restart,3480.387704118048,145.84941294450797,145.84941294450797,21241.046808938412,21241.046808938412,0.16385198598844344,0.0068663947806533385,0.0068663947806533385,0.33089804181565563,0.0605518975425485,0.060551897542548506,0.7895322968985977,0.7895322968985977,0.41910640402612176,0.0766933762943017,0.07669337629430173,False,1e-24,False
HGNN,real,,240,base,3192.34787156758,0.774693403748475,0.774693403748475,17461.04541318158,17461.04541318158,0.18282684661925416,4.436695429264782e-05,4.436695429264782e-05,0.30351263976889953,0.00032162731864072405,0.0003216273186407241,0.6490291846406875,0.6490291846406875,0.46764097355179596,0.0004955513962269383,0.0004955513962269384,False,1e-24,False
HGNN,real,,240,restart,3480.3877041180353,145.8494129445075,145.8494129445075,21241.04680893835,21241.04680893835,0.16385198598844333,0.006866394780653338,0.006866394780653338,0.3308980418156544,0.0605518975425483,0.060551897542548305,0.7895322968985954,0.7895322968985954,0.4191064040261215,0.07669337629430169,0.07669337629430172,False,1e-24,False
HGNN,real,,241,base,3192.039977647109,0.7668156503313867,0.7668156503313864,17459.499977278276,17459.499977278276,0.18282539487392063,4.391967990660199e-05,4.391967990660198e-05,0.30348336673841203,0.00031835673353416294,0.0003183567335341629,0.6489717405999386,0.6489717405999386,0.4676372602262441,0.000490555618400055,0.000490555618400055,False,1e-24,False
HGNN,real,,241,restart,3480.3877041180235,145.84941294450707,145.84941294450707,21241.04680893829,21241.04680893829,0.16385198598844325,0.006866394780653336,0.006866394780653336,0.3308980418156533,0.06055189754254812,0.06055189754254813,0.7895322968985931,0.7895322968985931,0.41910640402612126,0.07669337629430167,0.0766933762943017,False,1e-24,False
HGNN,real,,242,base,3191.7357482116813,0.7590334069078221,0.7590334069078222,17457.970248949736,17457.970248949736,0.1828239882814381,4.3477758071760093e-05,4.34777580717601e-05,0.3034544421090305,0.0003151258010475567,0.0003151258010475568,0.6489148804116566,0.6489148804116566,0.4676336623942512,0.0004856196252544681,0.00048561962525446833,False,1e-24,False
HGNN,real,,242,restart,3480.387704118013,145.8494129445067,145.8494129445067,21241.04680893824,21241.04680893824,0.16385198598844314,0.006866394780653334,0.006866394780653334,0.3308980418156523,0.060551897542547965,0.06055189754254798,0.7895322968985913,0.7895322968985913,0.419106404026121,0.07669337629430166,0.07669337629430167,False,1e-24,False
HGNN,real,,243,base,3191.435136253371,0.7513452694734082,0.7513452694734082,17456.456037881115,17456.456037881115,0.18282262615778636,4.304111142851464e-05,4.304111142851464e-05,0.3034258614114739,0.00031193393828429154,0.0003119339382842916,0.6488585970018156,0.6488585970018156,0.4676301783062063,0.0004807425527312828,0.000480742552731283,False,1e-24,False
HGNN,real,,243,restart,3480.387704118003,145.84941294450635,145.84941294450635,21241.04680893819,21241.04680893819,0.16385198598844303,0.006866394780653335,0.006866394780653335,0.33089804181565136,0.060551897542547826,0.06055189754254783,0.7895322968985894,0.7895322968985894,0.41910640402612065,0.07669337629430166,0.07669337629430169,False,1e-24,False
HGNN,real,,244,base,3191.138095470338,0.7437498587812518,0.7437498587812518,17454.957156553108,17454.957156553108,0.1828213078295807,4.2609663954518845e-05,4.2609663954518845e-05,0.3033976202435923,0.00030878057262624794,0.000308780572626248,0.6488028834003003,0.6488028834003003,0.4676268062397021,0.0004759235517079777,0.00047592355170797786,False,1e-24,False
HGNN,real,,244,restart,3480.3877041179953,145.84941294450607,145.84941294450607,21241.046808938154,21241.046808938154,0.16385198598844297,0.006866394780653333,0.006866394780653333,0.3308980418156506,0.06055189754254771,0.060551897542547715,0.7895322968985881,0.7895322968985881,0.41910640402612054,0.07669337629430165,0.07669337629430167,False,1e-24,False
HGNN,real,,245,base,3190.844580254156,0.7362458198295742,0.7362458198295743,17453.47342019274,17453.47342019274,0.18282003263387786,4.2183340937613996e-05,4.218334093761401e-05,0.3033697142691622,0.00030566514152108364,0.0003056651415210837,0.6487477327390768,0.6487477327390768,0.46762354449903887,0.00047116178769602055,0.0004711617876960208,False,1e-24,False
HGNN,real,,245,restart,3480.3877041179876,145.84941294450581,145.84941294450581,21241.046808938114,21241.046808938114,0.16385198598844292,0.006866394780653334,0.006866394780653334,0.33089804181564986,0.0605518975425476,0.06055189754254761,0.7895322968985866,0.7895322968985866,0.41910640402612037,0.07669337629430166,0.07669337629430167,False,1e-24,False
HGNN,real,,246,base,3190.554545677406,0.7288318213615697,0.7288318213615697,17452.004646725087,17452.004646725087,0.18281879991798664,4.1762068949387816e-05,4.1762068949387816e-05,0.30334213921670705,0.00030258709227459107,0.0003025870922745911,0.6486931382503979,0.6486931382503979,0.46762039141474,0.00046645644054553166,0.00046645644054553177,False,1e-24,False
HGNN,real,,246,restart,3480.3877041179812,145.8494129445056,145.8494129445056,21241.046808938077,21241.046808938077,0.1638519859884429,0.006866394780653334,0.006866394780653334,0.33089804181564925,0.06055189754254751,0.060551897542547514,0.7895322968985853,0.7895322968985853,0.4191064040261203,0.07669337629430166,0.07669337629430167,False,1e-24,False
HGNN,real,,247,base,3190.2679474815445,0.7215065553771567,0.7215065553771567,17450.550656726064,17450.550656726064,0.18281760903928274,4.134577581934713e-05,4.134577581934713e-05,0.3033148908783434,0.0002995458818479927,0.00029954588184799276,0.6486390932650484,0.6486390932650484,0.46761734534307836,0.0004618067041568084,0.0004618067041568086,False,1e-24,False
HGNN,real,,247,restart,3480.3877041179744,145.84941294450536,145.84941294450536,21241.046808938052,21241.046808938052,0.16385198598844278,0.006866394780653333,0.006866394780653333,0.3308980418156486,0.06055189754254741,0.060551897542547424,0.7895322968985843,0.7895322968985843,0.41910640402612004,0.07669337629430165,0.07669337629430167,False,1e-24,False
HGNN,real,,248,base,3189.9847420650094,0.7142687366563004,0.7142687366563004,17449.11127337613,17449.11127337613,0.18281645936502744,4.093439060968866e-05,4.093439060968866e-05,0.3032879651086505,0.0002965409766600399,0.00029654097666003993,0.6485855912106245,0.6485855912106245,0.4676144046656125,0.00045721178619853093,0.00045721178619853104,False,1e-24,False
HGNN,real,,248,restart,3480.3877041179694,145.8494129445052,145.8494129445052,21241.046808938027,21241.046808938027,0.16385198598844272,0.006866394780653333,0.006866394780653333,0.33089804181564814,0.06055189754254734,0.060551897542547355,0.7895322968985834,0.7895322968985834,0.41910640402611987,0.07669337629430165,0.07669337629430167,False,1e-24,False
HGNN,real,,249,base,3189.7048864715875,0.7071171022935911,0.7071171022935913,17447.686322414975,17447.686322414975,0.18281535027218973,4.052784359065193e-05,4.052784359065194e-05,0.30326135782356417,0.0002935718523937852,0.0002935718523937853,0.6485326256098494,0.6485326256098494,0.46761156778873153,0.0004526709078324688,0.000452670907832469,False,1e-24,False
HGNN,real,,249,restart,3480.387704117965,145.849412944505,145.849412944505,21241.046808938,21241.046808938,0.1638519859884427,0.006866394780653331,0.006866394780653331,0.3308980418156477,0.06055189754254726,0.06055189754254727,0.7895322968985824,0.7895322968985824,0.4191064040261198,0.07669337629430162,0.07669337629430165,False,1e-24,False
HGNN,real,,250,base,3189.428338379022,0.7000504112437819,0.7000504112437819,17446.275632097102,17446.275632097102,0.18281428114727324,4.012606621643942e-05,4.012606621643942e-05,0.30323506499929365,0.0002906379938079045,0.00029063799380790457,0.6484801900789219,0.6484801900789219,0.46760883314321294,0.0004481833034445246,0.00044818330344452477,False,1e-24,False
HGNN,real,,250,restart,3480.3877041179603,145.84941294450485,145.84941294450485,21241.04680893798,21241.04680893798,0.16385198598844267,0.006866394780653332,0.006866394780653332,0.33089804181564725,0.060551897542547195,0.06055189754254721,0.7895322968985816,0.7895322968985816,0.41910640402611976,0.07669337629430163,0.07669337629430166,False,1e-24,False
HGNN,real,,251,base,3189.1550560878513,0.6930674438779838,0.6930674438779837,17444.879033148358,17444.879033148358,0.18281325138614557,3.972899110168852e-05,3.972899110168851e-05,0.3032090826712604,0.0002877388945524441,0.0002877388945524441,0.6484282783259011,0.6484282783259011,0.4676061991837853,0.00044374822038194023,0.00044374822038194023,False,1e-24,False
HGNN,real,,251,restart,3480.387704117957,145.84941294450473,145.84941294450473,21241.046808937965,21241.046808937965,0.1638519859884426,0.0068663947806533315,0.0068663947806533315,0.33089804181564697,0.06055189754254715,0.06055189754254716,0.7895322968985811,0.7895322968985811,0.4191064040261196,0.07669337629430163,0.07669337629430165,False,1e-24,False
HGNN,real,,252,base,3188.88499851049,0.6861670015502412,0.6861670015502412,17443.496358723292,17443.496358723292,0.18281226039387252,3.933655199848148e-05,3.933655199848148e-05,0.3031834069330601,0.00028487405698887636,0.0002848740569888764,0.6483768841491214,0.6483768841491214,0.46760366438870504,0.00043936491869651164,0.00043936491869651174,False,1e-24,False
HGNN,real,,252,restart,3480.387704117954,145.84941294450462,145.84941294450462,21241.046808937943,21241.046808937943,0.1638519859884426,0.006866394780653332,0.006866394780653332,0.33089804181564664,0.060551897542547105,0.06055189754254712,0.7895322968985803,0.7895322968985803,0.4191064040261196,0.07669337629430163,0.07669337629430166,False,1e-24,False
HGNN,real,,253,base,3188.618125160526,0.6793479061742074,0.6793479061742072,17442.127444363414,17442.127444363414,0.18281130758455488,3.894868377387903e-05,3.8948683773879023e-05,0.3031580339354451,0.0002820429920143497,0.00028204299201434966,0.6483260014356406,0.6483260014356406,0.4676012272593384,0.000435032670893654,0.00043503267089365407,False,1e-24,False
HGNN,real,,253,restart,3480.3877041179508,145.84941294450454,145.84941294450454,21241.046808937932,21241.046808937932,0.16385198598844258,0.006866394780653332,0.006866394780653332,0.33089804181564636,0.06055189754254707,0.06055189754254708,0.7895322968985798,0.7895322968985798,0.41910640402611954,0.07669337629430163,0.07669337629430166,False,1e-24,False
HGNN,real,,254,base,3188.354396142244,0.67260899980965,0.6726089998096504,17440.77212795628,17440.77212795628,0.18281039238116906,3.856532238796396e-05,3.8565322387963975e-05,0.3031329598853281,0.00027924521889001935,0.00027924521889001957,0.6482756241597194,0.6482756241597194,0.467598886319754,0.00043075076168716184,0.0004307507616871621,False,1e-24,False
HGNN,real,,254,restart,3480.387704117947,145.84941294450445,145.84941294450445,21241.046808937917,21241.046808937917,0.16385198598844253,0.006866394780653333,0.006866394780653333,0.330898041815646,0.060551897542547035,0.06055189754254704,0.7895322968985793,0.7895322968985793,0.4191064040261194,0.07669337629430165,0.07669337629430167,False,1e-24,False
HGNN,real,,255,base,3188.093772140362,0.6659491442585364,0.6659491442585364,17439.43024969541,17439.43024969541,0.182809514215411,3.8186404872382084e-05,3.8186404872382084e-05,0.3031081810448068,0.00027648026507335477,0.00027648026507335477,0.6482257463813316,0.6482257463813316,0.4675966401163236,0.0004265184877595247,0.0004265184877595248,False,1e-24,False
HGNN,real,,255,restart,3480.3877041179453,145.84941294450437,145.84941294450437,21241.04680893791,21241.04680893791,0.1638519859884425,0.0068663947806533315,0.0068663947806533315,0.33089804181564586,0.060551897542547,0.06055189754254701,0.7895322968985791,0.7895322968985791,0.4191064040261193,0.07669337629430163,0.07669337629430165,False,1e-24,False
HGNN,real,,256,base,3187.8362144099774,0.6593672206704303,0.6593672206704303,17438.101652041005,17438.101652041005,0.1828086725275434,3.781186930936695e-05,3.781186930936695e-05,0.3030836937302073,0.00027374766605431367,0.0002737476660543137,0.6481763622447034,0.6481763622447034,0.46759448721733143,0.0004223351575276465,0.0004223351575276466,False,1e-24,False
HGNN,real,,256,restart,3480.387704117943,145.84941294450428,145.84941294450428,21241.046808937896,21241.046808937896,0.1638519859884425,0.006866394780653333,0.006866394780653332,0.33089804181564564,0.06055189754254696,0.06055189754254697,0.7895322968985785,0.7895322968985785,0.4191064040261193,0.07669337629430165,0.07669337629430166,False,1e-24,False
