family,features,seed,step,variant,energy_un,energy_sym,energy_op,norm_f2,norm_pi2,R_un,R_sym,R_op,energy_un_relative,energy_sym_relative,energy_op_relative,norm_f2_relative,norm_pi2_relative,R_un_relative,R_sym_relative,R_op_relative,zero_state,resolution_R_op,censored_R_op
UniGCN,real,,0,base,10518.006347275345,2408.667917335254,2411.70376961744,26903.328581207454,26909.738571442227,0.3909555769475453,0.08953047984619122,0.08962196950426132,1.0,1.0,1.0,1.0,1.0,1.0,1.0,1.0,False,1e-24,False
UniGCN,real,,0,restart,10518.006347275345,2408.667917335254,2411.70376961744,26903.328581207454,26909.738571442227,0.3909555769475453,0.08953047984619122,0.08962196950426132,1.0,1.0,1.0,1.0,1.0,1.0,1.0,1.0,False,1e-24,False
UniGCN,real,,1,base,3877.2430866669374,505.5410371333307,513.8662522629281,21745.329274952088,23002.73226107534,0.17830233967222742,0.02324825854514197,0.0223393571872538,0.3686290879327454,0.20988407471820292,0.21307187836939068,0.8082765375783896,0.8548106924192429,0.4560680296834603,0.259668646756739,0.2492620649916828,False,1e-24,False
UniGCN,real,,1,restart,3991.514075839835,607.1490703446893,612.1383138802729,22123.580656369275,23261.018859857406,0.18041898993826286,0.027443526424367204,0.02631605767435526,0.37949340816606597,0.2520684009510068,0.25381986029626447,0.8223361874940287,0.8644089498715161,0.46148207258460405,0.30652719019839697,0.2936340031347335,False,1e-24,False
UniGCN,real,,2,base,3672.429007166169,226.91973331296325,250.34903359466253,19980.12142873788,21648.249651613667,0.18380413854162206,0.011357274985655455,0.011564400707842051,0.3491563786817356,0.0942096383149438,0.10380588061790628,0.7426635469446862,0.8044764015131578,0.4701407253906066,0.12685372629708533,0.12903533332072323,False,1e-24,False
UniGCN,real,,2,restart,3523.515809240726,322.82920204428825,342.23447019594613,20578.60460956284,22062.993943090103,0.17122229014514204,0.015687613818784883,0.015511696693509285,0.33499844865120104,0.1340281072873836,0.14190568282365523,0.7649092396669992,0.8198888251744036,0.43795842863271145,0.17522092862380945,0.17307917667187328,False,1e-24,False
UniGCN,real,,3,base,3594.391810697876,142.4963434854032,166.7343456651329,18914.781178812158,20718.758419196005,0.1900308429010122,0.007533597250653042,0.008047506626200773,0.3417369881725724,0.059159812965437375,0.0691354998759161,0.703064720103985,0.7699353289587006,0.4860676099947507,0.08414561458394254,0.08979390511852267,False,1e-24,False
UniGCN,real,,3,restart,3340.3503973331844,232.45255982724032,254.64924642329547,19726.365164687333,21321.89979021703,0.16933430814273023,0.011783851606040405,0.01194308429027203,0.3175839875965174,0.0965066866022802,0.10558894074444707,0.7332313957041962,0.7923488269352698,0.43312928150261404,0.13161832290281988,0.1332606765543594,False,1e-24,False
UniGCN,real,,4,base,3485.6003335022738,105.18889129253832,127.24755433286632,18107.12373729575,19946.81932341394,0.19249884101266093,0.005809254568459032,0.0063793405991049825,0.3313936328252176,0.04367098118237502,0.05276251417604707,0.6730439946358148,0.7412490935375479,0.4923803428400475,0.0648857749722668,0.07118054461860113,False,1e-24,False
UniGCN,real,,4,restart,3206.505365795583,192.53291282897402,214.489557630248,19142.823512163803,20769.892383636055,0.16750430592216942,0.010057707145794563,0.010326946026896006,0.3048586642682734,0.07993335712378986,0.08893694173072994,0.7115410814086206,0.7718355319021181,0.4284484371088625,0.11233835854642116,0.11522784071828486,False,1e-24,False
UniGCN,real,,5,base,3364.9935880335756,84.47435893131887,104.12353483143018,17427.010099032177,19260.12805831109,0.19309070052242944,0.004847323691859812,0.00540617043231439,0.31992694023285756,0.035070986051399786,0.04317426383089617,0.647764087868492,0.7157307755769418,0.4938942220239424,0.054141602951165525,0.060321932916876354,False,1e-24,False
UniGCN,real,,5,restart,3099.4696018851914,171.2921397160047,192.32459875080278,18700.076926419104,20328.3142991564,0.16574635570115334,0.009159969789964152,0.009460922136509078,0.29468223345273975,0.07111488407480754,0.07974636071548313,0.6950841368930648,0.7554259304744669,0.4239518898675069,0.10231118838746883,0.10556476485443932,False,1e-24,False
UniGCN,real,,6,base,3243.436715464287,71.09925343829282,88.65120164438491,16823.109727423533,18629.96130836734,0.19279650243124347,0.004226284830229286,0.00475852848951268,0.3083699142570387,0.029518080481991477,0.03675874407180918,0.6253170375049737,0.6923129802583164,0.49314171174263893,0.04720498357084455,0.05309555810739489,False,1e-24,False
UniGCN,real,,6,restart,3012.175037699466,158.56391823543768,178.6151375479116,18345.53665987238,19962.865401249655,0.16419116505259104,0.008643187777780751,0.008947369726629047,0.28638269822681367,0.06583054355241272,0.07406180634541393,0.6819058320050081,0.7418453861322573,0.4199739682307196,0.09653905343330343,0.09983455815712262,False,1e-24,False
UniGCN,real,,7,base,3125.4208736374967,61.56349750160716,77.36654082315194,16271.088138253943,18042.061919351592,0.19208431833698414,0.0037836128093282867,0.004288120790682465,0.29714955196306064,0.025559147053245843,0.03207962014150035,0.6047983278031865,0.6704658936560092,0.4913200620815193,0.04226061131168223,0.04784675916409731,False,1e-24,False
UniGCN,real,,7,restart,2940.2793749477346,150.29419135471002,169.47029774164355,18052.746785525982,19654.688673041837,0.1628715790388829,0.008325281085491671,0.008622385251723026,0.2795472143548767,0.0623972239066408,0.07026994769284042,0.6710227967158016,0.7303931482225635,0.4165986844606017,0.09298823260853821,0.09620838840540155,False,1e-24,False
UniGCN,real,,8,base,3012.642779153606,54.30860416746103,68.64887261726274,15757.762531587166,17488.181756461057,0.19118467949460616,0.0034464667213125535,0.003925443683812368,0.2864271687698707,0.022547153045299605,0.028464885896061883,0.5857179524839279,0.6498830046242169,0.48901893403673713,0.038494898354542575,0.043800015839037344,False,1e-24,False
UniGCN,real,,8,restart,2880.607079287536,144.60153839241974,163.03826229028274,17806.34672642149,19391.78474277369,0.16177417656442808,0.008120786403527484,0.008407594476369103,0.2738738677443134,0.06003382091475467,0.06760293877889693,0.6618640765090904,0.7206233048786689,0.4137917096042178,0.09070415368574566,0.0938117575732292,False,1e-24,False
UniGCN,real,,9,base,2905.574545126444,48.542164936201885,61.640244622887586,15275.223930390575,16962.992784732123,0.1902148576261265,0.003177836551359853,0.00363380715921592,0.2762476508562978,0.02015311641212244,0.025558795984577064,0.5677819339076371,0.6303663166291025,0.48653828936592386,0.03549446575980843,0.0405459417965942,False,1e-24,False
UniGCN,real,,9,restart,2830.73906600659,140.51142410878407,158.33539179662412,17596.43315599202,19165.764546879476,0.16087004911234828,0.00798522194033036,0.008261365801992174,0.26913266379040396,0.05833573947554962,0.0656529188167004,0.6540615635302282,0.7122241078632778,0.4114791004348105,0.08918998260758304,0.09218014118289784,False,1e-24,False
UniGCN,real,,10,base,2804.149255767241,43.81565300773692,55.840932522180466,14818.330821334526,16462.766226072843,0.1892351634996567,0.0029568548263650468,0.0033919531964040532,0.2666046362002478,0.018190823522161097,0.023154142405739292,0.5507991613976512,0.6117772635496296,0.4840323930845127,0.033026236779304344,0.03784734050329895,False,1e-24,False
UniGCN,real,,10,restart,2788.8064151675394,137.47556555259976,154.79478891042095,17416.107522044775,18970.388097262647,0.16012799712206383,0.007893587323033427,0.008159811392195885,0.26514591483299216,0.057075350472011545,0.06418482686825816,0.6473588377540129,0.7049636713080089,0.4095810536130254,0.08816648069567153,0.091046999271846,False,1e-24,False
UniGCN,real,,11,base,2708.074571428759,39.852917699724244,50.93755138648096,14383.51827459264,15984.733847861311,0.1882762283698253,0.002770735013430011,0.003186637442405473,0.2574703305945691,0.016545625660101013,0.02112098178399456,0.5346371260781401,0.5940129743521552,0.4815795948987995,0.03094739376120838,0.03555643175476026,False,1e-24,False
UniGCN,real,,11,restart,2753.3516750113945,135.1648458424979,152.06841820335083,17260.28141610545,18800.814800860768,0.15951951237841702,0.007830975786778107,0.00808839509425882,0.26177505357036046,0.05611601535841139,0.06305435191465199,0.6415667624177226,0.6986621126380247,0.4080246498180018,0.08746714862057393,0.0902501377619718,False,1e-24,False
UniGCN,real,,12,base,2616.9792064791627,36.47257212224214,46.72194329998791,13968.181185038375,15526.74700690595,0.18735289668795727,0.0026111182006508275,0.00300912633400976,0.2488094340385222,0.015142216932333414,0.01937300255885044,0.5191989958742669,0.5769936027317486,0.4792178644713246,0.02916457283750288,0.0335757666413109,False,1e-24,False
UniGCN,real,,12,restart,2723.22788897077,133.37103285936308,149.93150976762635,17125.039944846914,18653.177912115436,0.15902023573324361,0.007788071344002656,0.00803785341425625,0.2589110330472669,0.055371282981555005,0.062168294322237375,0.6365398204595812,0.6931757386863279,0.4067475823591575,0.08698793257203763,0.08968619478814364,False,1e-24,False
UniGCN,real,,13,base,2530.480639811792,33.549374508116124,43.049407726375456,13570.331856007677,15087.07963777706,0.18647153707530975,0.0024722589590367014,0.002853395670994044,0.24058557831801508,0.013928601060636165,0.017850205430994633,0.5044108878589411,0.5606550059088318,0.47696349168675173,0.027613601125381162,0.03183812726697968,False,1e-24,False
UniGCN,real,,13,restart,2697.523939029313,131.9564917135794,148.2327538185189,17007.276167920296,18524.322983283553,0.15860999212310523,0.007758825717340925,0.00800206053156625,0.25646722867096367,0.05478401184483948,0.06146391430239068,0.6321625265284178,0.6883873261757497,0.4056982467457831,0.08666127703850342,0.08928681857617254,False,1e-24,False
UniGCN,real,,14,base,2448.2148761055246,30.993391325010034,39.81558580906412,13188.398721752781,14664.306979565825,0.18563397481056357,0.002350049613975495,0.0027151358645550504,0.2327641565589782,0.012867440589028351,0.01650931856169878,0.4902143867419126,0.5449442379617994,0.47482114530743774,0.026248598443935067,0.030295427332981694,False,1e-24,False
UniGCN,real,,14,restart,2675.509211662281,130.82684982660513,146.86672884478594,16904.467252543654,18411.636549238432,0.15827231770700675,0.007739187983396479,0.007976842713140612,0.25437417732262185,0.054315021545743365,0.060897499392341584,0.6283411066224639,0.6841997554289752,0.40483453118317386,0.08644193571498787,0.08900543870285434,False,1e-24,False
UniGCN,real,,15,base,2369.8478943261625,28.737974609914232,36.94289164711181,12821.10220993744,14257.227022635105,0.18483963824025437,0.0022414589743805233,0.0025911694881803043,0.22531341169422892,0.011931065466968769,0.01531817137432759,0.4765619306636002,0.5298166306886938,0.47278936313793624,0.025035708266405308,0.028912213182919394,False,1e-24,False
UniGCN,real,,15,restart,2656.5924842808704,129.9153676319814,145.75784707493767,16814.529481249145,18312.92799012476,0.1579938640116805,0.007726375440767317,0.007959286857543345,0.2525756684838902,0.0539366040029747,0.060437707529087926,0.624998108709658,0.6805316202350338,0.40412229247436626,0.08629882755058205,0.08880955084528575,False,1e-24,False
UniGCN,real,,16,base,2295.0784204256092,26.73243499203034,34.372153061223415,12467.374942617831,13864.807459547792,0.18408674087279042,0.0021441911481020408,0.0024790934285606357,0.21820470007798975,0.011098431128523868,0.014252228442913514,0.4634138450558329,0.5152338222364494,0.4708635756268785,0.02394928689967541,0.027661670930393473,False,1e-24,False
UniGCN,real,,16,restart,2640.291225692043,129.17360282526786,144.8505929373133,16735.71961587713,18226.344588721524,0.15776383007679012,0.007718437317910203,0.007947320003317998,0.2510258254765174,0.053628647558927336,0.060061519479355646,0.6220687364152919,0.6773140712732195,0.4035339035410598,0.08621016363555833,0.08867602494430922,False,1e-24,False
UniGCN,real,,17,base,2223.6367818845383,24.937372692664205,32.05725074299749,12126.308537593013,13486.148589798737,0.18337293455720652,0.0020564685959750533,0.002377050091769447,0.21141238258147318,0.010353180076501704,0.013292366644217925,0.45073636524156707,0.5011623785937043,0.4690377765906886,0.02296948033237352,0.02652307358249278,False,1e-24,False
UniGCN,real,,17,restart,2626.208505260399,128.56561439786947,144.1033597431849,16666.564904044884,18150.308346261958,0.15757347242100456,0.007713983963586119,0.007939444167782576,0.2496869100997177,0.05337623068442891,0.059751683253388754,0.619498247353929,0.6744884681088595,0.4030469999975119,0.0861604224263999,0.08858814654151373,False,1e-24,False
UniGCN,real,,18,base,2155.2821784927773,23.321590715860975,29.961561668823666,11797.11697543292,13120.456600282643,0.1826956690334661,0.0019768889945253033,0.0022835761423255826,0.20491356511218461,0.009682360340341978,0.01242340043842796,0.4385002747828556,0.4875728006591129,0.4673054428840606,0.022080625479965005,0.0254800932735249,False,1e-24,False
UniGCN,real,,18,restart,2614.0154701352076,128.06423830585305,143.48442707769524,16605.811603315768,18083.467668382556,0.15741570075462338,0.00771201320146748,0.007934563752314269,0.24852765665162008,0.05316807575846008,0.059495046151731845,0.6172400397665023,0.6720045837819291,0.4026434460499944,0.08613841023432828,0.08853369097112955,False,1e-24,False
UniGCN,real,,19,base,2089.799491018521,21.859990017798392,28.05552971150643,11479.11063126832,12767.023820316133,0.18205238699643236,0.001904327845595743,0.0021974995978985908,0.19868779519798227,0.00907555161941229,0.011633074536329469,0.42667994023931755,0.4744387904929351,0.46566003334148226,0.02127016239460886,0.024519653049960084,False,1e-24,False
UniGCN,real,,19,restart,2603.4379172287163,127.64861966868789,142.9692574871874,16552.38597787335,18024.659582402477,0.15728475161882408,0.00771179573986035,0.00793187004911697,0.2475219952594085,0.052995524517928355,0.05928143385116744,0.6152542027619416,0.6698192007532553,0.40230849971971894,0.08613598132288378,0.0885036346890349,False,1e-24,False
UniGCN,real,,20,base,2026.99614275754,20.53209583795382,26.314963416826625,11171.677381138348,12425.213800556106,0.18144062647027473,0.0018378704591504847,0.0021178680575821454,0.19271676359870488,0.008524253463992989,0.010911358081511344,0.4152526088887753,0.46173669683072577,0.4640952506341116,0.020527874555211274,0.02363112604305628,False,1e-24,False
UniGCN,real,,20,restart,2594.245898376767,127.30253225027332,142.5386323280367,16505.364008722525,17972.879643107848,0.157175927595768,0.007712797620397722,0.007930762079225114,0.2466480635894271,0.052851840361252476,0.05910287744445791,0.6135063904416598,0.6678949925653103,0.40203014578522406,0.0861471717078688,0.0884912719849124,False,1e-24,False
UniGCN,real,,21,base,1966.699228308862,19.321001957634525,24.719816142256725,10874.268530823043,12094.449812752213,0.18085807084258276,0.0017767633660019774,0.002043897533577138,0.18698403132437064,0.008021446966010011,0.010249938841443177,0.4041978857002457,0.44944508771955755,0.4626051692488034,0.0198453461776857,0.02280576453388424,False,1e-24,False
UniGCN,real,,21,restart,2586.2455920965785,127.01320599550417,142.17733673508064,16463.947390104757,17927.257598403474,0.15708538971953814,0.0077146265707725885,0.007930791196292196,0.2458874340541292,0.05273172157995977,0.05895306816957613,0.611966929683384,0.6661996195469788,0.40179856480373055,0.08616759995060812,0.08849159687251801,False,1e-24,False
UniGCN,real,,22,base,1908.7529781781473,18.212598899374033,23.253294130756725,10586.388114641148,11774.205829711096,0.18030256944182038,0.0017203789150886798,0.0019749352497371187,0.18147478858221108,0.007561274332712044,0.009641853375070734,0.3934973355689513,0.43754441532205707,0.46118428812184886,0.019215566788474747,0.022036284860301077,False,1e-24,False
UniGCN,real,,22,restart,2579.2728854734746,126.77049132722517,141.8732131812953,16427.444189201957,17887.03746563507,0.15700999228893286,0.00771699418772359,0.007931621625652932,0.24522450360962436,0.052630954402163206,0.05882696497331435,0.6106101012599934,0.6647049884244347,0.40160571058946415,0.08619404476532451,0.08850086278538881,False,1e-24,False
UniGCN,real,,23,base,1853.0165601970511,17.194999438424748,21.90119247691541,10307.584603140636,11463.999339487706,0.17977214173264727,0.001668189018131908,0.0019104321125941476,0.17617564574650302,0.007138800377865222,0.009081211694747036,0.38313417509016723,0.4260167488826441,0.4598275413699173,0.01863263796863114,0.021316560249251285,False,1e-24,False
UniGCN,real,,23,restart,2573.188259288316,126.56625212388387,141.61646816230984,16395.253049058738,17851.561048943277,0.1569471512021612,0.007719688848056548,0.007933001924820061,0.2446460074589033,0.052546160976771776,0.058720507031746264,0.609413552660215,0.6633866398051196,0.4014449734354829,0.0862241424520295,0.08851626413368281,False,1e-24,False
UniGCN,real,,24,base,1799.3621901043646,16.258104005895415,20.651392625410278,10037.444368615057,11163.385540488522,0.1792649726389105,0.001619745366333589,0.0018499220107116852,0.17107445372197208,0.006749832091375221,0.008562988906670796,0.3730930296716677,0.41484555901020853,0.45853028632703857,0.01809155238658643,0.020641389839393405,False,1e-24,False
UniGCN,real,,24,restart,2567.8726763094865,126.39391739695269,141.39915630053943,16366.850139307882,17820.254184118126,0.15689473872203952,0.0077225560398696,0.007934744074894175,0.2441406281309847,0.05247461324464528,0.05863039983677974,0.6083578130455009,0.6622232370190971,0.40131091094037563,0.08625616720849208,0.08853570300658138,False,1e-24,False
UniGCN,real,,25,base,1747.6735139898583,15.393267077714842,19.49347644019769,9775.586457683366,10871.952593114893,0.17877940331817438,0.0015746643072872748,0.001793006019226273,0.16616015015455732,0.006390780134915671,0.008082865186751303,0.3633597392298818,0.4040155412231569,0.4572882799473693,0.01758802488261503,0.020006322435717278,False,1e-24,False
UniGCN,real,,25,restart,2563.224249372841,126.24814526933272,141.21479110345769,16341.778275276482,17792.615174895396,0.1568509990892943,0.007725483918744257,0.007936707994601356,0.24369867869844325,0.05241409343343725,0.05855395379916751,0.6074258888058767,0.6611961363971661,0.40119903216098407,0.08628886980184003,0.08855761638025576,False,1e-24,False
UniGCN,real,,26,base,1697.8442245240833,14.593037665187905,18.41842578926792,9521.658352518807,10589.317691687642,0.17831391987247108,0.0015326151312000755,0.0017393401846585394,0.16142262786938746,0.006058551102109753,0.007637101215042498,0.35392120063425486,0.393512469977151,0.4560976499291518,0.01711836163318939,0.019407520212729065,False,1e-24,False
UniGCN,real,,26,restart,2559.155521351098,126.12456781967876,141.05804763260883,16319.637773780136,17768.205010590016,0.15681448061688918,0.007728392600864963,0.00793878996491412,0.24331184417035828,0.052362788125318784,0.05848896096181182,0.6066029236686998,0.6602890237457156,0.40110562392087085,0.08632135797933783,0.08858084696003751,False,1e-24,False
UniGCN,real,,27,base,1649.776875913258,13.85095499696089,17.41838581431187,9275.33249159909,10315.123781759481,0.17786714141056437,0.0014933108877235464,0.0016886259615336153,0.15685262220255528,0.005750462692376628,0.007222440016783191,0.34476523838310874,0.38332307667627563,0.45495486417994974,0.016679357580669487,0.018841652006468403,False,1e-24,False
UniGCN,real,,27,restart,2555.591229578516,126.01959507359727,140.92453286165474,16300.078717540882,17746.639046283643,0.15678398085454562,0.007731226165060463,0.007940913910184363,0.24297296894487364,0.0523192068805461,0.058433599779963485,0.605875911166131,0.6594876051719484,0.4010276105501915,0.08635300713614305,0.08860454589548816,False,1e-24,False
UniGCN,real,,28,base,1603.3818668467893,13.161385873870895,16.48647628870665,9036.303382266653,10049.036791407254,0.17743780825169675,0.0014565011063815692,0.001640602639927036,0.15244161430480027,0.0054641761859939315,0.006836028743000159,0.33588049727715485,0.37343494678434835,0.45385670064377587,0.016268215124991662,0.01830580882122914,False,1e-24,False
UniGCN,real,,28,restart,2552.4664570763525,125.93026286652233,140.8106065517414,16282.794374541285,17727.579894274793,0.15675850215655995,0.007733946641457235,0.007943024789143207,0.24267588103686216,0.0522821190751114,0.05838636084815578,0.6052334500317245,0.6587793429211558,0.40096244023548566,0.08638339317228902,0.08862809903731846,False,1e-24,False
UniGCN,real,,29,base,1558.5765651845907,12.519393887681701,15.616639753044218,8804.285180403012,9790.743276408733,0.17702477069390515,0.0014219659667031176,0.0015950412866685272,0.14818174792111005,0.005197642148001912,0.006475355700721665,0.3272563524556955,0.3638364323167038,0.4528002185722923,0.01588247900766289,0.017797436225642047,False,1e-24,False
UniGCN,real,,29,restart,2549.7250950449275,125.85411366075418,140.713240283949,16267.51557312518,17710.731326242527,0.15673721556211154,0.007736529471572907,0.007945083559336139,0.24241524589927876,0.052250504419882216,0.058345988448767844,0.6046655351222371,0.6581532287733898,0.40090799263145194,0.08641224178474044,0.08865107075066418,False,1e-24,False
UniGCN,real,,30,base,1515.2845522633206,11.920633287854361,14.803518110840947,8579.009643158564,9539.94840209247,0.17662697855476858,0.0013895115851001072,0.0015517398508773882,0.14406575754309658,0.004949056365164003,0.006138199184052019,0.3188828332993407,0.3545165768431758,0.45178273177176526,0.01551998366910595,0.01731427974034432,False,1e-24,False
UniGCN,real,,30,restart,2547.318557673252,125.7891023989825,140.62990562800306,16254.005874338243,17695.833024316784,0.15671943134307265,0.00773896006753497,0.00794706332472487,0.24218644423361912,0.05222351387406899,0.05831143418178207,0.6041633779729402,0.6575995889865821,0.4008625035270945,0.08643939003599788,0.08867316093011104,False,1e-24,False
UniGCN,real,,31,base,1473.434968310522,11.361262120036592,14.042351488765952,8360.224382842494,9296.374201604282,0.17624347156691397,0.0013589661712134261,0.0015105191749211918,0.1400869061742115,0.004716823783913612,0.005822585537109079,0.3107505585268839,0.3454650507630718,0.45080178403635013,0.015178810317425533,0.016854340328342928,False,1e-24,False
UniGCN,real,,31,restart,2545.2047028674383,125.73352157558443,140.55848478004603,16242.05741388266,17682.656049240402,0.1567045749199213,0.007741231198217262,0.00794894637935821,0.24198546937811702,0.052200438537283025,0.058281819911216684,0.6037192522425675,0.6571099158877002,0.4008245032425933,0.08646475715886144,0.08869417201303811,False,1e-24,False
UniGCN,real,,32,base,1432.9619435206882,10.83787058277726,13.328894690334378,8147.691366343982,9059.758063058072,0.17587337063844682,0.0013301768679586609,0.0014712197166372545,0.13623893123927353,0.004499528766409344,0.005526754511997423,0.3028506804186051,0.3366720950857797,0.44985512679371203,0.014857251633676448,0.016415837821632577,False,1e-24,False
UniGCN,real,,32,restart,2543.3469220822685,125.68594119761899,140.49719868464547,16231.487309856439,17670.998917317756,0.1566921671150765,0.007743341001246215,0.00795072193383232,0.24180884077343368,0.0521806847233085,0.05825640796130283,0.6033263601885485,0.6566767220871845,0.40079276612058656,0.08648832235177202,0.08871398361151035,False,1e-24,False
UniGCN,real,,33,base,1393.8041019100592,10.347421512371138,12.659347681723428,7941.185616555496,8829.851407702163,0.17551586994822369,0.001303007134199106,0.0014336988355977142,0.13251599741343753,0.004295910381792542,0.005249130445125745,0.2951748365480167,0.3281284723097526,0.44894069888603416,0.014553782537942447,0.015997180641400044,False,1e-24,False
UniGCN,real,,33,restart,2541.713369821798,125.64516038054605,140.4445488744277,16222.134551034353,17660.684196482933,0.156681807922727,0.007745291471061968,0.007952384364723354,0.2416535307073874,0.05216375386423098,0.05823457700060151,0.6029787170040312,0.6562934139845272,0.40076626901206497,0.08651010789139052,0.08873253297948597,False,1e-24,False
UniGCN,real,,34,base,1355.904127192641,9.887200615753853,12.030297365881836,7740.494081381265,8606.418528652785,0.1751702298247458,0.0012773345618254793,0.0013978285306286413,0.1289126553478344,0.0041048417445158705,0.004988298114154443,0.2877151077427707,0.31982542326837343,0.4480566083554002,0.01426703580746886,0.015596940553311293,False,1e-24,False
UniGCN,real,,34,restart,2540.2763091084694,125.61016810592565,140.39927015341158,16213.857295141483,17651.55554674684,0.1566731631386486,0.007747087310529433,0.007953931866321377,0.24151690208539564,0.05214922621831991,0.05821580242240225,0.6026710503943815,0.6559541817875344,0.40074415707764544,0.08653016630580482,0.08874979996889251,False,1e-24,False
UniGCN,real,,35,base,1319.2083816768245,9.454774600502617,11.438668510215019,7545.41464285647,8389.23556550422,0.17483577034772624,0.0012530490434284895,0.001363493541324527,0.12542380543614723,0.003925312631291481,0.004742982390424134,0.2804639812534982,0.31175462902516776,0.44720111607765617,0.013995781610700217,0.015213831484251147,False,1e-24,False
UniGCN,real,,35,restart,2539.0115537096226,125.58011124512515,140.36029191149487,16206.530518315734,17643.4751423485,0.15666595332296265,0.0077487350610422985,0.007955365412939376,0.24139665540013153,0.05213674759451952,0.058199640303982995,0.6023987132074186,0.6556539037162001,0.4007257155561247,0.0865485706583303,0.08876579545109323,False,1e-24,False
UniGCN,real,,36,base,1283.6665706326417,9.047955749485,10.881682151821629,7355.7552442485985,8178.08959463581,0.17451186560840637,0.001230051225067544,0.0013305897454289528,0.12204466590431097,0.0037564147736458796,0.004512030991910649,0.27341431830806057,0.3039081770684592,0.44637262108124554,0.013738910225665148,0.014846691640331406,False,1e-24,False
UniGCN,real,,36,restart,2537.897991452368,125.55426838286428,140.3267063525648,16200.043966436708,17636.321422770245,0.1566599446711621,0.0077502424464395234,0.007956687961662405,0.24129078341066054,0.05212601848484239,0.05818571423256694,0.6021576072840586,0.6553880624275803,0.4007103464140665,0.08656540721946361,0.0887805524211793,False,1e-24,False
UniGCN,real,,37,base,1249.2314457784819,8.664771790766151,10.356820153155295,7171.3331171703485,7972.777818601762,0.17419793856562632,0.0012082511925181744,0.0012990227984268146,0.11877074461949638,0.0035973293488926112,0.004294399786420769,0.2665593253832419,0.2962785311880665,0.44556964738988375,0.013495417366173934,0.014494468327490271,False,1e-24,False
UniGCN,real,,37,restart,2536.9171757727872,125.53202829786231,140.2977422927331,16194.300366719759,17629.987127854365,0.15665494145003642,0.007751617881303352,0.007957903841635298,0.24119753230895963,0.05211678513023925,0.05817370444090156,0.6019441169830495,0.6551526719982359,0.4006975489981433,0.08658076997487597,0.08879411918365528,False,1e-24,False
UniGCN,real,,38,base,1215.858542528474,8.303440146030622,9.861794848880983,6991.974093997495,7773.10684083223,0.17389345643775628,0.0011875673499933306,0.0012687069727482516,0.11559781410889128,0.0034473162889207425,0.004089140205824418,0.2598925286472373,0.28885850452227674,0.4447908322358774,0.013264391657829942,0.014156204999354846,False,1e-24,False
UniGCN,real,,38,restart,2536.052974897946,125.512872203451,140.2727434703023,16189.213864313415,17624.377578938427,0.15665077971996388,0.007752870105701948,0.007959018288278828,0.2411153683658788,0.052108832147483325,0.058163338813602826,0.6017550510691054,0.6549442140490422,0.4006869039777934,0.08659475654571473,0.08880655415523304,False,1e-24,False
UniGCN,real,,39,base,1183.5059464652156,7.962345820929928,9.39452293222518,6817.511993469703,7578.892014157828,0.1735979265748064,0.001167925458518713,0.0012395641625023348,0.11252188935708325,0.0033057051009915852,0.0038953884181701973,0.25340775112236036,0.2816412353481901,0.444034915501661,0.013045003897277765,0.01383103015208114,False,1e-24,False
UniGCN,real,,39,restart,2535.29126987333,125.49635903909933,140.2511505281815,16184.708653880356,17619.409173485703,0.15664732211694665,0.007754007917158956,0.007960037090190077,0.241042949221084,0.05210197642269336,0.05815438541626075,0.6015875918486057,0.6547595818037482,0.40067805999852535,0.08660746519486932,0.08881792192495386,False,1e-24,False
UniGCN,real,,40,base,1152.1340851877471,7.64002234142685,8.953102891230337,6647.788069415514,7389.956853518115,0.1733108927597093,0.0011492578075068772,0.0012115230262769476,0.10953920801599476,0.0031718869531334663,0.0037123559717496053,0.24709909219408394,0.2746201652572224,0.44330073025908645,0.012836497799199147,0.013518147759733649,False,1e-24,False
UniGCN,real,,40,restart,2534.6196941183007,125.48211324895713,140.2324859991627,16180.717780505236,17615.008065338956,0.15664445350947578,0.007755039977283319,0.007960966323659998,0.2409790991212784,0.052096062037385336,0.058146646269664905,0.6014392505991921,0.6545960310455323,0.4006707225728944,0.08661899266714622,0.08882829029194088,False,1e-24,False
UniGCN,real,,41,base,1121.7055422564854,7.33513525088586,8.535795432951554,6482.6505142022015,7206.132504720634,0.17303193189252622,0.0011315024980624875,0.0011845182457247182,0.10664621271568824,0.0030453078226743814,0.003539321678095464,0.2409609091542104,0.2677890194135179,0.44258719428816845,0.012638181991276611,0.013216829001603196,False,1e-24,False
UniGCN,real,,41,restart,2534.02740839017,125.46981459638481,140.21634175682246,16177.182087925456,17611.10900663932,0.1566420773789492,0.007755974675591658,0.007961812155268668,0.24092278752490023,0.05209095603979895,0.058139952146388396,0.6013078284753791,0.6544511370812419,0.4006646448222069,0.08662943266824913,0.08883772806276147,False,1e-24,False
UniGCN,real,,42,base,1092.1848904354774,7.046467770384516,8.141006434855376,6321.954009855565,7027.257262352328,0.17276065101593963,0.0011146028204886457,0.0011584898817451614,0.1038395352098646,0.002925462542873129,0.0033756245428710986,0.23498780051594004,0.2611417886389263,0.4418933024687841,0.012449423061324771,0.01292640507850118,False,1e-24,False
UniGCN,real,,42,restart,2533.5049060190336,125.4591896517828,140.20236849874843,16174.049295155522,17607.654330759,0.15664011279957415,0.007756820036981125,0.007962580697295232,0.24087311058481436,0.052086544910923294,0.05813415821006419,0.6011913821865685,0.6543227569458813,0.40065961975160835,0.08663887483130822,0.08884630343809427,False,1e-24,False
UniGCN,real,,43,base,1063.5385418341311,6.772908294733094,7.7672720435163365,6165.559320891026,6853.176130964247,0.17249668464473264,0.0010985067115945445,0.0011333828133238823,0.10111598212808051,0.0028118896116763434,0.003220657587124986,0.22917459087935313,0.2546727131060698,0.4412181199499211,0.012269639495752986,0.012646260951339531,False,1e-24,False
UniGCN,real,,43,restart,2533.043844083842,125.45000466063053,140.1902669109074,16171.273185175398,17604.593058403065,0.1566384919157723,0.007757583662344757,0.007963277904000823,0.2408292750973685,0.052082731603540336,0.05812914035173786,0.6010881938404966,0.6542089961842222,0.400655473797701,0.08664740405359034,0.08885408285545641,False,1e-24,False
UniGCN,real,,44,base,1035.734612888957,6.513439452929118,7.413245605684283,6013.332923796946,6683.740424495875,0.172239692365972,0.0010831662799099429,0.0011091462466906665,0.0984725221388805,0.0027041666499776503,0.0030738624283280945,0.22351631715925985,0.2483762674524437,0.44056077601134075,0.012098296376505153,0.012375829864327285,False,1e-24,False
UniGCN,real,,44,restart,2532.636896868975,125.44205955379954,140.1797802272438,16168.812891561458,17601.880111426493,0.15663715783307533,0.007758272694173365,0.007963909499431498,0.24079058456976937,0.05207943305550314,0.058124792104745124,0.60099674442722,0.6541081796352479,0.4006520614338018,0.08665510011229337,0.08886113018363016,False,1e-24,False
UniGCN,real,,45,base,1008.7428024115487,6.267128507225803,7.077686169345374,5865.1466688538485,6518.807399610769,0.1719893566802609,0.0010685373889295269,0.0010857332845526277,0.09590627435520233,0.002601906415625456,0.0029347245124006598,0.21800821601497958,0.2422471471547036,0.43992045854185835,0.011934900726157386,0.01211458853848334,False,1e-24,False
UniGCN,real,,45,restart,2532.277628496406,125.43518290615698,140.17068795075383,16166.632270821217,17599.47562095639,0.156636062853168,0.007758893800816639,0.007964480929411731,0.24075642711057924,0.05207657809671324,0.058121022041189005,0.600915690488721,0.6540188257210983,0.40064926065547324,0.08666203748875266,0.0888675061870074,False,1e-24,False
UniGCN,real,,46,base,982.5342811710217,6.033118901939887,6.7594483351448265,5720.877470589568,6358.239919206188,0.1717453810577359,0.0010545792901448282,0.001063100546855226,0.09341449783642164,0.0025047532947648585,0.002802768905659195,0.2126457123445209,0.23628025602425679,0.4392964090669029,0.011778997409111862,0.0118620529400961,False,1e-24,False
UniGCN,real,,46,restart,2531.960382092334,125.42922768468294,140.16280054418138,16164.699349803648,17597.344318161842,0.1566351669957344,0.007759453174500677,0.007964997331985052,0.24072626489222743,0.05207410568387825,0.05811775157046544,0.6008438435790816,0.6539396238073045,0.40064696919964954,0.08666828534629793,0.08887326819576682,False,1e-24,False
UniGCN,real,,47,base,957.0815916845905,5.810622803320462,6.457473273498152,5580.407023684827,6201.906142857427,0.17150748818544334,0.0010412542989532007,0.0010412078359062326,0.09099458206093586,0.0024123802046356157,0.002677556570109968,0.2074244087247576,0.2304706947037812,0.43868791826559517,0.011630165511700844,0.011617774544183897,False,1e-24,False
UniGCN,real,,47,restart,2531.6801832356764,125.42406765566366,140.1559549322933,16162.985838939065,17595.45499752078,0.15663443675960403,0.0077599565393108375,0.007965463521803866,0.24069962497137112,0.05207196340889624,0.05811491307430587,0.6007801521715515,0.653869414257106,0.40064510137585213,0.08667390761941682,0.08887846993169601,False,1e-24,False
UniGCN,real,,48,base,932.3585570649411,5.598914496606233,6.170780751455109,5443.621541575186,6049.679241378533,0.17127541838537705,0.0010285275076242922,0.0010200178398299645,0.08864403825982341,0.0023244858522466633,0.0025586810574310124,0.20234007569523094,0.22481375005993975,0.43809432192434783,0.011488015136199983,0.011381337025643751,False,1e-24,False
UniGCN,real,,48,restart,2531.432655762517,125.41959434343676,140.15001068511063,16161.466703252478,17593.78004373259,0.15663384408378409,0.007760409166217333,0.00796588398495047,0.24067609128399853,0.052070106236226356,0.05811244832417463,0.600723685713061,0.6538071708509225,0.40064358540868117,0.08667896318158148,0.0888831614504043,False,1e-24,False
UniGCN,real,,49,base,908.3401979224278,5.3973245268756305,5.8984620371184215,5310.411515358823,5901.437133039056,0.17104892818481537,0.0010163665304026698,0.0009994958692512408,0.08636049151631577,0.0022407923018490537,0.0024457655668275024,0.19738864279672286,0.2193048853808604,0.4375149972800237,0.011352184553782526,0.011152353321176646,False,1e-24,False
UniGCN,real,,49,restart,2531.2139482760267,125.41571445177188,140.14484677379028,16160.119784120563,17592.295014547806,0.15663336547562454,0.00776081589290008,0.007966262881443191,0.24065529765835608,0.052068495432330573,0.058110307136112725,0.6006736205648825,0.6537519852837778,0.4006423612078058,0.0866835060666799,0.08888738916928637,False,1e-24,False
UniGCN,real,,50,base,885.0026564479581,5.205234487275365,5.639673569117196,5180.671490927309,5757.062239281469,0.17082778902268286,0.0010047412765683123,0.0009796096228796504,0.08414167354797378,0.002161042811179216,0.002338460320112946,0.19256619028717947,0.2139397312982859,0.4369493597110214,0.011222337669745614,0.010930463013681842,False,1e-24,False
UniGCN,real,,50,restart,2531.0206699445957,125.41234767413843,140.14035880909543,16158.92546563031,17590.978272758377,0.15663298127886183,0.007761181146660267,0.007966604053290126,0.24063692171095225,0.052067097656568626,0.05810844622568443,0.6006292276011401,0.6537030534895898,0.40064137849573983,0.08668758572492383,0.08889119595738557,False,1e-24,False
UniGCN,real,,51,base,862.3231269121463,5.022072372356721,5.39363129505154,5054.299862498187,5616.441258045241,0.17061178607751346,0.0009936237478942263,0.0009603289783055172,0.08198541609889105,0.0020849999023164287,0.0022364402141756873,0.18786894146729202,0.20871407736400865,0.4363968597393983,0.011098161761237301,0.010715329997962784,False,1e-24,False
UniGCN,real,,51,restart,2530.849834368657,125.40942483152412,140.13645668735828,16157.866380166739,17589.81066143545,0.15663267505883038,0.0077615089691210806,0.007966911036433075,0.24062067950969296,0.05206588418808122,0.058106828231888376,0.60058986126547,0.6536596635725965,0.4006405952353146,0.08669124729874067,0.08889462126866411,False,1e-24,False
UniGCN,real,,52,base,840.2797919106536,4.847308426077659,5.159605596563065,4931.1986809513155,5479.464953027999,0.17040071720422928,0.000982987857455893,0.000941625804853779,0.07988964487821643,0.0020124436379093348,0.002139402716686683,0.18329325555633522,0.20362386421854886,0.43585698031132586,0.010979365453470323,0.010506640392554716,False,1e-24,False
UniGCN,real,,52,restart,2530.698810465065,125.4068862866589,140.13306258115765,16156.927148525017,17588.775217234666,0.15663243308589747,0.0077618030417440755,0.007967187075302768,0.2406063209042115,0.052064830267427836,0.058105420884002876,0.6005549499109554,0.6536211851534163,0.40063997630838993,0.08669453190777549,0.08889770130441003,False,1e-24,False
UniGCN,real,,53,base,818.8517637669929,4.680451423960695,4.936916730227818,4811.2734755623605,5346.027957407764,0.170194391968393,0.0009728092671792317,0.0009234737957901888,0.07785237398902253,0.0019431700776497032,0.0020470659756902662,0.1788356210659798,0.19866517629722344,0.43532923432686593,0.010865676905233481,0.010304100667485105,False,1e-24,False
UniGCN,real,,53,restart,2530.565279461413,125.40468059189583,140.13010922210836,16156.094150423323,17587.85691722681,0.15663224390129635,0.007762066711440275,0.007967435139005188,0.2405936254371008,0.052063914535231126,0.05810419628955372,0.6005239872700621,0.6535870599609541,0.4006394924053271,0.08669747693495118,0.08890046919384376,False,1e-24,False
UniGCN,real,,54,base,798.019030574376,4.521045337266587,4.724930723200987,4694.433087891266,5216.0285907176785,0.1699926307678709,0.0009630652418772542,0.0009058483175512806,0.07587170079823162,0.0018769898933466464,0.001959167117755298,0.1744926496259064,0.19383423502497912,0.4348131623933297,0.010756842178571487,0.010107435961984853,False,1e-24,False
UniGCN,real,,54,restart,2530.447197215464,125.40276333493443,140.12753843158353,16155.355321798921,17587.042455268147,0.1566320979521294,0.007762303015751352,0.007967657938393657,0.24058239876143142,0.05206311855295911,0.0581031303250861,0.600496524920109,0.6535567935220401,0.4006391190913867,0.08670011630772662,0.08890295518460808,False,1e-24,False
UniGCN,real,,55,base,777.7624064190708,4.36866633412301,4.523055670779286,4580.589516725583,5089.3686877099835,0.16979526403296913,0.0009537345178325287,0.0008887262739879204,0.07394580120409869,0.0018137271238934972,0.0018754607127793154,0.17026107022033035,0.18912739245676063,0.4343083307793577,0.010652623770932488,0.00991638856972077,False,1e-24,False
UniGCN,real,,55,restart,2530.342761180003,125.40109615232252,140.12529986219323,16154.699975711164,17586.320044409866,0.15663198728446903,0.007762514707228545,0.007967857943466385,0.24057246949993333,0.05206242639336338,0.05810220211432552,0.6004721656262105,0.6535299478187137,0.4006388360217315,0.08670248077039402,0.08890518683688971,False,1e-24,False
UniGCN,real,,56,base,758.063485380601,4.222920078554885,4.330738390040805,4469.657773101481,4965.953438172422,0.16960213149710188,0.0009447971842427242,0.0008720859838820017,0.07207292526277805,0.0017532180539137022,0.0017957173864382918,0.16613772379911504,0.18454112532488537,0.43381432954940935,0.010552799290988246,0.009730716572129514,False,1e-24,False
UniGCN,real,,56,restart,2530.2503814237457,125.39964588544603,140.1233499186705,16154.118644060933,17585.67924227051,0.1566319052852811,0.007762704276754168,0.00796803740067415,0.24056368648980697,0.05206182429007381,0.05810139358072894,0.6004505574579693,0.6535061347988416,0.40063862628130886,0.08670459814456592,0.0889071892165379,False,1e-24,False
UniGCN,real,,57,base,738.9045989501105,4.083439293477709,4.147461389680354,4361.555744532146,4845.691236770736,0.16941308153092774,0.0009362345760677032,0.0008559070702251973,0.07025139313987212,0.0016953102019954998,0.0017197225637451531,0.16211955823112478,0.1800720294590001,0.43333077086059313,0.01045716026180253,0.009550192602992292,False,1e-24,False
UniGCN,real,,57,restart,2530.1686551965677,125.39838385769492,140.12165083168262,16153.6029376729,17585.11079666622,0.156631846465397,0.00776287397564075,0.007968198349836206,0.24055591636451137,0.05206130033750151,0.05810068906344564,0.6004313885887167,0.6534850106395421,0.4006384758297293,0.08670649357600863,0.0889089850838118,False,1e-24,False
UniGCN,real,,58,base,720.2687765483088,3.949881558083299,3.972740121249728,4256.204067666356,4728.4935420875145,0.16922797053366537,0.0009280291770053659,0.0008401703599442499,0.06847959135667303,0.0016398614062386454,0.0016472753292913374,0.1582036235709289,0.17571681454778587,0.4328572874057524,0.010365511037131405,0.009374602729571812,False,1e-24,False
UniGCN,real,,58,restart,2530.096344594266,125.39728525481317,140.12016986216022,16153.145422582209,17584.606509118534,0.15663180627700993,0.007763025836411211,0.007968342640450932,0.2405490414302402,0.0520608442335804,0.05810007498739657,0.6004143826970736,0.6534662706749621,0.40063837303445166,0.08670818976674415,0.0889105950753744,False,1e-24,False
UniGCN,real,,59,base,702.1397088594574,3.8219273137887915,3.806120481376495,4153.526008681485,4614.2747441125675,0.16904666237598642,0.0009201645314849111,0.0008248577929246172,0.0667559693041395,0.0015867389963897755,0.0015781873915552435,0.1543870676129946,0.17147229921473242,0.4323935309884772,0.010277667818442464,0.009203745437500088,False,1e-24,False
UniGCN,real,,59,restart,2530.0323569357893,125.3963285932196,140.11887861715053,16152.739510625644,17584.159114144477,0.1566317809602189,0.007763161692215181,0.007968471947256247,0.2405429578002856,0.05206044705903148,0.0580995395795965,0.6003992949002108,0.6534496449105434,0.4006383082782683,0.08670970719191827,0.08891203787791524,False,1e-24,False
UniGCN,real,,60,base,684.5017137285251,3.699278056133667,3.6471765382858856,4053.4473507864573,4502.952039514608,0.1688690278894869,0.0009126251647047854,0.0008099523393278313,0.06507903600056708,0.0015358190431772906,0.0015122821402167583,0.15066713171015858,0.16733540638307556,0.4319391712172561,0.01019345776178826,0.00903743070820732,False,1e-24,False
UniGCN,real,,60,restart,2529.975727515802,125.39549526341528,140.11775246107356,16152.379362664104,17583.76217248319,0.15663176741401888,0.007763283194874956,0.007968587784947618,0.24053757375523777,0.05206010108780053,0.05809907262503469,0.6003859081566169,0.6534348940551893,0.40063827362931886,0.08671106430136283,0.0889133303923736,False,1e-24,False
UniGCN,real,,61,base,667.3397043955625,3.5816546927778536,3.4955084591838075,3955.8962882730198,4394.445314089973,0.16869494439827576,0.0009053965098618537,0.0007954379243214401,0.0634473570714696,0.0014869856766059693,0.0014493937867577692,0.14704114683549965,0.16330315890744282,0.4314938943073567,0.01011271816500122,0.008875479179060206,False,1e-24,False
UniGCN,real,,61,restart,2529.9256044386425,125.39476913755092,140.1167700086756,16152.05980296206,17583.40997663291,0.15663176308786883,0.007763391831582699,0.007968691522001746,0.24053280830107235,0.05205979962413294,0.058098665256430655,0.6003740300835717,0.6534218060108983,0.4006382625637393,0.08671227770609304,0.08891448788818296,False,1e-24,False
UniGCN,real,,62,base,650.6391598649964,3.46879605014469,3.3507406178531847,3860.8033266088983,4288.677031842331,0.16852429528869045,0.0008984648418212682,0.0007812993594469323,0.061859551932438445,0.0014401304659640553,0.0013893665797871607,0.14350652986878923,0.15937267545191464,0.4310574019802292,0.010035295726827162,0.008717721377566729,False,1e-24,False
UniGCN,real,,62,restart,2529.881235277186,125.39413623187276,140.11591268801507,16151.776243424549,17583.097467264524,0.15663176589058497,0.007763488940290465,0.007968784393584637,0.24052858990074139,0.05205953686243233,0.058098309773028704,0.600363490141027,0.6534101927665869,0.40063826973262573,0.08671336235020455,0.08891552414729893,False,1e-24,False
UniGCN,real,,63,base,634.3860972283973,3.3604575133223684,3.2125198642371,3768.101188115345,4185.5721301990125,0.16835696961357136,0.0008918172165655499,0.0007675222799432089,0.060314291157728094,0.0013951518551548997,0.0013320540875327697,0.1400607800905143,0.15554116659613043,0.4306294104513053,0.00996104587060905,0.008563997022032806,False,1e-24,False
UniGCN,real,,63,restart,2529.8419553325984,125.39358441615643,140.11516436353764,16151.524616545654,17582.820159247458,0.15663177411382104,0.007763575723848571,0.007968867513545367,0.24052485535796866,0.05205930776662698,0.05809799948430799,0.600354137139292,0.6533998876491168,0.40063829076630975,0.08671433166879029,0.08891645159802547,False,1e-24,False
UniGCN,real,,64,base,618.5670457776623,3.256409785634004,3.0805139398851002,3677.724722814798,4085.0579209154703,0.16819286172789827,0.0008854414158386672,0.0007540930874230422,0.058810294019065706,0.0013519546477110966,0.001277318540814717,0.13670147586807407,0.1518059311527727,0.4302096494980165,0.00988983212599564,0.008414154381947462,False,1e-24,False
UniGCN,real,,64,restart,2529.8071772992066,125.39310316340844,140.11451101075562,16151.301316057597,17582.5740761724,0.15663178636783132,0.007763653262956764,0.007968941885513586,0.2405215488346368,0.05205910796625412,0.05809772857509009,0.6003458370329545,0.6533907428900771,0.40063832211005057,0.086715197732597,0.08891728143884052,False,1e-24,False
UniGCN,real,,65,base,603.1690227618176,3.1564377558492125,2.9544100249701177,3589.610824072888,3987.063996260264,0.16803187095291924,0.0008793258964680234,0.0007409988973694072,0.05734632618072783,0.0013104495364978446,0.0012250302305737847,0.1334262715201831,0.148164352681282,0.42979786160069067,0.009821525562899476,0.00826804969214802,False,1e-24,False
UniGCN,real,,65,restart,2529.776382163234,125.39268333410756,140.11394043528392,16151.103144388317,17582.355692386514,0.15663180152757566,0.00776372252799804,0.007969008413130661,0.24051862098548402,0.05205893366688397,0.05809749198903882,0.6003384709678714,0.6533826274717387,0.40063836088618077,0.08671597138020166,0.08891802375255492,False,1e-24,False
UniGCN,real,,66,base,588.1795106550634,3.0603394623727858,2.83391340418135,3503.6983486931586,3891.5221401094136,0.16787390126620005,0.0008734597439058244,0.0007282274909790625,0.055921197538298634,0.0012705526736780245,0.0011750669546910747,0.13023289434678229,0.14461389618401066,0.42939380114975,0.009756004272582738,0.00812554661549183,False,1e-24,False
UniGCN,real,,66,restart,2529.7491111855575,125.39231699009845,140.1134420300332,16150.927266139981,17582.161881672153,0.1566318186875322,0.007763784389827595,0.007969067909452537,0.2405160281958644,0.05205878157285454,0.058097285327981606,0.60033193355196,0.6533754252198904,0.4006384047785244,0.08671666233851733,0.08891868761122937,False,1e-24,False
UniGCN,real,,67,base,573.5864358164661,2.9679251449367343,2.7187462401959985,3419.92804115344,3798.366243611569,0.16771886101527808,0.0008678326295823878,0.0007157672709335569,0.054533760189738975,0.0012321852770058046,0.0011273135094146591,0.1271191418128957,0.14115210497223332,0.4289972337132845,0.009693152891320138,0.007986515749350094,False,1e-24,False
UniGCN,real,,67,restart,2529.7249588372006,125.39199723396112,140.11300656525293,16150.771166893104,17581.989871801754,0.1566318371238393,0.007763839629589808,0.007969121105567703,0.24051373191008937,0.05205864882058304,0.05809710476485202,0.6003261313239419,0.6533690331150418,0.4006384519355627,0.08671727933244283,0.08891928117233341,False,1e-24,False
UniGCN,real,,68,base,559.378148433075,2.879016375364644,2.6086464446577935,3338.242461700056,3707.5322251146667,0.16756666265283868,0.0008624347717087202,0.0007036072207240527,0.05318290652847724,0.0011952732689484832,0.0010816612212168968,0.12408287887588339,0.1377765976905201,0.4286079353596769,0.00963286216258797,0.00785083417175515,False,1e-24,False
UniGCN,real,,68,restart,2529.7035665725734,125.39171807028622,140.1126260068763,16150.632616721996,17581.837204291085,0.1566318562626071,0.007763888947635308,0.00796916865847671,0.24051169803941838,0.05205853292097193,0.05809694696836746,0.6003209813972074,0.6533633597968018,0.40063850088937975,0.08671783018446089,0.08891981176666502,False,1e-24,False
UniGCN,real,,69,base,545.5434036483731,2.793445259892212,2.503366637666238,3258.5859180404796,3618.957954070959,0.16741722249153726,0.000857256899204924,0.0006917368671968695,0.05186756744919577,0.0011597469455161104,0.0010380075153522434,0.12112203544644921,0.13448506548895103,0.4282256920304777,0.009575028534166771,0.007718385023484437,False,1e-24,False
UniGCN,real,,69,restart,2529.6846173395866,125.39147428579892,140.1122933592664,16150.509637878897,17581.701698752044,0.15663187565341866,0.007763932971607887,0.007969211158281204,0.2405098964401075,0.05205843170964033,0.058096809037824715,0.6003164102586314,0.6533583242391846,0.40063855048788327,0.08671832190496383,0.08892028597856563,False,1e-24,False
UniGCN,real,,70,base,532.0713437870044,2.7110537063321907,2.4026731877275123,3180.9044003969902,3532.58317866087,0.167270460476775,0.0008522902184654905,0.0006801462460222428,0.05058671065784589,0.0011255406720123839,0.000996255517778056,0.11823460397457732,0.13127526933352668,0.4278502989592031,0.009519553786930233,0.007589057122761662,False,1e-24,False
UniGCN,real,,70,restart,2529.6678307382053,125.39126134571364,140.11200252901403,16150.400476167264,17581.581421315805,0.15663189494719787,0.007763972263768341,0.007969249134730455,0.24050830045310892,0.05205834330389384,0.058096688446624405,0.6003123527045149,0.6533538545771729,0.400638599838194,0.08671876077405648,0.08892070971896612,False,1e-24,False
UniGCN,real,,71,base,518.9514815948007,2.6316927500805583,2.30634532495317,3105.1455197035857,3448.349456897409,0.16712629997589915,0.00084752638270292,0.0006688258698201264,0.04933933907819265,0.0010925926032144938,0.0009563136874472016,0.11541863715230374,0.12814503744592098,0.42748156013214406,0.009466344692432418,0.0074627446096051835,False,1e-24,False
UniGCN,real,,71,restart,2529.6529587497594,125.39107530407368,140.11174820691025,16150.303575580347,17581.474656658575,0.15663191387774633,0.007764007327618785,0.007969283063172758,0.24050688649803464,0.05205826606550053,0.05809658299333159,0.6003087508978974,0.6533498870671598,0.4006386482594203,0.08671915241554554,0.08892108829179252,False,1e-24,False
UniGCN,real,,72,base,506.1736844203609,2.5552219335860324,2.2141743210306295,3031.258448746165,3366.2000909919975,0.16698466758244654,0.0008429574636379033,0.0006577666987045106,0.048124489347877566,0.0010608444257491972,0.0009180954762872292,0.11267224572588996,0.12509226286443206,0.42711928778765307,0.009415312696704642,0.007339346617162161,False,1e-24,False
UniGCN,real,,72,restart,2529.63978196885,125.39091272614928,140.11152576561784,16150.21755583018,17581.379883216374,0.15663193224636515,0.007764038613887496,0.007969313369957487,0.24050563371490502,0.05205819856847313,0.0580964907592458,0.6003055535333071,0.6533463651658992,0.4006386952433231,0.08671950186378669,0.08892142645424193,False,1e-24,False
UniGCN,real,,73,base,493.72815927092313,2.4815087344579037,2.1259627301427013,2959.1938660620535,3286.0800647799706,0.16684549293417933,0.0008385759253279918,0.0006469601130321368,0.04694123039760494,0.0010302411206619278,0.0008815190144517357,0.10999359641056138,0.12211490111863443,0.42676330195071005,0.009366373627937907,0.0072187669676392835,False,1e-24,False
UniGCN,real,,73,restart,2529.628106277951,125.39077062123927,140.11133117091399,16150.141192435784,17581.29575122317,0.15663194990906634,0.007764066525930334,0.00796934043733188,0.24050452364798608,0.05205813957117052,0.05809641007159821,0.6003027150966368,0.6533432387143737,0.4006387404216048,0.086719813624015,0.08892172847142078,False,1e-24,False
UniGCN,real,,74,base,481.6054386810878,2.4104280378767844,2.0415236855925634,2888.903902429399,3207.935984019616,0.16670870854377878,0.0008343745999476672,0.0006363978881631198,0.04578866210760998,0.0010007307443790248,0.0008465068186696923,0.10738090990151157,0.11921096801081583,0.4264134299998646,0.009319447425961304,0.007100913890682356,False,1e-24,False
UniGCN,real,,74,restart,2529.617759912048,125.39064638445348,140.1111609046681,16150.073399077268,17581.22106324893,0.1566319667659577,0.007764091424601057,0.007969364607874181,0.24050353996671026,0.05205808799212764,0.0580963394716149,0.600300195209244,0.6533404632145656,0.40063878353875765,0.08672009172674343,0.08892199816580973,False,1e-24,False
UniGCN,real,,75,base,469.796367338201,2.3418616494072326,1.9606802474051965,2820.3420897901183,3131.716019392961,0.16657424964117098,0.0008303466653513323,0.0006260721710601483,0.04466591403606637,0.0009722642264434982,0.0008129855217318885,0.10483245897536214,0.11637853749781399,0.4260695062639312,0.009274457891634506,0.006985699762270679,False,1e-24,False
UniGCN,real,,75,restart,2529.608590867052,125.39053774625263,140.1110118979761,16150.01321195673,17581.154756951506,0.15663198275245035,0.007764113632638964,0.0079693861885026,0.24050266821928082,0.05205804288910615,0.05809627768679129,0.6002979580466432,0.6533379991884939,0.4006388244295739,0.08672033977677003,0.08892223896199553,False,1e-24,False
UniGCN,real,,76,base,458.29208941291586,2.275697844697168,1.8832647966341114,2753.463312461982,3057.3698520493585,0.16644205402654833,0.0008264856242672706,0.0006159754585699721,0.04357214421453881,0.0009447951825649784,0.0007808856213434734,0.10234656667670983,0.11361573966734746,0.4257313716460424,0.009231332454457192,0.00687304086238234,False,1e-24,False
UniGCN,real,,76,restart,2529.6004646112524,125.39044272869299,140.11088147308655,16149.959775936448,17581.095889789147,0.15663199783199303,0.007764133438618567,0.007969405454096917,0.24050189561508842,0.052058003440928605,0.058096223606812145,0.6002959718232612,0.6533358116101121,0.40063886300056134,0.08672056099729333,0.08892245392708079,False,1e-24,False
UniGCN,real,,77,base,447.08403654771826,2.2118309528925275,1.8091184725103047,2688.223760506231,2984.8486215447597,0.1663120619332395,0.0008227852849853571,0.000606100577246033,0.042506538005991405,0.0009182797416671327,0.0007501412467407964,0.09992160458479522,0.11092075880337275,0.4253988732728928,0.009190001956862736,0.006762857149855587,False,1e-24,False
UniGCN,real,,77,restart,2529.5932620640033,125.39035960746816,140.11076729294325,16149.912332251348,17581.04362546974,0.1566320119900843,0.007764151100502498,0.007969422650767109,0.24050121083253445,0.052057968931719496,0.05809617626262969,0.6002942083357078,0.6533338694017452,0.4006388992146279,0.08672075826959615,0.08892264580715536,False,1e-24,False
UniGCN,real,,78,base,436.163916460048,2.150160970901785,1.7380906489346626,2624.5808851269744,2914.104876040231,0.1661842158996547,0.0008192397434144088,0.0005964406645846014,0.04146830702122887,0.0008926763857429299,0.0007206899416217978,0.0975559911556929,0.10829183153539829,0.425071864167196,0.009150400453809928,0.006655072053022021,False,1e-24,False
UniGCN,real,,78,restart,2529.586877810123,125.39028687896639,140.11066731732814,16149.870207616208,17580.99722193844,0.1566320252293533,0.007764166848835286,0.007969437998800837,0.24050060384926505,0.05205793873722849,0.058096134808278466,0.6002926425578892,0.6533321449876942,0.4006389330784983,0.08672093416871804,0.08892281706018419,False,1e-24,False
UniGCN,real,,79,base,425.5237021201329,2.0905932059183363,1.6700384471407783,2562.493355987591,2845.092524633118,0.1660584606496024,0.0008158433663967948,0.0005869891515588351,0.04045668808997852,0.0008679458014416497,0.0006924724620742666,0.09524819013575692,0.10572724506704992,0.4247502029415545,0.009112465026417504,0.006549612274822025,False,1e-24,False
UniGCN,real,,79,restart,2529.5812185222167,125.39022323166954,140.1105797647273,16149.832804568412,17580.956020728332,0.15663203756553176,0.007764180889612651,0.00796945169531929,0.24050006579217328,0.05205791231295622,0.058096098505063316,0.6002912522820472,0.653330613898494,0.40063896463241183,0.08672109099550361,0.08892296988564127,False,1e-24,False
UniGCN,real,,80,base,415.1556214668084,2.033037943853099,1.6048262816467997,2501.9210203375455,2777.766791703138,0.16593474298033511,0.0008125907761783834,0.0005777397463459592,0.03947094228312128,0.0008440507424129598,0.0006654325883072148,0.09299670904235956,0.10322533547951386,0.42443375351209955,0.009076135608503079,0.006446407611232968,False,1e-24,False
UniGCN,real,,80,restart,2529.5762015665114,125.3901675213116,140.11050307916094,16149.799592905552,17580.91943751866,0.1566320490241705,0.0077641934068577705,0.007969463916668506,0.24049958880484892,0.05205788918384094,0.058096066707805566,0.6002900178004936,0.6533292544200444,0.4006389939417232,0.08672123080537775,0.08892310625119186,False,1e-24,False
UniGCN,real,,81,base,405.0521476274612,1.977410141548466,1.5423254368764958,2442.824863850519,2712.0841731639166,0.16581301165773915,0.0008094768359413045,0.000568686419152404,0.03851035398285233,0.0008209559015242354,0.0006395169490990801,0.09080009770823985,0.10078448610578837,0.4241223848304033,0.009041354824993054,0.006345390781948439,False,1e-24,False
UniGCN,real,,81,restart,2529.571753770635,125.39011874929469,140.1104359013212,16149.770102093244,17580.88695376318,0.1566320596379738,0.0077642045649332385,0.007969474820571022,0.24049916593042486,0.05205786893529751,0.05809603885287555,0.6002889216234084,0.6533280472825096,0.40063902109008465,0.08672135543416883,0.08892322791670061,False,1e-24,False
UniGCN,real,,82,base,395.2059896108378,1.923629140840914,1.48241367206463,2385.1669730815993,2648.0023945179487,0.16569321731813086,0.0008064966363154084,0.0005598233880504075,0.037574229997799406,0.0007986277921487218,0.000614674857973863,0.08865694688603287,0.09840312597195287,0.42381597063229004,0.009008067841263984,0.006246497272343353,False,1e-24,False
UniGCN,real,,82,restart,2529.567810334369,125.39007604392818,140.11037704345043,16149.743914532653,17580.858109266817,0.15663206944464855,0.007764214510614842,0.00796948454806075,0.24049879100801697,0.052057851205428565,0.05809601444777592,0.6002879482285918,0.6533269753844573,0.4006390461739441,0.08672146652127147,0.0889233364558209,False,1e-24,False
UniGCN,real,,83,base,385.61008344383146,1.8716184027156189,1.424974852272963,2328.9104994575723,2585.4803706198754,0.1655753123761708,0.0008036454827918627,0.00055114510574734,0.03666189872035231,0.0007770346377952419,0.0005908581602038968,0.08656588690978431,0.09607972830192035,0.4235143892022958,0.008976222222560231,0.0061496651858463595,False,1e-24,False
UniGCN,real,,83,restart,2529.564313866649,125.39003864411644,140.11032546746725,16149.720659590143,17580.832495602783,0.15663207848517957,0.00776422337495085,0.00796949322522189,0.2404984585811668,0.05205783567825213,0.058095993062071825,0.6002870838395463,0.6533260235482302,0.40063906929813403,0.08672156553041363,0.08892343327539749,False,1e-24,False
UniGCN,real,,84,base,376.25758372551564,1.8213052599547181,1.369898603533447,2274.0196247201,2524.4781670592433,0.16545925093844677,0.000800918883969128,0.0005426462472160089,0.03577270932366227,0.0007561462694158586,0.0005680210898168267,0.08452558641046934,0.0938128090823717,0.42321752315262795,0.008945767802708816,0.00605483510591906,False,1e-24,False
UniGCN,real,,84,restart,2529.561213534045,125.3900058851705,140.11028026591538,16149.700008302281,17580.8097502746,0.15663208680245708,0.007764231274928306,0.007969500964750896,0.24049816381688335,0.05205782207781111,0.0580959743194914,0.6002863162286614,0.6533251783029996,0.4006390905723606,0.08672165376826815,0.08892351963289498,False,1e-24,False
UniGCN,real,,85,base,367.1418555736622,1.7726206868233028,1.317079990306702,2220.4595277468825,2464.95696307977,0.16534498872231368,0.0007983125405676702,0.0005343216981204873,0.034906030995956676,0.0007359340297870451,0.0005461201358555019,0.0825347510827311,0.09160092568478864,0.42292525921557095,0.008916656561420537,0.0059619499669116465,False,1e-24,False
UniGCN,real,,85,restart,2529.5584643077236,125.38997718646279,140.11024064536537,16149.681668679636,17580.78955153847,0.15663209444019555,0.007764238314965772,0.007969507867358807,0.24049790243404803,0.052057810163047974,0.05809595789104338,0.600285634542654,0.6533244276923582,0.4006391101084381,0.08672173240112568,0.08892359665204495,False,1e-24,False
UniGCN,real,,86,base,358.2564669407847,1.7254990844655902,1.266419213598744,2168.1963526807713,2406.879015957474,0.1652324829796131,0.0007958223351552881,0.0005261665439776802,0.034061252209986535,0.0007163706844132071,0.0005251139172037003,0.080592122500236,0.0894426755416999,0.4226374880483734,0.008888842509528264,0.005870954933127889,False,1e-24,False
UniGCN,real,,86,restart,2529.5560262974136,125.38995204068277,140.1102059119493,16149.665381541357,17580.771613811,0.15663210144209114,0.007764244588250118,0.007969514023029702,0.24049767064009112,0.052057799723344005,0.05809594348901917,0.6002850291477405,0.653323761103665,0.4006391280181343,0.08672180246982583,0.08892366533688784,False,1e-24,False
UniGCN,real,,87,base,349.59518127838845,1.6798780807995248,1.2178213282189292,2117.19717830129,2350.207626764948,0.16512169242492677,0.0007934443225299197,0.000518176059999965,0.03323778002557965,0.0006974303384494777,0.0005049630653486552,0.07869647697720933,0.08733669487443813,0.42235410404973256,0.00886228158156883,0.005781797285489547,False,1e-24,False
UniGCN,real,,87,restart,2529.5538641622397,125.38993000448212,140.11017545875106,16149.650916820323,17580.75568359585,0.15663210785117573,0.0077642501779332535,0.007969519512149541,0.2404974650749771,0.052057790574635505,0.058095930861764275,0.600284491492298,0.6533231691166745,0.4006391444115175,0.08672186490312392,0.08892372658436845,False,1e-24,False
UniGCN,real,,88,base,341.1519505296163,1.6356983438026842,1.1711959777888195,2067.429988577156,2294.907107453642,0.165012577168044,0.0007911747207112936,0.000510345701568872,0.03243503942341607,0.0006790883591841428,0.00048563011450390616,0.076846624473869,0.08528165746987583,0.4220750051870569,0.008836931535165356,0.0056944263152418914,False,1e-24,False
UniGCN,real,,88,restart,2529.551946589497,125.38991069032764,140.11014875481024,16149.638070285533,17580.74153587048,0.15663211370933056,0.007764255158203102,0.007969524406518325,0.24049728276164897,0.052057782556031384,0.05809591978911881,0.6002840139850353,0.653322643369264,0.40063915939571304,0.08672192052965308,0.08892378119562962,False,1e-24,False
UniGCN,real,,89,base,332.92090843186224,1.592903407176926,1.126457146226486,2018.8636443422265,2240.942749190209,0.16490509865035113,0.0007890099024968651,0.0005026710952939536,0.03165247266827371,0.000661321303660315,0.0004670793985636022,0.07504140754361695,0.08327627350376395,0.42180009283376085,0.008812751856712302,0.005608793224188772,False,1e-24,False
UniGCN,real,,89,restart,2529.5502458334727,125.38989375940429,140.1101253355321,16149.626660634489,17580.72897088092,0.15663211905693003,0.007764259595241811,0.007969528770257334,0.24049712106218157,0.052057775526866745,0.05809591007844105,0.6002835898869163,0.6533221764383228,0.4006391730739921,0.08672197008862692,0.08892382988613523,False,1e-24,False
UniGCN,real,,90,base,324.89636411219016,1.5514395074648935,1.0835229245349711,1971.4678560408236,2188.2807918868634,0.1647992195848728,0.0007869463875411862,0.0004951480306147981,0.030889538700112452,0.0006441068510520432,0.0004492769544025909,0.07327970031997957,0.08131928840844115,0.42152927161590026,0.008789703672906922,0.005524851030988054,False,1e-24,False
UniGCN,real,,90,restart,2529.54873730735,125.38987891543033,140.1101047943199,16149.616526913624,17580.7178112982,0.1566321239325907,0.007764263548082758,0.007969532660622,0.2404969776389821,0.05205776936413512,0.05809590156113787,0.6002832132152776,0.6533217617340814,0.4006391855451294,0.08672201423941171,0.08892387329474015,False,1e-24,False
UniGCN,real,,91,base,317.07279595955873,1.5112554317690654,1.0423152918182397,1925.2131574916643,2136.8883948693265,0.16469490389971614,0.0007849808349211892,0.0004877724519075684,0.030145712551475634,0.0006274237394422517,0.00043219043107586077,0.07156040754140983,0.07940948178281763,0.4212624492675119,0.008767749667708092,0.005442554483076563,False,1e-24,False
UniGCN,real,,91,restart,2529.5473992220504,125.38986589926667,140.1100867752735,16149.607526229685,17580.707899695644,0.15663212837300466,0.007764267069376911,0.007969536128730009,0.24049685042045268,0.052057763960250435,0.05809589408963716,0.6002828786587593,0.6533213934063651,0.4006391969029772,0.08672205357008612,0.0889239119918144,False,1e-24,False
UniGCN,real,,92,base,309.4448457589292,1.472302375294467,1.0027599095340078,1880.0708806226553,2086.7336086292567,0.16459211668468854,0.0007831100361529239,0.0004805404510605958,0.029420484789790025,0.0006112517066791414,0.00041578900450658257,0.0698824636121764,0.07754566634265961,0.4209995364940706,0.008746854004337593,0.005361859973828707,False,1e-24,False
UniGCN,real,,92,restart,2529.5462122665695,125.38985448421683,140.11007096681553,16149.599531719154,17580.699096310644,0.15663213241283977,0.007764270206077913,0.007969539220213264,0.24049673757059864,0.052057759221095755,0.05809588753474507,0.6002825815018292,0.6533210662614181,0.4006392072362103,0.08672208860509327,0.0889239464865178,False,1e-24,False
UniGCN,real,,93,base,302.0073130733133,1.434533808000102,0.9647859280711436,1836.0131311316156,2037.7853476111743,0.16449082414087796,0.0007813309086280531,0.00047344826048638,0.02871336098323874,0.0005955714350142333,0.00040004329728446884,0.06824483169766993,0.0757266869093169,0.4207404468435241,0.008726982251969826,0.005282725464584536,False,1e-24,False
UniGCN,real,,93,restart,2529.5451593250214,125.38984447192757,140.11005709612706,16149.592430746477,17580.691277058704,0.15663213608469367,0.007764273000054387,0.007969541975801525,0.24049663746212627,0.0520577550643213,0.05809588178333869,0.6002823175578099,0.6533207756881031,0.40063921662820806,0.08672211981207975,0.0889239772333121,False,1e-24,False
UniGCN,real,,94,base,294.7551498607318,1.3979053497022882,0.9283258048107145,1793.012765030608,1990.0133639867825,0.16439099353299924,0.0007796404894409243,0.00046649224653994855,0.028023861188968307,0.0005803644992493661,0.0003849253032257654,0.0666465028525528,0.07395141943514347,0.42048509658440214,0.008708101316784034,0.005205110411211928,False,1e-24,False
UniGCN,real,,94,restart,2529.544225226146,125.38983568881343,140.11004492428773,16149.586123305324,17580.68433177136,0.1566321394190891,0.007764275488637103,0.007969544431844696,0.24049654865262715,0.05205775141786009,0.05809587673635096,0.6002820831094541,0.6533205175924206,0.40063922515704264,0.08672214760800713,0.08892400463778875,False,1e-24,False
UniGCN,real,,95,base,287.6834553138922,1.3623746530259817,0.8933151328948561,1751.0433660339838,1943.388222372255,0.16429259314432587,0.000778035929579337,0.0004596689033158821,0.027351519462470723,0.0005656133181419203,0.0003704083163731836,0.06508649518027018,0.07221877006395976,0.4202334045905402,0.008690179377078765,0.005128975694893938,False,1e-24,False
UniGCN,real,,95,restart,2529.5433965215348,125.3898279829365,140.11003424203142,16149.58052059991,17580.67816263254,0.15663214244450044,0.007764277705107763,0.007969546620780144,0.24049646986349316,0.05205774821863247,0.05809587230701082,0.6002818748562114,0.6533202883394011,0.4006392328955467,0.08672217236461141,0.0889240290618832,False,1e-24,False
UniGCN,real,,96,base,280.78747091116765,1.3279012936483512,0.8596924799870678,1710.0792237524863,1897.881275446559,0.16419559223404046,0.0007765144884542198,0.00045297484679845837,0.02669588338705507,0.0005513011088375473,0.00035646686413872374,0.06356385302252202,0.07052767422499868,0.41998529223198844,0.008673185822171756,0.005054283556856228,False,1e-24,False
UniGCN,real,,96,restart,2529.542661289257,125.38982122128321,140.11002486603746,16149.575543785953,17580.672682790995,0.15663214518740565,0.007764279679135642,0.007969548571550704,0.24049639996124617,0.05205774541141557,0.05809586841930534,0.6002816898674306,0.6533200847015422,0.4006392399114467,0.08672219441328,0.08892405082853898,False,1e-24,False
UniGCN,real,,97,base,274.0625756681796,1.2944466673227961,0.8273992363618902,1670.095312657894,1853.4646404312157,0.16409996099684832,0.0007750735287453341,0.00044640680934133846,0.026056513622391433,0.0005374118441179148,0.0003430766443148769,0.0620776461773764,0.06887709575886375,0.41974068327171016,0.008657091194829636,0.004980997536771526,False,1e-24,False
UniGCN,real,,97,restart,2529.5420089599766,125.38981528738739,140.11001663569022,16149.571122853464,17580.667815129,0.15663214767235456,0.007764281437167496,0.007969550309978493,0.24049633794100592,0.05205774294785644,0.05809586500663611,0.6002815255408315,0.6533199038130516,0.4006392462675369,0.08672221404940679,0.0889240702258787,False,1e-24,False
UniGCN,real,,98,base,267.5042815799434,1.2619738932116777,0.7963794717116051,1631.067271784598,1810.1111763940614,0.1640056705247106,0.0007737105115418787,0.000439961634455006,0.0254329834711727,0.000523930212267625,0.00033021446570029284,0.06062696914477464,0.06726602607410796,0.4194995037677013,0.008641867136991489,0.004909082414597983,False,1e-24,False
UniGCN,real,,98,restart,2529.5414301629553,125.38981007925436,140.11000941024642,16149.567195635093,17580.663491169566,0.15663214992205118,0.007764283002775748,0.007969551859099118,0.24049628291184905,0.052057740785610256,0.05809586201064469,0.6002813795656463,0.6533197431292374,0.40063925202189044,0.08672223153628114,0.08892408751093317,False,1e-24,False
UniGCN,real,,99,base,261.10822924415754,1.2304477230926534,0.7665798001031281,1592.9713851363679,1767.7944623415956,0.1639126927705642,0.0007724229917584613,0.00043363627188181556,0.02482487846299853,0.0005108415793796582,0.00031785819210488193,0.059210940398248424,0.06569348333311774,0.4192616819801919,0.008627486338568099,0.004838504155626675,False,1e-24,False
UniGCN,real,,99,restart,2529.540916589662,125.38980550754788,140.11000306635898,16149.56370692611,17580.659650106594,0.15663215195744332,0.007764284396969287,0.007969553239460471,0.24049623408384152,0.05205773888758751,0.05809585938018588,0.6002812498899085,0.6533196003904678,0.4006392572280884,0.08672224710855934,0.08892410291297534,False,1e-24,False
UniGCN,real,,100,base,254.8701836567832,1.1998344560369631,0.7379492525599822,1555.7845627682539,1726.4887760663996,0.16382100051390475,0.0007712086138083682,0.00042742777294000846,0.024231795954639875,0.0004981319539325946,0.0003059866895166153,0.05782870168173177,0.06415851166605624,0.41902714828361354,0.008613922489115048,0.004769229858530226,False,1e-24,False
UniGCN,real,,100,restart,2529.540460872965,125.38980149400656,140.10999749591195,16149.560607703292,17580.656237944135,0.156632153797818,0.0077642856384709325,0.007969554469389722,0.24049619075655285,0.05205773722129666,0.058095857070429975,0.600281134691419,0.653319473590185,0.4006392619354639,0.08672226097536366,0.08892411663649935,False,1e-24,False
UniGCN,real,,101,base,248.7860301715883,1.1701018581886407,0.7104391567825038,1519.484322515162,1686.1690737178726,0.1637305673281179,0.0007700651075173993,0.0004213332861194283,0.02365334474589241,0.00048578795348556893,0.0002945797762281552,0.05647941733040996,0.06266018041168589,0.4187958350830373,0.008601150232192788,0.0047012277062199,False,1e-24,False
UniGCN,real,,101,restart,2529.5400564801225,125.38979797006024,140.10999260412686,16149.557854431605,17580.653206732382,0.15663215546089956,0.007764286743965067,0.007969555565231943,0.24049615230888235,0.05205773575826961,0.058095855042077586,0.6002810323519749,0.6533193609465135,0.4006392661893527,0.08672227332304835,0.08892412886388318,False,1e-24,False
UniGCN,real,,102,base,242.85177061582553,1.141219087301669,0.6840030235545986,1484.0487723401409,1646.8109700661885,0.1636413675494517,0.0007689902842627763,0.0004153500529129383,0.023089144710274442,0.00047379677334857226,0.00028361817573602737,0.05516227361460323,0.06119758338395213,0.41856767673481104,0.008589145122240628,0.004634466919332646,False,1e-24,False
UniGCN,real,,102,restart,2529.539697617981,125.38979487562027,140.10998830790643,16149.555408448838,17580.650513889603,0.1566321569629478,0.00776428772831858,0.007969556541563264,0.24049611819004557,0.05205773447355952,0.05809585326067289,0.6002809414344976,0.653319260877062,0.4006392700313448,0.08672228431766732,0.08892413975776697,False,1e-24,False
UniGCN,real,,103,base,237.06351955466764,1.1131566217177788,0.6585964394176358,1449.456593276802,1608.3907194309224,0.1635533762475326,0.0007679820333227459,0.0004094754038686937,0.022538826439867873,0.0004621461570963593,0.0002730834722384278,0.053876478105734406,0.059769838163266885,0.4183426094711437,0.008577883583804081,0.004568917712182436,False,1e-24,False
UniGCN,real,,103,restart,2529.5393791489773,125.38979215802266,140.1099845343855,16149.553235419298,17580.648121600163,0.1566321583188553,0.007764288604778057,0.007969557411381311,0.24049608791158852,0.05205773334530203,0.05809585169600272,0.600280860662725,0.6533191719765536,0.40063927349953293,0.08672229410717676,0.08892414946317796,False,1e-24,False
UniGCN,real,,104,base,231.41750069744796,1.0858861934911794,0.6341769652218036,1415.687022941613,1570.8851972472564,0.1634665691973305,0.0007670383184235521,0.000403706754849498,0.022002030903641345,0.00045082436880402834,0.00026295806857008845,0.05262125906347887,0.05837608541148547,0.4181205713283964,0.008567342872966666,0.004504551251022247,False,1e-24,False
UniGCN,real,,104,restart,2529.5390965167358,125.38978977110368,140.1099812196631,16149.551304848936,17580.64599628029,0.1566321595422429,0.00776428938514565,0.007969558186275268,0.24049606104031346,0.05205773235433148,0.058095850321570906,0.6002807889031895,0.6533190929969728,0.40063927662875704,0.08672230282339938,0.088924158109428,False,1e-24,False
UniGCN,real,,105,base,225.91004343915307,1.059380725388126,0.6107040401925737,1382.719839593022,1534.27188224403,0.1633809228524887,0.0007661571744713918,0.00039804160348644107,0.02147840911863248,0.00043982016689130606,0.0002532251464239522,0.051395864843240296,0.05701548820962034,0.4179015020788656,0.008557501040847883,0.004441339614473827,False,1e-24,False
UniGCN,real,,105,restart,2529.5388456801134,125.38978767439164,140.10997830769261,16149.549589654856,17580.64410810373,0.1566321606455511,0.007764290079935996,0.007969558876577763,0.24049603719200857,0.05205773148384534,0.058095849114138,0.6002807251492167,0.6533190228299381,0.40063927945083777,0.08672231058377715,0.08892416581180833,False,1e-24,False
UniGCN,real,,106,base,220.5375795309802,1.033614271509114,0.5881388911751376,1350.5353467155298,1498.5288392091795,0.1632964143199379,0.0007653367044578577,0.0003924775258149298,0.02096762183340094,0.0004291227794708276,0.0002438686287198664,0.050199563323138664,0.05568723141738296,0.41768534316584893,0.00854833689903893,0.004379255755992601,False,1e-24,False
UniGCN,real,,106,restart,2529.5386230547797,125.38978583240014,140.10997574931068,16149.548065783181,17580.642430580745,0.15663216164012875,0.007764290698516169,0.007969559491500472,0.2404960160258934,0.05205773071911082,0.05809584805331869,0.6002806685067209,0.6533189604910573,0.40063928199480364,0.08672231749293449,0.08892417267310262,False,1e-24,False
UniGCN,real,,107,base,215.2966398741182,1.0085619612997512,0.5664444467428907,1319.1143581078943,1463.6347023193196,0.16321302133571988,0.0007645750765281701,0.00038701217308204425,0.020469339223197,0.00041872188110328576,0.0002348731439901277,0.04903164134973706,0.0543905210536899,0.4174720376418067,0.008539829986856665,0.0043182734682442195,False,1e-24,False
UniGCN,real,,107,restart,2529.5384254614273,125.38978421400927,140.10997350138643,16149.546711869774,17580.640940184294,0.15663216253631682,0.0077642912492304735,0.007969560039255183,0.24049599723969514,0.052057730047207956,0.058095847121228984,0.6002806181815946,0.6533189051060357,0.40063928428710516,0.08672232364407215,0.08892417878493786,False,1e-24,False
UniGCN,real,,108,base,210.18385143123234,0.9841999467331747,0.5455852558774984,1288.4381834556814,1429.5686590113405,0.16313072224195077,0.0007638705212022525,0.0003816432687149238,0.019983240596320784,0.00040860757086930025,0.00022622399266060886,0.047891404201771626,0.05312458369731099,0.41726153010943773,0.008531960540304742,0.004258367349277875,False,1e-24,False
UniGCN,real,,108,restart,2529.5382500798796,125.38978279192489,140.10997152607723,16149.545508939062,17580.639616018234,0.15663216334352784,0.007764291739511766,0.007969560527161875,0.2404959805652854,0.05205772945680512,0.05809584630217765,0.6002805734685136,0.6533188558983463,0.40063928635181806,0.08672232912021047,0.0889241842289902,False,1e-24,False
UniGCN,real,,109,base,205.19593425043232,0.9605053524623479,0.5255274109478528,1258.4886143693204,1396.310434374969,0.16304949596485965,0.0007632213287393912,0.00037636860544059097,0.019509014111175893,0.0003987703516742854,0.00021790711511439709,0.04677817507118437,0.05188866590687706,0.41705376666550553,0.008524709462638492,0.004199512770389357,False,1e-24,False
UniGCN,real,,109,restart,2529.5380944084127,125.38978154220497,140.10996979017634,16149.544440136591,17580.638439522674,0.15663216407032085,0.007764292175980688,0.007969560961745165,0.24049596576481258,0.05205772893796235,0.058095845582395673,0.6002805337409955,0.6533188121782797,0.40063928821083494,0.08672233399529797,0.08892418907806116,False,1e-24,False
UniGCN,real,,110,base,200.32969859678565,0.937456228754832,0.5062384747335453,1229.2479108697307,1363.8402760462268,0.16296932199384112,0.0007626258466378462,0.00037118604254827466,0.01904635650354788,0.000389201110708509,0.00020990906143246945,0.045691294560792246,0.050682033659501725,0.4168486948472583,0.008518058296437127,0.004141685845574121,False,1e-24,False
UniGCN,real,,110,restart,2529.5379562277026,125.38978044384511,140.1099682645418,16149.543490491618,17580.637394212434,0.1566321647244717,0.00776429256453416,0.007969561348820388,0.24049595262727438,0.05205772848195933,0.05809584494979952,0.6002804984425762,0.653318773333226,0.40063928988404507,0.08672233833519954,0.08892419339703814,False,1e-24,False
UniGCN,real,,111,base,195.58204218669943,0.9150315070357694,0.4876874112553844,1200.6987883044208,1332.1389395826843,0.16289018036146488,0.0007620824772613793,0.0003660935032858967,0.018594972823662948,0.0003798911009899956,0.00020221696271293906,0.04463012019795701,0.04950397180730724,0.4166462635812967,0.008511989197093525,0.004084863402477333,False,1e-24,False
UniGCN,real,,111,restart,2529.5378335688683,125.38977947841566,140.10996692359623,16149.542646706295,17580.63646544481,0.15663216531303867,0.007764292910424244,0.00796956169357042,0.24049594096547935,0.05205772808114465,0.05809584439378365,0.6002804670789731,0.6533187388190438,0.4006392913895025,0.08672234219857752,0.08892419724375154,False,1e-24,False
UniGCN,real,,112,base,190.94994752074248,0.8932109578769482,0.4698445201911606,1172.8244046777702,1301.1876743022774,0.16281205162439075,0.0007615896755851998,0.0003610889723829428,0.018154576182605884,0.0003708319239229628,0.0001948185038769046,0.043594025963650196,0.04835378355117704,0.41644642313475766,0.008506484907637843,0.004029022954754122,False,1e-24,False
UniGCN,real,,112,restart,2529.53772468513,125.38977862974413,140.10996574488834,16149.541896968474,17580.63564021337,0.15663216584242334,0.007764293218328489,0.007969562000614208,0.24049593061335225,0.052057727728804036,0.05809584390503876,0.600280439211127,0.6533187081523972,0.40063929274358134,0.08672234563767721,0.0889242006697395,False,1e-24,False
UniGCN,real,,113,base,186.43047931070683,0.8719751512810013,0.4526813746693569,1145.6083483799575,1270.9682095683006,0.16273491684513677,0.000761145947054323,0.00035617049369245476,0.01772488750769779,0.00036201551280912175,0.00018770189787494678,0.042582401836335944,0.04723078993108862,0.4162491250686801,0.008501528734816709,0.003974142675758979,False,1e-24,False
UniGCN,real,,113,restart,2529.537628026702,125.38977788363684,140.10996470870887,16149.541230785531,17580.634906964868,0.15663216631842752,0.007764293492412586,0.007969562274067924,0.2404959214235472,0.052057727419044734,0.05809584347539252,0.6002804144490258,0.6533186809039533,0.4006392939611217,0.08672234869902679,0.08892420372093016,False,1e-24,False
UniGCN,real,,114,base,182.02078199692818,0.8513054191201499,0.43617076224695145,1119.0346262996918,1241.4627415039947,0.16265875757465675,0.0007607498455478172,0.0003513361679453575,0.017305635306455208,0.0003534341172534743,0.00018085586121389184,0.041594653350119706,0.04613432933241085,0.41605432219344135,0.00849710452635512,0.003920201373488587,False,1e-24,False
UniGCN,real,,114,restart,2529.537542218516,125.38977722763542,140.1099637977538,16149.540638836746,17580.634255436664,0.15663216674630562,0.007764293736386255,0.0079695625175995,0.2404959132653295,0.05205772714669444,0.058095843097669894,0.6002803924462173,0.6533186566923392,0.4006392950555634,0.08672235142406155,0.08892420643825022,False,1e-24,False
UniGCN,real,,115,base,177.71807735208506,0.8311838195984508,0.42028662888992213,1093.087652306603,1212.6539201208743,0.1625835558356819,0.0007603999714428296,0.00034658415061077693,0.016896555438771183,0.0003450802884102023,0.00017426959072862865,0.040630201166637354,0.04506375700757624,0.4158619685261475,0.008493196649332806,0.0038671784667072915,False,1e-24,False
UniGCN,real,,115,restart,2529.53746604048,125.38977665080323,140.10996299682952,16149.540112842265,17580.633676512392,0.15663216713081313,0.007764293953553024,0.007969562734477284,0.24049590602269874,0.052057726907212616,0.05809584276557095,0.6002803728949384,0.6533186351787794,0.4006392960390703,0.08672235384967983,0.08892420885816786,False,1e-24,False
UniGCN,real,,116,base,173.51966216788827,0.8115931036153574,0.4050040257866388,1067.7522360897553,1184.5248368456607,0.16250929410678586,0.0007600949697726833,0.00034191264985641606,0.01649739089697716,0.00033694686501792043,0.00016793274152856807,0.03968848066018132,0.044018444612566,0.41567201924987457,0.008489789969611326,0.0038150539621890243,False,1e-24,False
UniGCN,real,,116,restart,2529.5373984099733,125.38977614353837,140.109962292594,16149.539645446728,17580.633162093753,0.1566321674762514,0.007764294146854601,0.007969562927613449,0.2404958995927248,0.05205772669661287,0.058095842473563475,0.6002803555217894,0.6533186160623305,0.4006392969226445,0.0867223560087387,0.08892421101317702,False,1e-24,False
UniGCN,real,,117,base,169.42290602125212,0.7925166829165885,0.3902990588350697,1043.0135723393591,1157.059012431359,0.16243595530713573,0.0007598335284737138,0.0003373199246034339,0.016107891593461585,0.0003290269601769603,0.00016183540605278462,0.03876894151558355,0.04299777975767032,0.4154844306746642,0.008486869832252312,0.003763808433013683,False,1e-24,False
UniGCN,real,,117,restart,2529.537338366319,125.3897756974098,140.10996167333005,16149.539230115912,17580.632704986692,0.15663216778650865,0.0077642943189104125,0.007969563099602683,0.24049589388407125,0.052057726511394904,0.058095842216789005,0.6002803400838924,0.6533185990756527,0.4006392977162315,0.08672235793049554,0.08892421293222917,False,1e-24,False
UniGCN,real,,118,base,165.42524911670657,0.7739385999258762,0.37614884065471893,1018.8572302593308,1130.2403852386387,0.1623635227818923,0.0007596143767158475,0.0003328042826706276,0.01572781415553713,0.00032131394882450057,0.00015596809417202433,0.037871047338396045,0.04200116557200963,0.41529916020017976,0.008484422042871054,0.0037134229978599553,False,1e-24,False
UniGCN,real,,118,restart,2529.537285057017,125.38977530501374,140.1099611287466,16149.538861044954,17580.63229880031,0.15663216806509755,0.007764294472052834,0.007969563252756705,0.2404958888156866,0.05205772634848491,0.058095841990980404,0.6002803263654799,0.6533185839812518,0.40063929842881607,0.08672235964100153,0.08892421464111844,False,1e-24,False
UniGCN,real,,119,base,161.524200201969,0.7558434991581997,0.3625314449834941,995.2691433988701,1104.0532998742883,0.16229198028822597,0.000759436283312245,0.0003283640790030457,0.015356921727263582,0.00031380145586627854,0.0001503217142796112,0.03699427527692937,0.041028020281325114,0.41511616627993714,0.008482432849873224,0.0036638793012402247,False,1e-24,False
UniGCN,real,,119,restart,2529.537237725539,125.38977495984774,140.109960649804,16149.53853307685,17580.631937857088,0.15663216831518997,0.007764294608358581,0.007969563389135037,0.24049588431564384,0.0520577262051833,0.05809584179238944,0.6002803141748655,0.6533185705681441,0.40063929906851126,0.08672236116345228,0.08892421616282492,False,1e-24,False
UniGCN,real,,120,base,157.71733455374317,0.7382166001216143,0.3494258633283455,972.2355997917497,1078.4824961740787,0.16222131198191653,0.0007592980552036341,0.0003239977139804635,0.014994983777947552,0.00030648334492631703,0.00014488755531686786,0.03613811565572882,0.04007777679856804,0.4149354083870297,0.008480888927525791,0.003615159494626573,False,1e-24,False
UniGCN,real,,120,restart,2529.537195700502,125.38977465620029,140.10996022856148,16149.538241630054,17580.631617113177,0.1566321685396488,0.007764294729676683,0.00796956351057245,0.24049588032011127,0.05205772607911883,0.058095841617723486,0.6002803033417526,0.6533185586488938,0.40063929964263995,0.08672236251850034,0.08892421751782095,False,1e-24,False
UniGCN,real,,121,base,154.0022920309545,0.7210436716208384,0.33681196374656003,949.7432323924813,1053.5130985179073,0.16215150240450785,0.0007591985360132233,0.0003197036318014369,0.014641775917053738,0.000299353707678616,0.0001396572696820005,0.0353020716200856,0.0391498823268369,0.41475684698127174,0.008479777359816315,0.003567246218420091,False,1e-24,False
UniGCN,real,,121,restart,2529.53715838606,125.38977438905415,140.1099598580427,16149.537982634214,17580.63133208758,0.1566321687410563,0.007764294837653389,0.007969563618703424,0.24049587677243878,0.052057725968208506,0.05809584146408987,0.6002802937148457,0.6533185480569813,0.4006393001578072,0.08672236372453325,0.08892421872434403,False,1e-24,False
UniGCN,real,,122,base,150.3767751927628,0.7043110073813701,0.3246704516420872,927.779009798996,1029.1306054656104,0.1620825364709879,0.0007591366046683461,0.0003154803189389128,0.014297079715274883,0.0002924068537270842,0.00013462285697450667,0.03448565879119766,0.03824379797423109,0.4145804434776859,0.008479085625057566,0.00352012258471861,False,1e-24,False
UniGCN,real,,122,restart,2529.537125253394,125.38977415400147,140.10995953211827,16149.537752473048,17580.63107879928,0.15663216892174112,0.007764294933754372,0.007969563714983974,0.24049587362234884,0.05205772587062233,0.05809584132894706,0.6002802851597272,0.6533185386444669,0.4006393006199692,0.0867223647979217,0.08892421979864032,False,1e-24,False
UniGCN,real,,123,base,146.8385474788197,0.6880054029181136,0.31298283246826225,906.3302272518888,1005.3208797023146,0.16201439945796942,0.0007591111740852289,0.00031132630266362274,0.013960682531519648,0.0002856373010021508,0.00012977664853005958,0.03368840493161057,0.0373589983802074,0.41440616021627175,0.008478801581197185,0.003473772160840762,False,1e-24,False
UniGCN,real,,123,restart,2529.5370958331523,125.38977394716929,140.10995924540234,16149.537547933658,17580.630853711395,0.1566321690838019,0.007764295019284498,0.00796956380071106,0.2404958708252178,0.05205772578475239,0.05809584121006184,0.6002802775569731,0.6533185302799157,0.400639301034494,0.08672236575324022,0.0889242207551813,False,1e-24,False
UniGCN,real,,124,base,143.3854314493554,0.6721141335773442,0.30173137623479956,885.3844979007122,982.0701382826572,0.16194707699234506,0.0007591211899134874,0.0003072401496317118,0.01363237734558878,0.00027903976664450875,0.00012511129270352392,0.032909849620584575,0.03649497135304289,0.41423396043298694,0.008478913451794502,0.003428178953566773,False,1e-24,False
UniGCN,real,,124,restart,2529.5370697087533,125.3897737651543,140.10995899316188,16149.537366161467,17580.630653681572,0.15663216922912948,0.007764295095405436,0.00796956387703995,0.2404958683414392,0.05205772570918573,0.05809584110547169,0.6002802708004786,0.6533185228465539,0.40063930140621806,0.08672236660346395,0.08892422160685741,False,1e-24,False
UniGCN,real,,125,base,140.0153070827923,0.6566249336853419,0.2908990837230156,864.9297443281804,959.3649431636487,0.16188055504039445,0.0007591656293371715,0.00030322046453326986,0.013311962596320625,0.00027260915834831064,0.00012061974086027983,0.0321495439390482,0.03565121751802405,0.41406380823188527,0.00847940981262894,0.003383327394058802,False,1e-24,False
UniGCN,real,,125,restart,2529.5370465104384,125.38977360496571,140.10995877123761,16149.537204620223,17580.630475917926,0.15663216935942675,0.007764295163151359,0.007969563944999654,0.24049586613585822,0.05205772564268067,0.058095841013451985,0.600280264795971,0.6533185162406314,0.400639301739497,0.08672236736014394,0.08892422236515031,False,1e-24,False
UniGCN,real,,126,base,136.72611012868734,0.6415259767412168,0.28046965431891274,844.954190323521,937.1921920163597,0.1618148198973211,0.0007592434999293698,0.00029926588879863056,0.012999242024997047,0.0002663405661378787,0.00011629523403838386,0.031407050163812796,0.03482724997599748,0.4138956685583536,0.00848027957890666,0.0033392023234258554,False,1e-24,False
UniGCN,real,,126,restart,2529.5370259099996,125.38977346397473,140.10995857597382,16149.537061056466,17580.630317939926,0.15663216947622663,0.007764295223442895,0.0079695640055067,0.24049586417727042,0.05205772558414584,0.0580958409324869,0.6002802594596885,0.6533185103699687,0.4006393020382519,0.08672236803356306,0.08892422304028662,False,1e-24,False
UniGCN,real,,127,base,133.51583051390563,0.6268058565953467,0.27042745537906,825.4463528965716,915.5391093070173,0.1617498581771978,0.000759353838557556,0.00029537509935949086,0.0126940245238103,0.00026022925455360883,0.00011213129024629628,0.030681941470735462,0.03402259397193203,0.41372950717339396,0.00848151199303396,0.003295788978900385,False,1e-24,False
UniGCN,real,,127,restart,2529.5370076161043,125.38977333987081,140.1099584041572,16149.53693346797,17580.630177543615,0.15663216958090875,0.007764295277099594,0.007969564059377394,0.24049586243797738,0.05205772553262196,0.058095840861244065,0.6002802547172087,0.6533185051526638,0.4006393023060115,0.08672236863287515,0.08892422364137466,False,1e-24,False
UniGCN,real,,128,base,130.3825108000223,0.6124535695584835,0.2607574930491623,806.3950345245458,894.3932376384691,0.16168565680330163,0.0007594957103370421,0.00029154680746207236,0.01239612398920043,0.00025427065522425784,0.00010812169236295773,0.029973801646530455,0.03323678657315674,0.413565290628902,0.008483096612927987,0.0032530729805955666,False,1e-24,False
UniGCN,real,,128,restart,2529.536991370141,125.38977323062278,140.10995825296322,16149.536820075695,17580.63005277078,0.15663216967471422,0.007764295324850998,0.007969564107338767,0.2404958608933916,0.052057725487265755,0.058095840798552296,0.600280250502404,0.6533185005159471,0.4006393025459505,0.08672236916622875,0.08892422417652662,False,1e-24,False
UniGCN,real,,129,base,127.32424469003823,0.5984584973899713,0.25144538445984754,787.7893156237204,873.7424293433323,0.16162220299881974,0.0007596682076300447,0.0002877797575297141,0.012105359179881191,0.0002484603598042087,0.00010426047660892177,0.029282224808940854,0.03246937635695151,0.4134029862438941,0.008485023300836942,0.003211040318814136,False,1e-24,False
UniGCN,real,,129,restart,2529.5369769425392,125.3897731344448,140.10995811990875,16149.536719298887,17580.62994188147,0.15663216975875927,0.007764295367346516,0.007969564150038315,0.2404958595216866,0.052057725447335806,0.05809584074338198,0.6002802467565177,0.6533184963951598,0.40063930276092385,0.08672236964087736,0.08892422465296726,False,1e-24,False
UniGCN,real,,130,base,124.33917558258133,0.5848103911166704,0.24247733122853626,769.6185472385996,853.5748383204896,0.16155948427790853,0.0007598704490880282,0.0002840727260724313,0.011821553579380658,0.0002427941132556185,0.0001005419215590477,0.02860681513499391,0.031719923107180976,0.41324256208163784,0.008487282212643634,0.0031696773418812703,False,1e-24,False
UniGCN,real,,130,restart,2529.536964129504,125.38977304976675,140.1099580028107,16149.536629732956,17580.629843329694,0.15663216983404754,0.007764295405164213,0.00796956418805269,0.24049585830348663,0.052057725412180254,0.0580958406948279,0.6002802434273412,0.6533184927328508,0.40063930295349887,0.08672237006327761,0.08892422507713084,False,1e-24,False
UniGCN,real,,131,base,121.42549517184392,0.5714993556371313,0.23384009420032045,751.8723439414006,833.8789121069125,0.16149748843708978,0.0007601015787351169,0.0002804245206411211,0.011544535262930204,0.0002372678074565753,9.69605376689417e-05,0.027947186597074066,0.030987997519673443,0.4130839869276452,0.008489863787627772,0.0031289707444756335,False,1e-24,False
UniGCN,real,,131,restart,2529.5369527501134,125.389772975208,140.1099578997497,16149.536550129844,17580.629755741753,0.1566321699014809,0.007764295438818637,0.007969564221895433,0.24049585722159045,0.05205772538122591,0.05809584065209421,0.6002802404684838,0.6533184894779719,0.40063930312598234,0.08672237043917667,0.08892422545474743,False,1e-24,False
UniGCN,real,,132,base,118.58144209158344,0.5585158350683049,0.22552096936458207,734.540576934984,814.6433841771131,0.16143620354696808,0.0007603607650905044,0.00027683397882422516,0.011274136768542792,0.00023187747511753282,9.351105728891227e-05,0.027302962706558034,0.030273180916058684,0.41292723026848666,0.008492758738663807,0.0030889075564341658,False,1e-24,False
UniGCN,real,,132,restart,2529.53694264375,125.38977290955434,140.10995780903798,16149.53647938052,17580.629677897028,0.15663216996187004,0.007764295468767793,0.007969564252023864,0.24049585626072745,0.05205772535396866,0.05809584061448108,0.6002802378387229,0.6533184865851632,0.4006393032804478,0.08672237077369019,0.08892422579091981,False,1e-24,False
UniGCN,real,,133,base,115.80530060158665,0.545850598794645,0.21750776488764528,717.6133673526194,795.8572664628139,0.16137561794425503,0.0007606472003278975,0.0002732999672847848,0.0110101949721285,0.00022661928398935453,9.018842514068292e-05,0.02667377626476627,0.029575064965789443,0.4127722622713907,0.008495958042832458,0.0030494751320075597,False,1e-24,False
UniGCN,real,,133,restart,2529.536933667816,125.38977285173792,140.10995772919128,16149.536416499535,17580.629608710904,0.15663217001594287,0.00776429549541934,0.007969564278845235,0.24049585540734003,0.05205772532996517,0.05809584058137308,0.600280235501429,0.6533184840141192,0.4006393034187572,0.08672237107137147,0.0889242260901921,False,1e-24,False
UniGCN,real,,134,base,113.09539931506423,0.5334947281818514,0.2097887792050989,701.0810797482216,777.5098420857088,0.161315720224086,0.0007609600994701564,0.00026982138083593907,0.010752550966501483,0.00022148953134729535,8.698778923349153e-05,0.026059269120994256,0.0288932514160816,0.4126190537645913,0.008499452932425324,0.0030106611395446926,False,1e-24,False
UniGCN,real,,134,restart,2529.536925695712,125.38977280081953,140.1099576589045,16149.536360611195,17580.6295472196,0.15663217006435343,0.007764295519136131,0.007969564302722202,0.24049585464939183,0.05205772530882553,0.05809584055222904,0.6002802334240526,0.6533184817290243,0.4006393035425834,0.08672237133627334,0.08892422635661078,False,1e-24,False
UniGCN,real,,135,base,110.45010996550951,0.5214396039197401,0.20235278012055832,684.9343157709419,759.5906582964614,0.16125649923261637,0.0007612986996173831,0.0002663971415530256,0.01050104994413901,0.00021648463873617606,8.390449219750435e-05,0.025459091937396292,0.02822735182951839,0.41246757621839025,0.00850323488632313,0.002972453551585463,False,1e-24,False
UniGCN,real,,135,restart,2529.5369186150347,125.3897727559729,140.1099575970297,16149.53631093734,17580.629492566703,0.15663217010768882,0.007764295540241126,0.007969564323977696,0.24049585397619608,0.05205772529020668,0.05809584052657299,0.6002802315776693,0.6533184796980533,0.4006393036534282,0.08672237157200305,0.08892422659377912,False,1e-24,False
UniGCN,real,,136,base,107.86784621161603,0.5096768939608292,0.19518898486058184,669.1639080182248,742.0895196133405,0.16119794405988527,0.000761662259206825,0.0002630261979205466,0.010255541083558943,0.00021160114696287916,8.093406301369425e-05,0.024872903960502863,0.027576987329073415,0.41231780172690385,0.00850729562172929,0.002934840635342658,False,1e-24,False
UniGCN,real,,136,restart,2529.5369123259843,125.38977271647126,140.10995754255728,16149.53626678648,17580.629443991187,0.15663217014647599,0.007764295559021769,0.007969564342899275,0.2404958533782643,0.052057725273806886,0.05809584050398629,0.6002802299365765,0.6533184778929256,0.4006393037526394,0.0867223717817712,0.08892422680490569,False,1e-24,False
UniGCN,real,,137,base,105.34706247890678,0.49819854202317065,0.18828704103821242,653.7609140616577,724.9964811541442,0.1611400440329341,0.0007620500573030348,0.0002597075240123545,0.01001587743918757,0.00020683571132310146,7.807220912047574e-05,0.024300372799160752,0.026941788350316482,0.41216970299046113,0.008511627086241444,0.0028978109435544817,False,1e-24,False
UniGCN,real,,137,restart,2529.536906739951,125.38977268167515,140.10995749459923,16149.536227544126,17580.62940081679,0.1566321701811879,0.007764295575733897,0.007969564359742989,0.24049585284717187,0.052057725259360685,0.05809584048410074,0.6002802284779334,0.6533184762885103,0.4006393038414268,0.08672237196843532,0.0889242269928475,False,1e-24,False
UniGCN,real,,138,base,102.88625283678516,0.48699675662781083,0.18163700848021513,638.7166106401576,708.3018421552899,0.16108278870916914,0.0007624613929168296,0.00025644011870350685,0.009781915834595166,0.0002021850970500669,7.53148088784667e-05,0.02374117420869307,0.026321394400574755,0.41202325329862655,0.008516221450244645,0.00286135330569045,False,1e-24,False
UniGCN,real,,138,restart,2529.536901778255,125.38977265102186,140.10995745237415,16149.536192664202,17580.629362442538,0.15663217021224904,0.007764295590605207,0.007969564374736818,0.24049585237543836,0.05205772524663444,0.05809584046659234,0.6002802271814424,0.6533184748624744,0.40063930392087604,0.08672237213453864,0.0889242271601483,False,1e-24,False
UniGCN,real,,139,base,100.48394990976986,0.4760640006429591,0.175229341875515,624.0224880152339,691.9961396721832,0.16102616786995794,0.0007628955843516609,0.000253223004912319,0.009553516758981601,0.0001976461749736078,7.265790437575632e-05,0.023194991881083697,0.025715453824830512,0.4118784265138208,0.00852107109961073,0.002825456819494229,False,1e-24,False
UniGCN,real,,139,restart,2529.536897371036,125.38977262401639,140.10995741519503,16149.536161661432,17580.629328334413,0.15663217024004003,0.007764295603838354,0.00796956438808377,0.24049585195642179,0.05205772523542266,0.05809584045117622,0.6002802260290656,0.6533184735949733,0.40063930399196085,0.0867223722823447,0.08892422730907332,False,1e-24,False
UniGCN,real,,140,base,98.13872382172622,0.46539298130856427,0.1690548742046326,609.6702444832595,676.0701424551859,0.1609701715144488,0.0007633519685760935,0.0002500552288712241,0.009330544266799072,0.000193215917378696,7.009769455700988e-05,0.02266151724099772,0.025123623578144332,0.41173519705551165,0.00852616862868928,0.0027901108428479084,False,1e-24,False
UniGCN,real,,140,restart,2529.536893456258,125.38977260022298,140.1099573824572,16149.536134104565,17580.62929801782,0.15663217026490228,0.007764295615613693,0.007969564399964586,0.24049585158422407,0.052057725225544416,0.05809584043760165,0.6002802250047735,0.6533184724683702,0.40063930405555437,0.08672237241386793,0.08892422744163919,False,1e-24,False
UniGCN,real,,141,base,95.84918117195559,0.45497664071649524,0.16310480091207077,595.6517810398686,660.5148449957137,0.16091478985360433,0.0007638299006211524,0.0002469358594251265,0.009112865880403753,0.00018889139405312577,6.763052866063377e-05,0.022140449247456468,0.02454556900440053,0.41159353988495306,0.008531506833576376,0.002755304985943042,False,1e-24,False
UniGCN,real,,141,restart,2529.536889978836,125.38977257925815,140.10995735362863,16149.536109610344,17580.629271071004,0.156632170287142,0.007764295626091737,0.00796956441054019,0.24049585125360798,0.0520577252168405,0.05809584042564804,0.6002802240943204,0.6533184714669924,0.40063930411243986,0.08672237253090119,0.08892422755964156,False,1e-24,False
UniGCN,real,,142,base,93.6139640420493,0.4448081467229388,0.157370664785632,581.9591961917722,645.3214617371864,0.16086001330443936,0.0007643287530013734,0.000243863987355999,0.008900352495632377,0.0001846697685146389,6.525289994906596e-05,0.02163149420099203,0.023980963621178738,0.4114534304904468,0.008537078705648076,0.002721029103744521,False,1e-24,False
UniGCN,real,,142,restart,2529.5368868898568,125.38977256078452,140.10995732824134,16149.53608783818,17580.62924711917,0.1566321703070337,0.007764295635415341,0.00796956441995387,0.24049585095992312,0.05205772520917086,0.058095840415121336,0.6002802232850464,0.653318470576912,0.40063930416331955,0.08672237263504008,0.0889242276646792,False,1e-24,False
UniGCN,real,,143,base,91.43174903245786,0.43488088427094684,0.15184434150855683,568.5847809114526,630.4814214457493,0.16080583248445546,0.0007648479151584469,0.0002408387247325455,0.008692878290204013,0.00018054829440833096,6.29614397180477e-05,0.02113436555611268,0.023429488910562787,0.41131484487310654,0.008542877425346278,0.0026872732887341217,False,1e-24,False
UniGCN,real,,143,restart,2529.53688414588,125.38977254450495,140.10995730588354,16149.536068485375,17580.62922582924,0.15663217032482338,0.007764295643711637,0.007969564428333187,0.2404958506990394,0.052057725202412114,0.0580958404058508,0.6002802225657002,0.6533184697857511,0.40063930420882266,0.08672237272770457,0.08892422775817543,False,1e-24,False
UniGCN,real,,144,base,89.30124632776736,0.4251884471023086,0.14651802585216916,555.5210137303579,615.9863617358573,0.1607522382062633,0.0007653867929264132,0.00023785920428380842,0.008490320634851162,0.0001765243120656919,6.0752911571478285e-05,0.020648783738916276,0.022890834115704434,0.4111777595331029,0.008548896356205267,0.002654027863921231,False,1e-24,False
UniGCN,real,,144,restart,2529.536881708332,125.38977253015796,140.1099572861927,16149.536051282921,17580.62920690518,0.15663217034073157,0.007764295651093765,0.007969564435791717,0.2404958504672894,0.05205772519645571,0.058095840397686095,0.6002802219262829,0.6533184690825091,0.4006393042495132,0.08672237281015836,0.08892422784139756,False,1e-24,False
UniGCN,real,,145,base,87.2211987897151,0.41572462983908814,0.1413842184784097,542.760555966374,601.828123745991,0.1606992214723849,0.0007659448080174119,0.0002349245787956607,0.008292560007088175,0.0001725952452171201,5.862420594915643e-05,0.020174475969694836,0.022364696042966276,0.4110421514563687,0.008555129039107864,0.002621283376108919,False,1e-24,False
UniGCN,real,,145,restart,2529.536879542957,125.38977251751332,140.10995726884997,16149.53603599174,17580.62919008393,0.15663217035495589,0.007764295657662413,0.007969564442430577,0.24049585026141626,0.05205772519120607,0.05809584039049503,0.6002802213579078,0.6533184684574102,0.40063930428589667,0.08672237288352609,0.0889242279154738,False,1e-24,False
UniGCN,real,,146,base,85.19038107701411,0.4064834204162608,0.13643571332323232,530.2962470814974,587.9987469599416,0.1606467734702294,0.0007665213975270529,0.00023203402052917512,0.00809947990752852,0.00016875859785020077,5.657233489537342e-05,0.019711176090378667,0.021850778869474088,0.41090799810174716,0.008561569186760725,0.0025890305894041127,False,1e-24,False
UniGCN,real,,146,restart,2529.5368776193327,125.38977250636832,140.1099572535746,16149.536022399356,17580.629175131686,0.1566321703676733,0.00776429566350718,0.00796956444833978,0.24049585007852758,0.05205772518657903,0.05809584038416118,0.6002802208526773,0.6533184679017657,0.4006393043184257,0.08672237294880851,0.08892422798140857,False,1e-24,False
UniGCN,real,,147,base,83.20759879109201,0.397458992847908,0.131665585533344,518.121100165775,574.4904641692526,0.16059488556723395,0.0007671160134585125,0.00022918672065991606,0.00791096677866587,0.00016501195120646723,5.459442705694724e-05,0.019258624396673862,0.02134879395591478,0.4107752773885639,0.008568210678378787,0.00255726047896123,False,1e-24,False
UniGCN,real,,147,restart,2529.5368759104404,125.3897724965445,140.10995724011957,16149.53601031692,17580.62916184065,0.1566321703790424,0.007764295668707812,0.007969564453599474,0.24049584991605455,0.0520577251825005,0.05809584037858212,0.6002802204035718,0.653318467407854,0.400639304347506,0.08672237300689636,0.08892422804009611,False,1e-24,False
UniGCN,real,,148,base,81.27168764688463,0.38864570031039913,0.12706717993018785,506.22829754371423,561.2956965725709,0.16054354930616377,0.0007677281222645174,0.00022638188873724797,0.0077269099260372474,0.00016135296090976451,5.2687722899875085e-05,0.018816567474752008,0.020858459664422086,0.4106439676846047,0.008575047554569516,0.0025259642249491517,False,1e-24,False
UniGCN,real,,148,restart,2529.536874392286,125.3897724878847,140.10995722826735,16149.535999576601,17580.629150026154,0.15663217038920524,0.007764295673335265,0.007969564458281,0.24049584977171592,0.05205772517890524,0.05809584037366766,0.6002802200043528,0.6533184669688124,0.40063930437350087,0.08672237305858214,0.08892422809233248,False,1e-24,False
UniGCN,real,,149,base,79.38151266785823,0.3800380685268912,0.12263409997640512,494.61118649949543,548.407049007793,0.16049275640056557,0.0007683572044064128,0.00022361875216279808,0.007547201441689732,0.0001577793542197104,5.0849570134336254e-05,0.01838475804235584,0.020379501181397065,0.4105140477944863,0.008582074012407966,0.002495133206731922,False,1e-24,False
UniGCN,real,,149,restart,2529.5368730435594,125.38977248025058,140.10995721782666,16149.53599002923,17580.629139524077,0.15663217039828903,0.0077642956774526895,0.007969564462447877,0.2404958496434857,0.05205772517573581,0.058095840369338486,0.6002802196494758,0.6533184665785419,0.40063930439673573,0.08672237310457122,0.0889242281388264,False,1e-24,False
UniGCN,real,,150,base,77.53596740446368,0.3716307894383322,0.11836019722127933,483.2632751174447,535.8173053130454,0.1604424987303671,0.0007690027539295571,0.00022089655568725738,0.007371736129874947,0.00015428892740410353,4.907741933830223e-05,0.017962954794189086,0.019911650345116237,0.4103854969484007,0.008589284400694204,0.0024647589972540632,False,1e-24,False
UniGCN,real,,150,restart,2529.5368718453337,125.38977247352024,140.109957208629,16149.535981542229,17580.629130188532,0.15663217040640762,0.007764295681116276,0.007969564466156648,0.24049584952956432,0.052057725172941584,0.058095840365524724,0.6002802193340129,0.6533184662316212,0.40063930441750173,0.08672237314549122,0.0889242281802088,False,1e-24,False
UniGCN,real,,151,base,75.73397317525841,0.36341871514695856,0.11423956120285426,472.1782282343481,523.5194238126641,0.16039276833761737,0.0007696642780543223,0.00021821456092474174,0.007200411434898692,0.00015087954322446167,4.736881977050427e-05,0.01755092225146351,0.019454645477984887,0.4102582947912196,0.00859667321538504,0.002434833357621829,False,1e-24,False
UniGCN,real,,151,restart,2529.5368707807975,125.38977246758631,140.10995720052597,16149.535973997761,17580.629121889877,0.15663217041366295,0.0077642956843760325,0.007969564469457648,0.24049584942835348,0.05205772517047801,0.05809584036216485,0.6002802190535841,0.6533184659232326,0.40063930443605966,0.08672237318190067,0.08892422821704128,False,1e-24,False
UniGCN,real,,152,base,73.9744783299594,0.35539685211902705,0.11026650978554664,461.34986350029817,511.50653292446947,0.160343557422363,0.0007703412967820188,0.00021557204588397487,0.00703312737105566,0.00014754912852918636,4.5721415363976414e-05,0.01714843061548008,0.019008231223297808,0.4101324213719463,0.00860423509519245,0.0024053482318721515,False,1e-24,False
UniGCN,real,,152,restart,2529.5368698350208,125.38977246235423,140.109957193387,16149.535967291094,17580.629114512878,0.1566321704201463,0.0077642956872764545,0.007969564472395682,0.2404958493384337,0.05205772516830583,0.05809584035920471,0.6002802188042965,0.653318465649094,0.400639304452643,0.08672237321429659,0.0889242282498238,False,1e-24,False
UniGCN,real,,153,base,72.25645753371748,0.3475603556342358,0.10643557991313751,450.7721475448797,499.7719268847626,0.16029485833865434,0.0007710333425150943,0.00021296830451559044,0.0068697864545817925,0.00014429567194914405,4.413294089183309e-05,0.016755255625125646,0.01857215838637474,0.4100078571335003,0.008611964817341423,0.0023762957419214523,False,1e-24,False
UniGCN,real,,153,restart,2529.5368689947427,125.38977245774073,140.1099571870972,16149.535961329137,17580.629107955123,0.1566321704259394,0.007764295689857141,0.007969564475010644,0.24049584925854423,0.05205772516639045,0.05809584035659668,0.6002802185826899,0.6533184654053995,0.4006393044674608,0.08672237324312126,0.08892422827900148,False,1e-24,False
UniGCN,real,,154,base,70.57891107193115,0.3399045244699573,0.10274151875803303,440.43919224560807,488.30906158758086,0.16024666359067627,0.0007717399596909889,0.00021040264627488546,0.006710293637559401,0.00014111722169073387,4.26012182973577e-05,0.016371178418170314,0.018146183779941864,0.4098845829028208,0.008619857293480372,0.00234766818268685,False,1e-24,False
UniGCN,real,,154,restart,2529.536868248183,125.38977245367248,140.10995718155525,16149.535956029162,17580.629102125575,0.15663217043111524,0.007764295692153328,0.007969564477338036,0.24049584918756503,0.052057725164701446,0.05809584035429874,0.6002802183856891,0.6533184651887661,0.4006393044806998,0.08672237326876825,0.08892422830497047,False,1e-24,False
UniGCN,real,,155,base,68.9408641749416,0.3324247958090337,0.09917927524863492,430.34525109563083,477.1115505348719,0.16019896582900048,0.0007724607044290648,0.00020787439569938885,0.006554556243712526,0.0001380118834217713,4.1124153180872366e-05,0.015995985396254502,0.0177300700736351,0.4097625798812801,0.00862790756573753,0.002319458017372681,False,1e-24,False
UniGCN,real,,155,restart,2529.5368675848817,125.38977245008482,140.10995717667214,16149.535951317619,17580.62909694333,0.15663217043573938,0.007764295694196367,0.007969564479409469,0.24049584912450164,0.05205772516321197,0.058095840352273984,0.6002802182105604,0.6533184649961873,0.40063930449252755,0.08672237329158773,0.08892422832808348,False,1e-24,False
UniGCN,real,,156,base,67.34136636197572,0.32511674036048344,0.09574399195756148,420.4847156678102,466.1731608943523,0.1601517578469523,0.0007731951441900471,0.00020538289200063947,0.006402483906032276,0.00013497781824576508,3.969973143623232e-05,0.015629468093458432,0.01732358564750515,0.40964182963539086,0.008636110802917138,0.0022916578729155687,False,1e-24,False
UniGCN,real,,156,restart,2529.5368669955424,125.38977244692074,140.10995717236923,16149.535947129141,17580.629092336476,0.1566321704398702,0.0077642956960141596,0.007969564481253074,0.24049584906847016,0.05205772516189835,0.05809584035048981,0.6002802180548743,0.6533184648249908,0.40063930450309354,0.08672237331189134,0.08892422834865439,False,1e-24,False
UniGCN,real,,157,base,65.77949080372674,0.3179760576830222,0.09243099733431034,410.8521121723902,455.4878096619236,0.16010503257708994,0.0007739428574474555,0.00020292748866959873,0.006253988506174149,0.0001320132407603967,3.832601603014136e-05,0.0152714230483502,0.016926504449408027,0.4095223140878006,0.008644462296829523,0.0022642605355816243,False,1e-24,False
UniGCN,real,,157,restart,2529.536866471912,125.38977244413016,140.10995716857758,16149.535943405632,17580.629088241083,0.15663217044356018,0.007764295697631533,0.007969564482893904,0.24049584901868598,0.05205772516073979,0.05809584034891762,0.6002802179164709,0.6533184646728007,0.4006393045125318,0.0867223733299564,0.08892422836696273,False,1e-24,False
UniGCN,real,,158,base,64.25433370298387,0.31099857170183254,0.08923579826675836,401.4420981055506,445.04955992562475,0.1600587830877906,0.0007747034333705135,0.00020050755309514553,0.006108984115571365,0.00012911641719622977,3.70011439178177e-05,0.014921651679412132,0.01653860585616876,0.4094040155085593,0.008652957458749404,0.002237258946709622,False,1e-24,False
UniGCN,real,,158,restart,2529.536866006658,125.38977244166882,140.10995716523627,16149.53594009545,17580.629084600354,0.15663217044685604,0.0077642956990705775,0.007969564484354246,0.24049584897445192,0.052057725159717926,0.05809584034753216,0.6002802177934311,0.6533184645375066,0.40063930452096214,0.08672237334602964,0.0889242283832572,False,1e-24,False
UniGCN,real,,159,base,62.765013692743864,0.304180226409512,0.08615407295665765,392.2494589862316,434.8526172281899,0.16001300257993978,0.0007754764715180629,0.00019812246619513413,0.005967386938210295,0.00012628566363188462,3.572332308885679e-05,0.014579960163748146,0.016159674538409458,0.4092869165066516,0.008661591815997096,0.0022106461985943507,False,1e-24,False
UniGCN,real,,159,restart,2529.5368655932657,125.38977243949768,140.10995716229164,16149.535937152685,17580.62908136377,0.15663217044979977,0.0077642957003509466,0.007969564485653944,0.24049584893514864,0.052057725158816535,0.058095840346311184,0.6002802176840482,0.6533184644172312,0.4006393045284917,0.08672237336033056,0.08892422839775921,False,1e-24,False
UniGCN,real,,160,base,61.31067125125792,0.2975170817426014,0.0831816640950073,383.2691051787038,424.8913260253862,0.15996768438372064,0.000776261581543027,0.0001957716220595132,0.005829115255016009,0.00012351934428210802,3.449082973743583e-05,0.0142461593189783,0.015789500328936647,0.409171000021784,0.008670361008637557,0.0021844155305045456,False,1e-24,False
UniGCN,real,,160,restart,2529.536865225949,125.38977243758255,140.10995715969653,16149.535934536538,17580.629078486454,0.15663217045242867,0.007764295701490137,0.007969564486810663,0.24049584890022596,0.052057725158021435,0.05809584034523514,0.6002802175868056,0.6533184643103064,0.400639304535216,0.08672237337305462,0.08892422841066586,False,1e-24,False
UniGCN,real,,161,base,59.89046813348587,0.29100530962553184,0.08031457232386341,374.4960687984325,415.16016623738705,0.1599228219554986,0.0007770583829069821,0.00019345442760503146,0.005694089369797756,0.00012081586985534952,3.3302005551288515e-05,0.013920064488229383,0.01542787809458591,0.4090562493164166,0.008679260786292317,0.002158560324830098,False,1e-24,False
UniGCN,real,,161,restart,2529.53686489957,125.38977243589308,140.1099571574094,16149.535932210738,17580.629075928508,0.15663217045477648,0.00776429570250371,0.007969564487840126,0.24049584886919548,0.052057725157320024,0.058095840344286796,0.6002802175003554,0.6533184642152499,0.4006393045412213,0.08672237338437559,0.08892422842215257,False,1e-24,False
UniGCN,real,,162,base,58.50358681844937,0.2846411901742568,0.07754894997179913,365.92550069886937,405.6537498905315,0.15987840887479896,0.0007778665046044339,0.00019117030224107692,0.005562231556706042,0.00011817369597763385,3.2155255114147146e-05,0.013601495428133607,0.015074607611425431,0.40894264796803226,0.008688287005059825,0.0021330741033535,False,1e-24,False
UniGCN,real,,162,restart,2529.536864609561,125.38977243440264,140.10995715539363,16149.535930143047,17580.62907365446,0.156632170456873,0.007764295703405515,0.007969564488756326,0.24049584884162284,0.05205772515670124,0.058095840343450965,0.600280217423499,0.6533184641307435,0.40063930454658386,0.0867223733944482,0.0889242284323755,False,1e-24,False
UniGCN,real,,163,base,57.149229971993044,0.2784211080522205,0.07488109505083831,357.55266753687846,396.36681784690205,0.1598344388413732,0.000778685584896395,0.00018891867754621523,0.005433466009154612,0.00011559132167967844,3.1049043416603544e-05,0.013290276199750116,0.014729493443222951,0.40883017986163234,0.008697435624539675,0.0021079505236406633,False,1e-24,False
UniGCN,real,,163,restart,2529.5368643518646,125.3897724330877,140.1099571536169,16149.535928304807,17580.629071632793,0.15663217045874495,0.007764295704207871,0.007969564489571718,0.24049584881712235,0.052057725156155324,0.058095840342714256,0.6002802173551715,0.6533184640556157,0.400639304551372,0.08672237340341002,0.08892422844147364,False,1e-24,False
UniGCN,real,,164,base,55.82661992447959,0.272341548971692,0.0723074455032692,349.372948914572,387.29423661923255,0.1597909056723513,0.0007795152710528955,0.00018669899695501562,0.005307718790162291,0.00011306728794436205,2.9981893470581208e-05,0.012986235062326691,0.01439234482308371,0.40871882918245345,0.0087067027049566,0.0020831833755465337,False,1e-24,False
UniGCN,real,,164,restart,2529.5368641228793,125.38977243192748,140.10995715205087,16149.535926670544,17580.62906983547,0.1566321704604164,0.0077642957049217426,0.007969564490297391,0.24049584879535157,0.05205772515567364,0.05809584034206491,0.6002802172944257,0.6533184639888249,0.4006393045556473,0.08672237341138353,0.0889242284495707,False,1e-24,False
UniGCN,real,,165,base,54.53499816296208,0.2663990963338483,0.06982457368729576,341.381834595409,378.4309952687416,0.15974780329947727,0.0007803552191040657,0.00018451071545476887,0.005184917784071237,0.00011060017631179713,2.8952384022840332e-05,0.012689204369821787,0.014062975538169993,0.4086085804088957,0.008716084404380228,0.002058766577831073,False,1e-24,False
UniGCN,real,,165,restart,2529.5368639194035,125.38977243090379,140.10995715067048,16149.535925217615,17580.629068237602,0.1566321704619087,0.007764295705556887,0.007969564490943215,0.24049584877600608,0.05205772515524863,0.05809584034149254,0.6002802172404201,0.653318463929446,0.40063930455946434,0.0867223734184777,0.08892422845677678,False,1e-24,False
UniGCN,real,,166,base,53.27362483739148,0.26059042800131554,0.0674291810910078,333.57492179247004,369.77220238355795,0.159705125766424,0.0007812050935994492,0.00018235329929172108,0.005064992649599593,0.00010818860753939493,2.7959147363153917e-05,0.012399020470109382,0.013741203817415608,0.40849941830565506,0.008725576976036759,0.0020346941748814232,False,1e-24,False
UniGCN,real,,166,restart,2529.5368637385914,125.38977243000048,140.10995714945366,16149.535923925881,17580.629066817026,0.1566321704632409,0.007764295706121986,0.007969564491517969,0.24049584875881538,0.052057725154873606,0.05809584034098799,0.6002802171924063,0.6533184638766556,0.4006393045628719,0.0867223734247895,0.08892422846318987,False,1e-24,False
UniGCN,real,,167,base,52.0417782804335,0.25491231319719987,0.06511809326464658,325.94791252689134,361.3130831354786,0.15966286722618586,0.0007820645673752216,0.00018022622568646313,0.004947874774188053,0.00010583124031444453,2.7000867222998968e-05,0.012115523606791648,0.013426852222151262,0.4083913279170536,0.008735176765708935,0.0020109603335362295,False,1e-24,False
UniGCN,real,,167,restart,2529.53686357792,125.38977242920342,140.10995714838103,16149.535922777462,17580.62906555408,0.1566321704644303,0.007764295706624762,0.007969564492029471,0.24049584874353955,0.0520577251545427,0.05809584034054323,0.6002802171497194,0.6533184638297229,0.4006393045659142,0.0867223734304052,0.08892422846889719,False,1e-24,False
UniGCN,real,,168,base,50.83875454048304,0.24936160952493397,0.0628882549616149,318.4966110545016,353.04897641287306,0.15962102193854563,0.0007829333213290073,0.00017812898255813167,0.0048334972296011835,0.00010352677001685086,2.6076276760802446e-05,0.011838557823546722,0.013119747539559669,0.4082842945605609,0.008744880209220889,0.0019875593400082783,False,1e-24,False
UniGCN,real,,168,restart,2529.5368634351407,125.38977242849997,140.10995714743547,16149.535921756442,17580.629064431243,0.15663217046549194,0.007764295707072085,0.007969564492484683,0.2404958487299648,0.052057725154250646,0.05809584034015115,0.6002802171117679,0.653318463787997,0.4006393045686297,0.08672237343540153,0.08892422847397645,False,1e-24,False
UniGCN,real,,169,base,49.66386692747841,0.24393526010354424,0.060736725479126494,311.21692135876685,344.97533202761014,0.15957958426761296,0.0007838110442019919,0.0001760610682570933,0.004721794728745688,0.00010127392752979146,2.5184156629966604e-05,0.01156797087094117,0.012819720678881392,0.4081783038204973,0.008754683830004476,0.001964485596901795,False,1e-24,False
UniGCN,real,,169,restart,2529.5368633082617,125.38977242787921,140.10995714660183,16149.535920848686,17580.62906343298,0.15663217046643962,0.007764295707470073,0.007969564492889793,0.24049584871790175,0.05205772515399293,0.05809584033980549,0.6002802170780266,0.6533184637509003,0.40063930457105373,0.0867223734398468,0.08892422847849665,False,1e-24,False
UniGCN,real,,170,base,48.51644557113142,0.2386302908132142,0.05866067418981503,304.1048447082052,337.08770799395444,0.15953854867943304,0.0007846974323680534,0.00017402199130579717,0.00461270358366911,9.907147809616468e-05,2.432333312607467e-05,0.011303614115638794,0.012526606570295203,0.40807334154191743,0.008764584236743993,0.0019417336203208836,False,1e-24,False
UniGCN,real,,170,restart,2529.5368631955093,125.38977242733135,140.1099571458669,16149.53592004162,17580.629062545464,0.1566321704672855,0.0077642957078241665,0.007969564493250316,0.24049584870718183,0.05205772515376547,0.05809584033950076,0.6002802170480278,0.653318463717919,0.40063930457321734,0.0867223734438018,0.08892422848251935,False,1e-24,False
UniGCN,real,,171,base,47.39583699120181,0.23344380764626982,0.056657376256025835,297.1564772764927,329.38176787743936,0.15949790973966152,0.0007855921896296384,0.00017201127014749537,0.004506161664703649,9.691822021880552e-05,2.349267640984498e-05,0.011045342451939676,0.012240244066398826,0.4079693938246632,0.008774578121096251,0.0019192980370657511,False,1e-24,False
UniGCN,real,,171,restart,2529.5368630953117,125.38977242684777,140.109957145219,16149.535919324075,17580.629061756394,0.15663217046804048,0.0077642957081392,0.00796956449357116,0.24049584869765553,0.05205772515356471,0.05809584033923211,0.6002802170213566,0.6533184636885961,0.40063930457514846,0.08672237344732053,0.08892422848609932,False,1e-24,False
UniGCN,real,,172,base,46.30140367945765,0.2283729941589499,0.05472420851889611,290.3680078235327,321.85327821178527,0.15945766211130502,0.0007864950270201274,0.00017002843290254323,0.0044021083607210295,9.481298460254431e-05,2.2691098802560158e-05,0.010793014215585239,0.011960475846218357,0.4078664470175841,0.00878466225548311,0.0018971735819135146,False,1e-24,False
UniGCN,real,,172,restart,2529.5368630062676,125.38977242642092,140.10995714464772,16149.535918686111,17580.629061054853,0.1566321704687143,0.007764295708419486,0.007969564493856683,0.24049584868918966,0.05205772515338749,0.05809584033899523,0.6002802169976433,0.653318463662526,0.40063930457687197,0.08672237345045115,0.08892422848928519,False,1e-24,False
UniGCN,real,,173,base,45.23252369297442,0.22341510901955255,0.05285864555469406,283.7357154358151,314.4981059819909,0.15941780055252378,0.0007874056626124394,0.0001680730171320043,0.004300484540465385,9.275463313627728e-05,2.1917553150849385e-05,0.010546491099767132,0.01168714832167674,0.4077644877129172,0.008794833490953717,0.0018753550949805093,False,1e-24,False
UniGCN,real,,173,restart,2529.5368629271356,125.38977242604417,140.10995714414403,16149.535918118903,17580.629060431125,0.15663217046931563,0.007764295708668857,0.007969564494110778,0.24049584868166618,0.05205772515323108,0.058095840338786384,0.6002802169765602,0.6533184636393475,0.40063930457841007,0.08672237345323648,0.08892422849212038,False,1e-24,False
UniGCN,real,,174,base,44.18859025843793,0.21856748364876188,0.051058255891232605,277.2559673244433,307.31221617178227,0.1593783199144951,0.000788323821333647,0.00016614456960829671,0.004201232514932342,9.07420579133077e-05,2.1171031257844655e-05,0.010305638073279619,0.011420111546453863,0.4076635027408216,0.008805088755113866,0.001853837519163166,False,1e-24,False
UniGCN,real,,174,restart,2529.536862856812,125.38977242571161,140.10995714369994,16149.535917614598,17580.62905987657,0.1566321704698523,0.007764295708890722,0.007969564494336908,0.24049584867498017,0.05205772515309301,0.05809584033860224,0.6002802169578151,0.6533184636187395,0.4006393045797828,0.08672237345571457,0.08892422849464353,False,1e-24,False
UniGCN,real,,175,base,43.16901138712655,0.2138275199481601,0.049320698377502005,270.92521667925337,300.2916693736587,0.1593392151393352,0.0007892492347853656,0.00016424264609262706,0.004104296000763429,8.877418028829841e-05,2.045056237786848e-05,0.010070323300756932,0.011159219127172834,0.4075634791640632,0.008815425050119863,0.0018326158976546224,False,1e-24,False
UniGCN,real,,175,restart,2529.5368627943153,125.38977242541803,140.1099571433084,16149.535917166218,17580.629059383522,0.15663217047033115,0.007764295709088113,0.007969564494538142,0.24049584866903828,0.05205772515297113,0.05809584033843989,0.6002802169411487,0.6533184636004172,0.4006393045810076,0.0867223734579193,0.08892422849688889,False,1e-24,False
UniGCN,real,,176,base,42.17320950025957,0.20919268811312616,0.04764371869997904,264.74000057750004,293.43261945982727,0.1593004812580779,0.0007901816410697146,0.00016236681111897228,0.004009620084626056,8.684994996925903e-05,1.9755211771940217e-05,0.00984041806493887,0.010904328136848962,0.4074644042728448,0.008825839450734611,0.0018116853715343993,False,1e-24,False
UniGCN,real,,176,restart,2529.5368627387725,125.38977242515884,140.10995714296308,16149.535916767558,17580.629058945153,0.15663217047075845,0.007764295709263729,0.007969564494717219,0.24049584866375753,0.05205772515286352,0.058095840338296706,0.6002802169263305,0.6533184635841268,0.40063930458210056,0.08672237345988083,0.08892422849888702,False,1e-24,False
UniGCN,real,,177,base,41.20062106440794,0.20466052452649935,0.04602514603936674,258.69693794562653,286.73131131237045,0.15926211338870805,0.0007911207846206333,0.00016051663778437537,0.003917151188550179,8.49683441430641e-05,1.9084079321511177e-05,0.009615796690909534,0.010655299030539897,0.4073662655797754,0.008836329102443528,0.0017910411774285228,False,1e-24,False
UniGCN,real,,177,restart,2529.536862689411,125.38977242493003,140.1099571426586,16149.535916413102,17580.629058555394,0.15663217047113975,0.007764295709419974,0.007969564494876584,0.24049584865906448,0.052057725152768526,0.05809584033817045,0.6002802169131554,0.653318463569643,0.4006393045830759,0.08672237346162599,0.08892422850066523,False,1e-24,False
UniGCN,real,,178,base,40.25069623667454,0.20022862972956246,0.044462889861802087,252.79272757268336,280.18407861103873,0.15922410673424772,0.0007920664160403603,0.0001586917075453349,0.0038268370361937798,8.31283666330718e-05,1.8436298197956163e-05,0.00939633647225587,0.01041199556313721,0.40726905081497505,0.008846891219628106,0.0017706786452376443,False,1e-24,False
UniGCN,real,,178,restart,2529.5368626455415,125.389772424728,140.1099571423901,16149.535916097948,17580.62905820885,0.15663217047147993,0.007764295709558983,0.007969564495018403,0.2404958486548936,0.05205772515268464,0.058095840338059125,0.6002802169014411,0.6533184635567649,0.400639304583946,0.08672237346317863,0.08892422850224764,False,1e-24,False
UniGCN,real,,179,base,39.32289851935966,0.1958946664670605,0.042954936838837755,247.02414617399882,273.7873416771097,0.15918645658089392,0.0007930182919408868,0.00015689161002007367,0.0037386266200101818,8.132904708747969e-05,1.7811033585460435e-05,0.009181917599094055,0.010174284709241456,0.4071727479213119,0.008857523083795055,0.001750593195930757,False,1e-24,False
UniGCN,real,,179,restart,2529.5368626065533,125.38977242454963,140.10995714215335,16149.535915817736,17580.62905790074,0.15663217047178346,0.007764295709682657,0.00796956449514461,0.24049584865118678,0.0520577251526106,0.058095840337960954,0.6002802168910255,0.6533184635453152,0.40063930458472236,0.08672237346456,0.08892422850365585,False,1e-24,False
UniGCN,real,,180,base,38.41670442383739,0.19165635780312756,0.04149934789076042,241.38804650375076,267.53760537179954,0.1591491582962061,0.0007939761747902026,0.00015511594279648421,0.0036524701692910756,7.956944019711937e-05,1.7207481455047575e-05,0.008972423087913569,0.009942036585064486,0.40707734504976567,0.008868222041858961,0.001730780339402258,False,1e-24,False
UniGCN,real,,180,restart,2529.536862571902,125.3897724243921,140.1099571419445,16149.53591556859,17580.629057626793,0.15663217047205424,0.0077642957097926865,0.007969564495256916,0.24049584864789234,0.0520577251525452,0.058095840337874356,0.6002802168817647,0.6533184635351349,0.40063930458541497,0.08672237346578895,0.08892422850490896,False,1e-24,False
UniGCN,real,,181,base,37.531603143376664,0.18751148530514006,0.04009425534805113,235.88135551512414,261.43145704775947,0.15911220732734102,0.000794939832763159,0.0001533643112455535,0.0035683191190599636,7.784862494145181e-05,1.6624867387594268e-05,0.00876773871319002,0.009715124372304448,0.40698283055491286,0.008878985504476519,0.0017112356723901427,False,1e-24,False
UniGCN,real,,181,restart,2529.536862541105,125.38977242425307,140.10995714176036,16149.535915347064,17580.62905738321,0.15663217047229583,0.007764295709890581,0.007969564495356858,0.24049584864496432,0.05205772515248747,0.058095840337798,0.6002802168735306,0.653318463526083,0.4006393045860329,0.08672237346688237,0.0889242285060241,False,1e-24,False
UniGCN,real,,182,base,36.66709623465002,0.18345788729265644,0.038737860226026086,230.50107256678007,255.46556455223148,0.1590755991993353,0.0007959090395967921,0.00015163632834008003,0.003486126079791586,7.61657038615845e-05,1.606244544377477e-05,0.008567752940719386,0.009493424243940538,0.406889192990534,0.008889810944430579,0.001691954876453257,False,1e-24,False
UniGCN,real,,182,restart,2529.5368625137344,125.38977242413023,140.109957141598,16149.535915150094,17580.629057166636,0.15663217047251135,0.007764295709977673,0.007969564495445799,0.24049584864236204,0.05205772515243647,0.05809584033773068,0.6002802168662091,0.6533184635180349,0.4006393045865842,0.08672237346785514,0.0889242285070165,False,1e-24,False
UniGCN,real,,183,base,35.82269730768047,0.17949345714873313,0.03742842960791639,225.2442676743995,249.63667428047842,0.15903932951343186,0.0007968835744499337,0.0001499316144785033,0.0034058448079336084,7.45198023591851e-05,1.5519497078969e-05,0.008372356862627675,0.009276815291895984,0.4067964211053325,0.008900695895062092,0.0016729337160055872,False,1e-24,False
UniGCN,real,,183,restart,2529.536862489407,125.38977242402179,140.10995714145471,16149.535914974957,17580.62905697407,0.1566321704727036,0.00776429571005516,0.007969564495524942,0.24049584864004914,0.05205772515239145,0.05809584033767127,0.6002802168596993,0.653318463510879,0.400639304587076,0.08672237346872062,0.08892422850789959,False,1e-24,False
UniGCN,real,,184,base,34.99793172398582,0.17561614169103537,0.036164294131856255,220.10807980609863,243.9416092781481,0.15900339394545077,0.0007978632217669708,0.00014824979731367129,0.0033274301772076723,7.291006802022014e-05,1.4995330101255708e-05,0.008181444134011314,0.009065179456519485,0.4067045038387682,0.008911637948748392,0.0016541680364056531,False,1e-24,False
UniGCN,real,,184,restart,2529.5368624677862,125.38977242392599,140.1099571413284,16149.535914819236,17580.629056802856,0.15663217047287514,0.007764295710124094,0.007969564495595374,0.2404958486379935,0.05205772515235168,0.058095840337618894,0.6002802168539112,0.6533184635045164,0.40063930458751473,0.08672237346949058,0.08892422850868546,False,1e-24,False
UniGCN,real,,185,base,34.19233630268613,0.17182393960027856,0.03494384557744898,215.08971522055003,238.3772673912643,0.1589677882442021,0.0007988477711456016,0.00014659051158638102,0.0032508381506675494,7.133566996249528e-05,1.448927767069502e-05,0.007994910911164901,0.008858401457836552,0.4066134303169971,0.008922634755426097,0.0016356537620991578,False,1e-24,False
UniGCN,real,,185,restart,2529.536862448569,125.38977242384142,140.10995714121697,16149.535914680775,17580.629056650614,0.1566321704730281,0.007764295710185426,0.007969564495658048,0.24049584863616644,0.05205772515231657,0.05809584033757269,0.6002802168487645,0.6533184634988589,0.400639304587906,0.08672237347017561,0.08892422850938478,False,1e-24,False
UniGCN,real,,186,base,33.40545903434872,0.1681148999036503,0.033765534547771696,210.1864458466764,232.94061946257992,0.15893250822993993,0.0007998370172084464,0.00014495339896353226,0.003176025753492942,6.979579820602185e-05,1.4000697338184202e-05,0.007812655791354237,0.008656368728523678,0.4065231898489172,0.008933684021157101,0.0016173868948131077,False,1e-24,False
UniGCN,real,,186,restart,2529.536862431488,125.38977242376669,140.10995714111868,16149.535914557657,17580.62905651525,0.15663217047316452,0.00776429571023999,0.007969564495713819,0.24049584863454243,0.052057725152285544,0.058095840337531936,0.6002802168441882,0.6533184634938285,0.4006393045882549,0.08672237347078506,0.08892422851000707,False,1e-24,False
UniGCN,real,,187,base,32.636858802351135,0.16448712051097233,0.032627868242861104,205.3956077038168,227.62870757306277,0.15889754979285595,0.0008008307594783864,0.00014333810788074006,0.0031029510464980472,6.828966306527922e-05,1.3528970122245465e-05,0.0076345797540937,0.008458971348559743,0.40643377192231567,0.008944783506736172,0.0015993635117996893,False,1e-24,False
UniGCN,real,,187,restart,2529.5368624163075,125.3897724237007,140.10995714103203,16149.535914448188,17580.62905639489,0.15663217047328626,0.0077642957102885355,0.007969564495763451,0.24049584863309917,0.05205772515225815,0.058095840337496006,0.6002802168401192,0.6533184634893558,0.4006393045885663,0.08672237347132727,0.08892422851056087,False,1e-24,False
UniGCN,real,,188,base,31.886105111549824,0.1609387468014601,0.03152940832089647,200.71459936129563,222.438643327318,0.15886290889161156,0.0008018288022574922,0.00014174429338926066,0.003031573100334724,6.681649456248376e-05,1.3073499622177011e-05,0.007460586103888239,0.008266101981510125,0.4063451662001135,0.00895593102633866,0.0015815797641282703,False,1e-24,False
UniGCN,real,,188,restart,2529.5368624028147,125.38977242364243,140.10995714095552,16149.53591435085,17580.62905628787,0.1566321704733948,0.007764295710331724,0.007969564495807614,0.24049584863181633,0.052057725152233954,0.05809584033746428,0.6002802168365012,0.6533184634853789,0.40063930458884395,0.08672237347180967,0.08892422851105364,False,1e-24,False
UniGCN,real,,189,base,31.152777824048933,0.15746797025904075,0.030468768843461135,196.14088043635758,217.36760618178894,0.15882858155190738,0.000802830954509429,0.00014017161700708745,0.002961851970370693,6.53755418610175e-05,1.2633711166066755e-05,0.007290580414401442,0.008077655812400527,0.40625736251670735,0.00896712444620705,0.0015640318750239316,False,1e-24,False
UniGCN,real,,189,restart,2529.536862390821,125.38977242359095,140.10995714088807,16149.535914264296,17580.62905619271,0.15663217047349165,0.00776429571037015,0.007969564495846916,0.24049584863067605,0.05205772515221258,0.05809584033743631,0.6002802168332839,0.6533184634818425,0.40063930458909164,0.08672237347223886,0.08892422851149216,False,1e-24,False
UniGCN,real,,190,base,30.43646690186975,0.1540730271542765,0.029444614301421448,191.67197012945866,212.41284181460776,0.15879456386508897,0.0008038370297452092,0.00013861974657408175,0.002893748672223821,6.396607271820593e-05,1.2209050992233654e-05,0.007124470474012112,0.007893530487138563,0.4061703508744026,0.008978361683374868,0.00154671613825102,False,1e-24,False
UniGCN,real,,190,restart,2529.5368623801614,125.38977242354547,140.10995714082858,16149.535914187338,17580.629056108097,0.156632170473578,0.0077642957104043335,0.007969564495881888,0.24049584862966258,0.0520577251521937,0.05809584033741165,0.6002802168304234,0.6533184634786983,0.4006393045893125,0.08672237347262067,0.08892422851188238,False,1e-24,False
UniGCN,real,,191,base,29.736772156327575,0.15075219727103434,0.028455657718112516,187.30544579593402,207.57166053600216,0.15876085198678772,0.0008048468459121908,0.00013708835611100697,0.0028272251579341164,6.2587372956673e-05,1.1798985462723864e-05,0.006962166232722997,0.0077136260534424565,0.4060841214399373,0.008989640704426876,0.0015296289165402544,False,1e-24,False
UniGCN,real,,191,restart,2529.536862370686,125.38977242350532,140.10995714077612,16149.535914118906,17580.62905603286,0.156632170473655,0.0077642957104347475,0.007969564495913009,0.2404958486287617,0.052057725152177034,0.05809584033738989,0.6002802168278798,0.6533184634759024,0.4006393045895094,0.08672237347296037,0.08892422851222963,False,1e-24,False
UniGCN,real,,192,base,29.05330300392889,0.147503802676121,0.027500658826663603,183.03894155309084,202.84143573819387,0.1587274421355956,0.000805860225286198,0.00013557712568234098,0.0027622442927556375,6.123874595353382e-05,1.1403000307548524e-05,0.006803579750386256,0.007537844903237296,0.4059986645410922,0.009000959524294125,0.0015127666400579893,False,1e-24,False
UniGCN,real,,192,restart,2529.536862362263,125.38977242346981,140.10995714072982,16149.535914058053,17580.629055965957,0.15663217047372363,0.007764295710461805,0.007969564495940704,0.2404958486279609,0.05205772515216229,0.0580958403373707,0.6002802168256179,0.6533184634734162,0.400639304589685,0.08672237347326259,0.08892422851253864,False,1e-24,False
UniGCN,real,,193,base,28.38567822860709,0.1443262065301872,0.026578422318432323,178.87014692179957,198.21960238375527,0.1586943305917731,0.000806876994366675,0.00013408574126274461,0.002698769832551043,5.9919512146721117e-05,1.1020599898406413e-05,0.006648625146211245,0.007366091716480458,0.40591397066338614,0.009012316205082877,0.0014961258049162726,False,1e-24,False
UniGCN,real,,193,restart,2529.536862354777,125.38977242343844,140.10995714068895,16149.535914003944,17580.629055906473,0.1566321704737849,0.007764295710485878,0.007969564495965344,0.24049584862724915,0.052057725152149265,0.058095840337353745,0.6002802168236067,0.6533184634712057,0.4006393045898417,0.08672237347353147,0.08892422851281358,False,1e-24,False
UniGCN,real,,194,base,27.73352575012101,0.14121781193827515,0.025687796159647988,174.7968055016863,193.70365553141988,0.1586615136959895,0.0008078969837747568,0.0001326138946070704,0.0026367664017720705,5.8629008557770206e-05,1.0651306550689164e-05,0.0064972185495212505,0.007198273406378854,0.4058300304468535,0.009023708854936132,0.0014797029717224068,False,1e-24,False
UniGCN,real,,194,restart,2529.5368623481227,125.38977242341075,140.10995714065288,16149.535913955828,17580.629055853573,0.1566321704738395,0.007764295710507295,0.007969564495987272,0.2404958486266165,0.05205772515213777,0.05809584033733879,0.6002802168218182,0.6533184634692398,0.4006393045899814,0.0867223734737707,0.08892422851305826,False,1e-24,False
UniGCN,real,,195,base,27.096482398445392,0.138177060838461,0.0248276699734884,170.81671367905057,189.29114889837015,0.1586289878480936,0.0008089200281541737,0.00013116128312379942,0.0025761994720096978,5.736658833041974e-05,1.0294659852618106e-05,0.006349278051726643,0.007034299065961721,0.40574683468290035,0.009035135626926795,0.0014634947641667592,False,1e-24,False
UniGCN,real,,195,restart,2529.536862342208,125.38977242338625,140.10995714062113,16149.535913913047,17580.62905580654,0.1566321704738882,0.007764295710526346,0.007969564496006788,0.24049584862605417,0.052057725152127594,0.05809584033732563,0.600280216820228,0.6533184634674921,0.40063930459010594,0.08672237347398348,0.08892422851327601,False,1e-24,False
UniGCN,real,,196,base,26.474193693987925,0.13520243292710687,0.02399697348493353,166.92771936665997,184.9796934580541,0.15859674950591546,0.0008099459660748861,0.00012972760975179726,0.002517035341098266,5.613162028441155e-05,9.950216020411199e-06,0.006204723659482884,0.006874079915973711,0.4056643743112391,0.009046594717981315,0.0014474978676476086,False,1e-24,False
UniGCN,real,,196,restart,2529.536862336951,125.38977242336465,140.10995714059302,16149.535913875006,17580.62905576472,0.1566321704739316,0.007764295710543299,0.007969564496024147,0.24049584862555434,0.05205772515211863,0.05809584033731397,0.600280216818814,0.6533184634659379,0.40063930459021696,0.08672237347417283,0.0889242285134697,False,1e-24,False
UniGCN,real,,197,base,25.866313633472352,0.13229244461930711,0.02319467502585298,163.12772077459587,180.7669560726083,0.15856479518409694,0.0008109746399393646,0.00012831258284028648,0.0024592411127583066,5.492348848390203e-05,9.617547278425606e-06,0.0060634772490027146,0.006717529254053995,0.40558264041689746,0.009058084367832916,0.001431709027931879,False,1e-24,False
UniGCN,real,,197,restart,2529.5368623322775,125.38977242334552,140.1099571405683,16149.535913841177,17580.629055727524,0.15663217047397032,0.007764295710558379,0.0079695644960396,0.24049584862511,0.052057725152110684,0.05809584033730372,0.6002802168175566,0.6533184634645557,0.400639304590316,0.08672237347434127,0.08892422851364214,False,1e-24,False
UniGCN,real,,198,base,25.27250448133192,0.1294456480431724,0.022419780097892375,159.4146652113467,176.65065815899035,0.15853312145295084,0.000812005895891433,0.00012691591603193446,0.0024027846767632616,5.374159181992182e-05,9.296241263266237e-06,0.005925462521492646,0.006564562405168055,0.4055016242273002,0.009069602858003414,0.0014161250498506384,False,1e-24,False
UniGCN,real,,198,restart,2529.536862328123,125.38977242332865,140.1099571405465,16149.535913811096,17580.62905569446,0.15663217047400482,0.007764295710571796,0.00796956449605335,0.24049584862471501,0.05205772515210368,0.05809584033729468,0.6002802168164385,0.653318463463327,0.40063930459040425,0.08672237347449112,0.08892422851379554,False,1e-24,False
UniGCN,real,,199,base,24.692436566462284,0.12666063006665543,0.021671329990827246,155.78654791436907,172.62857438794998,0.15850172493734785,0.0008130395837275807,0.0001255373281489601,0.002347634689615754,5.258534360634571e-05,8.98590045089364e-06,0.005790604959684776,0.006415096673259801,0.40542131710942214,0.009081148510812643,0.0014007427960282784,False,1e-24,False
UniGCN,real,,199,restart,2529.536862324431,125.38977242331372,140.10995714052717,16149.535913784344,17580.62905566505,0.15663217047403566,0.007764295710583732,0.007969564496065583,0.240495848624364,0.05205772515209748,0.05809584033728667,0.6002802168154441,0.6533184634622341,0.40063930459048314,0.08672237347462444,0.08892422851393204,False,1e-24,False
UniGCN,real,,200,base,24.125788084187164,0.12393601135567828,0.020948400454151864,152.24141090935703,168.69853141499036,0.1584706023156302,0.0008140755568106795,0.00012417654308216706,0.002293760555719466,5.145417118885802e-05,8.686141605805442e-06,0.005658831785435683,0.006269051294092485,0.40534171056700974,0.009092719688414711,0.0013855591856443497,False,1e-24,False
UniGCN,real,,200,restart,2529.536862321148,125.38977242330056,140.10995714051018,16149.53591376056,17580.6290556389,0.15663217047406308,0.0077642957105943525,0.00796956449607647,0.24049584862405188,0.05205772515209202,0.058095840337279624,0.60028021681456,0.6533184634612623,0.40063930459055325,0.08672237347474307,0.08892422851405352,False,1e-24,False
UniGCN,real,,201,base,23.57224490329487,0.12127044546237511,0.020250100419764744,148.77734189748222,164.85840664249608,0.15843975031855162,0.0008151136719860123,0.00012283328968281323,0.0022411324090331228,5.034751556642082e-05,8.396595251404756e-06,0.005530071918365014,0.006126347389247807,0.40526279623786915,0.009104314791860111,0.0013705711932270445,False,1e-24,False
UniGCN,real,,201,restart,2529.53686231823,125.38977242328886,140.1099571404952,16149.535913739406,17580.62905561565,0.15663217047408753,0.007764295710603799,0.007969564496086157,0.24049584862377443,0.05205772515208716,0.05809584033727341,0.6002802168137737,0.6533184634603982,0.4006393045906158,0.08672237347484858,0.08892422851416161,False,1e-24,False
UniGCN,real,,202,base,23.031500378007525,0.11866261794231495,0.01957557077370265,145.39247316988613,161.1061270122262,0.15840916572824237,0.000816153789499555,0.00012150730165723043,0.0021897210951934594,4.926483102477373e-05,8.116905160706306e-06,0.005404255935507024,0.005986907921253422,0.40518456589121943,0.009115932260182962,0.0013557758474773648,False,1e-24,False
UniGCN,real,,202,restart,2529.5368623156355,125.38977242327859,140.10995714048198,16149.5359137206,17580.62905559497,0.15663217047410932,0.0077642957106122045,0.00796956449609478,0.24049584862352777,0.0520577251520829,0.05809584033726793,0.6002802168130748,0.6533184634596299,0.40063930459067154,0.08672237347494247,0.08892422851425782,False,1e-24,False
UniGCN,real,,203,base,22.503255164749298,0.11611124549961757,0.01892398317496121,142.08498054872777,157.43966782739372,0.15837884537719912,0.0008171957729184293,0.00012019831746411072,0.002139498154094449,4.8205584781514096e-05,7.846727866566738e-06,0.005281316031949189,0.005850657649809927,0.4051070114251085,0.009127570569512525,0.0013411702301230454,False,1e-24,False
UniGCN,real,,203,restart,2529.5368623133304,125.38977242326946,140.1099571404703,16149.535913703872,17580.62905557658,0.1566321704741288,0.00776429571061968,0.007969564496102451,0.2404958486233086,0.05205772515207911,0.05809584033726309,0.6002802168124529,0.6533184634589465,0.4006393045907214,0.08672237347502597,0.08892422851434342,False,1e-24,False
UniGCN,real,,204,base,21.987217043583648,0.11361507515892243,0.018294538919522273,138.85308235410628,153.85705160357224,0.15834878614729883,0.0008182394890534638,0.00011890608021437941,0.0020904358029104407,4.716925664232557e-05,7.585732190659665e-06,0.005161185982432602,0.0057175230890890915,0.40503012486389106,0.009139228232208262,0.0013267514748013399,False,1e-24,False
UniGCN,real,,204,restart,2529.536862311281,125.38977242326143,140.10995714045998,16149.535913689,17580.62905556024,0.15663217047414613,0.007764295710626334,0.007969564496109274,0.24049584862311374,0.052057725152075775,0.05809584033725881,0.6002802168119001,0.6533184634583392,0.4006393045907657,0.08672237347510028,0.08892422851441954,False,1e-24,False
UniGCN,real,,205,base,21.48310074419348,0.11117288346321444,0.017686467847787043,135.69503839619944,150.3563469476938,0.15831898496883567,0.000819284807883795,0.00011763033757357671,0.0020425069195512137,4.6155338667941694e-05,7.333598790448707e-06,0.005043801103889624,0.005587432466075996,0.4049538983557649,0.009150903796017672,0.0013125167659697955,False,1e-24,False
UniGCN,real,,205,restart,2529.5368623094587,125.38977242325434,140.1099571404509,16149.53591367577,17580.629055545698,0.1566321704741616,0.0077642957106322545,0.007969564496115349,0.24049584862294052,0.05205772515207283,0.05809584033725504,0.6002802168114084,0.6533184634577989,0.40063930459080527,0.08672237347516641,0.08892422851448734,False,1e-24,False
UniGCN,real,,206,base,20.990627776281865,0.10878347569655307,0.017099027293689117,132.60914899197465,146.93566746442025,0.15828943881958096,0.0008203316024834495,0.00011637084166667403,0.001995685026537317,4.5163334851448464e-05,7.0900197234428495e-06,0.004929098218894927,0.005460315679928407,0.4048783241703666,0.009162595843256254,0.0012984633378441974,False,1e-24,False
UniGCN,real,,206,restart,2529.536862307838,125.38977242324803,140.10995714044284,16149.535913664009,17580.629055532765,0.15663217047417535,0.007764295710637519,0.007969564496120752,0.24049584862278642,0.05205772515207022,0.0580958403372517,0.6002802168109712,0.6533184634573183,0.40063930459084046,0.08672237347522521,0.08892422851454762,False,1e-24,False
UniGCN,real,,207,base,20.509526264274392,0.10644568513079046,0.016531501073833287,129.5937540058479,143.59317068919077,0.15826014472386454,0.0008213797489498384,0.00011512734898525176,0.001949944275284386,4.4192760805546383e-05,6.854698028048288e-06,0.004817015620006659,0.005336104262327469,0.40480339469642196,0.009174302990008841,0.001284588473362859,False,1e-24,False
UniGCN,real,,207,restart,2529.5368623063982,125.38977242324246,140.10995714043574,16149.53591365355,17580.62905552127,0.15663217047418762,0.007764295710642203,0.007969564496125561,0.24049584862264953,0.0520577251520679,0.05809584033724876,0.6002802168105824,0.653318463456891,0.4006393045908718,0.08672237347527753,0.08892422851460127,False,1e-24,False
UniGCN,real,,208,base,20.03953078620782,0.10415837229540331,0.015983198515074855,126.64723191368252,140.32705704726612,0.15823109975167818,0.0008224291263341099,0.00011389962029696999,0.0019052594307854736,4.32431434594086e-05,6.627347320359421e-06,0.00470749303497517,0.00521473133879447,0.40472910243945215,0.00918602388535168,0.0012708895031764986,False,1e-24,False
UniGCN,real,,208,restart,2529.5368623051186,125.38977242323757,140.10995714042954,16149.53591364425,17580.629055511046,0.15663217047419858,0.007764295710646372,0.007969564496129842,0.24049584862252787,0.05205772515206587,0.058095840337246185,0.6002802168102368,0.6533184634565111,0.40063930459089986,0.08672237347532409,0.08892422851464905,False,1e-24,False
UniGCN,real,,209,base,19.58038221669296,0.10192042426960023,0.015453453519019791,123.76799888953555,137.1355688381107,0.15820230101779936,0.0008234796165733071,0.00011268742055726387,0.0018616058566807382,4.2314020764787013e-05,6.40769140625887e-06,0.004600471592797262,0.005096131590949191,0.4046554400195331,0.009197757210594681,0.0012573638046629386,False,1e-24,False
UniGCN,real,,209,restart,2529.5368623039813,125.38977242323324,140.109957140424,16149.535913635978,17580.629055501955,0.15663217047420835,0.00776429571065008,0.007969564496133648,0.24049584862241974,0.05205772515206407,0.05809584033724389,0.6002802168099293,0.6533184634561733,0.40063930459092484,0.0867223734753655,0.08892422851469152,False,1e-24,False
UniGCN,real,,210,base,19.131827573842997,0.09973075399589987,0.014941623661989005,120.95450791457704,134.01698924446853,0.1581737456809354,0.0008245311044242663,0.00011149051882319996,0.0018189595007041459,4.14049414110325e-05,6.195463908222502e-06,0.004495893790594608,0.004980241219685914,0.4045824001691058,0.00920950167854309,0.0012440088009659153,False,1e-24,False
UniGCN,real,,210,restart,2529.536862302969,125.3897724232294,140.10995714041914,16149.535913628622,17580.629055493864,0.15663217047421704,0.007764295710653378,0.007969564496137038,0.2404958486223235,0.05205772515206248,0.058095840337241876,0.6002802168096559,0.6533184634558726,0.40063930459094704,0.08672237347540235,0.08892422851472934,False,1e-24,False
UniGCN,real,,211,base,18.693619870061546,0.09758829961440968,0.014447089329049909,118.20524790762089,130.96964136550892,0.1581454309428874,0.0008255834773992128,0.00011030868816942927,0.001777296880497136,4.051546454870919e-05,5.990407906250277e-06,0.004393703461295483,0.004866997909243887,0.40450997573083824,0.009221256032778144,0.0012308219600572863,False,1e-24,False
UniGCN,real,,211,restart,2529.53686230207,125.38977242322602,140.10995714041488,16149.535913622085,17580.629055486683,0.15663217047422479,0.0077642957106563125,0.007969564496140051,0.24049584862223802,0.05205772515206107,0.05809584033724011,0.6002802168094129,0.6533184634556057,0.40063930459096686,0.08672237347543513,0.08892422851476296,False,1e-24,False
UniGCN,real,,212,base,18.265517966587815,0.09549202381706613,0.013969252880776137,115.51874287672268,127.99188727343275,0.15811735404773317,0.0008266366257029966,0.00010914170560617816,0.0017365950697794967,3.964515952149618e-05,5.7922755923676445e-06,0.004293845742099548,0.0047563407921496215,0.4044381596555351,0.009233019046956031,0.0012178007938219737,False,1e-24,False
UniGCN,real,,212,restart,2529.5368623012705,125.38977242322301,140.10995714041104,16149.535913616266,17580.629055480284,0.15663217047423172,0.007764295710658923,0.007969564496142735,0.24049584862216203,0.05205772515205982,0.05809584033723852,0.6002802168091966,0.6533184634553679,0.4006393045909846,0.08672237347546428,0.0889242285147929,False,1e-24,False
UniGCN,real,,213,base,17.847286431699185,0.09344091322112802,0.013507537851451213,112.89355109131361,125.08212709294814,0.15808951228102888,0.0008276904421719236,0.00010798935199921732,0.0016968316848679661,3.879360560608252e-05,5.600827938165004e-06,0.004196267043705966,0.0046482104150090365,0.40436694500009607,0.00924478952412467,0.0012049428571649797,False,1e-24,False
UniGCN,real,,213,restart,2529.5368623005597,125.38977242322038,140.1099571404077,16149.535913611095,17580.629055474597,0.15663217047423786,0.007764295710661246,0.00796956449614512,0.24049584862209444,0.05205772515205873,0.05809584033723712,0.6002802168090043,0.6533184634551567,0.40063930459100033,0.08672237347549022,0.08892422851481951,False,1e-24,False
UniGCN,real,,214,base,17.43869540247433,0.09143397776124326,0.013061388177484427,110.32826427435401,122.23879810303819,0.15806190296902897,0.0008287448222141317,0.00010685141199175283,0.0016579848715333556,3.7960391759773204e-05,5.415834374864501e-06,0.004100915020285655,0.004542548705128011,0.40429632492552015,0.009256566296057754,0.0011922457471398493,False,1e-24,False
UniGCN,real,,214,restart,2529.5368622999276,125.389772423218,140.10995714040476,16149.535913606494,17580.62905546954,0.15663217047424335,0.007764295710663311,0.007969564496147245,0.24049584862203435,0.05205772515205775,0.05809584033723591,0.6002802168088334,0.6533184634549687,0.4006393045910144,0.08672237347551329,0.08892422851484323,False,1e-24,False
UniGCN,real,,215,base,17.039520450022763,0.08947025009943686,0.012630267454857862,107.82150681400381,119.46037386046108,0.1580345234779234,0.0008297996637514669,0.00010572767392818466,0.00162003329218724,3.7145116375535555e-05,5.237072485424426e-06,0.004007738540178981,0.004439298937940541,0.4042262926949549,0.009268348222605532,0.0011797071020979689,False,1e-24,False
UniGCN,real,,215,restart,2529.536862299366,125.38977242321596,140.10995714040214,16149.535913602402,17580.629055465048,0.15663217047424827,0.007764295710665152,0.007969564496149136,0.24049584862198095,0.052057725152056894,0.058095840337234826,0.6002802168086813,0.6533184634548017,0.4006393045910269,0.08672237347553385,0.08892422851486433,False,1e-24,False
UniGCN,real,,216,base,16.64954244808941,0.08754878505239493,0.012213658224471359,105.37193499432034,116.74536334443545,0.15800737121309236,0.0008308548671628162,0.00010461792977967986,0.001582956113389532,3.634738704422629e-05,5.064327708211348e-06,0.0039166876573006985,0.004338405705224154,0.40415684167178995,0.009280134191061884,0.0011673246008581134,False,1e-24,False
UniGCN,real,,216,restart,2529.5368622988676,125.3897724232141,140.10995714039987,16149.535913598767,17580.62905546105,0.15663217047425265,0.007764295710666785,0.007969564496150819,0.24049584862193357,0.052057725152056124,0.05809584033723388,0.6002802168085462,0.6533184634546532,0.40063930459103814,0.08672237347555209,0.0889242285148831,False,1e-24,False
UniGCN,real,,217,base,16.26854744494537,0.0856686590354443,0.011811061284298542,102.97823624450733,114.09231012198065,0.15798044361837768,0.0008319103352288547,0.00010352197507150891,0.0015467329936684896,3.556682032375008e-05,4.897393051789313e-06,0.003827713583234448,0.0042398148840829064,0.4040879653177936,0.009291923115547175,0.0011550959618956676,False,1e-24,False
UniGCN,real,,217,restart,2529.5368622984224,125.38977242321248,140.10995714039782,16149.53591359553,17580.62905545749,0.1566321704742565,0.0077642957106682405,0.007969564496152314,0.24049584862189125,0.05205772515205545,0.058095840337233036,0.6002802168084258,0.6533184634545209,0.400639304591048,0.08672237347556835,0.08892422851489978,False,1e-24,False
UniGCN,real,,218,base,15.896326538478428,0.08382896952265097,0.011421995027311171,100.63912840625079,111.49979153339365,0.1579537381753705,0.0008329659730781639,0.00010243960881209666,0.0015113440716449386,3.480304151491013e-05,4.7360688203937266e-06,0.003740768659999542,0.004143473606678663,0.4040196571912907,0.009303713936406426,0.0011430189425509767,False,1e-24,False
UniGCN,real,,218,restart,2529.536862298028,125.38977242321104,140.10995714039603,16149.535913592652,17580.62905545433,0.15663217047425998,0.007764295710669535,0.007969564496153646,0.24049584862185375,0.052057725152054854,0.05809584033723229,0.6002802168083189,0.6533184634544035,0.4006393045910569,0.08672237347558281,0.08892422851491465,False,1e-24,False
UniGCN,real,,219,base,15.532675754399607,0.0820288345224852,0.011045994804171217,98.35335901869098,108.96641789735973,0.15792725240271452,0.0008340216881346831,0.0001013706334237391,0.0014767699544527557,3.405568444372147e-05,4.580162349675062e-06,0.003655806333473282,0.004049330230692007,0.40395191094538013,0.009315505619622386,0.0011310913382562872,False,1e-24,False
UniGCN,real,,219,restart,2529.5368622976766,125.38977242320978,140.10995714039444,16149.535913590093,17580.629055451518,0.15663217047426303,0.007764295710670688,0.007969564496154831,0.24049584862182033,0.052057725152054334,0.058095840337231634,0.6002802168082237,0.653318463454299,0.4006393045910647,0.0867223734755957,0.08892422851492787,False,1e-24,False
UniGCN,real,,220,base,15.177395927484003,0.08026739206852081,0.010682612309730768,96.11970462058983,106.4908317352057,0.15790098385542528,0.0008350773900664558,0.0001003148546749411,0.0014429917064478345,3.3324391249966014e-05,4.4294877523143375e-06,0.0035727811274524402,0.003957334310494505,0.4038847203261943,0.009327297156243058,0.0011193109817807716,False,1e-24,False
UniGCN,real,,220,restart,2529.536862297365,125.38977242320867,140.10995714039302,16149.535913587819,17580.629055449015,0.15663217047426578,0.007764295710671712,0.007969564496155884,0.24049584862179071,0.05205772515205387,0.058095840337231044,0.6002802168081393,0.653318463454206,0.4006393045910717,0.08672237347560711,0.08892422851493963,False,1e-24,False
UniGCN,real,,221,base,14.830292585766763,0.07854379972465926,0.010331414992418358,93.93697006926641,104.0717070138191,0.1578749301242241,0.0008361329907356319,9.927208161432875e-05,0.001409990838198011,3.260881218177783e-05,4.283865673128336e-06,0.0034916486183380066,0.003867436569014627,0.4038180791711951,0.009339087561823254,0.0011076757424931236,False,1e-24,False
UniGCN,real,,221,restart,2529.5368622970877,125.38977242320769,140.1099571403918,16149.535913585794,17580.629055446792,0.15663217047426825,0.007764295710672624,0.007969564496156822,0.24049584862176435,0.052057725152053466,0.05809584033723054,0.600280216808064,0.6533184634541234,0.40063930459107805,0.08672237347561731,0.08892422851495009,False,1e-24,False
UniGCN,real,,222,base,14.491175837617075,0.0768572341043882,0.009991985485627696,91.80398787588291,101.70774840676741,0.15784908883488638,0.0008371884041496932,9.82421265060947e-05,0.001377749295746619,3.190860539605498e-05,4.143123053297997e-06,0.0034123654104276876,0.0037795888702799978,0.40375198140750673,0.009350875875879811,0.0010961835256412605,False,1e-24,False
UniGCN,real,,222,restart,2529.536862296841,125.38977242320682,140.10995714039072,16149.535913583995,17580.629055444817,0.15663217047427042,0.007764295710673436,0.007969564496157657,0.24049584862174087,0.052057725152053105,0.05809584033723009,0.6002802168079971,0.65331846345405,0.4006393045910836,0.08672237347562638,0.0889242285149594,False,1e-24,False
UniGCN,real,,223,base,14.159860261615353,0.07520689040360348,0.00966392106026011,89.71961755667581,99.39769057316595,0.1578234576476051,0.0008382435464138637,9.722480476693334e-05,0.0013462494501425566,3.12234367645026e-05,4.007092903368089e-06,0.0033348891118010903,0.0036937441926192124,0.4036864210502882,0.009362661161360055,0.0010848322716486443,False,1e-24,False
UniGCN,real,,223,restart,2529.536862296622,125.38977242320603,140.10995714038975,16149.535913582395,17580.629055443056,0.1566321704742724,0.007764295710674157,0.0079695644961584,0.24049584862172008,0.05205772515205277,0.05809584033722969,0.6002802168079376,0.6533184634539845,0.40063930459108865,0.08672237347563443,0.08892422851496769,False,1e-24,False
UniGCN,real,,224,base,13.836164799160684,0.07359198194654229,0.009346833097606245,87.68274499973616,97.14029745385189,0.1577980342563673,0.0008392983356846748,9.621993490442639e-05,0.0013154740872299338,3.055297968511916e-05,3.875614084680433e-06,0.003259178310782868,0.0036098566025067726,0.4036213922011378,0.009374442504123136,0.0010736199554267924,False,1e-24,False
UniGCN,real,,224,restart,2529.536862296427,125.38977242320533,140.10995714038887,16149.535913580969,17580.62905544149,0.15663217047427413,0.007764295710674799,0.007969564496159058,0.2404958486217015,0.05205772515205248,0.058095840337229324,0.6002802168078846,0.6533184634539264,0.4006393045910931,0.0867223734756416,0.08892422851497504,False,1e-24,False
UniGCN,real,,225,base,13.519912649737757,0.0720117397443922,0.009040346581785002,85.69228184695419,94.93436158443632,0.15777281638834434,0.0008403526921246497,9.522733845683847e-05,0.0012854063976905706,2.9896914898945425e-05,3.748531098916448e-06,0.003185192552969526,0.0035278812290352292,0.4035568890465343,0.009386219012433895,0.0010625445857035158,False,1e-24,False
UniGCN,real,,225,restart,2529.536862296254,125.38977242320473,140.10995714038813,16149.535913579706,17580.6290554401,0.1566321704742757,0.007764295710675368,0.007969564496159648,0.24049584862168508,0.05205772515205224,0.05809584033722902,0.6002802168078377,0.6533184634538746,0.4006393045910971,0.08672237347564796,0.08892422851498162,False,1e-24,False
UniGCN,real,,226,base,13.210931168774485,0.07046541206615838,0.008744099610989209,83.74716489075324,92.7787034248157,0.15774780180329592,0.0008414065378580792,9.424683993428612e-05,0.0012560299673328049,2.925493031190258e-05,3.625693885437785e-06,0.0031128923188059494,0.0034477742389989793,0.4034929058563117,0.0093979898164689,0.0010516042043664851,False,1e-24,False
UniGCN,real,,226,restart,2529.536862296099,125.38977242320419,140.10995714038754,16149.53591357858,17580.62905543886,0.156632170474277,0.007764295710675877,0.007969564496160174,0.24049584862167034,0.05205772515205201,0.05809584033722877,0.6002802168077959,0.6533184634538286,0.4006393045911004,0.08672237347565365,0.08892422851498749,False,1e-24,False
UniGCN,real,,227,base,12.909051768023271,0.06895226402138653,0.008457742926817167,81.84635548524744,90.67217070473538,0.15772298829298623,0.0008424597969278543,9.327826676124188e-05,0.0012273287676202362,2.8626720821552464e-05,3.506957626126193e-06,0.0030422390016980596,0.0033694928125745744,0.4034294369821664,0.009409754067834295,0.0010407968858216926,False,1e-24,False
UniGCN,real,,227,restart,2529.5368622959627,125.38977242320372,140.1099571403869,16149.535913577578,17580.629055437763,0.15663217047427827,0.0077642957106763295,0.007969564496160637,0.24049584862165738,0.052057725152051815,0.05809584033722851,0.6002802168077586,0.6533184634537879,0.4006393045911037,0.0867223734756587,0.08892422851499265,False,1e-24,False
UniGCN,real,,228,base,12.614109818400836,0.06747157715435544,0.008180939460998177,79.98883897146723,88.61363778500841,0.1576983736806132,0.0008435123952533326,9.232144922033912e-05,0.0011992871464342177,2.8011988148619618e-05,3.3921825574356884e-06,0.0029731948866483803,0.0032929951195828045,0.4033664768561971,0.009421510939095197,0.0010301207363664269,False,1e-24,False
UniGCN,real,,228,restart,2529.536862295841,125.38977242320328,140.10995714038637,16149.535913576687,17580.629055436784,0.15663217047427938,0.00776429571067673,0.007969564496161052,0.24049584862164577,0.052057725152051634,0.05809584033722828,0.6002802168077255,0.6533184634537514,0.4006393045911065,0.08672237347566317,0.08892422851499729,False,1e-24,False
UniGCN,real,,229,base,12.325944555223288,0.06602264904936649,0.00791336389884753,78.17362411630647,86.60200503400345,0.15767395582024937,0.0008445642605892006,9.137622039744258e-05,0.0011718898190640741,2.7410440673120414e-05,3.281233789381521e-06,0.002905723129401631,0.0032182402963181972,0.40330401998947457,0.009433259623316202,0.001019573893576372,False,1e-24,False
UniGCN,real,,229,restart,2529.5368622957326,125.38977242320293,140.10995714038594,16149.535913575894,17580.62905543591,0.15663217047428038,0.00776429571067709,0.007969564496161421,0.2404958486216355,0.05205772515205149,0.05809584033722811,0.6002802168076959,0.653318463453719,0.4006393045911091,0.08672237347566719,0.08892422851500141,False,1e-24,False
UniGCN,real,,230,base,12.044398985774851,0.06460479294677308,0.007654702258812795,76.39974256485274,84.63619821902515,0.1576497325962955,0.000845615322485316,9.044241612795074e-05,0.0011451218594191962,2.6821793274951057e-05,3.1739811312012977e-06,0.0028397877360877787,0.003145188422931939,0.40324206097064436,0.009444999333612864,0.0010091545257064497,False,1e-24,False
UniGCN,real,,230,restart,2529.536862295636,125.38977242320259,140.10995714038552,16149.535913575191,17580.629055435136,0.1566321704742812,0.007764295710677407,0.007969564496161749,0.24049584862162635,0.05205772515205134,0.05809584033722793,0.6002802168076699,0.6533184634536902,0.4006393045911112,0.08672237347567073,0.08892422851500506,False,1e-24,False
UniGCN,real,,231,base,11.769319799150283,0.06321733736940537,0.007404651487498591,74.66624830577237,82.7151679122201,0.15762570192294514,0.0008466655122474942,8.951987494429846e-05,0.0011189686914573015,2.6245767178791367e-05,3.070298923434185e-06,0.002775353543350332,0.0030738005013545913,0.40318059446455695,0.009456729302713693,0.0009988608311050562,False,1e-24,False
UniGCN,real,,231,restart,2529.5368622955507,125.38977242320232,140.1099571403852,16149.535913574568,17580.629055434452,0.15663217047428196,0.00776429571067769,0.00796956449616204,0.2404958486216182,0.05205772515205123,0.058095840337227804,0.6002802168076466,0.6533184634536647,0.40063930459111313,0.0867223734756739,0.08892422851500832,False,1e-24,False
UniGCN,real,,232,base,11.500557278312755,0.061859625759058616,0.007162919069581211,72.9722171494293,80.83788891065156,0.15760186174366086,0.0008477147628992167,8.860843802462773e-05,0.0010934160808233338,2.5682089803186676e-05,2.970065876174104e-06,0.00271238619894796,0.0030040384337453284,0.40311961521092815,0.009468448782532465,0.0009886910376413296,False,1e-24,False
UniGCN,real,,232,restart,2529.5368622954743,125.38977242320205,140.1099571403849,16149.53591357401,17580.629055433837,0.15663217047428266,0.007764295710677941,0.007969564496162302,0.24049584862161094,0.05205772515205112,0.05809584033722767,0.6002802168076259,0.653318463453642,0.4006393045911149,0.0867223734756767,0.08892422851501124,False,1e-24,False
UniGCN,real,,233,base,11.237965214310435,0.06053101612272688,0.006929222652047685,71.31674621842565,79.00335967019444,0.15757821003066114,0.0008487630091442377,8.770794914259664e-05,0.0010684501266936004,2.513049461367562e-05,2.873164913262479e-06,0.0026508521428178188,0.0029358650014547597,0.40305911802302663,0.009480157043750563,0.0009786434021451216,False,1e-24,False
UniGCN,real,,233,restart,2529.5368622954065,125.38977242320182,140.10995714038458,16149.53591357351,17580.62905543329,0.1566321704742833,0.0077642957106781665,0.007969564496162531,0.2404958486216045,0.052057725152051024,0.05809584033722754,0.6002802168076073,0.6533184634536217,0.4006393045911165,0.08672237347567922,0.08892422851501379,False,1e-24,False
UniGCN,real,,234,base,10.981400822596726,0.05923088068827434,0.006703289682216156,69.69895345025945,77.21060175291153,0.15755474478441897,0.0008498101873300631,8.681825461829641e-05,0.0010440572538199144,2.4590720979836176e-05,2.779483022195332e-06,0.0025907185885892816,0.002869243844488729,0.40299909778639165,0.009491853375409061,0.0009687162098593291,False,1e-24,False
UniGCN,real,,234,restart,2529.5368622953465,125.38977242320163,140.10995714038435,16149.535913573074,17580.629055432808,0.15663217047428382,0.007764295710678365,0.007969564496162738,0.24049584862159878,0.05205772515205095,0.05809584033722745,0.6002802168075911,0.6533184634536037,0.4006393045911179,0.08672237347568143,0.0889242285150161,False,1e-24,False
UniGCN,real,,235,base,10.730724661400291,0.05795860556924869,0.006484857059015809,68.11797711180321,75.45865928758053,0.15753146403316953,0.0008508562354122794,8.593920327024851e-05,0.0010202242047686206,2.4062514036127148e-05,2.688911109528381e-06,0.002531953505537046,0.002804139441460814,0.4029395494575733,0.009503537084510289,0.0009589077739042802,False,1e-24,False
UniGCN,real,,235,restart,2529.536862295293,125.38977242320145,140.10995714038413,16149.53591357268,17580.62905543238,0.15663217047428432,0.007764295710678544,0.00796956449616292,0.24049584862159368,0.05205772515205087,0.05809584033722735,0.6002802168075765,0.6533184634535877,0.4006393045911192,0.08672237347568343,0.08892422851501813,False,1e-24,False
UniGCN,real,,236,base,10.485800552092906,0.056713590438551786,0.006273670797025057,66.57297532531416,73.74659844305009,0.1575083658324298,0.0008519010929197064,8.50706463684535e-05,0.000996938032349564,2.3545624546406917e-05,2.601343861572281e-06,0.0024745256009628784,0.0027405170900215714,0.4028804680629042,0.009515207495628626,0.0009492164347538533,False,1e-24,False
UniGCN,real,,236,restart,2529.536862295245,125.38977242320128,140.10995714038393,16149.535913572332,17580.629055431993,0.15663217047428474,0.0077642957106787,0.007969564496163083,0.24049584862158915,0.0520577251520508,0.05809584033722727,0.6002802168075636,0.6533184634535734,0.40063930459112024,0.08672237347568518,0.08892422851501995,False,1e-24,False
UniGCN,real,,237,base,10.246495501504024,0.055495248210693175,0.006069485702786353,65.06312560569475,72.0735069141106,0.15748544826452643,0.0008529447009203609,8.421243758846519e-05,0.0009741860922301445,2.3039808772015533e-05,2.516679610178299e-06,0.0024184043029955304,0.0026783428877528415,0.4028218486972916,0.009526863950530325,0.0009396405597230385,False,1e-24,False
UniGCN,real,,237,restart,2529.5368622952033,125.38977242320117,140.10995714038378,16149.535913572025,17580.62905543166,0.15663217047428513,0.0077642957106788405,0.007969564496163227,0.24049584862158518,0.05205772515205075,0.058095840337227214,0.6002802168075522,0.6533184634535609,0.40063930459112124,0.08672237347568675,0.08892422851502156,False,1e-24,False
UniGCN,real,,238,base,10.012679626132924,0.0543030047323618,0.005872065062934794,63.58762440872875,70.43849341957451,0.15746270943813512,0.0008539870019881976,8.33644329664634e-05,0.0009519560357297822,2.2544828343310207e-05,2.4348202034225205e-06,0.002363559743798619,0.002617583713515778,0.40276368652303934,0.009538505807802031,0.0009301785424666395,False,1e-24,False
UniGCN,real,,238,restart,2529.5368622951655,125.38977242320104,140.10995714038364,16149.535913571746,17580.629055431353,0.1566321704742855,0.007764295710678967,0.007969564496163355,0.24049584862158158,0.052057725152050704,0.05809584033722715,0.6002802168075418,0.6533184634535496,0.4006393045911221,0.08672237347568816,0.08892422851502299,False,1e-24,False
UniGCN,real,,239,base,9.784226078210015,0.053136298481061356,0.005681180343695838,62.145686690025784,68.84068721226794,0.15744014748782809,0.0008550279401706182,8.252649085530058e-05,0.0009302358027901919,2.206045013454858e-05,2.3556708810041893e-06,0.00230996274317654,0.0025582072092415137,0.4027059767686903,0.00955013244248788,0.0009208288024888432,False,1e-24,False
UniGCN,real,,239,restart,2529.5368622951323,125.38977242320091,140.10995714038344,16149.5359135715,17580.629055431084,0.15663217047428582,0.007764295710679077,0.00796956449616347,0.24049584862157844,0.05205772515205065,0.058095840337227075,0.6002802168075326,0.6533184634535396,0.400639304591123,0.0867223734756894,0.08892422851502427,False,1e-24,False
UniGCN,real,,240,base,9.561010973560707,0.05199458027156349,0.005496610901324704,60.73654547441351,67.27923760064316,0.1574177605736315,0.0008560674609567193,8.169847188149704e-05,0.0009090136151170375,2.1586446142017738e-05,2.279140154180964e-06,0.0022575847925687263,0.0025001817621536754,0.4026487147278943,0.009561743245734852,0.0009115897846633739,False,1e-24,False
UniGCN,real,,240,restart,2529.5368622951028,125.38977242320081,140.10995714038336,16149.535913571282,17580.629055430843,0.1566321704742861,0.007764295710679175,0.007969564496163572,0.2404958486215756,0.05205772515205061,0.058095840337227034,0.6002802168075245,0.6533184634535307,0.4006393045911237,0.08672237347569048,0.0889242285150254,False,1e-24,False
UniGCN,real,,241,base,9.342913321226096,0.05087731296994198,0.005318143703076708,59.35945143552303,65.75331348172892,0.15739554688059215,0.000857105511246268,8.088023890316153e-05,0.0008882779694886139,2.1122593365310535e-05,2.2051396900707697e-06,0.0022063980394227824,0.002443476487412225,0.4025918957582999,0.009573337624446237,0.000902459958763971,False,1e-24,False
UniGCN,real,,241,restart,2529.536862295076,125.38977242320072,140.10995714038327,16149.53591357109,17580.62905543063,0.15663217047428632,0.007764295710679263,0.007969564496163662,0.24049584862157306,0.05205772515205057,0.058095840337227,0.6002802168075174,0.6533184634535227,0.4006393045911243,0.08672237347569146,0.08892422851502642,False,1e-24,False
UniGCN,real,,242,base,9.129814954796192,0.04978397121495965,0.00514557305831377,58.013672485320576,64.26210288514302,0.15737350461835256,0.0008581420393193808,8.007165696881347e-05,0.0008680176312273514,2.0668673691654603e-05,2.1335842001565534e-06,0.0021563752719373306,0.0023880612111683882,0.4025355152804674,0.009584915000942973,0.0008934378190049287,False,1e-24,False
UniGCN,real,,242,restart,2529.5368622950523,125.38977242320068,140.10995714038316,16149.535913570917,17580.62905543044,0.15663217047428651,0.0077642957106793435,0.007969564496163744,0.2404958486215708,0.05205772515205055,0.05809584033722696,0.600280216807511,0.6533184634535156,0.4006393045911248,0.08672237347569237,0.08892422851502732,False,1e-24,False
UniGCN,real,,243,base,8.921600465412453,0.048714041146587644,0.004978700359367593,56.69849337334367,62.80481252789787,0.15735163202073496,0.0008591769948068875,7.927259327708456e-05,0.0008482216278300274,2.022447378320243e-05,2.0643913328365975e-06,0.0021074899041655677,0.0023339064540206663,0.4024795687768048,0.009596474812632632,0.0008845218835914483,False,1e-24,False
UniGCN,real,,243,restart,2529.536862295031,125.38977242320061,140.1099571403831,16149.535913570766,17580.629055430272,0.15663217047428665,0.007764295710679411,0.007969564496163815,0.24049584862156878,0.052057725152050524,0.05809584033722693,0.6002802168075053,0.6533184634535094,0.4006393045911251,0.08672237347569312,0.08892422851502811,False,1e-24,False
UniGCN,real,,244,base,8.718157136397602,0.04766702014144461,0.004817333831794743,55.413215295406324,61.38066737973723,0.15732992734533352,0.0008602103286613678,7.848291713727805e-05,0.0008288792427526927,1.978978496719438e-05,1.9974815698691307e-06,0.002059715961470791,0.0022809834148621957,0.40242405179052493,0.00960801651168591,0.0008757106942795579,False,1e-24,False
UniGCN,real,,244,restart,2529.5368622950127,125.38977242320053,140.10995714038302,16149.535913570626,17580.62905543012,0.1566321704742869,0.007764295710679474,0.00796956449616388,0.24049584862156706,0.05205772515205049,0.058095840337226895,0.6002802168075001,0.6533184634535038,0.40063930459112573,0.08672237347569382,0.08892422851502883,False,1e-24,False
UniGCN,real,,245,base,8.519374879471798,0.046642416554950925,0.00466128829367298,54.15715551154437,59.98891023874866,0.15730838887311524,0.0008612419931288383,7.770249993076406e-05,0.0008099800093464208,1.9364403128909584e-05,1.9327781265658443e-06,0.00201302806632538,0.0022292639551099716,0.40236895992462435,0.009619539564720394,0.0008670028159453635,False,1e-24,False
UniGCN,real,,245,restart,2529.536862294996,125.38977242320045,140.10995714038293,16149.535913570506,17580.62905542999,0.156632170474287,0.007764295710679527,0.007969564496163936,0.24049584862156545,0.05205772515205046,0.05809584033722686,0.6002802168074957,0.6533184634534989,0.40063930459112607,0.08672237347569442,0.08892422851502947,False,1e-24,False
UniGCN,real,,246,base,8.325146172515291,0.0456397494699997,0.004510384923601678,52.92964697297687,58.628801317002434,0.15728701490802838,0.0008622719417210734,7.693121507319065e-05,0.00079151370494009,1.894812860732236e-05,1.870206855594518e-06,0.001967401424444905,0.0021787205833066637,0.40231428884088194,0.0096310434524914,0.0008583968361634001,False,1e-24,False
UniGCN,real,,246,restart,2529.536862294982,125.38977242320044,140.1099571403829,16149.5359135704,17580.62905542987,0.15663217047428718,0.007764295710679578,0.007969564496163987,0.24049584862156412,0.052057725152050455,0.058095840337226846,0.6002802168074918,0.6533184634534944,0.40063930459112645,0.08672237347569497,0.08892422851503003,False,1e-24,False
UniGCN,real,,247,base,8.13536599883881,0.04465854845195427,0.004364451037082246,51.73003795786602,57.29961783597446,0.157265803776619,0.000863300129188549,7.616893797749048e-05,0.0007734703450665106,1.854076609338522e-05,1.8096961542563596e-06,0.0019228118112492797,0.002129326440086017,0.402260034258878,0.00964252766958978,0.0008498913647938614,False,1e-24,False
UniGCN,real,,247,restart,2529.5368622949686,125.3897724232004,140.10995714038287,16149.5359135703,17580.629055429767,0.15663217047428732,0.007764295710679622,0.007969564496164034,0.24049584862156287,0.052057725152050434,0.05809584033722684,0.600280216807488,0.6533184634534906,0.40063930459112684,0.08672237347569547,0.08892422851503055,False,1e-24,False
UniGCN,real,,248,base,7.949931787923864,0.04369835330978707,0.004223319870966872,50.55769171566268,56.00065363151627,0.1572447538276553,0.0008643265114939851,7.54155460176639e-05,0.0007558401778283076,1.8142124530861534e-05,1.7511768751088375e-06,0.0018792355586430408,0.002081055283493039,0.40220619195503354,0.009653991724146388,0.0008414850335784917,False,1e-24,False
UniGCN,real,,248,restart,2529.5368622949572,125.38977242320038,140.10995714038285,16149.535913570218,17580.629055429672,0.1566321704742874,0.00776429571067966,0.007969564496164074,0.2404958486215618,0.052057725152050434,0.058095840337226826,0.600280216807485,0.6533184634534871,0.400639304591127,0.0867223734756959,0.088924228515031,False,1e-24,False
UniGCN,real,,249,base,7.768743357596211,0.04275871386318255,0.004086830375675901,49.41198611983054,54.73121876814159,0.1572238634317591,0.0008653510457864833,7.46709184933188e-05,0.000738613678400059,1.7752017019634307e-05,1.6945822398097344e-06,0.0018366495421070633,0.002033881474650397,0.40215275776166737,0.009665435137543237,0.0008331764957449229,False,1e-24,False
UniGCN,real,,249,restart,2529.536862294947,125.38977242320031,140.1099571403828,16149.535913570142,17580.62905542959,0.15663217047428749,0.007764295710679692,0.007969564496164108,0.2404958486215608,0.0520577251520504,0.0580958403372268,0.6002802168074821,0.653318463453484,0.40063930459112723,0.08672237347569625,0.08892422851503139,False,1e-24,False
UniGCN,real,,250,base,7.591702857596658,0.04183918971543169,0.003954827014895701,48.292313328746864,53.4906391624042,0.157203130981045,0.0008663736903762315,7.393493659494995e-05,0.0007217815436632879,1.7370260721419424e-05,1.6398477560629436e-06,0.001795031168094199,0.001987779963762664,0.4020997275660734,0.00967685744413095,0.0008249644256192619,False,1e-24,False
UniGCN,real,,250,restart,2529.5368622949372,125.38977242320031,140.10995714038276,16149.535913570075,17580.629055429512,0.15663217047428757,0.007764295710679726,0.007969564496164141,0.24049584862155987,0.0520577251520504,0.05809584033722679,0.6002802168074797,0.6533184634534812,0.40063930459112745,0.08672237347569664,0.08892422851503176,False,1e-24,False
UniGCN,real,,251,base,7.4187147145143335,0.04093935003195245,0.0038271595724798835,47.198079454582874,52.27825621514837,0.15718255488876648,0.0008673944047097724,7.320748336993898e-05,0.0007053346869709893,1.699667676781458e-05,1.5869111375510983e-06,0.0017543583617215207,0.0019427262764502775,0.4020470973096152,0.009688258190952528,0.0008168475182467189,False,1e-24,False
UniGCN,real,,251,restart,2529.536862294929,125.38977242320028,140.1099571403827,16149.535913570015,17580.62905542945,0.15663217047428765,0.007764295710679753,0.007969564496164165,0.2404958486215591,0.05205772515205039,0.05809584033722676,0.6002802168074775,0.6533184634534789,0.4006393045911277,0.08672237347569693,0.08892422851503202,False,1e-24,False
UniGCN,real,,252,base,7.249685578048448,0.04005877332427536,0.003703682966287307,46.12870423997157,51.09342645241715,0.1571621335889689,0.0008684131493458151,7.248844368925842e-05,0.000689264233038465,1.6631090170617206e-05,1.5357122267445016e-06,0.001714609554752026,0.001898696500405236,0.4019948629868386,0.009699636937473187,0.0008088244890200919,False,1e-24,False
UniGCN,real,,252,restart,2529.5368622949222,125.38977242320028,140.1099571403827,16149.535913569962,17580.62905542939,0.15663217047428774,0.007764295710679779,0.007969564496164193,0.24049584862155846,0.05205772515205039,0.05809584033722676,0.6002802168074755,0.6533184634534766,0.4006393045911279,0.08672237347569722,0.08892422851503233,False,1e-24,False
UniGCN,real,,253,base,7.084524268565492,0.039197047239339575,0.0035842570687005726,45.08362074227589,49.93552117481095,0.15714186553614978,0.0008694298859315807,7.177770421486229e-05,0.0006735615129573215,1.627332973434705e-05,1.486192920480085e-06,0.0016757636738588457,0.0018556672723608202,0.40194302064460274,0.00971099325531614,0.0008008940733159118,False,1e-24,False
UniGCN,real,,253,restart,2529.5368622949154,125.38977242320021,140.10995714038268,16149.535913569911,17580.629055429334,0.1566321704742878,0.007764295710679797,0.007969564496164218,0.24049584862155782,0.05205772515205036,0.058095840337226756,0.6002802168074736,0.6533184634534746,0.400639304591128,0.08672237347569743,0.08892422851503261,False,1e-24,False
UniGCN,real,,254,base,6.923141725919617,0.038353768353949214,0.0034687465335784015,44.06227502527452,48.80392611509244,0.15712174920492508,0.0008704445771796654,7.107515336774727e-05,0.0006582180593295644,1.592322797091123e-05,1.4382970982081422e-06,0.001637800129165168,0.0018136157653677566,0.4018915663812265,0.00972232672800419,0.00079305502613807,False,1e-24,False
UniGCN,real,,254,restart,2529.53686229491,125.38977242320021,140.10995714038265,16149.53591356987,17580.62905542929,0.15663217047428785,0.007764295710679817,0.007969564496164235,0.2404958486215573,0.05205772515205036,0.05809584033722674,0.6002802168074721,0.653318463453473,0.4006393045911282,0.08672237347569765,0.0889242285150328,False,1e-24,False
UniGCN,real,,255,base,6.765450959504865,0.03752854197424538,0.0033570206294047363,43.064125858087216,47.698041103839635,0.15710178308970246,0.0008714571868454103,7.03806812966686e-05,0.000643225601518812,1.558062101635155e-05,1.3919705528085021e-06,0.0016006988030532558,0.0017725196763694632,0.40184049634565233,0.009733636950706944,0.0007853061217687495,False,1e-24,False
UniGCN,real,,255,restart,2529.536862294905,125.3897724232002,140.10995714038262,16149.53591356983,17580.629055429246,0.15663217047428793,0.007764295710679836,0.007969564496164252,0.24049584862155682,0.05205772515205036,0.05809584033722673,0.6002802168074706,0.6533184634534713,0.4006393045911284,0.08672237347569786,0.088924228515033,False,1e-24,False
UniGCN,real,,256,base,6.611366999508652,0.0367209819400536,0.003248953078406417,42.088644421166066,46.617279742954175,0.15708196570436098,0.0008724676797047634,6.969417984749464e-05,0.0006285760610157176,1.5245348549615996e-05,1.3471609238815375e-06,0.001564440039236107,0.0017323572140692009,0.4017898067366276,0.009744923529993564,0.0007776461534264859,False,1e-24,False
UniGCN,real,,256,restart,2529.5368622949004,125.38977242320018,140.1099571403826,16149.535913569798,17580.62905542921,0.15663217047428796,0.00776429571067985,0.007969564496164268,0.24049584862155637,0.05205772515205035,0.05809584033722672,0.6002802168074693,0.65331846345347,0.40063930459112845,0.08672237347569803,0.08892422851503316,False,1e-24,False
