family,section,series,step,mean,sd,lower,upper,seeds
HGNN,diagnostics,un,0,1.0,0.0,1.0,1.0,10
HGNN,diagnostics,un,1,0.4536425965005894,0.007705393388340034,0.4459372031122494,0.46134798988892944,10
HGNN,diagnostics,un,2,0.27053068472811226,0.005354406625796188,0.2651762781023161,0.27588509135390843,10
HGNN,diagnostics,un,3,0.20538745962531157,0.00467381278119816,0.2007136468441134,0.21006127240650974,10
HGNN,diagnostics,un,4,0.17168688240276914,0.0043655227269867375,0.1673213596757824,0.17605240512975587,10
HGNN,diagnostics,un,5,0.14985972898326555,0.004031347750483917,0.14582838123278163,0.15389107673374947,10
HGNN,diagnostics,un,6,0.13414583549430364,0.0036961595245714476,0.1304496759697322,0.1378419950188751,10
HGNN,diagnostics,un,7,0.1221401074714364,0.0033834510326775052,0.11875665643875889,0.1255235585041139,10
HGNN,diagnostics,un,8,0.1125885287623081,0.0030989192473988266,0.10948960951490927,0.11568744800970693,10
HGNN,diagnostics,un,9,0.10475489577461092,0.002842231562776079,0.10191266421183484,0.107597127337387,10
HGNN,diagnostics,un,10,0.09817687565998176,0.0026120142318967325,0.09556486142808503,0.1007888898918785,10
HGNN,diagnostics,un,11,0.09255093356153914,0.002407164783645298,0.09014376877789385,0.09495809834518443,10
HGNN,diagnostics,un,12,0.08767067926836444,0.0022269483484819567,0.08544373091988249,0.0898976276168464,10
HGNN,diagnostics,un,13,0.08339119732178861,0.002070762415643364,0.08132043490614524,0.08546195973743198,10
HGNN,diagnostics,un,14,0.07960745470453792,0.0019378608887976017,0.07766959381574032,0.08154531559333553,10
HGNN,diagnostics,un,15,0.0762408696446669,0.0018271406769444782,0.07441372896772243,0.07806801032161138,10
HGNN,diagnostics,un,16,0.07323080527877265,0.0017370313389000426,0.0714937739398726,0.0749678366176727,10
HGNN,diagnostics,un,17,0.07052910581447117,0.0016654984018618425,0.06886360741260933,0.072194604216333,10
HGNN,diagnostics,un,18,0.06809653952404358,0.0016101465476180427,0.06648639297642554,0.06970668607166162,10
HGNN,diagnostics,un,19,0.06590044869536214,0.001568387524016904,0.06433206117134524,0.06746883621937905,10
HGNN,diagnostics,un,20,0.06391316975051262,0.0015376266495596592,0.06237554310095296,0.06545079640007227,10
HGNN,diagnostics,un,21,0.06211094871152484,0.001515426152221577,0.06059552255930326,0.06362637486374642,10
HGNN,diagnostics,un,22,0.06047317808029168,0.001499619890107941,0.05897355819018374,0.06197279797039962,10
HGNN,diagnostics,un,23,0.05898184451122986,0.0014883731449844082,0.057493471366245455,0.06047021765621427,10
HGNN,diagnostics,un,24,0.0576211165958742,0.0014801953007633456,0.05614092129511085,0.059101311896637546,10
HGNN,diagnostics,un,25,0.05637702737889958,0.0014739195897898359,0.05490310778910974,0.05785094696868942,10
HGNN,diagnostics,un,26,0.055237222305793456,0.001468664243336335,0.053768558062457124,0.05670588654912979,10
HGNN,diagnostics,un,27,0.05419075355263875,0.0014637863146162269,0.052726967238022525,0.05565453986725497,10
HGNN,diagnostics,un,28,0.05322790823847641,0.0014588356031775057,0.0517690726352989,0.054686743841653916,10
HGNN,diagnostics,un,29,0.052340062215703434,0.0014535128131235797,0.050886549402579855,0.05379357502882701,10
HGNN,diagnostics,un,30,0.05151955382690473,0.0014476337385617244,0.050071920088343005,0.05296718756546645,10
HGNN,diagnostics,un,31,0.05075957375022291,0.0014410998245821273,0.04931847392564078,0.05220067357480503,10
HGNN,diagnostics,un,32,0.05005406817627419,0.0014338746726287425,0.04862019350364545,0.05148794284890293,10
HGNN,diagnostics,un,33,0.04939765328924748,0.0014259657128685057,0.04797168757637897,0.05082361900211599,10
HGNN,diagnostics,un,34,0.048785539504954865,0.0014174101735368156,0.04736812933141805,0.05020294967849168,10
HGNN,diagnostics,un,35,0.04821346423991453,0.0014082645176743415,0.04680519972224019,0.04962172875758887,10
HGNN,diagnostics,un,36,0.047677632205924345,0.0013985966175593019,0.04627903558836504,0.04907622882348365,10
HGNN,diagnostics,un,37,0.04717466238083666,0.0013884800550432626,0.0457861823257934,0.04856314243587992,10
HGNN,diagnostics,un,38,0.04670154092165789,0.001377990050616102,0.045323550871041784,0.04807953097227399,10
HGNN,diagnostics,un,39,0.04625557937529814,0.0013672006258211586,0.04488837874947698,0.047622780001119296,10
HGNN,diagnostics,un,40,0.04583437761439803,0.0013561826895241674,0.044478194924873864,0.04719056030392219,10
HGNN,diagnostics,un,41,0.045435790986285265,0.0013450028086874168,0.04409078817759785,0.04678079379497268,10
HGNN,diagnostics,un,42,0.045057901215696285,0.0013337224803583066,0.04372417873533798,0.04639162369605459,10
HGNN,diagnostics,un,43,0.044698990648523736,0.0013223977656902195,0.04337659288283351,0.04602138841421396,10
HGNN,diagnostics,un,44,0.044357519465778414,0.0013110791811235542,0.04304644028465486,0.04566859864690197,10
HGNN,diagnostics,un,45,0.044032105534955214,0.0012998117683052787,0.042732293766649936,0.04533191730326049,10
HGNN,diagnostics,un,46,0.04372150660055442,0.0012886352845688034,0.04243287131598562,0.04501014188512322,10
HGNN,diagnostics,un,47,0.04342460454696039,0.0012775844711911044,0.04214702007576929,0.0447021890181515,10
HGNN,diagnostics,un,48,0.04314039149546385,0.0012666893682849358,0.04187370212717891,0.04440708086374879,10
HGNN,diagnostics,un,49,0.042867957523133646,0.0012559756539354601,0.041611981869198185,0.044123933177069107,10
HGNN,diagnostics,un,50,0.042606479814681394,0.0012454649917325324,0.04136101482294886,0.043851944806413926,10
HGNN,diagnostics,un,51,0.04235521307959263,0.0012351753757077924,0.04112003770388484,0.043590388455300416,10
HGNN,diagnostics,un,52,0.042113481085789786,0.0012251214652680348,0.04088835962052175,0.04333860255105782,10
HGNN,diagnostics,un,53,0.04188066917811592,0.0012153149053351748,0.04066535427278074,0.0430959840834511,10
HGNN,diagnostics,un,54,0.041656217665143234,0.001205764628798145,0.04045045303634509,0.04286198229394138,10
HGNN,diagnostics,un,55,0.04143961597137956,0.0011964771397364638,0.04024313883164309,0.042636093111116026,10
HGNN,diagnostics,un,56,0.04123039746401792,0.0011874567768269837,0.04004294068719094,0.042417854240844904,10
HGNN,diagnostics,un,57,0.04102813487409493,0.0011787059570006902,0.03984942891709424,0.04220684083109562,10
HGNN,diagnostics,un,58,0.04083243624142645,0.0011702253998538237,0.03966221084157263,0.04200266164128027,10
HGNN,diagnostics,un,59,0.04064294132110025,0.0011620143335977454,0.03948092698750251,0.041804955654697995,10
HGNN,diagnostics,un,60,0.04045931839673996,0.0011540706834985749,0.039305247713241384,0.04161338908023854,10
HGNN,diagnostics,un,61,0.04028126145231843,0.0011463912438448066,0.03913487020847362,0.04142765269616324,10
HGNN,diagnostics,un,62,0.04010848766008844,0.0011389718345126548,0.038969515825575785,0.041247459494601096,10
HGNN,diagnostics,un,63,0.03994073514730058,0.0011318074431935416,0.03880892770410704,0.04107254259049412,10
HGNN,diagnostics,un,64,0.03977776100887086,0.001124892354318319,0.03865286865455254,0.04090265336318918,10
HGNN,diagnostics,un,65,0.03961933953711535,0.0011182202656682386,0.03850111927144711,0.04073755980278359,10
HGNN,diagnostics,un,66,0.039465260643147,0.0011117843936100614,0.038353476249536944,0.04057704503675706,10
HGNN,diagnostics,un,67,0.039315328447588505,0.0011055775678359238,0.038209750879752584,0.040420906015424425,10
HGNN,diagnostics,un,68,0.039169360020943254,0.0010995923164316555,0.0380697677045116,0.04026895233737491,10
HGNN,diagnostics,un,69,0.03902718425632908,0.0010938209420411566,0.03793336331428793,0.04012100519837024,10
HGNN,diagnostics,un,70,0.038888640859354985,0.0010882555898411247,0.03780038526951386,0.03997689644919611,10
HGNN,diagnostics,un,71,0.03875357944174451,0.001082888307990054,0.03767069113375446,0.039836467749734567,10
HGNN,diagnostics,un,72,0.038621858706911434,0.0010777111011683945,0.03754414760574304,0.03969956980807983,10
HGNN,diagnostics,un,73,0.03849334571710004,0.0010727159777832386,0.0374206297393168,0.039566061694883276,10
HGNN,diagnostics,un,74,0.0383679152329385,0.0010678949913704404,0.03730002024156806,0.039435810224308934,10
HGNN,diagnostics,un,75,0.03824544911733942,0.0010632402766898009,0.037182208840649614,0.03930868939402922,10
HGNN,diagnostics,un,76,0.03812583579663529,0.0010587440809742387,0.03706709171566105,0.03918457987760953,10
HGNN,diagnostics,un,77,0.03800896977267488,0.001054398790761922,0.03695457098191296,0.0390633685634368,10
HGNN,diagnostics,un,78,0.03789475118034295,0.0010501969547103127,0.03684455422563264,0.03894494813505327,10
HGNN,diagnostics,un,79,0.037783085385612813,0.0010461313027631946,0.03673695408284962,0.03882921668837601,10
HGNN,diagnostics,un,80,0.03767388261981051,0.0010421947620158109,0.0366316878577947,0.038716077381826315,10
HGNN,diagnostics,un,81,0.03756705764626978,0.0010383804695984402,0.03652867717667134,0.038605438115868224,10
HGNN,diagnostics,un,82,0.03746252945599692,0.001034681782875985,0.03642784767312094,0.038497211238872904,10
HGNN,diagnostics,un,83,0.03736022098935219,0.0010310922872390994,0.03632912870211309,0.03839131327659129,10
HGNN,diagnostics,un,84,0.03726005888109484,0.0010276058017421189,0.036232453079352724,0.03828766468283696,10
HGNN,diagnostics,un,85,0.03716197322643953,0.0010242163828234844,0.036137756843616045,0.03818618960926301,10
HGNN,diagnostics,un,86,0.03706589736603559,0.0010209183263260445,0.036044979039709546,0.038086815692361636,10
HGNN,diagnostics,un,87,0.03697176768801403,0.001017706168017439,0.03595406151999659,0.03798947385603147,10
HGNN,diagnostics,un,88,0.03687952344545222,0.0010145746827942958,0.035864948762657924,0.03789409812824652,10
HGNN,diagnostics,un,89,0.036789106587787467,0.0010115188827385852,0.03577758770504888,0.03780062547052605,10
HGNN,diagnostics,un,90,0.03670046160487053,0.0010085340141801156,0.03569192759069042,0.037708995619050646,10
HGNN,diagnostics,un,91,0.036613535382491194,0.0010056155539053355,0.03560791982858586,0.03761915093639653,10
HGNN,diagnostics,un,92,0.03652827706833276,0.0010027592046400289,0.035525517863692735,0.03753103627297279,10
HGNN,diagnostics,un,93,0.036444637947422774,0.0009999608899214246,0.03544467705750135,0.037444598837344197,10
HGNN,diagnostics,un,94,0.03636257132624449,0.0009972167484641238,0.03536535457778037,0.03735978807470862,10
HGNN,diagnostics,un,95,0.036282032424760156,0.0009945231281138704,0.035287509296646286,0.03727655555287403,10
HGNN,diagnostics,un,96,0.03620297827567401,0.0009918765794736271,0.035211101696200384,0.03719485485514763,10
HGNN,diagnostics,un,97,0.03612536763033007,0.0009892738492772485,0.03513609378105282,0.03711464147960732,10
HGNN,diagnostics,un,98,0.0360491608707008,0.0009867118735781973,0.0350624489971226,0.037035872744279,10
HGNN,diagnostics,un,99,0.03597431992697569,0.0009841877708126783,0.03499013215616301,0.03695850769778836,10
HGNN,diagnostics,un,100,0.03590080820030677,0.0009816988347899774,0.034919109365516794,0.03688250703509675,10
HGNN,diagnostics,un,101,0.03582859049031016,0.000979242527656173,0.03484934796265399,0.036807833017966335,10
HGNN,diagnostics,un,102,0.035757632926960686,0.0009768164728716354,0.03478081645408905,0.03673444939983232,10
HGNN,diagnostics,un,103,0.035687902906550294,0.0009744184482373136,0.03471348445831298,0.03666232135478761,10
HGNN,diagnostics,un,104,0.03561936903141104,0.0009720463790000911,0.034647322652410946,0.03659141541041113,10
HGNN,diagnostics,un,105,0.03555200105313008,0.0009696983310630539,0.034582302722067026,0.03652169938419314,10
HGNN,diagnostics,un,106,0.03548576981900896,0.0009673725043224652,0.03451839731468649,0.036453142323331425,10
HGNN,diagnostics,un,107,0.03542064722153991,0.0009650672261499065,0.03445557999539001,0.036385714447689815,10
HGNN,diagnostics,un,108,0.03535660615069247,0.0009627809450345217,0.03439382520565795,0.03631938709572699,10
HGNN,diagnostics,un,109,0.03529362044882038,0.000960512224397795,0.034333108224422586,0.03625413267321818,10
HGNN,diagnostics,un,110,0.03523166486801465,0.0009582597365904713,0.03427340513142418,0.03618992460460512,10
HGNN,diagnostics,un,111,0.03517071502974289,0.0009560222570790499,0.034214692772663834,0.03612673728682194,10
HGNN,diagnostics,un,112,0.03511074738662774,0.0009537986588273597,0.03415694872780038,0.0360645460454551,10
HGNN,diagnostics,un,113,0.03505173918622882,0.0009515879068768192,0.034100151279352,0.03600332709310564,10
HGNN,diagnostics,un,114,0.03499366843670296,0.0009493890531275299,0.034044279383575425,0.03594305748983049,10
HGNN,diagnostics,un,115,0.034936513874227026,0.0009472012313209936,0.033989312642906035,0.03588371510554802,10
HGNN,diagnostics,un,116,0.034880254932076624,0.0009450236522239831,0.03393523127985264,0.03582527858430061,10
HGNN,diagnostics,un,117,0.03482487171126101,0.0009428555990122441,0.03388201611224877,0.03576772731027325,10
HGNN,diagnostics,un,118,0.034770344952622545,0.0009406964228516584,0.033829648529770884,0.035711041375474206,10
HGNN,diagnostics,un,119,0.03471665601031519,0.0009385455386739161,0.033778110471641275,0.03565520154898911,10
HGNN,diagnostics,un,120,0.03466378682658221,0.0009364024211430374,0.03372738440543917,0.03560018924772525,10
HGNN,diagnostics,un,121,0.03461171990775933,0.0009342666008085649,0.033677453306950766,0.0355459865085679,10
HGNN,diagnostics,un,122,0.034560438301434224,0.0009321376604409137,0.03362830064099331,0.03549257596187514,10
HGNN,diagnostics,un,123,0.03450992557469769,0.0009300152315439188,0.033579910343153774,0.035439940806241604,10
HGNN,diagnostics,un,124,0.034460165793426555,0.000927898991039456,0.0335322668023871,0.03538806478446601,10
HGNN,diagnostics,un,125,0.034411143502541854,0.000925788658118692,0.03348535484442316,0.03533693216066055,10
HGNN,diagnostics,un,126,0.034362843707189436,0.0009236839912545123,0.033439159715934925,0.03528652769844395,10
HGNN,diagnostics,un,127,0.034315251854793956,0.0009215847853694997,0.033393667069424454,0.03523683664016346,10
HGNN,diagnostics,un,128,0.034268353817939405,0.000919490869153746,0.03334886294878566,0.03518784468709315,10
HGNN,diagnostics,un,129,0.03422213587803322,0.000917402102526926,0.033304733775506294,0.03513953798056015,10
HGNN,diagnostics,un,130,0.03417658470971269,0.0009153183742388625,0.03326126633547383,0.03509190308395155,10
HGNN,diagnostics,un,131,0.03413168736595542,0.0009132395996030429,0.033218447766352376,0.035044926965558464,10
HGNN,diagnostics,un,132,0.0340874312638579,0.0009111657183575539,0.03317626554550035,0.034998596982215455,10
HGNN,diagnostics,un,133,0.03404380417104774,0.000909096692647914,0.033134707478399826,0.03495290086369566,10
HGNN,diagnostics,un,134,0.03400079419269798,0.0009070325051265571,0.03309376168757143,0.03490782669782454,10
HGNN,diagnostics,un,135,0.03395838975911294,0.0009049731571636606,0.03305341660194928,0.0348633629162766,10
HGNN,diagnostics,un,136,0.033916579613857356,0.0009029186671642592,0.0330136609466931,0.03481949828102161,10
HGNN,diagnostics,un,137,0.03387535280240167,0.0009008690689867383,0.03297448373341493,0.03477622187138841,10
HGNN,diagnostics,un,138,0.03383469866125847,0.0008988244104577882,0.03293587425080068,0.03473352307171625,10
HGNN,diagnostics,un,139,0.033794606807585545,0.0008967847519793094,0.032897822055606235,0.034691391559564855,10
HGNN,diagnostics,un,140,0.03375506712923351,0.0008947501652226502,0.032860316964010865,0.03464981729445616,10
HGNN,diagnostics,un,141,0.03371606977521614,0.0008927207319059062,0.03282334904331024,0.034608790507122046,10
HGNN,diagnostics,un,142,0.0336776051465832,0.0008906965426500638,0.032786908603933136,0.03456830168923327,10
HGNN,diagnostics,un,143,0.03363966388767679,0.0008886776959099873,0.03275098619176681,0.03452834158358678,10
HGNN,diagnostics,un,144,0.03360223687775274,0.0008866642969763909,0.03271557258077635,0.03448890117472913,10
HGNN,diagnostics,un,145,0.033565315222950164,0.0008846564570450205,0.032680658765905146,0.03444997167999518,10
HGNN,diagnostics,un,146,0.03352889024859252,0.0008826542923495975,0.03264623595624292,0.03441154454094212,10
HGNN,diagnostics,un,147,0.033492953491805,0.0008806579233549759,0.03261229556845002,0.034373611415159974,10
HGNN,diagnostics,un,148,0.03345749669443345,0.0008786674740074108,0.03257882922042604,0.03433616416844086,10
HGNN,diagnostics,un,149,0.03342251179625091,0.000876683071038694,0.032545828725212216,0.0342991948672896,10
HGNN,diagnostics,un,150,0.03338799092843858,0.0008747048433212352,0.032513286085117346,0.03426269577175982,10
HGNN,diagnostics,un,151,0.03335392640732884,0.0008727329212712403,0.0324811934860576,0.034226659328600084,10
HGNN,diagnostics,un,152,0.03332031072839813,0.0008707674362973222,0.03244954329210081,0.03419107816469545,10
HGNN,diagnostics,un,153,0.033287136560498636,0.0008688085202918402,0.03241832804020679,0.03415594508079048,10
HGNN,diagnostics,un,154,0.03325439674031798,0.0008668563051626783,0.0323875404351553,0.03412125304548066,10
HGNN,diagnostics,un,155,0.033222084267056674,0.0008649109224029987,0.03235717334465368,0.03408699518945967,10
HGNN,diagnostics,un,156,0.03319019229731362,0.0008629725026967594,0.032327219794616856,0.03405316480001038,10
HGNN,diagnostics,un,157,0.03315871414017056,0.0008610411755579686,0.03229767296461259,0.03401975531572853,10
HGNN,diagnostics,un,158,0.033127643252466595,0.0008591170690015631,0.032268526183465034,0.033986760321468155,10
HGNN,diagnostics,un,159,0.03309697323425436,0.000857200309244057,0.032239772925010304,0.03395417354349842,10
HGNN,diagnostics,un,160,0.033066697824430134,0.0008552910204321487,0.032211406803997984,0.033921988844862284,10
HGNN,diagnostics,un,161,0.03303681089653012,0.0008533893243975599,0.03218342157213256,0.03389020022092768,10
HGNN,diagnostics,un,162,0.03300730645468576,0.0008514953404364683,0.03215581111424929,0.03385880179512223,10
HGNN,diagnostics,un,163,0.03297817862973127,0.0008496091851120203,0.032128569444619254,0.03382778781484329,10
HGNN,diagnostics,un,164,0.032949421675456794,0.0008477309720784181,0.03210169070337838,0.03379715264753521,10
HGNN,diagnostics,un,165,0.03292102996500109,0.000845860811925262,0.03207516915307583,0.03376689077692635,10
HGNN,diagnostics,un,166,0.03289299798737753,0.00084399881204075,0.032048999175336775,0.03373699679941828,10
HGNN,diagnostics,un,167,0.03286532034412816,0.0008421450764925883,0.032023175267635574,0.033707465420620746,10
HGNN,diagnostics,un,168,0.0328379917461001,0.0008402997059253518,0.031997692040174754,0.03367829145202545,10
HGNN,diagnostics,un,169,0.03281100701033925,0.0008384627974732586,0.031972544212865994,0.03364946980781251,10
HGNN,diagnostics,un,170,0.03278436105709655,0.0008366344446872653,0.031947726612409286,0.03362099550178381,10
HGNN,diagnostics,un,171,0.03275804890694174,0.0008348147374754925,0.03192323416946625,0.033592863644417235,10
HGNN,diagnostics,un,172,0.032732065677980704,0.0008330037620560926,0.03189906191592461,0.033565069440036795,10
HGNN,diagnostics,un,173,0.03270640658317156,0.0008312016009215961,0.031875204982249966,0.033537608184093154,10
HGNN,diagnostics,un,174,0.032681066927735855,0.0008294083328139935,0.03185165859492186,0.03351047526054985,10
HGNN,diagnostics,un,175,0.032656042106660746,0.0008276240327096841,0.031828418073951065,0.03348366613937043,10
HGNN,diagnostics,un,176,0.03263132760228862,0.0008258487718135884,0.031805478830475034,0.03345717637410221,10
HGNN,diagnostics,un,177,0.03260691898199046,0.0008240826175617583,0.031782836364428704,0.033431001599552215,10
HGNN,diagnostics,un,178,0.03258281189591963,0.0008223256336317389,0.0317604862622879,0.03340513752955137,10
HGNN,diagnostics,un,179,0.032559002074843,0.0008205778799601326,0.03173842419488287,0.03337957995480314,10
HGNN,diagnostics,un,180,0.03253548532804591,0.000818839412766783,0.03171664591527913,0.033354324740812694,10
HGNN,diagnostics,un,181,0.0325122575413086,0.0008171102845849514,0.03169514725672365,0.03332936782589355,10
HGNN,diagnostics,un,182,0.032489314674950705,0.0008153905442970445,0.03167392413065366,0.03330470521924775,10
HGNN,diagnostics,un,183,0.032466652761941536,0.0008136802371754045,0.031652972524766135,0.03328033299911694,10
HGNN,diagnostics,un,184,0.03244426790607331,0.0008119794049276253,0.03163228850114569,0.033256247311000936,10
HGNN,diagnostics,un,185,0.03242215628019505,0.0008102880857460727,0.03161186819444897,0.033232444365941124,10
HGNN,diagnostics,un,186,0.03240031412450452,0.0008086063143611058,0.031591707810143414,0.03320892043886562,10
HGNN,diagnostics,un,187,0.03237873774489633,0.0008069341220976871,0.03157180362279864,0.03318567186699402,10
HGNN,diagnostics,un,188,0.03235742351136363,0.0008052715369349752,0.031552151974428656,0.0331626950482986,10
HGNN,diagnostics,un,189,0.03233636785645153,0.0008036185835686554,0.031532749272882875,0.03313998644002019,10
HGNN,diagnostics,un,190,0.03231556727376041,0.0008019752834755129,0.031513591990284896,0.03311754255723592,10
HGNN,diagnostics,un,191,0.032295018316496796,0.0008003416549802188,0.03149467666151658,0.033095359971477015,10
HGNN,diagnostics,un,192,0.03227471759607042,0.0007987177133237877,0.03147599988274663,0.0330734353093942,10
HGNN,diagnostics,un,193,0.032254661780735445,0.0007971034707336259,0.03145755831000182,0.03305176525146907,10
HGNN,diagnostics,un,194,0.03223484759427434,0.0007954989364948835,0.03143934865777946,0.03303034653076922,10
HGNN,diagnostics,un,195,0.032215271814722606,0.0007939041170228476,0.03142136769769976,0.03300917593174545,10
HGNN,diagnostics,un,196,0.03219593127313317,0.0007923190159362176,0.031403612257196956,0.03298825028906939,10
HGNN,diagnostics,un,197,0.03217682285237851,0.0007907436341310535,0.03138607921824745,0.032967566486509566,10
HGNN,diagnostics,un,198,0.032157943485989535,0.0007891779698551858,0.03136876551613435,0.03294712145584472,10
HGNN,diagnostics,un,199,0.03213929015702961,0.0007876220187829753,0.031351668138246636,0.03292691217581259,10
HGNN,diagnostics,un,200,0.03212085989700249,0.0007860757740902058,0.03133478412291228,0.032906935671092694,10
HGNN,diagnostics,un,201,0.03210264978479298,0.000784539226529025,0.03131811055826395,0.032887189011322,10
HGNN,diagnostics,un,202,0.03208465694563904,0.0007830123645027205,0.03130164458113632,0.03286766931014176,10
HGNN,diagnostics,un,203,0.03206687855013427,0.0007814951741402978,0.03128538337599397,0.03284837372427457,10
HGNN,diagnostics,un,204,0.032049311813259644,0.0007799876393706706,0.031269324173888974,0.032829299452630314,10
HGNN,diagnostics,un,205,0.03203195399344336,0.0007784897419964144,0.03125346425144694,0.03281044373543977,10
HGNN,diagnostics,un,206,0.032014802391648035,0.0007770014617669056,0.03123780092988113,0.032791803853414944,10
HGNN,diagnostics,un,207,0.031997854350483954,0.0007755227764508836,0.03122233157403307,0.03277337712693484,10
HGNN,diagnostics,un,208,0.03198110725334772,0.0007740536619081999,0.03120705359143952,0.03275516091525592,10
HGNN,diagnostics,un,209,0.03196455852358519,0.0007725940921608304,0.031191964431424364,0.03273715261574602,10
HGNN,diagnostics,un,210,0.031948205623678075,0.0007711440394629376,0.031177061584215137,0.03271934966314101,10
HGNN,diagnostics,un,211,0.03193204605445315,0.0007697034743700765,0.03116234258008307,0.032701749528823224,10
HGNN,diagnostics,un,212,0.03191607735431341,0.0007682723658073234,0.03114780498850609,0.032684349720120735,10
HGNN,diagnostics,un,213,0.03190029709849037,0.0007668506811364041,0.031133446417353966,0.03266714777962677,10
HGNN,diagnostics,un,214,0.03188470289831687,0.0007654383862217394,0.031119264512095134,0.032650141284538615,10
HGNN,diagnostics,un,215,0.031869292400519486,0.0007640354454953234,0.03110525695502416,0.03263332784601481,10
HGNN,diagnostics,un,216,0.03185406328653008,0.0007626418220204682,0.031091421464509612,0.032616705108550546,10
HGNN,diagnostics,un,217,0.03183901327181575,0.0007612574775543293,0.03107775579426142,0.03260027074937008,10
HGNN,diagnostics,un,218,0.03182414010522647,0.0007598823726092107,0.031064257732617256,0.03258402247783568,10
HGNN,diagnostics,un,219,0.03180944156836006,0.000758516466512635,0.031050925101847426,0.032567958034872696,10
HGNN,diagnostics,un,220,0.03179491547494362,0.0007571597174661269,0.03103775575747749,0.03255207519240975,10
HGNN,diagnostics,un,221,0.03178055967023108,0.0007558120826027336,0.031024747587628344,0.03253637175283381,10
HGNN,diagnostics,un,222,0.03176637203041631,0.0007544735180432197,0.03101189851237309,0.03252084554845953,10
HGNN,diagnostics,un,223,0.031752350462061124,0.0007531439789509861,0.030999206483110137,0.03250549444101211,10
HGNN,diagnostics,un,224,0.03173849290153791,0.0007518234195856516,0.030986669481952254,0.03249031632112356,10
HGNN,diagnostics,un,225,0.03172479731448621,0.0007505117933553381,0.03097428552113087,0.03247530910784154,10
HGNN,diagnostics,un,226,0.031711261695282975,0.0007492090528675985,0.030962052642415375,0.032460470748150574,10
HGNN,diagnostics,un,227,0.031697884066525864,0.0007479151499790594,0.030949968916546805,0.03244579921650492,10
HGNN,diagnostics,un,228,0.031684662478529316,0.0007466300358437381,0.030938032442685576,0.03243129251437305,10
HGNN,diagnostics,un,229,0.03167159500883295,0.000745353660960032,0.03092624134787292,0.032416948669792986,10
HGNN,diagnostics,un,230,0.03165867976172189,0.0007440859752163877,0.0309145937865055,0.032402765736938274,10
HGNN,diagnostics,un,231,0.03164591486775853,0.00074282692793571,0.03090308793982282,0.03238874179569424,10
HGNN,diagnostics,un,232,0.03163329848332565,0.0007415764679184443,0.030891722015407203,0.032374874951244095,10
HGNN,diagnostics,un,233,0.03162082879018025,0.0007403345434843834,0.030880494246695867,0.032361163333664636,10
HGNN,diagnostics,un,234,0.03160850399501786,0.0007391011025132048,0.030869402892504658,0.03234760509753107,10
HGNN,diagnostics,un,235,0.031596322329047154,0.0007378760924837584,0.030858446236563395,0.03233419842153091,10
HGNN,diagnostics,un,236,0.03158428204757425,0.0007366594605121002,0.030847622587062147,0.03232094150808635,10
HGNN,diagnostics,un,237,0.0315723814295967,0.0007354511533883108,0.03083693027620839,0.032307832582985016,10
HGNN,diagnostics,un,238,0.03156061877740669,0.0007342511176120758,0.03082636765979462,0.03229486989501877,10
HGNN,diagnostics,un,239,0.03154899241620322,0.0007330592994271093,0.030815933116776113,0.03228205171563033,10
HGNN,diagnostics,un,240,0.031537500693713034,0.0007318756448543756,0.03080562504885866,0.03226937633856741,10
HGNN,diagnostics,un,241,0.03152614197981994,0.0007307000997241402,0.0307954418800958,0.03225684207954408,10
HGNN,diagnostics,un,242,0.031514914666202445,0.0007295326097069155,0.03078538205649553,0.03224444727590936,10
HGNN,diagnostics,un,243,0.031503817165979234,0.0007283731203432615,0.030775444045635973,0.032232190286322494,10
HGNN,diagnostics,un,244,0.03149284791336245,0.0007272215770724807,0.030765626336289972,0.03222006949043493,10
HGNN,diagnostics,un,245,0.0314820053633185,0.0007260779252602631,0.030755927438058238,0.032208083288578764,10
HGNN,diagnostics,un,246,0.03147128799123604,0.0007249421102252349,0.030746345881010804,0.032196230101461276,10
HGNN,diagnostics,un,247,0.031460694292601114,0.0007238140772644775,0.03073688021533664,0.03218450836986559,10
HGNN,diagnostics,un,248,0.03145022278267929,0.000722693771678061,0.030727529011001228,0.03217291655435735,10
HGNN,diagnostics,un,249,0.031439871996204155,0.000721581138792544,0.030718290857411613,0.0321614531349967,10
HGNN,diagnostics,un,250,0.03142964048707267,0.0007204761239835167,0.030709164363089153,0.032150116611056184,10
HGNN,diagnostics,un,251,0.03141952682804654,0.00071937867269717,0.03070014815534937,0.032138905500743706,10
HGNN,diagnostics,un,252,0.03140952961045988,0.0007182887304709819,0.0306912408799889,0.03212781834093086,10
HGNN,diagnostics,un,253,0.03139964744393288,0.0007172062429534301,0.03068244120097945,0.03211685368688631,10
HGNN,diagnostics,un,254,0.031389878956091063,0.0007161311559228905,0.030673747800168173,0.03210601011201395,10
HGNN,diagnostics,un,255,0.03138022279229042,0.000715063415305591,0.03066515937698483,0.03209528620759601,10
HGNN,diagnostics,un,256,0.031370677615347925,0.0007140029671927918,0.030656674648155132,0.032084680582540714,10
HGNN,diagnostics,sym,0,1.0,0.0,1.0,1.0,10
HGNN,diagnostics,sym,1,0.5181410626381548,0.007620515777987099,0.5105205468601678,0.5257615784161419,10
HGNN,diagnostics,sym,2,0.31913330758251834,0.005844656797653981,0.31328865078486434,0.32497796438017235,10
HGNN,diagnostics,sym,3,0.2330589472007918,0.005424192311558992,0.2276347548892328,0.23848313951235078,10
HGNN,diagnostics,sym,4,0.184384903253722,0.005209120661598039,0.17917578259212397,0.18959402391532004,10
HGNN,diagnostics,sym,5,0.15240297829097596,0.004895467167131193,0.14750751112384478,0.15729844545810714,10
HGNN,diagnostics,sym,6,0.12973912382003186,0.004536449465851892,0.12520267435417998,0.13427557328588374,10
HGNN,diagnostics,sym,7,0.11287867563314655,0.004170060489963654,0.10870861514318289,0.1170487361231102,10
HGNN,diagnostics,sym,8,0.09985226032549069,0.0038140254690524323,0.09603823485643825,0.10366628579454312,10
HGNN,diagnostics,sym,9,0.08946452395820553,0.003477520898938672,0.08598700305926686,0.0929420448571442,10
HGNN,diagnostics,sym,10,0.0809571276472224,0.003165736414563681,0.07779139123265873,0.08412286406178608,10
HGNN,diagnostics,sym,11,0.07383427155412421,0.0028816943530163095,0.0709525772011079,0.07671596590714053,10
HGNN,diagnostics,sym,12,0.06776335605936218,0.002627151886700332,0.06513620417266185,0.07039050794606251,10
HGNN,diagnostics,sym,13,0.06251545300712807,0.002403038245868291,0.06011241476125978,0.06491849125299637,10
HGNN,diagnostics,sym,14,0.057928630687064296,0.002209604245449363,0.05571902644161493,0.06013823493251366,10
HGNN,diagnostics,sym,15,0.053884987151971306,0.002046413013638735,0.05183857413833257,0.05593140016561004,10
HGNN,diagnostics,sym,16,0.050296100667541754,0.0019122771039153266,0.04838382356362643,0.05220837777145708,10
HGNN,diagnostics,sym,17,0.047093716115498355,0.001805226564657835,0.04528848955084052,0.04889894268015619,10
HGNN,diagnostics,sym,18,0.04422371588413549,0.001722567595554999,0.042501148288580495,0.045946283479690486,10
HGNN,diagnostics,sym,19,0.041642165130779826,0.0016610533385089962,0.03998111179227083,0.04330321846928882,10
HGNN,diagnostics,sym,20,0.03931267608686836,0.0016171417332153022,0.037695534353653054,0.04092981782008366,10
HGNN,diagnostics,sym,21,0.03720461761838924,0.0015872805198633864,0.03561733709852585,0.03879189813825262,10
HGNN,diagnostics,sym,22,0.03529187147937307,0.0015681545221697289,0.033723716957203345,0.0368600260015428,10
HGNN,diagnostics,sym,23,0.03355194617839708,0.0015568535222548387,0.03199509265614224,0.03510879970065192,10
HGNN,diagnostics,sym,24,0.03196532803028888,0.0015509518239330542,0.03041437620635582,0.03351627985422193,10
HGNN,diagnostics,sym,25,0.030514992178055728,0.0015485150386262238,0.028966477139429504,0.03206350721668195,10
HGNN,diagnostics,sym,26,0.02918602368404761,0.0015480593785157717,0.027637964305531837,0.03073408306256338,10
HGNN,diagnostics,sym,27,0.027965316133855084,0.0015484872236131895,0.026416828910241896,0.029513803357468272,10
HGNN,diagnostics,sym,28,0.026841326266366393,0.00154901619537469,0.025292310070991704,0.028390342461741082,10
HGNN,diagnostics,sym,29,0.025803870248454753,0.0015491120051310916,0.02425475824332366,0.027352982253585845,10
HGNN,diagnostics,sym,30,0.02484395180194545,0.0015484299894493584,0.02329552181249609,0.02639238179139481,10
HGNN,diagnostics,sym,31,0.02395361537650154,0.0015467668296397462,0.022406848546861792,0.025500382206141287,10
HGNN,diagnostics,sym,32,0.023125819522132763,0.0015440220873241504,0.021581797434808613,0.024669841609456913,10
HGNN,diagnostics,sym,33,0.022354326915799926,0.0015401683435540563,0.02081415857224587,0.02389449525935398,10
HGNN,diagnostics,sym,34,0.02163360837180775,0.0015352284740551743,0.020098379897752577,0.023168836845862923,10
HGNN,diagnostics,sym,35,0.020958758764902198,0.0015292586390610366,0.019429500125841163,0.022488017403963233,10
HGNN,diagnostics,sym,36,0.020325423214177508,0.0015223357415477946,0.018803087472629713,0.021847758955725303,10
HGNN,diagnostics,sym,37,0.019729732176782755,0.0015145483201997828,0.01821518385658297,0.02124428049698254,10
HGNN,diagnostics,sym,38,0.01916824432279069,0.0015059900483578002,0.017662254274432892,0.02067423437114849,10
HGNN,diagnostics,sym,39,0.018637896232154293,0.0014967551891144346,0.01714114104303986,0.020134651421268728,10
HGNN,diagnostics,sym,40,0.018135958088068945,0.0014869355047366503,0.016649022583332295,0.019622893592805595,10
HGNN,diagnostics,sym,41,0.01765999464908888,0.0014766182371403157,0.016183376411948565,0.0191366128862292,10
HGNN,diagnostics,sym,42,0.01720783087207496,0.0014658848691263089,0.01574194600294865,0.01867371574120127,10
HGNN,diagnostics,sym,43,0.01677752163412522,0.0014548104480154006,0.015322711186109821,0.01823233208214062,10
HGNN,diagnostics,sym,44,0.01636732506716472,0.0014434633084225614,0.01492386175874216,0.01781078837558728,10
HGNN,diagnostics,sym,45,0.015975679075958808,0.0014319050728323417,0.014543774003126467,0.01740758414879115,10
HGNN,diagnostics,sym,46,0.015601180660442688,0.001420190840360851,0.014180989820081837,0.017021371500803538,10
HGNN,diagnostics,sym,47,0.01524256770750003,0.0014083694979937602,0.013834198209506269,0.01665093720549379,10
HGNN,diagnostics,sym,48,0.01489870295648103,0.001396484106532912,0.013502218849948117,0.01629518706301394,10
HGNN,diagnostics,sym,49,0.014568559877459867,0.0013845723269031351,0.013183987550556732,0.015953132204363,10
HGNN,diagnostics,sym,50,0.01425121023201079,0.0013726668624671895,0.0128785433695436,0.015623877094477979,10
HGNN,diagnostics,sym,51,0.013945813113569372,0.001360795900410362,0.01258501721315901,0.015306609013979735,10
HGNN,diagnostics,sym,52,0.013651605288620505,0.0013489835407253245,0.01230262174789518,0.01500058882934583,10
HGNN,diagnostics,sym,53,0.01336789268135245,0.0013372502053363624,0.012030642476016087,0.014705142886688812,10
HGNN,diagnostics,sym,54,0.013094042863336545,0.001325613022815777,0.011768429840520768,0.014419655886152322,10
HGNN,diagnostics,sym,55,0.012829478426503508,0.0013140861862409165,0.011515392240262592,0.014143564612744424,10
HGNN,diagnostics,sym,56,0.012573671132432213,0.001302681283226465,0.011270989849205748,0.013876352415658677,10
HGNN,diagnostics,sym,57,0.012326136743963817,0.0012914075982006367,0.011034729145763181,0.013617544342164454,10
HGNN,diagnostics,sym,58,0.012086430456600033,0.0012802723876942893,0.010806158068905744,0.013366702844294321,10
HGNN,diagnostics,sym,59,0.011854142857215599,0.0012692811298674253,0.010584861727348174,0.013123423987083023,10
HGNN,diagnostics,sym,60,0.011628896346470716,0.001258437749775242,0.010370458596695475,0.012887334096245958,10
HGNN,diagnostics,sym,61,0.011410341969090645,0.0012477448220252739,0.010162597147065371,0.01265808679111592,10
HGNN,diagnostics,sym,62,0.01119815660301378,0.0012372037525358868,0.009960952850477893,0.012435360355549667,10
HGNN,diagnostics,sym,63,0.010992040464408496,0.0012268149411018647,0.009765225523306631,0.01221885540551036,10
HGNN,diagnostics,sym,64,0.010791714890823267,0.0012165779264255428,0.009575136964397725,0.012008292817248809,10
HGNN,diagnostics,sym,65,0.010596920369352388,0.0012064915151969004,0.009390428854155489,0.011803411884549288,10
HGNN,diagnostics,sym,66,0.010407414780749354,0.0011965538967141263,0.009210860884035228,0.01160396867746348,10
HGNN,diagnostics,sym,67,0.010222971833971155,0.0011867627444352535,0.009036209089535901,0.011409734578406409,10
HGNN,diagnostics,sym,68,0.010043379668749911,0.0011771153057470191,0.008866264363002892,0.01122049497449693,10
HGNN,diagnostics,sym,69,0.009868439606517707,0.0011676084811331295,0.008700831125384577,0.011036048087650838,10
HGNN,diagnostics,sym,70,0.009697965032403007,0.0011582388938230844,0.008539726138579923,0.01085620392622609,10
HGNN,diagnostics,sym,71,0.009531780393114411,0.0011490029509063243,0.008382777442208087,0.010680783344020735,10
HGNN,diagnostics,sym,72,0.009369720297366274,0.0011398968968058514,0.008229823400560422,0.010509617194172125,10
HGNN,diagnostics,sym,73,0.009211628707112705,0.0011309168599209945,0.00808071184719171,0.0103425455670337,10
HGNN,diagnostics,sym,74,0.009057358209269865,0.0011220588931709285,0.007935299316098937,0.010179417102440793,10
HGNN,diagnostics,sym,75,0.00890676935884605,0.001113319009098933,0.007793450349747117,0.010020088367944983,10
HGNN,diagnostics,sym,76,0.00875973008548597,0.0011046932101317999,0.00765503687535417,0.009864423295617769,10
HGNN,diagnostics,sym,77,0.008616115156389345,0.0010961775145292144,0.00751993764186013,0.00971229267091856,10
HGNN,diagnostics,sym,78,0.008475805689400536,0.001087767978503759,0.007388037710896777,0.009563573667904295,10
HGNN,diagnostics,sym,79,0.008338688710800044,0.0010794607149431617,0.007259227995856882,0.009418149425743205,10
HGNN,diagnostics,sym,80,0.008204656752973376,0.001071251909122146,0.00713340484385123,0.009275908662095522,10
HGNN,diagnostics,sym,81,0.008073607487698415,0.0010631378317512118,0.007010469655947203,0.009136745319449626,10
HGNN,diagnostics,sym,82,0.007945443391289522,0.0010551148496736372,0.006890328541615884,0.009000558240963158,10
HGNN,diagnostics,sym,83,0.00782007143827312,0.0010471794344895668,0.006772892003783554,0.008867250872762687,10
HGNN,diagnostics,sym,84,0.007697402820653216,0.0010393281693567963,0.0066580746512964195,0.008736730990010013,10
HGNN,diagnostics,sym,85,0.007577352690162581,0.0010315577541915937,0.006545794935970987,0.008608910444354174,10
HGNN,diagnostics,sym,86,0.007459839921191985,0.0010238650094692727,0.006435974911722712,0.008483704930661258,10
HGNN,diagnostics,sym,87,0.007344786892350848,0.0010162468788029568,0.006328540013547891,0.008361033771153804,10
HGNN,diagnostics,sym,88,0.007232119284842384,0.0010087004304599057,0.006223418854382478,0.00824081971530229,10
HGNN,diagnostics,sym,89,0.00712176589603863,0.001001222857957584,0.006120543038081046,0.008122988753996214,10
HGNN,diagnostics,sym,90,0.007013658466818976,0.0009938114798662316,0.006019846986952744,0.008007469946685207,10
HGNN,diagnostics,sym,91,0.006907731521392901,0.0009864637389308273,0.005921267782462074,0.00789419526032373,10
HGNN,diagnostics,sym,92,0.006803922218466288,0.0009791772006129138,0.005824745017853374,0.007783099419079202,10
HGNN,diagnostics,sym,93,0.006702170212732865,0.0009719495511415028,0.005730220661591362,0.0076741197638743675,10
HGNN,diagnostics,sym,94,0.0066024175257805,0.000964778595152307,0.005637638930628193,0.007567196120932807,10
HGNN,diagnostics,sym,95,0.0065046084255973875,0.0009576622529854461,0.005546946172611941,0.007462270678582834,10
HGNN,diagnostics,sym,96,0.006408689313947692,0.0009505985577037384,0.005458090756243953,0.007359287871651431,10
HGNN,diagnostics,sym,97,0.00631460862096096,0.000943585651886381,0.005371022969074579,0.007258194272847341,10
HGNN,diagnostics,sym,98,0.00622231670634569,0.0009366217842463074,0.005285694922099383,0.007158938490591997,10
HGNN,diagnostics,sym,99,0.006131765766696328,0.0009297053061136695,0.0052020604605826585,0.007061471072809997,10
HGNN,diagnostics,sym,100,0.006042909748414912,0.00092283466782266,0.005120075080592252,0.006965744416237572,10
HGNN,diagnostics,sym,101,0.005955704265814946,0.0009160084150341665,0.0050396958507807794,0.006871712680849112,10
HGNN,diagnostics,sym,102,0.005870106524016211,0.000909225185022587,0.004960881338993623,0.006779331709038798,10
HGNN,diagnostics,sym,103,0.005786075246275923,0.0009024837029513545,0.004883591543324569,0.006688558949227277,10
HGNN,diagnostics,sym,104,0.005703570605434239,0.0008957827781583721,0.004807787827275867,0.006599353383592611,10
HGNN,diagnostics,sym,105,0.005622554159181323,0.0008891213004695656,0.004733432858711757,0.006511675459650888,10
HGNN,diagnostics,sym,106,0.005542988788879232,0.0008824982365560866,0.004660490552323145,0.006425487025435319,10
HGNN,diagnostics,sym,107,0.0054648386416951775,0.0008759126263483429,0.004588926015346835,0.00634075126804352,10
HGNN,diagnostics,sym,108,0.005388069075823601,0.0008693635795178774,0.0045187054963057235,0.006257432655341479,10
HGNN,diagnostics,sym,109,0.005312646608593283,0.0008628502720362936,0.0044497963365569895,0.006175496880629577,10
HGNN,diagnostics,sym,110,0.005238538867272531,0.0008563719428187313,0.0043821669244538,0.006094910810091262,10
HGNN,diagnostics,sym,111,0.005165714542400627,0.0008499278904579331,0.004315786651942694,0.0060156424328585605,10
HGNN,diagnostics,sym,112,0.005094143343487441,0.0008435174700536592,0.004250625873433782,0.005937660813541101,10
HGNN,diagnostics,sym,113,0.005023795956935419,0.0008371400901410471,0.004186655866794372,0.005860936047076467,10
HGNN,diagnostics,sym,114,0.0049546440060492985,0.0008307952097205394,0.004123848796328759,0.005785439215769838,10
HGNN,diagnostics,sym,115,0.004886660013009099,0.0008244823353910949,0.004062177677618004,0.005711142348400194,10
HGNN,diagnostics,sym,116,0.004819817362691005,0.0008182010185876635,0.004001616344103342,0.005638018381278669,10
HGNN,diagnostics,sym,117,0.0047540902682291705,0.0008119508529232344,0.003942139415305936,0.005566041121152405,10
HGNN,diagnostics,sym,118,0.004689453738219057,0.0008057314716351747,0.003883722266583882,0.005495185209854232,10
HGNN,diagnostics,sym,119,0.0046258835454698315,0.0007995425451351174,0.003826341000334714,0.005425426090604949,10
HGNN,diagnostics,sym,120,0.004563356197219685,0.0007933837786612154,0.00376997241855847,0.0053567399758809005,10
HGNN,diagnostics,sym,121,0.0045018489067337325,0.0007872549100312112,0.0037145939967025213,0.005289103816764944,10
HGNN,diagnostics,sym,122,0.004441339566209457,0.0007811557074945112,0.0036601838587149455,0.005222495273703968,10
HGNN,diagnostics,sym,123,0.00438180672091956,0.0007750859676811581,0.003606720753238402,0.005156892688600719,10
HGNN,diagnostics,sym,124,0.004323229544526532,0.0007690455136454222,0.00355418403088111,0.0050922750581719545,10
HGNN,diagnostics,sym,125,0.004265587815507422,0.0007630341930015568,0.0035025536225058657,0.005028622008508979,10
HGNN,diagnostics,sym,126,0.004208861894631094,0.0007570518761491283,0.003451810018481966,0.004965913770780222,10
HGNN,diagnostics,sym,127,0.004153032703433758,0.00075109845458524,0.0034019342488485183,0.004904131158018998,10
HGNN,diagnostics,sym,128,0.004098081703641879,0.0007451738393009026,0.0033529078643409764,0.004843255542942781,10
HGNN,diagnostics,sym,129,0.004043990877494532,0.0007392779592587315,0.0033047129182358003,0.004783268836753263,10
HGNN,diagnostics,sym,130,0.003990742708920135,0.0007334107599491496,0.003257331948970985,0.004724153468869285,10
HGNN,diagnostics,sym,131,0.0039383201655250515,0.0007275722020222594,0.003210747963502792,0.004665892367547311,10
HGNN,diagnostics,sym,132,0.0038867066813540324,0.000721762259992538,0.0031649444213614946,0.00460846894134657,10
HGNN,diagnostics,sym,133,0.0038358861403846997,0.0007159809210135467,0.003119905219371153,0.004551867061398246,10
HGNN,diagnostics,sym,134,0.0037858428607203745,0.0007102281837198678,0.003075614677000507,0.004496071044440242,10
HGNN,diagnostics,sym,135,0.003736561579447588,0.000704504057133524,0.003032057522314064,0.004441065636581112,10
HGNN,diagnostics,sym,136,0.00368802743812638,0.000698808559632188,0.0029892188784941924,0.004386835997758568,10
HGNN,diagnostics,sym,137,0.003640225968883281,0.0006931417179765317,0.0029470842509067494,0.004333367686859812,10
HGNN,diagnostics,sym,138,0.00359314308107843,0.0006875035663941496,0.0029056395146842802,0.00428064664747258,10
HGNN,diagnostics,sym,139,0.0035467650485198885,0.0006818941457175266,0.0028648709028023618,0.004228659194237415,10
HGNN,diagnostics,sym,140,0.003501078497199528,0.0006763135025736181,0.00282476499462591,0.004177391999773146,10
HGNN,diagnostics,sym,141,0.0034560703935262935,0.0006707616886226588,0.002785308704903635,0.004126832082148952,10
HGNN,diagnostics,sym,142,0.003411728033033861,0.0006652387598439052,0.002746489273189956,0.0040769667928777665,10
HGNN,diagnostics,sym,143,0.0033680390295409064,0.0006597447758660858,0.0027082942536748207,0.004027783805406992,10
HGNN,diagnostics,sym,144,0.0033249913047433063,0.0006542797993404097,0.0026707115054028967,0.003979271104083716,10
HGNN,diagnostics,sym,145,0.0032825730782186672,0.0006488438953540585,0.0026337291828646085,0.003931416973572726,10
HGNN,diagnostics,sym,146,0.003240772857824535,0.0006434371308821694,0.0025973357269423658,0.0038842099887067046,10
HGNN,diagnostics,sym,147,0.003199579430472605,0.0006380595742763804,0.002561519856196225,0.0038376390047489854,10
HGNN,diagnostics,sym,148,0.003158981853262119,0.0006327112947880991,0.00252627055847402,0.003791693148050218,10
HGNN,diagnostics,sym,149,0.0031189694449564606,0.0006273923621247172,0.0024915770828317432,0.003746361807081178,10
HGNN,diagnostics,sym,150,0.003079531777787778,0.0006221028460370666,0.0024574289317507115,0.0037016346238248447,10
HGNN,diagnostics,sym,151,0.003040658669575172,0.0006168428159364964,0.0024238158536386755,0.0036575014855116687,10
HGNN,diagnostics,sym,152,0.00300234017614272,0.0006116123405400025,0.0023907278356027173,0.0036139525166827224,10
HGNN,diagnostics,sym,153,0.0029645665840242518,0.0006064114875419199,0.002358155096482332,0.0035709780715661717,10
HGNN,diagnostics,sym,154,0.0029273284034424456,0.0006012403233107485,0.002326088080131697,0.0035285687267531942,10
HGNN,diagnostics,sym,155,0.002890616361550384,0.0005960989126097514,0.0022945174489406328,0.0034867152741601356,10
HGNN,diagnostics,sym,156,0.0028544213959243083,0.0005909873183400244,0.002263434077584284,0.0034454087142643326,10
HGNN,diagnostics,sym,157,0.0028187346482968084,0.0005859056013047906,0.002232829046992018,0.003404640249601599,10
HGNN,diagnostics,sym,158,0.002783547458520229,0.0005808538199937397,0.0022026936385264894,0.0033644012785139688,10
HGNN,diagnostics,sym,159,0.002748851358750532,0.0005758320303862845,0.0021730193283642472,0.0033246833891368167,10
HGNN,diagnostics,sym,160,0.002714638067842316,0.0005708402857726582,0.002143797782069658,0.003285478353614974,10
HGNN,diagnostics,sym,161,0.0026808994859461475,0.0005658786365918279,0.0021150208493543195,0.0032467781225379755,10
HGNN,diagnostics,sym,162,0.0026476276892997354,0.0005609471302852583,0.002086680559014477,0.0032085748195849937,10
HGNN,diagnostics,sym,163,0.0026148149252048997,0.0005560458111655912,0.0020587691140393086,0.003170860736370491,10
HGNN,diagnostics,sym,164,0.0025824536071826533,0.0005511747202993692,0.002031278886883284,0.0031336283274820227,10
HGNN,diagnostics,sym,165,0.002550536310299052,0.0005463338954029606,0.0020042024148960915,0.0030968702057020125,10
HGNN,diagnostics,sym,166,0.002519055766654821,0.0005415233707509036,0.001977532395903917,0.0030605791374057247,10
HGNN,diagnostics,sym,167,0.0024880048610320714,0.000536743177095901,0.0019512616839361704,0.0030247480381279724,10
HGNN,diagnostics,sym,168,0.00245737662669174,0.000531993341599764,0.001925383285091976,0.002989369968291504,10
HGNN,diagnostics,sym,169,0.002427164241315652,0.0005272738877746208,0.001899890353541031,0.0029544381290902725,10
HGNN,diagnostics,sym,170,0.002397361023087391,0.0005225848354337483,0.001874776187653643,0.0029199458585211393,10
HGNN,diagnostics,sym,171,0.0023679604269064326,0.0005179262006514162,0.0018500342262550164,0.002885886627557849,10
HGNN,diagnostics,sym,172,0.0023389560407302175,0.0005132979957311742,0.0018256580449990433,0.0028522540364613914,10
HGNN,diagnostics,sym,173,0.002310341582039104,0.0005087002291820184,0.0018016413528570857,0.0028190418112211224,10
HGNN,diagnostics,sym,174,0.002282110894419349,0.0005041329057019398,0.0017779779887174092,0.0027862438001212885,10
HGNN,diagnostics,sym,175,0.0022542579442594727,0.0004995960261683491,0.0017546619180911235,0.002753853970427822,10
HGNN,diagnostics,sym,176,0.002226776817555599,0.0004950895876349211,0.001731687229920678,0.00272186640519052,10
HGNN,diagnostics,sym,177,0.0021996617168215096,0.0004906135833344204,0.0017090481334870893,0.00269027530015593,10
HGNN,diagnostics,sym,178,0.002172906958099375,0.00048616800268708687,0.0016867389554122883,0.002659074960786462,10
HGNN,diagnostics,sym,179,0.002146506968067274,0.0004817528313141993,0.0016647541367530749,0.0026282597993814733,10
HGNN,diagnostics,sym,180,0.0021204562812398094,0.00047736805105643554,0.001643088230183374,0.002597824332296245,10
HGNN,diagnostics,sym,181,0.0020947495372582387,0.0004730136399966868,0.001621735897261552,0.0025677631772549254,10
HGNN,diagnostics,sym,182,0.0020693814782667607,0.000468689572486991,0.0016006919057797698,0.0025380710507537517,10
HGNN,diagnostics,sym,183,0.002044346946371671,0.00046439581917927486,0.0015799511271923962,0.002508742765550946,10
HGNN,diagnostics,sym,184,0.002019640881180288,0.0004601323470596077,0.0015595085341206804,0.002479773228239896,10
HGNN,diagnostics,sym,185,0.0019952583174166682,0.0004558991194856912,0.001539359197930977,0.0024511574369023596,10
HGNN,diagnostics,sym,186,0.0019711943826112377,0.0004516960962273195,0.0015194982863839183,0.0024228904788385574,10
HGNN,diagnostics,sym,187,0.001947444294861625,0.0004475232335095674,0.0014999210613520575,0.0023949675283711923,10
HGNN,diagnostics,sym,188,0.001924003360662048,0.0004433804840584631,0.0014806228766035849,0.0023673838447205112,10
HGNN,diagnostics,sym,189,0.0019008669727987627,0.00043926779714894,0.0014615991756498229,0.0023401347699477026,10
HGNN,diagnostics,sym,190,0.00187803060830915,0.0004351851186548433,0.0014428454896543066,0.0023132157269639933,10
HGNN,diagnostics,sym,191,0.0018554898265021335,0.00043113239110081236,0.0014243574354013211,0.002286622217602946,10
HGNN,diagnostics,sym,192,0.00183324026703772,0.0004271095537158424,0.0014061307133218775,0.0022603498207535624,10
HGNN,diagnostics,sym,193,0.0018112776480635313,0.0004231165424883613,0.0013881611055751699,0.0022343941905518926,10
HGNN,diagnostics,sym,194,0.0017895977644062891,0.0004191532902226505,0.0013704444741836387,0.0022087510546289395,10
HGNN,diagnostics,sym,195,0.0017681964858163094,0.00041521972659646576,0.0013529767592198436,0.002183416212412775,10
HGNN,diagnostics,sym,196,0.0017470697552631129,0.00041131577821970633,0.0013357539770434065,0.002158385533482819,10
HGNN,diagnostics,sym,197,0.0017262135872803716,0.0004074413686940012,0.0013187722185863703,0.0021336549559743726,10
HGNN,diagnostics,sym,198,0.0017056240663584476,0.000403596418673086,0.0013020276476853616,0.0021092204850315334,10
HGNN,diagnostics,sym,199,0.0016852973453828734,0.0003997808459238466,0.0012855164994590269,0.0020850781913067202,10
HGNN,diagnostics,sym,200,0.001665229644117185,0.0003959945653879234,0.0012692350787292615,0.0020612242095051085,10
HGNN,diagnostics,sym,201,0.0016454172477285659,0.0003922374892437678,0.001253179758484798,0.0020376547369723337,10
HGNN,diagnostics,sym,202,0.001625856505354848,0.00038850952696905275,0.0012373469783857952,0.0020143660323239006,10
HGNN,diagnostics,sym,203,0.001606543828711448,0.00038481058540334654,0.0012217332433081016,0.0019913544141147944,10
HGNN,diagnostics,sym,204,0.0015874756907368875,0.00038114056881096293,0.0012063351219259244,0.0019686162595478505,10
HGNN,diagnostics,sym,205,0.0015686486242755947,0.0003774993789439068,0.001191149245331688,0.0019461480032195015,10
HGNN,diagnostics,sym,206,0.0015500592207967358,0.0003738869151048396,0.0011761723056918963,0.0019239461359015753,10
HGNN,diagnostics,sym,207,0.0015317041291478671,0.00037030307420999426,0.0011614010549378729,0.0019020072033578614,10
HGNN,diagnostics,sym,208,0.0015135800543422582,0.0003667477508519757,0.0011468323034902824,0.001880327805194234,10
HGNN,diagnostics,sym,209,0.0014956837563787676,0.0003632208373623828,0.0011324629190163848,0.0018589045937411504,10
HGNN,diagnostics,sym,210,0.001478012049093206,0.0003597222238741966,0.0011182898252190094,0.0018377342729674025,10
HGNN,diagnostics,sym,211,0.0014605617990401493,0.00035625179838387965,0.0011043100006562696,0.001816813597424029,10
HGNN,diagnostics,sym,212,0.00144332992440422,0.00035280944681314143,0.0010905204775910784,0.0017961393712173615,10
HGNN,diagnostics,sym,213,0.0014263133939398773,0.0003493950530703176,0.0010769183408695596,0.001775708447010195,10
HGNN,diagnostics,sym,214,0.0014095092259388022,0.00034600849911132695,0.0010635007268274752,0.0017555177250501292,10
HGNN,diagnostics,sym,215,0.001392914487223991,0.00034264966500016197,0.0010502648222238291,0.001735564152224153,10
HGNN,diagnostics,sym,216,0.0013765262921697134,0.00033931842896888056,0.001037207863200833,0.001715844721138594,10
HGNN,diagnostics,sym,217,0.0013603418017465061,0.0003360146674770608,0.0010243271342694454,0.001696356469223567,10
HGNN,diagnostics,sym,218,0.001344358222590427,0.00033273825527069283,0.0010116199673197341,0.0016770964778611197,10
HGNN,diagnostics,sym,219,0.0013285728060957985,0.0003294890654404763,0.0009990837406553222,0.0016580618715362747,10
HGNN,diagnostics,sym,220,0.0013129828475307158,0.000326266969479498,0.0009867158780512179,0.0016392498170102138,10
HGNN,diagnostics,sym,221,0.0012975856851746123,0.0003230718373402672,0.0009745138478343451,0.0016206575225148796,10
HGNN,diagnostics,sym,222,0.0012823786994772051,0.000319903537491085,0.0009624751619861201,0.00160228223696829,10
HGNN,diagnostics,sym,223,0.0012673593122381603,0.0003167619369717299,0.0009505973752664304,0.00158412124920989,10
HGNN,diagnostics,sym,224,0.0012525249858068572,0.00031364690144844096,0.0009388780843584163,0.0015661718872552982,10
HGNN,diagnostics,sym,225,0.0012378732223016309,0.0003105582952681828,0.0009273149270334481,0.0015484315175698137,10
HGNN,diagnostics,sym,226,0.001223401562847917,0.00030749598151217765,0.0009159055813357394,0.0015308975443600946,10
HGNN,diagnostics,sym,227,0.001209107586834724,0.0003044598220486927,0.0009046477647860313,0.0015135674088834169,10
HGNN,diagnostics,sym,228,0.0011949889111888936,0.0003014496775850702,0.0008935392336038234,0.0014964385887739637,10
HGNN,diagnostics,sym,229,0.0011810431896666187,0.0002984654077189924,0.0008825777819476263,0.001479508597385611,10
HGNN,diagnostics,sym,230,0.001167268112161714,0.00029550687098896933,0.0008717612411727445,0.0014627749831506833,10
HGNN,diagnostics,sym,231,0.0011536614040301414,0.0002925739249240478,0.0008610874791060936,0.0014462353289541891,10
HGNN,diagnostics,sym,232,0.0011402208254303295,0.0002896664260927272,0.0008505543993376024,0.0014298872515230566,10
HGNN,diagnostics,sym,233,0.0011269441706788143,0.0002867842301510876,0.0008401599405277267,0.001413728400829902,10
HGNN,diagnostics,sym,234,0.0011138292676207743,0.00028392719189011535,0.0008299020757306589,0.0013977564595108896,10
HGNN,diagnostics,sym,235,0.0011008739770150219,0.0002810951652822313,0.0008197788117327905,0.0013819691422972532,10
HGNN,diagnostics,sym,236,0.0010880761919330496,0.00027828800352701577,0.0008097881884060339,0.0013663641954600654,10
HGNN,diagnostics,sym,237,0.0010754338371717239,0.00027550555909612915,0.0007999282780755948,0.001350939396267853,10
HGNN,diagnostics,sym,238,0.0010629448686792487,0.0002727476837774284,0.0007901971849018203,0.001335692552456677,10
HGNN,diagnostics,sym,239,0.001050607272994025,0.00027001422871828027,0.0007805930442757447,0.0013206215017123053,10
HGNN,diagnostics,sym,240,0.0010384190666960472,0.00026730504446807106,0.0007711140222279761,0.0013057241111641181,10
HGNN,diagnostics,sym,241,0.0010263782958704894,0.0002646199810199151,0.0007617583148505744,0.0012909982768904045,10
HGNN,diagnostics,sym,242,0.0010144830355831463,0.00026195888785156393,0.0007525241477315824,0.0012764419234347103,10
HGNN,diagnostics,sym,243,0.0010027313893674046,0.00025932161396551983,0.0007434097754018848,0.0012620530033329244,10
HGNN,diagnostics,sym,244,0.0009911214887224293,0.00025670800792835705,0.0007344134807940723,0.0012478294966507862,10
HGNN,diagnostics,sym,245,0.000979651492622263,0.0002541179179092529,0.0007255335747130102,0.001233769410531516,10
HGNN,diagnostics,sym,246,0.0009683195870355467,0.0002515511917177358,0.0007167683953178109,0.0012198707787532824,10
HGNN,diagnostics,sym,247,0.0009571239844555683,0.00024900767684065295,0.0007081163076149154,0.0012061316612962214,10
HGNN,diagnostics,sym,248,0.00094606292344038,0.0002464872204783648,0.0006995757029620152,0.0011925501439187449,10
HGNN,diagnostics,sym,249,0.0009351346681627003,0.00024398966958016829,0.0006911449985825321,0.0011791243377428685,10
HGNN,diagnostics,sym,250,0.0009243375079693566,0.00024151487087896152,0.000682822637090395,0.0011658523788483182,10
HGNN,diagnostics,sym,251,0.0009136697569500123,0.0002390626709251474,0.0006746070860248649,0.0011527324278751596,10
HGNN,diagnostics,sym,252,0.0009031297535149373,0.00023663291611979157,0.0006664968373951458,0.0011397626696347289,10
HGNN,diagnostics,sym,253,0.0008927158599815902,0.0002342254527470345,0.0006584904072345556,0.0011269413127286247,10
HGNN,diagnostics,sym,254,0.0008824264621697809,0.00023184012700576992,0.000650586335164011,0.0011142665891755508,10
HGNN,diagnostics,sym,255,0.000872259969005201,0.00022947678504059335,0.0006427831839646076,0.0011017367540457944,10
HGNN,diagnostics,sym,256,0.0008622148121310985,0.00022713527297203102,0.0006350795391590675,0.0010893500851031296,10
HGNN,diagnostics,op,0,1.0,0.0,1.0,1.0,10
HGNN,diagnostics,op,1,0.5181410626381548,0.007620515777987075,0.5105205468601678,0.5257615784161419,10
HGNN,diagnostics,op,2,0.31913330758251834,0.005844656797653994,0.31328865078486434,0.32497796438017235,10
HGNN,diagnostics,op,3,0.23305894720079173,0.0054241923115589934,0.22763475488923274,0.23848313951235073,10
HGNN,diagnostics,op,4,0.18438490325372203,0.005209120661598034,0.179175782592124,0.18959402391532007,10
HGNN,diagnostics,op,5,0.15240297829097593,0.004895467167131197,0.14750751112384475,0.15729844545810712,10
HGNN,diagnostics,op,6,0.12973912382003186,0.00453644946585189,0.12520267435417998,0.13427557328588374,10
HGNN,diagnostics,op,7,0.11287867563314657,0.004170060489963659,0.10870861514318292,0.11704873612311023,10
HGNN,diagnostics,op,8,0.09985226032549069,0.0038140254690524305,0.09603823485643825,0.10366628579454312,10
HGNN,diagnostics,op,9,0.08946452395820552,0.0034775208989386713,0.08598700305926685,0.09294204485714419,10
HGNN,diagnostics,op,10,0.08095712764722239,0.003165736414563681,0.07779139123265871,0.08412286406178607,10
HGNN,diagnostics,op,11,0.0738342715541242,0.0028816943530163026,0.0709525772011079,0.0767159659071405,10
HGNN,diagnostics,op,12,0.06776335605936218,0.002627151886700332,0.06513620417266185,0.07039050794606251,10
HGNN,diagnostics,op,13,0.06251545300712809,0.0024030382458682903,0.0601124147612598,0.06491849125299638,10
HGNN,diagnostics,op,14,0.057928630687064296,0.002209604245449362,0.05571902644161494,0.060138234932513655,10
HGNN,diagnostics,op,15,0.053884987151971306,0.002046413013638736,0.05183857413833257,0.05593140016561004,10
HGNN,diagnostics,op,16,0.050296100667541754,0.0019122771039153277,0.04838382356362643,0.05220837777145708,10
HGNN,diagnostics,op,17,0.047093716115498355,0.001805226564657836,0.04528848955084052,0.04889894268015619,10
HGNN,diagnostics,op,18,0.04422371588413549,0.0017225675955549991,0.04250114828858049,0.04594628347969049,10
HGNN,diagnostics,op,19,0.04164216513077984,0.0016610533385089995,0.03998111179227084,0.04330321846928884,10
HGNN,diagnostics,op,20,0.03931267608686836,0.0016171417332153043,0.037695534353653054,0.04092981782008366,10
HGNN,diagnostics,op,21,0.03720461761838924,0.0015872805198633858,0.03561733709852585,0.03879189813825262,10
HGNN,diagnostics,op,22,0.035291871479373085,0.0015681545221697302,0.03372371695720335,0.03686002600154282,10
HGNN,diagnostics,op,23,0.03355194617839709,0.0015568535222548394,0.03199509265614225,0.03510879970065193,10
HGNN,diagnostics,op,24,0.031965328030288884,0.0015509518239330562,0.030414376206355828,0.03351627985422194,10
HGNN,diagnostics,op,25,0.030514992178055735,0.0015485150386262256,0.02896647713942951,0.03206350721668196,10
HGNN,diagnostics,op,26,0.02918602368404761,0.0015480593785157704,0.027637964305531837,0.03073408306256338,10
HGNN,diagnostics,op,27,0.027965316133855084,0.0015484872236131923,0.026416828910241892,0.029513803357468275,10
HGNN,diagnostics,op,28,0.026841326266366393,0.001549016195374693,0.0252923100709917,0.028390342461741085,10
HGNN,diagnostics,op,29,0.025803870248454756,0.0015491120051310911,0.024254758243323665,0.027352982253585848,10
HGNN,diagnostics,op,30,0.02484395180194545,0.00154842998944936,0.02329552181249609,0.02639238179139481,10
HGNN,diagnostics,op,31,0.02395361537650154,0.0015467668296397473,0.022406848546861792,0.025500382206141287,10
HGNN,diagnostics,op,32,0.023125819522132766,0.0015440220873241504,0.021581797434808616,0.024669841609456917,10
HGNN,diagnostics,op,33,0.022354326915799926,0.001540168343554057,0.020814158572245868,0.023894495259353984,10
HGNN,diagnostics,op,34,0.021633608371807753,0.0015352284740551762,0.020098379897752577,0.02316883684586293,10
HGNN,diagnostics,op,35,0.020958758764902198,0.0015292586390610373,0.01942950012584116,0.022488017403963237,10
HGNN,diagnostics,op,36,0.020325423214177508,0.0015223357415477961,0.018803087472629713,0.021847758955725303,10
HGNN,diagnostics,op,37,0.019729732176782755,0.001514548320199783,0.01821518385658297,0.02124428049698254,10
HGNN,diagnostics,op,38,0.01916824432279069,0.0015059900483578024,0.01766225427443289,0.020674234371148494,10
HGNN,diagnostics,op,39,0.018637896232154293,0.0014967551891144366,0.017141141043039855,0.02013465142126873,10
HGNN,diagnostics,op,40,0.018135958088068945,0.0014869355047366507,0.016649022583332295,0.019622893592805595,10
HGNN,diagnostics,op,41,0.01765999464908888,0.0014766182371403166,0.016183376411948565,0.0191366128862292,10
HGNN,diagnostics,op,42,0.017207830872074965,0.0014658848691263093,0.015741946002948655,0.018673715741201274,10
HGNN,diagnostics,op,43,0.01677752163412522,0.001454810448015402,0.01532271118610982,0.018232332082140625,10
HGNN,diagnostics,op,44,0.01636732506716472,0.0014434633084225617,0.01492386175874216,0.01781078837558728,10
HGNN,diagnostics,op,45,0.015975679075958808,0.0014319050728323426,0.014543774003126465,0.01740758414879115,10
HGNN,diagnostics,op,46,0.015601180660442688,0.001420190840360851,0.014180989820081837,0.017021371500803538,10
HGNN,diagnostics,op,47,0.015242567707500033,0.0014083694979937613,0.013834198209506272,0.016650937205493793,10
HGNN,diagnostics,op,48,0.01489870295648103,0.001396484106532913,0.013502218849948117,0.016295187063013944,10
HGNN,diagnostics,op,49,0.014568559877459869,0.0013845723269031351,0.013183987550556733,0.015953132204363004,10
HGNN,diagnostics,op,50,0.014251210232010786,0.0013726668624671895,0.012878543369543596,0.015623877094477975,10
HGNN,diagnostics,op,51,0.013945813113569372,0.0013607959004103623,0.01258501721315901,0.015306609013979735,10
HGNN,diagnostics,op,52,0.01365160528862051,0.0013489835407253248,0.012302621747895185,0.015000588829345836,10
HGNN,diagnostics,op,53,0.013367892681352453,0.0013372502053363615,0.012030642476016092,0.014705142886688814,10
HGNN,diagnostics,op,54,0.013094042863336545,0.0013256130228157773,0.011768429840520768,0.014419655886152322,10
HGNN,diagnostics,op,55,0.01282947842650351,0.0013140861862409171,0.011515392240262592,0.014143564612744427,10
HGNN,diagnostics,op,56,0.012573671132432213,0.0013026812832264644,0.011270989849205748,0.013876352415658677,10
HGNN,diagnostics,op,57,0.012326136743963817,0.0012914075982006373,0.01103472914576318,0.013617544342164455,10
HGNN,diagnostics,op,58,0.012086430456600034,0.00128027238769429,0.010806158068905744,0.013366702844294325,10
HGNN,diagnostics,op,59,0.011854142857215599,0.001269281129867425,0.010584861727348174,0.013123423987083023,10
HGNN,diagnostics,op,60,0.011628896346470716,0.001258437749775243,0.010370458596695473,0.01288733409624596,10
HGNN,diagnostics,op,61,0.011410341969090645,0.0012477448220252745,0.010162597147065371,0.01265808679111592,10
HGNN,diagnostics,op,62,0.01119815660301378,0.0012372037525358868,0.009960952850477893,0.012435360355549667,10
HGNN,diagnostics,op,63,0.010992040464408496,0.0012268149411018647,0.009765225523306631,0.01221885540551036,10
HGNN,diagnostics,op,64,0.010791714890823267,0.0012165779264255436,0.009575136964397723,0.01200829281724881,10
HGNN,diagnostics,op,65,0.010596920369352388,0.0012064915151969,0.009390428854155489,0.011803411884549288,10
HGNN,diagnostics,op,66,0.010407414780749356,0.0011965538967141272,0.009210860884035228,0.011603968677463484,10
HGNN,diagnostics,op,67,0.010222971833971155,0.0011867627444352544,0.009036209089535901,0.011409734578406409,10
HGNN,diagnostics,op,68,0.010043379668749911,0.0011771153057470198,0.008866264363002892,0.01122049497449693,10
HGNN,diagnostics,op,69,0.009868439606517709,0.0011676084811331306,0.008700831125384579,0.01103604808765084,10
HGNN,diagnostics,op,70,0.00969796503240301,0.0011582388938230852,0.008539726138579925,0.010856203926226096,10
HGNN,diagnostics,op,71,0.009531780393114413,0.0011490029509063256,0.008382777442208087,0.010680783344020738,10
HGNN,diagnostics,op,72,0.009369720297366275,0.0011398968968058519,0.008229823400560424,0.010509617194172127,10
HGNN,diagnostics,op,73,0.009211628707112705,0.0011309168599209947,0.00808071184719171,0.0103425455670337,10
HGNN,diagnostics,op,74,0.009057358209269867,0.0011220588931709287,0.007935299316098939,0.010179417102440795,10
HGNN,diagnostics,op,75,0.00890676935884605,0.0011133190090989325,0.007793450349747118,0.010020088367944983,10
HGNN,diagnostics,op,76,0.00875973008548597,0.0011046932101318,0.007655036875354169,0.009864423295617769,10
HGNN,diagnostics,op,77,0.008616115156389348,0.0010961775145292144,0.007519937641860134,0.009712292670918563,10
HGNN,diagnostics,op,78,0.008475805689400536,0.0010877679785037593,0.007388037710896777,0.009563573667904295,10
HGNN,diagnostics,op,79,0.008338688710800044,0.0010794607149431615,0.007259227995856883,0.009418149425743205,10
HGNN,diagnostics,op,80,0.008204656752973376,0.0010712519091221463,0.00713340484385123,0.009275908662095522,10
HGNN,diagnostics,op,81,0.008073607487698415,0.0010631378317512124,0.007010469655947202,0.009136745319449626,10
HGNN,diagnostics,op,82,0.007945443391289522,0.0010551148496736374,0.006890328541615884,0.00900055824096316,10
HGNN,diagnostics,op,83,0.00782007143827312,0.0010471794344895661,0.006772892003783554,0.008867250872762687,10
HGNN,diagnostics,op,84,0.007697402820653216,0.0010393281693567968,0.0066580746512964195,0.008736730990010013,10
HGNN,diagnostics,op,85,0.007577352690162582,0.0010315577541915944,0.006545794935970988,0.008608910444354176,10
HGNN,diagnostics,op,86,0.007459839921191985,0.0010238650094692736,0.006435974911722712,0.008483704930661258,10
HGNN,diagnostics,op,87,0.007344786892350848,0.001016246878802957,0.006328540013547891,0.008361033771153804,10
HGNN,diagnostics,op,88,0.007232119284842385,0.001008700430459906,0.006223418854382479,0.008240819715302291,10
HGNN,diagnostics,op,89,0.007121765896038632,0.0010012228579575836,0.006120543038081048,0.008122988753996216,10
HGNN,diagnostics,op,90,0.007013658466818977,0.0009938114798662316,0.006019846986952745,0.008007469946685209,10
HGNN,diagnostics,op,91,0.006907731521392903,0.000986463738930828,0.005921267782462075,0.007894195260323731,10
HGNN,diagnostics,op,92,0.006803922218466288,0.0009791772006129138,0.005824745017853374,0.007783099419079202,10
HGNN,diagnostics,op,93,0.006702170212732866,0.0009719495511415039,0.005730220661591363,0.00767411976387437,10
HGNN,diagnostics,op,94,0.006602417525780502,0.000964778595152307,0.005637638930628195,0.007567196120932809,10
HGNN,diagnostics,op,95,0.0065046084255973875,0.0009576622529854463,0.005546946172611941,0.007462270678582834,10
HGNN,diagnostics,op,96,0.006408689313947694,0.0009505985577037389,0.005458090756243955,0.007359287871651432,10
HGNN,diagnostics,op,97,0.006314608620960961,0.0009435856518863815,0.005371022969074579,0.007258194272847343,10
HGNN,diagnostics,op,98,0.006222316706345691,0.0009366217842463075,0.0052856949220993835,0.007158938490591998,10
HGNN,diagnostics,op,99,0.006131765766696328,0.0009297053061136697,0.0052020604605826585,0.007061471072809997,10
HGNN,diagnostics,op,100,0.006042909748414913,0.0009228346678226607,0.0051200750805922525,0.006965744416237574,10
HGNN,diagnostics,op,101,0.0059557042658149465,0.0009160084150341672,0.0050396958507807794,0.0068717126808491135,10
HGNN,diagnostics,op,102,0.005870106524016211,0.0009092251850225868,0.004960881338993623,0.006779331709038798,10
HGNN,diagnostics,op,103,0.005786075246275923,0.0009024837029513545,0.004883591543324569,0.006688558949227277,10
HGNN,diagnostics,op,104,0.005703570605434238,0.0008957827781583725,0.004807787827275866,0.0065993533835926104,10
HGNN,diagnostics,op,105,0.005622554159181323,0.0008891213004695657,0.004733432858711757,0.006511675459650888,10
HGNN,diagnostics,op,106,0.005542988788879233,0.000882498236556087,0.004660490552323146,0.00642548702543532,10
HGNN,diagnostics,op,107,0.005464838641695178,0.000875912626348343,0.004588926015346835,0.006340751268043522,10
HGNN,diagnostics,op,108,0.005388069075823601,0.0008693635795178776,0.0045187054963057235,0.006257432655341479,10
HGNN,diagnostics,op,109,0.005312646608593284,0.0008628502720362941,0.00444979633655699,0.006175496880629578,10
HGNN,diagnostics,op,110,0.005238538867272531,0.0008563719428187309,0.0043821669244538,0.006094910810091262,10
HGNN,diagnostics,op,111,0.005165714542400627,0.0008499278904579338,0.004315786651942693,0.006015642432858561,10
HGNN,diagnostics,op,112,0.005094143343487441,0.0008435174700536593,0.004250625873433782,0.005937660813541101,10
HGNN,diagnostics,op,113,0.005023795956935419,0.0008371400901410472,0.004186655866794372,0.005860936047076467,10
HGNN,diagnostics,op,114,0.0049546440060492985,0.00083079520972054,0.004123848796328758,0.0057854392157698385,10
HGNN,diagnostics,op,115,0.0048866600130091,0.0008244823353910949,0.004062177677618005,0.005711142348400195,10
HGNN,diagnostics,op,116,0.004819817362691006,0.0008182010185876634,0.0040016163441033425,0.00563801838127867,10
HGNN,diagnostics,op,117,0.004754090268229172,0.0008119508529232349,0.003942139415305937,0.005566041121152407,10
HGNN,diagnostics,op,118,0.004689453738219057,0.0008057314716351746,0.003883722266583882,0.005495185209854231,10
HGNN,diagnostics,op,119,0.0046258835454698315,0.0007995425451351177,0.0038263410003347136,0.0054254260906049494,10
HGNN,diagnostics,op,120,0.004563356197219686,0.0007933837786612154,0.0037699724185584708,0.005356739975880901,10
HGNN,diagnostics,op,121,0.0045018489067337325,0.0007872549100312114,0.0037145939967025213,0.005289103816764944,10
HGNN,diagnostics,op,122,0.004441339566209457,0.0007811557074945111,0.0036601838587149455,0.005222495273703968,10
HGNN,diagnostics,op,123,0.00438180672091956,0.0007750859676811584,0.003606720753238402,0.005156892688600719,10
HGNN,diagnostics,op,124,0.004323229544526533,0.0007690455136454222,0.0035541840308811108,0.005092275058171955,10
HGNN,diagnostics,op,125,0.004265587815507423,0.0007630341930015572,0.003502553622505866,0.005028622008508981,10
HGNN,diagnostics,op,126,0.004208861894631094,0.0007570518761491284,0.003451810018481966,0.004965913770780223,10
HGNN,diagnostics,op,127,0.004153032703433759,0.00075109845458524,0.003401934248848519,0.004904131158018999,10
HGNN,diagnostics,op,128,0.004098081703641879,0.0007451738393009026,0.0033529078643409764,0.004843255542942781,10
HGNN,diagnostics,op,129,0.004043990877494532,0.0007392779592587319,0.0033047129182358,0.004783268836753264,10
HGNN,diagnostics,op,130,0.003990742708920135,0.0007334107599491494,0.003257331948970985,0.004724153468869284,10
HGNN,diagnostics,op,131,0.0039383201655250515,0.0007275722020222595,0.003210747963502792,0.004665892367547311,10
HGNN,diagnostics,op,132,0.0038867066813540337,0.0007217622599925382,0.0031649444213614954,0.004608468941346572,10
HGNN,diagnostics,op,133,0.0038358861403846997,0.0007159809210135471,0.0031199052193711524,0.004551867061398247,10
HGNN,diagnostics,op,134,0.0037858428607203745,0.0007102281837198679,0.003075614677000507,0.004496071044440242,10
HGNN,diagnostics,op,135,0.0037365615794475887,0.0007045040571335244,0.0030320575223140643,0.0044410656365811135,10
HGNN,diagnostics,op,136,0.003688027438126381,0.0006988085596321878,0.0029892188784941933,0.004386835997758569,10
HGNN,diagnostics,op,137,0.003640225968883281,0.000693141717976532,0.002947084250906749,0.004333367686859813,10
HGNN,diagnostics,op,138,0.00359314308107843,0.0006875035663941498,0.0029056395146842802,0.00428064664747258,10
HGNN,diagnostics,op,139,0.003546765048519889,0.0006818941457175267,0.002864870902802362,0.004228659194237415,10
HGNN,diagnostics,op,140,0.0035010784971995284,0.0006763135025736181,0.0028247649946259103,0.004177391999773147,10
HGNN,diagnostics,op,141,0.0034560703935262943,0.0006707616886226591,0.0027853087049036353,0.004126832082148953,10
HGNN,diagnostics,op,142,0.003411728033033862,0.0006652387598439055,0.0027464892731899563,0.004076966792877767,10
HGNN,diagnostics,op,143,0.0033680390295409064,0.0006597447758660859,0.0027082942536748207,0.004027783805406992,10
HGNN,diagnostics,op,144,0.0033249913047433063,0.0006542797993404097,0.0026707115054028967,0.003979271104083716,10
HGNN,diagnostics,op,145,0.0032825730782186672,0.0006488438953540587,0.0026337291828646085,0.003931416973572726,10
HGNN,diagnostics,op,146,0.003240772857824535,0.0006434371308821695,0.0025973357269423658,0.0038842099887067046,10
HGNN,diagnostics,op,147,0.003199579430472605,0.0006380595742763803,0.002561519856196225,0.0038376390047489854,10
HGNN,diagnostics,op,148,0.003158981853262119,0.0006327112947880993,0.0025262705584740194,0.0037916931480502184,10
HGNN,diagnostics,op,149,0.0031189694449564606,0.0006273923621247173,0.0024915770828317432,0.003746361807081178,10
HGNN,diagnostics,op,150,0.003079531777787778,0.0006221028460370667,0.0024574289317507115,0.0037016346238248447,10
HGNN,diagnostics,op,151,0.0030406586695751726,0.0006168428159364964,0.0024238158536386764,0.0036575014855116687,10
HGNN,diagnostics,op,152,0.0030023401761427202,0.0006116123405400028,0.0023907278356027177,0.003613952516682723,10
HGNN,diagnostics,op,153,0.002964566584024253,0.00060641148754192,0.002358155096482333,0.003570978071566173,10
HGNN,diagnostics,op,154,0.0029273284034424456,0.0006012403233107485,0.002326088080131697,0.0035285687267531942,10
HGNN,diagnostics,op,155,0.0028906163615503846,0.0005960989126097514,0.002294517448940633,0.003486715274160136,10
HGNN,diagnostics,op,156,0.0028544213959243087,0.0005909873183400249,0.002263434077584284,0.0034454087142643335,10
HGNN,diagnostics,op,157,0.002818734648296809,0.0005859056013047909,0.002232829046992018,0.0034046402496016,10
HGNN,diagnostics,op,158,0.0027835474585202295,0.0005808538199937399,0.00220269363852649,0.003364401278513969,10
HGNN,diagnostics,op,159,0.002748851358750532,0.0005758320303862847,0.0021730193283642472,0.0033246833891368167,10
HGNN,diagnostics,op,160,0.0027146380678423165,0.000570840285772658,0.0021437977820696584,0.0032854783536149746,10
HGNN,diagnostics,op,161,0.002680899485946148,0.000565878636591828,0.00211502084935432,0.003246778122537976,10
HGNN,diagnostics,op,162,0.002647627689299736,0.0005609471302852584,0.0020866805590144775,0.003208574819584994,10
HGNN,diagnostics,op,163,0.0026148149252048997,0.0005560458111655916,0.002058769114039308,0.0031708607363704912,10
HGNN,diagnostics,op,164,0.0025824536071826533,0.0005511747202993692,0.002031278886883284,0.0031336283274820227,10
HGNN,diagnostics,op,165,0.0025505363102990525,0.0005463338954029606,0.002004202414896092,0.003096870205702013,10
HGNN,diagnostics,op,166,0.0025190557666548213,0.0005415233707509036,0.001977532395903918,0.0030605791374057247,10
HGNN,diagnostics,op,167,0.0024880048610320714,0.000536743177095901,0.0019512616839361704,0.0030247480381279724,10
HGNN,diagnostics,op,168,0.0024573766266917404,0.0005319933415997641,0.0019253832850919762,0.0029893699682915047,10
HGNN,diagnostics,op,169,0.002427164241315652,0.0005272738877746209,0.0018998903535410309,0.0029544381290902725,10
HGNN,diagnostics,op,170,0.002397361023087391,0.0005225848354337482,0.001874776187653643,0.0029199458585211393,10
HGNN,diagnostics,op,171,0.0023679604269064326,0.0005179262006514163,0.0018500342262550164,0.002885886627557849,10
HGNN,diagnostics,op,172,0.002338956040730217,0.0005132979957311741,0.001825658044999043,0.002852254036461391,10
HGNN,diagnostics,op,173,0.002310341582039105,0.0005087002291820186,0.0018016413528570863,0.0028190418112211237,10
HGNN,diagnostics,op,174,0.002282110894419349,0.00050413290570194,0.0017779779887174088,0.002786243800121289,10
HGNN,diagnostics,op,175,0.0022542579442594727,0.000499596026168349,0.0017546619180911238,0.0027538539704278216,10
HGNN,diagnostics,op,176,0.002226776817555599,0.0004950895876349213,0.0017316872299206775,0.0027218664051905203,10
HGNN,diagnostics,op,177,0.00219966171682151,0.0004906135833344204,0.0017090481334870898,0.0026902753001559303,10
HGNN,diagnostics,op,178,0.002172906958099375,0.0004861680026870869,0.001686738955412288,0.002659074960786462,10
HGNN,diagnostics,op,179,0.0021465069680672746,0.00048175283131419907,0.0016647541367530755,0.0026282597993814738,10
HGNN,diagnostics,op,180,0.00212045628123981,0.00047736805105643565,0.0016430882301833741,0.0025978243322962455,10
HGNN,diagnostics,op,181,0.002094749537258239,0.0004730136399966869,0.0016217358972615522,0.002567763177254926,10
HGNN,diagnostics,op,182,0.0020693814782667607,0.0004686895724869909,0.0016006919057797698,0.0025380710507537517,10
HGNN,diagnostics,op,183,0.0020443469463716705,0.0004643958191792749,0.0015799511271923955,0.0025087427655509456,10
HGNN,diagnostics,op,184,0.002019640881180288,0.0004601323470596079,0.0015595085341206802,0.002479773228239896,10
HGNN,diagnostics,op,185,0.0019952583174166682,0.00045589911948569126,0.0015393591979309769,0.0024511574369023596,10
HGNN,diagnostics,op,186,0.001971194382611238,0.00045169609622731975,0.0015194982863839185,0.002422890478838558,10
HGNN,diagnostics,op,187,0.001947444294861625,0.00044752323350956766,0.0014999210613520573,0.0023949675283711927,10
HGNN,diagnostics,op,188,0.0019240033606620483,0.0004433804840584633,0.0014806228766035849,0.0023673838447205117,10
HGNN,diagnostics,op,189,0.0019008669727987632,0.0004392677971489399,0.0014615991756498233,0.002340134769947703,10
HGNN,diagnostics,op,190,0.00187803060830915,0.0004351851186548433,0.0014428454896543066,0.0023132157269639933,10
HGNN,diagnostics,op,191,0.0018554898265021335,0.0004311323911008123,0.0014243574354013211,0.002286622217602946,10
HGNN,diagnostics,op,192,0.0018332402670377204,0.0004271095537158426,0.0014061307133218777,0.002260349820753563,10
HGNN,diagnostics,op,193,0.0018112776480635313,0.0004231165424883614,0.0013881611055751699,0.0022343941905518926,10
HGNN,diagnostics,op,194,0.0017895977644062893,0.0004191532902226508,0.0013704444741836385,0.00220875105462894,10
HGNN,diagnostics,op,195,0.0017681964858163094,0.000415219726596466,0.0013529767592198433,0.0021834162124127754,10
HGNN,diagnostics,op,196,0.0017470697552631133,0.0004113157782197064,0.001335753977043407,0.0021583855334828196,10
HGNN,diagnostics,op,197,0.0017262135872803716,0.00040744136869400114,0.0013187722185863705,0.0021336549559743726,10
HGNN,diagnostics,op,198,0.0017056240663584472,0.00040359641867308604,0.0013020276476853612,0.0021092204850315334,10
HGNN,diagnostics,op,199,0.0016852973453828734,0.0003997808459238466,0.0012855164994590269,0.0020850781913067202,10
HGNN,diagnostics,op,200,0.0016652296441171852,0.0003959945653879235,0.0012692350787292617,0.0020612242095051085,10
HGNN,diagnostics,op,201,0.0016454172477285659,0.0003922374892437678,0.001253179758484798,0.0020376547369723337,10
HGNN,diagnostics,op,202,0.001625856505354848,0.00038850952696905275,0.0012373469783857952,0.0020143660323239006,10
HGNN,diagnostics,op,203,0.001606543828711448,0.00038481058540334643,0.0012217332433081016,0.0019913544141147944,10
HGNN,diagnostics,op,204,0.0015874756907368875,0.000381140568810963,0.0012063351219259244,0.0019686162595478505,10
HGNN,diagnostics,op,205,0.0015686486242755947,0.0003774993789439071,0.0011911492453316875,0.001946148003219502,10
HGNN,diagnostics,op,206,0.001550059220796736,0.0003738869151048396,0.0011761723056918963,0.0019239461359015757,10
HGNN,diagnostics,op,207,0.0015317041291478674,0.0003703030742099942,0.001161401054937873,0.0019020072033578616,10
HGNN,diagnostics,op,208,0.0015135800543422582,0.0003667477508519757,0.0011468323034902824,0.001880327805194234,10
HGNN,diagnostics,op,209,0.0014956837563787678,0.0003632208373623829,0.001132462919016385,0.0018589045937411506,10
HGNN,diagnostics,op,210,0.0014780120490932062,0.0003597222238741966,0.0011182898252190096,0.0018377342729674027,10
HGNN,diagnostics,op,211,0.0014605617990401493,0.0003562517983838798,0.0011043100006562696,0.001816813597424029,10
HGNN,diagnostics,op,212,0.00144332992440422,0.00035280944681314154,0.0010905204775910784,0.0017961393712173615,10
HGNN,diagnostics,op,213,0.0014263133939398775,0.00034939505307031774,0.0010769183408695596,0.0017757084470101953,10
HGNN,diagnostics,op,214,0.0014095092259388022,0.00034600849911132695,0.0010635007268274752,0.0017555177250501292,10
HGNN,diagnostics,op,215,0.0013929144872239913,0.0003426496650001621,0.0010502648222238291,0.0017355641522241534,10
HGNN,diagnostics,op,216,0.0013765262921697136,0.0003393184289688806,0.001037207863200833,0.0017158447211385944,10
HGNN,diagnostics,op,217,0.0013603418017465064,0.0003360146674770608,0.0010243271342694456,0.0016963564692235671,10
HGNN,diagnostics,op,218,0.0013443582225904271,0.0003327382552706929,0.0010116199673197344,0.00167709647786112,10
HGNN,diagnostics,op,219,0.0013285728060957985,0.00032948906544047626,0.0009990837406553222,0.0016580618715362747,10
HGNN,diagnostics,op,220,0.001312982847530716,0.00032626696947949795,0.000986715878051218,0.001639249817010214,10
HGNN,diagnostics,op,221,0.0012975856851746125,0.00032307183734026724,0.0009745138478343452,0.0016206575225148798,10
HGNN,diagnostics,op,222,0.0012823786994772051,0.00031990353749108497,0.0009624751619861202,0.00160228223696829,10
HGNN,diagnostics,op,223,0.0012673593122381603,0.0003167619369717299,0.0009505973752664304,0.00158412124920989,10
HGNN,diagnostics,op,224,0.0012525249858068575,0.0003136469014484411,0.0009388780843584163,0.0015661718872552986,10
HGNN,diagnostics,op,225,0.001237873222301631,0.00031055829526818285,0.0009273149270334483,0.001548431517569814,10
HGNN,diagnostics,op,226,0.0012234015628479172,0.0003074959815121777,0.0009159055813357395,0.001530897544360095,10
HGNN,diagnostics,op,227,0.001209107586834724,0.00030445982204869266,0.0009046477647860314,0.0015135674088834167,10
HGNN,diagnostics,op,228,0.0011949889111888936,0.00030144967758507027,0.0008935392336038233,0.0014964385887739637,10
HGNN,diagnostics,op,229,0.0011810431896666187,0.00029846540771899256,0.0008825777819476261,0.0014795085973856113,10
HGNN,diagnostics,op,230,0.001167268112161714,0.0002955068709889695,0.0008717612411727444,0.0014627749831506833,10
HGNN,diagnostics,op,231,0.0011536614040301416,0.0002925739249240479,0.0008610874791060937,0.0014462353289541896,10
HGNN,diagnostics,op,232,0.0011402208254303295,0.0002896664260927272,0.0008505543993376024,0.0014298872515230566,10
HGNN,diagnostics,op,233,0.0011269441706788143,0.00028678423015108753,0.0008401599405277268,0.0014137284008299018,10
HGNN,diagnostics,op,234,0.0011138292676207743,0.0002839271918901154,0.0008299020757306589,0.0013977564595108896,10
HGNN,diagnostics,op,235,0.001100873977015022,0.0002810951652822314,0.0008197788117327907,0.0013819691422972534,10
HGNN,diagnostics,op,236,0.0010880761919330499,0.00027828800352701594,0.0008097881884060339,0.0013663641954600658,10
HGNN,diagnostics,op,237,0.0010754338371717239,0.0002755055590961292,0.0007999282780755947,0.001350939396267853,10
HGNN,diagnostics,op,238,0.0010629448686792487,0.0002727476837774285,0.0007901971849018202,0.001335692552456677,10
HGNN,diagnostics,op,239,0.001050607272994025,0.0002700142287182803,0.0007805930442757447,0.0013206215017123053,10
HGNN,diagnostics,op,240,0.0010384190666960472,0.00026730504446807117,0.000771114022227976,0.0013057241111641184,10
HGNN,diagnostics,op,241,0.0010263782958704894,0.00026461998101991527,0.0007617583148505742,0.0012909982768904047,10
HGNN,diagnostics,op,242,0.0010144830355831463,0.0002619588878515639,0.0007525241477315825,0.0012764419234347101,10
HGNN,diagnostics,op,243,0.0010027313893674048,0.00025932161396552,0.0007434097754018848,0.0012620530033329248,10
HGNN,diagnostics,op,244,0.0009911214887224295,0.0002567080079283571,0.0007344134807940724,0.0012478294966507867,10
HGNN,diagnostics,op,245,0.0009796514926222633,0.000254117917909253,0.0007255335747130102,0.0012337694105315163,10
HGNN,diagnostics,op,246,0.0009683195870355467,0.00025155119171773574,0.000716768395317811,0.0012198707787532824,10
HGNN,diagnostics,op,247,0.0009571239844555683,0.0002490076768406531,0.0007081163076149153,0.0012061316612962214,10
HGNN,diagnostics,op,248,0.00094606292344038,0.0002464872204783648,0.0006995757029620152,0.0011925501439187449,10
HGNN,diagnostics,op,249,0.0009351346681627005,0.0002439896695801683,0.0006911449985825322,0.0011791243377428688,10
HGNN,diagnostics,op,250,0.0009243375079693568,0.00024151487087896157,0.0006828226370903952,0.0011658523788483184,10
HGNN,diagnostics,op,251,0.0009136697569500123,0.00023906267092514737,0.000674607086024865,0.0011527324278751596,10
HGNN,diagnostics,op,252,0.0009031297535149376,0.0002366329161197916,0.000666496837395146,0.0011397626696347293,10
HGNN,diagnostics,op,253,0.0008927158599815903,0.0002342254527470345,0.0006584904072345557,0.0011269413127286247,10
HGNN,diagnostics,op,254,0.0008824264621697811,0.0002318401270057699,0.0006505863351640112,0.001114266589175551,10
HGNN,diagnostics,op,255,0.000872259969005201,0.00022947678504059332,0.0006427831839646076,0.0011017367540457942,10
HGNN,diagnostics,op,256,0.0008622148121310988,0.00022713527297203113,0.0006350795391590677,0.00108935008510313,10
HGNN,restart,base,0,1.0,0.0,1.0,1.0,10
HGNN,restart,base,1,0.21372551690834762,0.003427033109967799,0.21029848379837981,0.21715255001831543,10
HGNN,restart,base,2,0.08655986220578125,0.0027819014731209567,0.08377796073266029,0.08934176367890222,10
HGNN,restart,base,3,0.04878515894257289,0.0020875084849266952,0.04669765045764619,0.05087266742749959,10
HGNN,restart,base,4,0.031911969419742,0.0015196268639867002,0.030392342555755302,0.0334315962837287,10
HGNN,restart,base,5,0.022684312015699364,0.001118038470609209,0.021566273545090154,0.023802350486308573,10
HGNN,restart,base,6,0.01704457025429764,0.0008457209393667346,0.016198849314930906,0.017890291193664375,10
HGNN,restart,base,7,0.013332832064916995,0.0006608041219003742,0.01267202794301662,0.01399363618681737,10
HGNN,restart,base,8,0.010750781541612459,0.0005329451326420952,0.010217836408970364,0.011283726674254554,10
HGNN,restart,base,9,0.008874303478272935,0.0004423736840932488,0.008431929794179687,0.009316677162366184,10
HGNN,restart,base,10,0.007461747858428432,0.0003765171141996117,0.007085230744228821,0.007838264972628043,10
HGNN,restart,base,11,0.006367692204534118,0.0003273563626877496,0.006040335841846369,0.006695048567221868,10
HGNN,restart,base,12,0.0055005098906509625,0.0002897117282260551,0.005210798162424908,0.005790221618877017,10
HGNN,restart,base,13,0.004800097020817738,0.00026018189126025555,0.004539915129557482,0.0050602789120779935,10
HGNN,restart,base,14,0.0042255839485882424,0.000236491870618922,0.003989092077969321,0.004462075819207164,10
HGNN,restart,base,15,0.0037482722793111024,0.00021709039503570082,0.0035311818842754016,0.003965362674346803,10
HGNN,restart,base,16,0.0033474278040414077,0.00020089904984994388,0.0031465287541914636,0.003548326853891352,10
HGNN,restart,base,17,0.003007691674287743,0.00018715411125106089,0.002820537563036682,0.003194845785538804,10
HGNN,restart,base,18,0.0027174380670661577,0.00017530532233815056,0.002542132744728007,0.0028927433894043084,10
HGNN,restart,base,19,0.002467701807000176,0.0001649499658740031,0.002302751841126173,0.002632651772874179,10
HGNN,restart,base,20,0.002251458788555589,0.0001557890965075364,0.0020956696920480526,0.002407247885063125,10
HGNN,restart,base,21,0.002063130624277595,0.0001475979137197891,0.0019155327105578061,0.0022107285379973844,10
HGNN,restart,base,22,0.001898235469508654,0.00014020533071997977,0.0017580301387886742,0.0020384408002286337,10
HGNN,restart,base,23,0.001753136488653758,0.00013347964472388795,0.0016196568439298701,0.001886616133377646,10
HGNN,restart,base,24,0.0016248570662915976,0.00012731833614735408,0.0014975387301442435,0.0017521754024389517,10
HGNN,restart,base,25,0.0015109426424626006,0.00012164071366708338,0.0013893019287955172,0.001632583356129684,10
HGNN,restart,base,26,0.0014093557786771754,0.00011638255312013877,0.0012929732255570366,0.0015257383317973142,10
HGNN,restart,base,27,0.001318395350444531,0.00011149215319055376,0.0012069031972539773,0.0014298875036350847,10
HGNN,restart,base,28,0.0012366335537946104,0.00010692741003079544,0.001129706143763815,0.001343560963825406,10
HGNN,restart,base,29,0.0011628662667615512,0.00010265363219789144,0.00106021263456366,0.0012655198989594426,10
HGNN,restart,base,30,0.0010960735611333541,9.86418981512439e-05,0.0009974316629821102,0.001194715459284598,10
HGNN,restart,base,31,0.00103538802420319,9.486781434662686e-05,0.0009405202098565631,0.0011302558385498168,10
HGNN,restart,base,32,0.000980069156297926,9.131057101762651e-05,0.0008887585852802996,0.0010713797273155525,10
HGNN,restart,base,33,0.000929482541643607,8.795222042619797e-05,0.000841530321217409,0.0010174347620698048,10
HGNN,restart,base,34,0.0008830828024172516,8.477712220864299e-05,0.0007983056802086085,0.0009678599246258946,10
HGNN,restart,base,35,0.0008403995748734067,8.1771514797592e-05,0.0007586280600758147,0.0009221710896709988,10
HGNN,restart,base,36,0.0008010259165990574,7.892318236733613e-05,0.0007221027342317213,0.0008799490989663936,10
HGNN,restart,base,37,0.0007646086818905692,7.622119443596084e-05,0.0006883874874546084,0.0008408298763265301,10
HGNN,restart,base,38,0.0007308404994997373,7.365570093715988e-05,0.0006571847985625775,0.0008044962004368971,10
HGNN,restart,base,39,0.0006994530616710696,7.121776979451653e-05,0.0006282352918765531,0.000770670831465586,10
HGNN,restart,base,40,0.0006702114912624131,6.889925718192973e-05,0.0006013122340804834,0.0007391107484443428,10
HGNN,restart,base,41,0.0006429095989680014,6.66927030167928e-05,0.0005762168959512086,0.0007096023019847942,10
HGNN,restart,base,42,0.0006173658782828095,6.459124601134974e-05,0.0005527746322714597,0.0006819571242941592,10
HGNN,restart,base,43,0.0005934201140987318,6.258855395123618e-05,0.0005308315601474956,0.0006560086680499679,10
HGNN,restart,base,44,0.0005709305033751208,6.067876588798167e-05,0.000510251737487139,0.0006316092692631025,10
HGNN,restart,base,45,0.0005497712044343426,5.8856443705133264e-05,0.0004909147607292094,0.0006086276481394758,10
HGNN,restart,base,46,0.0005298302460508498,5.7116531105799286e-05,0.0004727137149450506,0.0005869467771566491,10
HGNN,restart,base,47,0.000511007739360448,5.545431851776003e-05,0.000455553420842688,0.0005664620578782081,10
HGNN,restart,base,48,0.0004932143452789982,5.386541275457824e-05,0.00043934893252441993,0.0005470797580335765,10
HGNN,restart,base,49,0.00047636995802567304,5.2345710532778686e-05,0.00042402424749289435,0.0005287156685584517,10
HGNN,restart,base,50,0.00046040257183884716,5.089137514538378e-05,0.00040951119669346337,0.000511293946984231,10
HGNN,restart,base,51,0.00044524730332382815,4.9498815745457944e-05,0.0003957484875783702,0.0004947461190692861,10
HGNN,restart,base,52,0.00043084554629592024,4.8164668810916034e-05,0.0003826808774850042,0.0004790102151068363,10
HGNN,restart,base,53,0.00041714423965120783,4.6885781452139085e-05,0.00037025845819906874,0.0004640300211033469,10
HGNN,restart,base,54,0.000404095231848398,4.565919629334938e-05,0.0003584360355550486,0.0004497544281417474,10
HGNN,restart,base,55,0.0003916547281287364,4.448213771215445e-05,0.000347172590416582,0.00043613686584089085,10
HGNN,restart,base,56,0.00037978280872694593,4.3351999262939815e-05,0.0003364308094640061,0.00042313480798988575,10
HGNN,restart,base,57,0.0003684430081070194,4.2266332141741965e-05,0.0003261766759652774,0.00041070934024876134,10
HGNN,restart,base,58,0.0003576019467517807,4.122283457507295e-05,0.00031637911217670774,0.00039882478132685363,10
HGNN,restart,base,59,0.00034722900829288787,4.0219342034570286e-05,0.0003070096662583176,0.00038744835032745816,10
HGNN,restart,base,60,0.00033729605582813146,3.9253818194598247e-05,0.00029804223763353323,0.0003765498740227297,10
HGNN,restart,base,61,0.0003277771821682257,3.832434656199901e-05,0.00028945283560622673,0.0003661015287302247,10
HGNN,restart,base,62,0.0003186484895127884,3.742912271684079e-05,0.00028121936679594765,0.0003560776122296292,10
HGNN,restart,base,63,0.0003098878946972044,3.656644711079117e-05,0.0002733214475864132,0.0003464543418079956,10
HGNN,restart,base,64,0.0003014749566971066,3.5734718376094424e-05,0.00026574023832101216,0.00033720967507320105,10
HGNN,restart,base,65,0.00029339072354067706,3.493242710337673e-05,0.0002584582964373003,0.0003283231506440538,10
HGNN,restart,base,66,0.00028561759617372015,3.415815005088939e-05,0.0002514594461228307,0.00031977574622460956,10
HGNN,restart,base,67,0.00027813920715919236,3.341054475151581e-05,0.00024472866240767655,0.00031154975191070817,10
HGNN,restart,base,68,0.00027094031238056196,3.2688344487055665e-05,0.0002382519678935063,0.0003036286568676176,10
HGNN,restart,base,69,0.0002640066941645157,3.199035360206539e-05,0.0002320163405624503,0.0002959970477665811,10
HGNN,restart,base,70,0.00025732507444945526,3.131544313196054e-05,0.00022600963131749473,0.0002886405175814158,10
HGNN,restart,base,71,0.0002508830368072125,3.066254672223396e-05,0.00022022049008497852,0.00028154558352944646,10
HGNN,restart,base,72,0.0002446689562809491,3.003065681756213e-05,0.00021463829946338696,0.00027469961309851124,10
HGNN,restart,base,73,0.00023867193613605372,2.9418821101297535e-05,0.00020925311503475617,0.00026809075723735124,10
HGNN,restart,base,74,0.0002328817507361889,2.8826139167401403e-05,0.0002040556115687875,0.0002617078899035903,10
HGNN,restart,base,75,0.00022728879385618069,2.8251759408290074e-05,0.0001990370344478906,0.00025554055326447076,10
HGNN,restart,base,76,0.0002218840318294594,2.769487610335542e-05,0.00019418915572610396,0.0002495789079328148,10
HGNN,restart,base,77,0.0002166589610021928,2.71547266940994e-05,0.00018950423430809342,0.0002438136876962922,10
HGNN,restart,base,78,0.00021160556903075523,2.6630589232902092e-05,0.00018497497979785314,0.00023823615826365732,10
HGNN,restart,base,79,0.00020671629961514817,2.612177999343033e-05,0.00018059451962171785,0.0002328380796085785,10
HGNN,restart,base,80,0.0002019840203096204,2.5627651231602997e-05,0.0001763563690780174,0.0002276116715412234,10
HGNN,restart,base,81,0.00019740199309405923,2.5147589086861968e-05,0.00017225440400719727,0.0002225495821809212,10
HGNN,restart,base,82,0.0001929638474265981,2.4681011614263763e-05,0.00016828283581233434,0.00021764485904086185,10
HGNN,restart,base,83,0.0001886635555300649,2.4227366938610956e-05,0.00016443618859145393,0.00021289092246867586,10
HGNN,restart,base,84,0.00018449540969301195,2.378613152249047e-05,0.00016070927817052148,0.00020828154121550242,10
HGNN,restart,base,85,0.0001804540013906712,2.3356808540680122e-05,0.00015709719284999108,0.0002038108099313513,10
HGNN,restart,base,86,0.00017653420205273874,2.2938926353934194e-05,0.00015359527569880455,0.00019947312840667294,10
HGNN,restart,base,87,0.00017273114532381206,2.2532037075660745e-05,0.00015019910824815133,0.0001952631823994728,10
HGNN,restart,base,88,0.00016904021067893027,2.2135715225469704e-05,0.00014690449545346057,0.00019117592590439997,10
HGNN,restart,base,89,0.00016545700827129908,2.1749556463996018e-05,0.00014370745180730305,0.0001872065647352951,10
HGNN,restart,base,90,0.00016197736490218206,2.1373176403796813e-05,0.00014060418849838526,0.00018335054130597887,10
HGNN,restart,base,91,0.00015859731101432016,2.100620949148383e-05,0.00013759110152283634,0.00017960352050580398,10
HGNN,restart,base,92,0.00015531306862030754,2.0648307956587192e-05,0.00013466476066372035,0.00017596137657689473,10
HGNN,restart,base,93,0.0001521210400862585,2.0299140822954304e-05,0.00013182189926330419,0.0001724201809092128,10
HGNN,restart,base,94,0.00014901779769900005,1.9958392978773913e-05,0.00012905940472022614,0.00016897619067777396,10
HGNN,restart,base,95,0.00014600007395203858,1.9625764301577617e-05,0.00012637430965046096,0.0001656258382536162,10
HGNN,restart,base,96,0.00014306475249178523,1.930096883481474e-05,0.0001237637836569705,0.00016236572132659997,10
HGNN,restart,base,97,0.00014020885967108162,1.898373401282238e-05,0.00012122512565825923,0.000159192593683904,10
HGNN,restart,base,98,0.0001374295566620208,1.8673799931220248e-05,0.00011875575673080054,0.00015610335659324104,10
HGNN,restart,base,99,0.0001347241320844872,1.837091865995388e-05,0.00011635321342453331,0.00015309505074444108,10
HGNN,restart,base,100,0.00013208999511079737,1.807485359638924e-05,0.00011401514151440813,0.0001501648487071866,10
HGNN,restart,base,101,0.00012952466901037547,1.7785378856028024e-05,0.00011173929015434746,0.0001473100478664035,10
HGNN,restart,base,102,0.00012702578510157813,1.750227869856821e-05,0.00010952350640300993,0.00014452806380014634,10
HGNN,restart,base,103,0.0001245910770806497,1.7225346987178308e-05,0.00010736573009347141,0.000141816424067828,10
HGNN,restart,base,104,0.00012221837570036204,1.6954386678987865e-05,0.00010526398902137418,0.0001391727623793499,10
HGNN,restart,base,105,0.00011990560377321691,1.6689209344921585e-05,0.00010321639442829533,0.0001365948131181385,10
HGNN,restart,base,106,0.00011765077147618435,1.6429634717121352e-05,0.000101221136759063,0.0001340804061933057,10
HGNN,restart,base,107,0.0001154519719358464,1.61754902623087e-05,9.92764816735377e-05,0.0001316274621981551,10
HGNN,restart,base,108,0.00011330737707453042,1.5926610779541963e-05,9.738076629498845e-05,0.0001292339878540724,10
HGNN,restart,base,109,0.00011121523369957194,1.5682838020917427e-05,9.55323956786545e-05,0.00012689807172048937,10
HGNN,restart,base,110,0.00010917385981925886,1.5444020333851888e-05,9.372983948540697e-05,0.00012461788015311076,10
HGNN,restart,base,111,0.00010718164117029286,1.5210012323668151e-05,9.19716288466247e-05,0.000122391653493961,10
HGNN,restart,base,112,0.00010523702794277146,1.4980674535280949e-05,9.025635340749051e-05,0.00012021770247805242,10
HGNN,restart,base,113,0.00010333853168975973,1.4755873152855523e-05,8.858265853690421e-05,0.00011809440484261525,10
HGNN,restart,base,114,0.00010148472240949311,1.453547971637777e-05,8.694924269311534e-05,0.00011602020212587088,10
HGNN,restart,base,115,9.967422578913943e-05,1.431937085413931e-05,8.535485493500012e-05,0.00011399359664327873,10
HGNN,restart,base,116,9.790572059986222e-05,1.4107428030201087e-05,8.379829256966112e-05,0.00011201314863006331,10
HGNN,restart,base,117,9.617793623367114e-05,1.3899537305954822e-05,8.227839892771631e-05,0.00011007747353962597,10
HGNN,restart,base,118,9.448965037322786e-05,1.369558911495461e-05,8.079406125827325e-05,0.00010818523948818247,10
HGNN,restart,base,119,9.283968678640235e-05,1.3495478050240892e-05,7.934420873616146e-05,0.00010633516483664324,10
HGNN,restart,base,120,9.122691323795033e-05,1.329910266342473e-05,7.79278105745256e-05,0.00010452601590137506,10
HGNN,restart,base,121,8.965023951121347e-05,1.310636527484491e-05,7.654387423636856e-05,0.00010275660478605838,10
HGNN,restart,base,122,8.810861553323027e-05,1.2917171794150784e-05,7.519144373907948e-05,0.00010102578732738106,10
HGNN,restart,base,123,8.660102959709719e-05,1.2731431550702753e-05,7.386959804639444e-05,9.933246114779994e-05,10
HGNN,restart,base,124,8.512650667583375e-05,1.2549057133218246e-05,7.25774495426155e-05,9.767556380905199e-05,10
HGNN,restart,base,125,8.368410682238944e-05,1.236996423812543e-05,7.1314142584264e-05,9.605407106051488e-05,10
HGNN,restart,base,126,8.227292365078474e-05,1.2194071526118389e-05,7.007885212466635e-05,9.446699517690312e-05,10
HGNN,restart,base,127,8.089208289370631e-05,1.2021300486438383e-05,6.887078240726793e-05,9.29133833801447e-05,10
HGNN,restart,base,128,7.954074103218142e-05,1.1851575308433392e-05,6.768916572374802e-05,9.139231634061482e-05,10
HGNN,restart,base,129,7.82180839932368e-05,1.1684822759974978e-05,6.653326123326182e-05,8.990290675321179e-05,10
HGNN,restart,base,130,7.692332591171024e-05,1.1520972072336734e-05,6.54023538393735e-05,8.844429798404698e-05,10
HGNN,restart,base,131,7.565570795262437e-05,1.1359954831161953e-05,6.429575312146242e-05,8.701566278378633e-05,10
HGNN,restart,base,132,7.441449719075827e-05,1.1201704873169988e-05,6.321279231758829e-05,8.561620206392825e-05,10
HGNN,restart,base,133,7.319898554426199e-05,1.104615818827211e-05,6.215282735598988e-05,8.42451437325341e-05,10
HGNN,restart,base,134,7.200848875935416e-05,1.0893252826786801e-05,6.111523593256736e-05,8.290174158614096e-05,10
HGNN,restart,base,135,7.084234544332379e-05,1.0742928811462988e-05,6.00994166318608e-05,8.158527425478678e-05,10
HGNN,restart,base,136,6.969991614322758e-05,1.0595128054036954e-05,5.910478808919062e-05,8.029504419726453e-05,10
HGNN,restart,base,137,6.858058246783075e-05,1.0449794276064919e-05,5.813078819176583e-05,7.903037674389566e-05,10
HGNN,restart,base,138,6.748374625048684e-05,1.0306872933788646e-05,5.717687331669819e-05,7.779061918427548e-05,10
HGNN,restart,base,139,6.640882875078937e-05,1.0166311146805695e-05,5.6242517603983676e-05,7.657513989759506e-05,10
HGNN,restart,base,140,6.535526989295612e-05,1.00280576303294e-05,5.532721226262671e-05,7.538332752328552e-05,10
HGNN,restart,base,141,6.432252753902666e-05,9.892062630836763e-06,5.44304649081899e-05,7.421459016986342e-05,10
HGNN,restart,base,142,6.33100767950662e-05,9.75827786491364e-06,5.355179893015256e-05,7.306835465997984e-05,10
HGNN,restart,base,143,6.231740934867242e-05,9.626656461118709e-06,5.269075288755372e-05,7.194406580979113e-05,10
HGNN,restart,base,144,6.134403283618145e-05,9.497152904697568e-06,5.184687993148388e-05,7.084118574087901e-05,10
HGNN,restart,base,145,6.038947023805987e-05,9.369722984988554e-06,5.101974725307132e-05,6.975919322304842e-05,10
HGNN,restart,base,146,5.945325930105587e-05,9.244323745371296e-06,5.0208935555684576e-05,6.869758304642716e-05,10
HGNN,restart,base,147,5.8534951985763677e-05,9.120913435617398e-06,4.941403855014628e-05,6.765586542138107e-05,10
HGNN,restart,base,148,5.763411393833018e-05,8.999451466511441e-06,4.8634662471818744e-05,6.663356540484162e-05,10
HGNN,restart,base,149,5.675032398510444e-05,8.879898366617704e-06,4.787042561848674e-05,6.563022235172214e-05,10
HGNN,restart,base,150,5.588317364909641e-05,8.762215741075661e-06,4.712095790802075e-05,6.464538939017207e-05,10
HGNN,restart,base,151,5.50322666871744e-05,8.646366232314088e-06,4.638590045486032e-05,6.367863291948849e-05,10
HGNN,restart,base,152,5.419721864698895e-05,8.532313482579815e-06,4.566490516440914e-05,6.272953212956876e-05,10
HGNN,restart,base,153,5.337765644266615e-05,8.420022098183703e-06,4.495763434448244e-05,6.179767854084986e-05,10
HGNN,restart,base,154,5.257321794836519e-05,8.309457615371476e-06,4.4263760332993715e-05,6.088267556373667e-05,10
HGNN,restart,base,155,5.1783551608843775e-05,8.200586467733075e-06,4.35829651411107e-05,5.998413807657685e-05,10
HGNN,restart,base,156,5.100831606622043e-05,8.093375955068611e-06,4.291494011115182e-05,5.9101692021289037e-05,10
HGNN,restart,base,157,5.024717980216648e-05,7.987794213634136e-06,4.225938558853234e-05,5.8234974015800616e-05,10
HGNN,restart,base,158,4.949982079480068e-05,7.883810187694794e-06,4.161601060710588e-05,5.738363098249548e-05,10
HGNN,restart,base,159,4.876592618959773e-05,7.78139360231693e-06,4.09845325872808e-05,5.654731979191466e-05,10
HGNN,restart,base,160,4.8045191983658204e-05,7.680514937334868e-06,4.036467704632334e-05,5.572570692099307e-05,10
HGNN,restart,base,161,4.73373227227209e-05,7.581145402431695e-06,3.9756177320289206e-05,5.491846812515259e-05,10
HGNN,restart,base,162,4.66420312103313e-05,7.483256913276795e-06,3.9158774297054506e-05,5.4125288123608096e-05,10
HGNN,restart,base,163,4.5959038228609234e-05,7.386822068666256e-06,3.857221615994298e-05,5.334586029727549e-05,10
HGNN,restart,base,164,4.5288072270087996e-05,7.2918141286152e-06,3.79962581414728e-05,5.2579886398703195e-05,10
HGNN,restart,base,165,4.4628869280123564e-05,7.198206993354127e-06,3.743066228676944e-05,5.182707627347769e-05,10
HGNN,restart,base,166,4.3981172409398306e-05,7.105975183183965e-06,3.687519722621434e-05,5.1087147592582274e-05,10
HGNN,restart,base,167,4.334473177606704e-05,7.015093819147072e-06,3.632963795691997e-05,5.035982559521411e-05,10
HGNN,restart,base,168,4.271930423711657e-05,6.925538604473951e-06,3.5793765632642613e-05,4.964484284159052e-05,10
HGNN,restart,base,169,4.21046531685305e-05,6.83728580676756e-06,3.5267367361762944e-05,4.894193897529806e-05,10
HGNN,restart,base,170,4.1500548253871974e-05,6.750312240889239e-06,3.4750236012982735e-05,4.8250860494761214e-05,10
HGNN,restart,base,171,4.0906765280915594e-05,6.664595252512375e-06,3.424217002840322e-05,4.757136053342797e-05,10
HGNN,restart,base,172,4.032308594597812e-05,6.580112702311757e-06,3.374297324366636e-05,4.6903198648289876e-05,10
HGNN,restart,base,173,3.97492976656145e-05,6.496842950758181e-06,3.3252454714856324e-05,4.624614061637268e-05,10
HGNN,restart,base,174,3.9185193395362216e-05,6.414764843489837e-06,3.277042855187238e-05,4.559995823885205e-05,10
HGNN,restart,base,175,3.863057145523163e-05,6.333857697233292e-06,3.229671375799834e-05,4.4964429152464926e-05,10
HGNN,restart,base,176,3.808523536165536e-05,6.254101286248525e-06,3.183113407540684e-05,4.4339336647903886e-05,10
HGNN,restart,base,177,3.7548993665622597e-05,6.17547582927372e-06,3.1373517836348874e-05,4.372446949489632e-05,10
HGNN,restart,base,178,3.702165979673795e-05,6.097961976947038e-06,3.092369781979091e-05,4.3119621773684994e-05,10
HGNN,restart,base,179,3.6503051912956375e-05,6.02154079968353e-06,3.0481511113272845e-05,4.25245927126399e-05,10
HGNN,restart,base,180,3.599299275575726e-05,5.946193775986782e-06,3.0046798979770474e-05,4.1939186531744037e-05,10
HGNN,restart,base,181,3.5491309510532434e-05,5.871902781175772e-06,2.9619406729356662e-05,4.136321229170821e-05,10
HGNN,restart,base,182,3.4997833671972686e-05,5.798650076508588e-06,2.9199183595464098e-05,4.0796483748481275e-05,10
HGNN,restart,base,183,3.451240091424773e-05,5.726418298685516e-06,2.878598261556221e-05,4.0238819212933245e-05,10
HGNN,restart,base,184,3.403485096578391e-05,5.655190449714954e-06,2.8379660516068954e-05,3.969004141549886e-05,10
HGNN,restart,base,185,3.3565027488452894e-05,5.584949887126499e-06,2.7980077601326396e-05,3.9149977375579396e-05,10
HGNN,restart,base,186,3.310277796099317e-05,5.515680314516326e-06,2.758709764647684e-05,3.8618458275509495e-05,10
HGNN,restart,base,187,3.264795356649416e-05,5.447365772410756e-06,2.7200587794083403e-05,3.8095319338904916e-05,10
HGNN,restart,base,188,3.220040908378051e-05,5.379990629434541e-06,2.682041845434597e-05,3.758039971321505e-05,10
HGNN,restart,base,189,3.1760002782541566e-05,5.313539573771297e-06,2.6446463208770268e-05,3.7073542356312864e-05,10
HGNN,restart,base,190,3.132659632205745e-05,5.247997604903847e-06,2.6078598717153607e-05,3.65745939269613e-05,10
HGNN,restart,base,191,3.090005465338058e-05,5.1833500256231245e-06,2.5716704627757457e-05,3.6083404679003706e-05,10
HGNN,restart,base,192,3.0480245924836982e-05,5.1195824342946596e-06,2.536066349054232e-05,3.5599828359131643e-05,10
HGNN,restart,base,193,3.0067041390718034e-05,5.056680717372269e-06,2.5010360673345766e-05,3.5123722108090305e-05,10
HGNN,restart,base,194,2.9660315323039076e-05,4.9946310421491855e-06,2.466568428088989e-05,3.4654946365188265e-05,10
HGNN,restart,base,195,2.9259944926246453e-05,4.933419849737062e-06,2.432652507650939e-05,3.419336477598352e-05,10
HGNN,restart,base,196,2.8865810254759824e-05,4.87303384826413e-06,2.3992776406495695e-05,3.373884410302396e-05,10
HGNN,restart,base,197,2.8477794133241448e-05,4.813460006283804e-06,2.3664334126957645e-05,3.329125413952525e-05,10
HGNN,restart,base,198,2.8095782079488933e-05,4.754685546385805e-06,2.3341096533103128e-05,3.2850467625874735e-05,10
HGNN,restart,base,199,2.7719662229851997e-05,4.696697939001896e-06,2.3022964290850102e-05,3.241636016885389e-05,10
HGNN,restart,base,200,2.734932526707856e-05,4.639484896399065e-06,2.2709840370679494e-05,3.1988810163477625e-05,10
HGNN,restart,base,201,2.6984664350498975e-05,4.583034366852962e-06,2.2401629983646014e-05,3.156769871735194e-05,10
HGNN,restart,base,202,2.6625575048461475e-05,4.527334528994995e-06,2.209824051946648e-05,3.115290957745647e-05,10
HGNN,restart,base,203,2.6271955272935227e-05,4.472373786326655e-06,2.179958148660857e-05,3.074432905926188e-05,10
HGNN,restart,base,204,2.5923705216201105e-05,4.418140761894965e-06,2.150556445430614e-05,3.034184597809607e-05,10
HGNN,restart,base,205,2.5580727289553562e-05,4.3646242931232116e-06,2.121610299643035e-05,2.9945351582676775e-05,10
HGNN,restart,base,206,2.5242926063940088e-05,4.311813426791425e-06,2.0931112637148662e-05,2.9554739490731513e-05,10
HGNN,restart,base,207,2.491020821246774e-05,4.2596974141612245e-06,2.065051079830652e-05,2.9169905626628964e-05,10
HGNN,restart,base,208,2.458248245470938e-05,4.2082657062399965e-06,2.0374216748469384e-05,2.879074816094938e-05,10
HGNN,restart,base,209,2.4259659502744634e-05,4.157507949179479e-06,2.0102151553565153e-05,2.8417167451924115e-05,10
HGNN,restart,base,210,2.394165200887348e-05,4.107413979804094e-06,1.9834238029069386e-05,2.8049065988677574e-05,10
HGNN,restart,base,211,2.3628374514942843e-05,4.0579738212646205e-06,1.9570400693678223e-05,2.7686348336207462e-05,10
HGNN,restart,base,212,2.3319743403228887e-05,4.009177678812846e-06,1.931056572441604e-05,2.7328921082041734e-05,10
HGNN,restart,base,213,2.3015676848820093e-05,3.961015935693147e-06,1.9054660913126945e-05,2.6976692784513242e-05,10
HGNN,restart,base,214,2.2716094773448303e-05,3.913479149147082e-06,1.8802615624301222e-05,2.6629573922595384e-05,10
HGNN,restart,base,215,2.2420918800717104e-05,3.866558046527186e-06,1.855436075418992e-05,2.628747684724429e-05,10
HGNN,restart,base,216,2.2130072212678904e-05,3.8202435215163836e-06,1.8309828691162522e-05,2.5950315734195286e-05,10
HGNN,restart,base,217,2.184347990771384e-05,3.774526630449544e-06,1.8068953277264296e-05,2.5618006538163383e-05,10
HGNN,restart,base,218,2.1561068359665726e-05,3.729398588733865e-06,1.783166977093186e-05,2.529046694839959e-05,10
HGNN,restart,base,219,2.1282765578191754e-05,3.6848507673648445e-06,1.7597914810826908e-05,2.49676163455566e-05,10
HGNN,restart,base,220,2.100850107028456e-05,3.64087468953484e-06,1.736762638074972e-05,2.4649375759819402e-05,10
HGNN,restart,base,221,2.073820580292664e-05,3.597462027331194e-06,1.7140743775595443e-05,2.4335667830257834e-05,10
HGNN,restart,base,222,2.0471812166838835e-05,3.5546045985211254e-06,1.691720756831771e-05,2.402641676535996e-05,10
HGNN,restart,base,223,2.0209253941286035e-05,3.5122943634206757e-06,1.669695957786536e-05,2.372154830470671e-05,10
HGNN,restart,base,224,1.9950466259904462e-05,3.470523421845021e-06,1.6479942838059442e-05,2.3420989681749482e-05,10
HGNN,restart,base,225,1.9695385577516544e-05,3.4292840101377163e-06,1.6266101567378826e-05,2.312466958765426e-05,10
HGNN,restart,base,226,1.944394963790049e-05,3.388568498276349e-06,1.6055381139624142e-05,2.283251813617684e-05,10
HGNN,restart,base,227,1.9196097442482903e-05,3.348369387052345e-06,1.584772805543056e-05,2.2544466829535247e-05,10
HGNN,restart,base,228,1.8951769219924053e-05,3.3086793053225857e-06,1.5643089914601466e-05,2.226044852524664e-05,10
HGNN,restart,base,229,1.8710906396566495e-05,3.2694910073307624e-06,1.544141538923573e-05,2.1980397403897258e-05,10
HGNN,restart,base,230,1.847345156771885e-05,3.230797370096258e-06,1.5242654197622592e-05,2.170424893781511e-05,10
HGNN,restart,base,231,1.8239348469747533e-05,3.192591390868682e-06,1.5046757078878851e-05,2.1431939860616216e-05,10
HGNN,restart,base,232,1.800854195295033e-05,3.154866184645946e-06,1.4853675768304384e-05,2.1163408137596274e-05,10
HGNN,restart,base,233,1.7780977955186524e-05,3.1176149817541715e-06,1.4663362973432352e-05,2.0898592936940695e-05,10
HGNN,restart,base,234,1.7556603476239442e-05,3.0808311254874555e-06,1.4475772350751986e-05,2.0637434601726896e-05,10
HGNN,restart,base,235,1.733536655288778e-05,3.0445080698058703e-06,1.429085848308191e-05,2.037987462269365e-05,10
HGNN,restart,base,236,1.7117216234663427e-05,3.008639377089965e-06,1.4108576857573463e-05,2.012585561175339e-05,10
HGNN,restart,base,237,1.6902102560273793e-05,2.9732187159501118e-06,1.392888384432368e-05,1.9875321276223905e-05,10
HGNN,restart,base,238,1.6689976534667856e-05,2.9382398590891586e-06,1.3751736675578697e-05,1.9628216393757015e-05,10
HGNN,restart,base,239,1.6480790106725585e-05,2.903696681216839e-06,1.3577093425508746e-05,1.9384486787942423e-05,10
HGNN,restart,base,240,1.6274496147551344e-05,2.8695831570145078e-06,1.3404912990536836e-05,1.9144079304565852e-05,10
HGNN,restart,base,241,1.6071048429352375e-05,2.8358933591487292e-06,1.3235155070203646e-05,1.8906941788501106e-05,10
HGNN,restart,base,242,1.587040160488431e-05,2.8026214563323816e-06,1.3067780148551928e-05,1.867302306121669e-05,10
HGNN,restart,base,243,1.5672511187446094e-05,2.7697617114319316e-06,1.2902749476014161e-05,1.8442272898878026e-05,10
HGNN,restart,base,244,1.5477333531407548e-05,2.737308479619591e-06,1.2740025051787957e-05,1.8214642011027137e-05,10
HGNN,restart,base,245,1.5284825813253163e-05,2.705256206569133e-06,1.257956960668403e-05,1.7990082019822295e-05,10
HGNN,restart,base,246,1.5094946013126442e-05,2.673599426694115e-06,1.2421346586432326e-05,1.7768545439820558e-05,10
HGNN,restart,base,247,1.4907652896859557e-05,2.642332761427415e-06,1.2265320135432143e-05,1.754998565828697e-05,10
HGNN,restart,base,248,1.4722905998473668e-05,2.6114509175408704e-06,1.2111455080932796e-05,1.733435691601454e-05,10
HGNN,restart,base,249,1.4540665603135735e-05,2.5809486855039846e-06,1.195971691763175e-05,1.7121614288639718e-05,10
HGNN,restart,base,250,1.436089273055811e-05,2.5508209378806443e-06,1.1810071792677465e-05,1.6911713668438756e-05,10
HGNN,restart,base,251,1.4183549118827689e-05,2.5210626277627527e-06,1.1662486491064936e-05,1.670461174659044e-05,10
HGNN,restart,base,252,1.4008597208651886e-05,2.491668787239894e-06,1.1516928421411991e-05,1.650026599589178e-05,10
HGNN,restart,base,253,1.3836000128009017e-05,2.462634525903951e-06,1.1373365602105066e-05,1.629863465391297e-05,10
HGNN,restart,base,254,1.3665721677191221e-05,2.4339550293878426e-06,1.1231766647803378e-05,1.6099676706579064e-05,10
HGNN,restart,base,255,1.3497726314228326e-05,2.4056255579373997e-06,1.1092100756290926e-05,1.5903351872165726e-05,10
HGNN,restart,base,256,1.3331979140681588e-05,2.3776414450155513e-06,1.0954337695666036e-05,1.5709620585697138e-05,10
HGNN,restart,restart,0,1.0,0.0,1.0,1.0,10
HGNN,restart,restart,1,0.2588793728465041,0.0033635238057789386,0.25551584904072516,0.262242896652283,10
HGNN,restart,restart,2,0.12939555476977777,0.0028776016825310855,0.12651795308724667,0.13227315645230886,10
HGNN,restart,restart,3,0.08864086579311706,0.0023850405858863,0.08625582520723075,0.09102590637900336,10
HGNN,restart,restart,4,0.07069970184889333,0.0019906052660757277,0.06870909658281761,0.07269030711496906,10
HGNN,restart,restart,5,0.061240996940032946,0.0017020079679581708,0.059538988972074776,0.06294300490799112,10
HGNN,restart,restart,6,0.05567533419595887,0.0014959262498571097,0.05417940794610176,0.057171260445815976,10
HGNN,restart,restart,7,0.05215372740812554,0.0013488264033350737,0.050804901004790466,0.05350255381146061,10
HGNN,restart,restart,8,0.04980971239183533,0.0012430750558328275,0.0485666373360025,0.051052787447668155,10
HGNN,restart,restart,9,0.04819056491916246,0.0011663437787676027,0.04702422114039485,0.049356908697930066,10
HGNN,restart,restart,10,0.04703991354961233,0.001110131362273778,0.04592978218733855,0.04815004491188611,10
HGNN,restart,restart,11,0.046203534024199605,0.001068559102622611,0.045134974921577,0.047272093126822214,10
HGNN,restart,restart,12,0.045584246985874,0.0010375298260967265,0.044546717159777274,0.04662177681197073,10
HGNN,restart,restart,13,0.04511854189170461,0.001014162198115501,0.04410437969358911,0.04613270408982011,10
HGNN,restart,restart,14,0.04476367050900583,0.0009964117398120237,0.0437672587691938,0.045760082248817856,10
HGNN,restart,restart,15,0.044490149192172444,0.0009828152500705747,0.04350733394210187,0.04547296444224302,10
HGNN,restart,restart,16,0.04427721915546431,0.0009723168138049917,0.04330490234165932,0.0452495359692693,10
HGNN,restart,restart,17,0.04411000228819688,0.0009641482262552724,0.04314585406194161,0.04507415051445215,10
HGNN,restart,restart,18,0.04397766768499327,0.0009577461010415663,0.0430199215839517,0.044935413786034835,10
HGNN,restart,restart,19,0.043872220814863604,0.0009526939573673268,0.042919526857496275,0.04482491477223093,10
HGNN,restart,restart,20,0.043787687091508556,0.0009486814657626191,0.04283900562574594,0.04473636855727117,10
HGNN,restart,restart,21,0.04371955128589045,0.0009454755701580564,0.0427740757157324,0.044665026856048506,10
HGNN,restart,restart,22,0.04366436634694861,0.0009428998863331827,0.04272146646061543,0.044607266233281796,10
HGNN,restart,restart,23,0.043619476435899904,0.0009408199048172823,0.042678656531082625,0.04456029634071718,10
HGNN,restart,restart,24,0.04358281820574952,0.0009391322898386901,0.04264368591591083,0.04452195049558821,10
HGNN,restart,restart,25,0.04355277646582842,0.0009377570865987955,0.042615019379229624,0.044490533552427214,10
HGNN,restart,restart,26,0.04352807815103644,0.000936632006451428,0.04259144614458501,0.04446471015748787,10
HGNN,restart,restart,27,0.04350771360297168,0.0009357082061256171,0.042572005396846066,0.0444434218090973,10
HGNN,restart,restart,28,0.04349087754934226,0.0009349471481540475,0.04255593040118821,0.04442582469749631,10
HGNN,restart,restart,29,0.043476924444314335,0.0009343182489101594,0.042542606195404176,0.044411242693224495,10
HGNN,restart,restart,30,0.043465334385500834,0.0009337971042208651,0.042531537281279966,0.0443991314897217,10
HGNN,restart,restart,31,0.04345568689553385,0.0009333641413927626,0.042522322754141084,0.04438905103692661,10
HGNN,restart,restart,32,0.043447640604698495,0.0009330035881874248,0.04251463701651107,0.04438064419288592,10
HGNN,restart,restart,33,0.04344091739917673,0.0009327026789792233,0.04250821472019751,0.04437362007815595,10
HGNN,restart,restart,34,0.04343528997573682,0.000932451039599889,0.04250283893613693,0.044367741015336706,10
HGNN,restart,restart,35,0.04343057201442275,0.0009322402076975561,0.042498331806725194,0.0443628122221203,10
HGNN,restart,restart,36,0.04342661037737348,0.0009320632565415811,0.042494547120831894,0.04435867363391506,10
HGNN,restart,restart,37,0.04342327888591487,0.0009319144982987119,0.04249136438761616,0.044355193384213586,10
HGNN,restart,restart,38,0.04342047333448018,0.0009317892487423132,0.04248868408573787,0.044352262583222495,10
HGNN,restart,restart,39,0.04341810747919149,0.000931683639736105,0.04248642383945538,0.044349791118927596,10
HGNN,restart,restart,40,0.043416109798463005,0.0009315944690855429,0.04248451532937746,0.04434770426754855,10
HGNN,restart,restart,41,0.043414420868021955,0.0009315190797783786,0.04248290178824358,0.04434593994780033,10
HGNN,restart,restart,42,0.04341299122705612,0.0009314552624613257,0.042481535964594794,0.04434444648951745,10
HGNN,restart,restart,43,0.04341177963851979,0.0009314011763794039,0.04248037846214039,0.04434318081489919,10
HGNN,restart,restart,44,0.043410751666949646,0.0009313552850543998,0.04247939638189525,0.044342106952004044,10
HGNN,restart,restart,45,0.0434098785129231,0.0009313163037817413,0.042478562209141354,0.04434119481670484,10
HGNN,restart,restart,46,0.043409136055616096,0.0009312831566432428,0.04247785289897285,0.04434041921225934,10
HGNN,restart,restart,47,0.043408504064592054,0.000931254941211258,0.04247724912338079,0.044339759005803316,10
HGNN,restart,restart,48,0.04340796554958679,0.0009312308994923724,0.04247673465009442,0.04433919644907917,10
HGNN,restart,restart,49,0.043407506223102126,0.0009312103939493305,0.04247629582915279,0.04433871661705146,10
HGNN,restart,restart,50,0.0434071140554348,0.0009311928876693449,0.042475921167765454,0.044338306943104144,10
HGNN,restart,restart,51,0.04340677890561219,0.0009311779279274926,0.0424756009776847,0.04433795683353968,10
HGNN,restart,restart,52,0.04340649221479006,0.000931165132537512,0.042475327082252545,0.04433765734732757,10
HGNN,restart,restart,53,0.04340624675114778,0.0009311541784968733,0.042475092572650905,0.04433740092964465,10
HGNN,restart,restart,54,0.04340603639731856,0.0009311447925244887,0.04247489160479408,0.04433718118984305,10
HGNN,restart,restart,55,0.04340585597301223,0.0009311367431631144,0.04247471922984912,0.04433699271617535,10
HGNN,restart,restart,56,0.04340570108680318,0.0009311298341779577,0.04247457125262522,0.04433683092098114,10
HGNN,restart,restart,57,0.043405568012126,0.0009311238990309989,0.042474444113095,0.044336691911157,10
HGNN,restart,restart,58,0.043405453583393504,0.0009311187962495199,0.042474334787143984,0.04433657237964302,10
HGNN,restart,restart,59,0.0434053551088654,0.0009311144055394386,0.04247424070332596,0.04433646951440484,10
HGNN,restart,restart,60,0.043405270297479585,0.0009311106245195462,0.04247415967296004,0.04433638092199913,10
HGNN,restart,restart,61,0.04340519719733747,0.0009311073659745131,0.04247408983136296,0.04433630456331199,10
HGNN,restart,restart,62,0.043405134143928784,0.0009311045555415069,0.04247402958838728,0.04433623869947029,10
HGNN,restart,restart,63,0.043405079716505854,0.0009311021297601227,0.04247397758674573,0.044336181846265976,10
HGNN,restart,restart,64,0.04340503270128498,0.0009311000344267075,0.04247393266685827,0.044336132735711686,10
HGNN,restart,restart,65,0.04340499206037383,0.0009310982232043194,0.042473893837169506,0.04433609028357815,10
HGNN,restart,restart,66,0.043404956905506734,0.0009310966564473541,0.04247386024905938,0.04433605356195409,10
HGNN,restart,restart,67,0.04340492647582136,0.000931095300206851,0.042473831175614506,0.04433602177602821,10
HGNN,restart,restart,68,0.043404900119036256,0.0009310941253878869,0.04247380599364837,0.044335994244424144,10
HGNN,restart,restart,69,0.04340487727549318,0.0009310931070351345,0.04247378416845805,0.04433597038252831,10
HGNN,restart,restart,70,0.043404857464615136,0.0009310922237266123,0.04247376524088852,0.04433594968834175,10
HGNN,restart,restart,71,0.04340484027340356,0.0009310914570587136,0.042473748816344845,0.04433593173046227,10
HGNN,restart,restart,72,0.043404825346658515,0.0009310907912084746,0.04247373455545004,0.04433591613786699,10
HGNN,restart,restart,73,0.04340481237865607,0.0009310902125610983,0.042473722166094977,0.04433590259121717,10
HGNN,restart,restart,74,0.043404801106059446,0.0009310897093928285,0.04247371139666662,0.04433589081545227,10
HGNN,restart,restart,75,0.043404791301875585,0.0009310892716006261,0.04247370203027496,0.04433588057347621,10
HGNN,restart,restart,76,0.04340478277029844,0.0009310888904716304,0.04247369387982681,0.04433587166077007,10
HGNN,restart,restart,77,0.04340477534230515,0.0009310885584863358,0.04247368678381881,0.044335863900791486,10
HGNN,restart,restart,78,0.04340476887189193,0.0009310882691504653,0.04247368060274147,0.04433585714104239,10
HGNN,restart,restart,79,0.04340476323285401,0.0009310880168511534,0.04247367521600286,0.04433585124970517,10
HGNN,restart,restart,80,0.04340475831602879,0.0009310877967339716,0.042473670519294814,0.04433584611276276,10
HGNN,restart,restart,81,0.04340475402693365,0.000931087604597523,0.042473666422336125,0.04433584163153117,10
HGNN,restart,restart,82,0.043404750283740204,0.0009310874368031232,0.04247366284693708,0.04433583772054333,10
HGNN,restart,restart,83,0.04340474701553594,0.0009310872901974015,0.042473659725338536,0.044335834305733346,10
HGNN,restart,restart,84,0.043404744160831024,0.0009310871620457218,0.0424736569987853,0.044335831322876745,10
HGNN,restart,restart,85,0.043404741666274886,0.0009310870499751363,0.04247365461629975,0.044335828716250025,10
HGNN,restart,restart,86,0.04340473948555238,0.0009310869519252076,0.04247365253362717,0.04433582643747759,10
HGNN,restart,restart,87,0.04340473757843353,0.0009310868661058093,0.04247365071232772,0.04433582444453934,10
HGNN,restart,restart,88,0.043404735909954875,0.0009310867909606933,0.042473649118994185,0.044335822700915566,10
HGNN,restart,restart,89,0.04340473444971397,0.0009310867251361857,0.04247364772457778,0.04433582117485015,10
HGNN,restart,restart,90,0.043404733171260604,0.0009310866674541152,0.042473646503806486,0.04433581983871472,10
HGNN,restart,restart,91,0.04340473205157143,0.0009310866168885047,0.042473645434682926,0.04433581866845993,10
HGNN,restart,restart,92,0.04340473107059611,0.0009310865725454421,0.04247364449805067,0.04433581764314155,10
HGNN,restart,restart,93,0.043404730210864995,0.0009310865336456439,0.04247364367721935,0.04433581674451064,10
HGNN,restart,restart,94,0.04340472945714989,0.0009310864995094238,0.042473642957640466,0.044335815956659315,10
HGNN,restart,restart,95,0.04340472879617043,0.0009310864695436666,0.042473642326626766,0.0443358152657141,10
HGNN,restart,restart,96,0.0434047282163397,0.0009310864432305471,0.04247364177310915,0.04433581465957025,10
HGNN,restart,restart,97,0.04340472770754409,0.0009310864201177561,0.04247364128742633,0.04433581412766185,10
HGNN,restart,restart,98,0.04340472726095208,0.0009310863998100496,0.04247364086114203,0.044335813660762134,10
HGNN,restart,restart,99,0.04340472686884868,0.000931086381961856,0.04247364048688682,0.044335813250810534,10
HGNN,restart,restart,100,0.04340472652449157,0.0009310863662709519,0.042473640158220624,0.04433581289076252,10
HGNN,restart,restart,101,0.04340472622198614,0.000931086352472865,0.042473639869513274,0.04433581257445901,10
HGNN,restart,restart,102,0.04340472595617696,0.0009310863403361098,0.04247363961584085,0.04433581229651307,10
HGNN,restart,restart,103,0.04340472572255352,0.0009310863296579639,0.04247363939289556,0.04433581205221149,10
HGNN,restart,restart,104,0.04340472551716805,0.0009310863202608311,0.04247363919690722,0.04433581183742888,10
HGNN,restart,restart,105,0.04340472533656413,0.000931086311989071,0.04247363902457506,0.0443358116485532,10
HGNN,restart,restart,106,0.043404725177714557,0.0009310863047062477,0.042473638873008306,0.04433581148242081,10
HGNN,restart,restart,107,0.04340472503796711,0.000931086298292693,0.04247363873967441,0.0443358113362598,10
HGNN,restart,restart,108,0.04340472491499742,0.000931086292643435,0.04247363862235398,0.04433581120764085,10
HGNN,restart,restart,109,0.043404724806767755,0.0009310862876663564,0.0424736385191014,0.04433581109443411,10
HGNN,restart,restart,110,0.043404724711491136,0.0009310862832805785,0.04247363842821056,0.04433581099477171,10
HGNN,restart,restart,111,0.04340472462760004,0.0009310862794151001,0.04247363834818494,0.04433581090701514,10
HGNN,restart,restart,112,0.04340472455371905,0.0009310862760075335,0.042473638277711515,0.04433581082972658,10
HGNN,restart,restart,113,0.04340472448864093,0.0009310862730030781,0.042473638215637856,0.04433581076164401,10
HGNN,restart,restart,114,0.043404724431305865,0.0009310862703535654,0.0424736381609523,0.04433581070165943,10
HGNN,restart,restart,115,0.04340472438078309,0.0009310862680166541,0.042473638112766436,0.044335810648799746,10
HGNN,restart,restart,116,0.04340472433625505,0.0009310862659551106,0.04247363807029994,0.04433581060221016,10
HGNN,restart,restart,117,0.04340472429700344,0.000931086264136184,0.04247363803286726,0.044335810561139624,10
HGNN,restart,restart,118,0.04340472426239694,0.0009310862625310594,0.042473637999865886,0.044335810524928,10
HGNN,restart,restart,119,0.043404724231880645,0.0009310862611143839,0.04247363797076626,0.04433581049299503,10
HGNN,restart,restart,120,0.04340472420496662,0.0009310862598638332,0.04247363794510278,0.044335810464830455,10
HGNN,restart,restart,121,0.04340472418122574,0.0009310862587597654,0.04247363792246597,0.04433581043998551,10
HGNN,restart,restart,122,0.04340472416028054,0.0009310862577848856,0.04247363790249565,0.044335810418065426,10
HGNN,restart,restart,123,0.04340472414179892,0.000931086256923949,0.04247363788487497,0.04433581039872287,10
HGNN,restart,restart,124,0.043404724125488583,0.00093108625616353,0.04247363786932505,0.044335810381652116,10
HGNN,restart,restart,125,0.0434047241110923,0.0009310862554918015,0.0424736378556005,0.0443358103665841,10
HGNN,restart,restart,126,0.04340472409838356,0.000931086254898343,0.042473637843485214,0.0443358103532819,10
HGNN,restart,restart,127,0.04340472408716292,0.0009310862543739642,0.04247363783278896,0.044335810341536885,10
HGNN,restart,restart,128,0.04340472407725475,0.0009310862539105665,0.042473637823344186,0.044335810331165314,10
HGNN,restart,restart,129,0.043404724068504305,0.0009310862535009978,0.04247363781500331,0.0443358103220053,10
HGNN,restart,restart,130,0.043404724060775265,0.0009310862531389773,0.042473637807636286,0.044335810313914245,10
HGNN,restart,restart,131,0.04340472405394748,0.0009310862528189371,0.04247363780112854,0.044335810306766414,10
HGNN,restart,restart,132,0.04340472404791506,0.0009310862525359692,0.04247363779537909,0.04433581030045103,10
HGNN,restart,restart,133,0.04340472404258469,0.0009310862522857606,0.04247363779029893,0.04433581029487045,10
HGNN,restart,restart,134,0.04340472403787405,0.0009310862520644861,0.042473637785809565,0.044335810289938535,10
HGNN,restart,restart,135,0.043404724033710575,0.0009310862518687836,0.042473637781841794,0.044335810285579355,10
HGNN,restart,restart,136,0.04340472403003026,0.0009310862516956814,0.04247363777833458,0.044335810281725944,10
HGNN,restart,restart,137,0.04340472402677664,0.0009310862515425415,0.0424736377752341,0.044335810278319183,10
HGNN,restart,restart,138,0.043404724023899915,0.0009310862514070568,0.042473637772492856,0.044335810275306975,10
HGNN,restart,restart,139,0.043404724021356124,0.00093108625128718,0.04247363777006894,0.04433581027264331,10
HGNN,restart,restart,140,0.04340472401910648,0.0009310862511810986,0.04247363776792538,0.04433581027028758,10
HGNN,restart,restart,141,0.043404724017116744,0.0009310862510872086,0.04247363776602953,0.044335810268203955,10
HGNN,restart,restart,142,0.0434047240153567,0.0009310862510041155,0.04247363776435258,0.04433581026636082,10
HGNN,restart,restart,143,0.04340472401379965,0.0009310862509305602,0.04247363776286909,0.044335810264730206,10
HGNN,restart,restart,144,0.043404724012422055,0.0009310862508654407,0.04247363776155661,0.0443358102632875,10
HGNN,restart,restart,145,0.043404724011203086,0.000931086250807789,0.0424736377603953,0.044335810262010875,10
HGNN,restart,restart,146,0.043404724010124365,0.0009310862507567433,0.04247363775936762,0.04433581026088111,10
HGNN,restart,restart,147,0.04340472400916968,0.0009310862507115412,0.04247363775845814,0.04433581025988122,10
HGNN,restart,restart,148,0.04340472400832466,0.0009310862506715111,0.04247363775765315,0.04433581025899617,10
HGNN,restart,restart,149,0.043404724007576646,0.000931086250636053,0.042473637756940595,0.0443358102582127,10
HGNN,restart,restart,150,0.043404724006914426,0.0009310862506046495,0.04247363775630977,0.04433581025751908,10
HGNN,restart,restart,151,0.04340472400632812,0.0009310862505768312,0.04247363775575129,0.044335810256904945,10
HGNN,restart,restart,152,0.04340472400580896,0.0009310862505521809,0.04247363775525678,0.044335810256361144,10
HGNN,restart,restart,153,0.04340472400534923,0.0009310862505303431,0.04247363775481888,0.04433581025587957,10
HGNN,restart,restart,154,0.043404724004942066,0.0009310862505109985,0.04247363775443107,0.044335810255453065,10
HGNN,restart,restart,155,0.04340472400458145,0.0009310862504938493,0.0424736377540876,0.044335810255075304,10
HGNN,restart,restart,156,0.04340472400426201,0.0009310862504786557,0.04247363775378336,0.04433581025474067,10
HGNN,restart,restart,157,0.04340472400397904,0.0009310862504651858,0.04247363775351385,0.044335810254444226,10
HGNN,restart,restart,158,0.043404724003728336,0.0009310862504532514,0.04247363775327508,0.04433581025418159,10
HGNN,restart,restart,159,0.043404724003506215,0.0009310862504426703,0.042473637753063544,0.044335810253948886,10
HGNN,restart,restart,160,0.04340472400330938,0.000931086250433285,0.042473637752876096,0.04433581025374266,10
HGNN,restart,restart,161,0.04340472400313497,0.0009310862504249667,0.04247363775271,0.04433581025355994,10
HGNN,restart,restart,162,0.04340472400298038,0.0009310862504175941,0.042473637752562785,0.04433581025339797,10
HGNN,restart,restart,163,0.04340472400284338,0.0009310862504110526,0.042473637752432326,0.04433581025325443,10
HGNN,restart,restart,164,0.04340472400272194,0.0009310862504052517,0.04247363775231669,0.04433581025312719,10
HGNN,restart,restart,165,0.04340472400261429,0.000931086250400112,0.042473637752214174,0.044335810253014404,10
HGNN,restart,restart,166,0.043404724002518845,0.0009310862503955453,0.0424736377521233,0.04433581025291439,10
HGNN,restart,restart,167,0.04340472400243424,0.0009310862503915002,0.04247363775204274,0.044335810252825736,10
HGNN,restart,restart,168,0.0434047240023592,0.0009310862503879121,0.04247363775197129,0.04433581025274711,10
HGNN,restart,restart,169,0.04340472400229268,0.0009310862503847288,0.04247363775190795,0.04433581025267741,10
HGNN,restart,restart,170,0.043404724002233684,0.0009310862503819006,0.042473637751851784,0.044335810252615585,10
HGNN,restart,restart,171,0.043404724002181365,0.0009310862503793984,0.04247363775180197,0.04433581025256076,10
HGNN,restart,restart,172,0.043404724002134965,0.0009310862503771711,0.042473637751757796,0.04433581025251213,10
HGNN,restart,restart,173,0.0434047240020938,0.0009310862503752017,0.0424736377517186,0.04433581025246901,10
HGNN,restart,restart,174,0.043404724002057284,0.0009310862503734465,0.042473637751683835,0.04433581025243073,10
HGNN,restart,restart,175,0.04340472400202489,0.0009310862503718908,0.042473637751653005,0.04433581025239678,10
HGNN,restart,restart,176,0.04340472400199615,0.0009310862503705103,0.04247363775162564,0.044335810252366666,10
HGNN,restart,restart,177,0.04340472400197065,0.0009310862503692822,0.042473637751601366,0.04433581025233994,10
HGNN,restart,restart,178,0.04340472400194803,0.0009310862503681984,0.042473637751579835,0.04433581025231623,10
HGNN,restart,restart,179,0.04340472400192795,0.0009310862503672334,0.04247363775156072,0.04433581025229518,10
HGNN,restart,restart,180,0.043404724001910144,0.000931086250366374,0.04247363775154377,0.044335810252276515,10
HGNN,restart,restart,181,0.043404724001894324,0.0009310862503656132,0.04247363775152871,0.04433581025225994,10
HGNN,restart,restart,182,0.0434047240018803,0.0009310862503649372,0.042473637751515365,0.044335810252245235,10
HGNN,restart,restart,183,0.04340472400186784,0.000931086250364338,0.0424736377515035,0.044335810252232176,10
HGNN,restart,restart,184,0.043404724001856784,0.0009310862503638036,0.04247363775149298,0.04433581025222059,10
HGNN,restart,restart,185,0.04340472400184696,0.0009310862503633288,0.04247363775148363,0.04433581025221029,10
HGNN,restart,restart,186,0.04340472400183825,0.0009310862503629063,0.04247363775147534,0.04433581025220116,10
HGNN,restart,restart,187,0.04340472400183052,0.000931086250362535,0.04247363775146799,0.044335810252193054,10
HGNN,restart,restart,188,0.04340472400182365,0.0009310862503622033,0.04247363775146145,0.04433581025218585,10
HGNN,restart,restart,189,0.04340472400181755,0.0009310862503619102,0.04247363775145564,0.04433581025217946,10
HGNN,restart,restart,190,0.04340472400181214,0.0009310862503616477,0.042473637751450494,0.044335810252173785,10
HGNN,restart,restart,191,0.043404724001807324,0.000931086250361413,0.042473637751445914,0.044335810252168734,10
HGNN,restart,restart,192,0.04340472400180305,0.0009310862503612116,0.04247363775144184,0.04433581025216426,10
HGNN,restart,restart,193,0.043404724001799254,0.000931086250361025,0.042473637751438226,0.04433581025216028,10
HGNN,restart,restart,194,0.04340472400179589,0.0009310862503608591,0.04247363775143503,0.04433581025215675,10
HGNN,restart,restart,195,0.0434047240017929,0.000931086250360716,0.04247363775143218,0.044335810252153614,10
HGNN,restart,restart,196,0.04340472400179024,0.0009310862503605892,0.04247363775142965,0.04433581025215083,10
HGNN,restart,restart,197,0.043404724001787874,0.0009310862503604709,0.0424736377514274,0.04433581025214835,10
HGNN,restart,restart,198,0.04340472400178578,0.000931086250360369,0.04247363775142541,0.04433581025214615,10
HGNN,restart,restart,199,0.04340472400178392,0.0009310862503602796,0.04247363775142364,0.0443358102521442,10
HGNN,restart,restart,200,0.04340472400178226,0.0009310862503601978,0.042473637751422065,0.044335810252142456,10
HGNN,restart,restart,201,0.04340472400178079,0.0009310862503601269,0.04247363775142066,0.044335810252140916,10
HGNN,restart,restart,202,0.04340472400177947,0.0009310862503600666,0.04247363775141941,0.044335810252139535,10
HGNN,restart,restart,203,0.04340472400177832,0.000931086250360011,0.04247363775141831,0.04433581025213833,10
HGNN,restart,restart,204,0.043404724001777285,0.0009310862503599559,0.04247363775141733,0.04433581025213724,10
HGNN,restart,restart,205,0.04340472400177636,0.000931086250359912,0.04247363775141645,0.04433581025213627,10
HGNN,restart,restart,206,0.043404724001775544,0.0009310862503598703,0.042473637751415674,0.04433581025213541,10
HGNN,restart,restart,207,0.04340472400177482,0.000931086250359835,0.04247363775141499,0.04433581025213466,10
HGNN,restart,restart,208,0.043404724001774184,0.0009310862503598075,0.04247363775141438,0.04433581025213399,10
HGNN,restart,restart,209,0.04340472400177361,0.000931086250359777,0.04247363775141383,0.04433581025213339,10
HGNN,restart,restart,210,0.0434047240017731,0.0009310862503597516,0.04247363775141335,0.04433581025213285,10
HGNN,restart,restart,211,0.04340472400177264,0.0009310862503597298,0.04247363775141291,0.044335810252132374,10
HGNN,restart,restart,212,0.04340472400177225,0.000931086250359709,0.04247363775141254,0.04433581025213196,10
HGNN,restart,restart,213,0.04340472400177188,0.0009310862503596934,0.042473637751412184,0.044335810252131576,10
HGNN,restart,restart,214,0.043404724001771575,0.0009310862503596746,0.0424736377514119,0.04433581025213125,10
HGNN,restart,restart,215,0.04340472400177129,0.0009310862503596614,0.04247363775141163,0.04433581025213095,10
HGNN,restart,restart,216,0.04340472400177103,0.0009310862503596522,0.04247363775141138,0.04433581025213069,10
HGNN,restart,restart,217,0.043404724001770804,0.0009310862503596379,0.042473637751411164,0.044335810252130445,10
HGNN,restart,restart,218,0.04340472400177061,0.0009310862503596288,0.042473637751410984,0.04433581025213024,10
HGNN,restart,restart,219,0.04340472400177044,0.0009310862503596216,0.04247363775141082,0.044335810252130056,10
HGNN,restart,restart,220,0.04340472400177027,0.0009310862503596123,0.04247363775141066,0.04433581025212988,10
HGNN,restart,restart,221,0.04340472400177013,0.0009310862503596086,0.042473637751410526,0.04433581025212974,10
HGNN,restart,restart,222,0.04340472400177001,0.0009310862503596016,0.042473637751410415,0.04433581025212961,10
HGNN,restart,restart,223,0.043404724001769895,0.000931086250359592,0.042473637751410304,0.04433581025212949,10
HGNN,restart,restart,224,0.043404724001769805,0.00093108625035959,0.04247363775141021,0.0443358102521294,10
HGNN,restart,restart,225,0.043404724001769715,0.0009310862503595858,0.04247363775141013,0.0443358102521293,10
HGNN,restart,restart,226,0.04340472400176963,0.0009310862503595816,0.04247363775141005,0.04433581025212922,10
HGNN,restart,restart,227,0.04340472400176956,0.0009310862503595755,0.042473637751409984,0.04433581025212914,10
HGNN,restart,restart,228,0.04340472400176951,0.0009310862503595778,0.04247363775140993,0.044335810252129085,10
HGNN,restart,restart,229,0.04340472400176945,0.0009310862503595719,0.04247363775140988,0.04433581025212902,10
HGNN,restart,restart,230,0.0434047240017694,0.0009310862503595674,0.04247363775140984,0.04433581025212897,10
HGNN,restart,restart,231,0.04340472400176937,0.0009310862503595749,0.04247363775140979,0.044335810252128946,10
HGNN,restart,restart,232,0.043404724001769326,0.0009310862503595652,0.04247363775140976,0.04433581025212889,10
HGNN,restart,restart,233,0.043404724001769285,0.0009310862503595635,0.04247363775140972,0.04433581025212885,10
HGNN,restart,restart,234,0.04340472400176925,0.0009310862503595611,0.042473637751409686,0.044335810252128814,10
HGNN,restart,restart,235,0.04340472400176923,0.0009310862503595618,0.042473637751409665,0.04433581025212879,10
HGNN,restart,restart,236,0.0434047240017692,0.0009310862503595591,0.042473637751409644,0.04433581025212876,10
HGNN,restart,restart,237,0.04340472400176919,0.00093108625035956,0.04247363775140963,0.044335810252128745,10
HGNN,restart,restart,238,0.04340472400176916,0.000931086250359558,0.0424736377514096,0.04433581025212872,10
HGNN,restart,restart,239,0.04340472400176914,0.0009310862503595577,0.04247363775140958,0.044335810252128696,10
HGNN,restart,restart,240,0.04340472400176913,0.0009310862503595584,0.042473637751409575,0.04433581025212869,10
HGNN,restart,restart,241,0.04340472400176911,0.0009310862503595542,0.042473637751409554,0.04433581025212867,10
HGNN,restart,restart,242,0.043404724001769104,0.0009310862503595548,0.04247363775140955,0.04433581025212866,10
HGNN,restart,restart,243,0.0434047240017691,0.0009310862503595556,0.04247363775140954,0.044335810252128655,10
HGNN,restart,restart,244,0.043404724001769084,0.0009310862503595502,0.04247363775140953,0.044335810252128634,10
HGNN,restart,restart,245,0.04340472400176908,0.000931086250359557,0.04247363775140952,0.044335810252128634,10
HGNN,restart,restart,246,0.04340472400176907,0.0009310862503595515,0.04247363775140952,0.04433581025212862,10
HGNN,restart,restart,247,0.043404724001769056,0.0009310862503595533,0.042473637751409506,0.044335810252128606,10
HGNN,restart,restart,248,0.043404724001769056,0.0009310862503595529,0.042473637751409506,0.044335810252128606,10
HGNN,restart,restart,249,0.04340472400176904,0.0009310862503595534,0.04247363775140949,0.04433581025212859,10
HGNN,restart,restart,250,0.04340472400176905,0.0009310862503595511,0.0424736377514095,0.0443358102521286,10
HGNN,restart,restart,251,0.04340472400176904,0.00093108625035955,0.04247363775140949,0.04433581025212859,10
HGNN,restart,restart,252,0.043404724001769035,0.0009310862503595484,0.042473637751409485,0.044335810252128585,10
HGNN,restart,restart,253,0.043404724001769035,0.0009310862503595488,0.042473637751409485,0.044335810252128585,10
HGNN,restart,restart,254,0.04340472400176902,0.0009310862503595532,0.04247363775140947,0.04433581025212857,10
HGNN,restart,restart,255,0.04340472400176902,0.0009310862503595542,0.042473637751409464,0.04433581025212858,10
HGNN,restart,restart,256,0.04340472400176902,0.0009310862503595555,0.042473637751409464,0.04433581025212858,10
HNHN,diagnostics,un,0,1.0,0.0,1.0,1.0,10
HNHN,diagnostics,un,1,0.7334339020740439,0.0059277780746358946,0.7275061239994081,0.7393616801486798,10
HNHN,diagnostics,un,2,0.5489440013426409,0.007873524227263645,0.5410704771153773,0.5568175255699045,10
HNHN,diagnostics,un,3,0.4336631923300298,0.007961968283910555,0.42570122404611926,0.44162516061394036,10
HNHN,diagnostics,un,4,0.36198059698529605,0.007582178558711675,0.35439841842658437,0.36956277554400774,10
HNHN,diagnostics,un,5,0.3150711714870567,0.007232304296357946,0.30783886719069875,0.3223034757834147,10
HNHN,diagnostics,un,6,0.28216965970239144,0.007003876389065039,0.2751657833133264,0.28917353609145646,10
HNHN,diagnostics,un,7,0.25755833315318977,0.006867113360463966,0.2506912197927258,0.26442544651365374,10
HNHN,diagnostics,un,8,0.23818451425050355,0.006777249793425094,0.23140726445707846,0.24496176404392864,10
HNHN,diagnostics,un,9,0.22234293037694736,0.0067026461821939,0.21564028419475345,0.22904557655914126,10
HNHN,diagnostics,un,10,0.20901990023451794,0.0066263888923450065,0.20239351134217293,0.21564628912686296,10
HNHN,diagnostics,un,11,0.19757371043762106,0.006541648518026271,0.1910320619195948,0.20411535895564734,10
HNHN,diagnostics,un,12,0.18757537416161793,0.00644722149049194,0.181128152671126,0.19402259565210986,10
HNHN,diagnostics,un,13,0.17872539612749602,0.006344555158294751,0.17238084096920128,0.18506995128579076,10
HNHN,diagnostics,un,14,0.1708075049402305,0.006236055267560135,0.16457144967267037,0.17704356020779063,10
HNHN,diagnostics,un,15,0.16366125264417292,0.006124228732202352,0.15753702391197055,0.16978548137637528,10
HNHN,diagnostics,un,16,0.15716485397045882,0.006011304404983622,0.1511535495654752,0.16317615837544244,10
HNHN,diagnostics,un,17,0.1512239537341502,0.005899104175648885,0.14532484955850133,0.15712305790979908,10
HNHN,diagnostics,un,18,0.14576403292437298,0.005789034216670667,0.1399749987077023,0.15155306714104366,10
HNHN,diagnostics,un,19,0.14072515553439305,0.005682127148586324,0.13504302838580673,0.14640728268297937,10
HNHN,diagnostics,un,20,0.13605827394132786,0.005579100629183177,0.13047917331214468,0.14163737457051104,10
HNHN,diagnostics,un,21,0.13172259712038425,0.005480416473211344,0.1262421806471729,0.1372030135935956,10
HNHN,diagnostics,un,22,0.12768369549680886,0.005386333855772228,0.12229736164103663,0.13307002935258108,10
HNHN,diagnostics,un,23,0.12391212210185495,0.005296954676246211,0.11861516742560874,0.12920907677810117,10
HNHN,diagnostics,un,24,0.12038239859499475,0.005212261155388306,0.11517013743960644,0.12559465975038306,10
HNHN,diagnostics,un,25,0.1170722608784071,0.005132146497335145,0.11194011438107195,0.12220440737574224,10
HNHN,diagnostics,un,26,0.11396209056935924,0.0050564396394600685,0.10890565092989918,0.1190185302088193,10
HNHN,diagnostics,un,27,0.11103448041557987,0.00498492506835999,0.10604955534721988,0.11601940548393985,10
HNHN,diagnostics,un,28,0.10827389695349372,0.004917358556129358,0.10335653839736436,0.11319125550962308,10
HNHN,diagnostics,un,29,0.10566641437172879,0.004853479535428017,0.10081293483630077,0.1105198939071568,10
HNHN,diagnostics,un,30,0.10319950103917683,0.0047930207101316,0.09840648032904523,0.10799252174930843,10
HNHN,diagnostics,un,31,0.10086184544027302,0.004735715396920014,0.096126130043353,0.10559756083719303,10
HNHN,diagnostics,un,32,0.09864321199071878,0.004681303010753168,0.0939619089799656,0.10332451500147195,10
HNHN,diagnostics,un,33,0.09653431984587821,0.004629533040251042,0.09190478680562716,0.10116385288612925,10
HNHN,diagnostics,un,34,0.09452673968479117,0.004580167803926895,0.08994657188086427,0.09910690748871806,10
HNHN,diagnostics,un,35,0.09261280478220293,0.004532984232115792,0.08807982055008715,0.09714578901431872,10
HNHN,diagnostics,un,36,0.09078553362884546,0.004487774880202189,0.08629775874864327,0.09527330850904765,10
HNHN,diagnostics,un,37,0.08903856203875028,0.004444348344972352,0.08459421369377793,0.09348291038372264,10
HNHN,diagnostics,un,38,0.08736608317069099,0.004402529226669024,0.08296355394402197,0.09176861239736,10
HNHN,diagnostics,un,39,0.08576279424460753,0.004362157753991612,0.08140063649061592,0.09012495199859914,10
HNHN,diagnostics,un,40,0.0842238489922533,0.0043230891674242,0.0799007598248291,0.0885469381596775,10
HNHN,diagnostics,un,41,0.08274481507193443,0.004285192937541591,0.07845962213439284,0.08703000800947602,10
HNHN,diagnostics,un,42,0.08132163581953063,0.0042483518790339125,0.07707328394049671,0.08556998769856454,10
HNHN,diagnostics,un,43,0.07995059581571105,0.0042124612078191315,0.07573813460789192,0.08416305702353019,10
HNHN,diagnostics,un,44,0.07862828983206024,0.004177427577498082,0.07445086225456216,0.08280571740955833,10
HNHN,diagnostics,un,45,0.07735159478354718,0.0041431681222774495,0.07320842666126973,0.08149476290582464,10
HNHN,diagnostics,un,46,0.07611764436623854,0.004109609526080388,0.07200803484015815,0.08022725389231893,10
HNHN,diagnostics,un,47,0.0749238061008147,0.0040766871316339675,0.07084711896918074,0.07900049323244866,10
HNHN,diagnostics,un,48,0.0737676605367349,0.004044344098640845,0.06972331643809405,0.07781200463537576,10
HNHN,diagnostics,un,49,0.07264698240057284,0.004012530616501891,0.06863445178407095,0.07665951301707473,10
HNHN,diagnostics,un,50,0.07155972349636272,0.003981203174275186,0.06757852032208754,0.0755409266706379,10
HNHN,diagnostics,un,51,0.07050399718668246,0.0039503238884740595,0.0665536732982084,0.07445432107515652,10
HNHN,diagnostics,un,52,0.06947806430132077,0.0039198598877872885,0.06555820441353348,0.07339792418910805,10
HNHN,diagnostics,un,53,0.0684803203362405,0.003889782752731618,0.06459053758350888,0.07237010308897213,10
HNHN,diagnostics,un,54,0.06750928381953022,0.0038600680075235104,0.06364921581200672,0.07136935182705373,10
HNHN,diagnostics,un,55,0.06656358573342863,0.0038306946610054764,0.06273289107242315,0.07039428039443411,10
HNHN,diagnostics,un,56,0.0656419598925375,0.003801644793215653,0.06184031509932185,0.06944360468575315,10
HNHN,diagnostics,un,57,0.06474323418818952,0.0037729031840968317,0.06097033100409269,0.06851613737228635,10
HNHN,diagnostics,un,58,0.06386632261775785,0.0037444569808605882,0.06012186563689726,0.06761077959861844,10
HNHN,diagnostics,un,59,0.0630102180256071,0.00371629540062107,0.059293922624986034,0.06672651342622818,10
HNHN,diagnostics,un,60,0.06217398548949301,0.00368840946506562,0.05848557602442739,0.06586239495455863,10
HNHN,diagnostics,un,61,0.06135675629261045,0.003660791764116687,0.05769596452849376,0.06501754805672713,10
HNHN,diagnostics,un,62,0.06055772242724328,0.0036334362457462583,0.056924286181497016,0.06419115867298954,10
HNHN,diagnostics,un,63,0.05977613158115038,0.0036063380293192933,0.05616979355183109,0.06338246961046967,10
HNHN,diagnostics,un,64,0.05901128256249074,0.0035794932400586158,0.055431789322432125,0.06259077580254936,10
HNHN,diagnostics,un,65,0.05826252112329905,0.003552898862435047,0.054709622260864,0.061815419985734095,10
HNHN,diagnostics,un,66,0.05752923614531704,0.003526552610487989,0.05400268353482905,0.06105578875580503,10
HNHN,diagnostics,un,67,0.056810856155408276,0.0035004528132730026,0.05331040334213527,0.06031130896868128,10
HNHN,diagnostics,un,68,0.05610684614087175,0.0034745983138103464,0.0526322478270614,0.059581444454682095,10
HNHN,diagnostics,un,69,0.055416704637755276,0.0034489883800729398,0.05196771625768234,0.058865693017828215,10
HNHN,diagnostics,un,70,0.05473996106778549,0.0034236226267030756,0.05131633844108242,0.05816358369448856,10
HNHN,diagnostics,un,71,0.05407617330180179,0.003398500946284366,0.05067767235551742,0.05747467424808616,10
HNHN,diagnostics,un,72,0.05342492542963271,0.0033736234491200264,0.050051301980512684,0.056798548878752735,10
HNHN,diagnostics,un,73,0.052785825718206704,0.003348990410581241,0.049436835307625465,0.05613481612878794,10
HNHN,diagnostics,un,74,0.05215850474136421,0.003324602225190195,0.04883390251617401,0.0554831069665544,10
HNHN,diagnostics,un,75,0.05154261366635202,0.0033004593666933237,0.048242154299658696,0.05484307303304535,10
HNHN,diagnostics,un,76,0.0509378226833509,0.003276562353461432,0.04766126032988947,0.05421438503681233,10
HNHN,diagnostics,un,77,0.05034381956562678,0.003252911718625702,0.047090907847001075,0.053596731284252484,10
HNHN,diagnostics,un,78,0.04976030834901728,0.003229507984423382,0.0465308003645939,0.052989816333440666,10
HNHN,diagnostics,un,79,0.04918700812048157,0.003206351640284243,0.04598065648019733,0.05239335976076582,10
HNHN,diagnostics,un,80,0.048623651906361545,0.0031834431242402624,0.04544020878212128,0.05180709503060181,10
HNHN,diagnostics,un,81,0.04806998565183644,0.003160782807286056,0.04490920284455038,0.0512307684591225,10
HNHN,diagnostics,un,82,0.04752576728380948,0.003138370980358418,0.04438739630345106,0.0506641382641679,10
HNHN,diagnostics,un,83,0.04699076585015088,0.003116207843638694,0.04387455800651218,0.050106973693789573,10
HNHN,diagnostics,un,84,0.04646476072884449,0.003094293497913712,0.04337046723093078,0.04955905422675821,10
HNHN,diagnostics,un,85,0.04594754090115036,0.0030726279377594062,0.04287491296339095,0.049020168838909764,10
HNHN,diagnostics,un,86,0.045438904283409604,0.0030512110463359245,0.04238769323707368,0.04849011532974553,10
HNHN,diagnostics,un,87,0.04493865711258405,0.0030300425916057307,0.04190861452097832,0.047968699704189786,10
HNHN,diagnostics,un,88,0.04444661338104809,0.0030091222238057894,0.0414374911572423,0.04745573560485388,10
HNHN,diagnostics,un,89,0.04396259431653593,0.002988449474022544,0.04097414484251338,0.04695104379055848,10
HNHN,diagnostics,un,90,0.04348642790349892,0.0029680237537343026,0.04051840414976462,0.04645445165723323,10
HNHN,diagnostics,un,91,0.04301794844244771,0.002947844355199374,0.040070104087248336,0.045965792797647086,10
HNHN,diagnostics,un,92,0.042556996144144967,0.0029279104525809976,0.03962908569156397,0.045484906596725966,10
HNHN,diagnostics,un,93,0.04210341675578086,0.002908221103711275,0.03919519565206958,0.04501163785949214,10
HNHN,diagnostics,un,94,0.04165706121650486,0.0028887752524060922,0.038768285964098766,0.04454583646891095,10
HNHN,diagnostics,un,95,0.04121778533990893,0.0028695717312522593,0.038348213608656666,0.04408735707116119,10
HNHN,diagnostics,un,96,0.040785449521258565,0.002850609264795906,0.03793484025646266,0.04363605878605447,10
HNHN,diagnostics,un,97,0.0403599184674525,0.0028318864730685267,0.037528031994383974,0.04319180494052103,10
HNHN,diagnostics,un,98,0.039941060947859805,0.002813401875393493,0.03712765907246631,0.0427544628232533,10
HNHN,diagnostics,un,99,0.03952874956433684,0.0027951538944216894,0.03673359566991515,0.042323903458758534,10
HNHN,diagnostics,un,100,0.03912286053886737,0.0027771408603502724,0.036345719678517095,0.041900001399217644,10
HNHN,diagnostics,un,101,0.03872327351739709,0.0027593610152833506,0.03596391250211374,0.041482634532680446,10
HNHN,diagnostics,un,102,0.038329871388551866,0.0027418125176974974,0.03558805887085437,0.041071683906249365,10
HNHN,diagnostics,un,103,0.03794254011603633,0.0027244934469792467,0.03521804666905708,0.04066703356301558,10
HNHN,diagnostics,un,104,0.037561168583608126,0.002707401808004988,0.03485376677560314,0.040268570391613114,10
HNHN,diagnostics,un,105,0.03718564845161342,0.0026905355357370415,0.03449511291587638,0.03987618398735046,10
HNHN,diagnostics,un,106,0.03681587402415172,0.0026738924998126025,0.034141981524339116,0.039489766523964326,10
HNHN,diagnostics,un,107,0.03645174212601422,0.0026574705091049113,0.03379427161690931,0.039109212635119135,10
HNHN,diagnostics,un,108,0.03609315198860928,0.0026412673162384236,0.033451884672370855,0.03873441930484771,10
HNHN,diagnostics,un,109,0.03574000514415221,0.0026252806220419564,0.033114724522110256,0.03836528576619416,10
HNHN,diagnostics,un,110,0.03539220532745534,0.002609508079925853,0.03278269724752948,0.03800171340738119,10
HNHN,diagnostics,un,111,0.03504965838470795,0.0025939473001709863,0.032455711084536966,0.037643605684878935,10
HNHN,diagnostics,un,112,0.034712272188684785,0.0025785958541191703,0.03213367633456562,0.03729086804280395,10
HNHN,diagnostics,un,113,0.03437995655986739,0.002563451278255968,0.031816505281611424,0.03694340783812336,10
HNHN,diagnostics,un,114,0.03405262319300399,0.0025485110781784085,0.03150411211482558,0.0366011342711824,10
HNHN,diagnostics,un,115,0.03373018558867176,0.002533772732441281,0.03119641285623048,0.03626395832111304,10
HNHN,diagnostics,un,116,0.03341255898944053,0.0025192336962769424,0.03089332529316359,0.03593179268571747,10
HNHN,diagnostics,un,117,0.03309966032026944,0.0025048914051844485,0.030594768915084992,0.03560455172545389,10
HNHN,diagnostics,un,118,0.03279140813279715,0.002490743278385043,0.030300664854412105,0.03528215141118219,10
HNHN,diagnostics,un,119,0.03248772255321442,0.002476786722141591,0.03001093583107283,0.034964509275356014,10
HNHN,diagnostics,un,120,0.03218852523343192,0.0024630191329405456,0.029725506100491378,0.034651544366372466,10
HNHN,diagnostics,un,121,0.031893739305280125,0.002449437900535732,0.029444301404744393,0.03434317720581586,10
HNHN,diagnostics,un,122,0.03160328933749883,0.0024360404108536766,0.02916724892664515,0.034039329748352505,10
HNHN,diagnostics,un,123,0.03131710129529363,0.002422824048761086,0.028894277246532544,0.03373992534405472,10
HNHN,diagnostics,un,124,0.031035102502254535,0.002409786200695253,0.028625316301559282,0.03344488870294979,10
HNHN,diagnostics,un,125,0.030757221604448583,0.002396924257158933,0.028360297347289648,0.03315414586160752,10
HNHN,diagnostics,un,126,0.030483388536513494,0.002384235615081407,0.028099152921432086,0.0328676241515949,10
HNHN,diagnostics,un,127,0.030213534489593363,0.002371717680047951,0.027841816809545412,0.03258525216964131,10
HNHN,diagnostics,un,128,0.02994759188097037,0.0023593678684001376,0.02758822401257023,0.032306959749370506,10
HNHN,diagnostics,un,129,0.0296854943252584,0.002347183609209779,0.02733831071604862,0.03203267793446818,10
HNHN,diagnostics,un,130,0.029427176607035338,0.00233516234612942,0.02709201426090592,0.031762338953164757,10
HNHN,diagnostics,un,131,0.02917257465480081,0.0023233015391226188,0.026849273115678193,0.03149587619392343,10
HNHN,diagnostics,un,132,0.028921625516155597,0.0023115986660773714,0.026610026850078225,0.03123322418223297,10
HNHN,diagnostics,un,133,0.028674267334107335,0.0023000512243060833,0.02637421610980125,0.03097431855841342,10
HNHN,diagnostics,un,134,0.02843043932441492,0.002288656731935817,0.026141782592479103,0.030719096056350738,10
HNHN,diagnostics,un,135,0.028190081753891427,0.0022774127291923696,0.025912669024699058,0.030467494483083796,10
HNHN,diagnostics,un,136,0.02795313591959196,0.002266316779582023,0.025686819140009934,0.030219452699173983,10
HNHN,diagnostics,un,137,0.027719544128818736,0.002255366470974723,0.025464177657844013,0.02997491059979346,10
HNHN,diagnostics,un,138,0.027489249679881717,0.002244559416592496,0.02524469026328922,0.029733809096474214,10
HNHN,diagnostics,un,139,0.027262196843557997,0.002233893255906961,0.025028303587651037,0.029496090099464956,10
HNHN,diagnostics,un,140,0.02703833084519796,0.002223365655449694,0.024814965189748267,0.029261696500647652,10
HNHN,diagnostics,un,141,0.026817597847430784,0.0022129743095393177,0.024604623537891467,0.0290305721569701,10
HNHN,diagnostics,un,142,0.026599944933425566,0.0022027169409290217,0.024397227992496544,0.02880266187435459,10
HNHN,diagnostics,un,143,0.0263853200906684,0.0021925913013782342,0.024192728789290165,0.028577911392046636,10
HNHN,diagnostics,un,144,0.026173672195218878,0.00218259517215214,0.02399107702306674,0.028356267367371017,10
HNHN,diagnostics,un,145,0.025964950996412696,0.0021727263644525847,0.02379222463196011,0.028137677360865282,10
HNHN,diagnostics,un,146,0.025759107101979973,0.0021629827197839476,0.023596124382196024,0.02792208982176392,10
HNHN,diagnostics,un,147,0.02555609196355139,0.002153362110257403,0.023402729853293988,0.027709454073808794,10
HNHN,diagnostics,un,148,0.025355857862526848,0.002143862438836923,0.023211995423689926,0.02749972030136377,10
HNHN,diagnostics,un,149,0.025158357896283328,0.002134481639530328,0.023023876256753,0.027292839535813657,10
HNHN,diagnostics,un,150,0.024963545964700982,0.002125217677528541,0.02283832828717244,0.027088763642229525,10
HNHN,diagnostics,un,151,0.02477137675698795,0.0021160685492961303,0.022655308207691818,0.02688744530628408,10
HNHN,diagnostics,un,152,0.024581805738786548,0.0021070322826161826,0.022474773456170365,0.02668883802140273,10
HNHN,diagnostics,un,153,0.024394789139544605,0.002098106936592318,0.022296682202952285,0.026492896076136925,10
HNHN,diagnostics,un,154,0.024210283940137505,0.0020892906016106807,0.022120993338526823,0.026299574541748187,10
HNHN,diagnostics,un,155,0.024028247860727596,0.002080581399264612,0.021947666461462984,0.02610882925999221,10
HNHN,diagnostics,un,156,0.02384863934884883,0.0020719774822445304,0.021776661866604298,0.02592061683109336,10
HNHN,diagnostics,un,157,0.023671417567705764,0.0020634770341955468,0.021607940533510218,0.02573489460190131,10
HNHN,diagnostics,un,158,0.023496542384676824,0.002055078269545189,0.021441464115131634,0.025551620654222014,10
HNHN,diagnostics,un,159,0.02332397436001275,0.0020467794333034867,0.021277194926709264,0.025370753793316235,10
HNHN,diagnostics,un,160,0.02315367473572205,0.0020385788008376255,0.021115095934884424,0.025192253536559673,10
HNHN,diagnostics,un,161,0.022985605424635833,0.0020304746776232453,0.020955130747012586,0.02501608010225908,10
HNHN,diagnostics,un,162,0.022819728999645312,0.0020224653989743394,0.02079726360067097,0.024842194398619653,10
HNHN,diagnostics,un,163,0.022656008683105754,0.0020145493297536845,0.02064145935335207,0.024670558012859438,10
HNHN,diagnostics,un,164,0.022494408336401213,0.002006724864065556,0.020487683472335656,0.02450113320046677,10
HNHN,diagnostics,un,165,0.022334892449664974,0.0019989904249324694,0.020335902024732504,0.024333882874597444,10
HNHN,diagnostics,un,166,0.022177426131651107,0.0019913444639575303,0.020186081667693576,0.024168770595608638,10
HNHN,diagnostics,un,167,0.022021975099752775,0.001983785460973934,0.02003818963877884,0.02400576056072671,10
HNHN,diagnostics,un,168,0.021868505670163636,0.0019763119236830945,0.019892193746480543,0.02384481759384673,10
HNHN,diagnostics,un,169,0.02171698474817869,0.001968922387282696,0.019748062360895994,0.023685907135461388,10
HNHN,diagnostics,un,170,0.021567379818631487,0.001961615414086026,0.01960576440454546,0.023528995232717512,10
HNHN,diagnostics,un,171,0.021419658936464716,0.0019543895931337534,0.01946526934333096,0.02337404852959847,10
HNHN,diagnostics,un,172,0.0212737907174316,0.0019472435397993172,0.019326547177632283,0.02322103425723092,10
HNHN,diagnostics,un,173,0.021129744328925625,0.0019401758953889662,0.01918956843353666,0.023069920224314592,10
HNHN,diagnostics,un,174,0.02098748948093633,0.001933185326737495,0.019054304154198835,0.022920674807673826,10
HNHN,diagnostics,un,175,0.020846996417129223,0.001926270525800556,0.018920725891328666,0.02277326694292978,10
HNHN,diagnostics,un,176,0.020708235906047832,0.0019194302092444583,0.018788805696803374,0.02262766611529229,10
HNHN,diagnostics,un,177,0.02057117923243622,0.001912663118034263,0.01865851611440196,0.022483842350470483,10
HNHN,diagnostics,un,178,0.020435798188680257,0.00190596801702093,0.018529830171659326,0.022341766205701188,10
HNHN,diagnostics,un,179,0.020302065066366275,0.0018993436945281914,0.018402721371838085,0.022201408760894464,10
HNHN,diagnostics,un,180,0.020169952647955562,0.0018927889619398603,0.0182771636860157,0.022062741609895423,10
HNHN,diagnostics,un,181,0.02003943419857345,0.0018863026532881287,0.018153131545285323,0.02192573685186158,10
HNHN,diagnostics,un,182,0.01991048345791176,0.0018798836248434204,0.01803059983306834,0.02179036708275518,10
HNHN,diagnostics,un,183,0.019783074632243294,0.0018735307547063243,0.01790954387753697,0.021656605386949617,10
HNHN,diagnostics,un,184,0.0196571823865475,0.0018672429424020666,0.017789939444145433,0.02152442532894957,10
HNHN,diagnostics,un,185,0.019532781836745942,0.0018610191084779428,0.017671762728268,0.021393800945223886,10
HNHN,diagnostics,un,186,0.01940984854204673,0.0018548581941041126,0.01755499034794262,0.021264706736150843,10
HNHN,diagnostics,un,187,0.01928835849739685,0.001848759160678115,0.017439599336718736,0.021137117658074966,10
HNHN,diagnostics,un,188,0.01916828812604144,0.0018427209894333974,0.01732556713660804,0.02101100911547484,10
HNHN,diagnostics,un,189,0.01904961427218899,0.0018367426810521848,0.017212871591136804,0.020886356953241175,10
HNHN,diagnostics,un,190,0.018932314193781656,0.0018308232552829338,0.017101490938498724,0.02076313744906459,10
HNHN,diagnostics,un,191,0.018816365555369703,0.0018249617505625836,0.01699140380480712,0.020641327305932287,10
HNHN,diagnostics,un,192,0.01870174642108912,0.0018191572236438327,0.016882589197445286,0.020520903644732955,10
HNHN,diagnostics,un,193,0.018588435247741664,0.00181340874922762,0.016775026498514044,0.020401843996969284,10
HNHN,diagnostics,un,194,0.018476410877976284,0.001807715419600938,0.016668695458375345,0.020284126297577223,10
HNHN,diagnostics,un,195,0.018365652533571183,0.0018020763442801707,0.016563576189291013,0.020167728877851353,10
HNHN,diagnostics,un,196,0.018256139808815512,0.0017964906496599842,0.01645964915915553,0.020052630458475496,10
HNHN,diagnostics,un,197,0.018147852663989918,0.0017909574786679557,0.016356895185321962,0.019938810142657873,10
HNHN,diagnostics,un,198,0.018040771418944973,0.0017854759904249679,0.016255295428520004,0.019826247409369942,10
HNHN,diagnostics,un,199,0.01793487674677667,0.0017800453599114171,0.016154831386865253,0.019714922106688088,10
HNHN,diagnostics,un,200,0.0178301496675981,0.0017746647776393342,0.016055484889958765,0.019604814445237432,10
HNHN,diagnostics,un,201,0.017726571542406297,0.0017693334493303985,0.0159572380930759,0.019495904991736694,10
HNHN,diagnostics,un,202,0.01762412406704354,0.001764050595599895,0.015860073471443643,0.019388174662643434,10
HNHN,diagnostics,un,203,0.017522789266252066,0.0017588154516466046,0.01576397381460546,0.019281604717898672,10
HNHN,diagnostics,un,204,0.0174225494878213,0.0017536272669486366,0.015668922220872662,0.019176176754769937,10
HNHN,diagnostics,un,205,0.017323387396826775,0.0017484853049651709,0.015574902091861605,0.019071872701791948,10
HNHN,diagnostics,un,206,0.01722528596995971,0.0017433888428441133,0.015481897127115597,0.018968674812803822,10
HNHN,diagnostics,un,207,0.01712822848994642,0.0017383371711355965,0.015389891318810823,0.018866565661082017,10
HNHN,diagnostics,un,208,0.01703219854005649,0.001733329593511324,0.015298868946545167,0.018765528133567817,10
HNHN,diagnostics,un,209,0.016937179998698974,0.001728365426489686,0.015208814572209288,0.01866554542518866,10
HNHN,diagnostics,un,210,0.01684315703410542,0.001723443999166578,0.015119713034938843,0.018566601033272,10
HNHN,diagnostics,un,211,0.016750114099099035,0.0017185646529519346,0.0150315494461471,0.01846867875205097,10
HNHN,diagnostics,un,212,0.016658035925948802,0.001713726741311806,0.014944309184636996,0.018371762667260608,10
HNHN,diagnostics,un,213,0.016566907521307763,0.001708929629516013,0.01485797789179175,0.018275837150823777,10
HNHN,diagnostics,un,214,0.0164767141612344,0.0017041726943912302,0.01477254146684317,0.01818088685562563,10
HNHN,diagnostics,un,215,0.016387441386296185,0.0016994553240794756,0.01468798606221671,0.01808689671037566,10
HNHN,diagnostics,un,216,0.01629907499675432,0.0016947769178018795,0.014604298078952442,0.0179938519145562,10
HNHN,diagnostics,un,217,0.0162116010478287,0.0016901368856276943,0.014521464162201004,0.017901737933456393,10
HNHN,diagnostics,un,218,0.01612500584504211,0.001685534648248428,0.014439471196793683,0.01781054049329054,10
HNHN,diagnostics,un,219,0.01603927593964271,0.0016809696367570334,0.014358306302885676,0.017720245576399743,10
HNHN,diagnostics,un,220,0.01595439812410373,0.001676441292432054,0.014277956831671676,0.017630839416535784,10
HNHN,diagnostics,un,221,0.015870359427699574,0.001671949066526638,0.014198410361172937,0.01754230849422621,10
HNHN,diagnostics,un,222,0.015787147112157153,0.001667492420062348,0.014119654692094806,0.017454639532219502,10
HNHN,diagnostics,un,223,0.015704748667381592,0.001663070823627631,0.014041677843753961,0.017367819491009222,10
HNHN,diagnostics,un,224,0.015623151807255323,0.0016586837571809245,0.013964468050074398,0.017281835564436247,10
HNHN,diagnostics,un,225,0.015542344465509495,0.0016543307098582296,0.013888013755651265,0.017196675175367725,10
HNHN,diagnostics,un,226,0.015462314791666843,0.0016500111797851172,0.013812303611881726,0.017112325971451958,10
HNHN,diagnostics,un,227,0.015383051147054969,0.0016457246738930524,0.013737326473161917,0.01702877582094802,10
HNHN,diagnostics,un,228,0.015304542100889051,0.0016414707077399492,0.013663071393149102,0.016946012808629,10
HNHN,diagnostics,un,229,0.015226776426423078,0.0016372488053348565,0.013589527621088221,0.016864025231757934,10
HNHN,diagnostics,un,230,0.015149743097168562,0.0016330584989666804,0.013516684598201881,0.016782801596135242,10
HNHN,diagnostics,un,231,0.015073431283179844,0.0016288993290368944,0.01344453195414295,0.016702330612216737,10
HNHN,diagnostics,un,232,0.014997830347404956,0.001624770843896086,0.01337305950350887,0.01662260119130104,10
HNHN,diagnostics,un,233,0.014922929842101168,0.0016206725996842889,0.01330225724241688,0.016543602441785456,10
HNHN,diagnostics,un,234,0.014848719505314186,0.0016166041601750152,0.013232115345139172,0.016465323665489202,10
HNHN,diagnostics,un,235,0.014775189257420138,0.001612565096622889,0.01316262416079725,0.01638775435404303,10
HNHN,diagnostics,un,236,0.014702329197729343,0.0016085549876147878,0.013093774210114555,0.01631088418534413,10
HNHN,diagnostics,un,237,0.014630129601150996,0.0016045734189244418,0.013025556182226554,0.016234703020075437,10
HNHN,diagnostics,un,238,0.014558580914917758,0.0016006199833703632,0.012957960931547394,0.01615920089828812,10
HNHN,diagnostics,un,239,0.014487673755369444,0.0015966942806770682,0.012890979474692376,0.01608436803604651,10
HNHN,diagnostics,un,240,0.014417398904794782,0.0015927959173394743,0.012824602987455308,0.016010194822134255,10
HNHN,diagnostics,un,241,0.01434774730833043,0.0015889245064904306,0.01275882280184,0.01593667181482086,10
HNHN,diagnostics,un,242,0.0142787100709163,0.001585079667771266,0.012693630403145034,0.015863789738687566,10
HNHN,diagnostics,un,243,0.014210278454306327,0.0015812610272053172,0.01262901742710101,0.015791539481511643,10
HNHN,diagnostics,un,244,0.014142443874133773,0.0015774682170743369,0.012564975657059437,0.01571991209120811,10
HNHN,diagnostics,un,245,0.014075197897030243,0.0015737008757977175,0.012501497021232525,0.01564889877282796,10
HNHN,diagnostics,un,246,0.014008532237797484,0.001569958647814456,0.012438573589983027,0.01557849088561194,10
HNHN,diagnostics,un,247,0.013942438756631152,0.0015662411834678198,0.012376197573163331,0.015508679940098972,10
HNHN,diagnostics,un,248,0.013876909456395716,0.001562548138892587,0.012314361317503129,0.015439457595288303,10
HNHN,diagnostics,un,249,0.013811936479949594,0.0015588791759048504,0.012253057304044744,0.015370815655854445,10
HNHN,diagnostics,un,250,0.013747512107519752,0.0015552339618943002,0.012192278145625452,0.015302746069414052,10
HNHN,diagnostics,un,251,0.013683628754124929,0.0015516121697189092,0.012132016584406019,0.015235240923843839,10
HNHN,diagnostics,un,252,0.013620278967046656,0.0015480134776019838,0.012072265489444673,0.015168292444648639,10
HNHN,diagnostics,un,253,0.013557455423347287,0.0015444375690315045,0.012013017854315782,0.015101892992378792,10
HNHN,diagnostics,un,254,0.013495150927434257,0.0015408841326616934,0.011954266794772564,0.01503603506009595,10
HNHN,diagnostics,un,255,0.013433358408669738,0.0015373528622167727,0.011896005546452966,0.01497071127088651,10
HNHN,diagnostics,un,256,0.01337207091902499,0.0015338434563968392,0.01183822746262815,0.014905914375421828,10
HNHN,diagnostics,sym,0,1.0,0.0,1.0,1.0,10
HNHN,diagnostics,sym,1,0.7878874930542832,0.006081205290848561,0.7818062877634346,0.7939686983451317,10
HNHN,diagnostics,sym,2,0.634363583029699,0.008589974004360143,0.6257736090253389,0.6429535570340591,10
HNHN,diagnostics,sym,3,0.5322074585777026,0.009136074809061128,0.5230713837686415,0.5413435333867637,10
HNHN,diagnostics,sym,4,0.4634966437976821,0.008974831221336977,0.4545218125763451,0.47247147501901904,10
HNHN,diagnostics,sym,5,0.414574926535467,0.00866342281021736,0.40591150372524964,0.4232383493456844,10
HNHN,diagnostics,sym,6,0.3774613605930915,0.008378182755251078,0.3690831778378404,0.3858395433483426,10
HNHN,diagnostics,sym,7,0.3478218820311493,0.008147987052669356,0.33967389497847994,0.3559698690838186,10
HNHN,diagnostics,sym,8,0.32327274423170743,0.007958310791009967,0.3153144334406975,0.3312310550227174,10
HNHN,diagnostics,sym,9,0.30242611319817925,0.007789214590142808,0.29463689860803643,0.31021532778832206,10
HNHN,diagnostics,sym,10,0.2844120127877787,0.007626134950487219,0.2767858778372915,0.2920381477382659,10
HNHN,diagnostics,sym,11,0.26864492439139903,0.007460937675691277,0.26118398671570775,0.2761058620670903,10
HNHN,diagnostics,sym,12,0.25470730736611,0.007290276014202605,0.24741703135190743,0.26199758338031265,10
HNHN,diagnostics,sym,13,0.2422883070679033,0.0071137432990437295,0.23517456376885956,0.24940205036694704,10
HNHN,diagnostics,sym,14,0.23114913361678235,0.006932488698652556,0.2242166449181298,0.23808162231543492,10
HNHN,diagnostics,sym,15,0.22110199954915016,0.006748332941370418,0.21435366660777974,0.22785033249052059,10
HNHN,diagnostics,sym,16,0.21199644467145734,0.006563257423514038,0.2054331872479433,0.2185597020949714,10
HNHN,diagnostics,sym,17,0.20371000172458653,0.006379135016937479,0.19733086670764904,0.21008913674152402,10
HNHN,diagnostics,sym,18,0.1961415951676289,0.006197605072088042,0.18994399009554086,0.20233920023971697,10
HNHN,diagnostics,sym,19,0.18920675719826857,0.006020029402175319,0.18318672779609324,0.1952267866004439,10
HNHN,diagnostics,sym,20,0.18283409957779845,0.005847491154438408,0.17698660842336003,0.18868159073223686,10
HNHN,diagnostics,sym,21,0.17696267583634137,0.005680814712448853,0.17128186112389251,0.18264349054879023,10
HNHN,diagnostics,sym,22,0.17153998551013322,0.005520594574372471,0.16601939093576074,0.1770605800845057,10
HNHN,diagnostics,sym,23,0.16652044676682148,0.005367226808718845,0.16115321995810264,0.17188767357554033,10
HNHN,diagnostics,sym,24,0.16186421383837307,0.005220939845862148,0.15664327399251093,0.1670851536842352,10
HNHN,diagnostics,sym,25,0.1575362503423251,0.005081823075518292,0.1524544272668068,0.1626180734178434,10
HNHN,diagnostics,sym,26,0.15350559405209296,0.00494985262345751,0.14855574142863545,0.15845544667555048,10
HNHN,diagnostics,sym,27,0.14974476616677318,0.004824914143151513,0.14491985202362168,0.15456968030992468,10
HNHN,diagnostics,sym,28,0.1462292907080455,0.0047068226863894135,0.14152246802165608,0.1509361133944349,10
HNHN,diagnostics,sym,29,0.1429372987509052,0.0045953398240186375,0.13834195892688655,0.14753263857492382,10
HNHN,diagnostics,sym,30,0.13984919876615892,0.004490188233950534,0.1353590105322084,0.14433938700010945,10
HNHN,diagnostics,sym,31,0.13694739911990958,0.004391063989463379,0.1325563351304462,0.14133846310937295,10
HNHN,diagnostics,sym,32,0.13421607224314316,0.004297646782150138,0.12991842546099303,0.1385137190252933,10
HNHN,diagnostics,sym,33,0.13164095251580782,0.004209608308017871,0.12743134420778995,0.13585056082382568,10
HNHN,diagnostics,sym,34,0.12920916176552746,0.0041266190356458905,0.12508254272988156,0.13333578080117336,10
HNHN,diagnostics,sym,35,0.12690905764920582,0.004048353563442915,0.12286070408576291,0.13095741121264873,10
HNHN,diagnostics,sym,36,0.1247301012013274,0.003974494759597639,0.12075560644172975,0.12870459596092504,10
HNHN,diagnostics,sym,37,0.12266274059283759,0.003904736863691597,0.118758003729146,0.1265674774565292,10
HNHN,diagnostics,sym,38,0.12069830871881346,0.0038387877134807096,0.11685952100533274,0.12453709643229417,10
HNHN,diagnostics,sym,39,0.11882893267182808,0.003776370244401126,0.11505256242742695,0.1226053029162292,10
HNHN,diagnostics,sym,40,0.1170474534969862,0.003717223393291135,0.11333023010369506,0.12076467689027734,10
HNHN,diagnostics,sym,41,0.11534735489001235,0.0036611025220042127,0.11168625236800814,0.11900845741201657,10
HNHN,diagnostics,sym,42,0.1137226997102316,0.003607779461354685,0.11011492024887692,0.11733047917158629,10
HNHN,diagnostics,sym,43,0.11216807334935792,0.0035570422614626196,0.1086110310878953,0.11572511561082055,10
HNHN,diagnostics,sym,44,0.11067853313456869,0.003508694721263517,0.10716983841330517,0.1141872278558322,10
HNHN,diagnostics,sym,45,0.10924956305761635,0.0034625557578590515,0.1057870072997573,0.1127121188154754,10
HNHN,diagnostics,sym,46,0.10787703321603312,0.0034184586655859606,0.10445857455044716,0.11129549188161908,10
HNHN,diagnostics,sym,47,0.10655716343178087,0.003376250305183484,0.10318091312659738,0.10993341373696436,10
HNHN,diagnostics,sym,48,0.10528649057996023,0.003335790255216773,0.10195070032474346,0.108622280835177,10
HNHN,diagnostics,sym,49,0.1040618392176742,0.003296949950893502,0.1007648892667807,0.1073587891685677,10
HNHN,diagnostics,sym,50,0.10288029515258523,0.00325961182950256,0.09962068332308267,0.10613990698208779,10
HNHN,diagnostics,sym,51,0.10173918163345959,0.0032236684967979364,0.09851551313666165,0.10496285013025752,10
HNHN,diagnostics,sym,52,0.10063603788213289,0.003189021924633983,0.09744701595749891,0.10382505980676687,10
HNHN,diagnostics,sym,53,0.09956859971871143,0.0031555826869144573,0.09641301703179697,0.10272418240562589,10
HNHN,diagnostics,sym,54,0.09853478206014207,0.0031232692383376622,0.0954115128218044,0.10165805129847974,10
HNHN,diagnostics,sym,55,0.09753266309711343,0.003092007238400492,0.09444065585871295,0.10062467033551392,10
HNHN,diagnostics,sym,56,0.09656046997606493,0.0030617289215720146,0.09349874105449292,0.09962219889763695,10
HNHN,diagnostics,sym,57,0.09561656583228348,0.0030323725133797955,0.09258419331890369,0.09864893834566327,10
HNHN,diagnostics,sym,58,0.09469943803699307,0.0030038816912980847,0.09169555634569498,0.09770331972829116,10
HNHN,diagnostics,sym,59,0.09380768753628552,0.0029762050887230246,0.09083148244756249,0.09678389262500854,10
HNHN,diagnostics,sym,60,0.09294001917294409,0.0029492958399154126,0.08999072333302868,0.0958893150128595,10
HNHN,diagnostics,sym,61,0.0920952328938951,0.00292311116354153,0.08917212173035356,0.09501834405743663,10
HNHN,diagnostics,sym,62,0.09127221575636697,0.0028976119823118105,0.08837460377405516,0.09416982773867878,10
HNHN,diagnostics,sym,63,0.09046993465500848,0.0028727625761761533,0.08759717207883233,0.09334269723118463,10
HNHN,diagnostics,sym,64,0.08968742970035416,0.002848530266559065,0.0868388994337951,0.09253595996691323,10
HNHN,diagnostics,sym,65,0.08892380818625115,0.0028248851291910785,0.08609892305706007,0.09174869331544222,10
HNHN,diagnostics,sym,66,0.08817823909028491,0.002801799733196469,0.08537643935708844,0.09098003882348138,10
HNHN,diagnostics,sym,67,0.08744994805695602,0.0027792489042239256,0.08467069915273209,0.09022919696117995,10
HNHN,diagnostics,sym,68,0.08673821281844862,0.0027572095095440563,0.08398100330890457,0.08949542232799268,10
HNHN,diagnostics,sym,69,0.08604235901236683,0.002735660263181288,0.08330669874918555,0.08877801927554811,10
HNHN,diagnostics,sym,70,0.08536175635986162,0.0027145815492918605,0.08264717481056977,0.08807633790915348,10
HNHN,diagnostics,sym,71,0.08469581517118366,0.0026939552621404266,0.08200185990904323,0.08738977043332409,10
HNHN,diagnostics,sym,72,0.08404398314892764,0.0026737646611641095,0.08137021848776353,0.08671774781009174,10
HNHN,diagnostics,sym,73,0.08340574246212164,0.0026539942397416395,0.08075174822238,0.08605973670186327,10
HNHN,diagnostics,sym,74,0.08278060706690359,0.0026346296064063204,0.08014597746049726,0.08541523667330991,10
HNHN,diagnostics,sym,75,0.0821681202518453,0.00261565737735457,0.07955246287449073,0.08478377762919988,10
HNHN,diagnostics,sym,76,0.08156785238806494,0.0025970650792054885,0.07897078730885945,0.08416491746727042,10
HNHN,diagnostics,sym,77,0.08097939886613838,0.0025788410610636113,0.07840055780507477,0.08355823992720199,10
HNHN,diagnostics,sym,78,0.08040237820349856,0.0025609744150237703,0.07784140378847479,0.08296335261852233,10
HNHN,diagnostics,sym,79,0.07983643030752406,0.002543454904337622,0.07729297540318644,0.08237988521186168,10
HNHN,diagnostics,sym,80,0.0792812148808786,0.0025262728985338033,0.0767549419823448,0.0818074877794124,10
HNHN,diagnostics,sym,81,0.07873640995689049,0.002509419314849898,0.0762269906420406,0.08124582927174039,10
HNHN,diagnostics,sym,82,0.07820171055386779,0.0024928855653935885,0.0757088249884742,0.08069459611926139,10
HNHN,diagnostics,sym,83,0.07767682743824479,0.002476663509505202,0.07520016392873959,0.08015349094775,10
HNHN,diagnostics,sym,84,0.07716148598735852,0.0024607454108418144,0.0747007405765167,0.07962223139820034,10
HNHN,diagnostics,sym,85,0.07665542514347166,0.0024451238987479766,0.07421030124472369,0.07910054904221964,10
HNHN,diagnostics,sym,86,0.07615839645139814,0.002429791933517128,0.07372860451788102,0.07858818838491527,10
HNHN,diagnostics,sym,87,0.07567016317275792,0.0024147427751845954,0.07325542039757332,0.07808490594794251,10
HNHN,diagnostics,sym,88,0.07519049947049541,0.0023999699555246417,0.07279052951497077,0.07759046942602006,10
HNHN,diagnostics,sym,89,0.07471918965784854,0.0023854672529542886,0.07233372240489426,0.07710465691080283,10
HNHN,diagnostics,sym,90,0.07425602750645507,0.0023712286700724888,0.07188479883638259,0.07662725617652756,10
HNHN,diagnostics,sym,91,0.07380081560874004,0.0023572484135877193,0.07144356719515231,0.07615806402232776,10
HNHN,diagnostics,sym,92,0.07335336479014053,0.002343520876408635,0.07100984391373188,0.07569688566654917,10
HNHN,diagnostics,sym,93,0.07291349356710287,0.0023300406216923935,0.07058345294541048,0.07524353418879527,10
HNHN,diagnostics,sym,94,0.072481027647129,0.0023168023686630465,0.07016422527846596,0.07479783001579206,10
HNHN,diagnostics,sym,95,0.07205579946746285,0.002303800980028902,0.06975199848743395,0.07435960044749175,10
HNHN,diagnostics,sym,96,0.0716376477692923,0.002291031450842518,0.06934661631844978,0.07392867922013481,10
HNHN,diagnostics,sym,97,0.0712264172046029,0.0022784888986606957,0.06894792830594221,0.0735049061032636,10
HNHN,diagnostics,sym,98,0.07082195797305715,0.0022661685548741937,0.06855578941818297,0.07308812652793134,10
HNHN,diagnostics,sym,99,0.0704241254864899,0.0022540657570881183,0.06817005972940178,0.07267819124357801,10
HNHN,diagnostics,sym,100,0.07003278005880974,0.0022421759424445463,0.06779060411636519,0.07227495600125429,10
HNHN,diagnostics,sym,101,0.06964778661927647,0.0022304946417881213,0.06741729197748834,0.07187828126106459,10
HNHN,diagnostics,sym,102,0.06926901444729211,0.0022190174745845017,0.06704999697270761,0.07148803192187661,10
HNHN,diagnostics,sym,103,0.06889633692699364,0.0022077401445090763,0.06668859678248457,0.07110407707150271,10
HNHN,diagnostics,sym,104,0.06852963132007525,0.002196658435631092,0.06633297288444416,0.07072628975570634,10
HNHN,diagnostics,sym,105,0.06816877855539596,0.002185768209124879,0.06598301034627109,0.07035454676452084,10
HNHN,diagnostics,sym,106,0.06781366303404404,0.0021750654004461683,0.06563859763359788,0.06998872843449021,10
HNHN,diagnostics,sym,107,0.06746417244863773,0.002164546016917105,0.06529962643172062,0.06962871846555484,10
HNHN,diagnostics,sym,108,0.06712019761573987,0.0021542061356690442,0.06496599148007082,0.06927440375140892,10
HNHN,diagnostics,sym,109,0.06678163232035356,0.002144041901896744,0.06463759041845682,0.0689256742222503,10
HNHN,diagnostics,sym,110,0.06644837317154946,0.002134049527382213,0.06431432364416725,0.06858242269893167,10
HNHN,diagnostics,sym,111,0.06612031946835084,0.002124225289250727,0.06399609417910011,0.06824454475760157,10
HNHN,diagnostics,sym,112,0.0657973730750725,0.0021145655289247904,0.0636828075461477,0.06791193860399729,10
HNHN,diagnostics,sym,113,0.06547943830537326,0.0021050666512458923,0.06337437165412736,0.06758450495661915,10
HNHN,diagnostics,sym,114,0.06516642181434154,0.002095725123736578,0.06307069669060496,0.06726214693807812,10
HNHN,diagnostics,sym,115,0.06485823249798663,0.002086537475978707,0.06277169502200793,0.06694476997396533,10
HNHN,diagnostics,sym,116,0.06455478139955875,0.002077500299085977,0.06247728110047278,0.06663228169864473,10
HNHN,diagnostics,sym,117,0.06425598162216653,0.002068610245251788,0.06218737137691474,0.06632459186741832,10
HNHN,diagnostics,sym,118,0.06396174824720252,0.002059864027355244,0.06190188421984728,0.06602161227455776,10
HNHN,diagnostics,sym,119,0.06367199825812628,0.0020512584186105453,0.061620739839515735,0.06572325667673683,10
HNHN,diagnostics,sym,120,0.06338665046919015,0.002042790252246573,0.061343860216943574,0.06542944072143672,10
HNHN,diagnostics,sym,121,0.06310562545872561,0.0020344564212055253,0.061071169037520086,0.06514008187993113,10
HNHN,diagnostics,sym,122,0.06282884550663828,0.0020262538778506164,0.060802591628787664,0.0648550993844889,10
HNHN,diagnostics,sym,123,0.06255623453578744,0.002018179633674628,0.060538054902112816,0.06457441416946207,10
HNHN,diagnostics,sym,124,0.062287718056951734,0.002010230759002027,0.060277487297949704,0.06429794881595376,10
HNHN,diagnostics,sym,125,0.06202322311710583,0.0020024043826788337,0.060020818734426995,0.06402562749978466,10
HNHN,diagnostics,sym,126,0.06176267825075521,0.00199469769174527,0.05976798055900994,0.06375737594250049,10
HNHN,diagnostics,sym,127,0.06150601343409549,0.0019871079310870903,0.059518905503008396,0.06349312136518258,10
HNHN,diagnostics,sym,128,0.06125316004178162,0.001979632403062582,0.05927352763871904,0.0632327924448442,10
HNHN,diagnostics,sym,129,0.06100405080610921,0.0019722684671026986,0.059031782339006515,0.06297631927321191,10
HNHN,diagnostics,sym,130,0.06075861977842565,0.0019650135392825212,0.05879360623914313,0.06272363331770817,10
HNHN,diagnostics,sym,131,0.060516802292603165,0.0019578650918630185,0.058558937200740145,0.062474667384466186,10
HNHN,diagnostics,sym,132,0.06027853493041958,0.0019508206528022088,0.058327714277617376,0.06222935558322179,10
HNHN,diagnostics,sym,133,0.06004375548870409,0.0019438778052356732,0.058099877683468415,0.06198763329393976,10
HNHN,diagnostics,sym,134,0.05981240294811727,0.0019370341869264598,0.057875368761190815,0.06174943713504373,10
HNHN,diagnostics,sym,135,0.05958441744344465,0.0019302874896849505,0.0576541299537597,0.0615147049331296,10
HNHN,diagnostics,sym,136,0.0593597402352926,0.0019236354587593336,0.05743610477653326,0.061283375694051935,10
HNHN,diagnostics,sym,137,0.05913831368308442,0.0019170758921979389,0.05722123779088648,0.06105538957528236,10
HNHN,diagnostics,sym,138,0.05892008121926247,0.0019106066401843723,0.057009474579078095,0.06083068785944684,10
HNHN,diagnostics,sym,139,0.05870498732460955,0.0019042256043470466,0.0568007617202625,0.060609212928956595,10
HNHN,diagnostics,sym,140,0.05849297750460976,0.0018979307370445648,0.056595046767565195,0.06039090824165432,10
HNHN,diagnostics,sym,141,0.05828399826677564,0.0018917200406284957,0.05639227822614715,0.06017571830740413,10
HNHN,diagnostics,sym,142,0.05807799709887377,0.0018855915666854295,0.05619240553218834,0.059963588665559196,10
HNHN,diagnostics,sym,143,0.05787492244798651,0.0018795434152598948,0.05599537903272662,0.059754465863246405,10
HNHN,diagnostics,sym,144,0.05767472370035318,0.0018735737340600067,0.05580114996629318,0.059548297434413186,10
HNHN,diagnostics,sym,145,0.05747735116193742,0.0018676807176476631,0.05560967044428976,0.05934503187958508,10
HNHN,diagnostics,sym,146,0.057282756039672686,0.0018618626066151,0.05542089343305759,0.05914461864628778,10
HNHN,diagnostics,sym,147,0.05709089042334099,0.0018561176867495203,0.05523477273659147,0.058947008110090515,10
HNHN,diagnostics,sym,148,0.05690170726804419,0.0018504442881877206,0.05505126297985646,0.05875215155623191,10
HNHN,diagnostics,sym,149,0.05671516037722981,0.0018448407845622784,0.054870319592667534,0.05856000116179209,10
HNHN,diagnostics,sym,150,0.05653120438623689,0.0018393055921411476,0.05469189879409574,0.05837050997837804,10
HNHN,diagnostics,sym,151,0.05634979474632967,0.0018338371689621635,0.05451595757736751,0.058183631915291835,10
HNHN,diagnostics,sym,152,0.05617088770919012,0.001828434013964145,0.05434245369522597,0.057999321723154265,10
HNHN,diagnostics,sym,153,0.05599444031184183,0.0018230946661160394,0.05417134564572579,0.05781753497795787,10
HNHN,diagnostics,sym,154,0.055820410361980745,0.0018178177035456469,0.0540025926584351,0.05763822806552639,10
HNHN,diagnostics,sym,155,0.055648756423689626,0.0018126017426691582,0.053836154681020466,0.057461358166358785,10
HNHN,diagnostics,sym,156,0.055479437803515406,0.0018074454373230128,0.05367199236619239,0.05728688324083842,10
HNHN,diagnostics,sym,157,0.055312414536889884,0.0018023474778991553,0.05351006705899073,0.05711476201478904,10
HNHN,diagnostics,sym,158,0.05514764737487582,0.0017973065904849394,0.05335034078439088,0.056944953965360756,10
HNHN,diagnostics,sym,159,0.05498509777122247,0.0017923215360087078,0.05319277623521376,0.05677741930723118,10
HNHN,diagnostics,sym,160,0.0548247278697148,0.0017873911093921604,0.053037336760322636,0.05661211897910696,10
HNHN,diagnostics,sym,161,0.05466650049180305,0.0017825141387103867,0.05288398635309266,0.05644901463051344,10
HNHN,diagnostics,sym,162,0.05451037912449933,0.0017776894843604103,0.05273268964013892,0.056288068608859744,10
HNHN,diagnostics,sym,163,0.054356327908529734,0.0017729160382391597,0.05258341187029057,0.056129243946768895,10
HNHN,diagnostics,sym,164,0.05420431162673095,0.0017681927229314675,0.052436118903799483,0.055972504349662416,10
HNHN,diagnostics,sym,165,0.054054295692681185,0.0017635184909088892,0.0522907772017723,0.055817814183590074,10
HNHN,diagnostics,sym,166,0.05390624613955643,0.001758892323739888,0.05214735381581654,0.055665138463296314,10
HNHN,diagnostics,sym,167,0.05376012960920307,0.0017543132313119069,0.05200581637789116,0.055514442840514974,10
HNHN,diagnostics,sym,168,0.05361591334141921,0.0017497802510658975,0.05186613309035331,0.0553656935924851,10
HNHN,diagnostics,sym,169,0.05347356516343721,0.0017452924472436586,0.05172827271619355,0.05521885761068087,10
HNHN,diagnostics,sym,170,0.05333305347960075,0.0017408489101483954,0.051592204569452356,0.05507390238974915,10
HNHN,diagnostics,sym,171,0.05319434726123003,0.0017364487554188024,0.05145789850581122,0.05493079601664883,10
HNHN,diagnostics,sym,172,0.05305741603666915,0.0017320911233170114,0.051325324913352136,0.054789507159986164,10
HNHN,diagnostics,sym,173,0.05292222988151063,0.001727775178030546,0.05119445470348008,0.05465000505954118,10
HNHN,diagnostics,sym,174,0.0527887594089914,0.0017235001069884931,0.05106525930200291,0.05451225951597989,10
HNHN,diagnostics,sym,175,0.05265697576055628,0.0017192651201921253,0.050937710640364155,0.054376240880748404,10
HNHN,diagnostics,sym,176,0.052526850596583706,0.001715069449559922,0.05081178114702378,0.05424192004614363,10
HNHN,diagnostics,sym,177,0.05239835608727057,0.0017109123482872293,0.050687443738983345,0.0541092684355578,10
HNHN,diagnostics,sym,178,0.052271464903671336,0.0017067930902204577,0.05056467181345088,0.05397825799389179,10
HNHN,diagnostics,sym,179,0.05214615020888863,0.0017027109692458833,0.05044343923964275,0.05384886117813451,10
HNHN,diagnostics,sym,180,0.052022385649411404,0.0016986652986930913,0.05032372035071831,0.0537210509481045,10
HNHN,diagnostics,sym,181,0.05190014534659778,0.0016946554107528707,0.05020548993584491,0.05359480075735065,10
HNHN,diagnostics,sym,182,0.051779403888299394,0.0016906806559096024,0.05008872323238979,0.053470084544209,10
HNHN,diagnostics,sym,183,0.05166013632062444,0.001686740402388006,0.049973395918236435,0.05334687672301244,10
HNHN,diagnostics,sym,184,0.051542318139836826,0.0016828340356141289,0.049859484104222695,0.05322515217545096,10
HNHN,diagnostics,sym,185,0.05142592528438866,0.0016789609576904165,0.04974696432669825,0.053104886242079076,10
HNHN,diagnostics,sym,186,0.051310934127083874,0.001675120586884782,0.049635813540199095,0.05298605471396865,10
HNHN,diagnostics,sym,187,0.05119732146737047,0.0016713123571333612,0.049526009110237114,0.05286863382450383,10
HNHN,diagnostics,sym,188,0.05108506452375931,0.0016675357175569882,0.04941752880620232,0.052752600241316304,10
HNHN,diagnostics,sym,189,0.050974140926367276,0.0016637901319909725,0.049310350794376304,0.05263793105835825,10
HNHN,diagnostics,sym,190,0.05086452870958256,0.0016600750785281133,0.04920445363105445,0.05252460378811067,10
HNHN,diagnostics,sym,191,0.050756206304850546,0.001656390049074689,0.049099816255775856,0.052412596353925235,10
HNHN,diagnostics,sym,192,0.05064915253357797,0.0016527345489191646,0.048996417984658806,0.05230188708249713,10
HNHN,diagnostics,sym,193,0.05054334660015375,0.0016491080963134755,0.048894238503840275,0.05219245469646722,10
HNHN,diagnostics,sym,194,0.05043876808508456,0.0016455102220665403,0.04879325786301802,0.0520842783071511,10
HNHN,diagnostics,sym,195,0.050335396938243626,0.0016419404691498146,0.04869345646909381,0.051977337407393444,10
HNHN,diagnostics,sym,196,0.0502332134722309,0.0016383983923146524,0.04859481507991625,0.05187161186454555,10
HNHN,diagnostics,sym,197,0.05013219835584286,0.0016348835577211997,0.04849731479812166,0.05176708191356406,10
HNHN,diagnostics,sym,198,0.05003233260765085,0.0016313955425785248,0.04840093706507233,0.05166372815022938,10
HNHN,diagnostics,sym,199,0.049933597589685644,0.0016279339347958475,0.048305663654889794,0.051561531524481494,10
HNHN,diagnostics,sym,200,0.049835975001227426,0.0016244983326444524,0.04821147666858297,0.05146047333387188,10
HNHN,diagnostics,sym,201,0.0497394468726992,0.0016210883444301894,0.048118358528269005,0.05136053521712939,10
HNHN,diagnostics,sym,202,0.04964399555966234,0.0016177035881761311,0.04802629197148621,0.05126169914783847,10
HNHN,diagnostics,sym,203,0.04954960373691298,0.001614343691315351,0.04793526004559763,0.05116394742822833,10
HNHN,diagnostics,sym,204,0.04945625439267742,0.0016110082903933013,0.04784524610228412,0.05106726268307073,10
HNHN,diagnostics,sym,205,0.04936393082290565,0.0016076970307797955,0.04775623379212585,0.05097162785368544,10
HNHN,diagnostics,sym,206,0.04927261662566113,0.0016044095663901318,0.047668207059271,0.05087702619205126,10
HNHN,diagnostics,sym,207,0.04918229569560591,0.001601145559415258,0.04758115013619065,0.05078344125502116,10
HNHN,diagnostics,sym,208,0.049092952218579365,0.0015979046800606508,0.047495047538518714,0.050690856898640016,10
HNHN,diagnostics,sym,209,0.04900457066626945,0.0015946866062937007,0.047409884059975746,0.05059925727256315,10
HNHN,diagnostics,sym,210,0.04891713579097508,0.0015914910235993226,0.04732564476737575,0.0505086268145744,10
HNHN,diagnostics,sym,211,0.04883063262045838,0.0015883176247436352,0.04724231499571474,0.050418950245202016,10
HNHN,diagnostics,sym,212,0.048745046452885535,0.0015851661095453674,0.04715988034334017,0.0503302125624309,10
HNHN,diagnostics,sym,213,0.048660362851854724,0.0015820361846548483,0.047078326667199875,0.05024239903650957,10
HNHN,diagnostics,sym,214,0.04857656764151043,0.0015789275633403413,0.04699764007817009,0.05015549520485077,10
HNHN,diagnostics,sym,215,0.04849364690174222,0.0015758399652814822,0.046917806936460735,0.0500694868670237,10
HNHN,diagnostics,sym,216,0.04841158696346725,0.0015727731163695635,0.046838813847097684,0.049984360079836816,10
HNHN,diagnostics,sym,217,0.04833037440399511,0.0015697267485146069,0.046760647655480506,0.049900101152509715,10
HNHN,diagnostics,sym,218,0.048249996042473736,0.0015667005994588067,0.04668329544301493,0.04981669664193254,10
HNHN,diagnostics,sym,219,0.0481704389354153,0.0015636944125963315,0.04660674452281897,0.049734133348011626,10
HNHN,diagnostics,sym,220,0.048091690372300766,0.001560707936799127,0.04653098243550164,0.04965239830909989,10
HNHN,diagnostics,sym,221,0.04801373787126221,0.0015577409262486886,0.04645599694501352,0.0495714787975109,10
HNHN,diagnostics,sym,222,0.04793656917484127,0.001554793140273466,0.046381776034567807,0.04949136231511474,10
HNHN,diagnostics,sym,223,0.047860172245823104,0.001551864343191807,0.046308307902631296,0.04941203658901491,10
HNHN,diagnostics,sym,224,0.0477845352631443,0.0015489543041602423,0.04623558095898406,0.049333489567304545,10
HNHN,diagnostics,sym,225,0.047709646617873816,0.0015460627970269286,0.046163583820846885,0.04925570941490075,10
HNHN,diagnostics,sym,226,0.04763549490926576,0.0015431896001900716,0.04609230530907569,0.04917868450945583,10
HNHN,diagnostics,sym,227,0.04756206894088298,0.0015403344964611807,0.0460217344444218,0.049102403437344164,10
HNHN,diagnostics,sym,228,0.047489357716790234,0.001537497272933028,0.045951860443857205,0.04902685498972326,10
HNHN,diagnostics,sym,229,0.047417350437815906,0.0015346777208520496,0.045882672716963856,0.048952028158667955,10
HNHN,diagnostics,sym,230,0.04734603649788123,0.0015318756354951689,0.04581416086238606,0.0488779121333764,10
HNHN,diagnostics,sym,231,0.04727540548039602,0.0015290908160508253,0.04574631466434519,0.04880449629644685,10
HNHN,diagnostics,sym,232,0.047205447154719575,0.001526323065504017,0.04567912408921556,0.04873177022022359,10
HNHN,diagnostics,sym,233,0.04713615147268604,0.0015235721905253656,0.04561257928216067,0.048659723663211404,10
HNHN,diagnostics,sym,234,0.04706750856519298,0.0015208380013638943,0.045546670563829085,0.04858834656655687,10
HNHN,diagnostics,sym,235,0.046999508738852266,0.0015181203117435658,0.0454813884271087,0.04851762905059583,10
HNHN,diagnostics,sym,236,0.04693214247270213,0.0015154189387632483,0.045416723533938885,0.048447561411465376,10
HNHN,diagnostics,sym,237,0.04686540041497956,0.0015127337028002282,0.04535266671217933,0.04837813411777979,10
HNHN,diagnostics,sym,238,0.04679927337995184,0.0015100644274169202,0.04528920895253492,0.04830933780736876,10
HNHN,diagnostics,sym,239,0.04673375234480655,0.001507410939270822,0.045226341405535726,0.04824116328407737,10
HNHN,diagnostics,sym,240,0.046668828446598545,0.0015047730680275348,0.04516405537857101,0.04817360151462608,10
HNHN,diagnostics,sym,241,0.04660449297925377,0.001502150646276751,0.045102342332977025,0.04810664362553052,10
HNHN,diagnostics,sym,242,0.04654073739062806,0.001499543509451096,0.045041193881176965,0.04804028090007916,10
HNHN,diagnostics,sym,243,0.04647755327962062,0.0014969514957477719,0.04498060178387285,0.047974504775368396,10
HNHN,diagnostics,sym,244,0.0464149323933411,0.0014943744460528179,0.04492055794728828,0.04790930683939392,10
HNHN,diagnostics,sym,245,0.04635286662432922,0.0014918122038679723,0.04486105442046125,0.04784467882819719,10
HNHN,diagnostics,sym,246,0.046291348007826194,0.0014892646152400446,0.04480208339258615,0.04778061262306624,10
HNHN,diagnostics,sym,247,0.04623036871909707,0.0014867315286926075,0.04474363719040446,0.047717100247789676,10
HNHN,diagnostics,sym,248,0.046169921070802984,0.0014842127951601289,0.04468570827564285,0.047654133865963115,10
HNHN,diagnostics,sym,249,0.04610999751042265,0.0014817082679241583,0.04462828924249849,0.04759170577834681,10
HNHN,diagnostics,sym,250,0.04605059061772198,0.0014792178025518348,0.044571372815170145,0.047529808420273816,10
HNHN,diagnostics,sym,251,0.04599169310227138,0.0014767412568363412,0.04451495184543504,0.04746843435910772,10
HNHN,diagnostics,sym,252,0.04593329780100938,0.0014742784907394411,0.04445901931026994,0.047407576291748826,10
HNHN,diagnostics,sym,253,0.045875397675852296,0.0014718293663359163,0.04440356830951638,0.04734722704218821,10
HNHN,diagnostics,sym,254,0.04581798581134878,0.0014693937477598458,0.04434859206358893,0.047287379559108625,10
HNHN,diagnostics,sym,255,0.045761055412378536,0.0014669715011527012,0.044294083911225836,0.047228026913531236,10
HNHN,diagnostics,sym,256,0.04570459980189458,0.001464562494613163,0.04424003730728141,0.04716916229650774,10
HNHN,diagnostics,op,0,1.0,0.0,1.0,1.0,10
HNHN,diagnostics,op,1,0.6881257798577465,0.006429754123234325,0.6816960257345122,0.6945555339809808,10
HNHN,diagnostics,op,2,0.4834916535317313,0.007925997838180113,0.4755656556935512,0.4914176513699114,10
HNHN,diagnostics,op,3,0.3618394280249463,0.007408971630187973,0.3544304563947583,0.3692483996551343,10
HNHN,diagnostics,op,4,0.28911031134161574,0.006528760499872273,0.28258155084174347,0.295639071841488,10
HNHN,diagnostics,op,5,0.24268309697614282,0.005803290806028723,0.2368798061701141,0.24848638778217155,10
HNHN,diagnostics,op,6,0.21051351507191557,0.005298299946330763,0.2052152151255848,0.21581181501824634,10
HNHN,diagnostics,op,7,0.18657748274358782,0.004959914393151284,0.18161756835043655,0.1915373971367391,10
HNHN,diagnostics,op,8,0.16781516697088059,0.004724681371539538,0.16309048559934106,0.17253984834242012,10
HNHN,diagnostics,op,9,0.15257609960525376,0.004546351062421416,0.14802974854283235,0.15712245066767516,10
HNHN,diagnostics,op,10,0.139894167998532,0.004396700727897621,0.13549746727063436,0.14429086872642963,10
HNHN,diagnostics,op,11,0.12915496591058956,0.004260350528911106,0.12489461538167845,0.13341531643950066,10
HNHN,diagnostics,op,12,0.1199394334704496,0.004129770119102601,0.11580966335134699,0.1240692035895522,10
HNHN,diagnostics,op,13,0.11194634241792205,0.004001800458619543,0.1079445419593025,0.1159481428765416,10
HNHN,diagnostics,op,14,0.10495094623163721,0.0038755328588597235,0.10107541337277749,0.10882647909049693,10
HNHN,diagnostics,op,15,0.09878106156729573,0.003751111625393718,0.095029949941902,0.10253217319268945,10
HNHN,diagnostics,op,16,0.09330215040479592,0.003629096397118921,0.089673054007677,0.09693124680191484,10
HNHN,diagnostics,op,17,0.08840743111154105,0.0035101420506158474,0.0848972890609252,0.0919175731621569,10
HNHN,diagnostics,op,18,0.0840110229572372,0.003394850582719274,0.08061617237451792,0.08740587353995648,10
HNHN,diagnostics,op,19,0.08004304214223144,0.003283712333210222,0.07675932980902123,0.08332675447544166,10
HNHN,diagnostics,op,20,0.07644601560983402,0.0031770914664028937,0.07326892414343113,0.07962310707623692,10
HNHN,diagnostics,op,21,0.07317221547768446,0.003075231918628343,0.07009698355905612,0.0762474473963128,10
HNHN,diagnostics,op,22,0.0701816517993112,0.002978271667802474,0.06720338013150873,0.07315992346711367,10
HNHN,diagnostics,op,23,0.0674405438808237,0.00288625937640628,0.06455428450441741,0.07032680325722998,10
HNHN,diagnostics,op,24,0.06492014379046088,0.0027991706650983585,0.06212097312536252,0.06771931445555923,10
HNHN,diagnostics,op,25,0.06259582171662761,0.0027169228832540217,0.05987889883337359,0.06531274459988164,10
HNHN,diagnostics,op,26,0.06044634780043785,0.0026393880190650233,0.05780695978137283,0.06308573581950287,10
HNHN,diagnostics,op,27,0.05845332269945088,0.0025664037450357836,0.055886918954415096,0.061019726444486666,10
HNHN,diagnostics,op,28,0.05660072174079166,0.002497782739638846,0.05410293900115281,0.059098504480430504,10
HNHN,diagnostics,op,29,0.05487452660727392,0.002433320472683727,0.05244120613459019,0.05730784707995765,10
HNHN,diagnostics,op,30,0.0532624250952101,0.0023728016455160325,0.05088962344969407,0.05563522674072613,10
HNHN,diagnostics,op,31,0.0517535642985276,0.0023160054638630546,0.049437558834664545,0.054069569762390655,10
HNHN,diagnostics,op,32,0.05033834611086727,0.0022627099029477343,0.04807563620791954,0.052601056013815005,10
HNHN,diagnostics,op,33,0.04900825655055674,0.002212695106345793,0.046795561444210945,0.05122095165690253,10
HNHN,diagnostics,op,34,0.047755722356208875,0.0021657460436329576,0.04558997631257592,0.04992146839984183,10
HNHN,diagnostics,op,35,0.04657398975494006,0.0021216545374303677,0.04445233521750969,0.04869564429237042,10
HNHN,diagnostics,op,36,0.04545702140161108,0.002080220757765472,0.04337680064384561,0.04753724215937655,10
HNHN,diagnostics,op,37,0.04439940832047661,0.0020412542703719394,0.04235815405010467,0.04644066259084855,10
HNHN,diagnostics,op,38,0.04339629431858616,0.0020045747153502177,0.04139171960323594,0.04540086903393638,10
HNHN,diagnostics,op,39,0.042443310832947535,0.0019700121832847916,0.040473298649662745,0.044413323016232326,10
HNHN,diagnostics,op,40,0.04153652055716578,0.0019374073473356378,0.039599113209830145,0.043473927904501414,10
HNHN,diagnostics,op,41,0.04067236849465661,0.0019066114019240935,0.038765757092732514,0.0425789798965807,10
HNHN,diagnostics,op,42,0.039847639324261726,0.0018774858513908236,0.0379701534728709,0.04172512517565255,10
HNHN,diagnostics,op,43,0.03905942015474654,0.0018499021854104074,0.03720951796933613,0.04090932234015695,10
HNHN,diagnostics,op,44,0.03830506789812702,0.0018237414720002566,0.03648132642612677,0.04012880937012728,10
HNHN,diagnostics,op,45,0.03758218061623567,0.0017988938936576283,0.035783286722578043,0.0393810745098933,10
HNHN,diagnostics,op,46,0.0368885722965923,0.001775258247480556,0.03511331404911174,0.03866383054407286,10
HNHN,diagnostics,op,47,0.03622225059722088,0.0017527414260537022,0.03446950917116718,0.03797499202327458,10
HNHN,diagnostics,op,48,0.035581397169183356,0.0017312578923725079,0.033850139276810846,0.037312655061555865,10
HNHN,diagnostics,op,49,0.03496435022310051,0.0017107291590968783,0.03325362106400363,0.036675079382197384,10
HNHN,diagnostics,op,50,0.03436958905400156,0.0016910832799213497,0.032678505774080206,0.03606067233392291,10
HNHN,diagnostics,op,51,0.03379572027921791,0.0016722543587720318,0.032123465920445876,0.03546797463798994,10
HNHN,diagnostics,op,52,0.03324146557809122,0.0016541820808404465,0.03158728349725077,0.03489564765893167,10
HNHN,diagnostics,op,53,0.032705650751098755,0.001636811268091541,0.031068839483007215,0.0343424620191903,10
HNHN,diagnostics,op,54,0.03218719594049775,0.0016200914607906016,0.03056710447970715,0.033807287401288355,10
HNHN,diagnostics,op,55,0.03168510687547246,0.0016039765257384677,0.030081130349733996,0.03328908340121093,10
HNHN,diagnostics,op,56,0.031198467022619865,0.0015884242912471104,0.029610042731372754,0.03278689131386697,10
HNHN,diagnostics,op,57,0.03072643053791328,0.0015733962083943228,0.029153034329518955,0.0322998267463076,10
HNHN,diagnostics,op,58,0.0302682159294347,0.0015588570377358297,0.028709358891698872,0.03182707296717053,10
HNHN,diagnostics,op,59,0.029823100351496278,0.0015447745604008105,0.028278325791095467,0.03136787491189709,10
HNHN,diagnostics,op,60,0.029390414460552773,0.0015311193123297676,0.027859295148223006,0.03092153377288254,10
HNHN,diagnostics,op,61,0.028969537771770228,0.0015178643403137362,0.02745167343145649,0.030487402112083964,10
HNHN,diagnostics,op,62,0.028559894462453217,0.0015049849784458996,0.02705490948400732,0.030064879440899115,10
HNHN,diagnostics,op,63,0.028160949574907092,0.001492458643588,0.02666849093131909,0.029653408218495093,10
HNHN,diagnostics,op,64,0.027772205576858732,0.0014802646484745054,0.026291940928384227,0.029252470225333237,10
HNHN,diagnostics,op,65,0.02739319924239649,0.0014683840311190202,0.025924815211277468,0.02886158327351551,10
HNHN,diagnostics,op,66,0.02702349882061465,0.001456799399243702,0.025566699421370947,0.02848029821985835,10
HNHN,diagnostics,op,67,0.02666270146284489,0.0014454947885183254,0.025217206674326566,0.028108196251363217,10
HNHN,diagnostics,op,68,0.02631043088259775,0.0014344555334667027,0.02487597534913105,0.027744886416064454,10
HNHN,diagnostics,op,69,0.025966335225182137,0.0014236681499726924,0.024542667075209443,0.02739000337515483,10
HNHN,diagnostics,op,70,0.025630085126473284,0.0014131202283921213,0.024216964898081162,0.027043205354865405,10
HNHN,diagnostics,op,71,0.02530137194250387,0.0014028003363505282,0.023898571606153343,0.026704172278854396,10
HNHN,diagnostics,op,72,0.02497990613349734,0.0013926979303774034,0.02358720820311994,0.026372604063874743,10
HNHN,diagnostics,op,73,0.02466541578768183,0.0013828032755955305,0.023282612512086298,0.02604821906327736,10
HNHN,diagnostics,op,74,0.024357645271743215,0.0013731073727480437,0.022984537898995173,0.025730752644491258,10
HNHN,diagnostics,op,75,0.024056353996124713,0.0013636018919062124,0.022692752104218502,0.025419955888030924,10
HNHN,diagnostics,op,76,0.023761315284576964,0.0013542791122569246,0.02240703617232004,0.02511559439683389,10
HNHN,diagnostics,op,77,0.02347231533842641,0.0013451318674211584,0.02212718347100525,0.024817447205847568,10
HNHN,diagnostics,op,78,0.02318915228697709,0.0013361534958026878,0.021852998791174402,0.024525305782779776,10
HNHN,diagnostics,op,79,0.02291163531630528,0.0013273377955107062,0.021584297520794573,0.024238973111815987,10
HNHN,diagnostics,op,80,0.022639583869460106,0.0013186789834406698,0.021320904886019437,0.023958262852900775,10
HNHN,diagnostics,op,81,0.022372826911756995,0.0013101716581349198,0.021062655253622074,0.023682998569891915,10
HNHN,diagnostics,op,82,0.022111202255453915,0.0013018107660787343,0.02080939148937518,0.02341301302153265,10
HNHN,diagnostics,op,83,0.021854555938640528,0.001293591571118417,0.02056096436752211,0.023148147509758944,10
HNHN,diagnostics,op,84,0.021602741653655336,0.0012855096267165322,0.020317232026938803,0.02288825128037187,10
HNHN,diagnostics,op,85,0.021355620220781156,0.0012775607507849625,0.020078059469996194,0.02263318097156612,10
HNHN,diagnostics,op,86,0.021113059103361125,0.0012697410028601067,0.01984331810050102,0.02238280010622123,10
HNHN,diagnostics,op,87,0.020874931960829658,0.0012620466634057825,0.019612885297423877,0.02213697862423544,10
HNHN,diagnostics,op,88,0.020641118236470756,0.0012544742150488394,0.019386644021421918,0.021895592451519594,10
HNHN,diagnostics,op,89,0.020411502777002592,0.0012470203255700704,0.019164482451432523,0.02165852310257266,10
HNHN,diagnostics,op,90,0.020185975481346048,0.001239681832489085,0.018946293648856964,0.021425657313835132,10
HNHN,diagnostics,op,91,0.019964430976169047,0.0012324557290963887,0.01873197524707266,0.021196886705265434,10
HNHN,diagnostics,op,92,0.019746768316010178,0.001225339151799016,0.01852142916421116,0.020972107467809194,10
HNHN,diagnostics,op,93,0.019532890705976667,0.0012183293686583263,0.01831456133731834,0.020751220074634993,10
HNHN,diagnostics,op,94,0.019322705245185777,0.001211423769009293,0.018111281476176484,0.02053412901419507,10
HNHN,diagnostics,op,95,0.01911612268927624,0.0012046198540607107,0.017911502835215528,0.02032074254333695,10
HNHN,diagnostics,op,96,0.018913057230459464,0.0011979152283847281,0.017715142002074736,0.020110972458844193,10
HNHN,diagnostics,op,97,0.018713426293710377,0.0011913075922124184,0.01752211870149796,0.019904733885922794,10
HNHN,diagnostics,op,98,0.018517150347816022,0.0011847947344595182,0.017332355613356505,0.01970194508227554,10
HNHN,diagnostics,op,99,0.01832415273010762,0.0011783745264133969,0.01714577820369422,0.01950252725652102,10
HNHN,diagnostics,op,100,0.018134359483799954,0.0011720449160184316,0.016962314567781522,0.019306404399818386,10
HNHN,diagnostics,op,101,0.017947699206951093,0.0011658039227027699,0.016781895284248324,0.01911350312965386,10
HNHN,diagnostics,op,102,0.01776410291213714,0.0011596496326944637,0.016604453279442676,0.018923752544831605,10
HNHN,diagnostics,op,103,0.01758350389601083,0.0011535801947798623,0.016429923701230965,0.018737084090790692,10
HNHN,diagnostics,op,104,0.017405837617980875,0.0011475938164612622,0.016258243801519613,0.018553431434442137,10
HNHN,diagnostics,op,105,0.017231041587310886,0.0011416887604748939,0.016089352826835993,0.01837273034778578,10
HNHN,diagnostics,op,106,0.01705905525799337,0.0011358633416337764,0.015923191916359592,0.018194918599627147,10
HNHN,diagnostics,op,107,0.016889819930806297,0.0011301159239633166,0.01575970400684298,0.018019935854769614,10
HNHN,diagnostics,op,108,0.016723278662007103,0.0011244449181004744,0.015598833743906628,0.017847723580107576,10
HNHN,diagnostics,op,109,0.01655937617816253,0.0011188487789300324,0.015440527399232499,0.017678224957092564,10
HNHN,diagnostics,op,110,0.01639805879665249,0.0011133260034339647,0.015284732793218526,0.017511384800086457,10
HNHN,diagnostics,op,111,0.016239274351422785,0.0011078751287322466,0.015131399222690538,0.017347149480155033,10
HNHN,diagnostics,op,112,0.01608297212359482,0.0011024947302953605,0.014980477393299458,0.01718546685389018,10
HNHN,diagnostics,op,113,0.01592910277657134,0.0010971834203108157,0.014831919356260524,0.017026286196882155,10
HNHN,diagnostics,op,114,0.015777618295305388,0.0010919398461875355,0.014685678449117853,0.016869558141492925,10
HNHN,diagnostics,op,115,0.015628471929425538,0.0010867626891836787,0.01454170924024186,0.016715234618609215,10
HNHN,diagnostics,op,116,0.015481618139934369,0.001081650663144777,0.014399967476789592,0.016563268803079144,10
HNHN,diagnostics,op,117,0.015337012549218931,0.001076602513340427,0.014260410035878504,0.01641361506255936,10
HNHN,diagnostics,op,118,0.015194611894132164,0.0010716170153889431,0.01412299487874322,0.01626622890952111,10
HNHN,diagnostics,op,119,0.01505437398192271,0.0010666929742604466,0.013987681007662263,0.016121066956183157,10
HNHN,diagnostics,op,120,0.014916257648807515,0.0010618292233498291,0.013854428425457687,0.015978086872157345,10
HNHN,diagnostics,op,121,0.014780222720997493,0.001057024623611948,0.013723198097385545,0.01583724734460944,10
HNHN,diagnostics,op,122,0.014646229978000792,0.0010522780627521926,0.013593951915248599,0.015698508040752984,10
HNHN,diagnostics,op,123,0.01451424111804155,0.0010475884544662954,0.013466652663575255,0.015561829572507844,10
HNHN,diagnostics,op,124,0.01438421872544439,0.0010429547377239197,0.01334126398772047,0.015427173463168308,10
HNHN,diagnostics,op,125,0.014256126239846045,0.0010383758760911766,0.013217750363754869,0.015294502115937221,10
HNHN,diagnostics,op,126,0.014129927927106082,0.0010338508570877291,0.013096077070018353,0.01516377878419381,10
HNHN,diagnostics,op,127,0.014005588851798156,0.0010293786915746709,0.012976210160223486,0.015034967543372826,10
HNHN,diagnostics,op,128,0.013883074851172295,0.0010249584131697704,0.012858116438002524,0.014908033264342065,10
HNHN,diagnostics,op,129,0.01376235251048662,0.0010205890776870993,0.012741763432799522,0.014782941588173719,10
HNHN,diagnostics,op,130,0.01364338913961478,0.0010162697625984152,0.012627119377016365,0.014659658902213196,10
HNHN,diagnostics,op,131,0.013526152750842077,0.001011999566513957,0.01251415318432812,0.014538152317356034,10
HNHN,diagnostics,op,132,0.013410612037769882,0.0010077776086806804,0.012402834429089201,0.014418389646450562,10
HNHN,diagnostics,op,133,0.013296736355253797,0.001003603028496095,0.012293133326757702,0.014300339383749892,10
HNHN,diagnostics,op,134,0.013184495700306576,0.000999474985036238,0.012185020715270337,0.014183970685342814,10
HNHN,diagnostics,op,135,0.013073860693901831,0.0009953926565963993,0.012078468037305432,0.014069253350498231,10
HNHN,diagnostics,op,136,0.012964802563619315,0.0009913552402434872,0.011973447323375828,0.013956157803862803,10
HNHN,diagnostics,op,137,0.012857293127076869,0.0009873619513790144,0.011869931175697854,0.013844655078455883,10
HNHN,diagnostics,op,138,0.012751304776098125,0.0009834120233119018,0.011767892752786223,0.013734716799410027,10
HNHN,diagnostics,op,139,0.012646810461568833,0.000979504706840336,0.011667305754728498,0.013626315168409169,10
HNHN,diagnostics,op,140,0.012543783678938025,0.0009756392698421279,0.011568144409095897,0.013519422948780153,10
HNHN,diagnostics,op,141,0.012442198454323448,0.0009718149968730214,0.011470383457450427,0.01341401345119647,10
HNHN,diagnostics,op,142,0.01234202933118366,0.0009680311887725581,0.011373998142411102,0.013310060519956217,10
HNHN,diagnostics,op,143,0.012243251357521844,0.0009642871622771353,0.011278964195244708,0.01320753851979898,10
HNHN,diagnostics,op,144,0.012145840073588956,0.0009605822496399805,0.011185257823948976,0.013106422323228936,10
HNHN,diagnostics,op,145,0.012049771500056101,0.000956915798257813,0.011092855701798288,0.013006687298313915,10
HNHN,diagnostics,op,146,0.011955022126628256,0.0009532871703040169,0.01100173495632424,0.012908309296932272,10
HNHN,diagnostics,op,147,0.011861568901073366,0.0009496957423681597,0.010911873158705206,0.012811264643441527,10
HNHN,diagnostics,op,148,0.011769389218642772,0.0009461409051017836,0.010823248313540989,0.012715530123744555,10
HNHN,diagnostics,op,149,0.011678460911860563,0.0009426220628703549,0.010735838848990207,0.012621082974730918,10
HNHN,diagnostics,op,150,0.011588762240661042,0.0009391386334113522,0.01064962360724969,0.012527900874072394,10
HNHN,diagnostics,op,151,0.011500271882855077,0.0009356900474983953,0.010564581835356681,0.012435961930353472,10
HNHN,diagnostics,op,152,0.011412968924907185,0.0009322757486114691,0.010480693176295715,0.012345244673518654,10
HNHN,diagnostics,op,153,0.01132683285300683,0.0009288951926131474,0.010397937660393684,0.012255728045619977,10
HNHN,diagnostics,op,154,0.011241843544418218,0.0009255478474308869,0.010316295696987332,0.012167391391849105,10
HNHN,diagnostics,op,155,0.011157981259094209,0.0009222331927453186,0.010235748066348891,0.012080214451839526,10
HNHN,diagnostics,op,156,0.011075226631540834,0.0009189507196846043,0.01015627591185623,0.011994177351225438,10
HNHN,diagnostics,op,157,0.010993560662919854,0.0009156999305248323,0.010077860732395022,0.011909260593444685,10
HNHN,diagnostics,op,158,0.010912964713377686,0.0009124803383964544,0.01000048437498123,0.011825445051774141,10
HNHN,diagnostics,op,159,0.010833420494589751,0.0009092914669967772,0.009924129027592973,0.011742711961586529,10
HNHN,diagnostics,op,160,0.010754910062510106,0.0009061328503085158,0.009848777212201591,0.011661042912818621,10
HNHN,diagnostics,op,161,0.010677415810316882,0.0009030040323244074,0.009774411777992474,0.01158041984264129,10
HNHN,diagnostics,op,162,0.010600920461544604,0.0008999045667778505,0.009701015894766754,0.011500825028322455,10
HNHN,diagnostics,op,163,0.010525407063395194,0.0008968340168796212,0.009628573046515572,0.011422241080274816,10
HNHN,diagnostics,op,164,0.010450858980219852,0.000893791955060566,0.009557067025159285,0.011344650935280419,10
HNHN,diagnostics,op,165,0.010377259887164661,0.0008907779627203473,0.009486481924444314,0.011268037849885008,10
HNHN,diagnostics,op,166,0.010304593763973057,0.0008877916299821335,0.009416802133990924,0.01119238539395519,10
HNHN,diagnostics,op,167,0.010232844888938915,0.0008848325554532471,0.009348012333485669,0.011117677444392161,10
HNHN,diagnostics,op,168,0.010161997833004244,0.0008819003459917273,0.009280097487012516,0.011043898178995972,10
HNHN,diagnostics,op,169,0.01009203745399598,0.0008789946164787506,0.009213042837517229,0.01097103207047473,10
HNHN,diagnostics,op,170,0.010022948890996598,0.0008761149895968799,0.009146833901399719,0.010899063880593477,10
HNHN,diagnostics,op,171,0.009954717558843699,0.0008732610956140647,0.009081456463229633,0.010827978654457764,10
HNHN,diagnostics,op,172,0.009887329142753911,0.0008704325721733619,0.00901689657058055,0.010757761714927273,10
HNHN,diagnostics,op,173,0.009820769593066783,0.0008676290640882939,0.00895314052897849,0.010688398657155077,10
HNHN,diagnostics,op,174,0.009755025120104606,0.0008648502231437722,0.008890174896960833,0.010619875343248378,10
HNHN,diagnostics,op,175,0.009690082189144295,0.0008620957079025413,0.008827986481241754,0.010552177897046836,10
HNHN,diagnostics,op,176,0.009625927515497703,0.000859365183517025,0.008766562331980678,0.010485292699014728,10
HNHN,diagnostics,op,177,0.009562548059696958,0.0008566583215465257,0.008705889738150433,0.010419206381243483,10
HNHN,diagnostics,op,178,0.009499931022781544,0.0008539747997796862,0.008645956223001858,0.01035390582256123,10
HNHN,diagnostics,op,179,0.009438063841684139,0.0008513143020621146,0.008586749539622025,0.010289378143746253,10
HNHN,diagnostics,op,180,0.00937693418471221,0.0008486765181290894,0.008528257666583121,0.0102256107028413,10
HNHN,diagnostics,op,181,0.009316529947122697,0.0008460611434432536,0.008470468803679443,0.010162591090565951,10
HNHN,diagnostics,op,182,0.009256839246787125,0.0008434678790371985,0.008413371367749927,0.010100307125824323,10
HNHN,diagnostics,op,183,0.009197850419944694,0.0008408964313608425,0.008356953988583852,0.010038746851305536,10
HNHN,diagnostics,op,184,0.00913955201704095,0.0008383465121334948,0.008301205504907455,0.009977898529174446,10
HNHN,diagnostics,op,185,0.009081932798649845,0.0008358178382005233,0.008246114960449321,0.009917750636850369,10
HNHN,diagnostics,op,186,0.009024981731476969,0.0008333101313944978,0.008191671600082471,0.009858291862871467,10
HNHN,diagnostics,op,187,0.008968687984441986,0.0008308231184007373,0.008137864866041249,0.009799511102842723,10
HNHN,diagnostics,op,188,0.00891304092483826,0.0008283565306271239,0.008084684394211136,0.009741397455465385,10
HNHN,diagnostics,op,189,0.008858030114567816,0.0008259101040781096,0.008032120010489707,0.009683940218645926,10
HNHN,diagnostics,op,190,0.008803645306449866,0.0008234835792327823,0.007980161727217085,0.009627128885682647,10
HNHN,diagnostics,op,191,0.00874987644060116,0.0008210767009269129,0.007928799739674247,0.009570953141528072,10
HNHN,diagnostics,op,192,0.008696713640886495,0.0008186892182388659,0.00787802442264763,0.00951540285912536,10
HNHN,diagnostics,op,193,0.00864414721143786,0.0008163208843792679,0.007827826327058592,0.009460468095817128,10
HNHN,diagnostics,op,194,0.008592167633240584,0.0008139714565843331,0.0077781961766562515,0.009406139089824917,10
HNHN,diagnostics,op,195,0.008540765560785151,0.0008116406960127507,0.007729124864772401,0.009352406256797903,10
HNHN,diagnostics,op,196,0.008489931818783145,0.0008093283676460217,0.007680603451137123,0.009299260186429166,10
HNHN,diagnostics,op,197,0.008439657398946003,0.0008070342401921411,0.0076326231587538615,0.009246691639138143,10
HNHN,diagnostics,op,198,0.008389933456825302,0.0008047580859925518,0.00758517537083275,0.009194691542817855,10
HNHN,diagnostics,op,199,0.00834075130871319,0.0008024996809322299,0.007538251627780961,0.009143250989645422,10
HNHN,diagnostics,op,200,0.008292102428601837,0.0008002588043528479,0.007491843624248989,0.009092361232954685,10
HNHN,diagnostics,op,201,0.008243978445200622,0.0007980352389688871,0.007445943206231735,0.009042013684169509,10
HNHN,diagnostics,op,202,0.008196371139009931,0.000795828770786622,0.007400542368223309,0.008992199909796553,10
HNHN,diagnostics,op,203,0.008149272439450458,0.0007936391890258833,0.007355633250424575,0.008942911628476342,10
HNHN,diagnostics,op,204,0.008102674422046818,0.0007914662860444995,0.007311208136002318,0.008894140708091318,10
HNHN,diagnostics,op,205,0.008056569305664524,0.0007893098572653403,0.007267259448399184,0.008845879162929865,10
HNHN,diagnostics,op,206,0.008010949449799212,0.0007871697011058649,0.0072237797486933465,0.008798119150905077,10
HNHN,diagnostics,op,207,0.007965807351917098,0.000785045618910096,0.007180761733007002,0.008750852970827195,10
HNHN,diagnostics,op,208,0.007921135644845746,0.0007829374148829365,0.007138198229962809,0.008704073059728682,10
HNHN,diagnostics,op,209,0.0078769270942141,0.0007808448960267318,0.0070960821981873685,0.008657771990240832,10
HNHN,diagnostics,op,210,0.007833174595940916,0.0007787678720800366,0.00705440672386088,0.008611942468020953,10
HNHN,diagnostics,op,211,0.007789871173770628,0.0007767061554584557,0.007013165018312173,0.008566577329229084,10
HNHN,diagnostics,op,212,0.007747009976855766,0.000774659561197528,0.006972350415658238,0.008521669538053294,10
HNHN,diagnostics,op,213,0.007704584277385079,0.0007726279068975577,0.006931956370487521,0.008477212184282637,10
HNHN,diagnostics,op,214,0.007662587468256451,0.0007706110126703283,0.006891976455586123,0.008433198480926779,10
HNHN,diagnostics,op,215,0.007621013060793836,0.0007686087010876244,0.006852404359706212,0.00838962176188146,10
HNHN,diagnostics,op,216,0.007579854682507341,0.0007666207971315005,0.0068132338853758405,0.008346475479638842,10
HNHN,diagnostics,op,217,0.007539106074895695,0.0007646471281462254,0.006774458946749469,0.00830375320304192,10
HNHN,diagnostics,op,218,0.007498761091290279,0.0007626875237918415,0.0067360735674984375,0.00826144861508212,10
HNHN,diagnostics,op,219,0.007458813694739992,0.0007607418159992746,0.006698071878740717,0.008219555510739267,10
HNHN,diagnostics,op,220,0.007419257955936162,0.0007588098389269425,0.006660448117009219,0.008178067794863105,10
HNHN,diagnostics,op,221,0.007380088051176775,0.0007568914289187867,0.006623196622257989,0.008136979480095561,10
HNHN,diagnostics,op,222,0.007341298260369318,0.000754986424463694,0.0065863118359056234,0.008096284684833012,10
HNHN,diagnostics,op,223,0.007302882965071476,0.0007530946661562328,0.006549788298915243,0.008055977631227708,10
HNHN,diagnostics,op,224,0.007264836646569036,0.0007512159966586646,0.0065136206499103715,0.008016052643227701,10
HNHN,diagnostics,op,225,0.007227153883990296,0.0007493502606641758,0.006477803623326121,0.007976504144654471,10
HNHN,diagnostics,op,226,0.007189829352456281,0.0007474973048612807,0.006442332047595,0.007937326657317561,10
HNHN,diagnostics,op,227,0.007152857821266153,0.0007456569778993471,0.006407200843366805,0.0078985147991655,10
HNHN,diagnostics,op,228,0.007116234152117121,0.0007438291303552048,0.006372405021761916,0.007860063282472326,10
HNHN,diagnostics,op,229,0.007079953297358275,0.0007420136147007782,0.006337939682657497,0.007821966912059053,10
HNHN,diagnostics,op,230,0.007044010298277628,0.0007402102852717266,0.006303800013005902,0.007784220583549354,10
HNHN,diagnostics,op,231,0.00700840028342186,0.0007384189982370188,0.006269981285184842,0.007746819281658879,10
HNHN,diagnostics,op,232,0.006973118466948071,0.0007366396115694315,0.00623647885537864,0.007709758078517502,10
HNHN,diagnostics,op,233,0.006938160147007018,0.0007348719850169191,0.006203288161990099,0.0076730321320239376,10
HNHN,diagnostics,op,234,0.0069035207041571985,0.0007331159800748134,0.006170404724082385,0.007636636684232012,10
HNHN,diagnostics,op,235,0.006869195599809271,0.0007313714599588361,0.006137824139850434,0.007600567059768107,10
HNHN,diagnostics,op,236,0.006835180374700174,0.0007296382895788764,0.006105542085121297,0.007564818664279051,10
HNHN,diagnostics,op,237,0.0068014706473964875,0.0007279163355134997,0.006073554311882988,0.007529386982909987,10
HNHN,diagnostics,op,238,0.006768062112826395,0.0007262054659851699,0.006041856646841225,0.007494267578811565,10
HNHN,diagnostics,op,239,0.006734950540839798,0.0007245055508361423,0.006010444990003656,0.007459456091675941,10
HNHN,diagnostics,op,240,0.0067021317747960165,0.0007228164615050076,0.005979315313291008,0.0074249482363010245,10
HNHN,diagnostics,op,241,0.006669601730178545,0.0007211380710038499,0.005948463659174695,0.007390739801182395,10
HNHN,diagnostics,op,242,0.006637356393236432,0.0007194702538960026,0.005917886139340429,0.007356826647132435,10
HNHN,diagnostics,op,243,0.006605391819651696,0.000717812886274373,0.0058875789333773226,0.007323204705926069,10
HNHN,diagnostics,op,244,0.006573704133232361,0.0007161658457403065,0.005857538287492054,0.007289869978972667,10
HNHN,diagnostics,op,245,0.0065422895246305904,0.0007145290113829783,0.005827760513247612,0.0072568185360135685,10
HNHN,diagnostics,op,246,0.006511144250085467,0.0007129022637592814,0.005798241986326186,0.0072240465138447485,10
HNHN,diagnostics,op,247,0.0064802646301899604,0.0007112854848741891,0.005768979145315771,0.00719155011506415,10
HNHN,diagnostics,op,248,0.006449647048681619,0.0007096785581615823,0.005739968490520037,0.007159325606843201,10
HNHN,diagnostics,op,249,0.006419287951256526,0.0007080813684655101,0.005711206582791016,0.007127369319722036,10
HNHN,diagnostics,op,250,0.006389183844406117,0.0007064938020218745,0.005682690042384243,0.007095677646427991,10
HNHN,diagnostics,op,251,0.006359331294276398,0.0007049157464405121,0.0056544155478358855,0.00706424704071691,10
HNHN,diagnostics,op,252,0.006329726925549149,0.0007033470906876706,0.0056263798348614785,0.00703307401623682,10
HNHN,diagnostics,op,253,0.0063003674203447,0.0007017877250688452,0.005598579695275855,0.007002155145413545,10
HNHN,diagnostics,op,254,0.00627124951714587,0.0007002375412119779,0.005571011975933892,0.006971487058357848,10
HNHN,diagnostics,op,255,0.006242370009742661,0.0006986964320509916,0.0055436735776916695,0.006941066441793653,10
HNHN,diagnostics,op,256,0.006213725746197331,0.0006971642918096523,0.005516561454387679,0.006910890038006983,10
HNHN,restart,base,0,1.0,0.0,1.0,1.0,10
HNHN,restart,base,1,0.46918051950932005,0.0028305363664870645,0.466349983142833,0.4720110558758071,10
HNHN,restart,base,2,0.2552656961924126,0.003056392051125321,0.2522093041412872,0.2583220882435379,10
HNHN,restart,base,3,0.15979002944836307,0.002830089822515732,0.15695993962584734,0.1626201192708788,10
HNHN,restart,base,4,0.11163179358996751,0.002584359914105046,0.10904743367586246,0.11421615350407256,10
HNHN,restart,base,5,0.08412120479976544,0.0023669146588672285,0.08175429014089822,0.08648811945863266,10
HNHN,restart,base,6,0.06662648647243105,0.0021689704572437182,0.06445751601518733,0.06879545692967477,10
HNHN,restart,base,7,0.05455978587164347,0.0019839662731722493,0.05257581959847122,0.056543752144815725,10
HNHN,restart,base,8,0.04574531206267262,0.0018104506344448791,0.043934861428227744,0.0475557626971175,10
HNHN,restart,base,9,0.03904264050035472,0.0016489417622420973,0.03739369873811262,0.040691582262596816,10
HNHN,restart,base,10,0.0337956705167099,0.0015001330033352655,0.032295537513374634,0.03529580352004516,10
HNHN,restart,base,11,0.029596553081958833,0.0013642953766942912,0.02823225770526454,0.030960848458653125,10
HNHN,restart,base,12,0.026176197957289767,0.0012412145909993933,0.024934983366290374,0.02741741254828916,10
HNHN,restart,base,13,0.023349012890299125,0.0011303029979540112,0.022218709892345114,0.024479315888253136,10
HNHN,restart,base,14,0.02098266398519229,0.001030738632352029,0.019951925352840263,0.02201340261754432,10
HNHN,restart,base,15,0.01898032516902765,0.0009415817156278262,0.018038743453399824,0.019921906884655474,10
HNHN,restart,base,16,0.017269653032761453,0.0008618584183864652,0.016407794614374988,0.018131511451147917,10
HNHN,restart,base,17,0.015795633390360837,0.0007906154287157748,0.015005017961645063,0.016586248819076613,10
HNHN,restart,base,18,0.01451578195812645,0.0007269523179043512,0.013788829640222098,0.015242734276030801,10
HNHN,restart,base,19,0.01339683904345167,0.000670038394124256,0.012726800649327415,0.014066877437575925,10
HNHN,restart,base,20,0.012412444315649637,0.000619119353456975,0.011793324962192661,0.013031563669106612,10
HNHN,restart,base,21,0.011541471425493147,0.0005735175835215114,0.010967953841971636,0.012114989009014658,10
HNHN,restart,base,22,0.01076681629624911,0.0005326287698781292,0.010234187526370982,0.011299445066127239,10
HNHN,restart,base,23,0.01007450288605498,0.0004959165532619547,0.009578586332793026,0.010570419439316935,10
HNHN,restart,base,24,0.009453014564677491,0.0004629063478886322,0.00899010821678886,0.009915920912566123,10
HNHN,restart,base,25,0.00889278807220419,0.00043317899707065715,0.008459609075133531,0.009325967069274847,10
HNHN,restart,base,26,0.008385826151961146,0.00040636465578086796,0.007979461496180278,0.008792190807742014,10
HNHN,restart,base,27,0.00792539785669986,0.00038213710566896084,0.0075432607510308985,0.00830753496236882,10
HNHN,restart,base,28,0.007505804365974362,0.00036020859318838794,0.007145595772785974,0.00786601295916275,10
HNHN,restart,base,29,0.00712219428521306,0.00034032521245324525,0.006781869072759815,0.007462519497666305,10
HNHN,restart,base,30,0.00677041670312393,0.0003222628150830359,0.006448153888040894,0.007092679518206966,10
HNHN,restart,base,31,0.006446903341850952,0.0003058234087401026,0.00614107993311085,0.006752726750591055,10
HNHN,restart,base,32,0.0061485733289541305,0.00029083199711869606,0.005857741331835435,0.006439405326072826,10
HNHN,restart,base,33,0.005872755711715397,0.0002771338121056057,0.0055956218996097914,0.006149889523821003,10
HNHN,restart,base,34,0.005617125999789262,0.00026459189068019117,0.0053525341091090715,0.005881717890469453,10
HNHN,restart,base,35,0.005379653884041897,0.00025308495295400465,0.005126568931087892,0.005632738836995901,10
HNHN,restart,base,36,0.005158559922630921,0.0002425055424000136,0.004916054380230908,0.005401065465030935,10
HNHN,restart,base,37,0.004952279469746534,0.00023275839410062877,0.004719521075645905,0.005185037863847162,10
HNHN,restart,base,38,0.00475943249034585,0.0002237590013721082,0.004535673488973741,0.0049831914917179585,10
HNHN,restart,base,39,0.004578798185986108,0.00021543235521412167,0.004363365830771986,0.00479423054120023,10
HNHN,restart,base,40,0.004409293574376164,0.00020771183461978996,0.004201581739756374,0.004617005408995954,10
HNHN,restart,base,41,0.004249955334441611,0.0002005382288648523,0.004049417105576759,0.004450493563306464,10
HNHN,restart,base,42,0.004099924361220981,0.00019385887551362675,0.003906065485707354,0.004293783236734607,10
HNHN,restart,base,43,0.0039584325794233795,0.00018762690008967067,0.003770805679333709,0.0041460594795130505,10
HNHN,restart,base,44,0.0038247916474286004,0.00018180054522059917,0.003642991102208001,0.004006592192649199,10
HNHN,restart,base,45,0.003698383249744159,0.00017634257863698055,0.0035220406711071782,0.0038747258283811396,10
HNHN,restart,base,46,0.0035786507291187554,0.00017121977073577098,0.0034074309583829844,0.0037498704998545265,10
HNHN,restart,base,47,0.0034650918524465994,0.00016640243355316362,0.0032986894188934356,0.0036314942859997632,10
HNHN,restart,base,48,0.0033572525394308843,0.00016186401396595267,0.0031953885254649315,0.003519116553396837,10
HNHN,restart,base,49,0.003254721411369383,0.00015758073478354032,0.0030971406765858424,0.0034123021461529234,10
HNHN,restart,base,50,0.003157125040673525,0.00015353127812748314,0.003003593762546042,0.003310656318801008,10
HNHN,restart,base,51,0.003064123800846879,0.00014969650613995015,0.002914427294706929,0.0032138203069868292,10
HNHN,restart,base,52,0.0029754082324268205,0.00014605921463068636,0.002829349017796134,0.003121467447057507,10
HNHN,restart,base,53,0.002890695853465496,0.00014260391577507498,0.0027480919376904212,0.003033299769240571,10
HNHN,restart,base,54,0.002809728353995343,0.00013931664642234564,0.0026704117075729973,0.002949045000417689,10
HNHN,restart,base,55,0.0027322691229921896,0.00013618479896994462,0.002596084324022245,0.002868453921962134,10
HNHN,restart,base,56,0.002658101063938282,0.00013319697211324358,0.0025249040918250386,0.0027912980360515257,10
HNHN,restart,base,57,0.0025870246614588806,0.00013034283909403845,0.002456681822364842,0.002717367500552919,10
HNHN,restart,base,58,0.0025188562668707498,0.00012761303135071122,0.0023912432355200387,0.002646469298221461,10
HNHN,restart,base,59,0.0024534265750105486,0.00012499903572118958,0.002328427539289359,0.0025784256107317383,10
HNHN,restart,base,60,0.0023905792685463153,0.00012249310357011756,0.0022680861649761975,0.002513072372116433,10
HNHN,restart,base,61,0.0023301698092308234,0.00012008817040683114,0.0022100816388239924,0.0024502579796376544,10
HNHN,restart,base,62,0.002272064358326207,0.00011777778473343072,0.002154286573592776,0.002389842143059638,10
HNHN,restart,base,63,0.0022161388107929075,0.00011555604501483038,0.002100582765778077,0.002331694855807738,10
HNHN,restart,base,64,0.0021622779298572235,0.00011341754379728501,0.0020488603860599384,0.0022756954736545087,10
HNHN,restart,base,65,0.0021103745703041745,0.00011135731812051479,0.00199901725218366,0.002221731888424689,10
HNHN,restart,base,66,0.0020603289803305305,0.0001093708054729423,0.001950958174857588,0.002169699785803473,10
HNHN,restart,base,67,0.002012048173074005,0.00010745380463133282,0.0019045943684426721,0.002119501977705338,10
HNHN,restart,base,68,0.0019654453600398037,0.00010560244080673311,0.0018598429192330705,0.0020710478008465366,10
HNHN,restart,base,69,0.0019204394396011386,0.00010381313458933054,0.0018166263050118081,0.0020242525741904693,10
HNHN,restart,base,70,0.0018769545345778686,0.00010208257424690138,0.0017748719603309672,0.00197903710882477,10
HNHN,restart,base,71,0.0018349195736156228,0.00010040769098586873,0.0017345118826297542,0.0019353272646014915,10
HNHN,restart,base,72,0.001794267911712235,9.878563683163972e-05,0.0016954822748805952,0.0018930535485438748,10
HNHN,restart,base,73,0.0017549369857822901,9.721376482660548e-05,0.0016577232209556846,0.0018521507506088957,10
HNHN,restart,base,74,0.0017168680016252768,9.568961128072454e-05,0.0016211783903445523,0.0018125576129060014,10
HNHN,restart,base,75,0.0016800056490778002,9.421087984160325e-05,0.001585794769236197,0.0017742165289194034,10
HNHN,restart,base,76,0.0016442978424936762,9.277542717899815e-05,0.001551522415314678,0.0017370732696726744,10
HNHN,restart,base,77,0.0016096954840144197,9.138125010320816e-05,0.0015183142339112116,0.0017010767341176277,10
HNHN,restart,base,78,0.0015761522473726158,9.002647395830581e-05,0.00148612577341431,0.0016661787213309216,10
HNHN,restart,base,79,0.0015436243802170087,8.870934214999857e-05,0.00145491503806701,0.0016323337223670073,10
HNHN,restart,base,80,0.0015120705231652075,8.742820668441376e-05,0.0014246423164807937,0.0015994987298496213,10
HNHN,restart,base,81,0.0014814515439814902,8.61815196085804e-05,0.0013952700243729098,0.0015676330635900706,10
HNHN,restart,base,82,0.0014517303854464803,8.496782525608024e-05,0.0013667625601904,0.0015366982107025606,10
HNHN,restart,base,83,0.0014228719256353134,8.378575321249339e-05,0.0013390861724228201,0.0015066576788478067,10
HNHN,restart,base,84,0.0013948428494536937,8.26340119250589e-05,0.0013122088375286348,0.0014774768613787525,10
HNHN,restart,base,85,0.0013676115303990783,8.151138288957672e-05,0.0012861001475095017,0.001449122913288655,10
HNHN,restart,base,86,0.0013411479216189298,8.041671535515689e-05,0.001260731206263773,0.0014215646369740867,10
HNHN,restart,base,87,0.0013154234554311165,7.934892149408045e-05,0.001236074533937036,0.0013947723769251969,10
HNHN,restart,base,88,0.0012904109505545325,7.830697198991633e-05,0.0012121039785646162,0.0013687179225444488,10
HNHN,restart,base,89,0.0012660845263719794,7.728989200220715e-05,0.0011887946343697724,0.0013433744183741865,10
HNHN,restart,base,90,0.0012424195236134528,7.629675747061465e-05,0.001166122766142838,0.0013187162810840674,10
HNHN,restart,base,91,0.0012193924309070075,7.532669172543609e-05,0.0011440657391815713,0.0012947191226324436,10
HNHN,restart,base,92,0.0011969808166972461,7.43788623749812e-05,0.0011226019543222649,0.0012713596790722274,10
HNHN,restart,base,93,0.0011751632660788114,7.345247844344167e-05,0.0011017107876353698,0.001248615744522253,10
HNHN,restart,base,94,0.0011539193221347306,7.254678773568267e-05,0.001081372534399048,0.0012264661098704132,10
HNHN,restart,base,95,0.0011332294314075754,7.166107440785727e-05,0.0010615683569997181,0.0012048905058154326,10
HNHN,restart,base,96,0.0011130748931656588,7.079465672494205e-05,0.0010422802364407166,0.0011838695498906009,10
HNHN,restart,base,97,0.0010934378121573102,6.994688498823211e-05,0.001023490927169078,0.0011633846971455424,10
HNHN,restart,base,98,0.001074301054574006,6.911713961757483e-05,0.0010051839149564311,0.001143418194191581,10
HNHN,restart,base,99,0.0010556482069681602,6.830482937465225e-05,0.000987343377593508,0.0011239530363428125,10
HNHN,restart,base,100,0.0010374635378939245,6.750938971499669e-05,0.0009699541481789278,0.0011049729276089212,10
HNHN,restart,base,101,0.0010197319620597275,6.673028125764286e-05,0.0009530016808020846,0.0010864622433173704,10
HNHN,restart,base,102,0.0010024390067997,6.5966988362411e-05,0.0009364720184372891,0.001068405995162111,10
HNHN,restart,base,103,0.0009855707806877849,6.521901780578364e-05,0.0009203517628820013,0.0010507897984935685,10
HNHN,restart,base,104,0.0009691139441334081,6.448589754721213e-05,0.000904628046586196,0.0010335998416806202,10
HNHN,restart,base,105,0.0009530556818112678,6.376717557845998e-05,0.0008892885062328079,0.0010168228573897277,10
HNHN,restart,base,106,0.0009373836767901728,6.306241884929207e-05,0.0008743212579408807,0.001000446095639465,10
HNHN,restart,base,107,0.0009220860862371374,6.237121226343661e-05,0.0008597148739737007,0.0009844572985005739,10
HNHN,restart,base,108,0.0009071515185831343,6.169315773930676e-05,0.0008454583608438275,0.000968844676322441,10
HNHN,restart,base,109,0.0008925690120462255,6.102787333047384e-05,0.0008315411387157517,0.0009535968853766994,10
HNHN,restart,base,110,0.0008783280144162286,6.0374992401331185e-05,0.0008179530220148973,0.0009387030068175598,10
HNHN,restart,base,111,0.0008644183640127889,5.973416285379498e-05,0.0008046842011589939,0.0009241525268665839,10
HNHN,restart,base,112,0.0008508302717357417,5.9105046401254154e-05,0.0007917252253344875,0.0009099353181369959,10
HNHN,restart,base,113,0.0008375543041330453,5.848731788631044e-05,0.0007790669862467348,0.0008960416220193557,10
HNHN,restart,base,114,0.0008245813674174248,5.788066463914581e-05,0.0007667007027782791,0.0008824620320565706,10
HNHN,restart,base,115,0.0008119026923681828,5.728478587362388e-05,0.000754617906494559,0.0008691874782418067,10
HNHN,restart,base,116,0.0007995098200595304,5.669939211847452e-05,0.0007428104279410559,0.0008562092121780049,10
HNHN,restart,base,117,0.0007873945883612463,5.612420468112942e-05,0.0007312703836801169,0.0008435187930423757,10
HNHN,restart,base,118,0.0007755491191615633,5.555895514197651e-05,0.0007199901640195868,0.0008311080743035398,10
HNHN,restart,base,119,0.000763965806265923,5.500338487697883e-05,0.0007089624213889442,0.0008189691911429018,10
HNHN,restart,base,120,0.0007526373039286728,5.4457244606771806e-05,0.000698180059321901,0.0008070945485354447,10
HNHN,restart,base,121,0.0007415565159779325,5.3920293970495636e-05,0.0006876362220074368,0.0007954768099484281,10
HNHN,restart,base,122,0.0007307165854967454,5.339230112276002e-05,0.0006773242843739854,0.0007841088866195055,10
HNHN,restart,base,123,0.0007201108850262885,5.287304235225841e-05,0.0006672378426740302,0.0007729839273785469,10
HNHN,restart,base,124,0.0007097330072593592,5.2362301720661745e-05,0.0006573707055386975,0.0007620953089800209,10
HNHN,restart,base,125,0.0006995767561946027,5.185987072052473e-05,0.000647716885474078,0.0007514366269151275,10
HNHN,restart,base,126,0.0006896361387240181,5.1365547951032076e-05,0.0006382705907729861,0.0007410016866750502,10
HNHN,restart,base,127,0.0006799053566281807,5.087913881049393e-05,0.0006290262178176868,0.0007307844954386746,10
HNHN,restart,base,128,0.0006703787989553825,5.0400455204583214e-05,0.0006199783437507993,0.0007207792541599658,10
HNHN,restart,base,129,0.0006610510347625153,4.992931526937418e-05,0.0006111217194931411,0.0007109803500318895,10
HNHN,restart,base,130,0.0006519168061970111,4.9465543108311384e-05,0.0006024512630886996,0.0007013823493053225,10
HNHN,restart,base,131,0.0006429710219005472,4.900896854229661e-05,0.0005939620533582506,0.0006919799904428439,10
HNHN,restart,base,132,0.0006342087507164941,4.855942687213576e-05,0.0005856493238443584,0.0006827681775886298,10
HNHN,restart,base,133,0.0006256252156842739,4.811675865264231e-05,0.0005775084570316316,0.0006737419743369162,10
HNHN,restart,base,134,0.0006172157883048885,4.768080947773667e-05,0.0005695349788271518,0.0006648965977826253,10
HNHN,restart,base,135,0.0006089759830628892,4.725142977592705e-05,0.0005617245532869621,0.0006562274128388163,10
HNHN,restart,base,136,0.000600901452191005,4.682847461559765e-05,0.0005540729775754073,0.0006477299268066026,10
HNHN,restart,base,137,0.0005929879806645147,4.6411803519563684e-05,0.000546576177144951,0.0006393997841840784,10
HNHN,restart,base,138,0.0005852314814132566,4.600128028839116e-05,0.0005392302011248654,0.0006312327617016477,10
HNHN,restart,base,139,0.000577627990739924,4.559677283200784e-05,0.0005320312179079161,0.0006232247635719318,10
HNHN,restart,base,140,0.0005701736639339896,4.519815300916256e-05,0.000524975510924827,0.0006153718169431522,10
HNHN,restart,base,141,0.0005628647710712531,4.480529647431731e-05,0.0005180594745969358,0.0006076700675455704,10
HNHN,restart,base,142,0.0005556976929896083,4.441808253158045e-05,0.0005112796104580278,0.0006001157755211887,10
HNHN,restart,base,143,0.0005486689174321918,4.4036393995315455e-05,0.0005046325234368764,0.0005927053114275073,10
HNHN,restart,base,144,0.0005417750353495935,4.3660117057077355e-05,0.000498114918292516,0.0005854351524066709,10
HNHN,restart,base,145,0.0005350127373533008,4.328914115855438e-05,0.0004917235961947464,0.0005783018785118552,10
HNHN,restart,base,146,0.0005283788103130042,4.29233588702066e-05,0.0004854554514427976,0.0005713021691832108,10
HNHN,restart,base,147,0.0005218701340908132,4.256266577531422e-05,0.000479307468315499,0.0005644327998661275,10
HNHN,restart,base,148,0.0005154836784058313,4.220696035916287e-05,0.00047327671804666836,0.0005576906387649941,10
HNHN,restart,base,149,0.000509216499822908,4.185614390310902e-05,0.00046736035591979906,0.000551072643726017,10
HNHN,restart,base,150,0.0005030657388597306,4.151012038328456e-05,0.00046155561847644605,0.0005445758592430151,10
HNHN,restart,base,151,0.0004970286172067471,4.1168796373709487e-05,0.00045585982083303764,0.0005381974135804566,10
HNHN,restart,base,152,0.0004911024350547067,4.083208095359908e-05,0.0004502703541011076,0.0005319345160083057,10
HNHN,restart,base,153,0.0004852845685248982,4.049988561865813e-05,0.00044478468290624006,0.0005257844541435564,10
HNHN,restart,base,154,0.00047957246719742446,4.017212419617227e-05,0.0004394003430012522,0.0005197445913935967,10
HNHN,restart,base,155,0.00047396365173310443,3.984871276371097e-05,0.00043411493896939343,0.0005138123644968154,10
HNHN,restart,base,156,0.00046845571158482633,3.952956957126918e-05,0.00042892614201355716,0.0005079852811560956,10
HNHN,restart,base,157,0.00046304630279439703,3.9214614966685906e-05,0.00042383168782771113,0.000502260917761083,10
HNHN,restart,base,158,0.0004577331458711383,3.8903771324180806e-05,0.0004188293745469575,0.0004966369171953191,10
HNHN,restart,base,159,0.00045251402374867094,3.859696297586484e-05,0.0004139170607728061,0.0004911109867245357,10
HNHN,restart,base,160,0.0004473867798165148,3.829411614608332e-05,0.00040909266367043144,0.0004856808959625981,10
HNHN,restart,base,161,0.000442349316023303,3.7995158888459747e-05,0.0004043541571348432,0.00048034447491176276,10
HNHN,restart,base,162,0.00043739959104856333,3.770002102551459e-05,0.0003996995700230487,0.00047509961207407793,10
HNHN,restart,base,163,0.0004325356185401843,3.7408634090739976e-05,0.0003951269844494443,0.0004699442526309243,10
HNHN,restart,base,164,0.00042775546541481074,3.712093127301673e-05,0.000390634534141794,0.00046487639668782747,10
HNHN,restart,base,165,0.0004230572502185631,3.6836847363266574e-05,0.00038622040285529654,0.0004598940975818297,10
HNHN,restart,base,166,0.00041843914154558997,3.655631870323759e-05,0.00038188282284235236,0.0004549954602488276,10
HNHN,restart,base,167,0.00041389935651209254,3.627928313632521e-05,0.00037762007337576733,0.00045017863964841775,10
HNHN,restart,base,168,0.0004094361592835645,3.600567996033732e-05,0.00037343047932322717,0.0004454418392439018,10
HNHN,restart,base,169,0.0004050478596531043,3.5735449882115084e-05,0.0003693124097709892,0.0004407833095352194,10
HNHN,restart,base,170,0.00040073281166875494,3.546853497392692e-05,0.00036526427669482804,0.00043620134664268184,10
HNHN,restart,base,171,0.0003964894123079205,3.520487863155568e-05,0.0003612845336763648,0.00043169429093947617,10
HNHN,restart,base,172,0.0003923161001970018,3.4944425534004094e-05,0.0003573716746629977,0.00042726052573100593,10
HNHN,restart,base,173,0.00038821135437447677,3.468712160474593e-05,0.0003535242327697308,0.0004228984759792227,10
HNHN,restart,base,174,0.00038417369309573296,3.4432913974455735e-05,0.00034974077912127723,0.0004186066070701887,10
HNHN,restart,base,175,0.00038020167267803636,3.418175094515123e-05,0.00034601992173288515,0.0004143834236231876,10
HNHN,restart,base,176,0.00037629388638409165,3.3933581955686706e-05,0.00034236030442840495,0.00041022746833977835,10
HNHN,restart,base,177,0.00037244896334272,3.368835754853844e-05,0.00033876060579418154,0.00040613732089125843,10
HNHN,restart,base,178,0.00036866556750524403,3.344602933782603e-05,0.000335219538167418,0.00040211159684307006,10
HNHN,restart,base,179,0.0003649423966362327,3.320654997851615e-05,0.00033173584665771653,0.00039814894661474885,10
HNHN,restart,base,180,0.00036127818133731553,3.296987313675768e-05,0.0003283083082005579,0.0003942480544740732,10
HNHN,restart,base,181,0.0003576716841028344,3.2735953461299596e-05,0.0003249357306415348,0.000390407637564134,10
HNHN,restart,base,182,0.0003541216984061513,3.2504746555945284e-05,0.000321616951850206,0.0003866264449620966,10
HNHN,restart,base,183,0.00035062704781548205,3.227620895299949e-05,0.00031835083886248253,0.00038290325676848156,10
HNHN,restart,base,184,0.00034718658513817444,3.205029808766516e-05,0.00031513628705050927,0.0003792368832258396,10
HNHN,restart,base,185,0.0003437991915923924,3.1826972273350734e-05,0.00031197221931904165,0.00037562616386574313,10
HNHN,restart,base,186,0.00034046377600521446,3.160619067784874e-05,0.00030885758532736573,0.0003720699666830632,10
HNHN,restart,base,187,0.00033717927403619316,3.1387913300350416e-05,0.00030579136073584275,0.00036856718733654356,10
HNHN,restart,base,188,0.0003339446474254627,3.117210094926007e-05,0.00030277254647620265,0.0003651167483747228,10
HNHN,restart,base,189,0.00033075888326551873,3.0958715220777274e-05,0.00029980016804474145,0.000361717598486296,10
HNHN,restart,base,190,0.0003276209932958307,3.074771847821393e-05,0.0002968732748176168,0.0003583687117740446,10
HNHN,restart,base,191,0.0003245300132194812,3.053907383201686e-05,0.00029399093938746435,0.000355069087051498,10
HNHN,restart,base,192,0.0003214850020410567,3.033274512046698e-05,0.0002911522569205897,0.0003518177471615237,10
HNHN,restart,base,193,0.0003184850414250489,3.0128696891026162e-05,0.00028835634453402276,0.00034861373831607506,10
HNHN,restart,base,194,0.00031552923507405256,2.9926894382307765e-05,0.0002856023406917448,0.0003454561294563603,10
HNHN,restart,base,195,0.0003126167081260737,2.9727303506643187e-05,0.00028288940461943055,0.0003423440116327169,10
HNHN,restart,base,196,0.0003097466065702917,2.9529890833222267e-05,0.0002802167157370694,0.00033927649740351395,10
HNHN,restart,base,197,0.00030691809668064016,2.9334623571783355e-05,0.0002775834731088568,0.0003362527202524235,10
HNHN,restart,base,198,0.00030413036446660073,2.9141469556832016e-05,0.00027498889490976873,0.00033327183402343273,10
HNHN,restart,base,199,0.00030138261514062376,2.8950397232366886e-05,0.0002724322179082569,0.00033033301237299064,10
HNHN,restart,base,200,0.00029867407260161295,2.876137563709255e-05,0.0002699126969645204,0.0003274354482387055,10
HNHN,restart,base,201,0.00029600397893393503,2.8574374390101e-05,0.000267429604543834,0.00032457835332403605,10
HNHN,restart,base,202,0.00029337159392143147,2.8389363677002367e-05,0.0002649822302444291,0.00032176095759843385,10
HNHN,restart,base,203,0.00029077619457593357,2.8206314236488363e-05,0.0002625698803394452,0.0003189825088124219,10
HNHN,restart,base,204,0.0002882170746797977,2.8025197347311297e-05,0.0002601918773324864,0.00031624227202710895,10
HNHN,restart,base,205,0.0002856935443419966,2.7845984815662533e-05,0.0002578475595263341,0.00031353952915765915,10
HNHN,restart,base,206,0.00028320492956732097,2.7668648962935318e-05,0.00025553628060438565,0.0003108735785302563,10
HNHN,restart,base,207,0.0002807505718382585,2.7493162613857505e-05,0.000253257409224401,0.000308243734452116,10
HNHN,restart,base,208,0.00027832982770913963,2.731949908497975e-05,0.00025101032862415986,0.0003056493267941194,10
HNHN,restart,base,209,0.00027594206841214633,2.714763217350608e-05,0.00024879443623864025,0.0003030897005856524,10
HNHN,restart,base,210,0.00027358667947480263,2.6977536146454266e-05,0.0002466091433283484,0.00030056421562125687,10
HNHN,restart,base,211,0.0002712630603485729,2.68091857301329e-05,0.00024445387461844,0.00029807224607870584,10
HNHN,restart,base,212,0.00026897062404821354,2.6642556099924413e-05,0.00024232806794828913,0.00029561318014813796,10
HNHN,restart,base,213,0.00026670879680152943,2.6477622870362497e-05,0.00024023117393116692,0.00029318641967189193,10
HNHN,restart,base,214,0.0002644770177092064,2.6314362085492637e-05,0.00023816265562371375,0.00029079137979469904,10
HNHN,restart,base,215,0.00026227473841439636,2.6152750209506174e-05,0.0002361219882048902,0.0002884274886239025,10
HNHN,restart,base,216,0.0002601014227817471,2.5992764117637746e-05,0.00023410865866410935,0.00028609418689938483,10
HNHN,restart,base,217,0.00025795654658557806,2.58343810873167e-05,0.00023212216549826136,0.00028379092767289474,10
HNHN,restart,base,218,0.0002558395972069137,2.5677578789563194e-05,0.0002301620184173505,0.0002815171759964769,10
HNHN,restart,base,219,0.0002537500733390965,2.552233528062079e-05,0.00022822773805847567,0.0002792724086197173,10
HNHN,restart,base,220,0.000251687484701713,2.5368628993816862e-05,0.00022631885570789615,0.0002770561136955299,10
HNHN,restart,base,221,0.00024965135176257055,2.521643873164284e-05,0.00022443491303092772,0.0002748677904942134,10
HNHN,restart,base,222,0.00024764120546747804,2.5065743658047134e-05,0.0002225754618094309,0.0002727069491255252,10
HNHN,restart,base,223,0.0002456565869775875,2.4916523290932704e-05,0.00022074006368665478,0.0002705731102685202,10
HNHN,restart,base,224,0.00024369704741406323,2.476875749485278e-05,0.00021892828991921045,0.000268465804908916,10
HNHN,restart,base,225,0.00024176214760985372,2.4622426473897903e-05,0.0002171397211359558,0.0002663845740837516,10
HNHN,restart,base,226,0.00023985145786834861,2.4477510764767754e-05,0.00021537394710358085,0.00026432896863311635,10
HNHN,restart,base,227,0.00023796455772870988,2.4333991230021527e-05,0.00021363056649868834,0.0002622985489587314,10
HNHN,restart,base,228,0.00023610103573767525,2.419184905150118e-05,0.00021190918668617407,0.0002602928847891764,10
HNHN,restart,base,229,0.0002342604892276358,2.405106572392139e-05,0.0002102094235037144,0.0002583115549515572,10
HNHN,restart,base,230,0.00023244252410079902,2.3911623048621303e-05,0.0002085309010521777,0.00025635414714942034,10
HNHN,restart,base,231,0.00023064675461925374,2.377350312747232e-05,0.00020687325149178142,0.0002544202577467261,10
HNHN,restart,base,232,0.00022887280320075891,2.3636688356937225e-05,0.00020523611484382168,0.0002525094915576961,10
HNHN,restart,base,233,0.00022712030022008532,2.350116142227568e-05,0.00020361913879780963,0.000250621461642361,10
HNHN,restart,base,234,0.00022538888381574352,2.33669052918913e-05,0.00020202197852385223,0.00024875578910763484,10
HNHN,restart,base,235,0.00022367819970193836,2.3233903211816068e-05,0.00020044429649012228,0.0002469121029137544,10
HNHN,restart,base,236,0.00022198790098559417,2.310213870032767e-05,0.0001988857622852665,0.00024509003968592187,10
HNHN,restart,base,237,0.00022031764798830094,2.2971595542695627e-05,0.0001973460524456053,0.00024328924353099658,10
HNHN,restart,base,238,0.0002186671080730354,2.284225778605217e-05,0.00019582485028698323,0.0002415093658590876,10
HNHN,restart,base,239,0.00021703595547551799,2.271410973438438e-05,0.0001943218457411336,0.00023975006520990237,10
HNHN,restart,base,240,0.00021542387114006686,2.2587135943643308e-05,0.00019283673519642356,0.00023801100708371016,10
HNHN,restart,base,241,0.0002138305425598204,2.2461321216967136e-05,0.00019136922134285327,0.00023629186377678753,10
HNHN,restart,base,242,0.0002122556636211987,2.233665060001471e-05,0.000189919013021184,0.00023459231422121339,10
HNHN,restart,base,243,0.00021069893445248086,2.221310937640607e-05,0.0001884858250760748,0.0002329120438288869,10
HNHN,restart,base,244,0.00020916006127637954,2.209068306326716e-05,0.00018706937821311238,0.0002312507443396467,10
HNHN,restart,base,245,0.00020763875626649556,2.1969357406875267e-05,0.00018566939885962029,0.00022960811367337083,10
HNHN,restart,base,246,0.0002061347374075425,2.184911837840257e-05,0.00018428561902913992,0.00022798385578594505,10
HNHN,restart,base,247,0.0002046477283592303,2.172995216975496e-05,0.00018291777618947532,0.00022637768052898526,10
HNHN,restart,base,248,0.00020317745832370543,2.1611845189503187e-05,0.00018156561313420225,0.0002247893035132086,10
HNHN,restart,base,249,0.00020172366191644362,2.1494784058904036e-05,0.0001802288778575396,0.00022321844597534765,10
HNHN,restart,base,250,0.00020028607904049777,2.1378755608008723e-05,0.00017890732343248903,0.0002216648346485065,10
HNHN,restart,base,251,0.00019886445476400508,2.1263746871856342e-05,0.00017760070789214874,0.00022012820163586143,10
HNHN,restart,base,252,0.000197458539200861,2.1149745086749782e-05,0.00017630879411411124,0.00021860828428761078,10
HNHN,restart,base,253,0.00019606808739446981,2.103673768661204e-05,0.00017503134970785778,0.00021710482508108185,10
HNHN,restart,base,254,0.0001946928592044856,2.0924712299420603e-05,0.000173768146905065,0.00021561757150390622,10
HNHN,restart,base,255,0.00019333261919645897,2.0813656743717943e-05,0.00017251896245274102,0.00021414627594017692,10
HNHN,restart,base,256,0.0001919871365343071,2.070355902519586e-05,0.00017128357750911124,0.00021269069555950295,10
HNHN,restart,restart,0,1.0,0.0,1.0,1.0,10
HNHN,restart,restart,1,0.5111579066031092,0.0026551483318655146,0.5085027582712437,0.5138130549349748,10
HNHN,restart,restart,2,0.31892006172074516,0.002952001684972589,0.31596806003577255,0.3218720634057178,10
HNHN,restart,restart,3,0.2315497958930178,0.0028267333655072418,0.22872306252751057,0.23437652925852503,10
HNHN,restart,restart,4,0.1862764953434889,0.002656675845739388,0.1836198194977495,0.18893317118922828,10
HNHN,restart,restart,5,0.1602594399573423,0.0025043191114120194,0.15775512084593027,0.16276375906875432,10
HNHN,restart,restart,6,0.1441210459048559,0.0023747750514278867,0.141746270853428,0.14649582095628377,10
HNHN,restart,restart,7,0.13352948564494388,0.002264838189919435,0.13126464745502445,0.1357943238348633,10
HNHN,restart,restart,8,0.12627277700744144,0.0021711987060367578,0.12410157830140468,0.1284439757134782,10
HNHN,restart,restart,9,0.12112938755970185,0.00209130987908633,0.11903807768061551,0.12322069743878818,10
HNHN,restart,restart,10,0.11738292678754358,0.0020231864597054466,0.11535974032783813,0.11940611324724903,10
HNHN,restart,restart,11,0.11459270547849729,0.0019651907711148646,0.11262751470738243,0.11655789624961214,10
HNHN,restart,restart,12,0.11247662285620352,0.0019159151172313772,0.11056070773897214,0.1143925379734349,10
HNHN,restart,restart,13,0.1108477720479976,0.0018741273378637031,0.1089736447101339,0.1127218993858613,10
HNHN,restart,restart,14,0.10957851748655123,0.0018387457957312885,0.10773977169081994,0.11141726328228252,10
HNHN,restart,restart,15,0.1085793571741573,0.0018088251716041849,0.10677053200255311,0.11038818234576149,10
HNHN,restart,restart,16,0.10778606579322739,0.0017835449606214359,0.10600252083260595,0.10956961075384883,10
HNHN,restart,restart,17,0.10715163273369624,0.0017621979602678575,0.10538943477342838,0.1089138306939641,10
HNHN,restart,restart,18,0.10664106031157787,0.0017441783474831316,0.10489688196409475,0.108385238659061,10
HNHN,restart,restart,19,0.10622791637186861,0.0017289697159600873,0.10449894665590852,0.1079568860878287,10
HNHN,restart,restart,20,0.10589199222477304,0.0017161335604605216,0.10417585866431252,0.10760812578523356,10
HNHN,restart,restart,21,0.10561767518309102,0.0017052985808015066,0.10391237660228951,0.10732297376389253,10
HNHN,restart,restart,22,0.10539279457275544,0.0016961510198939965,0.10369664355286144,0.10708894559264943,10
HNHN,restart,restart,23,0.10520778873822893,0.0016884261161116874,0.10351936262211725,0.10689621485434062,10
HNHN,restart,restart,24,0.1050550943031661,0.0016819006567092886,0.10337319364645682,0.10673699495987539,10
HNHN,restart,restart,25,0.10492869227263793,0.0016763865624044407,0.10325230571023349,0.10660507883504237,10
HNHN,restart,restart,26,0.10482376670323379,0.0016717254043417443,0.10315204129889205,0.10649549210757553,10
HNHN,restart,restart,27,0.10473644537793743,0.0016677837443214783,0.10306866163361596,0.1064042291222589,10
HNHN,restart,restart,28,0.10466360100626579,0.0016644491901730905,0.1029991518160927,0.10632805019643887,10
HNHN,restart,restart,29,0.10460269761023995,0.0016616270653936106,0.10294107054484634,0.10626432467563356,10
HNHN,restart,restart,30,0.10455167098488376,0.0016592376023305466,0.10289243338255322,0.1062109085872143,10
HNHN,restart,restart,31,0.1045088350830623,0.001657213579241522,0.10285162150382078,0.10616604866230382,10
HNHN,restart,restart,32,0.10447280827997037,0.0016554983323604985,0.10281730994760988,0.10612830661233086,10
HNHN,restart,restart,33,0.10444245499009426,0.0016540440840569258,0.10278841090603734,0.10609649907415118,10
HNHN,restart,restart,34,0.10441683921641824,0.0016528105370409287,0.10276402867937731,0.10606964975345917,10
HNHN,restart,restart,35,0.10439518742776362,0.0016517636922955116,0.1027434237354681,0.10604695112005913,10
HNHN,restart,restart,36,0.10437685876757338,0.0016508748550568592,0.10272598391251653,0.10602773362263024,10
HNHN,restart,restart,37,0.1043613210534039,0.0016501197988171136,0.10271120125458678,0.10601144085222101,10
HNHN,restart,restart,38,0.10434813137124757,0.0016494780621099756,0.10269865330913759,0.10599760943335755,10
HNHN,restart,restart,39,0.10433692033146372,0.0016489323568748017,0.10268798797458892,0.10598585268833852,10
HNHN,restart,restart,40,0.1043273792544011,0.0016484680705904295,0.10267891118381067,0.10597584732499152,10
HNHN,restart,restart,41,0.10431924970898512,0.0016480728472234097,0.10267117686176172,0.10596732255620853,10
HNHN,restart,restart,42,0.10431231494782636,0.0016477362344307991,0.10266457871339556,0.10596005118225717,10
HNHN,restart,restart,43,0.1043063928761071,0.0016474493864687318,0.10265894348963837,0.10595384226257583,10
HNHN,restart,restart,44,0.10430133026484012,0.0016472048139461587,0.10265412545089396,0.10594853507878628,10
HNHN,restart,restart,45,0.10429699797674814,0.0016469961729797388,0.1026500018037684,0.10594399414972788,10
HNHN,restart,restart,46,0.10429328701853183,0.0016468180874952732,0.10264646893103656,0.1059401051060271,10
HNHN,restart,restart,47,0.10429010526937285,0.0016466659994196094,0.10264343926995324,0.10593677126879246,10
HNHN,restart,restart,48,0.1042873747642267,0.0016465360423458888,0.1026408387218808,0.10593391080657259,10
HNHN,restart,restart,49,0.10428502943338185,0.0016464249349583946,0.10263860449842345,0.10593145436834024,10
HNHN,restart,restart,50,0.10428301321813213,0.0016463298910954491,0.10263668332703668,0.10592934310922758,10
HNHN,restart,restart,51,0.10428127849717336,0.0016462485438253254,0.10263502995334804,0.10592752704099868,10
HNHN,restart,restart,52,0.10427978477024566,0.0016461788813275163,0.10263360588891814,0.10592596365157318,10
HNHN,restart,restart,53,0.10427849755517235,0.0016461191927225427,0.1026323783624498,0.1059246167478949,10
HNHN,restart,restart,54,0.10427738746226038,0.001646068022287851,0.10263131943997253,0.10592345548454823,10
HNHN,restart,restart,55,0.10427642941638122,0.001646024130745568,0.10263040528563566,0.10592245354712679,10
HNHN,restart,restart,56,0.1042756020022326,0.0016459864625151055,0.10262961553971749,0.10592158846474771,10
HNHN,restart,restart,57,0.10427488691251718,0.001645954117999539,0.10262893279451764,0.10592084103051673,10
HNHN,restart,restart,58,0.10427426848224611,0.0016459263301209898,0.10262834215212512,0.1059201948123671,10
HNHN,restart,restart,59,0.1042737332952242,0.0016459024444442458,0.10262783085077995,0.10591963573966845,10
HNHN,restart,restart,60,0.10427326985112166,0.001645881902332023,0.10262738794878964,0.10591915175345368,10
HNHN,restart,restart,61,0.10427286828346997,0.0016458642266621813,0.10262700405680779,0.10591873251013216,10
HNHN,restart,restart,62,0.1042725201205201,0.0016458490097114443,0.10262667111080866,0.10591836913023155,10
HNHN,restart,restart,63,0.10427221808222362,0.0016458359028717448,0.10262638217935187,0.10591805398509536,10
HNHN,restart,restart,64,0.10427195590769664,0.0016458246079174741,0.10262613129977917,0.10591778051561411,10
HNHN,restart,restart,65,0.10427172820843682,0.001645814869586067,0.10262591333885075,0.10591754307802288,10
HNHN,restart,restart,66,0.10427153034332495,0.00164580646927083,0.10262572387405412,0.10591733681259578,10
HNHN,restart,restart,67,0.10427135831207386,0.0016457992196568785,0.10262555909241698,0.10591715753173074,10
HNHN,restart,restart,68,0.10427120866431598,0.0016457929601562463,0.10262541570415973,0.10591700162447223,10
HNHN,restart,restart,69,0.10427107842196368,0.0016457875530214577,0.10262529086894222,0.10591686597498513,10
HNHN,restart,restart,70,0.10427096501284457,0.0016457828800347084,0.10262518213280986,0.10591674789287928,10
HNHN,restart,restart,71,0.10427086621392571,0.0016457788396859632,0.10262508737423975,0.10591664505361167,10
HNHN,restart,restart,72,0.10427078010269974,0.0016457753447664072,0.10262500475793333,0.10591655544746616,10
HNHN,restart,restart,73,0.10427070501552534,0.0016457723203151975,0.10262493269521014,0.10591647733584053,10
HNHN,restart,restart,74,0.1042706395118985,0.0016457697018664892,0.10262486981003201,0.10591640921376498,10
HNHN,restart,restart,75,0.10427058234378657,0.0016457674339520928,0.10262481490983448,0.10591634977773866,10
HNHN,restart,restart,76,0.10427053242928712,0.001645765468821886,0.10262476696046523,0.10591629789810901,10
HNHN,restart,restart,77,0.10427048882998483,0.0016457637653495797,0.10262472506463524,0.10591625259533441,10
HNHN,restart,restart,78,0.10427045073147376,0.001645762288096571,0.10262468844337719,0.10591621301957033,10
HNHN,restart,restart,79,0.1042704174265896,0.0016457610065106782,0.10262465642007892,0.10591617843310028,10
HNHN,restart,restart,80,0.10427038830096565,0.0016457598942397663,0.10262462840672588,0.10591614819520541,10
HNHN,restart,restart,81,0.1042703628205816,0.0016457589285437187,0.10262460389203787,0.10591612174912532,10
HNHN,restart,restart,82,0.10427034052102317,0.0016457580897902258,0.10262458243123294,0.1059160986108134,10
HNHN,restart,restart,83,0.10427032099821174,0.0016457573610222681,0.10262456363718947,0.105916078359234,10
HNHN,restart,restart,84,0.10427030390039746,0.0016457567275869553,0.1026245471728105,0.10591606062798442,10
HNHN,restart,restart,85,0.1042702889212392,0.0016457561768168235,0.10262453274442238,0.10591604509805602,10
HNHN,restart,restart,86,0.10427027579382091,0.0016457556977559804,0.10262452009606493,0.10591603149157688,10
HNHN,restart,restart,87,0.1042702642854737,0.0016457552809247275,0.10262450900454897,0.10591601956639843,10
HNHN,restart,restart,88,0.10427025419329321,0.0016457549181172015,0.102624499275176,0.10591600911141041,10
HNHN,restart,restart,89,0.10427024534025642,0.001645754602227237,0.10262449073802918,0.10591599994248366,10
HNHN,restart,restart,90,0.10427023757185591,0.00164575432709838,0.10262448324475754,0.10591599189895429,10
HNHN,restart,restart,91,0.10427023075318123,0.0016457540873948797,0.10262447666578635,0.10591598484057611,10
HNHN,restart,restart,92,0.10427022476638625,0.0016457538784903803,0.10262447088789588,0.10591597864487663,10
HNHN,restart,restart,93,0.10427021950849072,0.0016457536963720464,0.10262446581211868,0.10591597320486276,10
HNHN,restart,restart,94,0.10427021488947057,0.0016457535375578448,0.10262446135191272,0.10591596842702841,10
HNHN,restart,restart,95,0.10427021083059884,0.0016457533990252235,0.10262445743157361,0.10591596422962407,10
HNHN,restart,restart,96,0.1042702072630026,0.001645753278149441,0.10262445398485315,0.10591596054115204,10
HNHN,restart,restart,97,0.10427020412640838,0.0016457531726504278,0.10262445095375795,0.1059159572990588,10
HNHN,restart,restart,98,0.10427020136804983,0.0016457530805467646,0.10262444828750307,0.1059159544485966,10
HNHN,restart,restart,99,0.10427019894171725,0.0016457530001159882,0.10262444594160126,0.10591595194183324,10
HNHN,restart,restart,100,0.1042701968069292,0.0016457529298602462,0.10262444387706895,0.10591594973678944,10
HNHN,restart,restart,101,0.10427019492821092,0.0016457528684764896,0.10262444205973444,0.1059159477966874,10
HNHN,restart,restart,102,0.10427019327446525,0.0016457528148308273,0.10262444045963443,0.10591594608929608,10
HNHN,restart,restart,103,0.10427019181842401,0.0016457527679362015,0.1026244390504878,0.10591594458636021,10
HNHN,restart,restart,104,0.10427019053616907,0.0016457527269331542,0.10262443780923591,0.10591594326310222,10
HNHN,restart,restart,105,0.10427018940671476,0.001645752691073017,0.10262443671564174,0.10591594209778778,10
HNHN,restart,restart,106,0.10427018841164278,0.0016457526597034708,0.1026244357519393,0.10591594107134625,10
HNHN,restart,restart,107,0.1042701875347837,0.0016457526322559847,0.10262443490252772,0.10591594016703969,10
HNHN,restart,restart,108,0.10427018676193826,0.0016457526082348732,0.10262443415370338,0.10591593937017314,10
HNHN,restart,restart,109,0.1042701860806341,0.001645752587207874,0.10262443349342622,0.10591593866784198,10
HNHN,restart,restart,110,0.10427018547991251,0.0016457525687978874,0.10262443291111463,0.1059159380487104,10
HNHN,restart,restart,111,0.10427018495014265,0.0016457525526758694,0.10262443239746678,0.10591593750281851,10
HNHN,restart,restart,112,0.10427018448285807,0.0016457525385546146,0.10262443194430346,0.10591593702141269,10
HNHN,restart,restart,113,0.10427018407061439,0.0016457525261833882,0.102624431544431,0.10591593659679778,10
HNHN,restart,restart,114,0.10427018370686421,0.0016457525153432111,0.102624431191521,0.10591593622220742,10
HNHN,restart,restart,115,0.10427018338584756,0.0016457525058427977,0.10262443088000477,0.10591593589169036,10
HNHN,restart,restart,116,0.10427018310249625,0.00164575249751506,0.10262443060498119,0.10591593560001131,10
HNHN,restart,restart,117,0.1042701828523495,0.0016457524902139006,0.1026244303621356,0.1059159353425634,10
HNHN,restart,restart,118,0.1042701826314805,0.0016457524838116334,0.10262443014766887,0.10591593511529213,10
HNHN,restart,restart,119,0.10427018243643156,0.00164575247819665,0.10262442995823491,0.10591593491462821,10
HNHN,restart,restart,120,0.10427018226415749,0.001645752473271293,0.10262442979088619,0.10591593473742879,10
HNHN,restart,restart,121,0.10427018211197596,0.001645752468950147,0.10262442964302582,0.1059159345809261,10
HNHN,restart,restart,122,0.10427018197752344,0.001645752465158494,0.10262442951236495,0.10591593444268194,10
HNHN,restart,restart,123,0.10427018185871725,0.0016457524618309152,0.10262442939688633,0.10591593432054817,10
HNHN,restart,restart,124,0.10427018175372164,0.0016457524589101678,0.10262442929481147,0.10591593421263182,10
HNHN,restart,restart,125,0.10427018166091824,0.0016457524563461272,0.10262442920457211,0.10591593411726437,10
HNHN,restart,restart,126,0.10427018157887999,0.0016457524540949024,0.10262442912478509,0.10591593403297489,10
HNHN,restart,restart,127,0.10427018150634845,0.0016457524521180334,0.10262442905423041,0.10591593395846649,10
HNHN,restart,restart,128,0.10427018144221356,0.0016457524503818552,0.1026244289918317,0.10591593389259542,10
HNHN,restart,restart,129,0.10427018138549593,0.0016457524488568444,0.10262442893663909,0.10591593383435277,10
HNHN,restart,restart,130,0.10427018133533142,0.0016457524475171391,0.10262442888781428,0.10591593378284855,10
HNHN,restart,restart,131,0.10427018129095741,0.0016457524463400737,0.10262442884461734,0.10591593373729749,10
HNHN,restart,restart,132,0.10427018125170073,0.0016457524453057635,0.10262442880639497,0.1059159336970065,10
HNHN,restart,restart,133,0.1042701812169671,0.0016457524443967916,0.1026244287725703,0.1059159336613639,10
HNHN,restart,restart,134,0.10427018118623184,0.0016457524435978628,0.10262442874263397,0.1059159336298297,10
HNHN,restart,restart,135,0.10427018115903149,0.0016457524428955732,0.10262442871613592,0.10591593360192705,10
HNHN,restart,restart,136,0.1042701811349569,0.0016457524422781719,0.10262442869267872,0.10591593357723507,10
HNHN,restart,restart,137,0.10427018111364643,0.0016457524417353227,0.1026244286719111,0.10591593355538176,10
HNHN,restart,restart,138,0.10427018109478074,0.001645752441257967,0.10262442865352278,0.1059159335360387,10
HNHN,restart,restart,139,0.10427018107807758,0.0016457524408381762,0.1026244286372394,0.10591593351891575,10
HNHN,restart,restart,140,0.10427018106328752,0.0016457524404689563,0.10262442862281856,0.10591593350375647,10
HNHN,restart,restart,141,0.10427018105019008,0.0016457524401441812,0.10262442861004589,0.10591593349033426,10
HNHN,restart,restart,142,0.10427018103859045,0.001645752439858479,0.10262442859873197,0.10591593347844894,10
HNHN,restart,restart,143,0.10427018102831628,0.001645752439607113,0.10262442858870917,0.1059159334679234,10
HNHN,restart,restart,144,0.10427018101921529,0.0016457524393859464,0.10262442857982934,0.10591593345860123,10
HNHN,restart,restart,145,0.10427018101115268,0.001645752439191324,0.10262442857196136,0.105915933450344,10
HNHN,restart,restart,146,0.10427018100400938,0.0016457524390200591,0.10262442856498932,0.10591593344302944,10
HNHN,restart,restart,147,0.10427018099767996,0.0016457524388693156,0.10262442855881064,0.10591593343654927,10
HNHN,restart,restart,148,0.10427018099207117,0.0016457524387366246,0.10262442855333453,0.1059159334308078,10
HNHN,restart,restart,149,0.10427018098710054,0.0016457524386198296,0.10262442854848071,0.10591593342572038,10
HNHN,restart,restart,150,0.1042701809826951,0.001645752438517005,0.1026244285441781,0.1059159334212121,10
HNHN,restart,restart,151,0.10427018097879023,0.0016457524384264786,0.10262442854036376,0.10591593341721671,10
HNHN,restart,restart,152,0.10427018097532878,0.0016457524383467765,0.102624428536982,0.10591593341367556,10
HNHN,restart,restart,153,0.10427018097226011,0.001645752438276586,0.10262442853398353,0.10591593341053669,10
HNHN,restart,restart,154,0.10427018096953944,0.0016457524382147678,0.10262442853132467,0.10591593340775421,10
HNHN,restart,restart,155,0.10427018096712717,0.0016457524381603408,0.10262442852896683,0.10591593340528752,10
HNHN,restart,restart,156,0.10427018096498811,0.001645752438112394,0.10262442852687571,0.1059159334031005,10
HNHN,restart,restart,157,0.10427018096309118,0.0016457524380701757,0.102624428525021,0.10591593340116136,10
HNHN,restart,restart,158,0.10427018096140886,0.0016457524380329705,0.10262442852337589,0.10591593339944183,10
HNHN,restart,restart,159,0.10427018095991673,0.0016457524380001974,0.10262442852191654,0.10591593339791693,10
HNHN,restart,restart,160,0.10427018095859324,0.0016457524379713299,0.10262442852062191,0.10591593339656456,10
HNHN,restart,restart,161,0.10427018095741922,0.0016457524379458845,0.10262442851947333,0.1059159333953651,10
HNHN,restart,restart,162,0.1042701809563777,0.001645752437923476,0.10262442851845423,0.10591593339430118,10
HNHN,restart,restart,163,0.10427018095545368,0.0016457524379037318,0.10262442851754995,0.1059159333933574,10
HNHN,restart,restart,164,0.10427018095463385,0.0016457524378863137,0.10262442851674754,0.10591593339252016,10
HNHN,restart,restart,165,0.10427018095390642,0.0016457524378709896,0.10262442851603543,0.1059159333917774,10
HNHN,restart,restart,166,0.10427018095326088,0.00164575243785747,0.1026244285154034,0.10591593339111835,10
HNHN,restart,restart,167,0.10427018095268806,0.001645752437845556,0.1026244285148425,0.10591593339053361,10
HNHN,restart,restart,168,0.10427018095217966,0.001645752437835057,0.1026244285143446,0.10591593339001472,10
HNHN,restart,restart,169,0.10427018095172846,0.001645752437825801,0.10262442851390266,0.10591593338955427,10
HNHN,restart,restart,170,0.10427018095132794,0.0016457524378176481,0.1026244285135103,0.10591593338914558,10
HNHN,restart,restart,171,0.10427018095097243,0.0016457524378104547,0.10262442851316197,0.10591593338878288,10
HNHN,restart,restart,172,0.10427018095065684,0.0016457524378041047,0.10262442851285274,0.10591593338846093,10
HNHN,restart,restart,173,0.10427018095037668,0.001645752437798524,0.10262442851257816,0.1059159333881752,10
HNHN,restart,restart,174,0.10427018095012794,0.0016457524377935977,0.10262442851233435,0.10591593338792153,10
HNHN,restart,restart,175,0.1042701809499071,0.0016457524377892483,0.10262442851211785,0.10591593338769635,10
HNHN,restart,restart,176,0.10427018094971101,0.0016457524377854085,0.1026244285119256,0.10591593338749641,10
HNHN,restart,restart,177,0.10427018094953686,0.001645752437782037,0.10262442851175482,0.10591593338731889,10
HNHN,restart,restart,178,0.10427018094938227,0.0016457524377790494,0.10262442851160322,0.10591593338716132,10
HNHN,restart,restart,179,0.10427018094924494,0.0016457524377764261,0.10262442851146851,0.10591593338702136,10
HNHN,restart,restart,180,0.10427018094912299,0.0016457524377741113,0.10262442851134888,0.1059159333868971,10
HNHN,restart,restart,181,0.10427018094901468,0.0016457524377720678,0.10262442851124261,0.10591593338678675,10
HNHN,restart,restart,182,0.10427018094891846,0.0016457524377702702,0.1026244285111482,0.10591593338668873,10
HNHN,restart,restart,183,0.104270180948833,0.0016457524377686769,0.10262442851106432,0.10591593338660168,10
HNHN,restart,restart,184,0.10427018094875709,0.0016457524377672694,0.10262442851098982,0.10591593338652436,10
HNHN,restart,restart,185,0.10427018094868964,0.0016457524377660369,0.10262442851092361,0.10591593338645568,10
HNHN,restart,restart,186,0.10427018094862975,0.0016457524377649381,0.10262442851086481,0.10591593338639468,10
HNHN,restart,restart,187,0.10427018094857651,0.0016457524377639773,0.10262442851081253,0.10591593338634049,10
HNHN,restart,restart,188,0.10427018094852922,0.0016457524377631318,0.10262442851076609,0.10591593338629235,10
HNHN,restart,restart,189,0.1042701809484872,0.0016457524377623857,0.10262442851072481,0.10591593338624958,10
HNHN,restart,restart,190,0.10427018094844986,0.0016457524377617193,0.10262442851068815,0.10591593338621158,10
HNHN,restart,restart,191,0.1042701809484167,0.0016457524377611306,0.10262442851065556,0.10591593338617783,10
HNHN,restart,restart,192,0.1042701809483872,0.0016457524377606247,0.10262442851062659,0.10591593338614783,10
HNHN,restart,restart,193,0.104270180948361,0.0016457524377601694,0.10262442851060083,0.10591593338612118,10
HNHN,restart,restart,194,0.10427018094833769,0.0016457524377597765,0.10262442851057792,0.10591593338609746,10
HNHN,restart,restart,195,0.10427018094831701,0.0016457524377594083,0.1026244285105576,0.10591593338607642,10
HNHN,restart,restart,196,0.10427018094829861,0.0016457524377591036,0.1026244285105395,0.10591593338605772,10
HNHN,restart,restart,197,0.10427018094828226,0.0016457524377588304,0.10262442851052343,0.10591593338604109,10
HNHN,restart,restart,198,0.10427018094826772,0.001645752437758587,0.10262442851050912,0.10591593338602631,10
HNHN,restart,restart,199,0.1042701809482548,0.0016457524377583846,0.10262442851049641,0.10591593338601318,10
HNHN,restart,restart,200,0.10427018094824332,0.0016457524377581907,0.10262442851048513,0.10591593338600151,10
HNHN,restart,restart,201,0.10427018094823308,0.001645752437758021,0.10262442851047505,0.1059159333859911,10
HNHN,restart,restart,202,0.10427018094822404,0.0016457524377578678,0.10262442851046617,0.10591593338598192,10
HNHN,restart,restart,203,0.10427018094821594,0.00164575243775775,0.1026244285104582,0.10591593338597369,10
HNHN,restart,restart,204,0.10427018094820877,0.001645752437757631,0.10262442851045113,0.1059159333859664,10
HNHN,restart,restart,205,0.1042701809482024,0.001645752437757523,0.10262442851044487,0.10591593338595992,10
HNHN,restart,restart,206,0.1042701809481967,0.0016457524377574391,0.10262442851043926,0.10591593338595415,10
HNHN,restart,restart,207,0.10427018094819167,0.001645752437757358,0.10262442851043431,0.10591593338594903,10
HNHN,restart,restart,208,0.10427018094818719,0.001645752437757297,0.10262442851042988,0.10591593338594449,10
HNHN,restart,restart,209,0.10427018094818319,0.0016457524377572201,0.10262442851042597,0.10591593338594041,10
HNHN,restart,restart,210,0.10427018094817964,0.0016457524377571807,0.10262442851042246,0.10591593338593681,10
HNHN,restart,restart,211,0.10427018094817649,0.0016457524377571308,0.10262442851041935,0.10591593338593362,10
HNHN,restart,restart,212,0.10427018094817368,0.0016457524377570833,0.1026244285104166,0.10591593338593076,10
HNHN,restart,restart,213,0.10427018094817117,0.0016457524377570516,0.10262442851041412,0.10591593338592822,10
HNHN,restart,restart,214,0.10427018094816898,0.0016457524377570163,0.10262442851041197,0.10591593338592599,10
HNHN,restart,restart,215,0.10427018094816698,0.0016457524377569775,0.10262442851041,0.10591593338592396,10
HNHN,restart,restart,216,0.10427018094816523,0.0016457524377569623,0.10262442851040827,0.10591593338592219,10
HNHN,restart,restart,217,0.10427018094816365,0.0016457524377569328,0.10262442851040672,0.10591593338592058,10
HNHN,restart,restart,218,0.10427018094816227,0.001645752437756925,0.10262442851040535,0.1059159333859192,10
HNHN,restart,restart,219,0.10427018094816103,0.001645752437756897,0.10262442851040413,0.10591593338591793,10
HNHN,restart,restart,220,0.10427018094815992,0.0016457524377568923,0.10262442851040303,0.1059159333859168,10
HNHN,restart,restart,221,0.10427018094815894,0.0016457524377568762,0.10262442851040207,0.10591593338591582,10
HNHN,restart,restart,222,0.10427018094815807,0.001645752437756857,0.10262442851040121,0.10591593338591493,10
HNHN,restart,restart,223,0.10427018094815729,0.001645752437756841,0.10262442851040045,0.10591593338591414,10
HNHN,restart,restart,224,0.10427018094815661,0.0016457524377568463,0.10262442851039977,0.10591593338591346,10
HNHN,restart,restart,225,0.10427018094815599,0.0016457524377568333,0.10262442851039916,0.10591593338591282,10
HNHN,restart,restart,226,0.10427018094815546,0.0016457524377568244,0.10262442851039863,0.10591593338591229,10
HNHN,restart,restart,227,0.10427018094815496,0.0016457524377568166,0.10262442851039814,0.10591593338591178,10
HNHN,restart,restart,228,0.10427018094815452,0.0016457524377568122,0.1026244285103977,0.10591593338591133,10
HNHN,restart,restart,229,0.10427018094815414,0.0016457524377568049,0.10262442851039734,0.10591593338591095,10
HNHN,restart,restart,230,0.10427018094815381,0.0016457524377568092,0.102624428510397,0.10591593338591061,10
HNHN,restart,restart,231,0.1042701809481535,0.0016457524377567962,0.10262442851039671,0.1059159333859103,10
HNHN,restart,restart,232,0.10427018094815324,0.0016457524377567927,0.10262442851039645,0.10591593338591003,10
HNHN,restart,restart,233,0.10427018094815296,0.0016457524377567919,0.10262442851039617,0.10591593338590975,10
HNHN,restart,restart,234,0.10427018094815277,0.0016457524377567895,0.10262442851039598,0.10591593338590956,10
HNHN,restart,restart,235,0.10427018094815259,0.001645752437756789,0.1026244285103958,0.10591593338590938,10
HNHN,restart,restart,236,0.1042701809481524,0.001645752437756776,0.10262442851039562,0.10591593338590917,10
HNHN,restart,restart,237,0.10427018094815226,0.0016457524377567789,0.10262442851039548,0.10591593338590903,10
HNHN,restart,restart,238,0.10427018094815214,0.0016457524377567825,0.10262442851039535,0.10591593338590893,10
HNHN,restart,restart,239,0.10427018094815199,0.0016457524377567797,0.10262442851039522,0.10591593338590877,10
HNHN,restart,restart,240,0.10427018094815191,0.0016457524377567784,0.10262442851039513,0.10591593338590868,10
HNHN,restart,restart,241,0.1042701809481518,0.0016457524377567806,0.10262442851039502,0.10591593338590857,10
HNHN,restart,restart,242,0.1042701809481517,0.0016457524377567767,0.10262442851039492,0.10591593338590848,10
HNHN,restart,restart,243,0.10427018094815163,0.0016457524377567752,0.10262442851039486,0.1059159333859084,10
HNHN,restart,restart,244,0.10427018094815158,0.0016457524377567752,0.1026244285103948,0.10591593338590835,10
HNHN,restart,restart,245,0.1042701809481515,0.0016457524377567786,0.10262442851039473,0.10591593338590828,10
HNHN,restart,restart,246,0.10427018094815146,0.0016457524377567609,0.1026244285103947,0.10591593338590823,10
HNHN,restart,restart,247,0.10427018094815141,0.0016457524377567778,0.10262442851039463,0.10591593338590818,10
HNHN,restart,restart,248,0.10427018094815137,0.0016457524377567645,0.1026244285103946,0.10591593338590813,10
HNHN,restart,restart,249,0.10427018094815133,0.0016457524377567732,0.10262442851039455,0.1059159333859081,10
HNHN,restart,restart,250,0.1042701809481513,0.001645752437756763,0.10262442851039454,0.10591593338590806,10
HNHN,restart,restart,251,0.10427018094815126,0.0016457524377567838,0.10262442851039447,0.10591593338590805,10
HNHN,restart,restart,252,0.10427018094815124,0.0016457524377567804,0.10262442851039447,0.10591593338590802,10
HNHN,restart,restart,253,0.10427018094815121,0.0016457524377567723,0.10262442851039444,0.10591593338590799,10
HNHN,restart,restart,254,0.10427018094815119,0.0016457524377567598,0.10262442851039442,0.10591593338590795,10
HNHN,restart,restart,255,0.10427018094815117,0.0016457524377567717,0.1026244285103944,0.10591593338590795,10
HNHN,restart,restart,256,0.10427018094815117,0.0016457524377567739,0.1026244285103944,0.10591593338590795,10
UniGCN,diagnostics,un,0,1.0,0.0,1.0,1.0,10
UniGCN,diagnostics,un,1,0.4718440425417373,0.008100422754487756,0.46374361978724954,0.47994446529622503,10
UniGCN,diagnostics,un,2,0.2720467550023367,0.005721486493542086,0.2663252685087946,0.2777682414958788,10
UniGCN,diagnostics,un,3,0.197654459165446,0.004632731847989952,0.19302172731745604,0.20228719101343595,10
UniGCN,diagnostics,un,4,0.16065565940987286,0.004168492530448926,0.15648716687942393,0.1648241519403218,10
UniGCN,diagnostics,un,5,0.13801486456530637,0.0037784105852785264,0.13423645398002784,0.1417932751505849,10
UniGCN,diagnostics,un,6,0.12242938820101652,0.0034134946025781653,0.11901589359843835,0.12584288280359468,10
UniGCN,diagnostics,un,7,0.11086534257528642,0.0030780685637107263,0.1077872740115757,0.11394341113899714,10
UniGCN,diagnostics,un,8,0.10182519109841286,0.0027748902389168086,0.09905030085949605,0.10460008133732966,10
UniGCN,diagnostics,un,9,0.094490233297323,0.002505309281238746,0.09198492401608425,0.09699554257856176,10
UniGCN,diagnostics,un,10,0.08837911434099013,0.0022703970173788895,0.08610871732361125,0.09064951135836902,10
UniGCN,diagnostics,un,11,0.08319082596359813,0.002070794054367964,0.08112003190923016,0.0852616200179661,10
UniGCN,diagnostics,un,12,0.07872615783118292,0.0019062375934333965,0.07681992023774953,0.08063239542461631,10
UniGCN,diagnostics,un,13,0.07484614267670792,0.0017751965869969733,0.07307094608971094,0.07662133926370489,10
UniGCN,diagnostics,un,14,0.0714491269454154,0.001674771395765816,0.06977435554964959,0.07312389834118121,10
UniGCN,diagnostics,un,15,0.06845765475950769,0.0016009025212969593,0.06685675223821072,0.07005855728080465,10
UniGCN,diagnostics,un,16,0.06581070336905363,0.001548829465946106,0.06426187390310753,0.06735953283499974,10
UniGCN,diagnostics,un,17,0.06345892186605036,0.0015136496803757444,0.06194527218567461,0.0649725715464261,10
UniGCN,diagnostics,un,18,0.06136160033015779,0.0014908083492973499,0.05987079198086044,0.06285240867945514,10
UniGCN,diagnostics,un,19,0.05948466255013124,0.0014764129602002445,0.058008249589931,0.06096107551033148,10
UniGCN,diagnostics,un,20,0.05779928119529583,0.0014673575524708278,0.056331923642825,0.05926663874776666,10
UniGCN,diagnostics,un,21,0.056280883046448606,0.0014613030562833818,0.05481957999016522,0.05774218610273199,10
UniGCN,diagnostics,un,22,0.05490840681000693,0.0014565769135994496,0.05345182989640748,0.05636498372360638,10
UniGCN,diagnostics,un,23,0.05366373038879148,0.001452043462170727,0.05221168692662075,0.0551157738509622,10
UniGCN,diagnostics,un,24,0.052531216146612304,0.001446976714447449,0.051084239432164856,0.05397819286105975,10
UniGCN,diagnostics,un,25,0.05149734146934999,0.0014409504987198457,0.050056390970630145,0.05293829196806984,10
UniGCN,diagnostics,un,26,0.0505503932405302,0.0014337503876657293,0.04911664285286447,0.05198414362819593,10
UniGCN,diagnostics,un,27,0.0496802117959454,0.001425306411887664,0.04825490538405774,0.051105518207833066,10
UniGCN,diagnostics,un,28,0.04887797426977546,0.001415643369811534,0.04746233089996392,0.05029361763958699,10
UniGCN,diagnostics,un,29,0.04813601002572381,0.0014048450838297752,0.046731164941894034,0.04954085510955359,10
UniGCN,diagnostics,un,30,0.0474476426905656,0.0013930292664730008,0.0460546134240926,0.0488406719570386,10
UniGCN,diagnostics,un,31,0.046807054538752925,0.0013803302386604195,0.04542672430009251,0.04818738477741334,10
UniGCN,diagnostics,un,32,0.04620916983561731,0.0013668873427344498,0.044842282492882864,0.04757605717835176,10
UniGCN,diagnostics,un,33,0.04564955436755968,0.0013528374190710298,0.04429671694848865,0.04700239178663071,10
UniGCN,diagnostics,un,34,0.04512432885299483,0.001338310140194802,0.04378601871280003,0.046462638993189635,10
UniGCN,diagnostics,un,35,0.04463009428890916,0.0013234253247365192,0.043306668964172644,0.04595351961364568,10
UniGCN,diagnostics,un,36,0.04416386757674493,0.0013082916003174696,0.04285557597642746,0.045472159177062405,10
UniGCN,diagnostics,un,37,0.043723026008267905,0.001293005966493695,0.04243002004177421,0.0450160319747616,10
UniGCN,diagnostics,un,38,0.043305259390231915,0.0012776539415116398,0.04202760544872027,0.04458291333174356,10
UniGCN,diagnostics,un,39,0.04290852875471109,0.0012623100723290356,0.04164621868238205,0.04417083882704012,10
UniGCN,diagnostics,un,40,0.04253103074586939,0.0012470386558884302,0.04128399208998096,0.043778069401757824,10
UniGCN,diagnostics,un,41,0.04217116689790322,0.0012318945683743923,0.04093927232952883,0.04340306146627761,10
UniGCN,diagnostics,un,42,0.041827517126066596,0.0012169241336185913,0.04061059299244801,0.043044441259685186,10
UniGCN,diagnostics,un,43,0.04149881684550871,0.0012021659859632189,0.040296650859545494,0.04270098283147193,10
UniGCN,diagnostics,un,44,0.04118393721308544,0.0011876518996794575,0.03999628531340598,0.0423715891127649,10
UniGCN,diagnostics,un,45,0.04088186805698915,0.0011734075685846976,0.03970846048840446,0.042055275625573846,10
UniGCN,diagnostics,un,46,0.04059170311936909,0.001159453327336012,0.03943224979203308,0.0417511564467051,10
UniGCN,diagnostics,un,47,0.04031262728929198,0.0011458048110944492,0.039166822478197534,0.04145843210038643,10
UniGCN,diagnostics,un,48,0.0400439055484741,0.0011324735536406491,0.03891143199483345,0.041176379102114746,10
UniGCN,diagnostics,un,49,0.0397848733911222,0.0011194675261358917,0.03866540586498631,0.04090434091725809,10
UniGCN,diagnostics,un,50,0.03953492851276215,0.0011067916199626682,0.03842813689279948,0.040641720132724816,10
UniGCN,diagnostics,un,51,0.039293523591821436,0.0010944480777269376,0.038199075514094495,0.04038797166954838,10
UniGCN,diagnostics,un,52,0.03906016001258884,0.0010824368767587598,0.03797772313583008,0.040142596889347605,10
UniGCN,diagnostics,un,53,0.038834382399545654,0.0010707560694479684,0.03776362633009769,0.03990513846899362,10
UniGCN,diagnostics,un,54,0.03861577385142492,0.0010594020845935569,0.03755637176683137,0.03967517593601848,10
UniGCN,diagnostics,un,55,0.03840395177912196,0.0010483699936954837,0.03735558178542648,0.03945232177281744,10
UniGCN,diagnostics,un,56,0.03819856426511158,0.0010376537458205847,0.037160910519291,0.03923621801093217,10
UniGCN,diagnostics,un,57,0.03799928687363701,0.0010272463743596378,0.036972040499277374,0.039026533247996646,10
UniGCN,diagnostics,un,58,0.03780581985089233,0.0010171401786798447,0.03678867967221249,0.038822960029572175,10
UniGCN,diagnostics,un,59,0.037617885662958934,0.001007326883377137,0.036610558779581796,0.03862521254633607,10
UniGCN,diagnostics,un,60,0.03743522682657617,0.0009977977775532023,0.03643742904902297,0.038433024604129375,10
UniGCN,diagnostics,un,61,0.037257603994103106,0.000988543836285502,0.036269060157817605,0.038246147830388606,10
UniGCN,diagnostics,un,62,0.03708479425940865,0.0009795558262264067,0.036105238433182245,0.03806435008563506,10
UniGCN,diagnostics,un,63,0.036916589656041096,0.0009708243970592625,0.035945765258981834,0.03788741405310036,10
UniGCN,diagnostics,un,64,0.036752795822984796,0.0009623401603530778,0.03579045566263172,0.03771513598333787,10
UniGCN,diagnostics,un,65,0.036593230816705034,0.0009540937571928113,0.03563913705951222,0.037547324573897846,10
UniGCN,diagnostics,un,66,0.03643772405109433,0.0009460759158158506,0.03549164813527848,0.03738379996691018,10
UniGCN,diagnostics,un,67,0.03628611534943209,0.0009382775003557768,0.03534783784907631,0.03722439284978787,10
UniGCN,diagnostics,un,68,0.036138254094616004,0.0009306895516802679,0.035207564542935735,0.037068943646296273,10
UniGCN,diagnostics,un,69,0.03599399846576599,0.0009233033212082114,0.035070695144557774,0.0369173017869742,10
UniGCN,diagnostics,un,70,0.035853214750886805,0.0009161102985013079,0.0349371044523855,0.03676932504938811,10
UniGCN,diagnostics,un,71,0.03571577672663691,0.0009091022333451807,0.03480667449329173,0.036624878959982086,10
UniGCN,diagnostics,un,72,0.035581565097424286,0.0009022711529635152,0.03467929394446077,0.0364838362503878,10
UniGCN,diagnostics,un,73,0.03545046698705895,0.0008956093749451266,0.03455485761211382,0.03634607636200408,10
UniGCN,diagnostics,un,74,0.03532237547706244,0.0008891095164059996,0.03443326596065644,0.03621148499346844,10
UniGCN,diagnostics,un,75,0.035197189186484394,0.0008827644998572119,0.03431442468662718,0.036079953686341606,10
UniGCN,diagnostics,un,76,0.035074811888724446,0.0008765675562026522,0.03419824433252179,0.0359513794449271,10
UniGCN,diagnostics,un,77,0.03495515216141737,0.000870512225248641,0.034084639936168726,0.03582566438666601,10
UniGCN,diagnostics,un,78,0.03483812306592349,0.0008645923540689198,0.03397353071185457,0.035702715419992405,10
UniGCN,diagnostics,un,79,0.034723641853385515,0.0008588020935342238,0.033864839759851294,0.035582443946919735,10
UniGCN,diagnostics,un,80,0.03461162969467648,0.0008531358932835472,0.03375849380139293,0.03546476558796003,10
UniGCN,diagnostics,un,81,0.0345020114318792,0.0008475884953858278,0.03365442293649337,0.035349599927265024,10
UniGCN,diagnostics,un,82,0.03439471534921103,0.0008421549269143072,0.03355256042229672,0.035236870276125334,10
UniGCN,diagnostics,un,83,0.034289672961547404,0.0008368304916319594,0.03345284246991544,0.035126503453179365,10
UniGCN,diagnostics,un,84,0.03418681881890484,0.0008316107609646967,0.03335520805794014,0.03501842957986954,10
UniGCN,diagnostics,un,85,0.03408609032542558,0.0008264915644189341,0.03325959876100665,0.034912581889844516,10
UniGCN,diagnostics,un,86,0.0339874275715656,0.0008214689795823492,0.03316595859198325,0.03480889655114795,10
UniGCN,diagnostics,un,87,0.033890773178325624,0.000816539321829878,0.033074233856495744,0.034707312500155504,10
UniGCN,diagnostics,un,88,0.03379607215248741,0.0008116991338423505,0.032984373018645055,0.03460777128632976,10
UniGCN,diagnostics,un,89,0.03370327175192462,0.0008069451750313427,0.03289632657689328,0.03451021692695596,10
UniGCN,diagnostics,un,90,0.033612321360151694,0.0008022744109517791,0.032810046949199916,0.03441459577110347,10
UniGCN,diagnostics,un,91,0.03352317236935741,0.0007976840027724982,0.03272548836658491,0.03432085637212991,10
UniGCN,diagnostics,un,92,0.03343577807124366,0.0007931712968652308,0.032642606774378434,0.03422894936810889,10
UniGCN,diagnostics,un,93,0.033350093555054576,0.00078873381456317,0.03256135974049141,0.03413882736961774,10
UniGCN,diagnostics,un,94,0.03326607561223925,0.0007843692421324233,0.032481706370106826,0.03405044485437168,10
UniGCN,diagnostics,un,95,0.0331836826472427,0.0007800754209923447,0.03240360722625036,0.033963758068235046,10
UniGCN,diagnostics,un,96,0.033102874593965076,0.0007758503382140954,0.03232702425575098,0.03387872493217917,10
UniGCN,diagnostics,un,97,0.03302361283747048,0.0007716921173214208,0.03225192072014906,0.033795304954791903,10
UniGCN,diagnostics,un,98,0.03294586014056291,0.0007675990094120188,0.03217826113115089,0.03371345914997493,10
UniGCN,diagnostics,un,99,0.03286958057487978,0.000763569384613729,0.03210601119026605,0.03363314995949351,10
UniGCN,diagnostics,un,100,0.03279473945618283,0.0007596017238856856,0.032035137732297145,0.03355434118006852,10
UniGCN,diagnostics,un,101,0.03272130328355281,0.0007556946111709104,0.0319656086723819,0.03347699789472373,10
UniGCN,diagnostics,un,102,0.03264923968221796,0.0007518467259040191,0.03189739295631394,0.03340108640812198,10
UniGCN,diagnostics,un,103,0.03257851734976823,0.0007480568358749005,0.03183046051389333,0.03332657418564313,10
UniGCN,diagnostics,un,104,0.032509106005526464,0.0007443237904469103,0.03176478221507956,0.03325342979597337,10
UniGCN,diagnostics,un,105,0.03244097634286565,0.0007406465141263039,0.03170032982873935,0.03318162285699195,10
UniGCN,diagnostics,un,106,0.032374099984277205,0.0007370240004777274,0.03163707598379948,0.03311112398475493,10
UniGCN,diagnostics,un,107,0.03230844943901043,0.0007334553063793659,0.03157499413263106,0.033041904745389795,10
UniGCN,diagnostics,un,108,0.03224399806311588,0.0007299395466100425,0.03151405851650584,0.032973937609725924,10
UniGCN,diagnostics,un,109,0.03218072002173854,0.0007264758887596097,0.031454244132978926,0.03290719591049815,10
UniGCN,diagnostics,un,110,0.03211859025351687,0.0007230635484531899,0.03139552670506368,0.03284165380197006,10
UniGCN,diagnostics,un,111,0.03205758443695507,0.0007197017848791331,0.03133788265207594,0.0327772862218342,10
UniGCN,diagnostics,un,112,0.0319976789586443,0.0007163898966102172,0.03128128906203408,0.03271406885525451,10
UniGCN,diagnostics,un,113,0.03193885088321814,0.0007131272177070126,0.03122572366551113,0.032651978100925155,10
UniGCN,diagnostics,un,114,0.03188107792493476,0.0007099131140923268,0.031171164810842436,0.03259099103902709,10
UniGCN,diagnostics,un,115,0.031824338420786205,0.0007067469801853363,0.03111759144060087,0.03253108540097154,10
UniGCN,diagnostics,un,116,0.0317686113050416,0.0007036282357839998,0.031064983069257597,0.0324722395408256,10
UniGCN,diagnostics,un,117,0.03171387608513739,0.0007005563231843797,0.031013319761953012,0.03241443240832177,10
UniGCN,diagnostics,un,118,0.031660112818833644,0.0006975307045254515,0.030962582114308194,0.0323576435233591,10
UniGCN,diagnostics,un,119,0.03160730209256056,0.0006945508593482927,0.030912751233212268,0.032301852951908856,10
UniGCN,diagnostics,un,120,0.03155542500088463,0.0006916162823585308,0.0308638087185261,0.03224704128324316,10
UniGCN,diagnostics,un,121,0.03150446312702794,0.0006887264813812329,0.030815736645646706,0.032193189608409174,10
UniGCN,diagnostics,un,122,0.03145439852437911,0.0006858809754976408,0.03076851754888147,0.03214027949987675,10
UniGCN,diagnostics,un,123,0.03140521369893745,0.0006830792933534627,0.030722134405583988,0.032088292992290914,10
UniGCN,diagnostics,un,124,0.03135689159263659,0.000680320971628592,0.030676570621008,0.032037212564265186,10
UniGCN,diagnostics,un,125,0.03130941556749618,0.0006776055536586312,0.03063181001383755,0.03198702112115481,10
UniGCN,diagnostics,un,126,0.031262769390554605,0.0006749325881987284,0.030587836802355876,0.031937701978753334,10
UniGCN,diagnostics,un,127,0.031216937219537395,0.0006723016283206968,0.030544635591216698,0.03188923884785809,10
UniGCN,diagnostics,un,128,0.031171903589220017,0.0006697122304346254,0.03050219135878539,0.03184161581965464,10
UniGCN,diagnostics,un,129,0.031127653398445376,0.000667163953426652,0.030460489445018724,0.03179481735187203,10
UniGCN,diagnostics,un,130,0.031084171897759187,0.0006646563579047687,0.03041951553985442,0.031748828255663955,10
UniGCN,diagnostics,un,131,0.03104144467762863,0.0006621890055449968,0.030379255672083636,0.03170363368317363,10
UniGCN,diagnostics,un,132,0.0309994576572117,0.0006597614585305284,0.03033969619868117,0.03165921911574223,10
UniGCN,diagnostics,un,133,0.030958197073646658,0.000657373279076861,0.030300823794569796,0.03161557035272352,10
UniGCN,diagnostics,un,134,0.030917649471832936,0.000655024029036147,0.03026262544279679,0.031572673500869085,10
UniGCN,diagnostics,un,135,0.03087780169467631,0.0006527132695744735,0.030225088425101836,0.031530514964250786,10
UniGCN,diagnostics,un,136,0.030838640873773186,0.0006504405609159434,0.030188200312857242,0.03148908143468913,10
UniGCN,diagnostics,un,137,0.030800154420509845,0.0006482054621479649,0.03015194895836188,0.03144835988265781,10
UniGCN,diagnostics,un,138,0.030762330017554358,0.000646007531082158,0.0301163224864722,0.03140833754863652,10
UniGCN,diagnostics,un,139,0.030725155610720024,0.0006438463241659115,0.03008130928655411,0.03136900193488593,10
UniGCN,diagnostics,un,140,0.03068861940118022,0.0006417213964396754,0.030046898004740547,0.0313303407976199,10
UniGCN,diagnostics,un,141,0.030652709838016205,0.0006396323015354625,0.030013077536480744,0.03129234213955167,10
UniGCN,diagnostics,un,142,0.030617415611079966,0.0006375785917123314,0.029979837019367635,0.0312549942027923,10
UniGCN,diagnostics,un,143,0.0305827256441557,0.000635559817924762,0.029947165826230936,0.031218285462080463,10
UniGCN,diagnostics,un,144,0.03054862908840413,0.0006335755299202271,0.029915053558483902,0.031182204618324355,10
UniGCN,diagnostics,un,145,0.03051511531607488,0.0006316252763624489,0.02988349003971243,0.03114674059243733,10
UniGCN,diagnostics,un,146,0.030482173914473203,0.0006297086049770189,0.029852465309496184,0.031111882519450223,10
UniGCN,diagnostics,un,147,0.030449794680167598,0.0006278250627163814,0.029821969617451215,0.03107761974288398,10
UniGCN,diagnostics,un,148,0.030417967613426362,0.0006259741959413172,0.029791993417485046,0.03104394180936768,10
UniGCN,diagnostics,un,149,0.030386682912871027,0.0006241555506162918,0.029762527362254734,0.03101083846348732,10
UniGCN,diagnostics,un,150,0.030355930970336002,0.0006223686725162458,0.029733562297819757,0.030978299642852248,10
UniGCN,diagnostics,un,151,0.030325702365923784,0.0006206131074426044,0.029705089258481178,0.03094631547336639,10
UniGCN,diagnostics,un,152,0.03029598786324616,0.0006188884014463561,0.0296770994617998,0.030914876264692515,10
UniGCN,diagnostics,un,153,0.030266778404841977,0.0006171941010564309,0.029649584303785545,0.03088397250589841,10
UniGCN,diagnostics,un,154,0.03023806510776289,0.0006155297535114961,0.029622535354251394,0.030853594861274387,10
UniGCN,diagnostics,un,155,0.03020983925931876,0.0006138949069936859,0.029595944352325074,0.030823734166312445,10
UniGCN,diagnostics,un,156,0.030182092312974966,0.000612289110862799,0.029569803202112166,0.030794381423837766,10
UniGCN,diagnostics,un,157,0.030154815884394264,0.0006107119158896454,0.02954410396850462,0.03076552780028391,10
UniGCN,diagnostics,un,158,0.030128001747616255,0.0006091628744873227,0.029518838873128932,0.030737164622103578,10
UniGCN,diagnostics,un,159,0.03010164183136787,0.0006076415409394789,0.02949400029042839,0.03070928337230735,10
UniGCN,diagnostics,un,160,0.03007572821549879,0.0006061474716245074,0.02946958074387428,0.030681875687123297,10
UniGCN,diagnostics,un,161,0.030050253127535675,0.0006046802252348876,0.02944557290230079,0.03065493335277056,10
UniGCN,diagnostics,un,162,0.030025208939350078,0.0006032393629909257,0.029421969576359154,0.030628448302341002,10
UniGCN,diagnostics,un,163,0.030000588163934316,0.0006018244488482568,0.029398763715086058,0.030602412612782574,10
UniGCN,diagnostics,un,164,0.029976383452280736,0.0006004350496985326,0.029375948402582203,0.03057681850197927,10
UniGCN,diagnostics,un,165,0.029952587590359504,0.0005990707355628556,0.029353516854796646,0.03055165832592236,10
UniGCN,diagnostics,un,166,0.029929193496190436,0.0005977310797774888,0.02933146241641295,0.030526924575967923,10
UniGCN,diagnostics,un,167,0.0299061942170049,0.0005964156591716127,0.029309778557833288,0.030502609876176513,10
UniGCN,diagnostics,un,168,0.029883582926493485,0.0005951240542367706,0.029288458872256715,0.030478706980730255,10
UniGCN,diagnostics,un,169,0.029861352922135976,0.0005938558492878099,0.029267497072848165,0.030455208771423787,10
UniGCN,diagnostics,un,170,0.029839497622609894,0.0005926106326152516,0.02924688698999464,0.030432108255225146,10
UniGCN,diagnostics,un,171,0.029818010565274312,0.0005913879966288583,0.029226622568645454,0.03040939856190317,10
UniGCN,diagnostics,un,172,0.029796885403725614,0.0005901875379924237,0.02920669786573319,0.030387072941718038,10
UniGCN,diagnostics,un,173,0.029776115905422444,0.0005890088577497713,0.02918710704767267,0.030365124763172217,10
UniGCN,diagnostics,un,174,0.029755695949376625,0.0005878515614419379,0.029167844387934686,0.030343547510818563,10
UniGCN,diagnostics,un,175,0.029735619523907596,0.0005867152592156391,0.029148904264691956,0.030322334783123236,10
UniGCN,diagnostics,un,176,0.02971588072445765,0.0005855995659230989,0.02913028115853455,0.03030148029038075,10
UniGCN,diagnostics,un,177,0.029696473751465575,0.000584504101213333,0.029111969650252242,0.030280977852678907,10
UniGCN,diagnostics,un,178,0.02967739290829637,0.0005834284896150741,0.029093964418681294,0.030260821397911444,10
UniGCN,diagnostics,un,179,0.02965863259922477,0.0005823723606114469,0.029076260238613323,0.03024100495983622,10
UniGCN,diagnostics,un,180,0.029640187327470657,0.0005813353487066063,0.02905885197876405,0.030221522676177264,10
UniGCN,diagnostics,un,181,0.029622051693284118,0.0005803170934845672,0.02904173459979955,0.030202368786768685,10
UniGCN,diagnostics,un,182,0.029604220392078474,0.0005793172396603446,0.02902490315241813,0.030183537631738817,10
UniGCN,diagnostics,un,183,0.029586688212609437,0.0005783354371237208,0.029008352775485715,0.03016502364973316,10
UniGCN,diagnostics,un,184,0.029569450035198612,0.0005773713409758671,0.028992078694222746,0.030146821376174478,10
UniGCN,diagnostics,un,185,0.029552500829999818,0.0005764246115589612,0.028976076218440856,0.03012892544155878,10
UniGCN,diagnostics,un,186,0.029535835655306653,0.0005754949144792022,0.02896034074082745,0.030111330569785856,10
UniGCN,diagnostics,un,187,0.029519449655899845,0.0005745819206233701,0.028944867735276474,0.030094031576523215,10
UniGCN,diagnostics,un,188,0.02950333806143296,0.0005736853061692166,0.028929652755263744,0.030077023367602176,10
UniGCN,diagnostics,un,189,0.029487496184855234,0.0005728047525899405,0.028914691432265292,0.030060300937445175,10
UniGCN,diagnostics,un,190,0.029471919420870147,0.0005719399466530727,0.028899979474217075,0.03004385936752322,10
UniGCN,diagnostics,un,191,0.029456603244428652,0.0005710905804139091,0.028885512664014745,0.03002769382484256,10
UniGCN,diagnostics,un,192,0.02944154320925584,0.0005702563512038848,0.028871286858051955,0.030011799560459722,10
UniGCN,diagnostics,un,193,0.029426734946409953,0.000569436961614041,0.028857297984795912,0.029996171908023995,10
UniGCN,diagnostics,un,194,0.029412174162872774,0.0005686321194739367,0.028843542043398836,0.02998080628234671,10
UniGCN,diagnostics,un,195,0.029397856640170295,0.0005678415378261576,0.028830015102344137,0.029965698177996453,10
UniGCN,diagnostics,un,196,0.029383778233022812,0.0005670649348967584,0.028816713298126052,0.029950843167919572,10
UniGCN,diagnostics,un,197,0.02936993486802351,0.000566302034061843,0.02880363283396167,0.029936236902085352,10
UniGCN,diagnostics,un,198,0.029356322542344652,0.0005655525638104961,0.028790769978534157,0.029921875106155148,10
UniGCN,diagnostics,un,199,0.02934293732247057,0.0005648162577043911,0.02877812106476618,0.029907753580174962,10
UniGCN,diagnostics,un,200,0.029329775342956665,0.0005640928543341635,0.0287656824886225,0.02989386819729083,10
UniGCN,diagnostics,un,201,0.029316832805213723,0.0005633820972729178,0.028753450707940807,0.02988021490248664,10
UniGCN,diagnostics,un,202,0.029304105976316653,0.0005626837350269749,0.02874142224128968,0.029866789711343628,10
UniGCN,diagnostics,un,203,0.029291591187837206,0.0005619975209841256,0.02872959366685308,0.029853588708821332,10
UniGCN,diagnostics,un,204,0.029279284834699777,0.0005613232133595541,0.028717961621340223,0.029840608048059332,10
UniGCN,diagnostics,un,205,0.029267183374059848,0.000560660575139674,0.028706522798920175,0.02982784394919952,10
UniGCN,diagnostics,un,206,0.029255283324204313,0.0005600093740240128,0.0286952739501803,0.029815292698228326,10
UniGCN,diagnostics,un,207,0.029243581263473224,0.000559369382365373,0.02868421188110785,0.029802950645838596,10
UniGCN,diagnostics,un,208,0.02923207382920235,0.0005587403771083994,0.02867333345209395,0.02979081420631075,10
UniGCN,diagnostics,un,209,0.029220757716685936,0.000558122139726745,0.02866263557695919,0.02977887985641268,10
UniGCN,diagnostics,un,210,0.029209629678159356,0.0005575144561590105,0.028652115222000344,0.029767144134318368,10
UniGCN,diagnostics,un,211,0.029198686521800937,0.000556917116743551,0.028641769405057388,0.029755603638544487,10
UniGCN,diagnostics,un,212,0.029187925110752612,0.0005563299161523734,0.028631595194600238,0.029744255026904986,10
UniGCN,diagnostics,un,213,0.02917734236215889,0.0005557526533241953,0.028621589708834695,0.029733095015483088,10
UniGCN,diagnostics,un,214,0.029166935246223814,0.0005551851313968298,0.028611750114826983,0.029722120377620644,10
UniGCN,diagnostics,un,215,0.02915670078528526,0.0005546271576390612,0.0286020736276462,0.02971132794292432,10
UniGCN,diagnostics,un,216,0.029146636052906405,0.0005540785433819972,0.028592557509524406,0.029700714596288404,10
UniGCN,diagnostics,un,217,0.029136738172983855,0.0005535391039501808,0.028583199069033675,0.029690277276934036,10
UniGCN,diagnostics,un,218,0.029127004318872045,0.000553008658592468,0.028573995660279575,0.029680012977464514,10
UniGCN,diagnostics,un,219,0.029117431712523623,0.0005524870304127577,0.028564944682110866,0.02966991874293638,10
UniGCN,diagnostics,un,220,0.029108017623645305,0.0005519740463007386,0.028556043577344568,0.029659991669946043,10
UniGCN,diagnostics,un,221,0.02909875936886912,0.0005514695368626974,0.028547289832006422,0.02965022890573182,10
UniGCN,diagnostics,un,222,0.02908965431093844,0.0005509733363524675,0.028538680974585975,0.029640627647290908,10
UniGCN,diagnostics,un,223,0.029080699857908694,0.0005504852826026067,0.028530214575306086,0.0296311851405113,10
UniGCN,diagnostics,un,224,0.029071893462362258,0.0005500052169559034,0.028521888245406354,0.02962189867931816,10
UniGCN,diagnostics,un,225,0.029063232620637435,0.0005495329841972299,0.028513699636440206,0.029612765604834664,10
UniGCN,diagnostics,un,226,0.029054714872071053,0.0005490684324858547,0.028505646439585197,0.02960378330455691,10
UniGCN,diagnostics,un,227,0.029046337798254534,0.0005486114132882041,0.02849772638496633,0.029594949211542737,10
UniGCN,diagnostics,un,228,0.029038099022303067,0.000548161781311218,0.028489937240991848,0.029586260803614286,10
UniGCN,diagnostics,un,229,0.02902999620813764,0.0005477193944363135,0.02848227681370133,0.029577715602573953,10
UniGCN,diagnostics,un,230,0.029022027059779805,0.0005472841136539149,0.02847474294612589,0.02956931117343372,10
UniGCN,diagnostics,un,231,0.029014189320658624,0.000546855802998769,0.028467333517659853,0.029561045123657394,10
UniGCN,diagnostics,un,232,0.029006480772929954,0.0005464343294859105,0.028460046443444045,0.029552915102415863,10
UniGCN,diagnostics,un,233,0.028998899236807475,0.0005460195630474543,0.02845287967376002,0.02954491879985493,10
UniGCN,diagnostics,un,234,0.02899144256990549,0.0005456113764701017,0.028445831193435387,0.029537053946375593,10
UniGCN,diagnostics,un,235,0.028984108666593074,0.0005452096453335327,0.028438899021259543,0.029529318311926605,10
UniGCN,diagnostics,un,236,0.02897689545735956,0.0005448142479496302,0.02843208120940993,0.02952170970530919,10
UniGCN,diagnostics,un,237,0.02896980090819095,0.0005444250653025563,0.028425375842888394,0.029514225973493506,10
UniGCN,diagnostics,un,238,0.028962823019957194,0.0005440419809897159,0.02841878103896748,0.02950686500094691,10
UniGCN,diagnostics,un,239,0.028955959827810084,0.000543664881163679,0.028412294946646405,0.029499624708973764,10
UniGCN,diagnostics,un,240,0.02894920940059152,0.0005432936544749218,0.028405915746116596,0.02949250305506644,10
UniGCN,diagnostics,un,241,0.02894256984025202,0.0005429281920156194,0.0283996416482364,0.02948549803226764,10
UniGCN,diagnostics,un,242,0.028936039281279365,0.0005425683872643235,0.02839347089401504,0.02947860766854369,10
UniGCN,diagnostics,un,243,0.028929615890136928,0.0005422141360315611,0.028387401754105368,0.02947183002616849,10
UniGCN,diagnostics,un,244,0.02892329786471185,0.0005418653364064707,0.02838143252830538,0.029465163201118322,10
UniGCN,diagnostics,un,245,0.02891708343377262,0.000541521888704344,0.02837556154506828,0.029458605322476964,10
UniGCN,diagnostics,un,246,0.02891097085643605,0.0005411836954151565,0.028369787161020895,0.02945215455185121,10
UniGCN,diagnostics,un,247,0.028904958421643402,0.0005408506611530611,0.02836410776049034,0.029445809082796464,10
UniGCN,diagnostics,un,248,0.02889904444764555,0.0005405226926068786,0.02835852175503867,0.02943956714025243,10
UniGCN,diagnostics,un,249,0.02889322728149694,0.0005401996984914826,0.02835302758300546,0.029433426979988422,10
UniGCN,diagnostics,un,250,0.02888750529855833,0.0005398815895002563,0.028347623709058075,0.02942738688805859,10
UniGCN,diagnostics,un,251,0.028881876902008014,0.0005395682782584027,0.02834230862374961,0.029421445180266417,10
UniGCN,diagnostics,un,252,0.028876340522361477,0.0005392596792772874,0.02833708084308419,0.029415600201638765,10
UniGCN,diagnostics,un,253,0.028870894616999272,0.0005389557089097014,0.02833193890808957,0.029409850325908975,10
UniGCN,diagnostics,un,254,0.02886553766970305,0.0005386562853060526,0.028326881384397,0.0294041939550091,10
UniGCN,diagnostics,un,255,0.028860268190199517,0.0005383613283715414,0.028321906861827974,0.02939862951857106,10
UniGCN,diagnostics,un,256,0.02885508471371226,0.0005380707597241891,0.02831701395398807,0.029393155473436447,10
UniGCN,diagnostics,sym,0,1.0,0.0,1.0,1.0,10
UniGCN,diagnostics,sym,1,0.5216835252278565,0.0076368080670633455,0.5140467171607932,0.5293203332949199,10
UniGCN,diagnostics,sym,2,0.3059118617675859,0.005702559784673879,0.300209301982912,0.31161442155225977,10
UniGCN,diagnostics,sym,3,0.2123653173270732,0.005045706732669758,0.20731961059440343,0.21741102405974297,10
UniGCN,diagnostics,sym,4,0.1626231995832829,0.00477926706934531,0.15784393251393758,0.1674024666526282,10
UniGCN,diagnostics,sym,5,0.13205869552533245,0.004457952953277862,0.1276007425720546,0.1365166484786103,10
UniGCN,diagnostics,sym,6,0.11147815082032567,0.004093797145088645,0.10738435367523702,0.11557194796541431,10
UniGCN,diagnostics,sym,7,0.09664668385322882,0.0037181909944636734,0.09292849285876514,0.10036487484769249,10
UniGCN,diagnostics,sym,8,0.08536996118872021,0.003351155290874395,0.08201880589784583,0.0887211164795946,10
UniGCN,diagnostics,sym,9,0.07643113133326059,0.0030058126197395254,0.07342531871352106,0.0794369439530001,10
UniGCN,diagnostics,sym,10,0.06911945100339609,0.0026909617320570703,0.06642848927133901,0.07181041273545316,10
UniGCN,diagnostics,sym,11,0.06299895545123915,0.0024123294167860054,0.060586626034453146,0.06541128486802515,10
UniGCN,diagnostics,sym,12,0.05778860141251756,0.0021732182184524733,0.05561538319406508,0.05996181963097003,10
UniGCN,diagnostics,sym,13,0.053297931682556185,0.0019747928395645875,0.0513231388429916,0.05527272452212077,10
UniGCN,diagnostics,sym,14,0.04939154439803561,0.0018161862215216938,0.04757535817651391,0.0512077306195573,10
UniGCN,diagnostics,sym,15,0.04596892979286144,0.0016946145962481324,0.04427431519661331,0.04766354438910957,10
UniGCN,diagnostics,sym,16,0.04295269280862875,0.0016056708882103753,0.04134702192041837,0.044558363696839125,10
UniGCN,diagnostics,sym,17,0.0402814496392351,0.0015438650102806727,0.03873758462895443,0.04182531464951577,10
UniGCN,diagnostics,sym,18,0.037905387506166933,0.001503322048487402,0.03640206545767953,0.039408709554654336,10
UniGCN,diagnostics,sym,19,0.035783379418525676,0.0014784455459459626,0.03430493387257971,0.03726182496447164,10
UniGCN,diagnostics,sym,20,0.03388103205091451,0.001464380185173317,0.03241665186574119,0.03534541223608782,10
UniGCN,diagnostics,sym,21,0.03216931092478794,0.0014572212939629396,0.030712089630825,0.03362653221875088,10
UniGCN,diagnostics,sym,22,0.030623534864078556,0.0014540186783316659,0.02916951618574689,0.03207755354241022,10
UniGCN,diagnostics,sym,23,0.02922261516689222,0.0014526600971201489,0.02776995506977207,0.03067527526401237,10
UniGCN,diagnostics,sym,24,0.027948462948280607,0.001451708735730695,0.026496754212549913,0.0294001716840113,10
UniGCN,diagnostics,sym,25,0.026785516276678856,0.001450241146595537,0.02533527513008332,0.02823575742327439,10
UniGCN,diagnostics,sym,26,0.025720355601648925,0.0014477074837822275,0.024272648117866696,0.027168063085431154,10
UniGCN,diagnostics,sym,27,0.024741386305529224,0.0014438203121322302,0.023297565993396992,0.026185206617661456,10
UniGCN,diagnostics,sym,28,0.02383857368881944,0.001438470491423912,0.022400103197395528,0.025277044180243353,10
UniGCN,diagnostics,sym,29,0.023003219858279453,0.0014316656777757855,0.021571554180503667,0.02443488553605524,10
UniGCN,diagnostics,sym,30,0.022227774726965355,0.0014234864872213165,0.020804288239744038,0.02365126121418667,10
UniGCN,diagnostics,sym,31,0.021505675190932078,0.0014140559055188951,0.020091619285413184,0.02291973109645097,10
UniGCN,diagnostics,sym,32,0.02083120784065549,0.0014035183751401016,0.019427689465515388,0.022234726215795593,10
UniGCN,diagnostics,sym,33,0.020199391494143775,0.0013920258229662694,0.018807365671177505,0.021591417317110045,10
UniGCN,diagnostics,sym,34,0.01960587652624935,0.00137972859533759,0.018226147930911762,0.02098560512158694,10
UniGCN,diagnostics,sym,35,0.01904685849247286,0.001366769819340594,0.01768008867313227,0.020413628311813453,10
UniGCN,diagnostics,sym,36,0.018519003955241843,0.001353282125923195,0.017165721829318647,0.01987228608116504,10
UniGCN,diagnostics,sym,37,0.018019386748544412,0.0013393859774297418,0.01668000077111467,0.019358772725974156,10
UniGCN,diagnostics,sym,38,0.017545433184282717,0.001325189064963464,0.016220244119319254,0.01887062224924618,10
UniGCN,diagnostics,sym,39,0.017094874925242972,0.001310786401109148,0.015784088524133825,0.01840566132635212,10
UniGCN,diagnostics,sym,40,0.016665708435186357,0.001296260847829248,0.015369447587357109,0.017961969283015605,10
UniGCN,diagnostics,sym,41,0.016256160073401776,0.0012816839004750839,0.014974476172926693,0.01753784397387686,10
UniGCN,diagnostics,sym,42,0.01586465603438925,0.0012671166061805606,0.014597539428208689,0.01713177264056981,10
UniGCN,diagnostics,sym,43,0.015489796447153325,0.0012526105352237162,0.01423718591192961,0.016742406982377042,10
UniGCN,diagnostics,sym,44,0.015130333045997677,0.0012382087521475664,0.013892124293850111,0.016368541798145245,10
UniGCN,diagnostics,sym,45,0.01478514990822544,0.0012239467530372947,0.013561203155188146,0.016009096661262736,10
UniGCN,diagnostics,sym,46,0.014453246825813037,0.0012098533488647612,0.013243393476948275,0.0156631001746778,10
UniGCN,diagnostics,sym,47,0.014133724939644482,0.0011959514840237208,0.012937773455620761,0.015329676423668203,10
UniGCN,diagnostics,sym,48,0.013825774317708497,0.0011822589853645454,0.012643515332343952,0.015008033303073043,10
UniGCN,diagnostics,sym,49,0.013528663203997555,0.0011687892411021612,0.012359873962895394,0.014697452445099716,10
UniGCN,diagnostics,sym,50,0.013241728703754726,0.0011555518115595844,0.012086176892195141,0.01439728051531431,10
UniGCN,diagnostics,sym,51,0.01296436870409306,0.0011425529752781564,0.011821815728814904,0.014106921679371217,10
UniGCN,diagnostics,sym,52,0.0126960348576384,0.0011297962148971534,0.011566238642741247,0.013825831072535552,10
UniGCN,diagnostics,sym,53,0.012436226481389725,0.0011172826476078643,0.011318943833781861,0.013553509128997589,10
UniGCN,diagnostics,sym,54,0.012184485244026749,0.0011050114050796147,0.011079473838947133,0.013289496649106364,10
UniGCN,diagnostics,sym,55,0.011940390532920276,0.0010929799676495091,0.010847410565270766,0.013033370500569786,10
UniGCN,diagnostics,sym,56,0.011703555407543939,0.0010811844573406207,0.010622370950203318,0.01278473986488456,10
UniGCN,diagnostics,sym,57,0.011473623059214611,0.0010696198939778101,0.010404003165236802,0.01254324295319242,10
UniGCN,diagnostics,sym,58,0.011250263708419726,0.0010582804183419793,0.010191983290077746,0.012308544126761705,10
UniGCN,diagnostics,sym,59,0.01103317188069472,0.0010471594859656837,0.009986012394729037,0.012080331366660403,10
UniGCN,diagnostics,sym,60,0.01082206401032645,0.0010362500348409102,0.00978581397548554,0.011858314045167361,10
UniGCN,diagnostics,sym,61,0.010616676328278826,0.0010255446299925399,0.009591131698286286,0.011642220958271367,10
UniGCN,diagnostics,sym,62,0.010416762996837086,0.0010150355875739184,0.009401727409263167,0.011431798584411006,10
UniGCN,diagnostics,sym,63,0.010222094458693957,0.001004715080866549,0.009217379377827408,0.011226809539560506,10
UniGCN,diagnostics,sym,64,0.010032455972680408,0.000994575230314937,0.009037880742365471,0.011027031202995344,10
UniGCN,diagnostics,sym,65,0.009847646312184096,0.000984608179499837,0.00886303813268426,0.010832254491683933,10
UniGCN,diagnostics,sym,66,0.009667476605591533,0.0009748061587473504,0.008692670446844183,0.010642282764338883,10
UniGCN,diagnostics,sym,67,0.009491769300915142,0.0009651615378861692,0.008526607763028974,0.010456930838801311,10
UniGCN,diagnostics,sym,68,0.00932035723919075,0.0009556668694991571,0.008364690369691593,0.010276024108689908,10
UniGCN,diagnostics,sym,69,0.00915308282331263,0.0009463149238666195,0.008206767899446011,0.010099397747179249,10
UniGCN,diagnostics,sym,70,0.008989797270761504,0.0009370987166655078,0.008052698554095997,0.009926895987427012,10
UniGCN,diagnostics,sym,71,0.008830359940217695,0.0009280115303698166,0.007902348409847878,0.009758371470587512,10
UniGCN,diagnostics,sym,72,0.008674637723373528,0.0009190469301910986,0.00775559079318243,0.009593684653564628,10
UniGCN,diagnostics,sym,73,0.008522504494396654,0.0009101987753031018,0.007612305719093552,0.009432703269699756,10
UniGCN,diagnostics,sym,74,0.008373840610475462,0.0009014612260096906,0.007472379384465772,0.009275301836485153,10
UniGCN,diagnostics,sym,75,0.008228532457722247,0.0008928287474395008,0.0073357037102827465,0.009121361205161748,10
UniGCN,diagnostics,sym,76,0.008086472037437972,0.0008842961102831274,0.007202175927154844,0.0089707681477211,10
UniGCN,diagnostics,sym,77,0.007947556588371225,0.0008758583890282599,0.007071698199342965,0.008823414977399484,10
UniGCN,diagnostics,sym,78,0.007811688241147259,0.0008675109580942681,0.006944177283052991,0.008679199199241528,10
UniGCN,diagnostics,sym,79,0.007678773701513082,0.0008592494862195699,0.006819524215293512,0.008538023187732651,10
UniGCN,diagnostics,sym,80,0.007548723959451303,0.0008510699294121886,0.006697654030039114,0.008399793888863492,10
UniGCN,diagnostics,sym,81,0.007421454021568454,0.00084296852273559,0.006578485498832864,0.008264422544304043,10
UniGCN,diagnostics,sym,82,0.007296882664469527,0.0008349417711676867,0.006461940893301841,0.008131824435637215,10
UniGCN,diagnostics,sym,83,0.007174932207096642,0.0008269864397405021,0.00634794576735614,0.008001918646837145,10
UniGCN,diagnostics,sym,84,0.0070555283002412626,0.0008190995431408464,0.006236428757100416,0.00787462784338211,10
UniGCN,diagnostics,sym,85,0.006938599731641198,0.0008112783349282927,0.006127321396712905,0.007749878066569491,10
UniGCN,diagnostics,sym,86,0.006824078245249663,0.0008035202965052692,0.006020557948744394,0.007627598541754933,10
UniGCN,diagnostics,sym,87,0.006711898373417595,0.0007958231259551158,0.005916075247462479,0.00750772149937271,10
UniGCN,diagnostics,sym,88,0.006601997280865182,0.0007881847268470862,0.005813812554018096,0.007390182007712268,10
UniGCN,diagnostics,sym,89,0.006494314619436697,0.0007806031970923652,0.005713711422344332,0.007274917816529063,10
UniGCN,diagnostics,sym,90,0.006388792392736468,0.000773076817921991,0.0056157155748144776,0.007161869210658459,10
UniGCN,diagnostics,sym,91,0.006285374829835266,0.0007656040430459608,0.005519770786789306,0.007050978872881227,10
UniGCN,diagnostics,sym,92,0.006184008267316814,0.0007581834880425642,0.00542582477927425,0.006942191755359378,10
UniGCN,diagnostics,sym,93,0.006084641039005292,0.0007508139200179892,0.005333827118987303,0.006835454959023281,10
UniGCN,diagnostics,sym,94,0.005987223372777724,0.0007434942475684119,0.0052437291252093125,0.006730717620346136,10
UniGCN,diagnostics,sym,95,0.005891707293920854,0.0007362235110698426,0.005155483782851011,0.006627930804990697,10
UniGCN,diagnostics,sym,96,0.005798046534541858,0.0007290008733150746,0.005069045661226784,0.0065270474078569325,10
UniGCN,diagnostics,sym,97,0.005706196448586343,0.0007218256105118163,0.0049843708380745266,0.006428022059098159,10
UniGCN,diagnostics,sym,98,0.005616113932056565,0.0007146971036516152,0.004901416828404949,0.00633081103570818,10
UniGCN,diagnostics,sym,99,0.005527757348057994,0.0007076148302553062,0.004820142517802688,0.0062353721783133,10
UniGCN,diagnostics,sym,100,0.005441086456334017,0.000700578356497356,0.004740508099836661,0.006141664812831373,10
UniGCN,diagnostics,sym,101,0.0053560623469769125,0.0006935873297086797,0.004662475017268233,0.006049649676685592,10
UniGCN,diagnostics,sym,102,0.005272647378028745,0.0006866414712550686,0.004586005906773676,0.0059592888492838135,10
UniGCN,diagnostics,sym,103,0.005190805116708887,0.0006797405697863498,0.004511064546922537,0.005870545686495237,10
UniGCN,diagnostics,sym,104,0.005110500284025653,0.0006728844748497365,0.004437615809175917,0.0057833847588753895,10
UniGCN,diagnostics,sym,105,0.00503169870254838,0.0006660730908593986,0.004365625611688981,0.005697771793407779,10
UniGCN,diagnostics,sym,106,0.004954367247133381,0.0006593063714131877,0.004295060875720193,0.005613673618546569,10
UniGCN,diagnostics,sym,107,0.004878473798412722,0.0006525843139465264,0.0042258894844661955,0.005531058112359248,10
UniGCN,diagnostics,sym,108,0.004803987198868922,0.0006459069547127772,0.004158080244156145,0.0054498941535817,10
UniGCN,diagnostics,sym,109,0.004730877211331609,0.0006392743640788674,0.004091602847252742,0.005370151575410476,10
UniGCN,diagnostics,sym,110,0.004659114479743891,0.0006326866421245647,0.004026427837619326,0.005291801121868456,10
UniGCN,diagnostics,sym,111,0.00458867049205711,0.0006261439145335561,0.003962526577523554,0.0052148144065906656,10
UniGCN,diagnostics,sym,112,0.004519517545122453,0.0006196463287643227,0.0038998712163581303,0.005139163873886776,10
UniGCN,diagnostics,sym,113,0.004451628711457045,0.0006131940504887645,0.003838434660968281,0.0050648227619458095,10
UniGCN,diagnostics,sym,114,0.0043849778077705015,0.0006067872602865767,0.003778190547483925,0.004991765068057078,10
UniGCN,diagnostics,sym,115,0.004319539365145637,0.0006004261505834531,0.0037191132145621836,0.00491996551572909,10
UniGCN,diagnostics,sym,116,0.004255288600774126,0.0005941109228213863,0.00366117767795274,0.004849399523595512,10
UniGCN,diagnostics,sym,117,0.004192201391154507,0.0005878417848495159,0.003604359606304991,0.004780043176004022,10
UniGCN,diagnostics,sym,118,0.004130254246665951,0.0005816189485242434,0.003548635298141708,0.004711873195190195,10
UniGCN,diagnostics,sym,119,0.004069424287436898,0.0005754426275076039,0.0034939816599292945,0.004644866914944502,10
UniGCN,diagnostics,sym,120,0.004009689220432833,0.0005693130352531945,0.0034403761851796383,0.0045790022556860275,10
UniGCN,diagnostics,sym,121,0.003951027317692345,0.0005632303831692806,0.003387796934523064,0.0045142577008616255,10
UniGCN,diagnostics,sym,122,0.003893417395645093,0.0005571948789490586,0.0033362225166960343,0.004450612274594152,10
UniGCN,diagnostics,sym,123,0.003836838795449461,0.0005512067250583815,0.0032856320703910794,0.004388045520507843,10
UniGCN,diagnostics,sym,124,0.0037812713642916356,0.0005452661173716354,0.00323600524692,0.004326537481663271,10
UniGCN,diagnostics,sym,125,0.0037266954375913828,0.0005393732439468018,0.003187322193644581,0.004266068681538185,10
UniGCN,diagnostics,sym,126,0.003673091822063232,0.0005335282839311274,0.0031395635381321046,0.0042066201059943594,10
UniGCN,diagnostics,sym,127,0.0036204417795849117,0.0005277314065891496,0.003092710372995762,0.004148173186174061,10
UniGCN,diagnostics,sym,128,0.003568727011827795,0.0005219827704452304,0.0030467442413825646,0.0040907097822730255,10
UniGCN,diagnostics,sym,129,0.0035179296456068847,0.0005162825225330724,0.003001647123073812,0.004034212168139957,10
UniGCN,diagnostics,sym,130,0.0034680322189104356,0.0005106307977450571,0.0029574014211653787,0.003978663016655492,10
UniGCN,diagnostics,sym,131,0.0034190176675716714,0.000505027718274583,0.0029139899492970885,0.003924045385846254,10
UniGCN,diagnostics,sym,132,0.003370869312547352,0.000499473393144918,0.002871395919402434,0.00387034270569227,10
UniGCN,diagnostics,sym,133,0.0033235708477699897,0.0004939679178184046,0.002829602929951585,0.0038175387655883944,10
UniGCN,diagnostics,sym,134,0.003277106328542531,0.0004885113738801635,0.0027885949546623675,0.0037656177024226944,10
UniGCN,diagnostics,sym,135,0.0032314601604461236,0.000483103828790771,0.0027483563316553525,0.003714563989236895,10
UniGCN,diagnostics,sym,136,0.003186617088733331,0.0004777453357026458,0.0027088717530306854,0.003664362424435977,10
UniGCN,diagnostics,sym,137,0.003142562188180786,0.0004724359333352036,0.0026701262548455822,0.0036149981215159895,10
UniGCN,diagnostics,sym,138,0.003099280853376768,0.0004671756459040836,0.0026321052074726845,0.0035664564992808514,10
UniGCN,diagnostics,sym,139,0.003056758789420637,0.0004619644831000254,0.0025947943063206118,0.0035187232725206624,10
UniGCN,diagnostics,sym,140,0.003014982003012377,0.00045680244011323917,0.0025581795628991377,0.0034717844431256164,10
UniGCN,diagnostics,sym,141,0.0029739367939117687,0.00045168949769932665,0.002522247296212442,0.0034256262916110953,10
UniGCN,diagnostics,sym,142,0.0029336097467478864,0.0004466256222830798,0.0024869841244648068,0.003380235369030966,10
UniGCN,diagnostics,sym,143,0.0028939877231607177,0.000441610766096674,0.0024523769570640435,0.003335598489257392,10
UniGCN,diagnostics,sym,144,0.002855057854257757,0.00043664486734899734,0.0024184129869087596,0.003291702721606754,10
UniGCN,diagnostics,sym,145,0.0028168075333693775,0.000431727850423073,0.0023850796829463046,0.0032485353837924504,10
UniGCN,diagnostics,sym,146,0.0027792244090877475,0.00042685962609869435,0.002352364782989053,0.003206084035186442,10
UniGCN,diagnostics,sym,147,0.0027422963785748724,0.00042204009179760743,0.002320256286777265,0.00316433647037248,10
UniGCN,diagnostics,sym,148,0.0027060115811261914,0.0004172691318487299,0.0022887424492774614,0.0031232807129749213,10
UniGCN,diagnostics,sym,149,0.0026703583919769195,0.0004125466177710669,0.0022578117742058524,0.0030829050097479866,10
UniGCN,diagnostics,sym,150,0.002635325416339026,0.0004078724085721435,0.0022274530077668825,0.00304319782491117,10
UniGCN,diagnostics,sym,151,0.0026009014836574423,0.0004032463510599232,0.002197655132597519,0.0030041478347173655,10
UniGCN,diagnostics,sym,152,0.002567075642074709,0.00039866828016631666,0.0021684073619083924,0.002965743922241026,10
UniGCN,diagnostics,sym,153,0.0025338371530938884,0.00039413801928052513,0.0021396991338133633,0.0029279751723744135,10
UniGCN,diagnostics,sym,154,0.0025011754864301254,0.0003896553805905913,0.002111520105839534,0.0028908308670207166,10
UniGCN,diagnostics,sym,155,0.002469080315041773,0.00038522016543163863,0.002083860149610134,0.0028543004804734116,10
UniGCN,diagnostics,sym,156,0.0024375415103325025,0.0003808321646394075,0.002056709345693095,0.00281837367497191,10
UniGCN,diagnostics,sym,157,0.0024065491375162866,0.00037649115890779405,0.0020300579786084925,0.0027830402964240807,10
UniGCN,diagnostics,sym,158,0.002376093451137601,0.0003721969191491976,0.0020038965319884032,0.0027482903702867986,10
UniGCN,diagnostics,sym,159,0.0023461648907395763,0.0003679492068565856,0.001978215683882991,0.0027141140975961617,10
UniGCN,diagnostics,sym,160,0.0023167540766732865,0.0003637477744662583,0.0019530063022070283,0.0026805018511395448,10
UniGCN,diagnostics,sym,161,0.002287851806041662,0.0003595923657204053,0.0019282594403212565,0.002647444171762067,10
UniGCN,diagnostics,sym,162,0.00225944904877192,0.00035548271602858924,0.0019039663327433307,0.002614931764800509,10
UniGCN,diagnostics,sym,163,0.0022315369438107176,0.0003514185528274012,0.0018801183909833165,0.0025829554966381187,10
UniGCN,diagnostics,sym,164,0.0022041067954365304,0.000347399595937577,0.0018567071994989534,0.0025515063913741074,10
UniGCN,diagnostics,sym,165,0.0021771500696840863,0.00034342555791793967,0.0018337245117661465,0.002520575627602026,10
UniGCN,diagnostics,sym,166,0.0021506583908759264,0.0003394961444155952,0.0018111622464603312,0.0024901545352915217,10
UniGCN,diagnostics,sym,167,0.0021246235382564537,0.00033561105451185427,0.0017890124837445995,0.002460234592768308,10
UniGCN,diagnostics,sym,168,0.0020990374427240625,0.0003317699810634247,0.0017672674616606378,0.002430807423787487,10
UniGCN,diagnostics,sym,169,0.002073892183657175,0.00032797261103845,0.0017459195726187249,0.002401864794695625,10
UniGCN,diagnostics,sym,170,0.0020491799858302464,0.0003242186258470292,0.0017249613599832172,0.0023733986116772753,10
UniGCN,diagnostics,sym,171,0.002024893216415978,0.00032050770166588635,0.0017043855147500916,0.002345400918081864,10
UniGCN,diagnostics,sym,172,0.0020010243820702085,0.0003168395097569153,0.0016841848723132932,0.0023178638918271237,10
UniGCN,diagnostics,sym,173,0.001977566126096099,0.0003132137167793346,0.0016643524093167643,0.0022907798428754332,10
UniGCN,diagnostics,sym,174,0.0019545112256844537,0.0003096299850952526,0.001644881240589201,0.002264141210779706,10
UniGCN,diagnostics,sym,175,0.00193185258922711,0.0003060879730684567,0.0016257646161586532,0.0022379405622955668,10
UniGCN,diagnostics,sym,176,0.001909583253700575,0.00030258733535627486,0.0016069959183443,0.0022121705890568496,10
UniGCN,diagnostics,sym,177,0.0018876963821171443,0.0002991277231943829,0.0015885686589227612,0.0021868241053115273,10
UniGCN,diagnostics,sym,178,0.0018661852610409456,0.0002957087846744716,0.001570476476366474,0.0021618940457154173,10
UniGCN,diagnostics,sym,179,0.0018450432981664423,0.00029233016501468317,0.001552713133151759,0.0021373734631811255,10
UniGCN,diagnostics,sym,180,0.0018242640199570641,0.0002889915068227773,0.0015352725131342869,0.0021132555267798416,10
UniGCN,diagnostics,sym,181,0.0018038410693417602,0.00028569245035199104,0.0015181486189897691,0.0020895335196937513,10
UniGCN,diagnostics,sym,182,0.0017837682034673602,0.00028243263374957327,0.001501335569717787,0.0020662008372169336,10
UniGCN,diagnostics,sym,183,0.001764039291504748,0.0002792116932980098,0.0014848275982067382,0.002043250984802758,10
UniGCN,diagnostics,sym,184,0.0017446483125069475,0.0002760292636489413,0.0014686190488580062,0.002020677576155889,10
UniGCN,diagnostics,sym,185,0.0017255893533173043,0.0002728849780498233,0.001452704375267481,0.0019984743313671274,10
UniGCN,diagnostics,sym,186,0.0017068566065260495,0.00026977846856336013,0.0014370781379626895,0.0019766350750894095,10
UniGCN,diagnostics,sym,187,0.001688444368473602,0.0002667093662797802,0.0014217350021938219,0.001955153734753382,10
UniGCN,diagnostics,sym,188,0.001670347037299046,0.00026367730152201447,0.0014066697357770315,0.0019340243388210605,10
UniGCN,diagnostics,sym,189,0.0016525591110323015,0.0002606819040438592,0.0013918772069884421,0.0019132410150761608,10
UniGCN,diagnostics,sym,190,0.0016350751857285716,0.0002577228032212054,0.0013773523825073661,0.001892797988949777,10
UniGCN,diagnostics,sym,191,0.0016178899536437054,0.00025479962823643325,0.0013630903254072723,0.0018726895818801386,10
UniGCN,diagnostics,sym,192,0.0016009982014492025,0.0002519120082560661,0.0013490861931931364,0.0018529102097052687,10
UniGCN,diagnostics,sym,193,0.0015843948084856188,0.000249059572601797,0.0013353352358838218,0.0018334543810874157,10
UniGCN,diagnostics,sym,194,0.0015680747450532006,0.000246241950914995,0.0013218327941382055,0.0018143166959681957,10
UniGCN,diagnostics,sym,195,0.0015520330707386335,0.00024345877331480653,0.001308574297423827,0.00179549184405344,10
UniGCN,diagnostics,sym,196,0.0015362649327768255,0.00024070967054997845,0.001295555262226847,0.0017769746033268038,10
UniGCN,diagnostics,sym,197,0.001520765564446708,0.00023799427414451988,0.0012827712903021881,0.0017587598385912279,10
UniGCN,diagnostics,sym,198,0.0015055302835000714,0.000235312216537332,0.0012702180669627394,0.0017408425000374035,10
UniGCN,diagnostics,sym,199,0.0014905544906225004,0.00023266313121593602,0.0012578913594065643,0.0017232176218384364,10
UniGCN,diagnostics,sym,200,0.0014758336679255094,0.00023004665284442763,0.0012457870150810817,0.001705880320769937,10
UniGCN,diagnostics,sym,201,0.0014613633774690246,0.00022746241738579194,0.0012339009600832325,0.0016888257948548166,10
UniGCN,diagnostics,sym,202,0.0014471392598133866,0.00022491006221871167,0.001222229197594675,0.0016720493220320981,10
UniGCN,diagnostics,sym,203,0.0014331570326000821,0.00022238922624900204,0.00121076780635108,0.0016555462588490842,10
UniGCN,diagnostics,sym,204,0.0014194124891604514,0.00021989955001580776,0.0011995129391446436,0.0016393120391762592,10
UniGCN,diagnostics,sym,205,0.0014059014971516467,0.0002174406757926971,0.0011884608213589495,0.0016233421729443438,10
UniGCN,diagnostics,sym,206,0.0013926199972191392,0.00021501224768378263,0.0011776077495353565,0.0016076322449029218,10
UniGCN,diagnostics,sym,207,0.0013795640016851102,0.00021261391171501076,0.0011669500899700994,0.001592177913400121,10
UniGCN,diagnostics,sym,208,0.0013667295932620774,0.000210245315920745,0.0011564842773413323,0.0015769749091828224,10
UniGCN,diagnostics,sym,209,0.001354112923791139,0.00020790611042578055,0.0011462068133653584,0.0015620190342169197,10
UniGCN,diagnostics,sym,210,0.0013417102130042428,0.00020559594752291596,0.0011361142654813267,0.0015473061605271589,10
UniGCN,diagnostics,sym,211,0.0013295177473098998,0.00020331448174621964,0.00112620326556368,0.0015328322290561196,10
UniGCN,diagnostics,sym,212,0.0013175318786017953,0.00020106136994010924,0.0011164705086616862,0.0015185932485419044,10
UniGCN,diagnostics,sym,213,0.0013057490230897616,0.00019883627132438037,0.0011069127517653811,0.001504585294414142,10
UniGCN,diagnostics,sym,214,0.0012941656601525994,0.00019663884755530235,0.001097526812597297,0.0014908045077079016,10
UniGCN,diagnostics,sym,215,0.00128277833121225,0.00019446876278290972,0.0010883095684293403,0.0014772470939951596,10
UniGCN,diagnostics,sym,216,0.0012715836386288444,0.00019232568370460522,0.0010792579549242392,0.0014639093223334496,10
UniGCN,diagnostics,sym,217,0.0012605782446161594,0.00019020927961519932,0.0010703689650009601,0.0014507875242313587,10
UniGCN,diagnostics,sym,218,0.0012497588701770395,0.0001881192224534997,0.0010616396477235398,0.0014378780926305392,10
UniGCN,diagnostics,sym,219,0.0012391222940583498,0.00018605518684556674,0.0010530671072127831,0.0014251774809039164,10
UniGCN,diagnostics,sym,220,0.0012286653517250411,0.00018401685014474915,0.001044648501580292,0.0014126822018697902,10
UniGCN,diagnostics,sym,221,0.001218384934352924,0.00018200389246860713,0.0010363810418843168,0.001400388826821531,10
UniGCN,diagnostics,sym,222,0.0012082779878397547,0.00018001599673283722,0.0010282619911069174,0.001388293984572592,10
UniGCN,diagnostics,sym,223,0.001198341511834259,0.0001780528486822986,0.0010202886631519603,0.0013763943605165575,10
UniGCN,diagnostics,sym,224,0.001188572558782721,0.00017611413691924949,0.0010124584218634716,0.0013646866957019704,10
UniGCN,diagnostics,sym,225,0.0011789682329927764,0.00017419955292889287,0.0010047686800638835,0.0013531677859216693,10
UniGCN,diagnostics,sym,226,0.0011695256897140721,0.00017230879110233035,0.0009972168986117419,0.0013418344808164024,10
UniGCN,diagnostics,sym,227,0.001160242134235441,0.00017044154875702343,0.0009898005854784176,0.0013306836829924645,10
UniGCN,diagnostics,sym,228,0.0011511148209982797,0.00016859752615485377,0.000982517294843426,0.0013197123471531335,10
UniGCN,diagnostics,sym,229,0.0011421410527257948,0.00016677642651787656,0.0009753646262079183,0.0013089174792436714,10
UniGCN,diagnostics,sym,230,0.0011333181795678208,0.00016497795604185602,0.0009683402235259648,0.001298296135609677,10
UniGCN,diagnostics,sym,231,0.0011246435982608985,0.00016320182390767082,0.0009614417743532278,0.0012878454221685693,10
UniGCN,diagnostics,sym,232,0.0011161147513033248,0.00016144774229067427,0.0009546670090126505,0.001277562493593999,10
UniGCN,diagnostics,sym,233,0.0011077291261448884,0.00015971542636809288,0.0009480136997767955,0.0012674445525129813,10
UniGCN,diagnostics,sym,234,0.0010994842543910082,0.00015800459432454308,0.0009414796600664651,0.0012574888487155514,10
UniGCN,diagnostics,sym,235,0.0010913777110210083,0.00015631496735574608,0.0009350627436652621,0.0012476926783767544,10
UniGCN,diagnostics,sym,236,0.0010834071136202584,0.00015464626967051444,0.0009287608439497439,0.0012380533832907728,10
UniGCN,diagnostics,sym,237,0.0010755701216259247,0.00015299822849108792,0.0009225718931348368,0.0012285683501170126,10
UniGCN,diagnostics,sym,238,0.0010678644355860826,0.00015137057405188823,0.0009164938615341943,0.001219235009637971,10
UniGCN,diagnostics,sym,239,0.0010602877964319358,0.00014976303959676185,0.000910524756835174,0.0012100508360286977,10
UniGCN,diagnostics,sym,240,0.0010528379847629058,0.00014817536137478235,0.0009046626233881234,0.001201013346137688,10
UniGCN,diagnostics,sym,241,0.0010455128201443612,0.00014660727863467242,0.0008989055415096888,0.0011921200987790336,10
UniGCN,diagnostics,sym,242,0.001038310160417747,0.0001450585336179161,0.0008932516267998309,0.001183368694035663,10
UniGCN,diagnostics,sym,243,0.0010312279010228989,0.00014352887155061637,0.0008876990294722825,0.0011747567725735153,10
UniGCN,diagnostics,sym,244,0.001024263974332315,0.00014201804063416183,0.0008822459336981531,0.0011662820149664769,10
UniGCN,diagnostics,sym,245,0.0010174163489971766,0.00014052579203475995,0.0008768905569624167,0.0011579421410319365,10
UniGCN,diagnostics,sym,246,0.0010106830293049019,0.0001390518798718932,0.0008716311494330087,0.0011497349091767952,10
UniGCN,diagnostics,sym,247,0.0010040620545480304,0.00013759606120574943,0.0008664659933422809,0.0011416581157537799,10
UniGCN,diagnostics,sym,248,0.0009975514984042334,0.00013615809602368303,0.0008613934023805503,0.0011337095944279165,10
UniGCN,diagnostics,sym,249,0.0009911494683272578,0.00013473774722575727,0.0008564117211015005,0.001125887215553015,10
UniGCN,diagnostics,sym,250,0.0009848541049486022,0.00013333478060941192,0.0008515193243391903,0.001118188885558014,10
UniGCN,diagnostics,sym,251,0.0009786635814897434,0.00013194896485331097,0.0008467146166364324,0.0011106125463430543,10
UniGCN,diagnostics,sym,252,0.0009725761031847229,0.00013058007150041045,0.0008419960316843124,0.0011031561746851332,10
UniGCN,diagnostics,sym,253,0.0009665899067129102,0.00012922787494029422,0.0008373620317726159,0.0010958177816532044,10
UniGCN,diagnostics,sym,254,0.0009607032596417695,0.00012789215239081798,0.0008328111072509515,0.0010885954120325874,10
UniGCN,diagnostics,sym,255,0.0009549144598794493,0.00012657268387910426,0.0008283417760003449,0.0010814871437585536,10
UniGCN,diagnostics,sym,256,0.0009492218351370244,0.00012526925222192787,0.0008239525829150966,0.0010744910873589522,10
UniGCN,diagnostics,op,0,1.0,0.0,1.0,1.0,10
UniGCN,diagnostics,op,1,0.5244887861883158,0.007685812986561136,0.5168029732017547,0.532174599174877,10
UniGCN,diagnostics,op,2,0.30882174291058356,0.0061094103404945345,0.302712332570089,0.3149311532510781,10
UniGCN,diagnostics,op,3,0.21695835329941854,0.005430951032284362,0.21152740226713418,0.2223893043317029,10
UniGCN,diagnostics,op,4,0.16803296085821812,0.005013908167839181,0.16301905269037895,0.1730468690260573,10
UniGCN,diagnostics,op,5,0.13758168261371512,0.004554798021361691,0.13302688459235343,0.1421364806350768,10
UniGCN,diagnostics,op,6,0.11675910743902909,0.004081025384460528,0.11267808205456856,0.12084013282348963,10
UniGCN,diagnostics,op,7,0.10153701710357461,0.003621593752903703,0.09791542335067091,0.10515861085647832,10
UniGCN,diagnostics,op,8,0.0898265386985537,0.0031914599970858997,0.0866350787014678,0.09301799869563959,10
UniGCN,diagnostics,op,9,0.08046142779430393,0.0027990793288168534,0.07766234846548707,0.08326050712312079,10
UniGCN,diagnostics,op,10,0.07275341149098037,0.0024499581108048682,0.0703034533801755,0.07520336960178524,10
UniGCN,diagnostics,op,11,0.06627485276620591,0.0021479425826679928,0.06412691018353792,0.06842279534887391,10
UniGCN,diagnostics,op,12,0.06074608247624593,0.0018955410678223965,0.05885054140842354,0.06264162354406833,10
UniGCN,diagnostics,op,13,0.05597474466159293,0.0016937185072938622,0.05428102615429907,0.0576684631688868,10
UniGCN,diagnostics,op,14,0.05182214465758257,0.0015413789934244579,0.050280765664158115,0.05336352365100703,10
UniGCN,diagnostics,op,15,0.04818403553387476,0.0014348580263695856,0.04674917750750517,0.04961889356024434,10
UniGCN,diagnostics,op,16,0.0449793092130373,0.0013679029559998158,0.04361140625703748,0.046347212169037116,10
UniGCN,diagnostics,op,17,0.042143111832011686,0.0013324486024509745,0.040810663229560715,0.04347556043446266,10
UniGCN,diagnostics,op,18,0.03962249304700362,0.0013199470094289447,0.03830254603757467,0.040942440056432564,10
UniGCN,diagnostics,op,19,0.03737354404320278,0.0013226234277554612,0.036050920615447325,0.03869616747095824,10
UniGCN,diagnostics,op,20,0.035359435544535106,0.0013341991887495612,0.03402523635578555,0.036693634733284665,10
UniGCN,diagnostics,op,21,0.03354901754969805,0.0013500488041331027,0.03219896874556495,0.03489906635383115,10
UniGCN,diagnostics,op,22,0.031915782062819885,0.0013670076819296238,0.03054877438089026,0.033282789744749505,10
UniGCN,diagnostics,op,23,0.030437069162832942,0.0013830528187786981,0.029054016344054245,0.03182012198161164,10
UniGCN,diagnostics,op,24,0.029093442396088985,0.0013969883430151465,0.02769645405307384,0.03049043073910413,10
UniGCN,diagnostics,op,25,0.02786818634703687,0.0014081878646367344,0.026459998482400136,0.029276374211673607,10
UniGCN,diagnostics,op,26,0.026746895400801357,0.0014164017937097495,0.02533049360709161,0.028163297194511105,10
UniGCN,diagnostics,op,27,0.025717132650928304,0.0014216204813089445,0.02429551216961936,0.02713875313223725,10
UniGCN,diagnostics,op,28,0.0247681441678644,0.0014239800817842016,0.023344164086080196,0.0261921242496486,10
UniGCN,diagnostics,op,29,0.023890617891793996,0.0014236992695934368,0.022466918622200557,0.025314317161387434,10
UniGCN,diagnostics,op,30,0.02307647910311403,0.0014210375413627031,0.021655441561751327,0.024497516644476736,10
UniGCN,diagnostics,op,31,0.02231871626409733,0.0014162683349984164,0.020902447929098913,0.023734984599095746,10
UniGCN,diagnostics,op,32,0.021611232323715597,0.0014096621913864049,0.02020157013232919,0.023020894515102003,10
UniGCN,diagnostics,op,33,0.020948717522802383,0.0014014766524708148,0.019547240870331568,0.0223501941752732,10
UniGCN,diagnostics,op,34,0.020326540446140372,0.0013919506299267545,0.018934589816213616,0.021718491076067128,10
UniGCN,diagnostics,op,35,0.019740654615818854,0.0013813017015596742,0.01835935291425918,0.021121956317378527,10
UniGCN,diagnostics,op,36,0.019187518353917986,0.0013697252898968572,0.017817793064021127,0.020557243643814845,10
UniGCN,diagnostics,op,37,0.01866402599332785,0.0013573950179047657,0.017306630975423086,0.020021421011232617,10
UniGCN,diagnostics,op,38,0.018167448804041354,0.0013444637692867042,0.01682298503475465,0.019511912573328058,10
UniGCN,diagnostics,op,39,0.01769538424274672,0.0013310651393804722,0.01636431910336625,0.019026449382127192,10
UniGCN,diagnostics,op,40,0.017245712335952505,0.0013173150706416784,0.015928397265310826,0.018563027406594185,10
UniGCN,diagnostics,op,41,0.016816558178429895,0.001303313540037536,0.015513244638392359,0.01811987171846743,10
UniGCN,diagnostics,op,42,0.016406259674858835,0.001289146215303397,0.015117113459555439,0.017695405890162233,10
UniGCN,diagnostics,op,43,0.01601333977738866,0.0012748860303949947,0.014738453746993663,0.017288225807783653,10
UniGCN,diagnostics,op,44,0.015636482578680284,0.0012605946527200725,0.014375887925960212,0.016897077231400357,10
UniGCN,diagnostics,op,45,0.015274512711577043,0.0012463238293671456,0.014028188882209898,0.01652083654094419,10
UniGCN,diagnostics,op,46,0.01492637758507972,0.0012321166089848854,0.013694260976094835,0.016158494194064607,10
UniGCN,diagnostics,op,47,0.01459113205365097,0.0012180084418681896,0.013373123611782781,0.01580914049551916,10
UniGCN,diagnostics,op,48,0.014267925174628469,0.0012040281643256852,0.013063897010302784,0.015471953338954153,10
UniGCN,diagnostics,op,49,0.013955988758041504,0.0011901988753287868,0.012765789882712717,0.01514618763337029,10
UniGCN,diagnostics,op,50,0.01365462745556269,0.001176538714319445,0.012478088741243246,0.014831166169882136,10
UniGCN,diagnostics,op,51,0.013363210171684375,0.001163061549255186,0.012200148622429189,0.014526271720939562,10
UniGCN,diagnostics,op,52,0.013081162611348418,0.0011497775837505167,0.011931385027597902,0.014230940195098934,10
UniGCN,diagnostics,op,53,0.012807960804917872,0.0011366938917053327,0.01167126691321254,0.013944654696623204,10
UniGCN,diagnostics,op,54,0.012543125474198854,0.001123814887208859,0.011419310586989995,0.013666940361407713,10
UniGCN,diagnostics,op,55,0.012286217122747725,0.001111142736847187,0.011175074385900539,0.013397359859594912,10
UniGCN,diagnostics,op,56,0.012036831750405728,0.0010986777208726612,0.010938154029533067,0.01313550947127839,10
UniGCN,diagnostics,op,57,0.011794597106295292,0.0010864185490438495,0.010708178557251443,0.012881015655339141,10
UniGCN,diagnostics,op,58,0.011559169406737676,0.0010743626363333857,0.01048480677040429,0.012633532043071062,10
UniGCN,diagnostics,op,59,0.011330230455008966,0.001062506343136482,0.010267724111872484,0.012392736798145449,10
UniGCN,diagnostics,op,60,0.011107485108796843,0.0010508451840991323,0.010056639924697712,0.012158330292895975,10
UniGCN,diagnostics,op,61,0.010890659048873205,0.0010393740092219847,0.00985128503965122,0.01193003305809519,10
UniGCN,diagnostics,op,62,0.010679496809045116,0.0010280871604815187,0.009651409648563597,0.011707583969526635,10
UniGCN,diagnostics,op,63,0.010473760033049916,0.0010169786068413465,0.00945678142620857,0.011490738639891262,10
UniGCN,diagnostics,op,64,0.010273225928856152,0.0010060420601991924,0.00926718386865696,0.011279267989055344,10
UniGCN,diagnostics,op,65,0.010077685894938505,0.0009952710745254167,0.009082414820413089,0.01107295696946392,10
UniGCN,diagnostics,op,66,0.00988694429661193,0.0009846591301929158,0.008902285166419013,0.010871603426804845,10
UniGCN,diagnostics,op,67,0.00970081737352357,0.0009741997052718792,0.00872661766825169,0.01067501707879545,10
UniGCN,diagnostics,op,68,0.00951913226198418,0.0009638863353629466,0.008555245926621234,0.010483018597347127,10
UniGCN,diagnostics,op,69,0.009341726118035942,0.0009537126633654725,0.00838801345467047,0.010295438781401415,10
UniGCN,diagnostics,op,70,0.009168445329054201,0.0009436724804211149,0.008224772848633086,0.010112117809475317,10
UniGCN,diagnostics,op,71,0.008999144803312665,0.0009337597591343311,0.008065385044178334,0.009932904562446996,10
UniGCN,diagnostics,op,72,0.008833687328343371,0.0009239686800483551,0.007909718648295016,0.009757656008391727,10
UniGCN,diagnostics,op,73,0.008671942990127881,0.0009142936522459964,0.007757649337881884,0.009586236642373878,10
UniGCN,diagnostics,op,74,0.008513788646193166,0.00090472932884741,0.007609059317345756,0.009418517975040576,10
UniGCN,diagnostics,op,75,0.00835910744657817,0.0008952706180904561,0.007463836828487714,0.009254378064668625,10
UniGCN,diagnostics,op,76,0.008207788397406515,0.0008859126906021318,0.007321875706804383,0.009093701088008646,10
UniGCN,diagnostics,op,77,0.008059725962464319,0.000876650983400666,0.007183074979063652,0.008936376945864985,10
UniGCN,diagnostics,op,78,0.007914819698755066,0.0008674812011063749,0.0070473384976486916,0.00878230089986144,10
UniGCN,diagnostics,op,79,0.007772973922498723,0.0008583993147844313,0.006914574607714292,0.008631373237283154,10
UniGCN,diagnostics,op,80,0.007634097402470827,0.0008494015587934819,0.006784695843677345,0.008483498961264309,10
UniGCN,diagnostics,op,81,0.007498103077948506,0.0008404844259701308,0.0066576186519783755,0.008338587503918637,10
UniGCN,diagnostics,op,82,0.007364907798852513,0.0008316446614399425,0.006533263137412571,0.008196552460292456,10
UniGCN,diagnostics,op,83,0.00723443208595405,0.0008228792553104361,0.006411552830643614,0.008057311341264486,10
UniGCN,diagnostics,op,84,0.007106599909258585,0.0008141854344700996,0.006292414474788485,0.007920785343728684,10
UniGCN,diagnostics,op,85,0.006981338482890817,0.000805560653689328,0.006175777829201489,0.007786899136580145,10
UniGCN,diagnostics,op,86,0.006858578074989951,0.0007970025861940787,0.0060615754887958714,0.00765558066118403,10
UniGCN,diagnostics,op,87,0.00673825183128614,0.0007885091138606525,0.005949742717425488,0.007526760945146793,10
UniGCN,diagnostics,op,88,0.006620295611170483,0.0007800783171599907,0.005840217294010492,0.007400373928330474,10
UniGCN,diagnostics,op,89,0.006504647835195049,0.0007717084649621422,0.005732939370232907,0.007276356300157191,10
UniGCN,diagnostics,op,90,0.006391249343048616,0.0007633980042957261,0.00562785133875289,0.007154647347344343,10
UniGCN,diagnostics,op,91,0.0062800432611496634,0.0007551455501431504,0.005524897711006513,0.007035188811292814,10
UniGCN,diagnostics,op,92,0.006170974879082987,0.0007469498753399274,0.0054240250037430595,0.0069179247544229145,10
UniGCN,diagnostics,op,93,0.0060639915341810765,0.0007388099006354145,0.005325181633545662,0.006802801434816491,10
UniGCN,diagnostics,op,94,0.005959042503617753,0.0007307246849625658,0.005228317818655187,0.006689767188580319,10
UniGCN,diagnostics,op,95,0.005856078903440334,0.0007226934159557304,0.005133385487484603,0.006578772319396064,10
UniGCN,diagnostics,op,96,0.005755053594018978,0.0007147154007480106,0.005040338193270967,0.006469768994766988,10
UniGCN,diagnostics,op,97,0.005655921091438474,0.0007067900570730642,0.0049491310343654105,0.006362711148511538,10
UniGCN,diagnostics,op,98,0.005558637484399359,0.0006989169046905065,0.004859720579708853,0.006257554389089866,10
UniGCN,diagnostics,op,99,0.005463160356232602,0.0006910955571490206,0.004772064799083582,0.006154255913381623,10
UniGCN,diagnostics,op,100,0.005369448711665473,0.0006833257138969272,0.004686122997768546,0.0060527744255624,10
UniGCN,diagnostics,op,101,0.005277462908006313,0.0006756071527462179,0.004601855755260095,0.00595307006075253,10
UniGCN,diagnostics,op,102,0.005187164590442996,0.0006679397226927968,0.0045192248677501995,0.005855104313135792,10
UniGCN,diagnostics,op,103,0.005098516631174298,0.000660323337092906,0.004438193294081392,0.005758839968267203,10
UniGCN,diagnostics,op,104,0.005011483072115576,0.0006527579671933724,0.004358725104922204,0.005664241039308949,10
UniGCN,diagnostics,op,105,0.004926029070940087,0.0006452436360113108,0.004280785434928777,0.005571272706951398,10
UniGCN,diagnostics,op,106,0.004842120850235597,0.0006377804125572526,0.004204340437678345,0.00547990126279285,10
UniGCN,diagnostics,op,107,0.004759725649572428,0.0006303684063943132,0.004129357243178115,0.0053900940559667414,10
UniGCN,diagnostics,op,108,0.004678811680294184,0.0006230077625248636,0.00405580391776932,0.005301819442819047,10
UniGCN,diagnostics,op,109,0.004599348082856229,0.0006156986565952932,0.003983649426260936,0.005215046739451523,10
UniGCN,diagnostics,op,110,0.00452130488654958,0.000608441290408723,0.003912863596140856,0.005129746176958303,10
UniGCN,diagnostics,op,111,0.004444652971459387,0.000601235887735,0.0038434170837243872,0.005045888859194388,10
UniGCN,diagnostics,op,112,0.004369364032517882,0.0005940826904069139,0.003775281342110968,0.004963446722924796,10
UniGCN,diagnostics,op,113,0.00429541054552131,0.0005869819546912996,0.0037084285908300105,0.004882392500212609,10
UniGCN,diagnostics,op,114,0.0042227657349894285,0.0005799339479235513,0.0036428317870658773,0.00480269968291298,10
UniGCN,diagnostics,op,115,0.004151403543754341,0.0005729389453939996,0.0035784645983603413,0.00472434248914834,10
UniGCN,diagnostics,op,116,0.004081298604173126,0.00056599722747463,0.0035153013766984964,0.004647295831647756,10
UniGCN,diagnostics,op,117,0.004012426210865748,0.0005591090769747078,0.00345331713389104,0.004571535287840456,10
UniGCN,diagnostics,op,118,0.003944762294886248,0.0005522747767140341,0.0033924875181722144,0.004497037071600283,10
UniGCN,diagnostics,op,119,0.0038782833992412947,0.0005454946073027224,0.003332788791938572,0.004423778006544017,10
UniGCN,diagnostics,op,120,0.003812966655675692,0.0005387688451166547,0.003274197810559037,0.004351735500792347,10
UniGCN,diagnostics,op,121,0.0037487897626497556,0.0005320977604580206,0.003216692002191735,0.004280887523107776,10
UniGCN,diagnostics,op,122,0.00368573096443817,0.0005254816158906452,0.0031602493485475246,0.004211212580328815,10
UniGCN,diagnostics,op,123,0.003623769031284524,0.0005189206647401265,0.003104848366544397,0.00414268969602465,10
UniGCN,diagnostics,op,124,0.003562883240549826,0.0005124151497491248,0.003050468090800701,0.004075298390298951,10
UniGCN,diagnostics,op,125,0.003503053358797242,0.0005059653018785002,0.0029970880569187416,0.004009018660675742,10
UniGCN,diagnostics,op,126,0.0034442596247588565,0.0004995713392453272,0.0029446882855135295,0.0039438309640041835,10
UniGCN,diagnostics,op,127,0.0033864827331337105,0.0004932334661891827,0.0028932492669445278,0.0038797161993228933,10
UniGCN,diagnostics,op,128,0.003329703819169424,0.000486951872458449,0.002842751946710975,0.003816655691627873,10
UniGCN,diagnostics,op,129,0.003273904443982746,0.00048072673250873054,0.0027931777114740155,0.003754631176491477,10
UniGCN,diagnostics,op,130,0.003219066580577043,0.00047455820490583316,0.00274450837567121,0.003693624785482876,10
UniGCN,diagnostics,op,131,0.0031651726005173437,0.00046844643182610024,0.0026967261686912433,0.003633619032343444,10
UniGCN,diagnostics,op,132,0.0031122052612259457,0.0004623915386472501,0.0026498137225786957,0.0035745967998731957,10
UniGCN,diagnostics,op,133,0.003060147693863823,0.00045639363362317257,0.002603754060240651,0.0035165413274869956,10
UniGCN,diagnostics,op,134,0.0030089833917651826,0.00045045280763649696,0.002558530584128686,0.0034594361994016794,10
UniGCN,diagnostics,op,135,0.002958696199394479,0.00044456913402303184,0.002514127065371447,0.003403265333417511,10
UniGCN,diagnostics,op,136,0.0029092703017970386,0.000438742668462513,0.0024705276333345256,0.0033480129702595516,10
UniGCN,diagnostics,op,137,0.0028606902145161526,0.0004329734489303721,0.0024277167655857804,0.0032936636634465248,10
UniGCN,diagnostics,op,138,0.002812940773951142,0.00042726149570553805,0.002385679278245604,0.0032402022696566804,10
UniGCN,diagnostics,op,139,0.002766007128132376,0.00042160681142956616,0.0023444003167028098,0.003187613939561942,10
UniGCN,diagnostics,op,140,0.0027198747278906798,0.0004160093812126441,0.0023038653466780357,0.003135884109103324,10
UniGCN,diagnostics,op,141,0.002674529318399865,0.0004104691727822916,0.0022640601456175736,0.003084998491182157,10
UniGCN,diagnostics,op,142,0.0026299569310724003,0.0004049861366708202,0.0022249707944015803,0.0030349430677432203,10
UniGCN,diagnostics,op,143,0.0025861438757893715,0.0003995602064378428,0.002186583669351529,0.0029857040822272142,10
UniGCN,diagnostics,op,144,0.002543076733447021,0.00039419129892436547,0.0021488854345226554,0.0029372680323713866,10
UniGCN,diagnostics,op,145,0.0025007423488031645,0.0003888793145351977,0.002111863034267967,0.0028896216633383623,10
UniGCN,diagnostics,op,146,0.0024591278236077555,0.0003836241375466302,0.0020755036860611253,0.002842751961154386,10
UniGCN,diagnostics,op,147,0.0024182205100027835,0.000378425636436527,0.0020397948735662564,0.0027966461464393106,10
UniGCN,diagnostics,op,148,0.002378008004177554,0.0003732836642341581,0.002004724339943396,0.002751291668411712,10
UniGCN,diagnostics,op,149,0.0023384781402661916,0.0003681980588872881,0.0019702800813789037,0.0027066761991534796,10
UniGCN,diagnostics,op,150,0.0022996189844749658,0.00036316864364419467,0.001936450340830771,0.0026627876281191606,10
UniGCN,diagnostics,op,151,0.0022614188294277555,0.00035819522744846225,0.0019032236019792931,0.002619614056876218,10
UniGCN,diagnostics,op,152,0.0022238661887186303,0.0003532776053445385,0.0018705885833740917,0.0025771437940631686,10
UniGCN,diagnostics,op,153,0.0021869497916611655,0.0003484155588921858,0.0018385342327689796,0.0025353653505533515,10
UniGCN,diagnostics,op,154,0.002150658578224672,0.00034360885658811394,0.001807049721636558,0.0024942674348127857,10
UniGCN,diagnostics,op,155,0.00211498169414812,0.00033885725429317714,0.001776124439854943,0.0024538389484412976,10
UniGCN,diagnostics,op,156,0.002079908486223019,0.0003341604956636731,0.0017457479905593459,0.002414068981886692,10
UniGCN,diagnostics,op,157,0.002045428497737028,0.00032951831258537593,0.001715910185151652,0.002374946810322404,10
UniGCN,diagnostics,op,158,0.0020115314640705285,0.00032493042560904954,0.001686601038461479,0.002336461889679578,10
UniGCN,diagnostics,op,159,0.0019782073084388375,0.0003203965443862903,0.0016578107640525472,0.002298603852825128,10
UniGCN,diagnostics,op,160,0.0019454461377731238,0.0003159163681046478,0.001629529769668476,0.002261362505877772,10
UniGCN,diagnostics,op,161,0.0019132382387335059,0.0003114895859210511,0.0016017486528124548,0.002224727824654557,10
UniGCN,diagnostics,op,162,0.001881574073848155,0.000307115877392669,0.001574458196455486,0.002188689951240824,10
UniGCN,diagnostics,op,163,0.001850444277772572,0.00030279491290439715,0.0015476493648681749,0.0021532391906769694,10
UniGCN,diagnostics,op,164,0.0018198396536635297,0.00029852635409225185,0.0015213132995712778,0.0021183660077557817,10
UniGCN,diagnostics,op,165,0.001789751169662488,0.00029430985426201196,0.001495441315400476,0.0020840610239245,10
UniGCN,diagnostics,op,166,0.001760169955483543,0.0002901450588025183,0.0014700248966810247,0.0020503150142860615,10
UniGCN,diagnostics,op,167,0.0017310872991012833,0.0002860316055931071,0.0014450556935081762,0.0020171189046943906,10
UniGCN,diagnostics,op,168,0.0017024946435341421,0.00028196912540470135,0.0014205255181294408,0.0019844637689388437,10
UniGCN,diagnostics,op,169,0.0016743835837190958,0.00027795724229414304,0.0013964263414249529,0.0019523408260132388,10
UniGCN,diagnostics,op,170,0.001646745863473777,0.00027399557399140234,0.0013727502894823748,0.0019207414374651794,10
UniGCN,diagnostics,op,171,0.0016195733725422815,0.00027008373227933603,0.0013494896402629455,0.0018896571048216176,10
UniGCN,diagnostics,op,172,0.0015928581437211517,0.00026622132336572436,0.0013266368203554272,0.0018590794670868761,10
UniGCN,diagnostics,op,173,0.0015665923500622011,0.00026240794824734207,0.001304184401814859,0.0018290002983095432,10
UniGCN,diagnostics,op,174,0.001540768302149035,0.00025864320306586477,0.0012821250990831703,0.0017994115052148998,10
UniGCN,diagnostics,op,175,0.0015153784454442713,0.00025492667945544996,0.0012604517659888213,0.0017703051248997212,10
UniGCN,diagnostics,op,176,0.0014904153577046412,0.0002512579648818476,0.0012391573928227937,0.0017416733225864888,10
UniGCN,diagnostics,op,177,0.0014658717464612865,0.00024763664297294607,0.0012182351034883405,0.0017135083894342326,10
UniGCN,diagnostics,op,178,0.0014417404465627143,0.00024406229384066957,0.0011976781527220446,0.001685802740403384,10
UniGCN,diagnostics,op,179,0.0014180144177780047,0.00024053449439417971,0.001177479923383825,0.0016585489121721843,10
UniGCN,diagnostics,op,180,0.0013946867424579842,0.0002370528186443459,0.0011576339238136384,0.00163173956110233,10
UniGCN,diagnostics,op,181,0.0013717506232522089,0.00023361683799948469,0.0011381337852527241,0.0016053674612516936,10
UniGCN,diagnostics,op,182,0.0013491993808796923,0.00023022612155237013,0.001118973259327322,0.0015794255024320625,10
UniGCN,diagnostics,op,183,0.0013270264519514372,0.00022688023635855536,0.0011001462155928819,0.0015539066883099926,10
UniGCN,diagnostics,op,184,0.0013052253868429194,0.00022357874770604003,0.0010816466391368794,0.0015288041345489594,10
UniGCN,diagnostics,op,185,0.001283789847614761,0.00022032121937635282,0.001063468628238408,0.0015041110669911139,10
UniGCN,diagnostics,op,186,0.0012627136059799326,0.00021710721389711564,0.0010456063920828169,0.0014798208198770484,10
UniGCN,diagnostics,op,187,0.001241990541315886,0.00021393629278618084,0.0010280542485297053,0.001455926834102067,10
UniGCN,diagnostics,op,188,0.0012216146387201217,0.00021080801678743442,0.0010108066219326874,0.001432422655507556,10
UniGCN,diagnostics,op,189,0.0012015799871077427,0.00020772194609837245,0.0009938580410093702,0.0014093019332061152,10
UniGCN,diagnostics,op,190,0.001181880777349642,0.0002046776405895658,0.0009772031367600762,0.001386558417939208,10
UniGCN,diagnostics,op,191,0.0011625113004500157,0.00020167466001613609,0.0009608366404338796,0.0013641859604661519,10
UniGCN,diagnostics,op,192,0.0011434659457619672,0.00019871256422137291,0.0009447533815405943,0.0013421785099833401,10
UniGCN,diagnostics,op,193,0.0011247391992400201,0.00019579091333262548,0.0009289482859073946,0.0013205301125726455,10
UniGCN,diagnostics,op,194,0.0011063256417284263,0.00019290926794961256,0.0009134163737788137,0.0012992349096780389,10
UniGCN,diagnostics,op,195,0.0010882199472841822,0.00019006718932529295,0.0008981527579588892,0.0012782871366094752,10
UniGCN,diagnostics,op,196,0.0010704168815337434,0.0001872642395394485,0.0008831526419942949,0.001257681121073192,10
UniGCN,diagnostics,op,197,0.0010529113000624555,0.00018449998166512784,0.0008684113183973276,0.0012374112817275834,10
UniGCN,diagnostics,op,198,0.0010356981468357715,0.00018177397992810907,0.0008539241669076624,0.0012174721267638805,10
UniGCN,diagnostics,op,199,0.0010187724526513643,0.00017908579985953627,0.000839686652791828,0.0011978582525109006,10
UniGCN,diagnostics,op,200,0.0010021293336212856,0.00017643500844188848,0.0008256943251793972,0.001178564342063174,10
UniGCN,diagnostics,op,201,0.0009857639896833513,0.00017382117424843898,0.0008119428154349123,0.0011595851639317903,10
UniGCN,diagnostics,op,202,0.000969671703140983,0.00017124386757636886,0.0007984278355646141,0.0011409155707173518,10
UniGCN,diagnostics,op,203,0.0009538478372307499,0.00016870266057368927,0.0007851451766570606,0.001122550497804439,10
UniGCN,diagnostics,op,204,0.0009382878347169058,0.0001661971273601379,0.0007720907073567679,0.0011044849620770437,10
UniGCN,diagnostics,op,205,0.0009229872165122279,0.0001637268441422068,0.0007592603723700211,0.0010867140606544347,10
UniGCN,diagnostics,op,206,0.0009079415803245063,0.00016129138932246,0.0007466501910020464,0.0010692329696469663,10
UniGCN,diagnostics,op,207,0.0008931465993280501,0.00015889034360330119,0.000734256255724749,0.0010520369429313514,10
UniGCN,diagnostics,op,208,0.0008785980208596059,0.00015652329008534715,0.0007220747307742588,0.0010351213109449531,10
UniGCN,diagnostics,op,209,0.0008642916651381054,0.00015418981436056208,0.0007101018507775433,0.0010184814794986675,10
UniGCN,diagnostics,op,210,0.0008502234240076862,0.00015188950460030796,0.0006983339194073782,0.0010021129286079942,10
UniGCN,diagnostics,op,211,0.0008363892597034415,0.00014962195163846118,0.0006867673080649802,0.0009860112113419027,10
UniGCN,diagnostics,op,212,0.0008227852036393859,0.00014738674904974885,0.000675398454589637,0.0009701719526891348,10
UniGCN,diagnostics,op,213,0.0008094073552181374,0.0001451834932234485,0.0006642238619946889,0.0009545908484415859,10
UniGCN,diagnostics,op,214,0.0007962518806618289,0.00014301178343260068,0.0006532400972292283,0.0009392636640944296,10
UniGCN,diagnostics,op,215,0.0007833150118637947,0.00014087122189887648,0.0006424437899649183,0.0009241862337626711,10
UniGCN,diagnostics,op,216,0.0007705930452605762,0.00013876141385324068,0.0006318316314073355,0.0009093544591138169,10
UniGCN,diagnostics,op,217,0.0007580823407238174,0.00013668196759255042,0.000621400373131267,0.0008947643083163678,10
UniGCN,diagnostics,op,218,0.0007457793204716336,0.0001346324945322238,0.0006111468259394099,0.0008804118150038574,10
UniGCN,diagnostics,op,219,0.0007336804679990473,0.0001326126092551135,0.0006010678587439338,0.0008662930772541608,10
UniGCN,diagnostics,op,220,0.0007217823270270997,0.00013062192955671462,0.000591160397470385,0.0008524042565838143,10
UniGCN,diagnostics,op,221,0.0007100815004702648,0.00012866007648683578,0.000581421423983429,0.0008387415769571006,10
UniGCN,diagnostics,op,222,0.0006985746494217918,0.000126726674387858,0.0005718479750339338,0.0008253013238096498,10
UniGCN,diagnostics,op,223,0.0006872584921566271,0.00012482135092970414,0.000562437141226923,0.0008120798430863313,10
UniGCN,diagnostics,op,224,0.0006761298031515682,0.00012294373714163894,0.0005531860660099293,0.0007990735402932071,10
UniGCN,diagnostics,op,225,0.0006651854121223153,0.00012109346744101547,0.0005440919446812999,0.0007862788795633308,10
UniGCN,diagnostics,op,226,0.0006544222030770987,0.0001192701796590822,0.0005351520234180166,0.0007736923827361809,10
UniGCN,diagnostics,op,227,0.0006438371133865628,0.00011747351506396425,0.0005263635983225986,0.000761310628450527,10
UniGCN,diagnostics,op,228,0.0006334271328696032,0.00011570311838092269,0.0005177240144886806,0.0007491302512505259,10
UniGCN,diagnostics,op,229,0.0006231893028948581,0.00011395863781000245,0.0005092306650848556,0.0007371479407048605,10
UniGCN,diagnostics,op,230,0.0006131207154975635,0.00011223972504116841,0.0005008809904563951,0.000725360440538732,10
UniGCN,diagnostics,op,231,0.0006032185125114893,0.00011054603526703096,0.0004926724772444584,0.0007137645477785202,10
UniGCN,diagnostics,op,232,0.0005934798847156844,0.00010887722719325894,0.0004846026575224255,0.0007023571119089434,10
UniGCN,diagnostics,op,233,0.0005839020709957575,0.00010723296304677412,0.0004766691079489834,0.0006911350340425317,10
UniGCN,diagnostics,op,234,0.0005744823575194373,0.00010561290858181898,0.0004688694489376183,0.0006800952661012563,10
UniGCN,diagnostics,op,235,0.0005652180769261539,0.00010401673308398856,0.0004612013438421653,0.0006692348100101424,10
UniGCN,diagnostics,op,236,0.0005561066075303945,0.00010244410937231231,0.0004536624981580822,0.0006585507169027068,10
UniGCN,diagnostics,op,237,0.0005471453725385889,0.00010089471379947024,0.0004462506587391187,0.0006480400863380592,10
UniGCN,diagnostics,op,238,0.0005383318392792875,9.936822625022575e-05,0.00043896361302906176,0.0006377000655295133,10
UniGCN,diagnostics,op,239,0.0005296635184464037,9.786433013815485e-05,0.0004317991883082489,0.0006275278485845586,10
UniGCN,diagnostics,op,240,0.000521137963355286,9.638271240074731e-05,0.0004247552509545387,0.0006175206757560334,10
UniGCN,diagnostics,op,241,0.0005127527692114064,9.492306349295693e-05,0.00041782970571844943,0.0006076758327043633,10
UniGCN,diagnostics,op,242,0.0005045055723914441,9.348507737926965e-05,0.00041102049501217443,0.0005979906497707138,10
UniGCN,diagnostics,op,243,0.0004963940497365509,9.206845152436335e-05,0.0004043255982121875,0.0005884625012609142,10
UniGCN,diagnostics,op,244,0.0004884159178575944,9.06728868824244e-05,0.00039774303097516996,0.0005790888047400187,10
UniGCN,diagnostics,op,245,0.00048056893245217137,8.929808788518783e-05,0.00039127084456698355,0.0005698670203373592,10
UniGCN,diagnostics,op,246,0.0004728508876331943,8.794376242876388e-05,0.0003849071252044304,0.0005607946500619581,10
UniGCN,diagnostics,op,247,0.0004652596152688555,8.660962185931332e-05,0.0003786499934095422,0.0005518692371281689,10
UniGCN,diagnostics,op,248,0.0004577929843337749,8.529538095762927e-05,0.00037249760337614566,0.0005430883652914042,10
UniGCN,diagnostics,op,249,0.00045044890027114723,8.40007579226849e-05,0.00036644814234846235,0.0005344496581938321,10
UniGCN,diagnostics,op,250,0.00044322530436570056,8.272547435420018e-05,0.00036049983001150036,0.0005259507787199007,10
UniGCN,diagnostics,op,251,0.00043612017312728857,8.146925523428302e-05,0.00035465091789300555,0.0005175894283615716,10
UniGCN,diagnostics,op,252,0.00042913151768493574,8.023182890819523e-05,0.0003488996887767405,0.000509363346593131,10
UniGCN,diagnostics,op,253,0.0004222573831911663,7.901292706429398e-05,0.0003432444561268723,0.0005012703102554603,10
UniGCN,diagnostics,op,254,0.000415495848236439,7.781228471319552e-05,0.00033768356352324345,0.0004933081329496345,10
UniGCN,diagnostics,op,255,0.00040884502427352706,7.66296401662092e-05,0.00033221538410731785,0.00048547466443973626,10
UniGCN,diagnostics,op,256,0.0004023030550516723,7.546473501308517e-05,0.0003268383200385871,0.00047776779006475747,10
UniGCN,restart,base,0,1.0,0.0,1.0,1.0,10
UniGCN,restart,base,1,0.20047614798320817,0.003420780276987649,0.19705536770622054,0.20389692826019581,10
UniGCN,restart,base,2,0.07481112130639042,0.002430406127886474,0.07238071517850395,0.0772415274342769,10
UniGCN,restart,base,3,0.04002732316330604,0.001704215778003163,0.038323107385302875,0.0417315389413092,10
UniGCN,restart,base,4,0.02548086509422993,0.0011996760190558025,0.02428118907517413,0.026680541113285734,10
UniGCN,restart,base,5,0.01786427959419476,0.0008667389243413054,0.016997540669853456,0.018731018518536063,10
UniGCN,restart,base,6,0.01331868484752598,0.000648862495842175,0.012669822351683806,0.013967547343368155,10
UniGCN,restart,base,7,0.01035649429116806,0.0005038160651454943,0.009852678226022565,0.010860310356313553,10
UniGCN,restart,base,8,0.008299554033694909,0.0004047153312794579,0.00789483870241545,0.008704269364974367,10
UniGCN,restart,base,9,0.006802401151429686,0.00033510759375240956,0.006467293557677277,0.007137508745182096,10
UniGCN,restart,base,10,0.005673511052500022,0.00028486365256174395,0.005388647399938278,0.005958374705061766,10
UniGCN,restart,base,11,0.004799059917893467,0.00024761240064244384,0.0045514475172510225,0.005046672318535911,10
UniGCN,restart,base,12,0.00410733470159382,0.00021924828564442902,0.003888086415949391,0.004326582987238249,10
UniGCN,restart,base,13,0.003550891214452196,0.00019706802749133438,0.003353823186960862,0.0037479592419435302,10
UniGCN,restart,base,14,0.0030970473886505084,0.00017926103007263837,0.00291778635857787,0.0032763084187231468,10
UniGCN,restart,base,15,0.0027225341586012827,0.00016459890166958108,0.0025579352569317015,0.002887133060270864,10
UniGCN,restart,base,16,0.00241033328548364,0.00015223986808022278,0.002258093417403417,0.002562573153563863,10
UniGCN,restart,base,17,0.002147722817299973,0.00014160202735415345,0.0020061207899458194,0.0022893248446541263,10
UniGCN,restart,base,18,0.0019250201547987191,0.00013227953484823318,0.001792740619950486,0.0020572996896469522,10
UniGCN,restart,base,19,0.00173474523422747,0.00012398646781457321,0.0016107587664128968,0.0018587317020420434,10
UniGCN,restart,base,20,0.0015710465023733478,0.00011651895177463787,0.0014545275505987098,0.0016875654541479857,10
UniGCN,restart,base,21,0.0014292969628192885,0.00010972950059247639,0.0013195674622268122,0.0015390264634117649,10
UniGCN,restart,base,22,0.0013058036452635508,0.00010350958418652161,0.0012022940610770293,0.0014093132294500724,10
UniGCN,restart,base,23,0.0011975947321603638,9.777775858054175e-05,0.001099816973579822,0.0012953724907409055,10
UniGCN,restart,base,24,0.0011022610834442138,9.247156365849537e-05,0.0010097895197857185,0.001194732647102709,10
UniGCN,restart,base,25,0.0010178366298353061,8.754197660396944e-05,0.0009302946532313367,0.0011053786064392755,10
UniGCN,restart,base,26,0.0009427070219238729,8.294960140013833e-05,0.0008597574205237345,0.0010256566233240111,10
UniGCN,restart,base,27,0.0008755391317708551,7.86620396368726e-05,0.0007968770921339825,0.0009542011714077278,10
UniGCN,restart,base,28,0.0008152261481300773,7.465206677114577e-05,0.0007405740813589314,0.0008898782149012231,10
UniGCN,restart,base,29,0.0007608444691439776,7.089635886054594e-05,0.0006899481102834316,0.0008317408280045235,10
UniGCN,restart,base,30,0.0007116196128470855,6.737459651057162e-05,0.0006442450163365138,0.0007789942093576572,10
UniGCN,restart,base,31,0.0006668990840352174,6.406882808775951e-05,0.0006028302559474578,0.0007309679121229769,10
UniGCN,restart,base,32,0.0006261306512009961,6.096301174460096e-05,0.0005651676394563952,0.0006870936629455971,10
UniGCN,restart,base,33,0.0005888448617546117,5.804268126485574e-05,0.000530802180489756,0.0006468875430194675,10
UniGCN,restart,base,34,0.0005546408993881367,5.529469806453226e-05,0.0004993462013236044,0.000609935597452669,10
UniGCN,restart,base,35,0.0005231750925753242,5.2707063498049784e-05,0.0004704680290772744,0.000575882156073374,10
UniGCN,restart,base,36,0.0004941515374092445,5.026877369039965e-05,0.00044388276371884483,0.0005444203110996441,10
UniGCN,restart,base,37,0.00046731441497516976,4.796970464011624e-05,0.0004193447103350535,0.000515284119615286,10
UniGCN,restart,base,38,0.00044244167295767614,4.580051912439958e-05,0.00039664115383327656,0.00048824219208207573,10
UniGCN,restart,base,39,0.0004193398101682056,4.375258953668542e-05,0.0003755872206315202,0.000463092399704891,10
UniGCN,restart,base,40,0.0003978395562196013,4.181793257272228e-05,0.000356021623646879,0.00043965748879232355,10
UniGCN,restart,base,41,0.0003777922803853284,3.998915290930503e-05,0.00033780312747602335,0.00041778143329463345,10
UniGCN,restart,base,42,0.00035906699651794304,3.8259393865042104e-05,0.00032080760265290094,0.00039732639038298514,10
UniGCN,restart,base,43,0.0003415478568234491,3.66222936147232e-05,0.0003049255632087259,0.0003781701504381723,10
UniGCN,restart,base,44,0.00032513204784827374,3.507194593028741e-05,0.00029006010191798634,0.00036020399377856114,10
UniGCN,restart,base,45,0.00030972801841350824,3.360286469862257e-05,0.00027612515371488566,0.0003433308831121308,10
UniGCN,restart,base,46,0.0002952539823295797,3.220995165837688e-05,0.0002630440306712028,0.0003274639339879566,10
UniGCN,restart,base,47,0.0002816366492389758,3.088846693138824e-05,0.0002507481823075876,0.00031252511617036404,10
UniGCN,restart,base,48,0.00026881014540384047,2.9634002017664293e-05,0.00023917614338617618,0.0002984441474215048,10
UniGCN,restart,base,49,0.00025671509309895283,2.844245498871588e-05,0.00022827263811023694,0.0002851575480876687,10
UniGCN,restart,base,50,0.0002452978228175147,2.7310007661141098e-05,0.0002179878151563736,0.0002726078304786558,10
UniGCN,restart,base,51,0.00023450969700590814,2.6233104566616858e-05,0.00020827659243929128,0.000260742801572525,10
UniGCN,restart,base,52,0.00022430652771843472,2.5208433559931724e-05,0.000199098094158503,0.0002495149612783664,10
UniGCN,restart,base,53,0.00021464807358607458,2.4232907926145156e-05,0.00019041516565992942,0.00023888098151221974,10
UniGCN,restart,base,54,0.00020549760395350956,2.3303649863257354e-05,0.0001821939540902522,0.00022880125381676691,10
UniGCN,restart,base,55,0.00019682152005906752,2.241797522917353e-05,0.00017440354482989399,0.00021923949528824106,10
UniGCN,restart,base,56,0.0001885890247954436,2.1573379452103885e-05,0.0001670156453433397,0.0002101624042475475,10
UniGCN,restart,base,57,0.00018077183396137498,2.07675245124148e-05,0.00016000430944896018,0.00020153935847378978,10
UniGCN,restart,base,58,0.00017334392304935625,1.9998226911722055e-05,0.0001533456961376342,0.0001933421499610783,10
UniGCN,restart,base,59,0.00016628130455518687,1.9263446551945257e-05,0.0001470178580032416,0.00018554475110713214,10
UniGCN,restart,base,60,0.00015956183157661406,1.8561276453292364e-05,0.0001410005551233217,0.00017812310802990642,10
UniGCN,restart,base,61,0.00015316502411899,1.788993324583161e-05,0.0001352750908731584,0.0001710549573648216,10
UniGCN,restart,base,62,0.00014707191506879816,1.724774837451442e-05,0.00012982416669428374,0.00016431966344331259,10
UniGCN,restart,base,63,0.0001412649132499742,1.6633159962293338e-05,0.00012463175328768087,0.00015789807321226753,10
UniGCN,restart,base,64,0.00013572768135854306,1.6044705280377426e-05,0.00011968297607816564,0.00015177238663892047,10
UniGCN,restart,base,65,0.00013044502689082347,1.5481013778716598e-05,0.00011496401311210688,0.00014592604066954008,10
UniGCN,restart,base,66,0.00012540280444965868,1.4940800633535399e-05,0.00011046200381612328,0.00014034360508319407,10
UniGCN,restart,base,67,0.00012058782804031175,1.4422860772167635e-05,0.00010616496726814412,0.00013501068881247938,10
UniGCN,restart,base,68,0.00011598779215982644,1.3926063338601582e-05,0.00010206172882122486,0.000129913855498428,10
UniGCN,restart,base,69,0.00011159120064655973,1.3449346566047437e-05,9.81418540805123e-05,0.00012504054721260716,10
UniGCN,restart,base,70,0.00010738730239502998,1.2991713025507244e-05,9.439558936952273e-05,0.00012037901542053722,10
UniGCN,restart,base,71,0.00010336603315913584,1.2552225221777888e-05,9.081380793735795e-05,0.00011591825838091372,10
UniGCN,restart,base,72,9.951796276747008e-05,1.2130001510568215e-05,8.738796125690187e-05,0.00011164796427803829,10
UniGCN,restart,base,73,9.583424716060293e-05,1.172421231247745e-05,8.411003484812548e-05,0.00010755845947308038,10
UniGCN,restart,base,74,9.230658473411244e-05,1.1334076601479105e-05,8.097250813263334e-05,0.00010364066133559155,10
UniGCN,restart,base,75,8.892717653468331e-05,1.095885864729623e-05,7.796831788738708e-05,9.988603518197955e-05,10
UniGCN,restart,base,76,8.568868991136753e-05,1.0597864992653163e-05,7.509082491871437e-05,9.62865549040207e-05,10
UniGCN,restart,base,77,8.258422527141886e-05,1.025044164785844e-05,7.233378362356042e-05,9.28346669192773e-05,10
UniGCN,restart,base,78,7.960728563109335e-05,9.915971486523045e-06,6.969131414457031e-05,8.952325711761639e-05,10
UniGCN,restart,base,79,7.675174868738146e-05,9.593871827460442e-06,6.715787685992101e-05,8.63456205148419e-05,10
UniGCN,restart,base,80,7.401184116758813e-05,9.283592188955163e-06,6.472824897863297e-05,8.32954333565433e-05,10
UniGCN,restart,base,81,7.138211524067279e-05,8.984612202638745e-06,6.239750303803404e-05,8.036672744331153e-05,10
UniGCN,restart,base,82,6.885742679785596e-05,8.69643967517805e-06,6.0160987122677916e-05,7.755386647303401e-05,10
UniGCN,restart,base,83,6.643291543067346e-05,8.418608786873031e-06,5.801430664380043e-05,7.485152421754649e-05,10
UniGCN,restart,base,84,6.410398595281042e-05,8.150678417082064e-06,5.595330753572836e-05,7.225466436989249e-05,10
UniGCN,restart,base,85,6.186629132802292e-05,7.892230587150819e-06,5.3974060740872105e-05,6.975852191517374e-05,10
UniGCN,restart,base,86,5.971571688054137e-05,7.642869012219442e-06,5.207284786832193e-05,6.735858589276082e-05,10
UniGCN,restart,base,87,5.764836567680085e-05,7.402217753928552e-06,5.02461479228723e-05,6.505058343072941e-05,10
UniGCN,restart,base,88,5.566054497836905e-05,7.16991996663983e-06,4.8490625011729226e-05,6.283046494500888e-05,10
UniGCN,restart,base,89,5.3748753675726064e-05,6.945636730338285e-06,4.680311694538778e-05,6.069439040606435e-05,10
UniGCN,restart,base,90,5.190967062124927e-05,6.729045963891641e-06,4.518062465735763e-05,5.8638716585140906e-05,10
UniGCN,restart,base,91,5.014014378750571e-05,6.519841412812937e-06,4.3620302374692775e-05,5.6659985200318645e-05,10
UniGCN,restart,base,92,4.8437180183869e-05,6.317731706107189e-06,4.211944847776181e-05,5.475491188997619e-05,10
UniGCN,restart,base,93,4.679793647066156e-05,6.122439477185858e-06,4.0675496993475704e-05,5.292037594784742e-05,10
UniGCN,restart,base,94,4.5219710215559325e-05,5.933700544204453e-06,3.928600967135487e-05,5.115341075976378e-05,10
UniGCN,restart,base,95,4.3699931741963914e-05,5.751263145523646e-06,3.7948668596440266e-05,4.945119488748756e-05,10
UniGCN,restart,base,96,4.223615652351042e-05,5.5748872263126126e-06,3.666126929719781e-05,4.781104374982303e-05,10
UniGCN,restart,base,97,4.082605808289619e-05,5.404343772608503e-06,3.542171431028769e-05,4.623040185550469e-05,10
UniGCN,restart,base,98,3.946742135683605e-05,5.2394141894189695e-06,3.422800716741708e-05,4.470683554625502e-05,10
UniGCN,restart,base,99,3.815813649221786e-05,5.079889719707435e-06,3.307824677251042e-05,4.32380262119253e-05,10
UniGCN,restart,base,100,3.6896193041485826e-05,4.92557090133463e-06,3.19706221401512e-05,4.182176394282045e-05,10
UniGCN,restart,base,101,3.567967452795258e-05,4.776267059246547e-06,3.090340746870603e-05,4.0455941587199125e-05,10
UniGCN,restart,base,102,3.4506753354164565e-05,4.631795830399561e-06,2.9874957523765e-05,3.913854918456413e-05,10
UniGCN,restart,base,103,3.3375686028643234e-05,4.49198271909859e-06,2.8883703309544644e-05,3.786766874774182e-05,10
UniGCN,restart,base,104,3.22848086883231e-05,4.356660680596381e-06,2.7928148007726715e-05,3.664146936891948e-05,10
UniGCN,restart,base,105,3.1232532895824e-05,4.2256697309607015e-06,2.70068631648633e-05,3.54582026267847e-05,10
UniGCN,restart,base,106,3.0217341692349832e-05,4.0988565813632575e-06,2.6118485110986574e-05,3.431619827371309e-05,10
UniGCN,restart,base,107,2.9237785888514396e-05,3.9760742950805956e-06,2.52617115934338e-05,3.321386018359499e-05,10
UniGCN,restart,base,108,2.8292480576771062e-05,3.857181965622954e-06,2.443529861114811e-05,3.2149662542394015e-05,10
UniGCN,restart,base,109,2.7380101850380623e-05,3.7420444145237796e-06,2.3638057435856845e-05,3.11221462649044e-05,10
UniGCN,restart,base,110,2.6499383715001083e-05,3.6305319074305003e-06,2.2868851807570583e-05,3.0129915622431582e-05,10
UniGCN,restart,base,111,2.5649115180035165e-05,3.5225198872369286e-06,2.2126595292798235e-05,2.9171635067272095e-05,10
UniGCN,restart,base,112,2.4828137517835478e-05,3.417888723090065e-06,2.1410248794745412e-05,2.8246026240925543e-05,10
UniGCN,restart,base,113,2.403534167975049e-05,3.3165234741895416e-06,2.0718818205560945e-05,2.735186515394003e-05,10
UniGCN,restart,base,114,2.3269665858805644e-05,3.2183136673769922e-06,2.005135219142865e-05,2.6487979526182637e-05,10
UniGCN,restart,base,115,2.2530093189558547e-05,3.1231530875857565e-06,1.940694010197279e-05,2.5653246277144304e-05,10
UniGCN,restart,base,116,2.181564957635152e-05,3.030939580289057e-06,1.8784709996062463e-05,2.4846589156640577e-05,10
UniGCN,restart,base,117,2.11254016418147e-05,2.9415748651473076e-06,1.8183826776667394e-05,2.406697650696201e-05,10
UniGCN,restart,base,118,2.0458454788052113e-05,2.854964360113244e-06,1.7603490427938868e-05,2.331341914816536e-05,10
UniGCN,restart,base,119,1.9813951363477338e-05,2.771017015306979e-06,1.7042934348170357e-05,2.258496837878432e-05,10
UniGCN,restart,base,120,1.919106892875755e-05,2.6896451560227945e-06,1.6501423772734758e-05,2.1880714084780345e-05,10
UniGCN,restart,base,121,1.858901861577865e-05,2.6107643342752807e-06,1.597825428150337e-05,2.1199782950053933e-05,10
UniGCN,restart,base,122,1.80070435739638e-05,2.534293188334819e-06,1.547275038562898e-05,2.054133676229862e-05,10
UniGCN,restart,base,123,1.7444417498664327e-05,2.4601533097417193e-06,1.4984264188922608e-05,1.9904570808406046e-05,10
UniGCN,restart,base,124,1.690044323670069e-05,2.3882691173246213e-06,1.4512174119376069e-05,1.928871235402531e-05,10
UniGCN,restart,base,125,1.6374451464461653e-05,2.3185677377823187e-06,1.4055883726679334e-05,1.869301920224397e-05,10
UniGCN,restart,base,126,1.5865799434276716e-05,2.2509788924193573e-06,1.361482054185736e-05,1.8116778326696073e-05,10
UniGCN,restart,base,127,1.5373869785060545e-05,2.185434789654467e-06,1.3188434995406078e-05,1.755930457471501e-05,10
UniGCN,restart,base,128,1.4898069413491169e-05,2.1218700229475388e-06,1.277619939054363e-05,1.7019939436438706e-05,10
UniGCN,restart,base,129,1.4437828402227648e-05,2.0602214738155653e-06,1.2377606928412083e-05,1.6498049876043213e-05,10
UniGCN,restart,base,130,1.3992599001899223e-05,2.0004282196307184e-06,1.1992170782268505e-05,1.5993027221529942e-05,10
UniGCN,restart,base,131,1.3561854663807966e-05,1.942431445914934e-06,1.1619423217893033e-05,1.55042861097229e-05,10
UniGCN,restart,base,132,1.3145089120482052e-05,1.886174362864932e-06,1.125891475761712e-05,1.5031263483346983e-05,10
UniGCN,restart,base,133,1.2741815511398263e-05,1.8316021258597325e-06,1.091021338553853e-05,1.4573417637257996e-05,10
UniGCN,restart,base,134,1.2351565551360654e-05,1.7786617597195101e-06,1.0572903791641143e-05,1.4130227311080164e-05,10
UniGCN,restart,base,135,1.1973888739179525e-05,1.727302086500239e-06,1.0246586652679285e-05,1.3701190825679765e-05,10
UniGCN,restart,base,136,1.1608351604440573e-05,1.6774736566229542e-06,9.930877947817619e-06,1.3285825261063527e-05,10
UniGCN,restart,base,137,1.1254536990290248e-05,1.629128683149864e-06,9.625408307140384e-06,1.2883665673440112e-05,10
UniGCN,restart,base,138,1.0912043370290029e-05,1.5822209790319192e-06,9.32982239125811e-06,1.2494264349321947e-05,10
UniGCN,restart,base,139,1.0580484197510464e-05,1.5367058971639931e-06,9.043778300346471e-06,1.2117190094674457e-05,10
UniGCN,restart,base,140,1.0259487284145988e-05,1.4925402730944113e-06,8.766947011051577e-06,1.1752027557240398e-05,10
UniGCN,restart,base,141,9.948694210034425e-06,1.4496823702455437e-06,8.499011839788882e-06,1.1398376580279968e-05,10
UniGCN,restart,base,142,9.647759758561054e-06,1.408091827511352e-06,8.239667931049703e-06,1.1055851586072406e-05,10
UniGCN,restart,base,143,9.35635137851681e-06,1.3677296091062626e-06,7.988621769410547e-06,1.0724080987623072e-05,10
UniGCN,restart,base,144,9.074148670564012e-06,1.328557956547706e-06,7.745590714016306e-06,1.0402706627111718e-05,10
UniGCN,restart,base,145,8.800842897041388e-06,1.2905403426620378e-06,7.510302554379351e-06,1.0091383239703426e-05,10
UniGCN,restart,base,146,8.536136513913478e-06,1.253641427510337e-06,7.282495086403141e-06,9.789777941423815e-06,10
UniGCN,restart,base,147,8.279742723738052e-06,1.2178270161370207e-06,7.061915707601031e-06,9.497569739875072e-06,10
UniGCN,restart,base,148,8.031385048589535e-06,1.1830640180500525e-06,6.8483210305394825e-06,9.214449066639587e-06,10
UniGCN,restart,base,149,7.790796921936422e-06,1.1493204083470936e-06,6.641476513589329e-06,8.940117330283516e-06,10
UniGCN,restart,base,150,7.557721298527243e-06,1.1165651904070258e-06,6.441156108120217e-06,8.674286488934269e-06,10
UniGCN,restart,base,151,7.331910281392357e-06,1.0847683600710828e-06,6.247141921321274e-06,8.41667864146344e-06,10
UniGCN,restart,base,152,7.113124765118504e-06,1.053900871242243e-06,6.05922389387626e-06,8.167025636360747e-06,10
UniGCN,restart,base,153,6.901134094599536e-06,1.023934602835694e-06,5.877199491763842e-06,7.92506869743523e-06,10
UniGCN,restart,base,154,6.695715738510468e-06,9.948423270170805e-07,5.7008734114933875e-06,7.690558065527549e-06,10
UniGCN,restart,base,155,6.496654976792942e-06,9.665976786687622e-07,5.53005729812418e-06,7.463252655461705e-06,10
UniGCN,restart,base,156,6.303744601478755e-06,9.391751260277958e-07,5.364569475450958e-06,7.242919727506551e-06,10
UniGCN,restart,base,157,6.116784630214369e-06,9.125499424423821e-07,5.204234687771987e-06,7.029334572656751e-06,10
UniGCN,restart,base,158,5.935582031883256e-06,8.866981791965469e-07,5.048883852686709e-06,6.8222802110798026e-06,10
UniGCN,restart,base,159,5.759950463755102e-06,8.615966393555095e-07,4.898353824399593e-06,6.621547103110612e-06,10
UniGCN,restart,base,160,5.5897100196209235e-06,8.372228525867999e-07,4.752487167034124e-06,6.426932872207723e-06,10
UniGCN,restart,base,161,5.424686988401585e-06,8.1355505091456e-07,4.611131937487025e-06,6.2382420393161444e-06,10
UniGCN,restart,base,162,5.2647136227439036e-06,7.905721453667397e-07,4.474141477377164e-06,6.055285768110643e-06,10
UniGCN,restart,base,163,5.109627917143731e-06,7.682537034769927e-07,4.341374213666739e-06,5.8778816206207234e-06,10
UniGCN,restart,base,164,4.959273395159076e-06,7.465799276050435e-07,4.212693467554032e-06,5.705853322764119e-06,10
UniGCN,restart,base,165,4.813498905298748e-06,7.255316340411957e-07,4.087967271257552e-06,5.539030539339944e-06,10
UniGCN,restart,base,166,4.672158425193084e-06,7.050902328623153e-07,3.967068192330768e-06,5.377248658055399e-06,10
UniGCN,restart,base,167,4.535110873673215e-06,6.852377085083414e-07,3.849873165164873e-06,5.2203485821815565e-06,10
UniGCN,restart,base,168,4.402219930404118e-06,6.659566010498561e-07,3.7362633293542618e-06,5.068176531453974e-06,10
UniGCN,restart,base,169,4.2733538627344565e-06,6.472299881186907e-07,3.6261238746157657e-06,4.920583850853147e-06,10
UniGCN,restart,base,170,4.148385359442944e-06,6.29041467474946e-07,3.519343891967998e-06,4.77742682691789e-06,10
UniGCN,restart,base,171,4.027191371076799e-06,6.113751401850284e-07,3.415816230891771e-06,4.638566511261827e-06,10
UniGCN,restart,base,172,3.909652956592816e-06,5.942155943865504e-07,3.315437362206266e-06,4.503868550979366e-06,10
UniGCN,restart,base,173,3.795655136025748e-06,5.775478896170501e-07,3.2181072464086976e-06,4.373203025642798e-06,10
UniGCN,restart,base,174,3.6850867489220295e-06,5.613575416845722e-07,3.1237292072374572e-06,4.246444290606602e-06,10
UniGCN,restart,base,175,3.577840318289576e-06,5.456305080591634e-07,3.0322098102304126e-06,4.123470826348739e-06,10
UniGCN,restart,base,176,3.473811919826311e-06,5.303531737652683e-07,2.9434587460610426e-06,4.00416509359158e-06,10
UniGCN,restart,base,177,3.3729010562014998e-06,5.155123377559381e-07,2.8573887184455617e-06,3.888413393957438e-06,10
UniGCN,restart,base,178,3.275010536174601e-06,5.010951997506032e-07,2.773915336423998e-06,3.7761057359252042e-06,10
UniGCN,restart,base,179,3.1800463583466273e-06,4.870893475189749e-07,2.6929570108276524e-06,3.6671357058656023e-06,10
UniGCN,restart,base,180,3.087917599348559e-06,4.7348274459438163e-07,2.6144348547541773e-06,3.5614003439429404e-06,10
UniGCN,restart,base,181,2.9985363062805546e-06,4.6026371840061223e-07,2.5382725878799424e-06,3.458800024681167e-06,10
UniGCN,restart,base,182,2.9118173932243275e-06,4.47420948776966e-07,2.4643964444473616e-06,3.3592383420012933e-06,10
UniGCN,restart,base,183,2.8276785416592983e-06,4.3494345688691877e-07,2.3927350847723795e-06,3.262621998546217e-06,10
UniGCN,restart,base,184,2.7460401046209203e-06,4.2282059449637545e-07,2.323219510124545e-06,3.1688606991172955e-06,10
UniGCN,restart,base,185,2.6668250144469818e-06,4.1104203360811076e-07,2.255782980838871e-06,3.0778670480550924e-06,10
UniGCN,restart,base,186,2.589958693964702e-06,3.995977564395157e-07,2.190360937525186e-06,2.989556450404218e-06,10
UniGCN,restart,base,187,2.515368970978118e-06,3.8847804573133386e-07,2.1268909252467842e-06,2.903847016709452e-06,10
UniGCN,restart,base,188,2.442985995921604e-06,3.776734753755401e-07,2.065312520546064e-06,2.820659471297144e-06,10
UniGCN,restart,base,189,2.3727421625513532e-06,3.6717490135101354e-07,2.00556726120034e-06,2.7399170639023666e-06,10
UniGCN,restart,base,190,2.3045720315524232e-06,3.5697345295610557e-07,1.9475985785963175e-06,2.661545484508529e-06,10
UniGCN,restart,base,191,2.238412256944323e-06,3.4706052432763386e-07,1.8913517326166894e-06,2.585472781271957e-06,10
UniGCN,restart,base,192,2.1742015151733614e-06,3.374277662362537e-07,1.8367737489371077e-06,2.511629281409615e-06,10
UniGCN,restart,base,193,2.11188043678483e-06,3.2806707814854193e-07,1.7838133586362881e-06,2.439947514933372e-06,10
UniGCN,restart,base,194,2.0513915405728265e-06,3.1897060054651784e-07,1.7324209400263087e-06,2.3703621411193444e-06,10
UniGCN,restart,base,195,1.9926791701099403e-06,3.101307074956687e-07,1.6825484626142715e-06,2.302809877605609e-06,10
UniGCN,restart,base,196,1.935689432563294e-06,3.015399994529042e-07,1.6341494331103898e-06,2.2372294320161982e-06,10
UniGCN,restart,base,197,1.8803701397074424e-06,2.9319129630618307e-07,1.5871788434012592e-06,2.1735614360136255e-06,10
UniGCN,restart,base,198,1.8266707510485e-06,2.850776306378678e-07,1.541593120410632e-06,2.111748381686368e-06,10
UniGCN,restart,base,199,1.7745423189775138e-06,2.7719224120416865e-07,1.4973500777733452e-06,2.0517345601816824e-06,10
UniGCN,restart,base,200,1.7239374358745963e-06,2.695285666233187e-07,1.4544088692512777e-06,1.993466002497915e-06,10
UniGCN,restart,base,201,1.674810183088665e-06,2.6208023926539167e-07,1.4127299438232732e-06,1.9368904223540566e-06,10
UniGCN,restart,base,202,1.6271160817207866e-06,2.5484107933695497e-07,1.3722750023838316e-06,1.8819571610577415e-06,10
UniGCN,restart,base,203,1.5808120451421761e-06,2.478050891539708e-07,1.3330069559882053e-06,1.828617134296147e-06,10
UniGCN,restart,base,204,1.5358563331807567e-06,2.409664475966315e-07,1.2948898855841253e-06,1.7768227807773881e-06,10
UniGCN,restart,base,205,1.4922085079129625e-06,2.3431950474002047e-07,1.257889003172942e-06,1.726528012652983e-06,10
UniGCN,restart,base,206,1.449829391000073e-06,2.2785877665472596e-07,1.221970614345347e-06,1.6776881676547988e-06,10
UniGCN,restart,base,207,1.4086810225108853e-06,2.2157894037173862e-07,1.1871020821391467e-06,1.630259962882624e-06,10
UniGCN,restart,base,208,1.3687266211749161e-06,2.1547482900617546e-07,1.1532517921687407e-06,1.5842014501810916e-06,10
UniGCN,restart,base,209,1.3299305460126172e-06,2.0954142703455664e-07,1.1203891189780605e-06,1.539471973047174e-06,10
UniGCN,restart,base,210,1.2922582592912593e-06,2.0377386572056184e-07,1.0884843935706974e-06,1.496032125011821e-06,10
UniGCN,restart,base,211,1.2556762907572314e-06,1.9816741868436176e-07,1.0575088720728696e-06,1.4538437094415932e-06,10
UniGCN,restart,base,212,1.220152203097495e-06,1.9271749761080204e-07,1.027434705486693e-06,1.4128697007082968e-06,10
UniGCN,restart,base,213,1.1856545585848261e-06,1.8741964809187522e-07,9.98234910492951e-07,1.3730742066767012e-06,10
UniGCN,restart,base,214,1.1521528868633084e-06,1.8226954559908345e-07,9.69883341264225e-07,1.3344224324623918e-06,10
UniGCN,restart,base,215,1.1196176538322736e-06,1.7726299158144284e-07,9.423546622508307e-07,1.2968806454137165e-06,10
UniGCN,restart,base,216,1.0880202315885469e-06,1.7239590968502973e-07,9.156243219035171e-07,1.2604161412735766e-06,10
UniGCN,restart,base,217,1.0573328693884558e-06,1.6766434209011333e-07,8.896685272983425e-07,1.2249972114785692e-06,10
UniGCN,restart,base,218,1.0275286655925678e-06,1.6306444596205018e-07,8.644642196305176e-07,1.1905931115546179e-06,10
UniGCN,restart,base,219,9.98581540557593e-07,1.585924900122557e-07,8.399890505453373e-07,1.1571740305698485e-06,10
UniGCN,restart,base,220,9.704662104412717e-07,1.5424485116568658e-07,8.162213592755851e-07,1.1247110616069582e-06,10
UniGCN,restart,base,221,9.431581618874044e-07,1.5001801133139389e-07,7.931401505560106e-07,1.0931761732187984e-06,10
UniGCN,restart,base,222,9.16633627559461e-07,1.459085542728243e-07,7.707250732866367e-07,1.0625421818322853e-06,10
UniGCN,restart,base,223,8.90869562492422e-07,1.419131625746582e-07,7.489563999177639e-07,1.0327827250670801e-06,10
UniGCN,restart,base,224,8.658436212336874e-07,1.3802861470308317e-07,7.278150065306042e-07,1.0038722359367706e-06,10
UniGCN,restart,base,225,8.415341357449976e-07,1.342517821565056e-07,7.07282353588492e-07,9.757859179015032e-07,10
UniGCN,restart,base,226,8.179200940383967e-07,1.3057962670380543e-07,6.873404673345913e-07,9.484997207422022e-07,10
UniGCN,restart,base,227,7.949811195202929e-07,1.2700919770733654e-07,6.679719218129563e-07,9.219903172276295e-07,10
UniGCN,restart,base,228,7.726974510186591e-07,1.2353762952796501e-07,6.49159821490694e-07,8.962350805466241e-07,10
UniGCN,restart,base,229,7.510499234693659e-07,1.201621390095372e-07,6.308877844598287e-07,8.71212062478903e-07,10
UniGCN,restart,base,230,7.300199492385424e-07,1.1688002304024546e-07,6.13139926198297e-07,8.468999722787879e-07,10
UniGCN,restart,base,231,7.095895000587354e-07,1.1368865618845243e-07,5.959008438702829e-07,8.232781562471878e-07,10
UniGCN,restart,base,232,6.897410895574671e-07,1.1058548841061308e-07,5.79155601146854e-07,8.003265779680802e-07,10
UniGCN,restart,base,233,6.704577563575971e-07,1.0756804282900947e-07,5.628897135285876e-07,7.780257991866066e-07,10
UniGCN,restart,base,234,6.517230477296601e-07,1.0463391357709348e-07,5.470891341525666e-07,7.563569613067536e-07,10
UniGCN,restart,base,235,6.33521003777085e-07,1.0178076371030214e-07,5.317402400667828e-07,7.353017674873871e-07,10
UniGCN,restart,base,236,6.15836142135917e-07,9.900632318028203e-08,5.16829818955635e-07,7.148424653161991e-07,10
UniGCN,restart,base,237,5.98653443171334e-07,9.630838687052645e-08,5.023450563008076e-07,6.949618300418604e-07,10
UniGCN,restart,base,238,5.819583356539057e-07,9.368481269149623e-08,4.882735229624095e-07,6.756431483454019e-07,10
UniGCN,restart,base,239,5.657366828991692e-07,9.113351973335565e-08,4.746031631658136e-07,6.568702026325248e-07,10
UniGCN,restart,base,240,5.499747693546962e-07,8.865248647451844e-08,4.6132228288017774e-07,6.386272558292146e-07,10
UniGCN,restart,base,241,5.346592876194011e-07,8.623974904425738e-08,4.484195385751437e-07,6.208990366636584e-07,10
UniGCN,restart,base,242,5.197773258803996e-07,8.389339953768573e-08,4.3588392634271383e-07,6.036707254180853e-07,10
UniGCN,restart,base,243,5.053163557532554e-07,8.161158438147773e-08,4.2370477137177765e-07,5.86927940134733e-07,10
UniGCN,restart,base,244,4.912642205119668e-07,7.939250274874513e-08,4.1187171776322166e-07,5.706567232607119e-07,10
UniGCN,restart,base,245,4.776091236955367e-07,7.72344050215393e-08,4.003747186739974e-07,5.54843528717076e-07,10
UniGCN,restart,base,246,4.64339618078443e-07,7.513559129949849e-08,3.8920402677894453e-07,5.394752093779415e-07,10
UniGCN,restart,base,247,4.514445949927799e-07,7.309440995320668e-08,3.7835018503957325e-07,5.245390049459866e-07,10
UniGCN,restart,base,248,4.3891327399027915e-07,7.110925622087763e-08,3.6780401776940154e-07,5.100225302111568e-07,10
UniGCN,restart,base,249,4.2673519283283937e-07,6.917857084702234e-08,3.57556621985817e-07,4.959137636798617e-07,10
UniGCN,restart,base,250,4.1490019780059597e-07,6.730083876179983e-08,3.4759935903879614e-07,4.822010365623957e-07,10
UniGCN,restart,base,251,4.033984343069558e-07,6.547458779979645e-08,3.3792384650715936e-07,4.6887302210675224e-07,10
UniGCN,restart,base,252,3.9222033781038755e-07,6.369838745701385e-08,3.285219503533737e-07,4.559187252674014e-07,10
UniGCN,restart,base,253,3.8135662501313034e-07,6.197084768489094e-08,3.193857773282394e-07,4.433274726980213e-07,10
UniGCN,restart,base,254,3.707982853373142e-07,6.029061772021762e-08,3.1050766761709654e-07,4.310889030575318e-07,10
UniGCN,restart,base,255,3.6053657266933473e-07,5.8656384949837286e-08,3.0188018771949746e-07,4.19192957619172e-07,10
UniGCN,restart,base,256,3.505629973636324e-07,5.706687380907036e-08,2.9349612355456205e-07,4.076298711727028e-07,10
UniGCN,restart,restart,0,1.0,0.0,1.0,1.0,10
UniGCN,restart,restart,1,0.24630511020925358,0.003401083362220376,0.24290402684703322,0.24970619357147394,10
UniGCN,restart,restart,2,0.11734575503348754,0.002623005881271059,0.11472274915221649,0.1199687609147586,10
UniGCN,restart,restart,3,0.07856222172463927,0.002054957829495443,0.07650726389514383,0.08061717955413471,10
UniGCN,restart,restart,4,0.06225102478590004,0.0016687883467317829,0.06058223643916826,0.06391981313263183,10
UniGCN,restart,restart,5,0.053970964025460165,0.0014078245744673084,0.052563139450992856,0.055378788599927474,10
UniGCN,restart,restart,6,0.049237705866383624,0.001229650034264474,0.04800805583211915,0.050467355900648096,10
UniGCN,restart,restart,7,0.04630552913240843,0.001106023249194729,0.0451995058832137,0.04741155238160316,10
UniGCN,restart,restart,8,0.044383269586772855,0.001018865724201642,0.04336440386257121,0.0454021353109745,10
UniGCN,restart,restart,9,0.04306963466775294,0.0009565312912403232,0.04211310337651262,0.04402616595899326,10
UniGCN,restart,restart,10,0.04214298710385468,0.0009113727825350912,0.04123161432131959,0.043054359886389774,10
UniGCN,restart,restart,11,0.04147273068225088,0.0008782707126470908,0.04059445996960379,0.04235100139489797,10
UniGCN,restart,restart,12,0.040977971080485405,0.0008537402331861325,0.04012423084729927,0.04183171131367154,10
UniGCN,restart,restart,13,0.04060657554465942,0.0008353755056102283,0.039771200039049194,0.04144195105026965,10
UniGCN,restart,restart,14,0.04032384224662407,0.0008214949479770265,0.03950234729864704,0.041145337194601096,10
UniGCN,restart,restart,15,0.04010603738050223,0.0008109098214443447,0.03929512755905789,0.04091694720194657,10
UniGCN,restart,restart,16,0.039936548103829184,0.00080277072783691,0.039133777375992274,0.040739318831666094,10
UniGCN,restart,restart,17,0.03980351037954076,0.0007964644325087942,0.039007045947031964,0.04059997481204956,10
UniGCN,restart,restart,18,0.03969830189918546,0.0007915437414148457,0.038906758157770616,0.040489845640600305,10
UniGCN,restart,restart,19,0.03961455945459153,0.0007876793663240589,0.03882688008826747,0.04040223882091559,10
UniGCN,restart,restart,20,0.039547523378827096,0.0007846265687778098,0.03876289681004928,0.04033214994760491,10
UniGCN,restart,restart,21,0.039493591083074674,0.0007822018283573776,0.038711389254717295,0.04027579291143205,10
UniGCN,restart,restart,22,0.03945000726493496,0.0007802663696272797,0.038669740895307676,0.04023027363456224,10
UniGCN,restart,restart,23,0.039414645265628045,0.0007787144224090474,0.038635930843219,0.04019335968803709,10
UniGCN,restart,restart,24,0.03938585034980717,0.0007774647772253217,0.038608385572581845,0.040163315127032494,10
UniGCN,restart,restart,25,0.03936232577695791,0.0007764546550998766,0.03858587112185803,0.04013878043205779,10
UniGCN,restart,restart,26,0.03934304891476609,0.0007756352174267281,0.03856741369733936,0.040118684132192814,10
UniGCN,restart,restart,27,0.039327208754068976,0.0007749682485184158,0.03855224050555056,0.04010217700258739,10
UniGCN,restart,restart,28,0.03931415887709851,0.0007744236841136266,0.038539735192984884,0.04008858256121213,10
UniGCN,restart,restart,29,0.03930338172321489,0.000773977755494028,0.03852940396772086,0.04007735947870892,10
UniGCN,restart,restart,30,0.039294461208270605,0.0007736115854006598,0.038520849622869946,0.040068072793671264,10
UniGCN,restart,restart,31,0.03928706158517296,0.0007733101182569949,0.03851375146691596,0.04006037170342995,10
UniGCN,restart,restart,32,0.03928091101152719,0.0007730612997110834,0.03850784971181611,0.04005397231123827,10
UniGCN,restart,restart,33,0.03927578869779139,0.0007728554435106628,0.03850293325428073,0.040048644141302055,10
UniGCN,restart,restart,34,0.03927151480014523,0.0007726847401368812,0.03849883006000835,0.040044199540282106,10
UniGCN,restart,restart,35,0.03926794243214542,0.0007725428734279379,0.03849539955871748,0.04004048530557335,10
UniGCN,restart,restart,36,0.03926495132236814,0.0007724247199849936,0.03849252660238314,0.040037376042353134,10
UniGCN,restart,restart,37,0.039262442758093354,0.0007723261124096289,0.03849011664568373,0.04003476887050298,10
UniGCN,restart,restart,38,0.039260335539039806,0.0007722436520299323,0.03848809188700988,0.040032579191069735,10
UniGCN,restart,restart,39,0.03925856272815052,0.0007721745601908705,0.03848638816795965,0.040030737288341396,10
UniGCN,restart,restart,40,0.039257069034067824,0.0007721165597382399,0.038484952474329585,0.04002918559380606,10
UniGCN,restart,restart,41,0.03925580869622593,0.0007720677802465621,0.038483740915979364,0.04002787647647249,10
UniGCN,restart,restart,42,0.039254743771318115,0.0007720266819950835,0.038482717089323035,0.040026770453313196,10
UniGCN,restart,restart,43,0.03925384274136483,0.0007719919948034342,0.038481850746561394,0.04002583473616826,10
UniGCN,restart,restart,44,0.03925307938026622,0.00077196266868636,0.03848111671157986,0.040025042048952575,10
UniGCN,restart,restart,45,0.03925243182871112,0.0007719378339400714,0.03848049399477105,0.04002436966265119,10
UniGCN,restart,restart,46,0.03925188183749036,0.0007719167687779828,0.038479965068712374,0.04002379860626834,10
UniGCN,restart,restart,47,0.03925141414726875,0.0007718988730265516,0.0384795152742422,0.040023313020295305,10
UniGCN,restart,restart,48,0.03925101597919491,0.0007718836466988118,0.0384791323324961,0.040022899625893726,10
UniGCN,restart,restart,49,0.039250676615742296,0.0007718706725037832,0.03847880594323851,0.04002254728824608,10
UniGCN,restart,restart,50,0.03925038705516434,0.0007718596015394209,0.03847852745362492,0.040022246656703765,10
UniGCN,restart,restart,51,0.03925013972612988,0.0007718501415663414,0.03847828958456354,0.04002198986769622,10
UniGCN,restart,restart,52,0.03924992825165337,0.000771842047378249,0.03847808620427512,0.04002177029903162,10
UniGCN,restart,restart,53,0.03924974725347941,0.0007718351128793153,0.0384779121406001,0.04002158236635873,10
UniGCN,restart,restart,54,0.03924959218972697,0.0007718291645539126,0.038477763025173056,0.040021421354280884,10
UniGCN,restart,restart,55,0.03924945921992613,0.0007718240560742795,0.03847763516385185,0.040021283276000415,10
UniGCN,restart,restart,56,0.03924934509265351,0.0007718196638399863,0.038477525428813525,0.04002116475649349,10
UniGCN,restart,restart,57,0.03924924705184213,0.0007718158832816084,0.03847743116856052,0.04002106293512374,10
UniGCN,restart,restart,58,0.03924916275854784,0.0007718126257925567,0.038477350132755286,0.04002097538434039,10
UniGCN,restart,restart,59,0.03924909022552873,0.0007718098161777421,0.038477280409350986,0.04002090004170647,10
UniGCN,restart,restart,60,0.03924902776246238,0.0007718073905286097,0.03847722037193377,0.040020835152990986,10
UniGCN,restart,restart,61,0.03924897393000818,0.0007718052944502372,0.038477168635557946,0.040020779224458417,10
UniGCN,restart,restart,62,0.03924892750123484,0.0007718034815796325,0.03847712401965521,0.04002073098281447,10
UniGCN,restart,restart,63,0.039248887429189555,0.0007718019123455056,0.03847708551684405,0.04002068934153506,10
UniGCN,restart,restart,64,0.039248852819595705,0.0007718005529283636,0.03847705226666734,0.04002065337252407,10
UniGCN,restart,restart,65,0.03924882290783901,0.0007717993743871337,0.03847702353345187,0.040020622282226144,10
UniGCN,restart,restart,66,0.03924879703954455,0.0007717983519246027,0.038476998687619945,0.040020595391469155,10
UniGCN,restart,restart,67,0.03924877465416432,0.000771797464268449,0.03847697718989587,0.04002057211843277,10
UniGCN,restart,restart,68,0.039248755271092416,0.00077179669314902,0.03847695857794339,0.04002055196424144,10
UniGCN,restart,restart,69,0.03924873847790468,0.0007717960228579685,0.03847694245504671,0.04002053450076265,10
UniGCN,restart,restart,70,0.03924872392038651,0.0007717954398746461,0.03847692848051186,0.04002051936026116,10
UniGCN,restart,restart,71,0.03924871129406765,0.0007717949325494641,0.03847691636151818,0.04002050622661712,10
UniGCN,restart,restart,72,0.03924870033702814,0.0007717944908350491,0.03847690584619309,0.04002049482786319,10
UniGCN,restart,restart,73,0.03924869082377822,0.000771794106057719,0.038476896717720505,0.04002048492983594,10
UniGCN,restart,restart,74,0.039248682560046454,0.0007717937707228876,0.038476888789323566,0.04002047633076934,10
UniGCN,restart,restart,75,0.039248675378336643,0.0007717934783492402,0.0384768818999874,0.040020468856685885,10
UniGCN,restart,restart,76,0.039248669134136646,0.0007717932233271214,0.038476875910809526,0.04002046235746377,10
UniGCN,restart,restart,77,0.03924866370268,0.0007717930007975087,0.03847687070188249,0.04002045670347751,10
UniGCN,restart,restart,78,0.03924865897617746,0.0007717928065484639,0.03847686616962899,0.040020451782725924,10
UniGCN,restart,restart,79,0.03924865486144783,0.0007717926369263617,0.03847686222452147,0.04002044749837419,10
UniGCN,restart,restart,80,0.039248651277888916,0.0007717924887597651,0.038476858789129154,0.04002044376664868,10
UniGCN,restart,restart,81,0.0392486481557381,0.0007717923592940538,0.03847685579644405,0.04002044051503215,10
UniGCN,restart,restart,82,0.03924864543458003,0.00077179224613516,0.03847685318844487,0.04002043768071519,10
UniGCN,restart,restart,83,0.03924864306206524,0.0007717921472012299,0.03847685091486401,0.04002043520926647,10
UniGCN,restart,restart,84,0.03924864099280899,0.000771792060680891,0.0384768489321281,0.04002043305348988,10
UniGCN,restart,restart,85,0.03924863918744436,0.0007717919849973294,0.03847684720244703,0.04002043117244169,10
UniGCN,restart,restart,86,0.03924863761180712,0.000771791918777234,0.038476845693029886,0.04002042953058436,10
UniGCN,restart,restart,87,0.03924863623623394,0.0007717918608239981,0.03847684437540994,0.040020428097057935,10
UniGCN,restart,restart,88,0.03924863503495727,0.0007717918100945072,0.038476843224862764,0.040020426845051776,10
UniGCN,restart,restart,89,0.039248633985583634,0.0007717917656791046,0.03847684221990453,0.04002042575126274,10
UniGCN,restart,restart,90,0.03924863306864331,0.0007717917267841827,0.03847684134185913,0.040020424795427494,10
UniGCN,restart,restart,91,0.03924863226720143,0.000771791692717138,0.03847684057448429,0.040020423959918575,10
UniGCN,restart,restart,92,0.039248631566521905,0.0007717916628733057,0.0384768399036486,0.04002042322939521,10
UniGCN,restart,restart,93,0.0392486309537769,0.0007717916367246208,0.03847683931705228,0.040020422590501516,10
UniGCN,restart,restart,94,0.03924863041779546,0.0007717916138097555,0.038476838803985704,0.04002042203160521,10
UniGCN,restart,restart,95,0.039248629948845835,0.0007717915937255862,0.03847683835512025,0.04002042154257142,10
UniGCN,restart,restart,96,0.03924862953844712,0.0007717915761197491,0.03847683796232737,0.04002042111456687,10
UniGCN,restart,restart,97,0.03924862917920581,0.0007717915606841416,0.03847683761852167,0.04002042073988995,10
UniGCN,restart,restart,98,0.039248628864674256,0.0007717915471493247,0.03847683731752493,0.04002042041182358,10
UniGCN,restart,restart,99,0.03924862858922785,0.0007717915352796199,0.03847683705394823,0.04002042012450747,10
UniGCN,restart,restart,100,0.039248628347958364,0.0007717915248687861,0.038476836823089576,0.04002041987282715,10
UniGCN,restart,restart,101,0.039248628136581455,0.0007717915157363556,0.0384768366208451,0.04002041965231781,10
UniGCN,restart,restart,102,0.03924862795135618,0.0007717915077243434,0.03847683644363184,0.040020419459080525,10
UniGCN,restart,restart,103,0.03924862778901518,0.0007717915006944527,0.03847683628832073,0.04002041928970963,10
UniGCN,restart,restart,104,0.03924862764670397,0.0007717914945255692,0.0384768361521784,0.040020419141229537,10
UniGCN,restart,restart,105,0.039248627521927974,0.0007717914891116171,0.038476836032816354,0.040020419011039594,10
UniGCN,restart,restart,106,0.039248627412506676,0.0007717914843596786,0.038476835928147,0.040020418896866354,10
UniGCN,restart,restart,107,0.03924862731653356,0.0007717914801883613,0.038476835836345195,0.04002041879672192,10
UniGCN,restart,restart,108,0.03924862723234125,0.0007717914765263244,0.038476835755814925,0.04002041870886758,10
UniGCN,restart,restart,109,0.03924862715847116,0.0007717914733110561,0.0384768356851601,0.04002041863178222,10
UniGCN,restart,restart,110,0.0392486270936471,0.0007717914704877682,0.03847683562315933,0.040020418564134866,10
UniGCN,restart,restart,111,0.039248627036752144,0.0007717914680084179,0.03847683556874373,0.04002041850476056,10
UniGCN,restart,restart,112,0.03924862698680857,0.0007717914658308948,0.03847683552097767,0.04002041845263946,10
UniGCN,restart,restart,113,0.03924862694296033,0.0007717914639182682,0.038476835479042064,0.040020418406878595,10
UniGCN,restart,restart,114,0.03924862690445774,0.0007717914622381556,0.03847683544221958,0.0400204183666959,10
UniGCN,restart,restart,115,0.039248626870644135,0.000771791460762156,0.038476835409881976,0.04002041833140629,10
UniGCN,restart,restart,116,0.03924862684094422,0.0007717914594653445,0.03847683538147888,0.04002041830040956,10
UniGCN,restart,restart,117,0.039248626814853846,0.0007717914583258691,0.038476835356527975,0.04002041827317972,10
UniGCN,restart,restart,118,0.03924862679193118,0.0007717914573245424,0.03847683533460664,0.04002041824925572,10
UniGCN,restart,restart,119,0.03924862677178893,0.0007717914564445434,0.03847683531534439,0.040020418228233476,10
UniGCN,restart,restart,120,0.03924862675408748,0.0007717914556710993,0.03847683529841638,0.04002041820975858,10
UniGCN,restart,restart,121,0.039248626738529066,0.0007717914549912521,0.03847683528353781,0.04002041819352032,10
UniGCN,restart,restart,122,0.03924862672485251,0.0007717914543936147,0.0384768352704589,0.04002041817924613,10
UniGCN,restart,restart,123,0.039248626712828694,0.0007717914538682074,0.038476835258960486,0.0400204181666969,10
UniGCN,restart,restart,124,0.03924862670225661,0.0007717914534062603,0.03847683524885035,0.04002041815566287,10
UniGCN,restart,restart,125,0.03924862669295988,0.0007717914530000704,0.03847683523995981,0.04002041814595995,10
UniGCN,restart,restart,126,0.039248626684783676,0.0007717914526428815,0.038476835232140794,0.04002041813742656,10
UniGCN,restart,restart,127,0.039248626677592144,0.0007717914523287541,0.03847683522526339,0.040020418129920896,10
UniGCN,restart,restart,128,0.039248626671265954,0.0007717914520524675,0.03847683521921349,0.04002041812331842,10
UniGCN,restart,restart,129,0.0392486266657004,0.0007717914518094561,0.03847683521389094,0.04002041811750986,10
UniGCN,restart,restart,130,0.03924862666080347,0.0007717914515956806,0.03847683520920779,0.04002041811239915,10
UniGCN,restart,restart,131,0.039248626656494395,0.0007717914514076172,0.038476835205086775,0.040020418107902016,10
UniGCN,restart,restart,132,0.03924862665270221,0.0007717914512421555,0.03847683520146006,0.04002041810394437,10
UniGCN,restart,restart,133,0.03924862664936456,0.0007717914510965709,0.038476835198267986,0.04002041810046113,10
UniGCN,restart,restart,134,0.03924862664642666,0.0007717914509684589,0.0384768351954582,0.040020418097395115,10
UniGCN,restart,restart,135,0.0392486266438404,0.0007717914508557169,0.038476835192984685,0.040020418094696114,10
UniGCN,restart,restart,136,0.03924862664156346,0.0007717914507565011,0.038476835190806954,0.04002041809231996,10
UniGCN,restart,restart,137,0.039248626639558644,0.0007717914506691649,0.03847683518888948,0.040020418090227806,10
UniGCN,restart,restart,138,0.03924862663779326,0.0007717914505922881,0.03847683518720097,0.040020418088385544,10
UniGCN,restart,restart,139,0.0392486266362386,0.0007717914505246181,0.03847683518571398,0.04002041808676322,10
UniGCN,restart,restart,140,0.03924862663486935,0.0007717914504650384,0.03847683518440431,0.040020418085334394,10
UniGCN,restart,restart,141,0.03924862663366332,0.0007717914504125822,0.038476835183250735,0.0400204180840759,10
UniGCN,restart,restart,142,0.03924862663260094,0.0007717914503663948,0.03847683518223454,0.040020418082967336,10
UniGCN,restart,restart,143,0.03924862663166503,0.0007717914503257167,0.03847683518133931,0.04002041808199074,10
UniGCN,restart,restart,144,0.03924862663084046,0.000771791450289897,0.03847683518055056,0.040020418081130354,10
UniGCN,restart,restart,145,0.03924862663011392,0.0007717914502583495,0.03847683517985557,0.04002041808037227,10
UniGCN,restart,restart,146,0.03924862662947371,0.000771791450230562,0.03847683517924315,0.04002041807970427,10
UniGCN,restart,restart,147,0.039248626628909516,0.000771791450206084,0.038476835178703435,0.0400204180791156,10
UniGCN,restart,restart,148,0.03924862662841229,0.0007717914501845175,0.038476835178227774,0.040020418078596805,10
UniGCN,restart,restart,149,0.03924862662797403,0.0007717914501655202,0.03847683517780851,0.040020418078139545,10
UniGCN,restart,restart,150,0.03924862662758773,0.0007717914501487857,0.03847683517743894,0.040020418077736514,10
UniGCN,restart,restart,151,0.03924862662724719,0.0007717914501340362,0.03847683517711316,0.04002041807738123,10
UniGCN,restart,restart,152,0.03924862662694697,0.0007717914501210374,0.03847683517682593,0.04002041807706801,10
UniGCN,restart,restart,153,0.03924862662668229,0.0007717914501095837,0.03847683517657271,0.040020418076791874,10
UniGCN,restart,restart,154,0.03924862662644891,0.000771791450099488,0.03847683517634942,0.040020418076548395,10
UniGCN,restart,restart,155,0.039248626626243115,0.0007717914500905866,0.03847683517615253,0.0400204180763337,10
UniGCN,restart,restart,156,0.03924862662606164,0.0007717914500827451,0.0384768351759789,0.040020418076144385,10
UniGCN,restart,restart,157,0.03924862662590159,0.0007717914500758279,0.038476835175825765,0.040020418075977414,10
UniGCN,restart,restart,158,0.03924862662576044,0.0007717914500697273,0.03847683517569071,0.040020418075830164,10
UniGCN,restart,restart,159,0.039248626625635934,0.0007717914500643571,0.03847683517557158,0.04002041807570029,10
UniGCN,restart,restart,160,0.039248626625526105,0.0007717914500596178,0.03847683517546649,0.04002041807558572,10
UniGCN,restart,restart,161,0.03924862662542923,0.0007717914500554375,0.03847683517537379,0.04002041807548467,10
UniGCN,restart,restart,162,0.03924862662534375,0.0007717914500517502,0.038476835175292004,0.0400204180753955,10
UniGCN,restart,restart,163,0.03924862662526836,0.000771791450048504,0.03847683517521985,0.040020418075316866,10
UniGCN,restart,restart,164,0.03924862662520182,0.0007717914500456382,0.03847683517515618,0.04002041807524746,10
UniGCN,restart,restart,165,0.039248626625143127,0.0007717914500431098,0.03847683517510002,0.040020418075186234,10
UniGCN,restart,restart,166,0.03924862662509132,0.0007717914500408717,0.03847683517505045,0.040020418075132194,10
UniGCN,restart,restart,167,0.039248626625045614,0.0007717914500389072,0.038476835175006704,0.040020418075084524,10
UniGCN,restart,restart,168,0.039248626625005265,0.0007717914500371654,0.038476835174968096,0.04002041807504243,10
UniGCN,restart,restart,169,0.039248626624969654,0.0007717914500356313,0.03847683517493402,0.04002041807500529,10
UniGCN,restart,restart,170,0.039248626624938235,0.000771791450034283,0.03847683517490395,0.040020418074972516,10
UniGCN,restart,restart,171,0.039248626624910486,0.0007717914500330916,0.03847683517487739,0.04002041807494358,10
UniGCN,restart,restart,172,0.039248626624886,0.0007717914500320393,0.03847683517485396,0.04002041807491804,10
UniGCN,restart,restart,173,0.03924862662486439,0.0007717914500311094,0.03847683517483328,0.0400204180748955,10
UniGCN,restart,restart,174,0.03924862662484531,0.0007717914500302837,0.038476835174815024,0.040020418074875594,10
UniGCN,restart,restart,175,0.03924862662482846,0.0007717914500295613,0.0384768351747989,0.040020418074858025,10
UniGCN,restart,restart,176,0.039248626624813585,0.0007717914500289252,0.03847683517478466,0.04002041807484251,10
UniGCN,restart,restart,177,0.03924862662480044,0.0007717914500283607,0.03847683517477208,0.040020418074828805,10
UniGCN,restart,restart,178,0.03924862662478885,0.0007717914500278605,0.038476835174760984,0.04002041807481671,10
UniGCN,restart,restart,179,0.039248626624778606,0.0007717914500274226,0.03847683517475118,0.04002041807480603,10
UniGCN,restart,restart,180,0.039248626624769564,0.0007717914500270372,0.03847683517474253,0.0400204180747966,10
UniGCN,restart,restart,181,0.03924862662476158,0.0007717914500266921,0.03847683517473489,0.04002041807478827,10
UniGCN,restart,restart,182,0.03924862662475452,0.0007717914500263862,0.038476835174728136,0.040020418074780906,10
UniGCN,restart,restart,183,0.039248626624748296,0.0007717914500261232,0.038476835174722175,0.04002041807477442,10
UniGCN,restart,restart,184,0.03924862662474279,0.0007717914500258821,0.0384768351747169,0.04002041807476867,10
UniGCN,restart,restart,185,0.03924862662473792,0.000771791450025674,0.038476835174712246,0.0400204180747636,10
UniGCN,restart,restart,186,0.03924862662473363,0.0007717914500254899,0.03847683517470814,0.04002041807475912,10
UniGCN,restart,restart,187,0.03924862662472984,0.0007717914500253254,0.038476835174704516,0.04002041807475516,10
UniGCN,restart,restart,188,0.03924862662472649,0.000771791450025183,0.0384768351747013,0.04002041807475167,10
UniGCN,restart,restart,189,0.039248626624723525,0.0007717914500250566,0.038476835174698465,0.040020418074748584,10
UniGCN,restart,restart,190,0.039248626624720916,0.0007717914500249445,0.038476835174695974,0.04002041807474586,10
UniGCN,restart,restart,191,0.039248626624718605,0.0007717914500248429,0.03847683517469376,0.04002041807474345,10
UniGCN,restart,restart,192,0.03924862662471656,0.0007717914500247519,0.038476835174691804,0.04002041807474131,10
UniGCN,restart,restart,193,0.03924862662471475,0.0007717914500246792,0.03847683517469007,0.040020418074739425,10
UniGCN,restart,restart,194,0.03924862662471316,0.0007717914500246112,0.03847683517468855,0.04002041807473777,10
UniGCN,restart,restart,195,0.03924862662471175,0.0007717914500245518,0.038476835174687196,0.0400204180747363,10
UniGCN,restart,restart,196,0.03924862662471051,0.0007717914500244959,0.03847683517468601,0.040020418074735005,10
UniGCN,restart,restart,197,0.039248626624709404,0.0007717914500244507,0.038476835174684955,0.04002041807473385,10
UniGCN,restart,restart,198,0.039248626624708426,0.0007717914500244088,0.03847683517468402,0.04002041807473283,10
UniGCN,restart,restart,199,0.03924862662470757,0.0007717914500243702,0.0384768351746832,0.040020418074731945,10
UniGCN,restart,restart,200,0.03924862662470681,0.0007717914500243351,0.03847683517468247,0.04002041807473115,10
UniGCN,restart,restart,201,0.03924862662470614,0.0007717914500243095,0.03847683517468183,0.04002041807473045,10
UniGCN,restart,restart,202,0.03924862662470554,0.0007717914500242843,0.038476835174681256,0.04002041807472982,10
UniGCN,restart,restart,203,0.039248626624705026,0.0007717914500242597,0.038476835174680764,0.04002041807472929,10
UniGCN,restart,restart,204,0.039248626624704554,0.0007717914500242403,0.03847683517468031,0.040020418074728795,10
UniGCN,restart,restart,205,0.039248626624704144,0.0007717914500242264,0.03847683517467992,0.04002041807472837,10
UniGCN,restart,restart,206,0.03924862662470378,0.0007717914500242087,0.03847683517467957,0.04002041807472798,10
UniGCN,restart,restart,207,0.039248626624703464,0.0007717914500241902,0.03847683517467927,0.04002041807472766,10
UniGCN,restart,restart,208,0.03924862662470317,0.0007717914500241824,0.03847683517467899,0.04002041807472736,10
UniGCN,restart,restart,209,0.03924862662470292,0.0007717914500241714,0.03847683517467875,0.040020418074727095,10
UniGCN,restart,restart,210,0.03924862662470271,0.0007717914500241598,0.03847683517467855,0.040020418074726866,10
UniGCN,restart,restart,211,0.03924862662470251,0.0007717914500241519,0.038476835174678356,0.04002041807472666,10
UniGCN,restart,restart,212,0.03924862662470234,0.0007717914500241455,0.038476835174678196,0.040020418074726484,10
UniGCN,restart,restart,213,0.03924862662470219,0.0007717914500241375,0.03847683517467805,0.040020418074726324,10
UniGCN,restart,restart,214,0.03924862662470205,0.0007717914500241336,0.03847683517467791,0.040020418074726186,10
UniGCN,restart,restart,215,0.03924862662470193,0.0007717914500241244,0.03847683517467781,0.040020418074726054,10
UniGCN,restart,restart,216,0.03924862662470183,0.0007717914500241209,0.038476835174677704,0.04002041807472595,10
UniGCN,restart,restart,217,0.03924862662470173,0.0007717914500241178,0.038476835174677614,0.040020418074725846,10
UniGCN,restart,restart,218,0.03924862662470165,0.0007717914500241156,0.03847683517467754,0.04002041807472577,10
UniGCN,restart,restart,219,0.03924862662470158,0.0007717914500241138,0.03847683517467746,0.04002041807472569,10
UniGCN,restart,restart,220,0.03924862662470151,0.0007717914500241104,0.0384768351746774,0.04002041807472562,10
UniGCN,restart,restart,221,0.03924862662470145,0.0007717914500241089,0.03847683517467734,0.04002041807472556,10
UniGCN,restart,restart,222,0.039248626624701397,0.0007717914500241033,0.038476835174677294,0.0400204180747255,10
UniGCN,restart,restart,223,0.039248626624701355,0.0007717914500241001,0.03847683517467725,0.04002041807472546,10
UniGCN,restart,restart,224,0.03924862662470131,0.0007717914500241022,0.03847683517467721,0.040020418074725415,10
UniGCN,restart,restart,225,0.03924862662470128,0.0007717914500241005,0.038476835174677176,0.04002041807472538,10
UniGCN,restart,restart,226,0.03924862662470126,0.0007717914500240967,0.03847683517467716,0.04002041807472535,10
UniGCN,restart,restart,227,0.03924862662470122,0.0007717914500240962,0.03847683517467713,0.04002041807472532,10
UniGCN,restart,restart,228,0.039248626624701195,0.0007717914500240958,0.0384768351746771,0.04002041807472529,10
UniGCN,restart,restart,229,0.03924862662470117,0.0007717914500240951,0.03847683517467707,0.04002041807472526,10
UniGCN,restart,restart,230,0.039248626624701154,0.0007717914500240956,0.03847683517467706,0.04002041807472525,10
UniGCN,restart,restart,231,0.03924862662470115,0.0007717914500240924,0.03847683517467705,0.04002041807472524,10
UniGCN,restart,restart,232,0.03924862662470113,0.0007717914500240915,0.038476835174677045,0.04002041807472522,10
UniGCN,restart,restart,233,0.03924862662470112,0.0007717914500240872,0.03847683517467703,0.04002041807472521,10
UniGCN,restart,restart,234,0.0392486266247011,0.0007717914500240923,0.038476835174677,0.04002041807472519,10
UniGCN,restart,restart,235,0.03924862662470109,0.0007717914500240928,0.038476835174676996,0.040020418074725186,10
UniGCN,restart,restart,236,0.03924862662470109,0.0007717914500240902,0.038476835174677,0.04002041807472518,10
UniGCN,restart,restart,237,0.03924862662470108,0.0007717914500240865,0.03847683517467699,0.040020418074725166,10
UniGCN,restart,restart,238,0.03924862662470106,0.0007717914500240912,0.038476835174676975,0.04002041807472515,10
UniGCN,restart,restart,239,0.039248626624701057,0.0007717914500240896,0.03847683517467697,0.040020418074725145,10
UniGCN,restart,restart,240,0.039248626624701057,0.0007717914500240912,0.03847683517467697,0.040020418074725145,10
UniGCN,restart,restart,241,0.03924862662470104,0.0007717914500240935,0.03847683517467695,0.04002041807472514,10
UniGCN,restart,restart,242,0.03924862662470104,0.0007717914500240915,0.038476835174676954,0.04002041807472513,10
UniGCN,restart,restart,243,0.039248626624701036,0.0007717914500240917,0.03847683517467694,0.04002041807472513,10
UniGCN,restart,restart,244,0.039248626624701036,0.0007717914500240885,0.03847683517467695,0.040020418074725124,10
UniGCN,restart,restart,245,0.03924862662470103,0.0007717914500240863,0.03847683517467694,0.04002041807472512,10
UniGCN,restart,restart,246,0.039248626624701036,0.0007717914500240908,0.03847683517467695,0.040020418074725124,10
UniGCN,restart,restart,247,0.039248626624701036,0.0007717914500240937,0.03847683517467694,0.04002041807472513,10
UniGCN,restart,restart,248,0.03924862662470102,0.0007717914500240876,0.038476835174676934,0.04002041807472511,10
UniGCN,restart,restart,249,0.03924862662470102,0.0007717914500240875,0.038476835174676934,0.04002041807472511,10
UniGCN,restart,restart,250,0.03924862662470102,0.0007717914500240856,0.038476835174676934,0.04002041807472511,10
UniGCN,restart,restart,251,0.03924862662470102,0.0007717914500240877,0.038476835174676934,0.04002041807472511,10
UniGCN,restart,restart,252,0.03924862662470102,0.0007717914500240867,0.038476835174676934,0.04002041807472511,10
UniGCN,restart,restart,253,0.03924862662470102,0.0007717914500240876,0.038476835174676934,0.04002041807472511,10
UniGCN,restart,restart,254,0.03924862662470102,0.0007717914500240884,0.038476835174676934,0.04002041807472511,10
UniGCN,restart,restart,255,0.03924862662470102,0.0007717914500240865,0.038476835174676934,0.04002041807472511,10
UniGCN,restart,restart,256,0.039248626624701015,0.0007717914500240825,0.038476835174676934,0.040020418074725096,10
