family,section,series,step,mean,sd,lower,upper,seeds
HGNN,diagnostics,un,0,1.0,0.0,1.0,1.0,1
HGNN,diagnostics,un,1,0.42939195894586274,0.0,0.42939195894586274,0.42939195894586274,1
HGNN,diagnostics,un,2,0.23730437753305997,0.0,0.23730437753305997,0.23730437753305997,1
HGNN,diagnostics,un,3,0.1720665497063296,0.0,0.1720665497063296,0.1720665497063296,1
HGNN,diagnostics,un,4,0.13942885789248427,0.0,0.13942885789248427,0.13942885789248427,1
HGNN,diagnostics,un,5,0.11913905022951748,0.0,0.11913905022951748,0.11913905022951748,1
HGNN,diagnostics,un,6,0.1051017622138253,0.0,0.1051017622138253,0.1051017622138253,1
HGNN,diagnostics,un,7,0.0947149887455359,0.0,0.0947149887455359,0.0947149887455359,1
HGNN,diagnostics,un,8,0.08664849271181647,0.0,0.08664849271181647,0.08664849271181647,1
HGNN,diagnostics,un,9,0.08015502835310744,0.0,0.08015502835310744,0.08015502835310744,1
HGNN,diagnostics,un,10,0.07478729965759286,0.0,0.07478729965759286,0.07478729965759286,1
HGNN,diagnostics,un,11,0.07026302595525427,0.0,0.07026302595525427,0.07026302595525427,1
HGNN,diagnostics,un,12,0.06639513596504301,0.0,0.06639513596504301,0.06639513596504301,1
HGNN,diagnostics,un,13,0.06305374517272581,0.0,0.06305374517272581,0.06305374517272581,1
HGNN,diagnostics,un,14,0.06014465823775611,0.0,0.06014465823775611,0.06014465823775611,1
HGNN,diagnostics,un,15,0.05759683367291034,0.0,0.05759683367291034,0.05759683367291034,1
HGNN,diagnostics,un,16,0.055354861747763086,0.0,0.055354861747763086,0.055354861747763086,1
HGNN,diagnostics,un,17,0.05337431764723311,0.0,0.05337431764723311,0.05337431764723311,1
HGNN,diagnostics,un,18,0.051618800894023605,0.0,0.051618800894023605,0.051618800894023605,1
HGNN,diagnostics,un,19,0.05005798541137551,0.0,0.05005798541137551,0.05005798541137551,1
HGNN,diagnostics,un,20,0.048666289108587744,0.0,0.048666289108587744,0.048666289108587744,1
HGNN,diagnostics,un,21,0.047421932628139755,0.0,0.047421932628139755,0.047421932628139755,1
HGNN,diagnostics,un,22,0.046306249234347785,0.0,0.046306249234347785,0.046306249234347785,1
HGNN,diagnostics,un,23,0.045303161657754436,0.0,0.045303161657754436,0.045303161657754436,1
HGNN,diagnostics,un,24,0.04439877354011379,0.0,0.04439877354011379,0.04439877354011379,1
HGNN,diagnostics,un,25,0.0435810422122194,0.0,0.0435810422122194,0.0435810422122194,1
HGNN,diagnostics,un,26,0.042839511151205996,0.0,0.042839511151205996,0.042839511151205996,1
HGNN,diagnostics,un,27,0.042165087642523615,0.0,0.042165087642523615,0.042165087642523615,1
HGNN,diagnostics,un,28,0.0415498556851542,0.0,0.0415498556851542,0.0415498556851542,1
HGNN,diagnostics,un,29,0.0409869170706011,0.0,0.0409869170706011,0.0409869170706011,1
HGNN,diagnostics,un,30,0.04047025545882867,0.0,0.04047025545882867,0.04047025545882867,1
HGNN,diagnostics,un,31,0.03999461954254818,0.0,0.03999461954254818,0.03999461954254818,1
HGNN,diagnostics,un,32,0.03955542226347756,0.0,0.03955542226347756,0.03955542226347756,1
HGNN,diagnostics,un,33,0.039148653661215296,0.0,0.039148653661215296,0.039148653661215296,1
HGNN,diagnostics,un,34,0.03877080538491089,0.0,0.03877080538491089,0.03877080538491089,1
HGNN,diagnostics,un,35,0.03841880523531526,0.0,0.03841880523531526,0.03841880523531526,1
HGNN,diagnostics,un,36,0.038089960365371885,0.0,0.038089960365371885,0.038089960365371885,1
HGNN,diagnostics,un,37,0.03778190797410574,0.0,0.03778190797410574,0.03778190797410574,1
HGNN,diagnostics,un,38,0.03749257249616092,0.0,0.03749257249616092,0.03749257249616092,1
HGNN,diagnostics,un,39,0.03722012842792951,0.0,0.03722012842792951,0.03722012842792951,1
HGNN,diagnostics,un,40,0.036962968047592006,0.0,0.036962968047592006,0.036962968047592006,1
HGNN,diagnostics,un,41,0.036719673385287595,0.0,0.036719673385287595,0.036719673385287595,1
HGNN,diagnostics,un,42,0.03648899188441457,0.0,0.03648899188441457,0.03648899188441457,1
HGNN,diagnostics,un,43,0.0362698152682101,0.0,0.0362698152682101,0.0362698152682101,1
HGNN,diagnostics,un,44,0.036061161189141926,0.0,0.036061161189141926,0.036061161189141926,1
HGNN,diagnostics,un,45,0.035862157293726965,0.0,0.035862157293726965,0.035862157293726965,1
HGNN,diagnostics,un,46,0.035672027383339924,0.0,0.035672027383339924,0.035672027383339924,1
HGNN,diagnostics,un,47,0.03549007939335341,0.0,0.03549007939335341,0.03549007939335341,1
HGNN,diagnostics,un,48,0.03531569494936254,0.0,0.03531569494936254,0.03531569494936254,1
HGNN,diagnostics,un,49,0.03514832029098098,0.0,0.03514832029098098,0.03514832029098098,1
HGNN,diagnostics,un,50,0.03498745838134019,0.0,0.03498745838134019,0.03498745838134019,1
HGNN,diagnostics,un,51,0.034832662044495526,0.0,0.034832662044495526,0.034832662044495526,1
HGNN,diagnostics,un,52,0.03468352799388882,0.0,0.03468352799388882,0.03468352799388882,1
HGNN,diagnostics,un,53,0.03453969163323145,0.0,0.03453969163323145,0.03453969163323145,1
HGNN,diagnostics,un,54,0.03440082252700017,0.0,0.03440082252700017,0.03440082252700017,1
HGNN,diagnostics,un,55,0.03426662045148158,0.0,0.03426662045148158,0.03426662045148158,1
HGNN,diagnostics,un,56,0.0341368119492304,0.0,0.0341368119492304,0.0341368119492304,1
HGNN,diagnostics,un,57,0.03401114732015001,0.0,0.03401114732015001,0.03401114732015001,1
HGNN,diagnostics,un,58,0.03388939799137229,0.0,0.03388939799137229,0.03388939799137229,1
HGNN,diagnostics,un,59,0.033771354215881746,0.0,0.033771354215881746,0.033771354215881746,1
HGNN,diagnostics,un,60,0.033656823056556755,0.0,0.033656823056556755,0.033656823056556755,1
HGNN,diagnostics,un,61,0.033545626618125046,0.0,0.033545626618125046,0.033545626618125046,1
HGNN,diagnostics,un,62,0.03343760049456971,0.0,0.03343760049456971,0.03343760049456971,1
HGNN,diagnostics,un,63,0.033332592403882075,0.0,0.033332592403882075,0.033332592403882075,1
HGNN,diagnostics,un,64,0.03323046098582886,0.0,0.03323046098582886,0.03323046098582886,1
HGNN,diagnostics,un,65,0.03313107474166181,0.0,0.03313107474166181,0.03313107474166181,1
HGNN,diagnostics,un,66,0.03303431109751742,0.0,0.03303431109751742,0.03303431109751742,1
HGNN,diagnostics,un,67,0.032940055575692385,0.0,0.032940055575692385,0.032940055575692385,1
HGNN,diagnostics,un,68,0.032848201060087796,0.0,0.032848201060087796,0.032848201060087796,1
HGNN,diagnostics,un,69,0.03275864714393694,0.0,0.03275864714393694,0.03275864714393694,1
HGNN,diagnostics,un,70,0.032671299549507156,0.0,0.032671299549507156,0.032671299549507156,1
HGNN,diagnostics,un,71,0.032586069610828314,0.0,0.032586069610828314,0.032586069610828314,1
HGNN,diagnostics,un,72,0.0325028738116782,0.0,0.0325028738116782,0.0325028738116782,1
HGNN,diagnostics,un,73,0.032421633372074356,0.0,0.032421633372074356,0.032421633372074356,1
HGNN,diagnostics,un,74,0.03234227387740307,0.0,0.03234227387740307,0.03234227387740307,1
HGNN,diagnostics,un,75,0.03226472494507908,0.0,0.03226472494507908,0.03226472494507908,1
HGNN,diagnostics,un,76,0.03218891992428986,0.0,0.03218891992428986,0.03218891992428986,1
HGNN,diagnostics,un,77,0.032114795624950086,0.0,0.032114795624950086,0.032114795624950086,1
HGNN,diagnostics,un,78,0.03204229207248692,0.0,0.03204229207248692,0.03204229207248692,1
HGNN,diagnostics,un,79,0.03197135228550623,0.0,0.03197135228550623,0.03197135228550623,1
HGNN,diagnostics,un,80,0.03190192207376175,0.0,0.03190192207376175,0.03190192207376175,1
HGNN,diagnostics,un,81,0.031833949854171914,0.0,0.031833949854171914,0.031833949854171914,1
HGNN,diagnostics,un,82,0.03176738648290936,0.0,0.03176738648290936,0.03176738648290936,1
HGNN,diagnostics,un,83,0.03170218510183125,0.0,0.03170218510183125,0.03170218510183125,1
HGNN,diagnostics,un,84,0.03163830099773027,0.0,0.03163830099773027,0.03163830099773027,1
HGNN,diagnostics,un,85,0.03157569147306928,0.0,0.03157569147306928,0.03157569147306928,1
HGNN,diagnostics,un,86,0.03151431572702371,0.0,0.03151431572702371,0.03151431572702371,1
HGNN,diagnostics,un,87,0.03145413474579377,0.0,0.03145413474579377,0.03145413474579377,1
HGNN,diagnostics,un,88,0.03139511120127141,0.0,0.03139511120127141,0.03139511120127141,1
HGNN,diagnostics,un,89,0.031337209357251795,0.0,0.031337209357251795,0.031337209357251795,1
HGNN,diagnostics,un,90,0.031280394982472245,0.0,0.031280394982472245,0.031280394982472245,1
HGNN,diagnostics,un,91,0.031224635269842333,0.0,0.031224635269842333,0.031224635269842333,1
HGNN,diagnostics,un,92,0.03116989876129976,0.0,0.03116989876129976,0.03116989876129976,1
HGNN,diagnostics,un,93,0.031116155277788278,0.0,0.031116155277788278,0.031116155277788278,1
HGNN,diagnostics,un,94,0.03106337585390886,0.0,0.03106337585390886,0.03106337585390886,1
HGNN,diagnostics,un,95,0.031011532676842982,0.0,0.031011532676842982,0.031011532676842982,1
HGNN,diagnostics,un,96,0.030960599029188532,0.0,0.030960599029188532,0.030960599029188532,1
HGNN,diagnostics,un,97,0.030910549235386393,0.0,0.030910549235386393,0.030910549235386393,1
HGNN,diagnostics,un,98,0.030861358611448373,0.0,0.030861358611448373,0.030861358611448373,1
HGNN,diagnostics,un,99,0.030813003417725356,0.0,0.030813003417725356,0.030813003417725356,1
HGNN,diagnostics,un,100,0.030765460814481015,0.0,0.030765460814481015,0.030765460814481015,1
HGNN,diagnostics,un,101,0.030718708820058248,0.0,0.030718708820058248,0.030718708820058248,1
HGNN,diagnostics,un,102,0.030672726271445953,0.0,0.030672726271445953,0.030672726271445953,1
HGNN,diagnostics,un,103,0.030627492787071577,0.0,0.030627492787071577,0.030627492787071577,1
HGNN,diagnostics,un,104,0.030582988731660474,0.0,0.030582988731660474,0.030582988731660474,1
HGNN,diagnostics,un,105,0.03053919518301769,0.0,0.03053919518301769,0.03053919518301769,1
HGNN,diagnostics,un,106,0.03049609390060011,0.0,0.03049609390060011,0.03049609390060011,1
HGNN,diagnostics,un,107,0.03045366729575829,0.0,0.03045366729575829,0.03045366729575829,1
HGNN,diagnostics,un,108,0.030411898403537693,0.0,0.030411898403537693,0.030411898403537693,1
HGNN,diagnostics,un,109,0.03037077085593791,0.0,0.03037077085593791,0.03037077085593791,1
HGNN,diagnostics,un,110,0.030330268856536682,0.0,0.030330268856536682,0.030330268856536682,1
HGNN,diagnostics,un,111,0.03029037715639324,0.0,0.03029037715639324,0.03029037715639324,1
HGNN,diagnostics,un,112,0.030251081031151646,0.0,0.030251081031151646,0.030251081031151646,1
HGNN,diagnostics,un,113,0.030212366259271622,0.0,0.030212366259271622,0.030212366259271622,1
HGNN,diagnostics,un,114,0.03017421910131889,0.0,0.03017421910131889,0.03017421910131889,1
HGNN,diagnostics,un,115,0.030136626280253105,0.0,0.030136626280253105,0.030136626280253105,1
HGNN,diagnostics,un,116,0.03009957496265504,0.0,0.03009957496265504,0.03009957496265504,1
HGNN,diagnostics,un,117,0.030063052740839456,0.0,0.030063052740839456,0.030063052740839456,1
HGNN,diagnostics,un,118,0.030027047615803642,0.0,0.030027047615803642,0.030027047615803642,1
HGNN,diagnostics,un,119,0.029991547980964994,0.0,0.029991547980964994,0.029991547980964994,1
HGNN,diagnostics,un,120,0.029956542606644248,0.0,0.029956542606644248,0.029956542606644248,1
HGNN,diagnostics,un,121,0.029922020625254113,0.0,0.029922020625254113,0.029922020625254113,1
HGNN,diagnostics,un,122,0.029887971517155085,0.0,0.029887971517155085,0.029887971517155085,1
HGNN,diagnostics,un,123,0.029854385097143495,0.0,0.029854385097143495,0.029854385097143495,1
HGNN,diagnostics,un,124,0.02982125150153846,0.0,0.02982125150153846,0.02982125150153846,1
HGNN,diagnostics,un,125,0.029788561175836725,0.0,0.029788561175836725,0.029788561175836725,1
HGNN,diagnostics,un,126,0.029756304862906455,0.0,0.029756304862906455,0.029756304862906455,1
HGNN,diagnostics,un,127,0.02972447359169261,0.0,0.02972447359169261,0.02972447359169261,1
HGNN,diagnostics,un,128,0.029693058666408152,0.0,0.029693058666408152,0.029693058666408152,1
HGNN,diagnostics,un,129,0.029662051656187204,0.0,0.029662051656187204,0.029662051656187204,1
HGNN,diagnostics,un,130,0.029631444385177255,0.0,0.029631444385177255,0.029631444385177255,1
HGNN,diagnostics,un,131,0.02960122892304918,0.0,0.02960122892304918,0.02960122892304918,1
HGNN,diagnostics,un,132,0.029571397575904875,0.0,0.029571397575904875,0.029571397575904875,1
HGNN,diagnostics,un,133,0.02954194287756357,0.0,0.02954194287756357,0.02954194287756357,1
HGNN,diagnostics,un,134,0.029512857581208748,0.0,0.029512857581208748,0.029512857581208748,1
HGNN,diagnostics,un,135,0.029484134651379137,0.0,0.029484134651379137,0.029484134651379137,1
HGNN,diagnostics,un,136,0.02945576725628712,0.0,0.02945576725628712,0.02945576725628712,1
HGNN,diagnostics,un,137,0.029427748760450304,0.0,0.029427748760450304,0.029427748760450304,1
HGNN,diagnostics,un,138,0.02940007271762102,0.0,0.02940007271762102,0.02940007271762102,1
HGNN,diagnostics,un,139,0.029372732864000963,0.0,0.029372732864000963,0.029372732864000963,1
HGNN,diagnostics,un,140,0.029345723111727715,0.0,0.029345723111727715,0.029345723111727715,1
HGNN,diagnostics,un,141,0.02931903754262116,0.0,0.02931903754262116,0.02931903754262116,1
HGNN,diagnostics,un,142,0.02929267040217822,0.0,0.02929267040217822,0.02929267040217822,1
HGNN,diagnostics,un,143,0.029266616093804883,0.0,0.029266616093804883,0.029266616093804883,1
HGNN,diagnostics,un,144,0.029240869173275327,0.0,0.029240869173275327,0.029240869173275327,1
HGNN,diagnostics,un,145,0.02921542434340814,0.0,0.02921542434340814,0.02921542434340814,1
HGNN,diagnostics,un,146,0.02919027644895026,0.0,0.02919027644895026,0.02919027644895026,1
HGNN,diagnostics,un,147,0.029165420471659778,0.0,0.029165420471659778,0.029165420471659778,1
HGNN,diagnostics,un,148,0.029140851525579124,0.0,0.029140851525579124,0.029140851525579124,1
HGNN,diagnostics,un,149,0.029116564852490565,0.0,0.029116564852490565,0.029116564852490565,1
HGNN,diagnostics,un,150,0.02909255581754622,0.0,0.02909255581754622,0.02909255581754622,1
HGNN,diagnostics,un,151,0.02906881990506562,0.0,0.02906881990506562,0.02906881990506562,1
HGNN,diagnostics,un,152,0.02904535271449336,0.0,0.02904535271449336,0.02904535271449336,1
HGNN,diagnostics,un,153,0.029022149956510635,0.0,0.029022149956510635,0.029022149956510635,1
HGNN,diagnostics,un,154,0.028999207449294143,0.0,0.028999207449294143,0.028999207449294143,1
HGNN,diagnostics,un,155,0.028976521114916203,0.0,0.028976521114916203,0.028976521114916203,1
HGNN,diagnostics,un,156,0.028954086975880654,0.0,0.028954086975880654,0.028954086975880654,1
HGNN,diagnostics,un,157,0.02893190115178859,0.0,0.02893190115178859,0.02893190115178859,1
HGNN,diagnostics,un,158,0.028909959856129187,0.0,0.028909959856129187,0.028909959856129187,1
HGNN,diagnostics,un,159,0.02888825939319013,0.0,0.02888825939319013,0.02888825939319013,1
HGNN,diagnostics,un,160,0.028866796155083124,0.0,0.028866796155083124,0.028866796155083124,1
HGNN,diagnostics,un,161,0.028845566618879867,0.0,0.028845566618879867,0.028845566618879867,1
HGNN,diagnostics,un,162,0.028824567343853986,0.0,0.028824567343853986,0.028824567343853986,1
HGNN,diagnostics,un,163,0.028803794968824917,0.0,0.028803794968824917,0.028803794968824917,1
HGNN,diagnostics,un,164,0.02878324620959954,0.0,0.02878324620959954,0.02878324620959954,1
HGNN,diagnostics,un,165,0.028762917856507888,0.0,0.028762917856507888,0.028762917856507888,1
HGNN,diagnostics,un,166,0.028742806772029037,0.0,0.028742806772029037,0.028742806772029037,1
HGNN,diagnostics,un,167,0.028722909888504067,0.0,0.028722909888504067,0.028722909888504067,1
HGNN,diagnostics,un,168,0.028703224205932104,0.0,0.028703224205932104,0.028703224205932104,1
HGNN,diagnostics,un,169,0.028683746789846865,0.0,0.028683746789846865,0.028683746789846865,1
HGNN,diagnostics,un,170,0.028664474769270108,0.0,0.028664474769270108,0.028664474769270108,1
HGNN,diagnostics,un,171,0.028645405334739374,0.0,0.028645405334739374,0.028645405334739374,1
HGNN,diagnostics,un,172,0.02862653573640677,0.0,0.02862653573640677,0.02862653573640677,1
HGNN,diagnostics,un,173,0.02860786328220665,0.0,0.02860786328220665,0.02860786328220665,1
HGNN,diagnostics,un,174,0.02858938533608889,0.0,0.02858938533608889,0.02858938533608889,1
HGNN,diagnostics,un,175,0.028571099316315903,0.0,0.028571099316315903,0.028571099316315903,1
HGNN,diagnostics,un,176,0.02855300269382037,0.0,0.02855300269382037,0.02855300269382037,1
HGNN,diagnostics,un,177,0.028535092990621905,0.0,0.028535092990621905,0.028535092990621905,1
HGNN,diagnostics,un,178,0.028517367778300117,0.0,0.028517367778300117,0.028517367778300117,1
HGNN,diagnostics,un,179,0.028499824676521988,0.0,0.028499824676521988,0.028499824676521988,1
HGNN,diagnostics,un,180,0.02848246135162157,0.0,0.02848246135162157,0.02848246135162157,1
HGNN,diagnostics,un,181,0.028465275515230058,0.0,0.028465275515230058,0.028465275515230058,1
HGNN,diagnostics,un,182,0.02844826492295421,0.0,0.02844826492295421,0.02844826492295421,1
HGNN,diagnostics,un,183,0.0284314273731015,0.0,0.0284314273731015,0.0284314273731015,1
HGNN,diagnostics,un,184,0.028414760705450095,0.0,0.028414760705450095,0.028414760705450095,1
HGNN,diagnostics,un,185,0.02839826280006201,0.0,0.02839826280006201,0.02839826280006201,1
HGNN,diagnostics,un,186,0.028381931576137887,0.0,0.028381931576137887,0.028381931576137887,1
HGNN,diagnostics,un,187,0.028365764990911813,0.0,0.028365764990911813,0.028365764990911813,1
HGNN,diagnostics,un,188,0.028349761038584723,0.0,0.028349761038584723,0.028349761038584723,1
HGNN,diagnostics,un,189,0.028333917749294817,0.0,0.028333917749294817,0.028333917749294817,1
HGNN,diagnostics,un,190,0.028318233188123834,0.0,0.028318233188123834,0.028318233188123834,1
HGNN,diagnostics,un,191,0.02830270545413767,0.0,0.02830270545413767,0.02830270545413767,1
HGNN,diagnostics,un,192,0.028287332679460195,0.0,0.028287332679460195,0.028287332679460195,1
HGNN,diagnostics,un,193,0.0282721130283789,0.0,0.0282721130283789,0.0282721130283789,1
HGNN,diagnostics,un,194,0.02825704469648139,0.0,0.02825704469648139,0.02825704469648139,1
HGNN,diagnostics,un,195,0.028242125909821374,0.0,0.028242125909821374,0.028242125909821374,1
HGNN,diagnostics,un,196,0.02822735492411325,0.0,0.02822735492411325,0.02822735492411325,1
HGNN,diagnostics,un,197,0.028212730023954122,0.0,0.028212730023954122,0.028212730023954122,1
HGNN,diagnostics,un,198,0.02819824952207223,0.0,0.02819824952207223,0.02819824952207223,1
HGNN,diagnostics,un,199,0.028183911758600893,0.0,0.028183911758600893,0.028183911758600893,1
HGNN,diagnostics,un,200,0.02816971510037704,0.0,0.02816971510037704,0.02816971510037704,1
HGNN,diagnostics,un,201,0.02815565794026327,0.0,0.02815565794026327,0.02815565794026327,1
HGNN,diagnostics,un,202,0.028141738696492828,0.0,0.028141738696492828,0.028141738696492828,1
HGNN,diagnostics,un,203,0.028127955812036313,0.0,0.028127955812036313,0.028127955812036313,1
HGNN,diagnostics,un,204,0.02811430775398986,0.0,0.02811430775398986,0.02811430775398986,1
HGNN,diagnostics,un,205,0.02810079301298323,0.0,0.02810079301298323,0.02810079301298323,1
HGNN,diagnostics,un,206,0.02808741010260797,0.0,0.02808741010260797,0.02808741010260797,1
HGNN,diagnostics,un,207,0.02807415755886415,0.0,0.02807415755886415,0.02807415755886415,1
HGNN,diagnostics,un,208,0.028061033939625498,0.0,0.028061033939625498,0.028061033939625498,1
HGNN,diagnostics,un,209,0.02804803782412199,0.0,0.02804803782412199,0.02804803782412199,1
HGNN,diagnostics,un,210,0.0280351678124394,0.0,0.0280351678124394,0.0280351678124394,1
HGNN,diagnostics,un,211,0.02802242252503507,0.0,0.02802242252503507,0.02802242252503507,1
HGNN,diagnostics,un,212,0.028009800602269472,0.0,0.028009800602269472,0.028009800602269472,1
HGNN,diagnostics,un,213,0.02799730070395288,0.0,0.02799730070395288,0.02799730070395288,1
HGNN,diagnostics,un,214,0.0279849215089065,0.0,0.0279849215089065,0.0279849215089065,1
HGNN,diagnostics,un,215,0.02797266171453788,0.0,0.02797266171453788,0.02797266171453788,1
HGNN,diagnostics,un,216,0.027960520036429622,0.0,0.027960520036429622,0.027960520036429622,1
HGNN,diagnostics,un,217,0.027948495207941283,0.0,0.027948495207941283,0.027948495207941283,1
HGNN,diagnostics,un,218,0.027936585979823847,0.0,0.027936585979823847,0.027936585979823847,1
HGNN,diagnostics,un,219,0.027924791119846255,0.0,0.027924791119846255,0.027924791119846255,1
HGNN,diagnostics,un,220,0.027913109412433683,0.0,0.027913109412433683,0.027913109412433683,1
HGNN,diagnostics,un,221,0.02790153965831704,0.0,0.02790153965831704,0.02790153965831704,1
HGNN,diagnostics,un,222,0.02789008067419334,0.0,0.02789008067419334,0.02789008067419334,1
HGNN,diagnostics,un,223,0.027878731292396527,0.0,0.027878731292396527,0.027878731292396527,1
HGNN,diagnostics,un,224,0.027867490360578458,0.0,0.027867490360578458,0.027867490360578458,1
HGNN,diagnostics,un,225,0.027856356741399458,0.0,0.027856356741399458,0.027856356741399458,1
HGNN,diagnostics,un,226,0.027845329312228426,0.0,0.027845329312228426,0.027845329312228426,1
HGNN,diagnostics,un,227,0.02783440696485183,0.0,0.02783440696485183,0.02783440696485183,1
HGNN,diagnostics,un,228,0.027823588605191536,0.0,0.027823588605191536,0.027823588605191536,1
HGNN,diagnostics,un,229,0.027812873153031024,0.0,0.027812873153031024,0.027812873153031024,1
HGNN,diagnostics,un,230,0.027802259541749565,0.0,0.027802259541749565,0.027802259541749565,1
HGNN,diagnostics,un,231,0.027791746718064433,0.0,0.027791746718064433,0.027791746718064433,1
HGNN,diagnostics,un,232,0.02778133364178046,0.0,0.02778133364178046,0.02778133364178046,1
HGNN,diagnostics,un,233,0.02777101928554705,0.0,0.02777101928554705,0.02777101928554705,1
HGNN,diagnostics,un,234,0.02776080263462194,0.0,0.02776080263462194,0.02776080263462194,1
HGNN,diagnostics,un,235,0.027750682686642013,0.0,0.027750682686642013,0.027750682686642013,1
HGNN,diagnostics,un,236,0.027740658451400464,0.0,0.027740658451400464,0.027740658451400464,1
HGNN,diagnostics,un,237,0.027730728950630223,0.0,0.027730728950630223,0.027730728950630223,1
HGNN,diagnostics,un,238,0.02772089321779357,0.0,0.02772089321779357,0.02772089321779357,1
HGNN,diagnostics,un,239,0.027711150297877563,0.0,0.027711150297877563,0.027711150297877563,1
HGNN,diagnostics,un,240,0.027701499247195043,0.0,0.027701499247195043,0.027701499247195043,1
HGNN,diagnostics,un,241,0.027691939133191196,0.0,0.027691939133191196,0.027691939133191196,1
HGNN,diagnostics,un,242,0.02768246903425527,0.0,0.02768246903425527,0.02768246903425527,1
HGNN,diagnostics,un,243,0.027673088039537518,0.0,0.027673088039537518,0.027673088039537518,1
HGNN,diagnostics,un,244,0.027663795248770835,0.0,0.027663795248770835,0.027663795248770835,1
HGNN,diagnostics,un,245,0.027654589772097306,0.0,0.027654589772097306,0.027654589772097306,1
HGNN,diagnostics,un,246,0.027645470729899226,0.0,0.027645470729899226,0.027645470729899226,1
HGNN,diagnostics,un,247,0.027636437252634552,0.0,0.027636437252634552,0.027636437252634552,1
HGNN,diagnostics,un,248,0.02762748848067664,0.0,0.02762748848067664,0.02762748848067664,1
HGNN,diagnostics,un,249,0.027618623564157976,0.0,0.027618623564157976,0.027618623564157976,1
HGNN,diagnostics,un,250,0.027609841662818015,0.0,0.027609841662818015,0.027609841662818015,1
HGNN,diagnostics,un,251,0.027601141945854835,0.0,0.027601141945854835,0.027601141945854835,1
HGNN,diagnostics,un,252,0.027592523591780334,0.0,0.027592523591780334,0.027592523591780334,1
HGNN,diagnostics,un,253,0.027583985788279197,0.0,0.027583985788279197,0.027583985788279197,1
HGNN,diagnostics,un,254,0.027575527732071246,0.0,0.027575527732071246,0.027575527732071246,1
HGNN,diagnostics,un,255,0.027567148628777082,0.0,0.027567148628777082,0.027567148628777082,1
HGNN,diagnostics,un,256,0.027558847692787,0.0,0.027558847692787,0.027558847692787,1
HGNN,diagnostics,sym,0,1.0,0.0,1.0,1.0,1
HGNN,diagnostics,sym,1,0.46242775298646527,0.0,0.46242775298646527,0.46242775298646527,1
HGNN,diagnostics,sym,2,0.2565841277673972,0.0,0.2565841277673972,0.2565841277673972,1
HGNN,diagnostics,sym,3,0.17943672701896918,0.0,0.17943672701896918,0.17943672701896918,1
HGNN,diagnostics,sym,4,0.13972410701385332,0.0,0.13972410701385332,0.13972410701385332,1
HGNN,diagnostics,sym,5,0.11496511844358492,0.0,0.11496511844358492,0.11496511844358492,1
HGNN,diagnostics,sym,6,0.09780698088338559,0.0,0.09780698088338559,0.09780698088338559,1
HGNN,diagnostics,sym,7,0.08506253048563046,0.0,0.08506253048563046,0.08506253048563046,1
HGNN,diagnostics,sym,8,0.07511691942212614,0.0,0.07511691942212614,0.07511691942212614,1
HGNN,diagnostics,sym,9,0.06707141546713598,0.0,0.06707141546713598,0.06707141546713598,1
HGNN,diagnostics,sym,10,0.06039030396190949,0.0,0.06039030396190949,0.06039030396190949,1
HGNN,diagnostics,sym,11,0.05473542588384727,0.0,0.05473542588384727,0.05473542588384727,1
HGNN,diagnostics,sym,12,0.049882055641673535,0.0,0.049882055641673535,0.049882055641673535,1
HGNN,diagnostics,sym,13,0.04567360325594055,0.0,0.04567360325594055,0.04567360325594055,1
HGNN,diagnostics,sym,14,0.04199613473347835,0.0,0.04199613473347835,0.04199613473347835,1
HGNN,diagnostics,sym,15,0.03876351570000354,0.0,0.03876351570000354,0.03876351570000354,1
HGNN,diagnostics,sym,16,0.035908465083074305,0.0,0.035908465083074305,0.035908465083074305,1
HGNN,diagnostics,sym,17,0.03337699690500882,0.0,0.03337699690500882,0.03337699690500882,1
HGNN,diagnostics,sym,18,0.031124855765154263,0.0,0.031124855765154263,0.031124855765154263,1
HGNN,diagnostics,sym,19,0.02911515452060262,0.0,0.02911515452060262,0.02911515452060262,1
HGNN,diagnostics,sym,20,0.02731675477188359,0.0,0.02731675477188359,0.02731675477188359,1
HGNN,diagnostics,sym,21,0.025703118058551126,0.0,0.025703118058551126,0.025703118058551126,1
HGNN,diagnostics,sym,22,0.024251463425447428,0.0,0.024251463425447428,0.024251463425447428,1
HGNN,diagnostics,sym,23,0.022942130123920237,0.0,0.022942130123920237,0.022942130123920237,1
HGNN,diagnostics,sym,24,0.021758081790280433,0.0,0.021758081790280433,0.021758081790280433,1
HGNN,diagnostics,sym,25,0.020684511193620584,0.0,0.020684511193620584,0.020684511193620584,1
HGNN,diagnostics,sym,26,0.019708518650390975,0.0,0.019708518650390975,0.019708518650390975,1
HGNN,diagnostics,sym,27,0.018818845975132076,0.0,0.018818845975132076,0.018818845975132076,1
HGNN,diagnostics,sym,28,0.01800565343035015,0.0,0.01800565343035015,0.01800565343035015,1
HGNN,diagnostics,sym,29,0.01726033077268499,0.0,0.01726033077268499,0.01726033077268499,1
HGNN,diagnostics,sym,30,0.016575335900347533,0.0,0.016575335900347533,0.016575335900347533,1
HGNN,diagnostics,sym,31,0.01594405623533936,0.0,0.01594405623533936,0.01594405623533936,1
HGNN,diagnostics,sym,32,0.015360689099640557,0.0,0.015360689099640557,0.015360689099640557,1
HGNN,diagnostics,sym,33,0.014820138140682757,0.0,0.014820138140682757,0.014820138140682757,1
HGNN,diagnostics,sym,34,0.014317923438144448,0.0,0.014317923438144448,0.014317923438144448,1
HGNN,diagnostics,sym,35,0.013850103352307836,0.0,0.013850103352307836,0.013850103352307836,1
HGNN,diagnostics,sym,36,0.013413206500099462,0.0,0.013413206500099462,0.013413206500099462,1
HGNN,diagnostics,sym,37,0.013004172498967676,0.0,0.013004172498967676,0.013004172498967676,1
HGNN,diagnostics,sym,38,0.012620300321259988,0.0,0.012620300321259988,0.012620300321259988,1
HGNN,diagnostics,sym,39,0.012259203266489683,0.0,0.012259203266489683,0.012259203266489683,1
HGNN,diagnostics,sym,40,0.011918769695227743,0.0,0.011918769695227743,0.011918769695227743,1
HGNN,diagnostics,sym,41,0.011597128782862584,0.0,0.011597128782862584,0.011597128782862584,1
HGNN,diagnostics,sym,42,0.011292620648760961,0.0,0.011292620648760961,0.011292620648760961,1
HGNN,diagnostics,sym,43,0.011003770299777586,0.0,0.011003770299777586,0.011003770299777586,1
HGNN,diagnostics,sym,44,0.01072926489906523,0.0,0.01072926489906523,0.01072926489906523,1
HGNN,diagnostics,sym,45,0.010467933933596315,0.0,0.010467933933596315,0.010467933933596315,1
HGNN,diagnostics,sym,46,0.010218731908172685,0.0,0.010218731908172685,0.010218731908172685,1
HGNN,diagnostics,sym,47,0.009980723241126145,0.0,0.009980723241126145,0.009980723241126145,1
HGNN,diagnostics,sym,48,0.00975306907833998,0.0,0.00975306907833998,0.00975306907833998,1
HGNN,diagnostics,sym,49,0.009535015778435239,0.0,0.009535015778435239,0.009535015778435239,1
HGNN,diagnostics,sym,50,0.009325884853626771,0.0,0.009325884853626771,0.009325884853626771,1
HGNN,diagnostics,sym,51,0.00912506417843301,0.0,0.00912506417843301,0.00912506417843301,1
HGNN,diagnostics,sym,52,0.008932000302611398,0.0,0.008932000302611398,0.008932000302611398,1
HGNN,diagnostics,sym,53,0.008746191725819044,0.0,0.008746191725819044,0.008746191725819044,1
HGNN,diagnostics,sym,54,0.008567183009941498,0.0,0.008567183009941498,0.008567183009941498,1
HGNN,diagnostics,sym,55,0.008394559621122859,0.0,0.008394559621122859,0.008394559621122859,1
HGNN,diagnostics,sym,56,0.008227943407559246,0.0,0.008227943407559246,0.008227943407559246,1
HGNN,diagnostics,sym,57,0.008066988631341443,0.0,0.008066988631341443,0.008066988631341443,1
HGNN,diagnostics,sym,58,0.007911378483277762,0.0,0.007911378483277762,0.007911378483277762,1
HGNN,diagnostics,sym,59,0.007760822018893287,0.0,0.007760822018893287,0.007760822018893287,1
HGNN,diagnostics,sym,60,0.007615051461862346,0.0,0.007615051461862346,0.007615051461862346,1
HGNN,diagnostics,sym,61,0.00747381982814023,0.0,0.00747381982814023,0.00747381982814023,1
HGNN,diagnostics,sym,62,0.007336898830153389,0.0,0.007336898830153389,0.007336898830153389,1
HGNN,diagnostics,sym,63,0.007204077025702131,0.0,0.007204077025702131,0.007204077025702131,1
HGNN,diagnostics,sym,64,0.0070751581808300955,0.0,0.0070751581808300955,0.0070751581808300955,1
HGNN,diagnostics,sym,65,0.006949959819910439,0.0,0.006949959819910439,0.006949959819910439,1
HGNN,diagnostics,sym,66,0.006828311939669034,0.0,0.006828311939669034,0.006828311939669034,1
HGNN,diagnostics,sym,67,0.006710055866878727,0.0,0.006710055866878727,0.006710055866878727,1
HGNN,diagnostics,sym,68,0.006595043242075648,0.0,0.006595043242075648,0.006595043242075648,1
HGNN,diagnostics,sym,69,0.006483135113921384,0.0,0.006483135113921384,0.006483135113921384,1
HGNN,diagnostics,sym,70,0.00637420113080854,0.0,0.00637420113080854,0.00637420113080854,1
HGNN,diagnostics,sym,71,0.006268118818021554,0.0,0.006268118818021554,0.006268118818021554,1
HGNN,diagnostics,sym,72,0.006164772930253968,0.0,0.006164772930253968,0.006164772930253968,1
HGNN,diagnostics,sym,73,0.006064054870577284,0.0,0.006064054870577284,0.006064054870577284,1
HGNN,diagnostics,sym,74,0.005965862168081302,0.0,0.005965862168081302,0.005965862168081302,1
HGNN,diagnostics,sym,75,0.0058700980073834695,0.0,0.0058700980073834695,0.0058700980073834695,1
HGNN,diagnostics,sym,76,0.005776670804055118,0.0,0.005776670804055118,0.005776670804055118,1
HGNN,diagnostics,sym,77,0.005685493820752226,0.0,0.005685493820752226,0.005685493820752226,1
HGNN,diagnostics,sym,78,0.005596484819482217,0.0,0.005596484819482217,0.005596484819482217,1
HGNN,diagnostics,sym,79,0.005509565745998871,0.0,0.005509565745998871,0.005509565745998871,1
HGNN,diagnostics,sym,80,0.005424662442806047,0.0,0.005424662442806047,0.005424662442806047,1
HGNN,diagnostics,sym,81,0.0053417043876764795,0.0,0.0053417043876764795,0.0053417043876764795,1
HGNN,diagnostics,sym,82,0.005260624454963482,0.0,0.005260624454963482,0.005260624454963482,1
HGNN,diagnostics,sym,83,0.005181358697307359,0.0,0.005181358697307359,0.005181358697307359,1
HGNN,diagnostics,sym,84,0.005103846145621507,0.0,0.005103846145621507,0.005103846145621507,1
HGNN,diagnostics,sym,85,0.005028028625490451,0.0,0.005028028625490451,0.005028028625490451,1
HGNN,diagnostics,sym,86,0.0049538505883286186,0.0,0.0049538505883286186,0.0049538505883286186,1
HGNN,diagnostics,sym,87,0.004881258955837902,0.0,0.004881258955837902,0.004881258955837902,1
HGNN,diagnostics,sym,88,0.004810202976468124,0.0,0.004810202976468124,0.004810202976468124,1
HGNN,diagnostics,sym,89,0.0047406340927299735,0.0,0.0047406340927299735,0.0047406340927299735,1
HGNN,diagnostics,sym,90,0.004672505818337704,0.0,0.004672505818337704,0.004672505818337704,1
HGNN,diagnostics,sym,91,0.00460577362427113,0.0,0.00460577362427113,0.00460577362427113,1
HGNN,diagnostics,sym,92,0.004540394832945104,0.0,0.004540394832945104,0.004540394832945104,1
HGNN,diagnostics,sym,93,0.004476328519761541,0.0,0.004476328519761541,0.004476328519761541,1
HGNN,diagnostics,sym,94,0.004413535421395649,0.0,0.004413535421395649,0.004413535421395649,1
HGNN,diagnostics,sym,95,0.0043519778502356015,0.0,0.0043519778502356015,0.0043519778502356015,1
HGNN,diagnostics,sym,96,0.004291619614454533,0.0,0.004291619614454533,0.004291619614454533,1
HGNN,diagnostics,sym,97,0.004232425943246594,0.0,0.004232425943246594,0.004232425943246594,1
HGNN,diagnostics,sym,98,0.004174363416805551,0.0,0.004174363416805551,0.004174363416805551,1
HGNN,diagnostics,sym,99,0.004117399900665863,0.0,0.004117399900665863,0.004117399900665863,1
HGNN,diagnostics,sym,100,0.00406150448406302,0.0,0.00406150448406302,0.00406150448406302,1
HGNN,diagnostics,sym,101,0.004006647422002676,0.0,0.004006647422002676,0.004006647422002676,1
HGNN,diagnostics,sym,102,0.003952800080757254,0.0,0.003952800080757254,0.003952800080757254,1
HGNN,diagnostics,sym,103,0.003899934886534699,0.0,0.003899934886534699,0.003899934886534699,1
HGNN,diagnostics,sym,104,0.0038480252770873363,0.0,0.0038480252770873363,0.0038480252770873363,1
HGNN,diagnostics,sym,105,0.0037970456560494524,0.0,0.0037970456560494524,0.0037970456560494524,1
HGNN,diagnostics,sym,106,0.0037469713498109614,0.0,0.0037469713498109614,0.0037469713498109614,1
HGNN,diagnostics,sym,107,0.00369777856675106,0.0,0.00369777856675106,0.00369777856675106,1
HGNN,diagnostics,sym,108,0.003649444358670907,0.0,0.003649444358670907,0.003649444358670907,1
HGNN,diagnostics,sym,109,0.003601946584277741,0.0,0.003601946584277741,0.003601946584277741,1
HGNN,diagnostics,sym,110,0.0035552638745850896,0.0,0.0035552638745850896,0.0035552638745850896,1
HGNN,diagnostics,sym,111,0.0035093756001046686,0.0,0.0035093756001046686,0.0035093756001046686,1
HGNN,diagnostics,sym,112,0.003464261839715453,0.0,0.003464261839715453,0.003464261839715453,1
HGNN,diagnostics,sym,113,0.003419903351104478,0.0,0.003419903351104478,0.003419903351104478,1
HGNN,diagnostics,sym,114,0.0033762815426819554,0.0,0.0033762815426819554,0.0033762815426819554,1
HGNN,diagnostics,sym,115,0.0033333784468807907,0.0,0.0033333784468807907,0.0033333784468807907,1
HGNN,diagnostics,sym,116,0.0032911766947572377,0.0,0.0032911766947572377,0.0032911766947572377,1
HGNN,diagnostics,sym,117,0.003249659491815606,0.0,0.003249659491815606,0.003249659491815606,1
HGNN,diagnostics,sym,118,0.003208810594985467,0.0,0.003208810594985467,0.003208810594985467,1
HGNN,diagnostics,sym,119,0.0031686142906849836,0.0,0.0031686142906849836,0.0031686142906849836,1
HGNN,diagnostics,sym,120,0.003129055373908576,0.0,0.003129055373908576,0.003129055373908576,1
HGNN,diagnostics,sym,121,0.0030901191282814797,0.0,0.0030901191282814797,0.0030901191282814797,1
HGNN,diagnostics,sym,122,0.00305179130702763,0.0,0.00305179130702763,0.00305179130702763,1
HGNN,diagnostics,sym,123,0.0030140581148009175,0.0,0.0030140581148009175,0.0030140581148009175,1
HGNN,diagnostics,sym,124,0.0029769061903331976,0.0,0.0029769061903331976,0.0029769061903331976,1
HGNN,diagnostics,sym,125,0.002940322589855454,0.0,0.002940322589855454,0.002940322589855454,1
HGNN,diagnostics,sym,126,0.002904294771251336,0.0,0.002904294771251336,0.002904294771251336,1
HGNN,diagnostics,sym,127,0.0028688105789049,0.0,0.0028688105789049,0.0028688105789049,1
HGNN,diagnostics,sym,128,0.0028338582292067593,0.0,0.0028338582292067593,0.0028338582292067593,1
HGNN,diagnostics,sym,129,0.0027994262966850865,0.0,0.0027994262966850865,0.0027994262966850865,1
HGNN,diagnostics,sym,130,0.0027655037007299444,0.0,0.0027655037007299444,0.0027655037007299444,1
HGNN,diagnostics,sym,131,0.0027320796928813496,0.0,0.0027320796928813496,0.0027320796928813496,1
HGNN,diagnostics,sym,132,0.0026991438446532182,0.0,0.0026991438446532182,0.0026991438446532182,1
HGNN,diagnostics,sym,133,0.002666686035866993,0.0,0.002666686035866993,0.002666686035866993,1
HGNN,diagnostics,sym,134,0.002634696443470286,0.0,0.002634696443470286,0.002634696443470286,1
HGNN,diagnostics,sym,135,0.0026031655308172683,0.0,0.0026031655308172683,0.0026031655308172683,1
HGNN,diagnostics,sym,136,0.002572084037388901,0.0,0.002572084037388901,0.002572084037388901,1
HGNN,diagnostics,sym,137,0.0025414429689322765,0.0,0.0025414429689322765,0.0025414429689322765,1
HGNN,diagnostics,sym,138,0.0025112335879995495,0.0,0.0025112335879995495,0.0025112335879995495,1
HGNN,diagnostics,sym,139,0.002481447404867984,0.0,0.002481447404867984,0.002481447404867984,1
HGNN,diagnostics,sym,140,0.0024520761688236435,0.0,0.0024520761688236435,0.0024520761688236435,1
HGNN,diagnostics,sym,141,0.0024231118597921983,0.0,0.0024231118597921983,0.0024231118597921983,1
HGNN,diagnostics,sym,142,0.002394546680301214,0.0,0.002394546680301214,0.002394546680301214,1
HGNN,diagnostics,sym,143,0.002366373047759091,0.0,0.002366373047759091,0.002366373047759091,1
HGNN,diagnostics,sym,144,0.00233858358703662,0.0,0.00233858358703662,0.00233858358703662,1
HGNN,diagnostics,sym,145,0.0023111711233378116,0.0,0.0023111711233378116,0.0023111711233378116,1
HGNN,diagnostics,sym,146,0.0022841286753473894,0.0,0.0022841286753473894,0.0022841286753473894,1
HGNN,diagnostics,sym,147,0.0022574494486429096,0.0,0.0022574494486429096,0.0022574494486429096,1
HGNN,diagnostics,sym,148,0.0022311268293601447,0.0,0.0022311268293601447,0.0022311268293601447,1
HGNN,diagnostics,sym,149,0.0022051543781008744,0.0,0.0022051543781008744,0.0022051543781008744,1
HGNN,diagnostics,sym,150,0.002179525824072791,0.0,0.002179525824072791,0.002179525824072791,1
HGNN,diagnostics,sym,151,0.0021542350594517283,0.0,0.0021542350594517283,0.0021542350594517283,1
HGNN,diagnostics,sym,152,0.0021292761339568836,0.0,0.0021292761339568836,0.0021292761339568836,1
HGNN,diagnostics,sym,153,0.0021046432496301523,0.0,0.0021046432496301523,0.0021046432496301523,1
HGNN,diagnostics,sym,154,0.0020803307558111338,0.0,0.0020803307558111338,0.0020803307558111338,1
HGNN,diagnostics,sym,155,0.002056333144299728,0.0,0.002056333144299728,0.002056333144299728,1
HGNN,diagnostics,sym,156,0.0020326450446986623,0.0,0.0020326450446986623,0.0020326450446986623,1
HGNN,diagnostics,sym,157,0.0020092612199286075,0.0,0.0020092612199286075,0.0020092612199286075,1
HGNN,diagnostics,sym,158,0.0019861765619088975,0.0,0.0019861765619088975,0.0019861765619088975,1
HGNN,diagnostics,sym,159,0.001963386087397181,0.0,0.001963386087397181,0.001963386087397181,1
HGNN,diagnostics,sym,160,0.0019408849339816298,0.0,0.0019408849339816298,0.0019408849339816298,1
HGNN,diagnostics,sym,161,0.0019186683562196249,0.0,0.0019186683562196249,0.0019186683562196249,1
HGNN,diagnostics,sym,162,0.0018967317219170912,0.0,0.0018967317219170912,0.0018967317219170912,1
HGNN,diagnostics,sym,163,0.001875070508542948,0.0,0.001875070508542948,0.001875070508542948,1
HGNN,diagnostics,sym,164,0.0018536802997733259,0.0,0.0018536802997733259,0.0018536802997733259,1
HGNN,diagnostics,sym,165,0.0018325567821604986,0.0,0.0018325567821604986,0.0018325567821604986,1
HGNN,diagnostics,sym,166,0.0018116957419216466,0.0,0.0018116957419216466,0.0018116957419216466,1
HGNN,diagnostics,sym,167,0.0017910930618428,0.0,0.0017910930618428,0.0017910930618428,1
HGNN,diagnostics,sym,168,0.0017707447182935068,0.0,0.0017707447182935068,0.0017707447182935068,1
HGNN,diagnostics,sym,169,0.0017506467783479605,0.0,0.0017506467783479605,0.0017506467783479605,1
HGNN,diagnostics,sym,170,0.001730795397008491,0.0,0.001730795397008491,0.001730795397008491,1
HGNN,diagnostics,sym,171,0.001711186814527506,0.0,0.001711186814527506,0.001711186814527506,1
HGNN,diagnostics,sym,172,0.0016918173538241258,0.0,0.0016918173538241258,0.0016918173538241258,1
HGNN,diagnostics,sym,173,0.001672683417991918,0.0,0.001672683417991918,0.001672683417991918,1
HGNN,diagnostics,sym,174,0.001653781487894265,0.0,0.001653781487894265,0.001653781487894265,1
HGNN,diagnostics,sym,175,0.001635108119844076,0.0,0.001635108119844076,0.001635108119844076,1
HGNN,diagnostics,sym,176,0.0016166599433646443,0.0,0.0016166599433646443,0.0016166599433646443,1
HGNN,diagnostics,sym,177,0.001598433659028619,0.0,0.001598433659028619,0.001598433659028619,1
HGNN,diagnostics,sym,178,0.0015804260363721583,0.0,0.0015804260363721583,0.0015804260363721583,1
HGNN,diagnostics,sym,179,0.0015626339118814554,0.0,0.0015626339118814554,0.0015626339118814554,1
HGNN,diagnostics,sym,180,0.001545054187048944,0.0,0.001545054187048944,0.001545054187048944,1
HGNN,diagnostics,sym,181,0.001527683826496599,0.0,0.001527683826496599,0.001527683826496599,1
HGNN,diagnostics,sym,182,0.0015105198561638292,0.0,0.0015105198561638292,0.0015105198561638292,1
HGNN,diagnostics,sym,183,0.0014935593615575877,0.0,0.0014935593615575877,0.0014935593615575877,1
HGNN,diagnostics,sym,184,0.0014767994860624065,0.0,0.0014767994860624065,0.0014767994860624065,1
HGNN,diagnostics,sym,185,0.001460237429308132,0.0,0.001460237429308132,0.001460237429308132,1
HGNN,diagnostics,sym,186,0.0014438704455932573,0.0,0.0014438704455932573,0.0014438704455932573,1
HGNN,diagnostics,sym,187,0.0014276958423618052,0.0,0.0014276958423618052,0.0014276958423618052,1
HGNN,diagnostics,sym,188,0.0014117109787318064,0.0,0.0014117109787318064,0.0014117109787318064,1
HGNN,diagnostics,sym,189,0.0013959132640734828,0.0,0.0013959132640734828,0.0013959132640734828,1
HGNN,diagnostics,sym,190,0.0013803001566353298,0.0,0.0013803001566353298,0.0013803001566353298,1
HGNN,diagnostics,sym,191,0.0013648691622163514,0.0,0.0013648691622163514,0.0013648691622163514,1
HGNN,diagnostics,sym,192,0.0013496178328827708,0.0,0.0013496178328827708,0.0013496178328827708,1
HGNN,diagnostics,sym,193,0.0013345437657276088,0.0,0.0013345437657276088,0.0013345437657276088,1
HGNN,diagnostics,sym,194,0.001319644601671568,0.0,0.001319644601671568,0.001319644601671568,1
HGNN,diagnostics,sym,195,0.0013049180243037413,0.0,0.0013049180243037413,0.0013049180243037413,1
HGNN,diagnostics,sym,196,0.0012903617587606993,0.0,0.0012903617587606993,0.0012903617587606993,1
HGNN,diagnostics,sym,197,0.0012759735706425785,0.0,0.0012759735706425785,0.0012759735706425785,1
HGNN,diagnostics,sym,198,0.001261751264964833,0.0,0.001261751264964833,0.001261751264964833,1
HGNN,diagnostics,sym,199,0.001247692685144378,0.0,0.001247692685144378,0.001247692685144378,1
HGNN,diagnostics,sym,200,0.0012337957120188837,0.0,0.0012337957120188837,0.0012337957120188837,1
HGNN,diagnostics,sym,201,0.0012200582628980304,0.0,0.0012200582628980304,0.0012200582628980304,1
HGNN,diagnostics,sym,202,0.0012064782906455918,0.0,0.0012064782906455918,0.0012064782906455918,1
HGNN,diagnostics,sym,203,0.001193053782791233,0.0,0.001193053782791233,0.001193053782791233,1
HGNN,diagnostics,sym,204,0.0011797827606709757,0.0,0.0011797827606709757,0.0011797827606709757,1
HGNN,diagnostics,sym,205,0.0011666632785952932,0.0,0.0011666632785952932,0.0011666632785952932,1
HGNN,diagnostics,sym,206,0.0011536934230438713,0.0,0.0011536934230438713,0.0011536934230438713,1
HGNN,diagnostics,sym,207,0.0011408713118860716,0.0,0.0011408713118860716,0.0011408713118860716,1
HGNN,diagnostics,sym,208,0.0011281950936261951,0.0,0.0011281950936261951,0.0011281950936261951,1
HGNN,diagnostics,sym,209,0.00111566294667266,0.0,0.00111566294667266,0.00111566294667266,1
HGNN,diagnostics,sym,210,0.0011032730786302576,0.0,0.0011032730786302576,0.0011032730786302576,1
HGNN,diagnostics,sym,211,0.0010910237256146571,0.0,0.0010910237256146571,0.0010910237256146571,1
HGNN,diagnostics,sym,212,0.0010789131515883872,0.0,0.0010789131515883872,0.0010789131515883872,1
HGNN,diagnostics,sym,213,0.001066939647717528,0.0,0.001066939647717528,0.001066939647717528,1
HGNN,diagnostics,sym,214,0.0010551015317483918,0.0,0.0010551015317483918,0.0010551015317483918,1
HGNN,diagnostics,sym,215,0.0010433971474034798,0.0,0.0010433971474034798,0.0010433971474034798,1
HGNN,diagnostics,sym,216,0.001031824863796054,0.0,0.001031824863796054,0.001031824863796054,1
HGNN,diagnostics,sym,217,0.0010203830748626533,0.0,0.0010203830748626533,0.0010203830748626533,1
HGNN,diagnostics,sym,218,0.0010090701988129417,0.0,0.0010090701988129417,0.0010090701988129417,1
HGNN,diagnostics,sym,219,0.0009978846775962693,0.0,0.0009978846775962693,0.0009978846775962693,1
HGNN,diagnostics,sym,220,0.0009868249763843777,0.0,0.0009868249763843777,0.0009868249763843777,1
HGNN,diagnostics,sym,221,0.0009758895830696717,0.0,0.0009758895830696717,0.0009758895830696717,1
HGNN,diagnostics,sym,222,0.0009650770077785258,0.0,0.0009650770077785258,0.0009650770077785258,1
HGNN,diagnostics,sym,223,0.0009543857823991009,0.0,0.0009543857823991009,0.0009543857823991009,1
HGNN,diagnostics,sym,224,0.0009438144601231638,0.0,0.0009438144601231638,0.0009438144601231638,1
HGNN,diagnostics,sym,225,0.0009333616150014327,0.0,0.0009333616150014327,0.0009333616150014327,1
HGNN,diagnostics,sym,226,0.0009230258415119713,0.0,0.0009230258415119713,0.0009230258415119713,1
HGNN,diagnostics,sym,227,0.00091280575414119,0.0,0.00091280575414119,0.00091280575414119,1
HGNN,diagnostics,sym,228,0.000902699986977011,0.0,0.000902699986977011,0.000902699986977011,1
HGNN,diagnostics,sym,229,0.0008927071933137887,0.0,0.0008927071933137887,0.0008927071933137887,1
HGNN,diagnostics,sym,230,0.0008828260452685725,0.0,0.0008828260452685725,0.0008828260452685725,1
HGNN,diagnostics,sym,231,0.0008730552334083293,0.0,0.0008730552334083293,0.0008730552334083293,1
HGNN,diagnostics,sym,232,0.0008633934663877476,0.0,0.0008633934663877476,0.0008633934663877476,1
HGNN,diagnostics,sym,233,0.0008538394705972643,0.0,0.0008538394705972643,0.0008538394705972643,1
HGNN,diagnostics,sym,234,0.0008443919898209637,0.0,0.0008443919898209637,0.0008443919898209637,1
HGNN,diagnostics,sym,235,0.0008350497849040143,0.0,0.0008350497849040143,0.0008350497849040143,1
HGNN,diagnostics,sym,236,0.0008258116334293184,0.0,0.0008258116334293184,0.0008258116334293184,1
HGNN,diagnostics,sym,237,0.0008166763294030668,0.0,0.0008166763294030668,0.0008166763294030668,1
HGNN,diagnostics,sym,238,0.0008076426829488879,0.0,0.0008076426829488879,0.0008076426829488879,1
HGNN,diagnostics,sym,239,0.0007987095200103159,0.0,0.0007987095200103159,0.0007987095200103159,1
HGNN,diagnostics,sym,240,0.0007898756820612856,0.0,0.0007898756820612856,0.0007898756820612856,1
HGNN,diagnostics,sym,241,0.0007811400258243892,0.0,0.0007811400258243892,0.0007811400258243892,1
HGNN,diagnostics,sym,242,0.0007725014229966378,0.0,0.0007725014229966378,0.0007725014229966378,1
HGNN,diagnostics,sym,243,0.000763958759982474,0.0,0.000763958759982474,0.000763958759982474,1
HGNN,diagnostics,sym,244,0.0007555109376337949,0.0,0.0007555109376337949,0.0007555109376337949,1
HGNN,diagnostics,sym,245,0.0007471568709967515,0.0,0.0007471568709967515,0.0007471568709967515,1
HGNN,diagnostics,sym,246,0.0007388954890651055,0.0,0.0007388954890651055,0.0007388954890651055,1
HGNN,diagnostics,sym,247,0.0007307257345399165,0.0,0.0007307257345399165,0.0007307257345399165,1
HGNN,diagnostics,sym,248,0.0007226465635953645,0.0,0.0007226465635953645,0.0007226465635953645,1
HGNN,diagnostics,sym,249,0.0007146569456504946,0.0,0.0007146569456504946,0.0007146569456504946,1
HGNN,diagnostics,sym,250,0.000706755863146698,0.0,0.000706755863146698,0.000706755863146698,1
HGNN,diagnostics,sym,251,0.0006989423113307359,0.0,0.0006989423113307359,0.0006989423113307359,1
HGNN,diagnostics,sym,252,0.000691215298043133,0.0,0.000691215298043133,0.000691215298043133,1
HGNN,diagnostics,sym,253,0.0006835738435117608,0.0,0.0006835738435117608,0.0006835738435117608,1
HGNN,diagnostics,sym,254,0.0006760169801504458,0.0,0.0006760169801504458,0.0006760169801504458,1
HGNN,diagnostics,sym,255,0.000668543752362439,0.0,0.000668543752362439,0.000668543752362439,1
HGNN,diagnostics,sym,256,0.0006611532163485952,0.0,0.0006611532163485952,0.0006611532163485952,1
HGNN,diagnostics,op,0,1.0,0.0,1.0,1.0,1
HGNN,diagnostics,op,1,0.46242775298646527,0.0,0.46242775298646527,0.46242775298646527,1
HGNN,diagnostics,op,2,0.25658412776739725,0.0,0.25658412776739725,0.25658412776739725,1
HGNN,diagnostics,op,3,0.17943672701896923,0.0,0.17943672701896923,0.17943672701896923,1
HGNN,diagnostics,op,4,0.13972410701385335,0.0,0.13972410701385335,0.13972410701385335,1
HGNN,diagnostics,op,5,0.11496511844358494,0.0,0.11496511844358494,0.11496511844358494,1
HGNN,diagnostics,op,6,0.09780698088338559,0.0,0.09780698088338559,0.09780698088338559,1
HGNN,diagnostics,op,7,0.08506253048563048,0.0,0.08506253048563048,0.08506253048563048,1
HGNN,diagnostics,op,8,0.07511691942212616,0.0,0.07511691942212616,0.07511691942212616,1
HGNN,diagnostics,op,9,0.06707141546713599,0.0,0.06707141546713599,0.06707141546713599,1
HGNN,diagnostics,op,10,0.0603903039619095,0.0,0.0603903039619095,0.0603903039619095,1
HGNN,diagnostics,op,11,0.05473542588384727,0.0,0.05473542588384727,0.05473542588384727,1
HGNN,diagnostics,op,12,0.04988205564167354,0.0,0.04988205564167354,0.04988205564167354,1
HGNN,diagnostics,op,13,0.04567360325594055,0.0,0.04567360325594055,0.04567360325594055,1
HGNN,diagnostics,op,14,0.04199613473347836,0.0,0.04199613473347836,0.04199613473347836,1
HGNN,diagnostics,op,15,0.03876351570000355,0.0,0.03876351570000355,0.03876351570000355,1
HGNN,diagnostics,op,16,0.03590846508307431,0.0,0.03590846508307431,0.03590846508307431,1
HGNN,diagnostics,op,17,0.03337699690500882,0.0,0.03337699690500882,0.03337699690500882,1
HGNN,diagnostics,op,18,0.03112485576515427,0.0,0.03112485576515427,0.03112485576515427,1
HGNN,diagnostics,op,19,0.02911515452060262,0.0,0.02911515452060262,0.02911515452060262,1
HGNN,diagnostics,op,20,0.02731675477188359,0.0,0.02731675477188359,0.02731675477188359,1
HGNN,diagnostics,op,21,0.025703118058551126,0.0,0.025703118058551126,0.025703118058551126,1
HGNN,diagnostics,op,22,0.02425146342544743,0.0,0.02425146342544743,0.02425146342544743,1
HGNN,diagnostics,op,23,0.022942130123920237,0.0,0.022942130123920237,0.022942130123920237,1
HGNN,diagnostics,op,24,0.021758081790280433,0.0,0.021758081790280433,0.021758081790280433,1
HGNN,diagnostics,op,25,0.020684511193620587,0.0,0.020684511193620587,0.020684511193620587,1
HGNN,diagnostics,op,26,0.01970851865039098,0.0,0.01970851865039098,0.01970851865039098,1
HGNN,diagnostics,op,27,0.01881884597513208,0.0,0.01881884597513208,0.01881884597513208,1
HGNN,diagnostics,op,28,0.018005653430350155,0.0,0.018005653430350155,0.018005653430350155,1
HGNN,diagnostics,op,29,0.017260330772684993,0.0,0.017260330772684993,0.017260330772684993,1
HGNN,diagnostics,op,30,0.016575335900347536,0.0,0.016575335900347536,0.016575335900347536,1
HGNN,diagnostics,op,31,0.015944056235339364,0.0,0.015944056235339364,0.015944056235339364,1
HGNN,diagnostics,op,32,0.015360689099640557,0.0,0.015360689099640557,0.015360689099640557,1
HGNN,diagnostics,op,33,0.014820138140682757,0.0,0.014820138140682757,0.014820138140682757,1
HGNN,diagnostics,op,34,0.01431792343814445,0.0,0.01431792343814445,0.01431792343814445,1
HGNN,diagnostics,op,35,0.013850103352307838,0.0,0.013850103352307838,0.013850103352307838,1
HGNN,diagnostics,op,36,0.013413206500099462,0.0,0.013413206500099462,0.013413206500099462,1
HGNN,diagnostics,op,37,0.01300417249896768,0.0,0.01300417249896768,0.01300417249896768,1
HGNN,diagnostics,op,38,0.012620300321259988,0.0,0.012620300321259988,0.012620300321259988,1
HGNN,diagnostics,op,39,0.012259203266489684,0.0,0.012259203266489684,0.012259203266489684,1
HGNN,diagnostics,op,40,0.011918769695227744,0.0,0.011918769695227744,0.011918769695227744,1
HGNN,diagnostics,op,41,0.011597128782862587,0.0,0.011597128782862587,0.011597128782862587,1
HGNN,diagnostics,op,42,0.011292620648760963,0.0,0.011292620648760963,0.011292620648760963,1
HGNN,diagnostics,op,43,0.011003770299777586,0.0,0.011003770299777586,0.011003770299777586,1
HGNN,diagnostics,op,44,0.010729264899065232,0.0,0.010729264899065232,0.010729264899065232,1
HGNN,diagnostics,op,45,0.010467933933596314,0.0,0.010467933933596314,0.010467933933596314,1
HGNN,diagnostics,op,46,0.010218731908172685,0.0,0.010218731908172685,0.010218731908172685,1
HGNN,diagnostics,op,47,0.009980723241126144,0.0,0.009980723241126144,0.009980723241126144,1
HGNN,diagnostics,op,48,0.00975306907833998,0.0,0.00975306907833998,0.00975306907833998,1
HGNN,diagnostics,op,49,0.009535015778435239,0.0,0.009535015778435239,0.009535015778435239,1
HGNN,diagnostics,op,50,0.009325884853626773,0.0,0.009325884853626773,0.009325884853626773,1
HGNN,diagnostics,op,51,0.009125064178433012,0.0,0.009125064178433012,0.009125064178433012,1
HGNN,diagnostics,op,52,0.008932000302611398,0.0,0.008932000302611398,0.008932000302611398,1
HGNN,diagnostics,op,53,0.008746191725819044,0.0,0.008746191725819044,0.008746191725819044,1
HGNN,diagnostics,op,54,0.008567183009941502,0.0,0.008567183009941502,0.008567183009941502,1
HGNN,diagnostics,op,55,0.00839455962112286,0.0,0.00839455962112286,0.00839455962112286,1
HGNN,diagnostics,op,56,0.008227943407559246,0.0,0.008227943407559246,0.008227943407559246,1
HGNN,diagnostics,op,57,0.008066988631341445,0.0,0.008066988631341445,0.008066988631341445,1
HGNN,diagnostics,op,58,0.007911378483277762,0.0,0.007911378483277762,0.007911378483277762,1
HGNN,diagnostics,op,59,0.007760822018893287,0.0,0.007760822018893287,0.007760822018893287,1
HGNN,diagnostics,op,60,0.007615051461862346,0.0,0.007615051461862346,0.007615051461862346,1
HGNN,diagnostics,op,61,0.007473819828140231,0.0,0.007473819828140231,0.007473819828140231,1
HGNN,diagnostics,op,62,0.007336898830153391,0.0,0.007336898830153391,0.007336898830153391,1
HGNN,diagnostics,op,63,0.007204077025702131,0.0,0.007204077025702131,0.007204077025702131,1
HGNN,diagnostics,op,64,0.007075158180830096,0.0,0.007075158180830096,0.007075158180830096,1
HGNN,diagnostics,op,65,0.006949959819910439,0.0,0.006949959819910439,0.006949959819910439,1
HGNN,diagnostics,op,66,0.0068283119396690345,0.0,0.0068283119396690345,0.0068283119396690345,1
HGNN,diagnostics,op,67,0.006710055866878728,0.0,0.006710055866878728,0.006710055866878728,1
HGNN,diagnostics,op,68,0.0065950432420756495,0.0,0.0065950432420756495,0.0065950432420756495,1
HGNN,diagnostics,op,69,0.0064831351139213855,0.0,0.0064831351139213855,0.0064831351139213855,1
HGNN,diagnostics,op,70,0.0063742011308085406,0.0,0.0063742011308085406,0.0063742011308085406,1
HGNN,diagnostics,op,71,0.006268118818021554,0.0,0.006268118818021554,0.006268118818021554,1
HGNN,diagnostics,op,72,0.006164772930253969,0.0,0.006164772930253969,0.006164772930253969,1
HGNN,diagnostics,op,73,0.006064054870577284,0.0,0.006064054870577284,0.006064054870577284,1
HGNN,diagnostics,op,74,0.005965862168081302,0.0,0.005965862168081302,0.005965862168081302,1
HGNN,diagnostics,op,75,0.005870098007383471,0.0,0.005870098007383471,0.005870098007383471,1
HGNN,diagnostics,op,76,0.00577667080405512,0.0,0.00577667080405512,0.00577667080405512,1
HGNN,diagnostics,op,77,0.005685493820752228,0.0,0.005685493820752228,0.005685493820752228,1
HGNN,diagnostics,op,78,0.005596484819482217,0.0,0.005596484819482217,0.005596484819482217,1
HGNN,diagnostics,op,79,0.005509565745998874,0.0,0.005509565745998874,0.005509565745998874,1
HGNN,diagnostics,op,80,0.005424662442806048,0.0,0.005424662442806048,0.005424662442806048,1
HGNN,diagnostics,op,81,0.005341704387676481,0.0,0.005341704387676481,0.005341704387676481,1
HGNN,diagnostics,op,82,0.005260624454963482,0.0,0.005260624454963482,0.005260624454963482,1
HGNN,diagnostics,op,83,0.005181358697307361,0.0,0.005181358697307361,0.005181358697307361,1
HGNN,diagnostics,op,84,0.0051038461456215075,0.0,0.0051038461456215075,0.0051038461456215075,1
HGNN,diagnostics,op,85,0.005028028625490452,0.0,0.005028028625490452,0.005028028625490452,1
HGNN,diagnostics,op,86,0.00495385058832862,0.0,0.00495385058832862,0.00495385058832862,1
HGNN,diagnostics,op,87,0.004881258955837902,0.0,0.004881258955837902,0.004881258955837902,1
HGNN,diagnostics,op,88,0.004810202976468124,0.0,0.004810202976468124,0.004810202976468124,1
HGNN,diagnostics,op,89,0.004740634092729974,0.0,0.004740634092729974,0.004740634092729974,1
HGNN,diagnostics,op,90,0.004672505818337704,0.0,0.004672505818337704,0.004672505818337704,1
HGNN,diagnostics,op,91,0.004605773624271131,0.0,0.004605773624271131,0.004605773624271131,1
HGNN,diagnostics,op,92,0.004540394832945104,0.0,0.004540394832945104,0.004540394832945104,1
HGNN,diagnostics,op,93,0.004476328519761541,0.0,0.004476328519761541,0.004476328519761541,1
HGNN,diagnostics,op,94,0.004413535421395649,0.0,0.004413535421395649,0.004413535421395649,1
HGNN,diagnostics,op,95,0.004351977850235603,0.0,0.004351977850235603,0.004351977850235603,1
HGNN,diagnostics,op,96,0.004291619614454533,0.0,0.004291619614454533,0.004291619614454533,1
HGNN,diagnostics,op,97,0.004232425943246595,0.0,0.004232425943246595,0.004232425943246595,1
HGNN,diagnostics,op,98,0.004174363416805552,0.0,0.004174363416805552,0.004174363416805552,1
HGNN,diagnostics,op,99,0.004117399900665865,0.0,0.004117399900665865,0.004117399900665865,1
HGNN,diagnostics,op,100,0.004061504484063021,0.0,0.004061504484063021,0.004061504484063021,1
HGNN,diagnostics,op,101,0.004006647422002677,0.0,0.004006647422002677,0.004006647422002677,1
HGNN,diagnostics,op,102,0.0039528000807572536,0.0,0.0039528000807572536,0.0039528000807572536,1
HGNN,diagnostics,op,103,0.0038999348865346993,0.0,0.0038999348865346993,0.0038999348865346993,1
HGNN,diagnostics,op,104,0.0038480252770873367,0.0,0.0038480252770873367,0.0038480252770873367,1
HGNN,diagnostics,op,105,0.0037970456560494532,0.0,0.0037970456560494532,0.0037970456560494532,1
HGNN,diagnostics,op,106,0.003746971349810962,0.0,0.003746971349810962,0.003746971349810962,1
HGNN,diagnostics,op,107,0.003697778566751061,0.0,0.003697778566751061,0.003697778566751061,1
HGNN,diagnostics,op,108,0.0036494443586709076,0.0,0.0036494443586709076,0.0036494443586709076,1
HGNN,diagnostics,op,109,0.003601946584277741,0.0,0.003601946584277741,0.003601946584277741,1
HGNN,diagnostics,op,110,0.0035552638745850913,0.0,0.0035552638745850913,0.0035552638745850913,1
HGNN,diagnostics,op,111,0.0035093756001046694,0.0,0.0035093756001046694,0.0035093756001046694,1
HGNN,diagnostics,op,112,0.003464261839715454,0.0,0.003464261839715454,0.003464261839715454,1
HGNN,diagnostics,op,113,0.003419903351104478,0.0,0.003419903351104478,0.003419903351104478,1
HGNN,diagnostics,op,114,0.003376281542681956,0.0,0.003376281542681956,0.003376281542681956,1
HGNN,diagnostics,op,115,0.003333378446880791,0.0,0.003333378446880791,0.003333378446880791,1
HGNN,diagnostics,op,116,0.0032911766947572385,0.0,0.0032911766947572385,0.0032911766947572385,1
HGNN,diagnostics,op,117,0.0032496594918156063,0.0,0.0032496594918156063,0.0032496594918156063,1
HGNN,diagnostics,op,118,0.0032088105949854675,0.0,0.0032088105949854675,0.0032088105949854675,1
HGNN,diagnostics,op,119,0.003168614290684984,0.0,0.003168614290684984,0.003168614290684984,1
HGNN,diagnostics,op,120,0.003129055373908576,0.0,0.003129055373908576,0.003129055373908576,1
HGNN,diagnostics,op,121,0.003090119128281481,0.0,0.003090119128281481,0.003090119128281481,1
HGNN,diagnostics,op,122,0.003051791307027631,0.0,0.003051791307027631,0.003051791307027631,1
HGNN,diagnostics,op,123,0.003014058114800918,0.0,0.003014058114800918,0.003014058114800918,1
HGNN,diagnostics,op,124,0.0029769061903331976,0.0,0.0029769061903331976,0.0029769061903331976,1
HGNN,diagnostics,op,125,0.002940322589855454,0.0,0.002940322589855454,0.002940322589855454,1
HGNN,diagnostics,op,126,0.0029042947712513366,0.0,0.0029042947712513366,0.0029042947712513366,1
HGNN,diagnostics,op,127,0.0028688105789049004,0.0,0.0028688105789049004,0.0028688105789049004,1
HGNN,diagnostics,op,128,0.00283385822920676,0.0,0.00283385822920676,0.00283385822920676,1
HGNN,diagnostics,op,129,0.002799426296685087,0.0,0.002799426296685087,0.002799426296685087,1
HGNN,diagnostics,op,130,0.002765503700729945,0.0,0.002765503700729945,0.002765503700729945,1
HGNN,diagnostics,op,131,0.0027320796928813496,0.0,0.0027320796928813496,0.0027320796928813496,1
HGNN,diagnostics,op,132,0.0026991438446532182,0.0,0.0026991438446532182,0.0026991438446532182,1
HGNN,diagnostics,op,133,0.0026666860358669935,0.0,0.0026666860358669935,0.0026666860358669935,1
HGNN,diagnostics,op,134,0.002634696443470286,0.0,0.002634696443470286,0.002634696443470286,1
HGNN,diagnostics,op,135,0.0026031655308172688,0.0,0.0026031655308172688,0.0026031655308172688,1
HGNN,diagnostics,op,136,0.0025720840373889015,0.0,0.0025720840373889015,0.0025720840373889015,1
HGNN,diagnostics,op,137,0.002541442968932277,0.0,0.002541442968932277,0.002541442968932277,1
HGNN,diagnostics,op,138,0.00251123358799955,0.0,0.00251123358799955,0.00251123358799955,1
HGNN,diagnostics,op,139,0.0024814474048679845,0.0,0.0024814474048679845,0.0024814474048679845,1
HGNN,diagnostics,op,140,0.0024520761688236444,0.0,0.0024520761688236444,0.0024520761688236444,1
HGNN,diagnostics,op,141,0.0024231118597921983,0.0,0.0024231118597921983,0.0024231118597921983,1
HGNN,diagnostics,op,142,0.002394546680301214,0.0,0.002394546680301214,0.002394546680301214,1
HGNN,diagnostics,op,143,0.002366373047759091,0.0,0.002366373047759091,0.002366373047759091,1
HGNN,diagnostics,op,144,0.0023385835870366203,0.0,0.0023385835870366203,0.0023385835870366203,1
HGNN,diagnostics,op,145,0.002311171123337812,0.0,0.002311171123337812,0.002311171123337812,1
HGNN,diagnostics,op,146,0.00228412867534739,0.0,0.00228412867534739,0.00228412867534739,1
HGNN,diagnostics,op,147,0.00225744944864291,0.0,0.00225744944864291,0.00225744944864291,1
HGNN,diagnostics,op,148,0.0022311268293601456,0.0,0.0022311268293601456,0.0022311268293601456,1
HGNN,diagnostics,op,149,0.002205154378100875,0.0,0.002205154378100875,0.002205154378100875,1
HGNN,diagnostics,op,150,0.002179525824072791,0.0,0.002179525824072791,0.002179525824072791,1
HGNN,diagnostics,op,151,0.0021542350594517287,0.0,0.0021542350594517287,0.0021542350594517287,1
HGNN,diagnostics,op,152,0.0021292761339568836,0.0,0.0021292761339568836,0.0021292761339568836,1
HGNN,diagnostics,op,153,0.0021046432496301527,0.0,0.0021046432496301527,0.0021046432496301527,1
HGNN,diagnostics,op,154,0.0020803307558111338,0.0,0.0020803307558111338,0.0020803307558111338,1
HGNN,diagnostics,op,155,0.0020563331442997284,0.0,0.0020563331442997284,0.0020563331442997284,1
HGNN,diagnostics,op,156,0.002032645044698663,0.0,0.002032645044698663,0.002032645044698663,1
HGNN,diagnostics,op,157,0.002009261219928608,0.0,0.002009261219928608,0.002009261219928608,1
HGNN,diagnostics,op,158,0.001986176561908898,0.0,0.001986176561908898,0.001986176561908898,1
HGNN,diagnostics,op,159,0.0019633860873971816,0.0,0.0019633860873971816,0.0019633860873971816,1
HGNN,diagnostics,op,160,0.0019408849339816302,0.0,0.0019408849339816302,0.0019408849339816302,1
HGNN,diagnostics,op,161,0.001918668356219625,0.0,0.001918668356219625,0.001918668356219625,1
HGNN,diagnostics,op,162,0.0018967317219170919,0.0,0.0018967317219170919,0.0018967317219170919,1
HGNN,diagnostics,op,163,0.001875070508542948,0.0,0.001875070508542948,0.001875070508542948,1
HGNN,diagnostics,op,164,0.0018536802997733259,0.0,0.0018536802997733259,0.0018536802997733259,1
HGNN,diagnostics,op,165,0.0018325567821604989,0.0,0.0018325567821604989,0.0018325567821604989,1
HGNN,diagnostics,op,166,0.0018116957419216466,0.0,0.0018116957419216466,0.0018116957419216466,1
HGNN,diagnostics,op,167,0.0017910930618428,0.0,0.0017910930618428,0.0017910930618428,1
HGNN,diagnostics,op,168,0.0017707447182935068,0.0,0.0017707447182935068,0.0017707447182935068,1
HGNN,diagnostics,op,169,0.0017506467783479608,0.0,0.0017506467783479608,0.0017506467783479608,1
HGNN,diagnostics,op,170,0.0017307953970084912,0.0,0.0017307953970084912,0.0017307953970084912,1
HGNN,diagnostics,op,171,0.0017111868145275064,0.0,0.0017111868145275064,0.0017111868145275064,1
HGNN,diagnostics,op,172,0.001691817353824126,0.0,0.001691817353824126,0.001691817353824126,1
HGNN,diagnostics,op,173,0.0016726834179919185,0.0,0.0016726834179919185,0.0016726834179919185,1
HGNN,diagnostics,op,174,0.0016537814878942654,0.0,0.0016537814878942654,0.0016537814878942654,1
HGNN,diagnostics,op,175,0.0016351081198440762,0.0,0.0016351081198440762,0.0016351081198440762,1
HGNN,diagnostics,op,176,0.0016166599433646445,0.0,0.0016166599433646445,0.0016166599433646445,1
HGNN,diagnostics,op,177,0.001598433659028619,0.0,0.001598433659028619,0.001598433659028619,1
HGNN,diagnostics,op,178,0.0015804260363721583,0.0,0.0015804260363721583,0.0015804260363721583,1
HGNN,diagnostics,op,179,0.0015626339118814557,0.0,0.0015626339118814557,0.0015626339118814557,1
HGNN,diagnostics,op,180,0.0015450541870489446,0.0,0.0015450541870489446,0.0015450541870489446,1
HGNN,diagnostics,op,181,0.0015276838264965994,0.0,0.0015276838264965994,0.0015276838264965994,1
HGNN,diagnostics,op,182,0.0015105198561638292,0.0,0.0015105198561638292,0.0015105198561638292,1
HGNN,diagnostics,op,183,0.0014935593615575877,0.0,0.0014935593615575877,0.0014935593615575877,1
HGNN,diagnostics,op,184,0.0014767994860624067,0.0,0.0014767994860624067,0.0014767994860624067,1
HGNN,diagnostics,op,185,0.0014602374293081327,0.0,0.0014602374293081327,0.0014602374293081327,1
HGNN,diagnostics,op,186,0.0014438704455932573,0.0,0.0014438704455932573,0.0014438704455932573,1
HGNN,diagnostics,op,187,0.0014276958423618052,0.0,0.0014276958423618052,0.0014276958423618052,1
HGNN,diagnostics,op,188,0.0014117109787318066,0.0,0.0014117109787318066,0.0014117109787318066,1
HGNN,diagnostics,op,189,0.001395913264073483,0.0,0.001395913264073483,0.001395913264073483,1
HGNN,diagnostics,op,190,0.0013803001566353305,0.0,0.0013803001566353305,0.0013803001566353305,1
HGNN,diagnostics,op,191,0.0013648691622163516,0.0,0.0013648691622163516,0.0013648691622163516,1
HGNN,diagnostics,op,192,0.001349617832882771,0.0,0.001349617832882771,0.001349617832882771,1
HGNN,diagnostics,op,193,0.0013345437657276088,0.0,0.0013345437657276088,0.0013345437657276088,1
HGNN,diagnostics,op,194,0.0013196446016715683,0.0,0.0013196446016715683,0.0013196446016715683,1
HGNN,diagnostics,op,195,0.0013049180243037415,0.0,0.0013049180243037415,0.0013049180243037415,1
HGNN,diagnostics,op,196,0.0012903617587606995,0.0,0.0012903617587606995,0.0012903617587606995,1
HGNN,diagnostics,op,197,0.0012759735706425785,0.0,0.0012759735706425785,0.0012759735706425785,1
HGNN,diagnostics,op,198,0.0012617512649648333,0.0,0.0012617512649648333,0.0012617512649648333,1
HGNN,diagnostics,op,199,0.0012476926851443786,0.0,0.0012476926851443786,0.0012476926851443786,1
HGNN,diagnostics,op,200,0.0012337957120188837,0.0,0.0012337957120188837,0.0012337957120188837,1
HGNN,diagnostics,op,201,0.001220058262898031,0.0,0.001220058262898031,0.001220058262898031,1
HGNN,diagnostics,op,202,0.0012064782906455922,0.0,0.0012064782906455922,0.0012064782906455922,1
HGNN,diagnostics,op,203,0.0011930537827912332,0.0,0.0011930537827912332,0.0011930537827912332,1
HGNN,diagnostics,op,204,0.001179782760670976,0.0,0.001179782760670976,0.001179782760670976,1
HGNN,diagnostics,op,205,0.0011666632785952936,0.0,0.0011666632785952936,0.0011666632785952936,1
HGNN,diagnostics,op,206,0.0011536934230438713,0.0,0.0011536934230438713,0.0011536934230438713,1
HGNN,diagnostics,op,207,0.001140871311886072,0.0,0.001140871311886072,0.001140871311886072,1
HGNN,diagnostics,op,208,0.0011281950936261951,0.0,0.0011281950936261951,0.0011281950936261951,1
HGNN,diagnostics,op,209,0.00111566294667266,0.0,0.00111566294667266,0.00111566294667266,1
HGNN,diagnostics,op,210,0.0011032730786302578,0.0,0.0011032730786302578,0.0011032730786302578,1
HGNN,diagnostics,op,211,0.0010910237256146571,0.0,0.0010910237256146571,0.0010910237256146571,1
HGNN,diagnostics,op,212,0.0010789131515883874,0.0,0.0010789131515883874,0.0010789131515883874,1
HGNN,diagnostics,op,213,0.0010669396477175283,0.0,0.0010669396477175283,0.0010669396477175283,1
HGNN,diagnostics,op,214,0.0010551015317483918,0.0,0.0010551015317483918,0.0010551015317483918,1
HGNN,diagnostics,op,215,0.00104339714740348,0.0,0.00104339714740348,0.00104339714740348,1
HGNN,diagnostics,op,216,0.001031824863796054,0.0,0.001031824863796054,0.001031824863796054,1
HGNN,diagnostics,op,217,0.0010203830748626535,0.0,0.0010203830748626535,0.0010203830748626535,1
HGNN,diagnostics,op,218,0.0010090701988129415,0.0,0.0010090701988129415,0.0010090701988129415,1
HGNN,diagnostics,op,219,0.0009978846775962693,0.0,0.0009978846775962693,0.0009978846775962693,1
HGNN,diagnostics,op,220,0.000986824976384378,0.0,0.000986824976384378,0.000986824976384378,1
HGNN,diagnostics,op,221,0.000975889583069672,0.0,0.000975889583069672,0.000975889583069672,1
HGNN,diagnostics,op,222,0.0009650770077785263,0.0,0.0009650770077785263,0.0009650770077785263,1
HGNN,diagnostics,op,223,0.0009543857823991011,0.0,0.0009543857823991011,0.0009543857823991011,1
HGNN,diagnostics,op,224,0.0009438144601231638,0.0,0.0009438144601231638,0.0009438144601231638,1
HGNN,diagnostics,op,225,0.0009333616150014329,0.0,0.0009333616150014329,0.0009333616150014329,1
HGNN,diagnostics,op,226,0.0009230258415119716,0.0,0.0009230258415119716,0.0009230258415119716,1
HGNN,diagnostics,op,227,0.0009128057541411903,0.0,0.0009128057541411903,0.0009128057541411903,1
HGNN,diagnostics,op,228,0.0009026999869770112,0.0,0.0009026999869770112,0.0009026999869770112,1
HGNN,diagnostics,op,229,0.000892707193313789,0.0,0.000892707193313789,0.000892707193313789,1
HGNN,diagnostics,op,230,0.0008828260452685726,0.0,0.0008828260452685726,0.0008828260452685726,1
HGNN,diagnostics,op,231,0.0008730552334083297,0.0,0.0008730552334083297,0.0008730552334083297,1
HGNN,diagnostics,op,232,0.0008633934663877478,0.0,0.0008633934663877478,0.0008633934663877478,1
HGNN,diagnostics,op,233,0.0008538394705972646,0.0,0.0008538394705972646,0.0008538394705972646,1
HGNN,diagnostics,op,234,0.0008443919898209638,0.0,0.0008443919898209638,0.0008443919898209638,1
HGNN,diagnostics,op,235,0.0008350497849040144,0.0,0.0008350497849040144,0.0008350497849040144,1
HGNN,diagnostics,op,236,0.0008258116334293186,0.0,0.0008258116334293186,0.0008258116334293186,1
HGNN,diagnostics,op,237,0.0008166763294030668,0.0,0.0008166763294030668,0.0008166763294030668,1
HGNN,diagnostics,op,238,0.0008076426829488879,0.0,0.0008076426829488879,0.0008076426829488879,1
HGNN,diagnostics,op,239,0.0007987095200103162,0.0,0.0007987095200103162,0.0007987095200103162,1
HGNN,diagnostics,op,240,0.0007898756820612856,0.0,0.0007898756820612856,0.0007898756820612856,1
HGNN,diagnostics,op,241,0.0007811400258243894,0.0,0.0007811400258243894,0.0007811400258243894,1
HGNN,diagnostics,op,242,0.0007725014229966379,0.0,0.0007725014229966379,0.0007725014229966379,1
HGNN,diagnostics,op,243,0.0007639587599824741,0.0,0.0007639587599824741,0.0007639587599824741,1
HGNN,diagnostics,op,244,0.0007555109376337951,0.0,0.0007555109376337951,0.0007555109376337951,1
HGNN,diagnostics,op,245,0.0007471568709967517,0.0,0.0007471568709967517,0.0007471568709967517,1
HGNN,diagnostics,op,246,0.0007388954890651055,0.0,0.0007388954890651055,0.0007388954890651055,1
HGNN,diagnostics,op,247,0.0007307257345399165,0.0,0.0007307257345399165,0.0007307257345399165,1
HGNN,diagnostics,op,248,0.0007226465635953645,0.0,0.0007226465635953645,0.0007226465635953645,1
HGNN,diagnostics,op,249,0.0007146569456504949,0.0,0.0007146569456504949,0.0007146569456504949,1
HGNN,diagnostics,op,250,0.000706755863146698,0.0,0.000706755863146698,0.000706755863146698,1
HGNN,diagnostics,op,251,0.000698942311330736,0.0,0.000698942311330736,0.000698942311330736,1
HGNN,diagnostics,op,252,0.0006912152980431332,0.0,0.0006912152980431332,0.0006912152980431332,1
HGNN,diagnostics,op,253,0.0006835738435117609,0.0,0.0006835738435117609,0.0006835738435117609,1
HGNN,diagnostics,op,254,0.0006760169801504458,0.0,0.0006760169801504458,0.0006760169801504458,1
HGNN,diagnostics,op,255,0.0006685437523624391,0.0,0.0006685437523624391,0.0006685437523624391,1
HGNN,diagnostics,op,256,0.0006611532163485952,0.0,0.0006611532163485952,0.0006611532163485952,1
HGNN,restart,base,0,1.0,0.0,1.0,1.0,1
HGNN,restart,base,1,0.17741925098522418,0.0,0.17741925098522418,0.17741925098522418,1
HGNN,restart,base,2,0.066547907930965,0.0,0.066547907930965,0.066547907930965,1
HGNN,restart,base,3,0.03733177195388743,0.0,0.03733177195388743,0.03733177195388743,1
HGNN,restart,base,4,0.024865807811246986,0.0,0.024865807811246986,0.024865807811246986,1
HGNN,restart,base,5,0.018102564921729722,0.0,0.018102564921729722,0.018102564921729722,1
HGNN,restart,base,6,0.013920396590784805,0.0,0.013920396590784805,0.013920396590784805,1
HGNN,restart,base,7,0.01110709537132453,0.0,0.01110709537132453,0.01110709537132453,1
HGNN,restart,base,8,0.00909947281262977,0.0,0.00909947281262977,0.00909947281262977,1
HGNN,restart,base,9,0.007603640717765852,0.0,0.007603640717765852,0.007603640717765852,1
HGNN,restart,base,10,0.006452541550579775,0.0,0.006452541550579775,0.006452541550579775,1
HGNN,restart,base,11,0.005544576267812559,0.0,0.005544576267812559,0.005544576267812559,1
HGNN,restart,base,12,0.00481444704081186,0.0,0.00481444704081186,0.00481444704081186,1
HGNN,restart,base,13,0.004218218993722362,0.0,0.004218218993722362,0.004218218993722362,1
HGNN,restart,base,14,0.003725181052731884,0.0,0.003725181052731884,0.003725181052731884,1
HGNN,restart,base,15,0.003313173129931872,0.0,0.003313173129931872,0.003313173129931872,1
HGNN,restart,base,16,0.002965777781699948,0.0,0.002965777781699948,0.002965777781699948,1
HGNN,restart,base,17,0.002670562419068682,0.0,0.002670562419068682,0.002670562419068682,1
HGNN,restart,base,18,0.0024179384697596285,0.0,0.0024179384697596285,0.0024179384697596285,1
HGNN,restart,base,19,0.002200396681684223,0.0,0.002200396681684223,0.002200396681684223,1
HGNN,restart,base,20,0.002011979706693629,0.0,0.002011979706693629,0.002011979706693629,1
HGNN,restart,base,21,0.0018479090818838253,0.0,0.0018479090818838253,0.0018479090818838253,1
HGNN,restart,base,22,0.0017043155355952841,0.0,0.0017043155355952841,0.0017043155355952841,1
HGNN,restart,base,23,0.001578040205641217,0.0,0.001578040205641217,0.001578040205641217,1
HGNN,restart,base,24,0.0014664856346191953,0.0,0.0014664856346191953,0.0014664856346191953,1
HGNN,restart,base,25,0.0013675024151776885,0.0,0.0013675024151776885,0.0013675024151776885,1
HGNN,restart,base,26,0.0012793018277442003,0.0,0.0012793018277442003,0.0012793018277442003,1
HGNN,restart,base,27,0.001200387733342459,0.0,0.001200387733342459,0.001200387733342459,1
HGNN,restart,base,28,0.0011295029345629478,0.0,0.0011295029345629478,0.0011295029345629478,1
HGNN,restart,base,29,0.001065586547060899,0.0,0.001065586547060899,0.001065586547060899,1
HGNN,restart,base,30,0.0010077398467043298,0.0,0.0010077398467043298,0.0010077398467043298,1
HGNN,restart,base,31,0.000955198708771681,0.0,0.000955198708771681,0.000955198708771681,1
HGNN,restart,base,32,0.0009073112222726114,0.0,0.0009073112222726114,0.0009073112222726114,1
HGNN,restart,base,33,0.0008635194015043512,0.0,0.0008635194015043512,0.0008635194015043512,1
HGNN,restart,base,34,0.0008233441664010972,0.0,0.0008233441664010972,0.0008233441664010972,1
HGNN,restart,base,35,0.0007863729489122302,0.0,0.0007863729489122302,0.0007863729489122302,1
HGNN,restart,base,36,0.0007522494223580567,0.0,0.0007522494223580567,0.0007522494223580567,1
HGNN,restart,base,37,0.0007206649568996682,0.0,0.0007206649568996682,0.0007206649568996682,1
HGNN,restart,base,38,0.000691351485726715,0.0,0.000691351485726715,0.000691351485726715,1
HGNN,restart,base,39,0.0006640755296177688,0.0,0.0006640755296177688,0.0006640755296177688,1
HGNN,restart,base,40,0.0006386331767257957,0.0,0.0006386331767257957,0.0006386331767257957,1
HGNN,restart,base,41,0.0006148458531231963,0.0,0.0006148458531231963,0.0006148458531231963,1
HGNN,restart,base,42,0.0005925567502706095,0.0,0.0005925567502706095,0.0005925567502706095,1
HGNN,restart,base,43,0.0005716277999871557,0.0,0.0005716277999871557,0.0005716277999871557,1
HGNN,restart,base,44,0.0005519371070769571,0.0,0.0005519371070769571,0.0005519371070769571,1
HGNN,restart,base,45,0.0005333767655536676,0.0,0.0005333767655536676,0.0005333767655536676,1
HGNN,restart,base,46,0.0005158509972007665,0.0,0.0005158509972007665,0.0005158509972007665,1
HGNN,restart,base,47,0.0004992745616260311,0.0,0.0004992745616260311,0.0004992745616260311,1
HGNN,restart,base,48,0.00048357139549151196,0.0,0.00048357139549151196,0.00048357139549151196,1
HGNN,restart,base,49,0.0004686734455985594,0.0,0.0004686734455985594,0.0004686734455985594,1
HGNN,restart,base,50,0.0004545196662744289,0.0,0.0004545196662744289,0.0004545196662744289,1
HGNN,restart,base,51,0.0004410551562749978,0.0,0.0004410551562749978,0.0004410551562749978,1
HGNN,restart,base,52,0.00042823041437204025,0.0,0.00042823041437204025,0.00042823041437204025,1
HGNN,restart,base,53,0.0004160006960813654,0.0,0.0004160006960813654,0.0004160006960813654,1
HGNN,restart,base,54,0.00040432545672904985,0.0,0.00040432545672904985,0.00040432545672904985,1
HGNN,restart,base,55,0.0003931678683432916,0.0,0.0003931678683432916,0.0003931678683432916,1
HGNN,restart,base,56,0.0003824943997772949,0.0,0.0003824943997772949,0.0003824943997772949,1
HGNN,restart,base,57,0.0003722744510778313,0.0,0.0003722744510778313,0.0003722744510778313,1
HGNN,restart,base,58,0.0003624800344669245,0.0,0.0003624800344669245,0.0003624800344669245,1
HGNN,restart,base,59,0.0003530854954433079,0.0,0.0003530854954433079,0.0003530854954433079,1
HGNN,restart,base,60,0.00034406726847124235,0.0,0.00034406726847124235,0.00034406726847124235,1
HGNN,restart,base,61,0.0003354036625361163,0.0,0.0003354036625361163,0.0003354036625361163,1
HGNN,restart,base,62,0.00032707467253314474,0.0,0.00032707467253314474,0.00032707467253314474,1
HGNN,restart,base,63,0.00031906181303750666,0.0,0.00031906181303750666,0.00031906181303750666,1
HGNN,restart,base,64,0.0003113479714981131,0.0,0.0003113479714981131,0.0003113479714981131,1
HGNN,restart,base,65,0.00030391727831678917,0.0,0.00030391727831678917,0.00030391727831678917,1
HGNN,restart,base,66,0.0002967549916316438,0.0,0.0002967549916316438,0.0002967549916316438,1
HGNN,restart,base,67,0.0002898473949274973,0.0,0.0002898473949274973,0.0002898473949274973,1
HGNN,restart,base,68,0.0002831817058556264,0.0,0.0002831817058556264,0.0002831817058556264,1
HGNN,restart,base,69,0.0002767459948666128,0.0,0.0002767459948666128,0.0002767459948666128,1
HGNN,restart,base,70,0.00027052911244950797,0.0,0.00027052911244950797,0.00027052911244950797,1
HGNN,restart,base,71,0.0002645206239327133,0.0,0.0002645206239327133,0.0002645206239327133,1
HGNN,restart,base,72,0.0002587107509410059,0.0,0.0002587107509410059,0.0002587107509410059,1
HGNN,restart,base,73,0.00025309031872247444,0.0,0.00025309031872247444,0.00025309031872247444,1
HGNN,restart,base,74,0.00024765070866169397,0.0,0.00024765070866169397,0.00024765070866169397,1
HGNN,restart,base,75,0.00024238381538371033,0.0,0.00024238381538371033,0.00024238381538371033,1
HGNN,restart,base,76,0.00023728200792945495,0.0,0.00023728200792945495,0.00023728200792945495,1
HGNN,restart,base,77,0.0002323380945488043,0.0,0.0002323380945488043,0.0002323380945488043,1
HGNN,restart,base,78,0.00022754529071417463,0.0,0.00022754529071417463,0.00022754529071417463,1
HGNN,restart,base,79,0.00022289719000656124,0.0,0.00022289719000656124,0.00022289719000656124,1
HGNN,restart,base,80,0.0002183877375683958,0.0,0.0002183877375683958,0.0002183877375683958,1
HGNN,restart,base,81,0.00021401120585442667,0.0,0.00021401120585442667,0.00021401120585442667,1
HGNN,restart,base,82,0.00020976217244381774,0.0,0.00020976217244381774,0.00020976217244381774,1
HGNN,restart,base,83,0.00020563549970448885,0.0,0.00020563549970448885,0.00020563549970448885,1
HGNN,restart,base,84,0.00020162631612495905,0.0,0.00020162631612495905,0.00020162631612495905,1
HGNN,restart,base,85,0.00019772999915010096,0.0,0.00019772999915010096,0.00019772999915010096,1
HGNN,restart,base,86,0.00019394215937568394,0.0,0.00019394215937568394,0.00019394215937568394,1
HGNN,restart,base,87,0.00019025862597274988,0.0,0.00019025862597274988,0.00019025862597274988,1
HGNN,restart,base,88,0.00018667543322702565,0.0,0.00018667543322702565,0.00018667543322702565,1
HGNN,restart,base,89,0.00018318880809100645,0.0,0.00018318880809100645,0.00018318880809100645,1
HGNN,restart,base,90,0.00017979515865726884,0.0,0.00017979515865726884,0.00017979515865726884,1
HGNN,restart,base,91,0.0001764910634711924,0.0,0.0001764910634711924,0.0001764910634711924,1
HGNN,restart,base,92,0.00017327326160974487,0.0,0.00017327326160974487,0.00017327326160974487,1
HGNN,restart,base,93,0.00017013864346048101,0.0,0.00017013864346048101,0.00017013864346048101,1
HGNN,restart,base,94,0.0001670842421415251,0.0,0.0001670842421415251,0.0001670842421415251,1
HGNN,restart,base,95,0.00016410722550918067,0.0,0.00016410722550918067,0.00016410722550918067,1
HGNN,restart,base,96,0.0001612048887050166,0.0,0.0001612048887050166,0.0001612048887050166,1
HGNN,restart,base,97,0.0001583746471989126,0.0,0.0001583746471989126,0.0001583746471989126,1
HGNN,restart,base,98,0.00015561403028866366,0.0,0.00015561403028866366,0.00015561403028866366,1
HGNN,restart,base,99,0.0001529206750204248,0.0,0.0001529206750204248,0.0001529206750204248,1
HGNN,restart,base,100,0.00015029232049755496,0.0,0.00015029232049755496,0.00015029232049755496,1
HGNN,restart,base,101,0.00014772680254835965,0.0,0.00014772680254835965,0.00014772680254835965,1
HGNN,restart,base,102,0.00014522204872586145,0.0,0.00014522204872586145,0.00014522204872586145,1
HGNN,restart,base,103,0.00014277607361508937,0.0,0.00014277607361508937,0.00014277607361508937,1
HGNN,restart,base,104,0.0001403869744255019,0.0,0.0001403869744255019,0.0001403869744255019,1
HGNN,restart,base,105,0.00013805292684806761,0.0,0.00013805292684806761,0.00013805292684806761,1
HGNN,restart,base,106,0.00013577218115825185,0.0,0.00013577218115825185,0.00013577218115825185,1
HGNN,restart,base,107,0.00013354305854771194,0.0,0.00013354305854771194,0.00013354305854771194,1
HGNN,restart,base,108,0.00013136394766891202,0.0,0.00013136394766891202,0.00013136394766891202,1
HGNN,restart,base,109,0.0001292333013781406,0.0,0.0001292333013781406,0.0001292333013781406,1
HGNN,restart,base,110,0.00012714963366357057,0.0,0.00012714963366357057,0.00012714963366357057,1
HGNN,restart,base,111,0.00012511151674605034,0.0,0.00012511151674605034,0.00012511151674605034,1
HGNN,restart,base,112,0.00012311757834126868,0.0,0.00012311757834126868,0.00012311757834126868,1
HGNN,restart,base,113,0.00012116649907280503,0.0,0.00012116649907280503,0.00012116649907280503,1
HGNN,restart,base,114,0.00011925701002636872,0.0,0.00011925701002636872,0.00011925701002636872,1
HGNN,restart,base,115,0.00011738789043625471,0.0,0.00011738789043625471,0.00011738789043625471,1
HGNN,restart,base,116,0.00011555796549570444,0.0,0.00011555796549570444,0.00011555796549570444,1
HGNN,restart,base,117,0.00011376610428346478,0.0,0.00011376610428346478,0.00011376610428346478,1
HGNN,restart,base,118,0.00011201121779939305,0.0,0.00011201121779939305,0.00011201121779939305,1
HGNN,restart,base,119,0.00011029225710246522,0.0,0.00011029225710246522,0.00011029225710246522,1
HGNN,restart,base,120,0.00010860821154501097,0.0,0.00010860821154501097,0.00010860821154501097,1
HGNN,restart,base,121,0.00010695810709742823,0.0,0.00010695810709742823,0.00010695810709742823,1
HGNN,restart,base,122,0.0001053410047580264,0.0,0.0001053410047580264,0.0001053410047580264,1
HGNN,restart,base,123,0.00010375599904301054,0.0,0.00010375599904301054,0.00010375599904301054,1
HGNN,restart,base,124,0.00010220221655195468,0.0,0.00010220221655195468,0.00010220221655195468,1
HGNN,restart,base,125,0.00010067881460442335,0.0,0.00010067881460442335,0.00010067881460442335,1
HGNN,restart,base,126,9.918497994368474e-05,0.0,9.918497994368474e-05,9.918497994368474e-05,1
HGNN,restart,base,127,9.771992750372663e-05,0.0,9.771992750372663e-05,9.771992750372663e-05,1
HGNN,restart,base,128,9.628289923602848e-05,0.0,9.628289923602848e-05,9.628289923602848e-05,1
HGNN,restart,base,129,9.487316299277216e-05,0.0,9.487316299277216e-05,9.487316299277216e-05,1
HGNN,restart,base,130,9.349001146338325e-05,0.0,9.349001146338325e-05,9.349001146338325e-05,1
HGNN,restart,base,131,9.213276116149086e-05,0.0,9.213276116149086e-05,9.213276116149086e-05,1
HGNN,restart,base,132,9.080075145957455e-05,0.0,9.080075145957455e-05,9.080075145957455e-05,1
HGNN,restart,base,133,8.949334366873651e-05,0.0,8.949334366873651e-05,8.949334366873651e-05,1
HGNN,restart,base,134,8.820992016119288e-05,0.0,8.820992016119288e-05,8.820992016119288e-05,1
HGNN,restart,base,135,8.694988353322497e-05,0.0,8.694988353322497e-05,8.694988353322497e-05,1
HGNN,restart,base,136,8.571265580646611e-05,0.0,8.571265580646611e-05,8.571265580646611e-05,1
HGNN,restart,base,137,8.449767766552712e-05,0.0,8.449767766552712e-05,8.449767766552712e-05,1
HGNN,restart,base,138,8.330440773008152e-05,0.0,8.330440773008152e-05,8.330440773008152e-05,1
HGNN,restart,base,139,8.213232185964121e-05,0.0,8.213232185964121e-05,8.213232185964121e-05,1
HGNN,restart,base,140,8.098091248935693e-05,0.0,8.098091248935693e-05,8.098091248935693e-05,1
HGNN,restart,base,141,7.984968799527333e-05,0.0,7.984968799527333e-05,7.984968799527333e-05,1
HGNN,restart,base,142,7.873817208755912e-05,0.0,7.873817208755912e-05,7.873817208755912e-05,1
HGNN,restart,base,143,7.764590323031595e-05,0.0,7.764590323031595e-05,7.764590323031595e-05,1
HGNN,restart,base,144,7.657243408664906e-05,0.0,7.657243408664906e-05,7.657243408664906e-05,1
HGNN,restart,base,145,7.551733098775617e-05,0.0,7.551733098775617e-05,7.551733098775617e-05,1
HGNN,restart,base,146,7.448017342486023e-05,0.0,7.448017342486023e-05,7.448017342486023e-05,1
HGNN,restart,base,147,7.346055356287606e-05,0.0,7.346055356287606e-05,7.346055356287606e-05,1
HGNN,restart,base,148,7.245807577476205e-05,0.0,7.245807577476205e-05,7.245807577476205e-05,1
HGNN,restart,base,149,7.147235619556505e-05,0.0,7.147235619556505e-05,7.147235619556505e-05,1
HGNN,restart,base,150,7.050302229521969e-05,0.0,7.050302229521969e-05,7.050302229521969e-05,1
HGNN,restart,base,151,6.954971246921394e-05,0.0,6.954971246921394e-05,6.954971246921394e-05,1
HGNN,restart,base,152,6.861207564628002e-05,0.0,6.861207564628002e-05,6.861207564628002e-05,1
HGNN,restart,base,153,6.768977091231416e-05,0.0,6.768977091231416e-05,6.768977091231416e-05,1
HGNN,restart,base,154,6.678246714976997e-05,0.0,6.678246714976997e-05,6.678246714976997e-05,1
HGNN,restart,base,155,6.588984269181058e-05,0.0,6.588984269181058e-05,6.588984269181058e-05,1
HGNN,restart,base,156,6.501158499054073e-05,0.0,6.501158499054073e-05,6.501158499054073e-05,1
HGNN,restart,base,157,6.414739029867533e-05,0.0,6.414739029867533e-05,6.414739029867533e-05,1
HGNN,restart,base,158,6.329696336403397e-05,0.0,6.329696336403397e-05,6.329696336403397e-05,1
HGNN,restart,base,159,6.246001713628157e-05,0.0,6.246001713628157e-05,6.246001713628157e-05,1
HGNN,restart,base,160,6.163627248536491e-05,0.0,6.163627248536491e-05,6.163627248536491e-05,1
HGNN,restart,base,161,6.082545793112219e-05,0.0,6.082545793112219e-05,6.082545793112219e-05,1
HGNN,restart,base,162,6.002730938356844e-05,0.0,6.002730938356844e-05,6.002730938356844e-05,1
HGNN,restart,base,163,5.924156989338556e-05,0.0,5.924156989338556e-05,5.924156989338556e-05,1
HGNN,restart,base,164,5.8467989412166943e-05,0.0,5.8467989412166943e-05,5.8467989412166943e-05,1
HGNN,restart,base,165,5.77063245619905e-05,0.0,5.77063245619905e-05,5.77063245619905e-05,1
HGNN,restart,base,166,5.6956338413913464e-05,0.0,5.6956338413913464e-05,5.6956338413913464e-05,1
HGNN,restart,base,167,5.621780027500269e-05,0.0,5.621780027500269e-05,5.621780027500269e-05,1
HGNN,restart,base,168,5.54904854835322e-05,0.0,5.54904854835322e-05,5.54904854835322e-05,1
HGNN,restart,base,169,5.4774175211997825e-05,0.0,5.4774175211997825e-05,5.4774175211997825e-05,1
HGNN,restart,base,170,5.4068656277615075e-05,0.0,5.4068656277615075e-05,5.4068656277615075e-05,1
HGNN,restart,base,171,5.337372095998235e-05,0.0,5.337372095998235e-05,5.337372095998235e-05,1
HGNN,restart,base,172,5.268916682560635e-05,0.0,5.268916682560635e-05,5.268916682560635e-05,1
HGNN,restart,base,173,5.201479655900132e-05,0.0,5.201479655900132e-05,5.201479655900132e-05,1
HGNN,restart,base,174,5.135041780008581e-05,0.0,5.135041780008581e-05,5.135041780008581e-05,1
HGNN,restart,base,175,5.069584298761549e-05,0.0,5.069584298761549e-05,5.069584298761549e-05,1
HGNN,restart,base,176,5.0050889208400444e-05,0.0,5.0050889208400444e-05,5.0050889208400444e-05,1
HGNN,restart,base,177,4.9415378052068356e-05,0.0,4.9415378052068356e-05,4.9415378052068356e-05,1
HGNN,restart,base,178,4.878913547114548e-05,0.0,4.878913547114548e-05,4.878913547114548e-05,1
HGNN,restart,base,179,4.8171991646237066e-05,0.0,4.8171991646237066e-05,4.8171991646237066e-05,1
HGNN,restart,base,180,4.75637808560998e-05,0.0,4.75637808560998e-05,4.75637808560998e-05,1
HGNN,restart,base,181,4.69643413524073e-05,0.0,4.69643413524073e-05,4.69643413524073e-05,1
HGNN,restart,base,182,4.637351523901877e-05,0.0,4.637351523901877e-05,4.637351523901877e-05,1
HGNN,restart,base,183,4.579114835556969e-05,0.0,4.579114835556969e-05,4.579114835556969e-05,1
HGNN,restart,base,184,4.521709016521114e-05,0.0,4.521709016521114e-05,4.521709016521114e-05,1
HGNN,restart,base,185,4.465119364633201e-05,0.0,4.465119364633201e-05,4.465119364633201e-05,1
HGNN,restart,base,186,4.409331518810575e-05,0.0,4.409331518810575e-05,4.409331518810575e-05,1
HGNN,restart,base,187,4.354331448971019e-05,0.0,4.354331448971019e-05,4.354331448971019e-05,1
HGNN,restart,base,188,4.300105446307534e-05,0.0,4.300105446307534e-05,4.300105446307534e-05,1
HGNN,restart,base,189,4.246640113902078e-05,0.0,4.246640113902078e-05,4.246640113902078e-05,1
HGNN,restart,base,190,4.1939223576649855e-05,0.0,4.1939223576649855e-05,4.1939223576649855e-05,1
HGNN,restart,base,191,4.1419393775873594e-05,0.0,4.1419393775873594e-05,4.1419393775873594e-05,1
HGNN,restart,base,192,4.0906786592943136e-05,0.0,4.0906786592943136e-05,4.0906786592943136e-05,1
HGNN,restart,base,193,4.040127965887394e-05,0.0,4.040127965887394e-05,4.040127965887394e-05,1
HGNN,restart,base,194,3.9902753300650555e-05,0.0,3.9902753300650555e-05,3.9902753300650555e-05,1
HGNN,restart,base,195,3.94110904651051e-05,0.0,3.94110904651051e-05,3.94110904651051e-05,1
HGNN,restart,base,196,3.892617664536741e-05,0.0,3.892617664536741e-05,3.892617664536741e-05,1
HGNN,restart,base,197,3.844789980978868e-05,0.0,3.844789980978868e-05,3.844789980978868e-05,1
HGNN,restart,base,198,3.79761503332448e-05,0.0,3.79761503332448e-05,3.79761503332448e-05,1
HGNN,restart,base,199,3.751082093072945e-05,0.0,3.751082093072945e-05,3.751082093072945e-05,1
HGNN,restart,base,200,3.7051806593150745e-05,0.0,3.7051806593150745e-05,3.7051806593150745e-05,1
HGNN,restart,base,201,3.6599004525248665e-05,0.0,3.6599004525248665e-05,3.6599004525248665e-05,1
HGNN,restart,base,202,3.615231408555383e-05,0.0,3.615231408555383e-05,3.615231408555383e-05,1
HGNN,restart,base,203,3.57116367283121e-05,0.0,3.57116367283121e-05,3.57116367283121e-05,1
HGNN,restart,base,204,3.527687594730152e-05,0.0,3.527687594730152e-05,3.527687594730152e-05,1
HGNN,restart,base,205,3.48479372214717e-05,0.0,3.48479372214717e-05,3.48479372214717e-05,1
HGNN,restart,base,206,3.4424727962338915e-05,0.0,3.4424727962338915e-05,3.4424727962338915e-05,1
HGNN,restart,base,207,3.4007157463072036e-05,0.0,3.4007157463072036e-05,3.4007157463072036e-05,1
HGNN,restart,base,208,3.35951368492076e-05,0.0,3.35951368492076e-05,3.35951368492076e-05,1
HGNN,restart,base,209,3.31885790309348e-05,0.0,3.31885790309348e-05,3.31885790309348e-05,1
HGNN,restart,base,210,3.278739865689323e-05,0.0,3.278739865689323e-05,3.278739865689323e-05,1
HGNN,restart,base,211,3.239151206942868e-05,0.0,3.239151206942868e-05,3.239151206942868e-05,1
HGNN,restart,base,212,3.200083726125456e-05,0.0,3.200083726125456e-05,3.200083726125456e-05,1
HGNN,restart,base,213,3.161529383346835e-05,0.0,3.161529383346835e-05,3.161529383346835e-05,1
HGNN,restart,base,214,3.123480295487467e-05,0.0,3.123480295487467e-05,3.123480295487467e-05,1
HGNN,restart,base,215,3.085928732256835e-05,0.0,3.085928732256835e-05,3.085928732256835e-05,1
HGNN,restart,base,216,3.0488671123732817e-05,0.0,3.0488671123732817e-05,3.0488671123732817e-05,1
HGNN,restart,base,217,3.012287999861067e-05,0.0,3.012287999861067e-05,3.012287999861067e-05,1
HGNN,restart,base,218,2.976184100460519e-05,0.0,2.976184100460519e-05,2.976184100460519e-05,1
HGNN,restart,base,219,2.9405482581473098e-05,0.0,2.9405482581473098e-05,2.9405482581473098e-05,1
HGNN,restart,base,220,2.9053734517570293e-05,0.0,2.9053734517570293e-05,2.9053734517570293e-05,1
HGNN,restart,base,221,2.8706527917113818e-05,0.0,2.8706527917113818e-05,2.8706527917113818e-05,1
HGNN,restart,base,222,2.8363795168424828e-05,0.0,2.8363795168424828e-05,2.8363795168424828e-05,1
HGNN,restart,base,223,2.80254699131186e-05,0.0,2.80254699131186e-05,2.80254699131186e-05,1
HGNN,restart,base,224,2.769148701620874e-05,0.0,2.769148701620874e-05,2.769148701620874e-05,1
HGNN,restart,base,225,2.7361782537094495e-05,0.0,2.7361782537094495e-05,2.7361782537094495e-05,1
HGNN,restart,base,226,2.7036293701400555e-05,0.0,2.7036293701400555e-05,2.7036293701400555e-05,1
HGNN,restart,base,227,2.6714958873640647e-05,0.0,2.6714958873640647e-05,2.6714958873640647e-05,1
HGNN,restart,base,228,2.6397717530676515e-05,0.0,2.6397717530676515e-05,2.6397717530676515e-05,1
HGNN,restart,base,229,2.60845102359458e-05,0.0,2.60845102359458e-05,2.60845102359458e-05,1
HGNN,restart,base,230,2.577527861443244e-05,0.0,2.577527861443244e-05,2.577527861443244e-05,1
HGNN,restart,base,231,2.5469965328355032e-05,0.0,2.5469965328355032e-05,2.5469965328355032e-05,1
HGNN,restart,base,232,2.5168514053548792e-05,0.0,2.5168514053548792e-05,2.5168514053548792e-05,1
HGNN,restart,base,233,2.4870869456518217e-05,0.0,2.4870869456518217e-05,2.4870869456518217e-05,1
HGNN,restart,base,234,2.4576977172138043e-05,0.0,2.4576977172138043e-05,2.4576977172138043e-05,1
HGNN,restart,base,235,2.4286783781981047e-05,0.0,2.4286783781981047e-05,2.4286783781981047e-05,1
HGNN,restart,base,236,2.4000236793252057e-05,0.0,2.4000236793252057e-05,2.4000236793252057e-05,1
HGNN,restart,base,237,2.3717284618308244e-05,0.0,2.3717284618308244e-05,2.3717284618308244e-05,1
HGNN,restart,base,238,2.3437876554746518e-05,0.0,2.3437876554746518e-05,2.3437876554746518e-05,1
HGNN,restart,base,239,2.3161962766039493e-05,0.0,2.3161962766039493e-05,2.3161962766039493e-05,1
HGNN,restart,base,240,2.28894942627023e-05,0.0,2.28894942627023e-05,2.28894942627023e-05,1
HGNN,restart,base,241,2.262042288397301e-05,0.0,2.262042288397301e-05,2.262042288397301e-05,1
HGNN,restart,base,242,2.235470127999006e-05,0.0,2.235470127999006e-05,2.235470127999006e-05,1
HGNN,restart,base,243,2.2092282894450993e-05,0.0,2.2092282894450993e-05,2.2092282894450993e-05,1
HGNN,restart,base,244,2.1833121947736745e-05,0.0,2.1833121947736745e-05,2.1833121947736745e-05,1
HGNN,restart,base,245,2.1577173420486952e-05,0.0,2.1577173420486952e-05,2.1577173420486952e-05,1
HGNN,restart,base,246,2.1324393037611905e-05,0.0,2.1324393037611905e-05,2.1324393037611905e-05,1
HGNN,restart,base,247,2.1074737252727246e-05,0.0,2.1074737252727246e-05,2.1074737252727246e-05,1
HGNN,restart,base,248,2.0828163232998276e-05,0.0,2.0828163232998276e-05,2.0828163232998276e-05,1
HGNN,restart,base,249,2.058462884438089e-05,0.0,2.058462884438089e-05,2.058462884438089e-05,1
HGNN,restart,base,250,2.0344092637246914e-05,0.0,2.0344092637246914e-05,2.0344092637246914e-05,1
HGNN,restart,base,251,2.010651383238173e-05,0.0,2.010651383238173e-05,2.010651383238173e-05,1
HGNN,restart,base,252,1.98718523073428e-05,0.0,1.98718523073428e-05,1.98718523073428e-05,1
HGNN,restart,base,253,1.9640068583167908e-05,0.0,1.9640068583167908e-05,1.9640068583167908e-05,1
HGNN,restart,base,254,1.9411123811422395e-05,0.0,1.9411123811422395e-05,1.9411123811422395e-05,1
HGNN,restart,base,255,1.9184979761574993e-05,0.0,1.9184979761574993e-05,1.9184979761574993e-05,1
HGNN,restart,base,256,1.8961598808692315e-05,0.0,1.8961598808692315e-05,1.8961598808692315e-05,1
HGNN,restart,restart,0,1.0,0.0,1.0,1.0,1
HGNN,restart,restart,1,0.222102999881125,0.0,0.222102999881125,0.222102999881125,1
HGNN,restart,restart,2,0.10539259287182164,0.0,0.10539259287182164,0.10539259287182164,1
HGNN,restart,restart,3,0.07205125846321786,0.0,0.07205125846321786,0.07205125846321786,1
HGNN,restart,restart,4,0.05815777705746096,0.0,0.05815777705746096,0.05815777705746096,1
HGNN,restart,restart,5,0.051039573748966845,0.0,0.051039573748966845,0.051039573748966845,1
HGNN,restart,restart,6,0.04689892454492013,0.0,0.04689892454492013,0.04689892454492013,1
HGNN,restart,restart,7,0.04428223258054721,0.0,0.04428223258054721,0.04428223258054721,1
HGNN,restart,restart,8,0.042532388233951154,0.0,0.042532388233951154,0.042532388233951154,1
HGNN,restart,restart,9,0.04131377527151987,0.0,0.04131377527151987,0.04131377527151987,1
HGNN,restart,restart,10,0.040438855031538205,0.0,0.040438855031538205,0.040438855031538205,1
HGNN,restart,restart,11,0.039795595212156594,0.0,0.039795595212156594,0.039795595212156594,1
HGNN,restart,restart,12,0.03931357400816349,0.0,0.03931357400816349,0.03931357400816349,1
HGNN,restart,restart,13,0.0389467156440553,0.0,0.0389467156440553,0.0389467156440553,1
HGNN,restart,restart,14,0.038663879075863945,0.0,0.038663879075863945,0.038663879075863945,1
HGNN,restart,restart,15,0.038443443349333764,0.0,0.038443443349333764,0.038443443349333764,1
HGNN,restart,restart,16,0.03827005286583762,0.0,0.03827005286583762,0.03827005286583762,1
HGNN,restart,restart,17,0.03813258843874592,0.0,0.03813258843874592,0.03813258843874592,1
HGNN,restart,restart,18,0.03802286285581886,0.0,0.03802286285581886,0.03802286285581886,1
HGNN,restart,restart,19,0.03793475964064862,0.0,0.03793475964064862,0.03793475964064862,1
HGNN,restart,restart,20,0.037863651065441664,0.0,0.037863651065441664,0.037863651065441664,1
HGNN,restart,restart,21,0.03780599671058692,0.0,0.03780599671058692,0.03780599671058692,1
HGNN,restart,restart,22,0.037759061443649634,0.0,0.037759061443649634,0.037759061443649634,1
HGNN,restart,restart,23,0.03772071400946121,0.0,0.03772071400946121,0.03772071400946121,1
HGNN,restart,restart,24,0.037689281042102875,0.0,0.037689281042102875,0.037689281042102875,1
HGNN,restart,restart,25,0.037663439821019,0.0,0.037663439821019,0.037663439821019,1
HGNN,restart,restart,26,0.037642138527702595,0.0,0.037642138527702595,0.037642138527702595,1
HGNN,restart,restart,27,0.037624536296512835,0.0,0.037624536296512835,0.037624536296512835,1
HGNN,restart,restart,28,0.03760995769637111,0.0,0.03760995769637111,0.03760995769637111,1
HGNN,restart,restart,29,0.03759785785769462,0.0,0.03759785785769462,0.03759785785769462,1
HGNN,restart,restart,30,0.03758779553718183,0.0,0.03758779553718183,0.03758779553718183,1
HGNN,restart,restart,31,0.037579412160430675,0.0,0.037579412160430675,0.037579412160430675,1
HGNN,restart,restart,32,0.0375724154072431,0.0,0.0375724154072431,0.0375724154072431,1
HGNN,restart,restart,33,0.0375665662776618,0.0,0.0375665662776618,0.0375665662776618,1
HGNN,restart,restart,34,0.03756166884522785,0.0,0.03756166884522785,0.03756166884522785,1
HGNN,restart,restart,35,0.037557562099156803,0.0,0.037557562099156803,0.037557562099156803,1
HGNN,restart,restart,36,0.03755411342054296,0.0,0.03755411342054296,0.03755411342054296,1
HGNN,restart,restart,37,0.037551213344075685,0.0,0.037551213344075685,0.037551213344075685,1
HGNN,restart,restart,38,0.03754877133635791,0.0,0.03754877133635791,0.03754877133635791,1
HGNN,restart,restart,39,0.0375467123819928,0.0,0.0375467123819928,0.0375467123819928,1
HGNN,restart,restart,40,0.03754497421429093,0.0,0.03754497421429093,0.03754497421429093,1
HGNN,restart,restart,41,0.03754350506244525,0.0,0.03754350506244525,0.03754350506244525,1
HGNN,restart,restart,42,0.03754226181400545,0.0,0.03754226181400545,0.03754226181400545,1
HGNN,restart,restart,43,0.03754120851241703,0.0,0.03754120851241703,0.03754120851241703,1
HGNN,restart,restart,44,0.03754031512572499,0.0,0.03754031512572499,0.03754031512572499,1
HGNN,restart,restart,45,0.037539556535352694,0.0,0.037539556535352694,0.037539556535352694,1
HGNN,restart,restart,46,0.03753891170396281,0.0,0.03753891170396281,0.03753891170396281,1
HGNN,restart,restart,47,0.03753836298940029,0.0,0.03753836298940029,0.03753836298940029,1
HGNN,restart,restart,48,0.03753789557806971,0.0,0.03753789557806971,0.03753789557806971,1
HGNN,restart,restart,49,0.03753749701616942,0.0,0.03753749701616942,0.03753749701616942,1
HGNN,restart,restart,50,0.037537156821263455,0.0,0.037537156821263455,0.037537156821263455,1
HGNN,restart,restart,51,0.03753686615993253,0.0,0.03753686615993253,0.03753686615993253,1
HGNN,restart,restart,52,0.037536617579873754,0.0,0.037536617579873754,0.037536617579873754,1
HGNN,restart,restart,53,0.03753640478694001,0.0,0.03753640478694001,0.03753640478694001,1
HGNN,restart,restart,54,0.037536222459331456,0.0,0.037536222459331456,0.037536222459331456,1
HGNN,restart,restart,55,0.03753606609254662,0.0,0.03753606609254662,0.03753606609254662,1
HGNN,restart,restart,56,0.03753593186983884,0.0,0.03753593186983884,0.03753593186983884,1
HGNN,restart,restart,57,0.03753581655384979,0.0,0.03753581655384979,0.03753581655384979,1
HGNN,restart,restart,58,0.03753571739585108,0.0,0.03753571739585108,0.03753571739585108,1
HGNN,restart,restart,59,0.03753563205964432,0.0,0.03753563205964432,0.03753563205964432,1
HGNN,restart,restart,60,0.037535558557680516,0.0,0.037535558557680516,0.037535558557680516,1
HGNN,restart,restart,61,0.037535495197376936,0.0,0.037535495197376936,0.037535495197376936,1
HGNN,restart,restart,62,0.03753544053595489,0.0,0.03753544053595489,0.03753544053595489,1
HGNN,restart,restart,63,0.03753539334240534,0.0,0.03753539334240534,0.03753539334240534,1
HGNN,restart,restart,64,0.03753535256542389,0.0,0.03753535256542389,0.03753535256542389,1
HGNN,restart,restart,65,0.037535317306350395,0.0,0.037535317306350395,0.037535317306350395,1
HGNN,restart,restart,66,0.03753528679630863,0.0,0.03753528679630863,0.03753528679630863,1
HGNN,restart,restart,67,0.03753526037687519,0.0,0.03753526037687519,0.03753526037687519,1
HGNN,restart,restart,68,0.03753523748371615,0.0,0.03753523748371615,0.03753523748371615,1
HGNN,restart,restart,69,0.03753521763272269,0.0,0.03753521763272269,0.03753521763272269,1
HGNN,restart,restart,70,0.037535200408252443,0.0,0.037535200408252443,0.037535200408252443,1
HGNN,restart,restart,71,0.037535185453147345,0.0,0.037535185453147345,0.037535185453147345,1
HGNN,restart,restart,72,0.037535172460251516,0.0,0.037535172460251516,0.037535172460251516,1
HGNN,restart,restart,73,0.037535161165197214,0.0,0.037535161165197214,0.037535161165197214,1
HGNN,restart,restart,74,0.037535151340263265,0.0,0.037535151340263265,0.037535151340263265,1
HGNN,restart,restart,75,0.037535142789142155,0.0,0.037535142789142155,0.037535142789142155,1
HGNN,restart,restart,76,0.03753513534247708,0.0,0.03753513534247708,0.03753513534247708,1
HGNN,restart,restart,77,0.0375351288540522,0.0,0.0375351288540522,0.0375351288540522,1
HGNN,restart,restart,78,0.03753512319753791,0.0,0.03753512319753791,0.03753512319753791,1
HGNN,restart,restart,79,0.03753511826370757,0.0,0.03753511826370757,0.03753511826370757,1
HGNN,restart,restart,80,0.03753511395805545,0.0,0.03753511395805545,0.03753511395805545,1
HGNN,restart,restart,81,0.037535110198756376,0.0,0.037535110198756376,0.037535110198756376,1
HGNN,restart,restart,82,0.037535106914916495,0.0,0.037535106914916495,0.037535106914916495,1
HGNN,restart,restart,83,0.037535104045072445,0.0,0.037535104045072445,0.037535104045072445,1
HGNN,restart,restart,84,0.037535101535902574,0.0,0.037535101535902574,0.037535101535902574,1
HGNN,restart,restart,85,0.03753509934111945,0.0,0.03753509934111945,0.03753509934111945,1
HGNN,restart,restart,86,0.03753509742051717,0.0,0.03753509742051717,0.03753509742051717,1
HGNN,restart,restart,87,0.0375350957391515,0.0,0.0375350957391515,0.0375350957391515,1
HGNN,restart,restart,88,0.03753509426663355,0.0,0.03753509426663355,0.03753509426663355,1
HGNN,restart,restart,89,0.037535092976520926,0.0,0.037535092976520926,0.037535092976520926,1
HGNN,restart,restart,90,0.03753509184579246,0.0,0.03753509184579246,0.03753509184579246,1
HGNN,restart,restart,91,0.03753509085439478,0.0,0.03753509085439478,0.03753509085439478,1
HGNN,restart,restart,92,0.037535089984850493,0.0,0.037535089984850493,0.037535089984850493,1
HGNN,restart,restart,93,0.03753508922191954,0.0,0.03753508922191954,0.03753508922191954,1
HGNN,restart,restart,94,0.037535088552306174,0.0,0.037535088552306174,0.037535088552306174,1
HGNN,restart,restart,95,0.03753508796440527,0.0,0.03753508796440527,0.03753508796440527,1
HGNN,restart,restart,96,0.03753508744808262,0.0,0.03753508744808262,0.03753508744808262,1
HGNN,restart,restart,97,0.03753508699448443,0.0,0.03753508699448443,0.03753508699448443,1
HGNN,restart,restart,98,0.03753508659587214,0.0,0.03753508659587214,0.03753508659587214,1
HGNN,restart,restart,99,0.037535086245478945,0.0,0.037535086245478945,0.037535086245478945,1
HGNN,restart,restart,100,0.037535085937385394,0.0,0.037535085937385394,0.037535085937385394,1
HGNN,restart,restart,101,0.037535085666411096,0.0,0.037535085666411096,0.037535085666411096,1
HGNN,restart,restart,102,0.037535085428020656,0.0,0.037535085428020656,0.037535085428020656,1
HGNN,restart,restart,103,0.03753508521824185,0.0,0.03753508521824185,0.03753508521824185,1
HGNN,restart,restart,104,0.03753508503359442,0.0,0.03753508503359442,0.03753508503359442,1
HGNN,restart,restart,105,0.03753508487102798,0.0,0.03753508487102798,0.03753508487102798,1
HGNN,restart,restart,106,0.03753508472786801,0.0,0.03753508472786801,0.03753508472786801,1
HGNN,restart,restart,107,0.03753508460176871,0.0,0.03753508460176871,0.03753508460176871,1
HGNN,restart,restart,108,0.037535084490672,0.0,0.037535084490672,0.037535084490672,1
HGNN,restart,restart,109,0.03753508439277147,0.0,0.03753508439277147,0.03753508439277147,1
HGNN,restart,restart,110,0.0375350843064813,0.0,0.0375350843064813,0.0375350843064813,1
HGNN,restart,restart,111,0.0375350842304088,0.0,0.0375350842304088,0.0375350842304088,1
HGNN,restart,restart,112,0.03753508416333044,0.0,0.03753508416333044,0.03753508416333044,1
HGNN,restart,restart,113,0.03753508410417124,0.0,0.03753508410417124,0.03753508410417124,1
HGNN,restart,restart,114,0.03753508405198617,0.0,0.03753508405198617,0.03753508405198617,1
HGNN,restart,restart,115,0.03753508400594445,0.0,0.03753508400594445,0.03753508400594445,1
HGNN,restart,restart,116,0.03753508396531544,0.0,0.03753508396531544,0.03753508396531544,1
HGNN,restart,restart,117,0.0375350839294564,0.0,0.0375350839294564,0.0375350839294564,1
HGNN,restart,restart,118,0.037535083897801774,0.0,0.037535083897801774,0.037535083897801774,1
HGNN,restart,restart,119,0.03753508386985386,0.0,0.03753508386985386,0.03753508386985386,1
HGNN,restart,restart,120,0.03753508384517447,0.0,0.03753508384517447,0.03753508384517447,1
HGNN,restart,restart,121,0.03753508382337782,0.0,0.03753508382337782,0.03753508382337782,1
HGNN,restart,restart,122,0.037535083804124125,0.0,0.037535083804124125,0.037535083804124125,1
HGNN,restart,restart,123,0.03753508378711402,0.0,0.03753508378711402,0.03753508378711402,1
HGNN,restart,restart,124,0.0375350837720838,0.0,0.0375350837720838,0.0375350837720838,1
HGNN,restart,restart,125,0.03753508375880104,0.0,0.03753508375880104,0.03753508375880104,1
HGNN,restart,restart,126,0.03753508374706085,0.0,0.03753508374706085,0.03753508374706085,1
HGNN,restart,restart,127,0.03753508373668259,0.0,0.03753508373668259,0.03753508373668259,1
HGNN,restart,restart,128,0.03753508372750701,0.0,0.03753508372750701,0.03753508372750701,1
HGNN,restart,restart,129,0.0375350837193936,0.0,0.0375350837193936,0.0375350837193936,1
HGNN,restart,restart,130,0.037535083712218455,0.0,0.037535083712218455,0.037535083712218455,1
HGNN,restart,restart,131,0.03753508370587222,0.0,0.03753508370587222,0.03753508370587222,1
HGNN,restart,restart,132,0.037535083700258404,0.0,0.037535083700258404,0.037535083700258404,1
HGNN,restart,restart,133,0.03753508369529187,0.0,0.03753508369529187,0.03753508369529187,1
HGNN,restart,restart,134,0.03753508369089742,0.0,0.03753508369089742,0.03753508369089742,1
HGNN,restart,restart,135,0.037535083687008676,0.0,0.037535083687008676,0.037535083687008676,1
HGNN,restart,restart,136,0.037535083683567054,0.0,0.037535083683567054,0.037535083683567054,1
HGNN,restart,restart,137,0.03753508368052075,0.0,0.03753508368052075,0.03753508368052075,1
HGNN,restart,restart,138,0.037535083677824065,0.0,0.037535083677824065,0.037535083677824065,1
HGNN,restart,restart,139,0.0375350836754366,0.0,0.0375350836754366,0.0375350836754366,1
HGNN,restart,restart,140,0.03753508367332265,0.0,0.03753508367332265,0.03753508367332265,1
HGNN,restart,restart,141,0.0375350836714507,0.0,0.0375350836714507,0.0375350836714507,1
HGNN,restart,restart,142,0.03753508366979283,0.0,0.03753508366979283,0.03753508366979283,1
HGNN,restart,restart,143,0.03753508366832442,0.0,0.03753508366832442,0.03753508366832442,1
HGNN,restart,restart,144,0.03753508366702368,0.0,0.03753508366702368,0.03753508366702368,1
HGNN,restart,restart,145,0.037535083665871355,0.0,0.037535083665871355,0.037535083665871355,1
HGNN,restart,restart,146,0.037535083664850394,0.0,0.037535083664850394,0.037535083664850394,1
HGNN,restart,restart,147,0.037535083663945736,0.0,0.037535083663945736,0.037535083663945736,1
HGNN,restart,restart,148,0.037535083663144043,0.0,0.037535083663144043,0.037535083663144043,1
HGNN,restart,restart,149,0.03753508366243354,0.0,0.03753508366243354,0.03753508366243354,1
HGNN,restart,restart,150,0.037535083661803796,0.0,0.037535083661803796,0.037535083661803796,1
HGNN,restart,restart,151,0.03753508366124557,0.0,0.03753508366124557,0.03753508366124557,1
HGNN,restart,restart,152,0.037535083660750694,0.0,0.037535083660750694,0.037535083660750694,1
HGNN,restart,restart,153,0.03753508366031193,0.0,0.03753508366031193,0.03753508366031193,1
HGNN,restart,restart,154,0.0375350836599229,0.0,0.0375350836599229,0.0375350836599229,1
HGNN,restart,restart,155,0.037535083659577924,0.0,0.037535083659577924,0.037535083659577924,1
HGNN,restart,restart,156,0.037535083659271995,0.0,0.037535083659271995,0.037535083659271995,1
HGNN,restart,restart,157,0.037535083659000656,0.0,0.037535083659000656,0.037535083659000656,1
HGNN,restart,restart,158,0.03753508365875999,0.0,0.03753508365875999,0.03753508365875999,1
HGNN,restart,restart,159,0.03753508365854652,0.0,0.03753508365854652,0.03753508365854652,1
HGNN,restart,restart,160,0.037535083658357116,0.0,0.037535083658357116,0.037535083658357116,1
HGNN,restart,restart,161,0.03753508365818909,0.0,0.03753508365818909,0.03753508365818909,1
HGNN,restart,restart,162,0.03753508365804,0.0,0.03753508365804,0.03753508365804,1
HGNN,restart,restart,163,0.037535083657907704,0.0,0.037535083657907704,0.037535083657907704,1
HGNN,restart,restart,164,0.0375350836577903,0.0,0.0375350836577903,0.0375350836577903,1
HGNN,restart,restart,165,0.03753508365768611,0.0,0.03753508365768611,0.03753508365768611,1
HGNN,restart,restart,166,0.03753508365759363,0.0,0.03753508365759363,0.03753508365759363,1
HGNN,restart,restart,167,0.03753508365751154,0.0,0.03753508365751154,0.03753508365751154,1
HGNN,restart,restart,168,0.037535083657438684,0.0,0.037535083657438684,0.037535083657438684,1
HGNN,restart,restart,169,0.037535083657374,0.0,0.037535083657374,0.037535083657374,1
HGNN,restart,restart,170,0.037535083657316566,0.0,0.037535083657316566,0.037535083657316566,1
HGNN,restart,restart,171,0.037535083657265565,0.0,0.037535083657265565,0.037535083657265565,1
HGNN,restart,restart,172,0.03753508365722029,0.0,0.03753508365722029,0.03753508365722029,1
HGNN,restart,restart,173,0.037535083657180085,0.0,0.037535083657180085,0.037535083657180085,1
HGNN,restart,restart,174,0.037535083657144364,0.0,0.037535083657144364,0.037535083657144364,1
HGNN,restart,restart,175,0.03753508365711266,0.0,0.03753508365711266,0.03753508365711266,1
HGNN,restart,restart,176,0.03753508365708448,0.0,0.03753508365708448,0.03753508365708448,1
HGNN,restart,restart,177,0.03753508365705945,0.0,0.03753508365705945,0.03753508365705945,1
HGNN,restart,restart,178,0.037535083657037234,0.0,0.037535083657037234,0.037535083657037234,1
HGNN,restart,restart,179,0.03753508365701747,0.0,0.03753508365701747,0.03753508365701747,1
HGNN,restart,restart,180,0.03753508365699994,0.0,0.03753508365699994,0.03753508365699994,1
HGNN,restart,restart,181,0.03753508365698434,0.0,0.03753508365698434,0.03753508365698434,1
HGNN,restart,restart,182,0.0375350836569705,0.0,0.0375350836569705,0.0375350836569705,1
HGNN,restart,restart,183,0.03753508365695819,0.0,0.03753508365695819,0.03753508365695819,1
HGNN,restart,restart,184,0.03753508365694725,0.0,0.03753508365694725,0.03753508365694725,1
HGNN,restart,restart,185,0.037535083656937536,0.0,0.037535083656937536,0.037535083656937536,1
HGNN,restart,restart,186,0.03753508365692888,0.0,0.03753508365692888,0.03753508365692888,1
HGNN,restart,restart,187,0.03753508365692121,0.0,0.03753508365692121,0.03753508365692121,1
HGNN,restart,restart,188,0.037535083656914374,0.0,0.037535083656914374,0.037535083656914374,1
HGNN,restart,restart,189,0.03753508365690831,0.0,0.03753508365690831,0.03753508365690831,1
HGNN,restart,restart,190,0.037535083656902925,0.0,0.037535083656902925,0.037535083656902925,1
HGNN,restart,restart,191,0.037535083656898116,0.0,0.037535083656898116,0.037535083656898116,1
HGNN,restart,restart,192,0.03753508365689386,0.0,0.03753508365689386,0.03753508365689386,1
HGNN,restart,restart,193,0.037535083656890074,0.0,0.037535083656890074,0.037535083656890074,1
HGNN,restart,restart,194,0.037535083656886695,0.0,0.037535083656886695,0.037535083656886695,1
HGNN,restart,restart,195,0.0375350836568837,0.0,0.0375350836568837,0.0375350836568837,1
HGNN,restart,restart,196,0.03753508365688103,0.0,0.03753508365688103,0.03753508365688103,1
HGNN,restart,restart,197,0.037535083656878666,0.0,0.037535083656878666,0.037535083656878666,1
HGNN,restart,restart,198,0.03753508365687655,0.0,0.03753508365687655,0.03753508365687655,1
HGNN,restart,restart,199,0.037535083656874677,0.0,0.037535083656874677,0.037535083656874677,1
HGNN,restart,restart,200,0.03753508365687302,0.0,0.03753508365687302,0.03753508365687302,1
HGNN,restart,restart,201,0.03753508365687152,0.0,0.03753508365687152,0.03753508365687152,1
HGNN,restart,restart,202,0.03753508365687021,0.0,0.03753508365687021,0.03753508365687021,1
HGNN,restart,restart,203,0.03753508365686902,0.0,0.03753508365686902,0.03753508365686902,1
HGNN,restart,restart,204,0.03753508365686798,0.0,0.03753508365686798,0.03753508365686798,1
HGNN,restart,restart,205,0.03753508365686705,0.0,0.03753508365686705,0.03753508365686705,1
HGNN,restart,restart,206,0.037535083656866225,0.0,0.037535083656866225,0.037535083656866225,1
HGNN,restart,restart,207,0.03753508365686549,0.0,0.03753508365686549,0.03753508365686549,1
HGNN,restart,restart,208,0.03753508365686484,0.0,0.03753508365686484,0.03753508365686484,1
HGNN,restart,restart,209,0.03753508365686425,0.0,0.03753508365686425,0.03753508365686425,1
HGNN,restart,restart,210,0.03753508365686372,0.0,0.03753508365686372,0.03753508365686372,1
HGNN,restart,restart,211,0.03753508365686327,0.0,0.03753508365686327,0.03753508365686327,1
HGNN,restart,restart,212,0.03753508365686286,0.0,0.03753508365686286,0.03753508365686286,1
HGNN,restart,restart,213,0.03753508365686249,0.0,0.03753508365686249,0.03753508365686249,1
HGNN,restart,restart,214,0.037535083656862166,0.0,0.037535083656862166,0.037535083656862166,1
HGNN,restart,restart,215,0.037535083656861874,0.0,0.037535083656861874,0.037535083656861874,1
HGNN,restart,restart,216,0.03753508365686161,0.0,0.03753508365686161,0.03753508365686161,1
HGNN,restart,restart,217,0.03753508365686138,0.0,0.03753508365686138,0.03753508365686138,1
HGNN,restart,restart,218,0.03753508365686118,0.0,0.03753508365686118,0.03753508365686118,1
HGNN,restart,restart,219,0.03753508365686099,0.0,0.03753508365686099,0.03753508365686099,1
HGNN,restart,restart,220,0.03753508365686083,0.0,0.03753508365686083,0.03753508365686083,1
HGNN,restart,restart,221,0.037535083656860695,0.0,0.037535083656860695,0.037535083656860695,1
HGNN,restart,restart,222,0.037535083656860556,0.0,0.037535083656860556,0.037535083656860556,1
HGNN,restart,restart,223,0.03753508365686046,0.0,0.03753508365686046,0.03753508365686046,1
HGNN,restart,restart,224,0.03753508365686035,0.0,0.03753508365686035,0.03753508365686035,1
HGNN,restart,restart,225,0.03753508365686026,0.0,0.03753508365686026,0.03753508365686026,1
HGNN,restart,restart,226,0.037535083656860174,0.0,0.037535083656860174,0.037535083656860174,1
HGNN,restart,restart,227,0.03753508365686011,0.0,0.03753508365686011,0.03753508365686011,1
HGNN,restart,restart,228,0.03753508365686004,0.0,0.03753508365686004,0.03753508365686004,1
HGNN,restart,restart,229,0.03753508365685999,0.0,0.03753508365685999,0.03753508365685999,1
HGNN,restart,restart,230,0.03753508365685993,0.0,0.03753508365685993,0.03753508365685993,1
HGNN,restart,restart,231,0.03753508365685989,0.0,0.03753508365685989,0.03753508365685989,1
HGNN,restart,restart,232,0.03753508365685985,0.0,0.03753508365685985,0.03753508365685985,1
HGNN,restart,restart,233,0.03753508365685981,0.0,0.03753508365685981,0.03753508365685981,1
HGNN,restart,restart,234,0.03753508365685978,0.0,0.03753508365685978,0.03753508365685978,1
HGNN,restart,restart,235,0.03753508365685976,0.0,0.03753508365685976,0.03753508365685976,1
HGNN,restart,restart,236,0.03753508365685974,0.0,0.03753508365685974,0.03753508365685974,1
HGNN,restart,restart,237,0.0375350836568597,0.0,0.0375350836568597,0.0375350836568597,1
HGNN,restart,restart,238,0.03753508365685968,0.0,0.03753508365685968,0.03753508365685968,1
HGNN,restart,restart,239,0.03753508365685966,0.0,0.03753508365685966,0.03753508365685966,1
HGNN,restart,restart,240,0.03753508365685965,0.0,0.03753508365685965,0.03753508365685965,1
HGNN,restart,restart,241,0.03753508365685964,0.0,0.03753508365685964,0.03753508365685964,1
HGNN,restart,restart,242,0.037535083656859626,0.0,0.037535083656859626,0.037535083656859626,1
HGNN,restart,restart,243,0.03753508365685961,0.0,0.03753508365685961,0.03753508365685961,1
HGNN,restart,restart,244,0.03753508365685959,0.0,0.03753508365685959,0.03753508365685959,1
HGNN,restart,restart,245,0.03753508365685959,0.0,0.03753508365685959,0.03753508365685959,1
HGNN,restart,restart,246,0.037535083656859584,0.0,0.037535083656859584,0.037535083656859584,1
HGNN,restart,restart,247,0.03753508365685957,0.0,0.03753508365685957,0.03753508365685957,1
HGNN,restart,restart,248,0.03753508365685958,0.0,0.03753508365685958,0.03753508365685958,1
HGNN,restart,restart,249,0.03753508365685956,0.0,0.03753508365685956,0.03753508365685956,1
HGNN,restart,restart,250,0.03753508365685956,0.0,0.03753508365685956,0.03753508365685956,1
HGNN,restart,restart,251,0.03753508365685956,0.0,0.03753508365685956,0.03753508365685956,1
HGNN,restart,restart,252,0.03753508365685955,0.0,0.03753508365685955,0.03753508365685955,1
HGNN,restart,restart,253,0.03753508365685955,0.0,0.03753508365685955,0.03753508365685955,1
HGNN,restart,restart,254,0.03753508365685955,0.0,0.03753508365685955,0.03753508365685955,1
HGNN,restart,restart,255,0.03753508365685954,0.0,0.03753508365685954,0.03753508365685954,1
HGNN,restart,restart,256,0.03753508365685954,0.0,0.03753508365685954,0.03753508365685954,1
HNHN,diagnostics,un,0,1.0,0.0,1.0,1.0,1
HNHN,diagnostics,un,1,0.7431967842318783,0.0,0.7431967842318783,0.7431967842318783,1
HNHN,diagnostics,un,2,0.5500855084466099,0.0,0.5500855084466099,0.5500855084466099,1
HNHN,diagnostics,un,3,0.4241524842979191,0.0,0.4241524842979191,0.4241524842979191,1
HNHN,diagnostics,un,4,0.34496766344579205,0.0,0.34496766344579205,0.34496766344579205,1
HNHN,diagnostics,un,5,0.2933775217164226,0.0,0.2933775217164226,0.2933775217164226,1
HNHN,diagnostics,un,6,0.2574784710963151,0.0,0.2574784710963151,0.2574784710963151,1
HNHN,diagnostics,un,7,0.23080914500776056,0.0,0.23080914500776056,0.23080914500776056,1
HNHN,diagnostics,un,8,0.2099513909130744,0.0,0.2099513909130744,0.2099513909130744,1
HNHN,diagnostics,un,9,0.19303467886423706,0.0,0.19303467886423706,0.19303467886423706,1
HNHN,diagnostics,un,10,0.17896436421794518,0.0,0.17896436421794518,0.17896436421794518,1
HNHN,diagnostics,un,11,0.16704780408827943,0.0,0.16704780408827943,0.16704780408827943,1
HNHN,diagnostics,un,12,0.15681440320027293,0.0,0.15681440320027293,0.15681440320027293,1
HNHN,diagnostics,un,13,0.1479263017164781,0.0,0.1479263017164781,0.1479263017164781,1
HNHN,diagnostics,un,14,0.14013133181136303,0.0,0.14013133181136303,0.14013133181136303,1
HNHN,diagnostics,un,15,0.1332362330984997,0.0,0.1332362330984997,0.1332362330984997,1
HNHN,diagnostics,un,16,0.127090116818451,0.0,0.127090116818451,0.127090116818451,1
HNHN,diagnostics,un,17,0.12157351777223895,0.0,0.12157351777223895,0.12157351777223895,1
HNHN,diagnostics,un,18,0.1165907573261517,0.0,0.1165907573261517,0.1165907573261517,1
HNHN,diagnostics,un,19,0.11206442446999414,0.0,0.11206442446999414,0.11206442446999414,1
HNHN,diagnostics,un,20,0.10793129515965647,0.0,0.10793129515965647,0.10793129515965647,1
HNHN,diagnostics,un,21,0.1041392694087587,0.0,0.1041392694087587,0.1041392694087587,1
HNHN,diagnostics,un,22,0.10064504773788165,0.0,0.10064504773788165,0.10064504773788165,1
HNHN,diagnostics,un,23,0.09741235358428801,0.0,0.09741235358428801,0.09741235358428801,1
HNHN,diagnostics,un,24,0.0944105631018626,0.0,0.0944105631018626,0.0944105631018626,1
HNHN,diagnostics,un,25,0.09161364119872366,0.0,0.09161364119872366,0.09161364119872366,1
HNHN,diagnostics,un,26,0.08899930915521885,0.0,0.08899930915521885,0.08899930915521885,1
HNHN,diagnostics,un,27,0.0865483883436246,0.0,0.0865483883436246,0.0865483883436246,1
HNHN,diagnostics,un,28,0.08424427862680962,0.0,0.08424427862680962,0.08424427862680962,1
HNHN,diagnostics,un,29,0.08207254038584567,0.0,0.08207254038584567,0.08207254038584567,1
HNHN,diagnostics,un,30,0.08002055681188702,0.0,0.08002055681188702,0.08002055681188702,1
HNHN,diagnostics,un,31,0.07807725880727177,0.0,0.07807725880727177,0.07807725880727177,1
HNHN,diagnostics,un,32,0.07623289909251288,0.0,0.07623289909251288,0.07623289909251288,1
HNHN,diagnostics,un,33,0.0744788652897085,0.0,0.0744788652897085,0.0744788652897085,1
HNHN,diagnostics,un,34,0.07280752412896184,0.0,0.07280752412896184,0.07280752412896184,1
HNHN,diagnostics,un,35,0.0712120907093014,0.0,0.0712120907093014,0.0712120907093014,1
HNHN,diagnostics,un,36,0.06968651809185201,0.0,0.06968651809185201,0.06968651809185201,1
HNHN,diagnostics,un,37,0.06822540352320322,0.0,0.06822540352320322,0.06822540352320322,1
HNHN,diagnostics,un,38,0.06682390836415902,0.0,0.06682390836415902,0.06682390836415902,1
HNHN,diagnostics,un,39,0.06547768939472498,0.0,0.06547768939472498,0.06547768939472498,1
HNHN,diagnostics,un,40,0.06418283962567627,0.0,0.06418283962567627,0.06418283962567627,1
HNHN,diagnostics,un,41,0.06293583710397258,0.0,0.06293583710397258,0.06293583710397258,1
HNHN,diagnostics,un,42,0.06173350047858013,0.0,0.06173350047858013,0.06173350047858013,1
HNHN,diagnostics,un,43,0.060572950313484995,0.0,0.060572950313484995,0.060572950313484995,1
HNHN,diagnostics,un,44,0.059451575309693305,0.0,0.059451575309693305,0.059451575309693305,1
HNHN,diagnostics,un,45,0.05836700273818246,0.0,0.05836700273818246,0.05836700273818246,1
HNHN,diagnostics,un,46,0.05731707249891286,0.0,0.05731707249891286,0.05731707249891286,1
HNHN,diagnostics,un,47,0.056299814313031694,0.0,0.056299814313031694,0.056299814313031694,1
HNHN,diagnostics,un,48,0.055313427630793874,0.0,0.055313427630793874,0.055313427630793874,1
HNHN,diagnostics,un,49,0.05435626389992496,0.0,0.05435626389992496,0.05435626389992496,1
HNHN,diagnostics,un,50,0.053426810890800196,0.0,0.053426810890800196,0.053426810890800196,1
HNHN,diagnostics,un,51,0.05252367881796522,0.0,0.05252367881796522,0.05252367881796522,1
HNHN,diagnostics,un,52,0.05164558803377563,0.0,0.05164558803377563,0.05164558803377563,1
HNHN,diagnostics,un,53,0.050791358100545365,0.0,0.050791358100545365,0.050791358100545365,1
HNHN,diagnostics,un,54,0.04995989807356323,0.0,0.04995989807356323,0.04995989807356323,1
HNHN,diagnostics,un,55,0.04915019784946144,0.0,0.04915019784946144,0.04915019784946144,1
HNHN,diagnostics,un,56,0.04836132045333862,0.0,0.04836132045333862,0.04836132045333862,1
HNHN,diagnostics,un,57,0.04759239515427342,0.0,0.04759239515427342,0.04759239515427342,1
HNHN,diagnostics,un,58,0.04684261131283498,0.0,0.04684261131283498,0.04684261131283498,1
HNHN,diagnostics,un,59,0.04611121287625499,0.0,0.04611121287625499,0.04611121287625499,1
HNHN,diagnostics,un,60,0.045397493447355844,0.0,0.045397493447355844,0.045397493447355844,1
HNHN,diagnostics,un,61,0.04470079186237446,0.0,0.04470079186237446,0.04470079186237446,1
HNHN,diagnostics,un,62,0.04402048822067901,0.0,0.04402048822067901,0.04402048822067901,1
HNHN,diagnostics,un,63,0.043356000316215615,0.0,0.043356000316215615,0.043356000316215615,1
HNHN,diagnostics,un,64,0.042706780426484944,0.0,0.042706780426484944,0.042706780426484944,1
HNHN,diagnostics,un,65,0.04207231242005632,0.0,0.04207231242005632,0.04207231242005632,1
HNHN,diagnostics,un,66,0.04145210914818122,0.0,0.04145210914818122,0.04145210914818122,1
HNHN,diagnostics,un,67,0.04084571009005555,0.0,0.04084571009005555,0.04084571009005555,1
HNHN,diagnostics,un,68,0.04025267922477649,0.0,0.04025267922477649,0.04025267922477649,1
HNHN,diagnostics,un,69,0.039672603106110274,0.0,0.039672603106110274,0.039672603106110274,1
HNHN,diagnostics,un,70,0.03910508911888412,0.0,0.03910508911888412,0.03910508911888412,1
HNHN,diagnostics,un,71,0.03854976389819037,0.0,0.03854976389819037,0.03854976389819037,1
HNHN,diagnostics,un,72,0.038006271894681073,0.0,0.038006271894681073,0.038006271894681073,1
HNHN,diagnostics,un,73,0.037474274071075696,0.0,0.037474274071075696,0.037474274071075696,1
HNHN,diagnostics,un,74,0.03695344671663151,0.0,0.03695344671663151,0.03695344671663151,1
HNHN,diagnostics,un,75,0.036443480367764604,0.0,0.036443480367764604,0.036443480367764604,1
HNHN,diagnostics,un,76,0.0359440788242809,0.0,0.0359440788242809,0.0359440788242809,1
HNHN,diagnostics,un,77,0.03545495825180244,0.0,0.03545495825180244,0.03545495825180244,1
HNHN,diagnostics,un,78,0.03497584636197209,0.0,0.03497584636197209,0.03497584636197209,1
HNHN,diagnostics,un,79,0.03450648166290418,0.0,0.03450648166290418,0.03450648166290418,1
HNHN,diagnostics,un,80,0.034046612773135074,0.0,0.034046612773135074,0.034046612773135074,1
HNHN,diagnostics,un,81,0.03359599779302511,0.0,0.03359599779302511,0.03359599779302511,1
HNHN,diagnostics,un,82,0.03315440372818452,0.0,0.03315440372818452,0.03315440372818452,1
HNHN,diagnostics,un,83,0.03272160596004915,0.0,0.03272160596004915,0.03272160596004915,1
HNHN,diagnostics,un,84,0.03229738775922408,0.0,0.03229738775922408,0.03229738775922408,1
HNHN,diagnostics,un,85,0.03188153983765301,0.0,0.03188153983765301,0.03188153983765301,1
HNHN,diagnostics,un,86,0.03147385993606337,0.0,0.03147385993606337,0.03147385993606337,1
HNHN,diagnostics,un,87,0.03107415244348794,0.0,0.03107415244348794,0.03107415244348794,1
HNHN,diagnostics,un,88,0.030682228045977002,0.0,0.030682228045977002,0.030682228045977002,1
HNHN,diagnostics,un,89,0.030297903401896045,0.0,0.030297903401896045,0.030297903401896045,1
HNHN,diagnostics,un,90,0.02992100084145528,0.0,0.02992100084145528,0.02992100084145528,1
HNHN,diagnostics,un,91,0.029551348088342807,0.0,0.029551348088342807,0.029551348088342807,1
HNHN,diagnostics,un,92,0.02918877800153588,0.0,0.02918877800153588,0.02918877800153588,1
HNHN,diagnostics,un,93,0.028833128335546097,0.0,0.028833128335546097,0.028833128335546097,1
HNHN,diagnostics,un,94,0.028484241517518383,0.0,0.028484241517518383,0.028484241517518383,1
HNHN,diagnostics,un,95,0.02814196443975018,0.0,0.02814196443975018,0.02814196443975018,1
HNHN,diagnostics,un,96,0.02780614826633035,0.0,0.02780614826633035,0.02780614826633035,1
HNHN,diagnostics,un,97,0.027476648252716056,0.0,0.027476648252716056,0.027476648252716056,1
HNHN,diagnostics,un,98,0.027153323577174187,0.0,0.027153323577174187,0.027153323577174187,1
HNHN,diagnostics,un,99,0.026836037183110843,0.0,0.026836037183110843,0.026836037183110843,1
HNHN,diagnostics,un,100,0.02652465563140019,0.0,0.02652465563140019,0.02652465563140019,1
HNHN,diagnostics,un,101,0.026219048961903836,0.0,0.026219048961903836,0.026219048961903836,1
HNHN,diagnostics,un,102,0.025919090563443225,0.0,0.025919090563443225,0.025919090563443225,1
HNHN,diagnostics,un,103,0.025624657051553264,0.0,0.025624657051553264,0.025624657051553264,1
HNHN,diagnostics,un,104,0.025335628153403754,0.0,0.025335628153403754,0.025335628153403754,1
HNHN,diagnostics,un,105,0.025051886599329245,0.0,0.025051886599329245,0.025051886599329245,1
HNHN,diagnostics,un,106,0.024773318020456268,0.0,0.024773318020456268,0.024773318020456268,1
HNHN,diagnostics,un,107,0.02449981085196068,0.0,0.02449981085196068,0.02449981085196068,1
HNHN,diagnostics,un,108,0.02423125624152871,0.0,0.02423125624152871,0.02423125624152871,1
HNHN,diagnostics,un,109,0.023967547962630772,0.0,0.023967547962630772,0.023967547962630772,1
HNHN,diagnostics,un,110,0.023708582332250885,0.0,0.023708582332250885,0.023708582332250885,1
HNHN,diagnostics,un,111,0.02345425813274462,0.0,0.02345425813274462,0.02345425813274462,1
HNHN,diagnostics,un,112,0.023204476537525675,0.0,0.023204476537525675,0.023204476537525675,1
HNHN,diagnostics,un,113,0.022959141040306504,0.0,0.022959141040306504,0.022959141040306504,1
HNHN,diagnostics,un,114,0.022718157387641203,0.0,0.022718157387641203,0.022718157387641203,1
HNHN,diagnostics,un,115,0.022481433514539507,0.0,0.022481433514539507,0.022481433514539507,1
HNHN,diagnostics,un,116,0.022248879482940114,0.0,0.022248879482940114,0.022248879482940114,1
HNHN,diagnostics,un,117,0.02202040742284834,0.0,0.02202040742284834,0.02202040742284834,1
HNHN,diagnostics,un,118,0.02179593147595975,0.0,0.02179593147595975,0.02179593147595975,1
HNHN,diagnostics,un,119,0.021575367741604994,0.0,0.021575367741604994,0.021575367741604994,1
HNHN,diagnostics,un,120,0.021358634224865194,0.0,0.021358634224865194,0.021358634224865194,1
HNHN,diagnostics,un,121,0.021145650786718585,0.0,0.021145650786718585,0.021145650786718585,1
HNHN,diagnostics,un,122,0.020936339096090828,0.0,0.020936339096090828,0.020936339096090828,1
HNHN,diagnostics,un,123,0.020730622583691037,0.0,0.020730622583691037,0.020730622583691037,1
HNHN,diagnostics,un,124,0.02052842639752526,0.0,0.02052842639752526,0.02052842639752526,1
HNHN,diagnostics,un,125,0.020329677359987322,0.0,0.020329677359987322,0.020329677359987322,1
HNHN,diagnostics,un,126,0.020134303926435008,0.0,0.020134303926435008,0.020134303926435008,1
HNHN,diagnostics,un,127,0.019942236145166513,0.0,0.019942236145166513,0.019942236145166513,1
HNHN,diagnostics,un,128,0.019753405618718717,0.0,0.019753405618718717,0.019753405618718717,1
HNHN,diagnostics,un,129,0.019567745466414706,0.0,0.019567745466414706,0.019567745466414706,1
HNHN,diagnostics,un,130,0.01938519028809374,0.0,0.01938519028809374,0.01938519028809374,1
HNHN,diagnostics,un,131,0.019205676128961596,0.0,0.019205676128961596,0.019205676128961596,1
HNHN,diagnostics,un,132,0.019029140445503995,0.0,0.019029140445503995,0.019029140445503995,1
HNHN,diagnostics,un,133,0.018855522072410126,0.0,0.018855522072410126,0.018855522072410126,1
HNHN,diagnostics,un,134,0.018684761190456946,0.0,0.018684761190456946,0.018684761190456946,1
HNHN,diagnostics,un,135,0.018516799295308844,0.0,0.018516799295308844,0.018516799295308844,1
HNHN,diagnostics,un,136,0.018351579167190112,0.0,0.018351579167190112,0.018351579167190112,1
HNHN,diagnostics,un,137,0.01818904484139115,0.0,0.01818904484139115,0.01818904484139115,1
HNHN,diagnostics,un,138,0.018029141579571722,0.0,0.018029141579571722,0.018029141579571722,1
HNHN,diagnostics,un,139,0.017871815841827277,0.0,0.017871815841827277,0.017871815841827277,1
HNHN,diagnostics,un,140,0.017717015259486654,0.0,0.017717015259486654,0.017717015259486654,1
HNHN,diagnostics,un,141,0.01756468860861169,0.0,0.01756468860861169,0.01756468860861169,1
HNHN,diagnostics,un,142,0.017414785784171126,0.0,0.017414785784171126,0.017414785784171126,1
HNHN,diagnostics,un,143,0.017267257774863033,0.0,0.017267257774863033,0.017267257774863033,1
HNHN,diagnostics,un,144,0.017122056638561742,0.0,0.017122056638561742,0.017122056638561742,1
HNHN,diagnostics,un,145,0.016979135478366675,0.0,0.016979135478366675,0.016979135478366675,1
HNHN,diagnostics,un,146,0.016838448419231884,0.0,0.016838448419231884,0.016838448419231884,1
HNHN,diagnostics,un,147,0.016699950585156487,0.0,0.016699950585156487,0.016699950585156487,1
HNHN,diagnostics,un,148,0.016563598076917353,0.0,0.016563598076917353,0.016563598076917353,1
HNHN,diagnostics,un,149,0.016429347950326346,0.0,0.016429347950326346,0.016429347950326346,1
HNHN,diagnostics,un,150,0.016297158194995692,0.0,0.016297158194995692,0.016297158194995692,1
HNHN,diagnostics,un,151,0.01616698771359575,0.0,0.01616698771359575,0.01616698771359575,1
HNHN,diagnostics,un,152,0.016038796301590368,0.0,0.016038796301590368,0.016038796301590368,1
HNHN,diagnostics,un,153,0.01591254462743595,0.0,0.01591254462743595,0.01591254462743595,1
HNHN,diagnostics,un,154,0.015788194213230827,0.0,0.015788194213230827,0.015788194213230827,1
HNHN,diagnostics,un,155,0.015665707415802376,0.0,0.015665707415802376,0.015665707415802376,1
HNHN,diagnostics,un,156,0.01554504740821994,0.0,0.01554504740821994,0.01554504740821994,1
HNHN,diagnostics,un,157,0.01542617816172213,0.0,0.01542617816172213,0.01542617816172213,1
HNHN,diagnostics,un,158,0.0153090644280475,0.0,0.0153090644280475,0.0153090644280475,1
HNHN,diagnostics,un,159,0.015193671722158424,0.0,0.015193671722158424,0.015193671722158424,1
HNHN,diagnostics,un,160,0.015079966305347994,0.0,0.015079966305347994,0.015079966305347994,1
HNHN,diagnostics,un,161,0.0149679151687206,0.0,0.0149679151687206,0.0149679151687206,1
HNHN,diagnostics,un,162,0.014857486017036948,0.0,0.014857486017036948,0.014857486017036948,1
HNHN,diagnostics,un,163,0.0147486472529147,0.0,0.0147486472529147,0.0147486472529147,1
HNHN,diagnostics,un,164,0.014641367961376505,0.0,0.014641367961376505,0.014641367961376505,1
HNHN,diagnostics,un,165,0.014535617894736973,0.0,0.014535617894736973,0.014535617894736973,1
HNHN,diagnostics,un,166,0.014431367457821037,0.0,0.014431367457821037,0.014431367457821037,1
HNHN,diagnostics,un,167,0.014328587693505942,0.0,0.014328587693505942,0.014328587693505942,1
HNHN,diagnostics,un,168,0.014227250268579643,0.0,0.014227250268579643,0.014227250268579643,1
HNHN,diagnostics,un,169,0.014127327459908476,0.0,0.014127327459908476,0.014127327459908476,1
HNHN,diagnostics,un,170,0.01402879214090724,0.0,0.01402879214090724,0.01402879214090724,1
HNHN,diagnostics,un,171,0.013931617768305116,0.0,0.013931617768305116,0.013931617768305116,1
HNHN,diagnostics,un,172,0.01383577836920078,0.0,0.01383577836920078,0.01383577836920078,1
HNHN,diagnostics,un,173,0.013741248528400675,0.0,0.013741248528400675,0.013741248528400675,1
HNHN,diagnostics,un,174,0.013648003376034121,0.0,0.013648003376034121,0.013648003376034121,1
HNHN,diagnostics,un,175,0.013556018575439435,0.0,0.013556018575439435,0.013556018575439435,1
HNHN,diagnostics,un,176,0.01346527031131527,0.0,0.01346527031131527,0.01346527031131527,1
HNHN,diagnostics,un,177,0.013375735278131462,0.0,0.013375735278131462,0.013375735278131462,1
HNHN,diagnostics,un,178,0.01328739066879401,0.0,0.01328739066879401,0.01328739066879401,1
HNHN,diagnostics,un,179,0.013200214163558625,0.0,0.013200214163558625,0.013200214163558625,1
HNHN,diagnostics,un,180,0.013114183919187868,0.0,0.013114183919187868,0.013114183919187868,1
HNHN,diagnostics,un,181,0.013029278558346449,0.0,0.013029278558346449,0.013029278558346449,1
HNHN,diagnostics,un,182,0.012945477159230005,0.0,0.012945477159230005,0.012945477159230005,1
HNHN,diagnostics,un,183,0.01286275924542213,0.0,0.01286275924542213,0.01286275924542213,1
HNHN,diagnostics,un,184,0.012781104775975148,0.0,0.012781104775975148,0.012781104775975148,1
HNHN,diagnostics,un,185,0.012700494135709815,0.0,0.012700494135709815,0.012700494135709815,1
HNHN,diagnostics,un,186,0.01262090812572927,0.0,0.01262090812572927,0.01262090812572927,1
HNHN,diagnostics,un,187,0.01254232795414298,0.0,0.01254232795414298,0.01254232795414298,1
HNHN,diagnostics,un,188,0.01246473522699603,0.0,0.01246473522699603,0.01246473522699603,1
HNHN,diagnostics,un,189,0.012388111939399657,0.0,0.012388111939399657,0.012388111939399657,1
HNHN,diagnostics,un,190,0.012312440466858537,0.0,0.012312440466858537,0.012312440466858537,1
HNHN,diagnostics,un,191,0.012237703556791062,0.0,0.012237703556791062,0.012237703556791062,1
HNHN,diagnostics,un,192,0.012163884320238117,0.0,0.012163884320238117,0.012163884320238117,1
HNHN,diagnostics,un,193,0.012090966223756753,0.0,0.012090966223756753,0.012090966223756753,1
HNHN,diagnostics,un,194,0.01201893308149461,0.0,0.01201893308149461,0.01201893308149461,1
HNHN,diagnostics,un,195,0.011947769047441333,0.0,0.011947769047441333,0.011947769047441333,1
HNHN,diagnostics,un,196,0.01187745860785328,0.0,0.01187745860785328,0.01187745860785328,1
HNHN,diagnostics,un,197,0.011807986573847783,0.0,0.011807986573847783,0.011807986573847783,1
HNHN,diagnostics,un,198,0.01173933807416335,0.0,0.01173933807416335,0.01173933807416335,1
HNHN,diagnostics,un,199,0.011671498548082316,0.0,0.011671498548082316,0.011671498548082316,1
HNHN,diagnostics,un,200,0.011604453738512403,0.0,0.011604453738512403,0.011604453738512403,1
HNHN,diagnostics,un,201,0.011538189685223858,0.0,0.011538189685223858,0.011538189685223858,1
HNHN,diagnostics,un,202,0.011472692718238755,0.0,0.011472692718238755,0.011472692718238755,1
HNHN,diagnostics,un,203,0.01140794945136925,0.0,0.01140794945136925,0.01140794945136925,1
HNHN,diagnostics,un,204,0.011343946775901533,0.0,0.011343946775901533,0.011343946775901533,1
HNHN,diagnostics,un,205,0.011280671854422324,0.0,0.011280671854422324,0.011280671854422324,1
HNHN,diagnostics,un,206,0.011218112114784856,0.0,0.011218112114784856,0.011218112114784856,1
HNHN,diagnostics,un,207,0.011156255244211308,0.0,0.011156255244211308,0.011156255244211308,1
HNHN,diagnostics,un,208,0.011095089183528665,0.0,0.011095089183528665,0.011095089183528665,1
HNHN,diagnostics,un,209,0.011034602121535161,0.0,0.011034602121535161,0.011034602121535161,1
HNHN,diagnostics,un,210,0.010974782489494406,0.0,0.010974782489494406,0.010974782489494406,1
HNHN,diagnostics,un,211,0.010915618955754432,0.0,0.010915618955754432,0.010915618955754432,1
HNHN,diagnostics,un,212,0.010857100420488834,0.0,0.010857100420488834,0.010857100420488834,1
HNHN,diagnostics,un,213,0.010799216010557432,0.0,0.010799216010557432,0.010799216010557432,1
HNHN,diagnostics,un,214,0.010741955074483701,0.0,0.010741955074483701,0.010741955074483701,1
HNHN,diagnostics,un,215,0.010685307177546493,0.0,0.010685307177546493,0.010685307177546493,1
HNHN,diagnostics,un,216,0.010629262096983382,0.0,0.010629262096983382,0.010629262096983382,1
HNHN,diagnostics,un,217,0.010573809817303312,0.0,0.010573809817303312,0.010573809817303312,1
HNHN,diagnostics,un,218,0.010518940525705957,0.0,0.010518940525705957,0.010518940525705957,1
HNHN,diagnostics,un,219,0.010464644607605557,0.0,0.010464644607605557,0.010464644607605557,1
HNHN,diagnostics,un,220,0.010410912642256739,0.0,0.010410912642256739,0.010410912642256739,1
HNHN,diagnostics,un,221,0.010357735398480167,0.0,0.010357735398480167,0.010357735398480167,1
HNHN,diagnostics,un,222,0.01030510383048577,0.0,0.01030510383048577,0.01030510383048577,1
HNHN,diagnostics,un,223,0.010253009073791185,0.0,0.010253009073791185,0.010253009073791185,1
HNHN,diagnostics,un,224,0.010201442441233551,0.0,0.010201442441233551,0.010201442441233551,1
HNHN,diagnostics,un,225,0.010150395419072297,0.0,0.010150395419072297,0.010150395419072297,1
HNHN,diagnostics,un,226,0.010099859663180983,0.0,0.010099859663180983,0.010099859663180983,1
HNHN,diagnostics,un,227,0.010049826995326158,0.0,0.010049826995326158,0.010049826995326158,1
HNHN,diagnostics,un,228,0.010000289399531265,0.0,0.010000289399531265,0.010000289399531265,1
HNHN,diagnostics,un,229,0.009951239018523649,0.0,0.009951239018523649,0.009951239018523649,1
HNHN,diagnostics,un,230,0.00990266815026276,0.0,0.00990266815026276,0.00990266815026276,1
HNHN,diagnostics,un,231,0.00985456924454775,0.0,0.00985456924454775,0.00985456924454775,1
HNHN,diagnostics,un,232,0.009806934899702593,0.0,0.009806934899702593,0.009806934899702593,1
HNHN,diagnostics,un,233,0.009759757859336997,0.0,0.009759757859336997,0.009759757859336997,1
HNHN,diagnostics,un,234,0.009713031009181333,0.0,0.009713031009181333,0.009713031009181333,1
HNHN,diagnostics,un,235,0.00966674737399395,0.0,0.00966674737399395,0.00966674737399395,1
HNHN,diagnostics,un,236,0.009620900114539135,0.0,0.009620900114539135,0.009620900114539135,1
HNHN,diagnostics,un,237,0.009575482524634131,0.0,0.009575482524634131,0.009575482524634131,1
HNHN,diagnostics,un,238,0.009530488028263655,0.0,0.009530488028263655,0.009530488028263655,1
HNHN,diagnostics,un,239,0.009485910176760301,0.0,0.009485910176760301,0.009485910176760301,1
HNHN,diagnostics,un,240,0.009441742646049314,0.0,0.009441742646049314,0.009441742646049314,1
HNHN,diagnostics,un,241,0.009397979233956345,0.0,0.009397979233956345,0.009397979233956345,1
HNHN,diagnostics,un,242,0.009354613857576582,0.0,0.009354613857576582,0.009354613857576582,1
HNHN,diagnostics,un,243,0.00931164055070394,0.0,0.00931164055070394,0.00931164055070394,1
HNHN,diagnostics,un,244,0.009269053461318894,0.0,0.009269053461318894,0.009269053461318894,1
HNHN,diagnostics,un,245,0.009226846849133608,0.0,0.009226846849133608,0.009226846849133608,1
HNHN,diagnostics,un,246,0.009185015083192964,0.0,0.009185015083192964,0.009185015083192964,1
HNHN,diagnostics,un,247,0.009143552639530308,0.0,0.009143552639530308,0.009143552639530308,1
HNHN,diagnostics,un,248,0.009102454098876533,0.0,0.009102454098876533,0.009102454098876533,1
HNHN,diagnostics,un,249,0.009061714144421319,0.0,0.009061714144421319,0.009061714144421319,1
HNHN,diagnostics,un,250,0.00902132755962533,0.0,0.00902132755962533,0.00902132755962533,1
HNHN,diagnostics,un,251,0.008981289226082096,0.0,0.008981289226082096,0.008981289226082096,1
HNHN,diagnostics,un,252,0.00894159412142854,0.0,0.00894159412142854,0.00894159412142854,1
HNHN,diagnostics,un,253,0.008902237317302933,0.0,0.008902237317302933,0.008902237317302933,1
HNHN,diagnostics,un,254,0.008863213977349179,0.0,0.008863213977349179,0.008863213977349179,1
HNHN,diagnostics,un,255,0.008824519355266418,0.0,0.008824519355266418,0.008824519355266418,1
HNHN,diagnostics,un,256,0.008786148792902772,0.0,0.008786148792902772,0.008786148792902772,1
HNHN,diagnostics,sym,0,1.0,0.0,1.0,1.0,1
HNHN,diagnostics,sym,1,0.774626164197893,0.0,0.774626164197893,0.774626164197893,1
HNHN,diagnostics,sym,2,0.6003606221687992,0.0,0.6003606221687992,0.6003606221687992,1
HNHN,diagnostics,sym,3,0.4824728885222799,0.0,0.4824728885222799,0.4824728885222799,1
HNHN,diagnostics,sym,4,0.40505343714190606,0.0,0.40505343714190606,0.40505343714190606,1
HNHN,diagnostics,sym,5,0.3523593631203447,0.0,0.3523593631203447,0.3523593631203447,1
HNHN,diagnostics,sym,6,0.31433213047062586,0.0,0.31433213047062586,0.31433213047062586,1
HNHN,diagnostics,sym,7,0.2853564405688833,0.0,0.2853564405688833,0.2853564405688833,1
HNHN,diagnostics,sym,8,0.262352092197411,0.0,0.262352092197411,0.262352092197411,1
HNHN,diagnostics,sym,9,0.2435535182164953,0.0,0.2435535182164953,0.2435535182164953,1
HNHN,diagnostics,sym,10,0.22787235985253373,0.0,0.22787235985253373,0.22787235985253373,1
HNHN,diagnostics,sym,11,0.21458535842936016,0.0,0.21458535842936016,0.21458535842936016,1
HNHN,diagnostics,sym,12,0.20318162257861538,0.0,0.20318162257861538,0.20318162257861538,1
HNHN,diagnostics,sym,13,0.1932845589237506,0.0,0.1932845589237506,0.1932845589237506,1
HNHN,diagnostics,sym,14,0.18460882200702902,0.0,0.18460882200702902,0.18460882200702902,1
HNHN,diagnostics,sym,15,0.176934335677536,0.0,0.176934335677536,0.176934335677536,1
HNHN,diagnostics,sym,16,0.17008926012016953,0.0,0.17008926012016953,0.17008926012016953,1
HNHN,diagnostics,sym,17,0.16393810779846538,0.0,0.16393810779846538,0.16393810779846538,1
HNHN,diagnostics,sym,18,0.15837311465545262,0.0,0.15837311465545262,0.15837311465545262,1
HNHN,diagnostics,sym,19,0.15330782913592222,0.0,0.15330782913592222,0.15330782913592222,1
HNHN,diagnostics,sym,20,0.14867228877089525,0.0,0.14867228877089525,0.14867228877089525,1
HNHN,diagnostics,sym,21,0.1444093658330233,0.0,0.1444093658330233,0.1444093658330233,1
HNHN,diagnostics,sym,22,0.14047198653368628,0.0,0.14047198653368628,0.14047198653368628,1
HNHN,diagnostics,sym,23,0.13682100745358608,0.0,0.13682100745358608,0.13682100745358608,1
HNHN,diagnostics,sym,24,0.13342358800827192,0.0,0.13342358800827192,0.13342358800827192,1
HNHN,diagnostics,sym,25,0.1302519378895993,0.0,0.1302519378895993,0.1302519378895993,1
HNHN,diagnostics,sym,26,0.12728234834060648,0.0,0.12728234834060648,0.12728234834060648,1
HNHN,diagnostics,sym,27,0.12449443862787148,0.0,0.12449443862787148,0.12449443862787148,1
HNHN,diagnostics,sym,28,0.12187056604705894,0.0,0.12187056604705894,0.12187056604705894,1
HNHN,diagnostics,sym,29,0.11939536058519652,0.0,0.11939536058519652,0.11939536058519652,1
HNHN,diagnostics,sym,30,0.11705535498071849,0.0,0.11705535498071849,0.11705535498071849,1
HNHN,diagnostics,sym,31,0.11483868814161703,0.0,0.11483868814161703,0.11483868814161703,1
HNHN,diagnostics,sym,32,0.11273486529304838,0.0,0.11273486529304838,0.11273486529304838,1
HNHN,diagnostics,sym,33,0.11073456227784444,0.0,0.11073456227784444,0.11073456227784444,1
HNHN,diagnostics,sym,34,0.1088294644673134,0.0,0.1088294644673134,0.1088294644673134,1
HNHN,diagnostics,sym,35,0.10701213301253651,0.0,0.10701213301253651,0.10701213301253651,1
HNHN,diagnostics,sym,36,0.10527589287116094,0.0,0.10527589287116094,0.10527589287116094,1
HNHN,diagnostics,sym,37,0.10361473832593465,0.0,0.10361473832593465,0.10361473832593465,1
HNHN,diagnostics,sym,38,0.10202325267672864,0.0,0.10202325267672864,0.10202325267672864,1
HNHN,diagnostics,sym,39,0.10049653951782578,0.0,0.10049653951782578,0.10049653951782578,1
HNHN,diagnostics,sym,40,0.09903016356649375,0.0,0.09903016356649375,0.09903016356649375,1
HNHN,diagnostics,sym,41,0.09762009943165356,0.0,0.09762009943165356,0.09762009943165356,1
HNHN,diagnostics,sym,42,0.09626268703573747,0.0,0.09626268703573747,0.09626268703573747,1
HNHN,diagnostics,sym,43,0.09495459265307087,0.0,0.09495459265307087,0.09495459265307087,1
HNHN,diagnostics,sym,44,0.09369277472252388,0.0,0.09369277472252388,0.09369277472252388,1
HNHN,diagnostics,sym,45,0.09247445374430191,0.0,0.09247445374430191,0.09247445374430191,1
HNHN,diagnostics,sym,46,0.09129708569070759,0.0,0.09129708569070759,0.09129708569070759,1
HNHN,diagnostics,sym,47,0.09015833845606304,0.0,0.09015833845606304,0.09015833845606304,1
HNHN,diagnostics,sym,48,0.08905607094741327,0.0,0.08905607094741327,0.08905607094741327,1
HNHN,diagnostics,sym,49,0.08798831447940525,0.0,0.08798831447940525,0.08798831447940525,1
HNHN,diagnostics,sym,50,0.08695325618708376,0.0,0.08695325618708376,0.08695325618708376,1
HNHN,diagnostics,sym,51,0.0859492242117112,0.0,0.0859492242117112,0.0859492242117112,1
HNHN,diagnostics,sym,52,0.08497467444897963,0.0,0.08497467444897963,0.08497467444897963,1
HNHN,diagnostics,sym,53,0.08402817867756833,0.0,0.08402817867756833,0.08402817867756833,1
HNHN,diagnostics,sym,54,0.08310841391002304,0.0,0.08310841391002304,0.08310841391002304,1
HNHN,diagnostics,sym,55,0.08221415282825388,0.0,0.08221415282825388,0.08221415282825388,1
HNHN,diagnostics,sym,56,0.08134425518323883,0.0,0.08134425518323883,0.08134425518323883,1
HNHN,diagnostics,sym,57,0.08049766005331822,0.0,0.08049766005331822,0.08049766005331822,1
HNHN,diagnostics,sym,58,0.07967337886819119,0.0,0.07967337886819119,0.07967337886819119,1
HNHN,diagnostics,sym,59,0.0788704891167166,0.0,0.0788704891167166,0.0788704891167166,1
HNHN,diagnostics,sym,60,0.07808812866615693,0.0,0.07808812866615693,0.07808812866615693,1
HNHN,diagnostics,sym,61,0.07732549062880348,0.0,0.07732549062880348,0.07732549062880348,1
HNHN,diagnostics,sym,62,0.0765818187191686,0.0,0.0765818187191686,0.0765818187191686,1
HNHN,diagnostics,sym,63,0.07585640305127961,0.0,0.07585640305127961,0.07585640305127961,1
HNHN,diagnostics,sym,64,0.07514857633118138,0.0,0.07514857633118138,0.07514857633118138,1
HNHN,diagnostics,sym,65,0.07445771040466134,0.0,0.07445771040466134,0.07445771040466134,1
HNHN,diagnostics,sym,66,0.07378321312453363,0.0,0.07378321312453363,0.07378321312453363,1
HNHN,diagnostics,sym,67,0.07312452550564302,0.0,0.07312452550564302,0.07312452550564302,1
HNHN,diagnostics,sym,68,0.0724811191391289,0.0,0.0724811191391289,0.0724811191391289,1
HNHN,diagnostics,sym,69,0.07185249384048806,0.0,0.07185249384048806,0.07185249384048806,1
HNHN,diagnostics,sym,70,0.07123817550863401,0.0,0.07123817550863401,0.07123817550863401,1
HNHN,diagnostics,sym,71,0.07063771417551512,0.0,0.07063771417551512,0.07063771417551512,1
HNHN,diagnostics,sym,72,0.07005068222795689,0.0,0.07005068222795689,0.07005068222795689,1
HNHN,diagnostics,sym,73,0.069476672785266,0.0,0.069476672785266,0.069476672785266,1
HNHN,diagnostics,sym,74,0.0689152982178046,0.0,0.0689152982178046,0.0689152982178046,1
HNHN,diagnostics,sym,75,0.06836618879323422,0.0,0.06836618879323422,0.06836618879323422,1
HNHN,diagnostics,sym,76,0.0678289914384585,0.0,0.0678289914384585,0.0678289914384585,1
HNHN,diagnostics,sym,77,0.06730336860648603,0.0,0.06730336860648603,0.06730336860648603,1
HNHN,diagnostics,sym,78,0.06678899723849901,0.0,0.06678899723849901,0.06678899723849901,1
HNHN,diagnostics,sym,79,0.06628556781236679,0.0,0.06628556781236679,0.06628556781236679,1
HNHN,diagnostics,sym,80,0.06579278346969969,0.0,0.06579278346969969,0.06579278346969969,1
HNHN,diagnostics,sym,81,0.06531035921430416,0.0,0.06531035921430416,0.06531035921430416,1
HNHN,diagnostics,sym,82,0.06483802117558869,0.0,0.06483802117558869,0.06483802117558869,1
HNHN,diagnostics,sym,83,0.064375505931089,0.0,0.064375505931089,0.064375505931089,1
HNHN,diagnostics,sym,84,0.06392255988283577,0.0,0.06392255988283577,0.06392255988283577,1
HNHN,diagnostics,sym,85,0.06347893868278844,0.0,0.06347893868278844,0.06347893868278844,1
HNHN,diagnostics,sym,86,0.06304440670300898,0.0,0.06304440670300898,0.06304440670300898,1
HNHN,diagnostics,sym,87,0.0626187365466535,0.0,0.0626187365466535,0.0626187365466535,1
HNHN,diagnostics,sym,88,0.06220170859622642,0.0,0.06220170859622642,0.06220170859622642,1
HNHN,diagnostics,sym,89,0.06179311059587018,0.0,0.06179311059587018,0.06179311059587018,1
HNHN,diagnostics,sym,90,0.06139273726476084,0.0,0.06139273726476084,0.06139273726476084,1
HNHN,diagnostics,sym,91,0.06100038993894892,0.0,0.06100038993894892,0.06100038993894892,1
HNHN,diagnostics,sym,92,0.060615876239227,0.0,0.060615876239227,0.060615876239227,1
HNHN,diagnostics,sym,93,0.06023900976282446,0.0,0.06023900976282446,0.06023900976282446,1
HNHN,diagnostics,sym,94,0.05986960979692896,0.0,0.05986960979692896,0.05986960979692896,1
HNHN,diagnostics,sym,95,0.0595075010522132,0.0,0.0595075010522132,0.0595075010522132,1
HNHN,diagnostics,sym,96,0.05915251341470823,0.0,0.05915251341470823,0.05915251341470823,1
HNHN,diagnostics,sym,97,0.0588044817145121,0.0,0.0588044817145121,0.0588044817145121,1
HNHN,diagnostics,sym,98,0.05846324550995607,0.0,0.05846324550995607,0.05846324550995607,1
HNHN,diagnostics,sym,99,0.05812864888597211,0.0,0.05812864888597211,0.05812864888597211,1
HNHN,diagnostics,sym,100,0.057800540265514865,0.0,0.057800540265514865,0.057800540265514865,1
HNHN,diagnostics,sym,101,0.057478772232992054,0.0,0.057478772232992054,0.057478772232992054,1
HNHN,diagnostics,sym,102,0.05716320136874728,0.0,0.05716320136874728,0.05716320136874728,1
HNHN,diagnostics,sym,103,0.05685368809372216,0.0,0.05685368809372216,0.05685368809372216,1
HNHN,diagnostics,sym,104,0.05655009652349972,0.0,0.05655009652349972,0.05655009652349972,1
HNHN,diagnostics,sym,105,0.05625229433099923,0.0,0.05625229433099923,0.05625229433099923,1
HNHN,diagnostics,sym,106,0.0559601526171552,0.0,0.0559601526171552,0.0559601526171552,1
HNHN,diagnostics,sym,107,0.05567354578896909,0.0,0.05567354578896909,0.05567354578896909,1
HNHN,diagnostics,sym,108,0.05539235144437502,0.0,0.05539235144437502,0.05539235144437502,1
HNHN,diagnostics,sym,109,0.05511645026340702,0.0,0.05511645026340702,0.05511645026340702,1
HNHN,diagnostics,sym,110,0.05484572590519825,0.0,0.05484572590519825,0.05484572590519825,1
HNHN,diagnostics,sym,111,0.05458006491038282,0.0,0.05458006491038282,0.05458006491038282,1
HNHN,diagnostics,sym,112,0.054319356608504954,0.0,0.054319356608504954,0.054319356608504954,1
HNHN,diagnostics,sym,113,0.05406349303007428,0.0,0.05406349303007428,0.05406349303007428,1
HNHN,diagnostics,sym,114,0.05381236882293529,0.0,0.05381236882293529,0.05381236882293529,1
HNHN,diagnostics,sym,115,0.05356588117264595,0.0,0.05356588117264595,0.05356588117264595,1
HNHN,diagnostics,sym,116,0.05332392972658601,0.0,0.05332392972658601,0.05332392972658601,1
HNHN,diagnostics,sym,117,0.05308641652153776,0.0,0.05308641652153776,0.05308641652153776,1
HNHN,diagnostics,sym,118,0.052853245914503175,0.0,0.052853245914503175,0.052853245914503175,1
HNHN,diagnostics,sym,119,0.052624324516539915,0.0,0.052624324516539915,0.052624324516539915,1
HNHN,diagnostics,sym,120,0.052399561129417106,0.0,0.052399561129417106,0.052399561129417106,1
HNHN,diagnostics,sym,121,0.05217886668490636,0.0,0.05217886668490636,0.05217886668490636,1
HNHN,diagnostics,sym,122,0.05196215418653944,0.0,0.05196215418653944,0.05196215418653944,1
HNHN,diagnostics,sym,123,0.05174933865367647,0.0,0.05174933865367647,0.05174933865367647,1
HNHN,diagnostics,sym,124,0.05154033706774124,0.0,0.05154033706774124,0.05154033706774124,1
HNHN,diagnostics,sym,125,0.05133506832049144,0.0,0.05133506832049144,0.05133506832049144,1
HNHN,diagnostics,sym,126,0.05113345316420141,0.0,0.05113345316420141,0.05113345316420141,1
HNHN,diagnostics,sym,127,0.050935414163645464,0.0,0.050935414163645464,0.050935414163645464,1
HNHN,diagnostics,sym,128,0.050740875649777264,0.0,0.050740875649777264,0.050740875649777264,1
HNHN,diagnostics,sym,129,0.05054976367500973,0.0,0.05054976367500973,0.05054976367500973,1
HNHN,diagnostics,sym,130,0.050362005970006216,0.0,0.050362005970006216,0.050362005970006216,1
HNHN,diagnostics,sym,131,0.05017753190190174,0.0,0.05017753190190174,0.05017753190190174,1
HNHN,diagnostics,sym,132,0.04999627243387761,0.0,0.04999627243387761,0.04999627243387761,1
HNHN,diagnostics,sym,133,0.04981816008601945,0.0,0.04981816008601945,0.04981816008601945,1
HNHN,diagnostics,sym,134,0.0496431288973936,0.0,0.0496431288973936,0.0496431288973936,1
HNHN,diagnostics,sym,135,0.04947111438928152,0.0,0.04947111438928152,0.04947111438928152,1
HNHN,diagnostics,sym,136,0.049302053529515805,0.0,0.049302053529515805,0.049302053529515805,1
HNHN,diagnostics,sym,137,0.04913588469786618,0.0,0.04913588469786618,0.04913588469786618,1
HNHN,diagnostics,sym,138,0.04897254765242706,0.0,0.04897254765242706,0.04897254765242706,1
HNHN,diagnostics,sym,139,0.04881198349696136,0.0,0.04881198349696136,0.04881198349696136,1
HNHN,diagnostics,sym,140,0.04865413464915892,0.0,0.04865413464915892,0.04865413464915892,1
HNHN,diagnostics,sym,141,0.04849894480977066,0.0,0.04849894480977066,0.04849894480977066,1
HNHN,diagnostics,sym,142,0.04834635893258145,0.0,0.04834635893258145,0.04834635893258145,1
HNHN,diagnostics,sym,143,0.04819632319518831,0.0,0.04819632319518831,0.04819632319518831,1
HNHN,diagnostics,sym,144,0.04804878497055166,0.0,0.04804878497055166,0.04804878497055166,1
HNHN,diagnostics,sym,145,0.04790369279929019,0.0,0.04790369279929019,0.04790369279929019,1
HNHN,diagnostics,sym,146,0.04776099636269094,0.0,0.04776099636269094,0.04776099636269094,1
HNHN,diagnostics,sym,147,0.04762064645640915,0.0,0.04762064645640915,0.04762064645640915,1
HNHN,diagnostics,sym,148,0.047482594964832536,0.0,0.047482594964832536,0.047482594964832536,1
HNHN,diagnostics,sym,149,0.04734679483608736,0.0,0.04734679483608736,0.04734679483608736,1
HNHN,diagnostics,sym,150,0.047213200057664044,0.0,0.047213200057664044,0.047213200057664044,1
HNHN,diagnostics,sym,151,0.047081765632642644,0.0,0.047081765632642644,0.047081765632642644,1
HNHN,diagnostics,sym,152,0.04695244755649751,0.0,0.04695244755649751,0.04695244755649751,1
HNHN,diagnostics,sym,153,0.04682520279446395,0.0,0.04682520279446395,0.04682520279446395,1
HNHN,diagnostics,sym,154,0.046699989259449015,0.0,0.046699989259449015,0.046699989259449015,1
HNHN,diagnostics,sym,155,0.04657676579046962,0.0,0.04657676579046962,0.04657676579046962,1
HNHN,diagnostics,sym,156,0.046455492131603326,0.0,0.046455492131603326,0.046455492131603326,1
HNHN,diagnostics,sym,157,0.0463361289114358,0.0,0.0463361289114358,0.0463361289114358,1
HNHN,diagnostics,sym,158,0.04621863762299153,0.0,0.04621863762299153,0.04621863762299153,1
HNHN,diagnostics,sym,159,0.04610298060413414,0.0,0.04610298060413414,0.04610298060413414,1
HNHN,diagnostics,sym,160,0.0459891210184233,0.0,0.0459891210184233,0.0459891210184233,1
HNHN,diagnostics,sym,161,0.04587702283641597,0.0,0.04587702283641597,0.04587702283641597,1
HNHN,diagnostics,sym,162,0.04576665081740027,0.0,0.04576665081740027,0.04576665081740027,1
HNHN,diagnostics,sym,163,0.04565797049155071,0.0,0.04565797049155071,0.04565797049155071,1
HNHN,diagnostics,sym,164,0.04555094814249352,0.0,0.04555094814249352,0.04555094814249352,1
HNHN,diagnostics,sym,165,0.04544555079027243,0.0,0.04544555079027243,0.04544555079027243,1
HNHN,diagnostics,sym,166,0.04534174617470412,0.0,0.04534174617470412,0.04534174617470412,1
HNHN,diagnostics,sym,167,0.045239502739114146,0.0,0.045239502739114146,0.045239502739114146,1
HNHN,diagnostics,sym,168,0.04513878961444387,0.0,0.04513878961444387,0.04513878961444387,1
HNHN,diagnostics,sym,169,0.045039576603719385,0.0,0.045039576603719385,0.045039576603719385,1
HNHN,diagnostics,sym,170,0.044941834166873904,0.0,0.044941834166873904,0.044941834166873904,1
HNHN,diagnostics,sym,171,0.04484553340591511,0.0,0.04484553340591511,0.04484553340591511,1
HNHN,diagnostics,sym,172,0.044750646050429214,0.0,0.044750646050429214,0.044750646050429214,1
HNHN,diagnostics,sym,173,0.04465714444341418,0.0,0.04465714444341418,0.04465714444341418,1
HNHN,diagnostics,sym,174,0.04456500152743412,0.0,0.04456500152743412,0.04456500152743412,1
HNHN,diagnostics,sym,175,0.04447419083108776,0.0,0.04447419083108776,0.04447419083108776,1
HNHN,diagnostics,sym,176,0.0443846864557834,0.0,0.0443846864557834,0.0443846864557834,1
HNHN,diagnostics,sym,177,0.04429646306281385,0.0,0.04429646306281385,0.04429646306281385,1
HNHN,diagnostics,sym,178,0.04420949586072414,0.0,0.04420949586072414,0.04420949586072414,1
HNHN,diagnostics,sym,179,0.044123760592965446,0.0,0.044123760592965446,0.044123760592965446,1
HNHN,diagnostics,sym,180,0.04403923352582906,0.0,0.04403923352582906,0.04403923352582906,1
HNHN,diagnostics,sym,181,0.0439558914366537,0.0,0.0439558914366537,0.0439558914366537,1
HNHN,diagnostics,sym,182,0.043873711602300317,0.0,0.043873711602300317,0.043873711602300317,1
HNHN,diagnostics,sym,183,0.04379267178788842,0.0,0.04379267178788842,0.04379267178788842,1
HNHN,diagnostics,sym,184,0.043712750235787766,0.0,0.043712750235787766,0.043712750235787766,1
HNHN,diagnostics,sym,185,0.043633925654860406,0.0,0.043633925654860406,0.043633925654860406,1
HNHN,diagnostics,sym,186,0.04355617720994646,0.0,0.04355617720994646,0.04355617720994646,1
HNHN,diagnostics,sym,187,0.04347948451158944,0.0,0.04347948451158944,0.04347948451158944,1
HNHN,diagnostics,sym,188,0.043403827605994705,0.0,0.043403827605994705,0.043403827605994705,1
HNHN,diagnostics,sym,189,0.0433291869652168,0.0,0.0433291869652168,0.0433291869652168,1
HNHN,diagnostics,sym,190,0.04325554347756958,0.0,0.04325554347756958,0.04325554347756958,1
HNHN,diagnostics,sym,191,0.04318287843825537,0.0,0.04318287843825537,0.04318287843825537,1
HNHN,diagnostics,sym,192,0.04311117354020721,0.0,0.04311117354020721,0.04311117354020721,1
HNHN,diagnostics,sym,193,0.043040410865140113,0.0,0.043040410865140113,0.043040410865140113,1
HNHN,diagnostics,sym,194,0.04297057287480655,0.0,0.04297057287480655,0.04297057287480655,1
HNHN,diagnostics,sym,195,0.04290164240245139,0.0,0.04290164240245139,0.04290164240245139,1
HNHN,diagnostics,sym,196,0.042833602644462274,0.0,0.042833602644462274,0.042833602644462274,1
HNHN,diagnostics,sym,197,0.04276643715221054,0.0,0.04276643715221054,0.04276643715221054,1
HNHN,diagnostics,sym,198,0.04270012982407909,0.0,0.04270012982407909,0.04270012982407909,1
HNHN,diagnostics,sym,199,0.04263466489767241,0.0,0.04263466489767241,0.04263466489767241,1
HNHN,diagnostics,sym,200,0.04257002694220507,0.0,0.04257002694220507,0.04257002694220507,1
HNHN,diagnostics,sym,201,0.042506200851064595,0.0,0.042506200851064595,0.042506200851064595,1
HNHN,diagnostics,sym,202,0.04244317183454478,0.0,0.04244317183454478,0.04244317183454478,1
HNHN,diagnostics,sym,203,0.04238092541274557,0.0,0.04238092541274557,0.04238092541274557,1
HNHN,diagnostics,sym,204,0.04231944740863604,0.0,0.04231944740863604,0.04231944740863604,1
HNHN,diagnostics,sym,205,0.04225872394127633,0.0,0.04225872394127633,0.04225872394127633,1
HNHN,diagnostics,sym,206,0.04219874141919549,0.0,0.04219874141919549,0.04219874141919549,1
HNHN,diagnostics,sym,207,0.04213948653392129,0.0,0.04213948653392129,0.04213948653392129,1
HNHN,diagnostics,sym,208,0.042080946253658734,0.0,0.042080946253658734,0.042080946253658734,1
HNHN,diagnostics,sym,209,0.04202310781711403,0.0,0.04202310781711403,0.04202310781711403,1
HNHN,diagnostics,sym,210,0.041965958727460506,0.0,0.041965958727460506,0.041965958727460506,1
HNHN,diagnostics,sym,211,0.041909486746443285,0.0,0.041909486746443285,0.041909486746443285,1
HNHN,diagnostics,sym,212,0.041853679888619835,0.0,0.041853679888619835,0.041853679888619835,1
HNHN,diagnostics,sym,213,0.04179852641573275,0.0,0.04179852641573275,0.04179852641573275,1
HNHN,diagnostics,sym,214,0.04174401483121249,0.0,0.04174401483121249,0.04174401483121249,1
HNHN,diagnostics,sym,215,0.04169013387480645,0.0,0.04169013387480645,0.04169013387480645,1
HNHN,diagnostics,sym,216,0.04163687251733161,0.0,0.04163687251733161,0.04163687251733161,1
HNHN,diagnostics,sym,217,0.041584219955548535,0.0,0.041584219955548535,0.041584219955548535,1
HNHN,diagnostics,sym,218,0.04153216560715286,0.0,0.04153216560715286,0.04153216560715286,1
HNHN,diagnostics,sym,219,0.04148069910588269,0.0,0.04148069910588269,0.04148069910588269,1
HNHN,diagnostics,sym,220,0.04142981029673838,0.0,0.04142981029673838,0.04142981029673838,1
HNHN,diagnostics,sym,221,0.041379489231312565,0.0,0.041379489231312565,0.041379489231312565,1
HNHN,diagnostics,sym,222,0.04132972616322791,0.0,0.04132972616322791,0.04132972616322791,1
HNHN,diagnostics,sym,223,0.041280511543679684,0.0,0.041280511543679684,0.041280511543679684,1
HNHN,diagnostics,sym,224,0.04123183601708138,0.0,0.04123183601708138,0.04123183601708138,1
HNHN,diagnostics,sym,225,0.04118369041681026,0.0,0.04118369041681026,0.04118369041681026,1
HNHN,diagnostics,sym,226,0.041136065761051235,0.0,0.041136065761051235,0.041136065761051235,1
HNHN,diagnostics,sym,227,0.041088953248736265,0.0,0.041088953248736265,0.041088953248736265,1
HNHN,diagnostics,sym,228,0.04104234425557719,0.0,0.04104234425557719,0.04104234425557719,1
HNHN,diagnostics,sym,229,0.040996230330190134,0.0,0.040996230330190134,0.040996230330190134,1
HNHN,diagnostics,sym,230,0.04095060319030878,0.0,0.04095060319030878,0.04095060319030878,1
HNHN,diagnostics,sym,231,0.04090545471908504,0.0,0.04090545471908504,0.04090545471908504,1
HNHN,diagnostics,sym,232,0.04086077696147471,0.0,0.04086077696147471,0.04086077696147471,1
HNHN,diagnostics,sym,233,0.04081656212070605,0.0,0.04081656212070605,0.04081656212070605,1
HNHN,diagnostics,sym,234,0.04077280255482992,0.0,0.04077280255482992,0.04077280255482992,1
HNHN,diagnostics,sym,235,0.04072949077334875,0.0,0.04072949077334875,0.04072949077334875,1
HNHN,diagnostics,sym,236,0.04068661943392328,0.0,0.04068661943392328,0.04068661943392328,1
HNHN,diagnostics,sym,237,0.040644181339154595,0.0,0.040644181339154595,0.040644181339154595,1
HNHN,diagnostics,sym,238,0.04060216943344026,0.0,0.04060216943344026,0.04060216943344026,1
HNHN,diagnostics,sym,239,0.04056057679990238,0.0,0.04056057679990238,0.04056057679990238,1
HNHN,diagnostics,sym,240,0.04051939665738609,0.0,0.04051939665738609,0.04051939665738609,1
HNHN,diagnostics,sym,241,0.040478622357526875,0.0,0.040478622357526875,0.040478622357526875,1
HNHN,diagnostics,sym,242,0.04043824738188504,0.0,0.04043824738188504,0.04043824738188504,1
HNHN,diagnostics,sym,243,0.04039826533914555,0.0,0.04039826533914555,0.04039826533914555,1
HNHN,diagnostics,sym,244,0.0403586699623822,0.0,0.0403586699623822,0.0403586699623822,1
HNHN,diagnostics,sym,245,0.040319455106384114,0.0,0.040319455106384114,0.040319455106384114,1
HNHN,diagnostics,sym,246,0.04028061474504327,0.0,0.04028061474504327,0.04028061474504327,1
HNHN,diagnostics,sym,247,0.040242142968801776,0.0,0.040242142968801776,0.040242142968801776,1
HNHN,diagnostics,sym,248,0.04020403398215728,0.0,0.04020403398215728,0.04020403398215728,1
HNHN,diagnostics,sym,249,0.040166282101225186,0.0,0.040166282101225186,0.040166282101225186,1
HNHN,diagnostics,sym,250,0.040128881751356496,0.0,0.040128881751356496,0.040128881751356496,1
HNHN,diagnostics,sym,251,0.04009182746480972,0.0,0.04009182746480972,0.04009182746480972,1
HNHN,diagnostics,sym,252,0.040055113878475816,0.0,0.040055113878475816,0.040055113878475816,1
HNHN,diagnostics,sym,253,0.0400187357316547,0.0,0.0400187357316547,0.0400187357316547,1
HNHN,diagnostics,sym,254,0.03998268786388233,0.0,0.03998268786388233,0.03998268786388233,1
HNHN,diagnostics,sym,255,0.03994696521280703,0.0,0.03994696521280703,0.03994696521280703,1
HNHN,diagnostics,sym,256,0.03991156281211374,0.0,0.03991156281211374,0.03991156281211374,1
HNHN,diagnostics,op,0,1.0,0.0,1.0,1.0,1
HNHN,diagnostics,op,1,0.6954602300239526,0.0,0.6954602300239526,0.6954602300239526,1
HNHN,diagnostics,op,2,0.47801877218651667,0.0,0.47801877218651667,0.47801877218651667,1
HNHN,diagnostics,op,3,0.3436221146001051,0.0,0.3436221146001051,0.3436221146001051,1
HNHN,diagnostics,op,4,0.26346358707343687,0.0,0.26346358707343687,0.26346358707343687,1
HNHN,diagnostics,op,5,0.21370728331739022,0.0,0.21370728331739022,0.21370728331739022,1
HNHN,diagnostics,op,6,0.18048247956934366,0.0,0.18048247956934366,0.18048247956934366,1
HNHN,diagnostics,op,7,0.1566213735655975,0.0,0.1566213735655975,0.1566213735655975,1
HNHN,diagnostics,op,8,0.13848304492304353,0.0,0.13848304492304353,0.13848304492304353,1
HNHN,diagnostics,op,9,0.12414009085743262,0.0,0.12414009085743262,0.12414009085743262,1
HNHN,diagnostics,op,10,0.11249218883697866,0.0,0.11249218883697866,0.11249218883697866,1
HNHN,diagnostics,op,11,0.10285433951728458,0.0,0.10285433951728458,0.10285433951728458,1
HNHN,diagnostics,op,12,0.09476567238893366,0.0,0.09476567238893366,0.09476567238893366,1
HNHN,diagnostics,op,13,0.08789741812851926,0.0,0.08789741812851926,0.08789741812851926,1
HNHN,diagnostics,op,14,0.08200557108912336,0.0,0.08200557108912336,0.08200557108912336,1
HNHN,diagnostics,op,15,0.07690433005190266,0.0,0.07690433005190266,0.07690433005190266,1
HNHN,diagnostics,op,16,0.07244979105702898,0.0,0.07244979105702898,0.07244979105702898,1
HNHN,diagnostics,op,17,0.06852913657772093,0.0,0.06852913657772093,0.06852913657772093,1
HNHN,diagnostics,op,18,0.06505305860168992,0.0,0.06505305860168992,0.06505305860168992,1
HNHN,diagnostics,op,19,0.06195025311040815,0.0,0.06195025311040815,0.06195025311040815,1
HNHN,diagnostics,op,20,0.059163330233929286,0.0,0.059163330233929286,0.059163330233929286,1
HNHN,diagnostics,op,21,0.05664573462466505,0.0,0.05664573462466505,0.05664573462466505,1
HNHN,diagnostics,op,22,0.05435940592443166,0.0,0.05435940592443166,0.05435940592443166,1
HNHN,diagnostics,op,23,0.052272989828608396,0.0,0.052272989828608396,0.052272989828608396,1
HNHN,diagnostics,op,24,0.0503604625214637,0.0,0.0503604625214637,0.0503604625214637,1
HNHN,diagnostics,op,25,0.04860006728635232,0.0,0.04860006728635232,0.04860006728635232,1
HNHN,diagnostics,op,26,0.04697348790987125,0.0,0.04697348790987125,0.04697348790987125,1
HNHN,diagnostics,op,27,0.04546520240862542,0.0,0.04546520240862542,0.04546520240862542,1
HNHN,diagnostics,op,28,0.04406197462177665,0.0,0.04406197462177665,0.04406197462177665,1
HNHN,diagnostics,op,29,0.0427524516615364,0.0,0.0427524516615364,0.0427524516615364,1
HNHN,diagnostics,op,30,0.041526843028455086,0.0,0.041526843028455086,0.041526843028455086,1
HNHN,diagnostics,op,31,0.04037666305356848,0.0,0.04037666305356848,0.04037666305356848,1
HNHN,diagnostics,op,32,0.03929452272286705,0.0,0.03929452272286705,0.03929452272286705,1
HNHN,diagnostics,op,33,0.03827396024118736,0.0,0.03827396024118736,0.03827396024118736,1
HNHN,diagnostics,op,34,0.03730930217842842,0.0,0.03730930217842842,0.03730930217842842,1
HNHN,diagnostics,op,35,0.036395548916889654,0.0,0.036395548916889654,0.036395548916889654,1
HNHN,diagnostics,op,36,0.035528279538127885,0.0,0.035528279538127885,0.035528279538127885,1
HNHN,diagnostics,op,37,0.03470357236558326,0.0,0.03470357236558326,0.03470357236558326,1
HNHN,diagnostics,op,38,0.0339179382007173,0.0,0.0339179382007173,0.0339179382007173,1
HNHN,diagnostics,op,39,0.03316826391919763,0.0,0.03316826391919763,0.03316826391919763,1
HNHN,diagnostics,op,40,0.03245176457723755,0.0,0.03245176457723755,0.03245176457723755,1
HNHN,diagnostics,op,41,0.031765942552004586,0.0,0.031765942552004586,0.031765942552004586,1
HNHN,diagnostics,op,42,0.03110855253056055,0.0,0.03110855253056055,0.03110855253056055,1
HNHN,diagnostics,op,43,0.03047757138894213,0.0,0.03047757138894213,0.03047757138894213,1
HNHN,diagnostics,op,44,0.029871172181649253,0.0,0.029871172181649253,0.029871172181649253,1
HNHN,diagnostics,op,45,0.029287701603201377,0.0,0.029287701603201377,0.029287701603201377,1
HNHN,diagnostics,op,46,0.028725660396035683,0.0,0.028725660396035683,0.028725660396035683,1
HNHN,diagnostics,op,47,0.028183686269280393,0.0,0.028183686269280393,0.028183686269280393,1
HNHN,diagnostics,op,48,0.027660538965738196,0.0,0.027660538965738196,0.027660538965738196,1
HNHN,diagnostics,op,49,0.027155087173499196,0.0,0.027155087173499196,0.027155087173499196,1
HNHN,diagnostics,op,50,0.026666297026843245,0.0,0.026666297026843245,0.026666297026843245,1
HNHN,diagnostics,op,51,0.026193221980709672,0.0,0.026193221980709672,0.026193221980709672,1
HNHN,diagnostics,op,52,0.02573499387572632,0.0,0.02573499387572632,0.02573499387572632,1
HNHN,diagnostics,op,53,0.025290815037948784,0.0,0.025290815037948784,0.025290815037948784,1
HNHN,diagnostics,op,54,0.024859951280117337,0.0,0.024859951280117337,0.024859951280117337,1
HNHN,diagnostics,op,55,0.024441725690227584,0.0,0.024441725690227584,0.024441725690227584,1
HNHN,diagnostics,op,56,0.024035513109195786,0.0,0.024035513109195786,0.024035513109195786,1
HNHN,diagnostics,op,57,0.02364073521290765,0.0,0.02364073521290765,0.02364073521290765,1
HNHN,diagnostics,op,58,0.023256856125399,0.0,0.023256856125399,0.023256856125399,1
HNHN,diagnostics,op,59,0.022883378499670502,0.0,0.022883378499670502,0.022883378499670502,1
HNHN,diagnostics,op,60,0.022519840010968115,0.0,0.022519840010968115,0.022519840010968115,1
HNHN,diagnostics,op,61,0.02216581021449381,0.0,0.02216581021449381,0.02216581021449381,1
HNHN,diagnostics,op,62,0.021820887725638026,0.0,0.021820887725638026,0.021820887725638026,1
HNHN,diagnostics,op,63,0.0214846976860989,0.0,0.0214846976860989,0.0214846976860989,1
HNHN,diagnostics,op,64,0.021156889483806094,0.0,0.021156889483806094,0.021156889483806094,1
HNHN,diagnostics,op,65,0.020837134698503543,0.0,0.020837134698503543,0.020837134698503543,1
HNHN,diagnostics,op,66,0.02052512524825841,0.0,0.02052512524825841,0.02052512524825841,1
HNHN,diagnostics,op,67,0.02022057171512698,0.0,0.02022057171512698,0.02022057171512698,1
HNHN,diagnostics,op,68,0.019923201830786597,0.0,0.019923201830786597,0.019923201830786597,1
HNHN,diagnostics,op,69,0.019632759105190585,0.0,0.019632759105190585,0.019632759105190585,1
HNHN,diagnostics,op,70,0.019349001583265104,0.0,0.019349001583265104,0.019349001583265104,1
HNHN,diagnostics,op,71,0.019071700716382967,0.0,0.019071700716382967,0.019071700716382967,1
HNHN,diagnostics,op,72,0.018800640336852605,0.0,0.018800640336852605,0.018800640336852605,1
HNHN,diagnostics,op,73,0.018535615724978617,0.0,0.018535615724978617,0.018535615724978617,1
HNHN,diagnostics,op,74,0.01827643275940885,0.0,0.01827643275940885,0.01827643275940885,1
HNHN,diagnostics,op,75,0.01802290714250189,0.0,0.01802290714250189,0.01802290714250189,1
HNHN,diagnostics,op,76,0.017774863693346327,0.0,0.017774863693346327,0.017774863693346327,1
HNHN,diagnostics,op,77,0.017532135701855574,0.0,0.017532135701855574,0.017532135701855574,1
HNHN,diagnostics,op,78,0.01729456433806112,0.0,0.01729456433806112,0.01729456433806112,1
HNHN,diagnostics,op,79,0.017061998111346073,0.0,0.017061998111346073,0.017061998111346073,1
HNHN,diagnostics,op,80,0.01683429237490897,0.0,0.01683429237490897,0.01683429237490897,1
HNHN,diagnostics,op,81,0.016611308871233566,0.0,0.016611308871233566,0.016611308871233566,1
HNHN,diagnostics,op,82,0.01639291531477201,0.0,0.01639291531477201,0.01639291531477201,1
HNHN,diagnostics,op,83,0.01617898500843216,0.0,0.01617898500843216,0.01617898500843216,1
HNHN,diagnostics,op,84,0.01596939649080141,0.0,0.01596939649080141,0.01596939649080141,1
HNHN,diagnostics,op,85,0.01576403321134352,0.0,0.01576403321134352,0.01576403321134352,1
HNHN,diagnostics,op,86,0.01556278323107618,0.0,0.01556278323107618,0.01556278323107618,1
HNHN,diagnostics,op,87,0.015365538946479807,0.0,0.015365538946479807,0.015365538946479807,1
HNHN,diagnostics,op,88,0.015172196834604556,0.0,0.015172196834604556,0.015172196834604556,1
HNHN,diagnostics,op,89,0.014982657217536671,0.0,0.014982657217536671,0.014982657217536671,1
HNHN,diagnostics,op,90,0.014796824044559342,0.0,0.014796824044559342,0.014796824044559342,1
HNHN,diagnostics,op,91,0.01461460469049901,0.0,0.01461460469049901,0.01461460469049901,1
HNHN,diagnostics,op,92,0.014435909768888625,0.0,0.014435909768888625,0.014435909768888625,1
HNHN,diagnostics,op,93,0.014260652958704913,0.0,0.014260652958704913,0.014260652958704913,1
HNHN,diagnostics,op,94,0.014088750843550558,0.0,0.014088750843550558,0.014088750843550558,1
HNHN,diagnostics,op,95,0.013920122762254107,0.0,0.013920122762254107,0.013920122762254107,1
HNHN,diagnostics,op,96,0.013754690669952762,0.0,0.013754690669952762,0.013754690669952762,1
HNHN,diagnostics,op,97,0.013592379008806407,0.0,0.013592379008806407,0.013592379008806407,1
HNHN,diagnostics,op,98,0.013433114587566276,0.0,0.013433114587566276,0.013433114587566276,1
HNHN,diagnostics,op,99,0.013276826469290032,0.0,0.013276826469290032,0.013276826469290032,1
HNHN,diagnostics,op,100,0.013123445866556182,0.0,0.013123445866556182,0.013123445866556182,1
HNHN,diagnostics,op,101,0.012972906043586993,0.0,0.012972906043586993,0.012972906043586993,1
HNHN,diagnostics,op,102,0.012825142224739438,0.0,0.012825142224739438,0.012825142224739438,1
HNHN,diagnostics,op,103,0.012680091508869706,0.0,0.012680091508869706,0.012680091508869706,1
HNHN,diagnostics,op,104,0.0125376927891187,0.0,0.0125376927891187,0.0125376927891187,1
HNHN,diagnostics,op,105,0.01239788667770384,0.0,0.01239788667770384,0.01239788667770384,1
HNHN,diagnostics,op,106,0.012260615435336922,0.0,0.012260615435336922,0.012260615435336922,1
HNHN,diagnostics,op,107,0.012125822904919573,0.0,0.012125822904919573,0.012125822904919573,1
HNHN,diagnostics,op,108,0.011993454449196281,0.0,0.011993454449196281,0.011993454449196281,1
HNHN,diagnostics,op,109,0.011863456892071174,0.0,0.011863456892071174,0.011863456892071174,1
HNHN,diagnostics,op,110,0.011735778463318816,0.0,0.011735778463318816,0.011735778463318816,1
HNHN,diagnostics,op,111,0.011610368746440837,0.0,0.011610368746440837,0.011610368746440837,1
HNHN,diagnostics,op,112,0.011487178629440395,0.0,0.011487178629440395,0.011487178629440395,1
HNHN,diagnostics,op,113,0.01136616025830454,0.0,0.01136616025830454,0.01136616025830454,1
HNHN,diagnostics,op,114,0.011247266993001324,0.0,0.011247266993001324,0.011247266993001324,1
HNHN,diagnostics,op,115,0.011130453365813902,0.0,0.011130453365813902,0.011130453365813902,1
HNHN,diagnostics,op,116,0.01101567504184757,0.0,0.01101567504184757,0.01101567504184757,1
HNHN,diagnostics,op,117,0.010902888781558854,0.0,0.010902888781558854,0.010902888781558854,1
HNHN,diagnostics,op,118,0.010792052405167412,0.0,0.010792052405167412,0.010792052405167412,1
HNHN,diagnostics,op,119,0.010683124758822193,0.0,0.010683124758822193,0.010683124758822193,1
HNHN,diagnostics,op,120,0.010576065682403478,0.0,0.010576065682403478,0.010576065682403478,1
HNHN,diagnostics,op,121,0.010470835978851326,0.0,0.010470835978851326,0.010470835978851326,1
HNHN,diagnostics,op,122,0.01036739738491943,0.0,0.01036739738491943,0.01036739738491943,1
HNHN,diagnostics,op,123,0.010265712543260985,0.0,0.010265712543260985,0.010265712543260985,1
HNHN,diagnostics,op,124,0.010165744975760513,0.0,0.010165744975760513,0.010165744975760513,1
HNHN,diagnostics,op,125,0.01006745905803162,0.0,0.01006745905803162,0.01006745905803162,1
HNHN,diagnostics,op,126,0.009970819995007237,0.0,0.009970819995007237,0.009970819995007237,1
HNHN,diagnostics,op,127,0.009875793797553881,0.0,0.009875793797553881,0.009875793797553881,1
HNHN,diagnostics,op,128,0.009782347260046979,0.0,0.009782347260046979,0.009782347260046979,1
HNHN,diagnostics,op,129,0.009690447938848667,0.0,0.009690447938848667,0.009690447938848667,1
HNHN,diagnostics,op,130,0.00960006413163396,0.0,0.00960006413163396,0.00960006413163396,1
HNHN,diagnostics,op,131,0.009511164857515108,0.0,0.009511164857515108,0.009511164857515108,1
HNHN,diagnostics,op,132,0.009423719837917637,0.0,0.009423719837917637,0.009423719837917637,1
HNHN,diagnostics,op,133,0.009337699478164926,0.0,0.009337699478164926,0.009337699478164926,1
HNHN,diagnostics,op,134,0.009253074849731249,0.0,0.009253074849731249,0.009253074849731249,1
HNHN,diagnostics,op,135,0.009169817673126269,0.0,0.009169817673126269,0.009169817673126269,1
HNHN,diagnostics,op,136,0.009087900301376345,0.0,0.009087900301376345,0.009087900301376345,1
HNHN,diagnostics,op,137,0.00900729570407064,0.0,0.00900729570407064,0.00900729570407064,1
HNHN,diagnostics,op,138,0.008927977451942345,0.0,0.008927977451942345,0.008927977451942345,1
HNHN,diagnostics,op,139,0.008849919701957129,0.0,0.008849919701957129,0.008849919701957129,1
HNHN,diagnostics,op,140,0.008773097182883221,0.0,0.008773097182883221,0.008773097182883221,1
HNHN,diagnostics,op,141,0.008697485181318989,0.0,0.008697485181318989,0.008697485181318989,1
HNHN,diagnostics,op,142,0.008623059528155716,0.0,0.008623059528155716,0.008623059528155716,1
HNHN,diagnostics,op,143,0.008549796585454744,0.0,0.008549796585454744,0.008549796585454744,1
HNHN,diagnostics,op,144,0.008477673233719495,0.0,0.008477673233719495,0.008477673233719495,1
HNHN,diagnostics,op,145,0.008406666859544295,0.0,0.008406666859544295,0.008406666859544295,1
HNHN,diagnostics,op,146,0.00833675534362296,0.0,0.00833675534362296,0.00833675534362296,1
HNHN,diagnostics,op,147,0.008267917049101426,0.0,0.008267917049101426,0.008267917049101426,1
HNHN,diagnostics,op,148,0.008200130810259504,0.0,0.008200130810259504,0.008200130810259504,1
HNHN,diagnostics,op,149,0.008133375921507934,0.0,0.008133375921507934,0.008133375921507934,1
HNHN,diagnostics,op,150,0.008067632126687738,0.0,0.008067632126687738,0.008067632126687738,1
HNHN,diagnostics,op,151,0.008002879608659728,0.0,0.008002879608659728,0.008002879608659728,1
HNHN,diagnostics,op,152,0.00793909897917265,0.0,0.00793909897917265,0.00793909897917265,1
HNHN,diagnostics,op,153,0.0078762712689993,0.0,0.0078762712689993,0.0078762712689993,1
HNHN,diagnostics,op,154,0.007814377918330501,0.0,0.007814377918330501,0.007814377918330501,1
HNHN,diagnostics,op,155,0.007753400767417396,0.0,0.007753400767417396,0.007753400767417396,1
HNHN,diagnostics,op,156,0.007693322047453157,0.0,0.007693322047453157,0.007693322047453157,1
HNHN,diagnostics,op,157,0.007634124371685638,0.0,0.007634124371685638,0.007634124371685638,1
HNHN,diagnostics,op,158,0.007575790726753027,0.0,0.007575790726753027,0.007575790726753027,1
HNHN,diagnostics,op,159,0.007518304464234927,0.0,0.007518304464234927,0.007518304464234927,1
HNHN,diagnostics,op,160,0.007461649292411791,0.0,0.007461649292411791,0.007461649292411791,1
HNHN,diagnostics,op,161,0.007405809268225932,0.0,0.007405809268225932,0.007405809268225932,1
HNHN,diagnostics,op,162,0.007350768789437744,0.0,0.007350768789437744,0.007350768789437744,1
HNHN,diagnostics,op,163,0.007296512586970999,0.0,0.007296512586970999,0.007296512586970999,1
HNHN,diagnostics,op,164,0.007243025717441571,0.0,0.007243025717441571,0.007243025717441571,1
HNHN,diagnostics,op,165,0.007190293555863948,0.0,0.007190293555863948,0.007190293555863948,1
HNHN,diagnostics,op,166,0.007138301788530451,0.0,0.007138301788530451,0.007138301788530451,1
HNHN,diagnostics,op,167,0.00708703640605808,0.0,0.00708703640605808,0.00708703640605808,1
HNHN,diagnostics,op,168,0.007036483696598284,0.0,0.007036483696598284,0.007036483696598284,1
HNHN,diagnostics,op,169,0.00698663023920507,0.0,0.00698663023920507,0.00698663023920507,1
HNHN,diagnostics,op,170,0.006937462897357162,0.0,0.006937462897357162,0.006937462897357162,1
HNHN,diagnostics,op,171,0.0068889688126299855,0.0,0.0068889688126299855,0.0068889688126299855,1
HNHN,diagnostics,op,172,0.006841135398513521,0.0,0.006841135398513521,0.006841135398513521,1
HNHN,diagnostics,op,173,0.006793950334372186,0.0,0.006793950334372186,0.006793950334372186,1
HNHN,diagnostics,op,174,0.006747401559543081,0.0,0.006747401559543081,0.006747401559543081,1
HNHN,diagnostics,op,175,0.006701477267569021,0.0,0.006701477267569021,0.006701477267569021,1
HNHN,diagnostics,op,176,0.006656165900562967,0.0,0.006656165900562967,0.006656165900562967,1
HNHN,diagnostics,op,177,0.006611456143700609,0.0,0.006611456143700609,0.006611456143700609,1
HNHN,diagnostics,op,178,0.006567336919837861,0.0,0.006567336919837861,0.006567336919837861,1
HNHN,diagnostics,op,179,0.00652379738425024,0.0,0.00652379738425024,0.00652379738425024,1
HNHN,diagnostics,op,180,0.00648082691949121,0.0,0.00648082691949121,0.00648082691949121,1
HNHN,diagnostics,op,181,0.006438415130366586,0.0,0.006438415130366586,0.006438415130366586,1
HNHN,diagnostics,op,182,0.006396551839022225,0.0,0.006396551839022225,0.006396551839022225,1
HNHN,diagnostics,op,183,0.006355227080142359,0.0,0.006355227080142359,0.006355227080142359,1
HNHN,diagnostics,op,184,0.006314431096255973,0.0,0.006314431096255973,0.006314431096255973,1
HNHN,diagnostics,op,185,0.00627415433314865,0.0,0.00627415433314865,0.00627415433314865,1
HNHN,diagnostics,op,186,0.006234387435377508,0.0,0.006234387435377508,0.006234387435377508,1
HNHN,diagnostics,op,187,0.006195121241886797,0.0,0.006195121241886797,0.006195121241886797,1
HNHN,diagnostics,op,188,0.0061563467817218765,0.0,0.0061563467817218765,0.0061563467817218765,1
HNHN,diagnostics,op,189,0.006118055269839328,0.0,0.006118055269839328,0.006118055269839328,1
HNHN,diagnostics,op,190,0.006080238103010969,0.0,0.006080238103010969,0.006080238103010969,1
HNHN,diagnostics,op,191,0.006042886855819722,0.0,0.006042886855819722,0.006042886855819722,1
HNHN,diagnostics,op,192,0.006005993276745174,0.0,0.006005993276745174,0.006005993276745174,1
HNHN,diagnostics,op,193,0.005969549284336886,0.0,0.005969549284336886,0.005969549284336886,1
HNHN,diagnostics,op,194,0.005933546963473411,0.0,0.005933546963473411,0.005933546963473411,1
HNHN,diagnostics,op,195,0.005897978561705184,0.0,0.005897978561705184,0.005897978561705184,1
HNHN,diagnostics,op,196,0.005862836485679297,0.0,0.005862836485679297,0.005862836485679297,1
HNHN,diagnostics,op,197,0.005828113297644457,0.0,0.005828113297644457,0.005828113297644457,1
HNHN,diagnostics,op,198,0.00579380171203423,0.0,0.00579380171203423,0.00579380171203423,1
HNHN,diagnostics,op,199,0.005759894592126914,0.0,0.005759894592126914,0.005759894592126914,1
HNHN,diagnostics,op,200,0.0057263849467802655,0.0,0.0057263849467802655,0.0057263849467802655,1
HNHN,diagnostics,op,201,0.005693265927239489,0.0,0.005693265927239489,0.005693265927239489,1
HNHN,diagnostics,op,202,0.005660530824016789,0.0,0.005660530824016789,0.005660530824016789,1
HNHN,diagnostics,op,203,0.005628173063840946,0.0,0.005628173063840946,0.005628173063840946,1
HNHN,diagnostics,op,204,0.005596186206675361,0.0,0.005596186206675361,0.005596186206675361,1
HNHN,diagnostics,op,205,0.005564563942803029,0.0,0.005564563942803029,0.005564563942803029,1
HNHN,diagnostics,op,206,0.005533300089976959,0.0,0.005533300089976959,0.005533300089976959,1
HNHN,diagnostics,op,207,0.005502388590634595,0.0,0.005502388590634595,0.005502388590634595,1
HNHN,diagnostics,op,208,0.005471823509174837,0.0,0.005471823509174837,0.005471823509174837,1
HNHN,diagnostics,op,209,0.005441599029296229,0.0,0.005441599029296229,0.005441599029296229,1
HNHN,diagnostics,op,210,0.0054117094513949976,0.0,0.0054117094513949976,0.0054117094513949976,1
HNHN,diagnostics,op,211,0.005382149190021572,0.0,0.005382149190021572,0.005382149190021572,1
HNHN,diagnostics,op,212,0.005352912771394321,0.0,0.005352912771394321,0.005352912771394321,1
HNHN,diagnostics,op,213,0.0053239948309692225,0.0,0.0053239948309692225,0.0053239948309692225,1
HNHN,diagnostics,op,214,0.005295390111064184,0.0,0.005295390111064184,0.005295390111064184,1
HNHN,diagnostics,op,215,0.005267093458536867,0.0,0.005267093458536867,0.005267093458536867,1
HNHN,diagnostics,op,216,0.00523909982251475,0.0,0.00523909982251475,0.00523909982251475,1
HNHN,diagnostics,op,217,0.005211404252176303,0.0,0.005211404252176303,0.005211404252176303,1
HNHN,diagnostics,op,218,0.005184001894582129,0.0,0.005184001894582129,0.005184001894582129,1
HNHN,diagnostics,op,219,0.0051568879925549364,0.0,0.0051568879925549364,0.0051568879925549364,1
HNHN,diagnostics,op,220,0.0051300578826072776,0.0,0.0051300578826072776,0.0051300578826072776,1
HNHN,diagnostics,op,221,0.005103506992915942,0.0,0.005103506992915942,0.005103506992915942,1
HNHN,diagnostics,op,222,0.005077230841341981,0.0,0.005077230841341981,0.005077230841341981,1
HNHN,diagnostics,op,223,0.00505122503349537,0.0,0.00505122503349537,0.00505122503349537,1
HNHN,diagnostics,op,224,0.005025485260843229,0.0,0.005025485260843229,0.005025485260843229,1
HNHN,diagnostics,op,225,0.005000007298860678,0.0,0.005000007298860678,0.005000007298860678,1
HNHN,diagnostics,op,226,0.004974787005223377,0.0,0.004974787005223377,0.004974787005223377,1
HNHN,diagnostics,op,227,0.0049498203180407385,0.0,0.0049498203180407385,0.0049498203180407385,1
HNHN,diagnostics,op,228,0.004925103254128974,0.0,0.004925103254128974,0.004925103254128974,1
HNHN,diagnostics,op,229,0.00490063190732303,0.0,0.00490063190732303,0.00490063190732303,1
HNHN,diagnostics,op,230,0.0048764024468265395,0.0,0.0048764024468265395,0.0048764024468265395,1
HNHN,diagnostics,op,231,0.004852411115598933,0.0,0.004852411115598933,0.004852411115598933,1
HNHN,diagnostics,op,232,0.004828654228778866,0.0,0.004828654228778866,0.004828654228778866,1
HNHN,diagnostics,op,233,0.004805128172143132,0.0,0.004805128172143132,0.004805128172143132,1
HNHN,diagnostics,op,234,0.00478182940060028,0.0,0.00478182940060028,0.00478182940060028,1
HNHN,diagnostics,op,235,0.004758754436718095,0.0,0.004758754436718095,0.004758754436718095,1
HNHN,diagnostics,op,236,0.0047358998692842175,0.0,0.0047358998692842175,0.0047358998692842175,1
HNHN,diagnostics,op,237,0.004713262351899152,0.0,0.004713262351899152,0.004713262351899152,1
HNHN,diagnostics,op,238,0.00469083860160088,0.0,0.00469083860160088,0.00469083860160088,1
HNHN,diagnostics,op,239,0.004668625397520387,0.0,0.004668625397520387,0.004668625397520387,1
HNHN,diagnostics,op,240,0.004646619579567409,0.0,0.004646619579567409,0.004646619579567409,1
HNHN,diagnostics,op,241,0.004624818047145673,0.0,0.004624818047145673,0.004624818047145673,1
HNHN,diagnostics,op,242,0.004603217757896998,0.0,0.004603217757896998,0.004603217757896998,1
HNHN,diagnostics,op,243,0.004581815726473543,0.0,0.004581815726473543,0.004581815726473543,1
HNHN,diagnostics,op,244,0.0045606090233376315,0.0,0.0045606090233376315,0.0045606090233376315,1
HNHN,diagnostics,op,245,0.0045395947735884365,0.0,0.0045395947735884365,0.0045395947735884365,1
HNHN,diagnostics,op,246,0.004518770155814979,0.0,0.004518770155814979,0.004518770155814979,1
HNHN,diagnostics,op,247,0.004498132400974792,0.0,0.004498132400974792,0.004498132400974792,1
HNHN,diagnostics,op,248,0.004477678791297698,0.0,0.004477678791297698,0.004477678791297698,1
HNHN,diagnostics,op,249,0.004457406659214072,0.0,0.004457406659214072,0.004457406659214072,1
HNHN,diagnostics,op,250,0.004437313386307099,0.0,0.004437313386307099,0.004437313386307099,1
HNHN,diagnostics,op,251,0.004417396402288392,0.0,0.004417396402288392,0.004417396402288392,1
HNHN,diagnostics,op,252,0.004397653183996514,0.0,0.004397653183996514,0.004397653183996514,1
HNHN,diagnostics,op,253,0.004378081254417803,0.0,0.004378081254417803,0.004378081254417803,1
HNHN,diagnostics,op,254,0.004358678181729047,0.0,0.004358678181729047,0.004358678181729047,1
HNHN,diagnostics,op,255,0.004339441578361483,0.0,0.004339441578361483,0.004339441578361483,1
HNHN,diagnostics,op,256,0.004320369100085605,0.0,0.004320369100085605,0.004320369100085605,1
HNHN,restart,base,0,1.0,0.0,1.0,1.0,1
HNHN,restart,base,1,0.4542791158594814,0.0,0.4542791158594814,0.4542791158594814,1
HNHN,restart,base,2,0.2349979030164352,0.0,0.2349979030164352,0.2349979030164352,1
HNHN,restart,base,3,0.13935106061094882,0.0,0.13935106061094882,0.13935106061094882,1
HNHN,restart,base,4,0.09302196314970414,0.0,0.09302196314970414,0.09302196314970414,1
HNHN,restart,base,5,0.06780625839296678,0.0,0.06780625839296678,0.06780625839296678,1
HNHN,restart,base,6,0.0524838979635204,0.0,0.0524838979635204,0.0524838979635204,1
HNHN,restart,base,7,0.042300491252427734,0.0,0.042300491252427734,0.042300491252427734,1
HNHN,restart,base,8,0.03507258632697826,0.0,0.03507258632697826,0.03507258632697826,1
HNHN,restart,base,9,0.029699638768446012,0.0,0.029699638768446012,0.029699638768446012,1
HNHN,restart,base,10,0.025571829241948604,0.0,0.025571829241948604,0.025571829241948604,1
HNHN,restart,base,11,0.022321497375668593,0.0,0.022321497375668593,0.022321497375668593,1
HNHN,restart,base,12,0.019711547751702245,0.0,0.019711547751702245,0.019711547751702245,1
HNHN,restart,base,13,0.017581241410858872,0.0,0.017581241410858872,0.017581241410858872,1
HNHN,restart,base,14,0.015817578994780822,0.0,0.015817578994780822,0.015817578994780822,1
HNHN,restart,base,15,0.014338965668884008,0.0,0.014338965668884008,0.014338965668884008,1
HNHN,restart,base,16,0.013085250887927984,0.0,0.013085250887927984,0.013085250887927984,1
HNHN,restart,base,17,0.012011335155535428,0.0,0.012011335155535428,0.012011335155535428,1
HNHN,restart,base,18,0.01108290649146683,0.0,0.01108290649146683,0.01108290649146683,1
HNHN,restart,base,19,0.010273515841825868,0.0,0.010273515841825868,0.010273515841825868,1
HNHN,restart,base,20,0.009562527780038353,0.0,0.009562527780038353,0.009562527780038353,1
HNHN,restart,base,21,0.00893366021813152,0.0,0.00893366021813152,0.00893366021813152,1
HNHN,restart,base,22,0.00837392920067842,0.0,0.00837392920067842,0.00837392920067842,1
HNHN,restart,base,23,0.007872877042443608,0.0,0.007872877042443608,0.007872877042443608,1
HNHN,restart,base,24,0.007422001410558175,0.0,0.007422001410558175,0.007422001410558175,1
HNHN,restart,base,25,0.007014328610099934,0.0,0.007014328610099934,0.007014328610099934,1
HNHN,restart,base,26,0.006644091456699446,0.0,0.006644091456699446,0.006644091456699446,1
HNHN,restart,base,27,0.00630648375310598,0.0,0.00630648375310598,0.00630648375310598,1
HNHN,restart,base,28,0.005997471401039425,0.0,0.005997471401039425,0.005997471401039425,1
HNHN,restart,base,29,0.005713645765233609,0.0,0.005713645765233609,0.005713645765233609,1
HNHN,restart,base,30,0.005452108838499277,0.0,0.005452108838499277,0.005452108838499277,1
HNHN,restart,base,31,0.005210382549398981,0.0,0.005210382549398981,0.005210382549398981,1
HNHN,restart,base,32,0.00498633655431336,0.0,0.00498633655431336,0.00498633655431336,1
HNHN,restart,base,33,0.004778130299571302,0.0,0.004778130299571302,0.004778130299571302,1
HNHN,restart,base,34,0.004584166189624903,0.0,0.004584166189624903,0.004584166189624903,1
HNHN,restart,base,35,0.004403051467001081,0.0,0.004403051467001081,0.004403051467001081,1
HNHN,restart,base,36,0.004233566978085724,0.0,0.004233566978085724,0.004233566978085724,1
HNHN,restart,base,37,0.004074641421494999,0.0,0.004074641421494999,0.004074641421494999,1
HNHN,restart,base,38,0.003925329992480565,0.0,0.003925329992480565,0.003925329992480565,1
HNHN,restart,base,39,0.0037847965758158702,0.0,0.0037847965758158702,0.0037847965758158702,1
HNHN,restart,base,40,0.003652298821284665,0.0,0.003652298821284665,0.003652298821284665,1
HNHN,restart,base,41,0.0035271755749807275,0.0,0.0035271755749807275,0.0035271755749807275,1
HNHN,restart,base,42,0.003408836246865588,0.0,0.003408836246865588,0.003408836246865588,1
HNHN,restart,base,43,0.003296751778286862,0.0,0.003296751778286862,0.003296751778286862,1
HNHN,restart,base,44,0.003190446938236568,0.0,0.003190446938236568,0.003190446938236568,1
HNHN,restart,base,45,0.003089493728332264,0.0,0.003089493728332264,0.003089493728332264,1
HNHN,restart,base,46,0.002993505717050394,0.0,0.002993505717050394,0.002993505717050394,1
HNHN,restart,base,47,0.0029021331560469465,0.0,0.0029021331560469465,0.0029021331560469465,1
HNHN,restart,base,48,0.0028150587572934056,0.0,0.0028150587572934056,0.0028150587572934056,1
HNHN,restart,base,49,0.0027319940306266273,0.0,0.0027319940306266273,0.0027319940306266273,1
HNHN,restart,base,50,0.00265267609822474,0.0,0.00265267609822474,0.00265267609822474,1
HNHN,restart,base,51,0.002576864916298333,0.0,0.002576864916298333,0.002576864916298333,1
HNHN,restart,base,52,0.002504340845562839,0.0,0.002504340845562839,0.002504340845562839,1
HNHN,restart,base,53,0.0024349025213308536,0.0,0.0024349025213308536,0.0024349025213308536,1
HNHN,restart,base,54,0.0023683649817210464,0.0,0.0023683649817210464,0.0023683649817210464,1
HNHN,restart,base,55,0.002304558018830516,0.0,0.002304558018830516,0.002304558018830516,1
HNHN,restart,base,56,0.0022433247230037403,0.0,0.0022433247230037403,0.0022433247230037403,1
HNHN,restart,base,57,0.0021845201947477554,0.0,0.0021845201947477554,0.0021845201947477554,1
HNHN,restart,base,58,0.002128010402545869,0.0,0.002128010402545869,0.002128010402545869,1
HNHN,restart,base,59,0.0020736711679364317,0.0,0.0020736711679364317,0.0020736711679364317,1
HNHN,restart,base,60,0.002021387261850683,0.0,0.002021387261850683,0.002021387261850683,1
HNHN,restart,base,61,0.0019710515984268577,0.0,0.0019710515984268577,0.0019710515984268577,1
HNHN,restart,base,62,0.0019225645144042257,0.0,0.0019225645144042257,0.0019225645144042257,1
HNHN,restart,base,63,0.0018758331238055966,0.0,0.0018758331238055966,0.0018758331238055966,1
HNHN,restart,base,64,0.0018307707389857385,0.0,0.0018307707389857385,0.0018307707389857385,1
HNHN,restart,base,65,0.0017872963502934692,0.0,0.0017872963502934692,0.0017872963502934692,1
HNHN,restart,base,66,0.0017453341575982167,0.0,0.0017453341575982167,0.0017453341575982167,1
HNHN,restart,base,67,0.0017048131477932966,0.0,0.0017048131477932966,0.0017048131477932966,1
HNHN,restart,base,68,0.0016656667131296837,0.0,0.0016656667131296837,0.0016656667131296837,1
HNHN,restart,base,69,0.0016278323058737086,0.0,0.0016278323058737086,0.0016278323058737086,1
HNHN,restart,base,70,0.0015912511253349157,0.0,0.0015912511253349157,0.0015912511253349157,1
HNHN,restart,base,71,0.0015558678337891031,0.0,0.0015558678337891031,0.0015558678337891031,1
HNHN,restart,base,72,0.00152163029823698,0.0,0.00152163029823698,0.00152163029823698,1
HNHN,restart,base,73,0.0014884893552999756,0.0,0.0014884893552999756,0.0014884893552999756,1
HNHN,restart,base,74,0.001456398596869225,0.0,0.001456398596869225,0.001456398596869225,1
HNHN,restart,base,75,0.0014253141743981097,0.0,0.0014253141743981097,0.0014253141743981097,1
HNHN,restart,base,76,0.0013951946199684748,0.0,0.0013951946199684748,0.0013951946199684748,1
HNHN,restart,base,77,0.0013660006824705515,0.0,0.0013660006824705515,0.0013660006824705515,1
HNHN,restart,base,78,0.001337695177420636,0.0,0.001337695177420636,0.001337695177420636,1
HNHN,restart,base,79,0.001310242849102196,0.0,0.001310242849102196,0.001310242849102196,1
HNHN,restart,base,80,0.0012836102438582829,0.0,0.0012836102438582829,0.0012836102438582829,1
HNHN,restart,base,81,0.0012577655934883694,0.0,0.0012577655934883694,0.0012577655934883694,1
HNHN,restart,base,82,0.0012326787078132853,0.0,0.0012326787078132853,0.0012326787078132853,1
HNHN,restart,base,83,0.0012083208755695718,0.0,0.0012083208755695718,0.0012083208755695718,1
HNHN,restart,base,84,0.001184664772881066,0.0,0.001184664772881066,0.001184664772881066,1
HNHN,restart,base,85,0.001161684378632109,0.0,0.001161684378632109,0.001161684378632109,1
HNHN,restart,base,86,0.001139354896134779,0.0,0.001139354896134779,0.001139354896134779,1
HNHN,restart,base,87,0.0011176526805430145,0.0,0.0011176526805430145,0.0011176526805430145,1
HNHN,restart,base,88,0.0010965551715202656,0.0,0.0010965551715202656,0.0010965551715202656,1
HNHN,restart,base,89,0.0010760408307152558,0.0,0.0010760408307152558,0.0010760408307152558,1
HNHN,restart,base,90,0.0010560890836432365,0.0,0.0010560890836432365,0.0010560890836432365,1
HNHN,restart,base,91,0.0010366802656083338,0.0,0.0010366802656083338,0.0010366802656083338,1
HNHN,restart,base,92,0.0010177955713368072,0.0,0.0010177955713368072,0.0010177955713368072,1
HNHN,restart,base,93,0.0009994170080216745,0.0,0.0009994170080216745,0.0009994170080216745,1
HNHN,restart,base,94,0.0009815273515066515,0.0,0.0009815273515066515,0.0009815273515066515,1
HNHN,restart,base,95,0.0009641101053620462,0.0,0.0009641101053620462,0.0009641101053620462,1
HNHN,restart,base,96,0.0009471494626274298,0.0,0.0009471494626274298,0.0009471494626274298,1
HNHN,restart,base,97,0.0009306302700159073,0.0,0.0009306302700159073,0.0009306302700159073,1
HNHN,restart,base,98,0.0009145379943927991,0.0,0.0009145379943927991,0.0009145379943927991,1
HNHN,restart,base,99,0.0008988586913578172,0.0,0.0008988586913578172,0.0008988586913578172,1
HNHN,restart,base,100,0.0008835789757744683,0.0,0.0008835789757744683,0.0008835789757744683,1
HNHN,restart,base,101,0.0008686859941037221,0.0,0.0008686859941037221,0.0008686859941037221,1
HNHN,restart,base,102,0.0008541673984109664,0.0,0.0008541673984109664,0.0008541673984109664,1
HNHN,restart,base,103,0.0008400113219261821,0.0,0.0008400113219261821,0.0008400113219261821,1
HNHN,restart,base,104,0.0008262063560471387,0.0,0.0008262063560471387,0.0008262063560471387,1
HNHN,restart,base,105,0.0008127415286843836,0.0,0.0008127415286843836,0.0008127415286843836,1
HNHN,restart,base,106,0.0007996062838549485,0.0,0.0007996062838549485,0.0007996062838549485,1
HNHN,restart,base,107,0.000786790462439124,0.0,0.000786790462439124,0.000786790462439124,1
HNHN,restart,base,108,0.0007742842840214029,0.0,0.0007742842840214029,0.0007742842840214029,1
HNHN,restart,base,109,0.0007620783297428561,0.0,0.0007620783297428561,0.0007620783297428561,1
HNHN,restart,base,110,0.0007501635260978306,0.0,0.0007501635260978306,0.0007501635260978306,1
HNHN,restart,base,111,0.0007385311296129866,0.0,0.0007385311296129866,0.0007385311296129866,1
HNHN,restart,base,112,0.0007271727123513931,0.0,0.0007271727123513931,0.0007271727123513931,1
HNHN,restart,base,113,0.0007160801481886903,0.0,0.0007160801481886903,0.0007160801481886903,1
HNHN,restart,base,114,0.0007052455998122615,0.0,0.0007052455998122615,0.0007052455998122615,1
HNHN,restart,base,115,0.0006946615063979721,0.0,0.0006946615063979721,0.0006946615063979721,1
HNHN,restart,base,116,0.0006843205719223232,0.0,0.0006843205719223232,0.0006843205719223232,1
HNHN,restart,base,117,0.0006742157540709221,0.0,0.0006742157540709221,0.0006742157540709221,1
HNHN,restart,base,118,0.0006643402537069551,0.0,0.0006643402537069551,0.0006643402537069551,1
HNHN,restart,base,119,0.0006546875048659089,0.0,0.0006546875048659089,0.0006546875048659089,1
HNHN,restart,base,120,0.0006452511652451585,0.0,0.0006452511652451585,0.0006452511652451585,1
HNHN,restart,base,121,0.0006360251071592146,0.0,0.0006360251071592146,0.0006360251071592146,1
HNHN,restart,base,122,0.0006270034089334163,0.0,0.0006270034089334163,0.0006270034089334163,1
HNHN,restart,base,123,0.0006181803467107203,0.0,0.0006181803467107203,0.0006181803467107203,1
HNHN,restart,base,124,0.0006095503866479405,0.0,0.0006095503866479405,0.0006095503866479405,1
HNHN,restart,base,125,0.0006011081774793598,0.0,0.0006011081774793598,0.0006011081774793598,1
HNHN,restart,base,126,0.000592848543427113,0.0,0.000592848543427113,0.000592848543427113,1
HNHN,restart,base,127,0.0005847664774390693,0.0,0.0005847664774390693,0.0005847664774390693,1
HNHN,restart,base,128,0.0005768571347362114,0.0,0.0005768571347362114,0.0005768571347362114,1
HNHN,restart,base,129,0.0005691158266526457,0.0,0.0005691158266526457,0.0005691158266526457,1
HNHN,restart,base,130,0.0005615380147524681,0.0,0.0005615380147524681,0.0005615380147524681,1
HNHN,restart,base,131,0.0005541193052086968,0.0,0.0005541193052086968,0.0005541193052086968,1
HNHN,restart,base,132,0.0005468554434304066,0.0,0.0005468554434304066,0.0005468554434304066,1
HNHN,restart,base,133,0.0005397423089250619,0.0,0.0005397423089250619,0.0005397423089250619,1
HNHN,restart,base,134,0.0005327759103838398,0.0,0.0005327759103838398,0.0005327759103838398,1
HNHN,restart,base,135,0.0005259523809784799,0.0,0.0005259523809784799,0.0005259523809784799,1
HNHN,restart,base,136,0.0005192679738588842,0.0,0.0005192679738588842,0.0005192679738588842,1
HNHN,restart,base,137,0.0005127190578413343,0.0,0.0005127190578413343,0.0005127190578413343,1
HNHN,restart,base,138,0.000506302113277799,0.0,0.000506302113277799,0.000506302113277799,1
HNHN,restart,base,139,0.0005000137280973496,0.0,0.0005000137280973496,0.0005000137280973496,1
HNHN,restart,base,140,0.000493850594011239,0.0,0.000493850594011239,0.000493850594011239,1
HNHN,restart,base,141,0.0004878095028736736,0.0,0.0004878095028736736,0.0004878095028736736,1
HNHN,restart,base,142,0.0004818873431907661,0.0,0.0004818873431907661,0.0004818873431907661,1
HNHN,restart,base,143,0.0004760810967705853,0.0,0.0004760810967705853,0.0004760810967705853,1
HNHN,restart,base,144,0.0004703878355076109,0.0,0.0004703878355076109,0.0004703878355076109,1
HNHN,restart,base,145,0.00046480471829527626,0.0,0.00046480471829527626,0.00046480471829527626,1
HNHN,restart,base,146,0.0004593289880606263,0.0,0.0004593289880606263,0.0004593289880606263,1
HNHN,restart,base,147,0.00045395796891545113,0.0,0.00045395796891545113,0.00045395796891545113,1
HNHN,restart,base,148,0.000448689063418551,0.0,0.000448689063418551,0.000448689063418551,1
HNHN,restart,base,149,0.0004435197499440824,0.0,0.0004435197499440824,0.0004435197499440824,1
HNHN,restart,base,150,0.00043844758015120156,0.0,0.00043844758015120156,0.00043844758015120156,1
HNHN,restart,base,151,0.00043347017655047415,0.0,0.00043347017655047415,0.00043347017655047415,1
HNHN,restart,base,152,0.0004285852301627521,0.0,0.0004285852301627521,0.0004285852301627521,1
HNHN,restart,base,153,0.00042379049826645,0.0,0.00042379049826645,0.00042379049826645,1
HNHN,restart,base,154,0.000419083802229357,0.0,0.000419083802229357,0.000419083802229357,1
HNHN,restart,base,155,0.0004144630254213142,0.0,0.0004144630254213142,0.0004144630254213142,1
HNHN,restart,base,156,0.00040992611120428175,0.0,0.00040992611120428175,0.00040992611120428175,1
HNHN,restart,base,157,0.00040547106099648566,0.0,0.00040547106099648566,0.00040547106099648566,1
HNHN,restart,base,158,0.0004010959324075035,0.0,0.0004010959324075035,0.0004010959324075035,1
HNHN,restart,base,159,0.00039679883744130106,0.0,0.00039679883744130106,0.00039679883744130106,1
HNHN,restart,base,160,0.0003925779407643794,0.0,0.0003925779407643794,0.0003925779407643794,1
HNHN,restart,base,161,0.0003884314580363284,0.0,0.0003884314580363284,0.0003884314580363284,1
HNHN,restart,base,162,0.0003843576543002141,0.0,0.0003843576543002141,0.0003843576543002141,1
HNHN,restart,base,163,0.00038035484243034804,0.0,0.00038035484243034804,0.00038035484243034804,1
HNHN,restart,base,164,0.0003764213816351072,0.0,0.0003764213816351072,0.0003764213816351072,1
HNHN,restart,base,165,0.0003725556760125754,0.0,0.0003725556760125754,0.0003725556760125754,1
HNHN,restart,base,166,0.00036875617315688995,0.0,0.00036875617315688995,0.00036875617315688995,1
HNHN,restart,base,167,0.00036502136281326737,0.0,0.00036502136281326737,0.00036502136281326737,1
HNHN,restart,base,168,0.00036134977557978064,0.0,0.00036134977557978064,0.00036134977557978064,1
HNHN,restart,base,169,0.0003577399816540442,0.0,0.0003577399816540442,0.0003577399816540442,1
HNHN,restart,base,170,0.0003541905896230505,0.0,0.0003541905896230505,0.0003541905896230505,1
HNHN,restart,base,171,0.00035070024529447615,0.0,0.00035070024529447615,0.00035070024529447615,1
HNHN,restart,base,172,0.0003472676305678551,0.0,0.0003472676305678551,0.0003472676305678551,1
HNHN,restart,base,173,0.000343891462344085,0.0,0.000343891462344085,0.000343891462344085,1
HNHN,restart,base,174,0.0003405704914717994,0.0,0.0003405704914717994,0.0003405704914717994,1
HNHN,restart,base,175,0.0003373035017292052,0.0,0.0003373035017292052,0.0003373035017292052,1
HNHN,restart,base,176,0.0003340893088400434,0.0,0.0003340893088400434,0.0003340893088400434,1
HNHN,restart,base,177,0.0003309267595223898,0.0,0.0003309267595223898,0.0003309267595223898,1
HNHN,restart,base,178,0.0003278147305690675,0.0,0.0003278147305690675,0.0003278147305690675,1
HNHN,restart,base,179,0.0003247521279584924,0.0,0.0003247521279584924,0.0003247521279584924,1
HNHN,restart,base,180,0.00032173788599483083,0.0,0.00032173788599483083,0.00032173788599483083,1
HNHN,restart,base,181,0.0003187709664763816,0.0,0.0003187709664763816,0.0003187709664763816,1
HNHN,restart,base,182,0.0003158503578911554,0.0,0.0003158503578911554,0.0003158503578911554,1
HNHN,restart,base,183,0.00031297507463865485,0.0,0.00031297507463865485,0.00031297507463865485,1
HNHN,restart,base,184,0.0003101441562769085,0.0,0.0003101441562769085,0.0003101441562769085,1
HNHN,restart,base,185,0.0003073566667938425,0.0,0.0003073566667938425,0.0003073566667938425,1
HNHN,restart,base,186,0.00030461169390211837,0.0,0.00030461169390211837,0.00030461169390211837,1
HNHN,restart,base,187,0.0003019083483565967,0.0,0.0003019083483565967,0.0003019083483565967,1
HNHN,restart,base,188,0.00029924576329361924,0.0,0.00029924576329361924,0.00029924576329361924,1
HNHN,restart,base,189,0.0002966230935913385,0.0,0.0002966230935913385,0.0002966230935913385,1
HNHN,restart,base,190,0.0002940395152503492,0.0,0.0002940395152503492,0.0002940395152503492,1
HNHN,restart,base,191,0.0002914942247939109,0.0,0.0002914942247939109,0.0002914942247939109,1
HNHN,restart,base,192,0.00028898643868707324,0.0,0.00028898643868707324,0.00028898643868707324,1
HNHN,restart,base,193,0.00028651539277404846,0.0,0.00028651539277404846,0.00028651539277404846,1
HNHN,restart,base,194,0.0002840803417331936,0.0,0.0002840803417331936,0.0002840803417331936,1
HNHN,restart,base,195,0.00028168055854899983,0.0,0.00028168055854899983,0.00028168055854899983,1
HNHN,restart,base,196,0.0002793153340004968,0.0,0.0002793153340004968,0.0002793153340004968,1
HNHN,restart,base,197,0.0002769839761655145,0.0,0.0002769839761655145,0.0002769839761655145,1
HNHN,restart,base,198,0.0002746858099402583,0.0,0.0002746858099402583,0.0002746858099402583,1
HNHN,restart,base,199,0.00027242017657367777,0.0,0.00027242017657367777,0.00027242017657367777,1
HNHN,restart,base,200,0.000270186433216126,0.0,0.000270186433216126,0.000270186433216126,1
HNHN,restart,base,201,0.00026798395248183,0.0,0.00026798395248183,0.00026798395248183,1
HNHN,restart,base,202,0.00026581212202470385,0.0,0.00026581212202470385,0.00026581212202470385,1
HNHN,restart,base,203,0.00026367034412706005,0.0,0.00026367034412706005,0.00026367034412706005,1
HNHN,restart,base,204,0.0002615580353007884,0.0,0.0002615580353007884,0.0002615580353007884,1
HNHN,restart,base,205,0.0002594746259005858,0.0,0.0002594746259005858,0.0002594746259005858,1
HNHN,restart,base,206,0.00025741955974883837,0.0,0.00025741955974883837,0.00025741955974883837,1
HNHN,restart,base,207,0.00025539229377177086,0.0,0.00025539229377177086,0.00025539229377177086,1
HNHN,restart,base,208,0.0002533922976464926,0.0,0.0002533922976464926,0.0002533922976464926,1
HNHN,restart,base,209,0.00025141905345858095,0.0,0.00025141905345858095,0.00025141905345858095,1
HNHN,restart,base,210,0.0002494720553698593,0.0,0.0002494720553698593,0.0002494720553698593,1
HNHN,restart,base,211,0.00024755080929603587,0.0,0.00024755080929603587,0.00024755080929603587,1
HNHN,restart,base,212,0.00024565483259388304,0.0,0.00024565483259388304,0.00024565483259388304,1
HNHN,restart,base,213,0.00024378365375764927,0.0,0.00024378365375764927,0.00024378365375764927,1
HNHN,restart,base,214,0.0002419368121244035,0.0,0.0002419368121244035,0.0002419368121244035,1
HNHN,restart,base,215,0.0002401138575880261,0.0,0.0002401138575880261,0.0002401138575880261,1
HNHN,restart,base,216,0.000238314350321568,0.0,0.000238314350321568,0.000238314350321568,1
HNHN,restart,base,217,0.00023653786050771027,0.0,0.00023653786050771027,0.00023653786050771027,1
HNHN,restart,base,218,0.00023478396807706658,0.0,0.00023478396807706658,0.00023478396807706658,1
HNHN,restart,base,219,0.00023305226245407752,0.0,0.00023305226245407752,0.00023305226245407752,1
HNHN,restart,base,220,0.0002313423423102582,0.0,0.0002313423423102582,0.0002313423423102582,1
HNHN,restart,base,221,0.00022965381532456436,0.0,0.00022965381532456436,0.00022965381532456436,1
HNHN,restart,base,222,0.00022798629795065371,0.0,0.00022798629795065371,0.00022798629795065371,1
HNHN,restart,base,223,0.0002263394151908265,0.0,0.0002263394151908265,0.0002263394151908265,1
HNHN,restart,base,224,0.00022471280037643447,0.0,0.00022471280037643447,0.00022471280037643447,1
HNHN,restart,base,225,0.0002231060949545566,0.0,0.0002231060949545566,0.0002231060949545566,1
HNHN,restart,base,226,0.00022151894828074682,0.0,0.00022151894828074682,0.00022151894828074682,1
HNHN,restart,base,227,0.00021995101741766453,0.0,0.00021995101741766453,0.00021995101741766453,1
HNHN,restart,base,228,0.00021840196693940489,0.0,0.00021840196693940489,0.00021840196693940489,1
HNHN,restart,base,229,0.00021687146874135407,0.0,0.00021687146874135407,0.00021687146874135407,1
HNHN,restart,base,230,0.00021535920185539894,0.0,0.00021535920185539894,0.00021535920185539894,1
HNHN,restart,base,231,0.00021386485227032427,0.0,0.00021386485227032427,0.00021386485227032427,1
HNHN,restart,base,232,0.00021238811275724233,0.0,0.00021238811275724233,0.00021238811275724233,1
HNHN,restart,base,233,0.00021092868269989736,0.0,0.00021092868269989736,0.00021092868269989736,1
HNHN,restart,base,234,0.00020948626792969896,0.0,0.00020948626792969896,0.00020948626792969896,1
HNHN,restart,base,235,0.00020806058056533792,0.0,0.00020806058056533792,0.00020806058056533792,1
HNHN,restart,base,236,0.0002066513388568478,0.0,0.0002066513388568478,0.0002066513388568478,1
HNHN,restart,base,237,0.00020525826703397717,0.0,0.00020525826703397717,0.00020525826703397717,1
HNHN,restart,base,238,0.00020388109515874066,0.0,0.00020388109515874066,0.00020388109515874066,1
HNHN,restart,base,239,0.00020251955898202578,0.0,0.00020251955898202578,0.00020251955898202578,1
HNHN,restart,base,240,0.00020117339980413107,0.0,0.00020117339980413107,0.00020117339980413107,1
HNHN,restart,base,241,0.00019984236433911987,0.0,0.00019984236433911987,0.00019984236433911987,1
HNHN,restart,base,242,0.0001985262045828747,0.0,0.0001985262045828747,0.0001985262045828747,1
HNHN,restart,base,243,0.0001972246776847416,0.0,0.0001972246776847416,0.0001972246776847416,1
HNHN,restart,base,244,0.0001959375458226593,0.0,0.0001959375458226593,0.0001959375458226593,1
HNHN,restart,base,245,0.00019466457608166736,0.0,0.00019466457608166736,0.00019466457608166736,1
HNHN,restart,base,246,0.00019340554033569614,0.0,0.00019340554033569614,0.00019340554033569614,1
HNHN,restart,base,247,0.00019216021513253934,0.0,0.00019216021513253934,0.00019216021513253934,1
HNHN,restart,base,248,0.00019092838158191712,0.0,0.00019092838158191712,0.00019092838158191712,1
HNHN,restart,base,249,0.00018970982524653797,0.0,0.00018970982524653797,0.00018970982524653797,1
HNHN,restart,base,250,0.00018850433603607197,0.0,0.00018850433603607197,0.00018850433603607197,1
HNHN,restart,base,251,0.00018731170810395057,0.0,0.00018731170810395057,0.00018731170810395057,1
HNHN,restart,base,252,0.0001861317397469098,0.0,0.0001861317397469098,0.0001861317397469098,1
HNHN,restart,base,253,0.00018496423330719756,0.0,0.00018496423330719756,0.00018496423330719756,1
HNHN,restart,base,254,0.00018380899507736788,0.0,0.00018380899507736788,0.00018380899507736788,1
HNHN,restart,base,255,0.00018266583520758694,0.0,0.00018266583520758694,0.00018266583520758694,1
HNHN,restart,base,256,0.0001815345676153785,0.0,0.0001815345676153785,0.0001815345676153785,1
HNHN,restart,restart,0,1.0,0.0,1.0,1.0,1
HNHN,restart,restart,1,0.49749674523475595,0.0,0.49749674523475595,0.49749674523475595,1
HNHN,restart,restart,2,0.3002298159181371,0.0,0.3002298159181371,0.3002298159181371,1
HNHN,restart,restart,3,0.21195404448659433,0.0,0.21195404448659433,0.21195404448659433,1
HNHN,restart,restart,4,0.16728912298393786,0.0,0.16728912298393786,0.16728912298393786,1
HNHN,restart,restart,5,0.14230168811533425,0.0,0.14230168811533425,0.14230168811533425,1
HNHN,restart,restart,6,0.12721467684621066,0.0,0.12721467684621066,0.12721467684621066,1
HNHN,restart,restart,7,0.11756742156636715,0.0,0.11756742156636715,0.11756742156636715,1
HNHN,restart,restart,8,0.1111179439830014,0.0,0.1111179439830014,0.1111179439830014,1
HNHN,restart,restart,9,0.10664924192549641,0.0,0.10664924192549641,0.10664924192549641,1
HNHN,restart,restart,10,0.10346041784976019,0.0,0.10346041784976019,0.10346041784976019,1
HNHN,restart,restart,11,0.10112853269089786,0.0,0.10112853269089786,0.10112853269089786,1
HNHN,restart,restart,12,0.09938827234034958,0.0,0.09938827234034958,0.09938827234034958,1
HNHN,restart,restart,13,0.09806745658034421,0.0,0.09806745658034421,0.09806745658034421,1
HNHN,restart,restart,14,0.09705088830009498,0.0,0.09705088830009498,0.09705088830009498,1
HNHN,restart,restart,15,0.09625934755136828,0.0,0.09625934755136828,0.09625934755136828,1
HNHN,restart,restart,16,0.09563700208244325,0.0,0.09563700208244325,0.09563700208244325,1
HNHN,restart,restart,17,0.09514364429364663,0.0,0.09514364429364663,0.09514364429364663,1
HNHN,restart,restart,18,0.09474977235118098,0.0,0.09474977235118098,0.09474977235118098,1
HNHN,restart,restart,19,0.0944333904974189,0.0,0.0944333904974189,0.0944333904974189,1
HNHN,restart,restart,20,0.09417787466610729,0.0,0.09417787466610729,0.09417787466610729,1
HNHN,restart,restart,21,0.09397051465998887,0.0,0.09397051465998887,0.09397051465998887,1
HNHN,restart,restart,22,0.09380149656267321,0.0,0.09380149656267321,0.09380149656267321,1
HNHN,restart,restart,23,0.09366317842979081,0.0,0.09366317842979081,0.09366317842979081,1
HNHN,restart,restart,24,0.09354956576578487,0.0,0.09354956576578487,0.09354956576578487,1
HNHN,restart,restart,25,0.09345592593362628,0.0,0.09345592593362628,0.09345592593362628,1
HNHN,restart,restart,26,0.09337850099931222,0.0,0.09337850099931222,0.09337850099931222,1
HNHN,restart,restart,27,0.09331429148279873,0.0,0.09331429148279873,0.09331429148279873,1
HNHN,restart,restart,28,0.09326089193184553,0.0,0.09326089193184553,0.09326089193184553,1
HNHN,restart,restart,29,0.09321636485126934,0.0,0.09321636485126934,0.09321636485126934,1
HNHN,restart,restart,30,0.09317914333093882,0.0,0.09317914333093882,0.09317914333093882,1
HNHN,restart,restart,31,0.09314795535072684,0.0,0.09314795535072684,0.09314795535072684,1
HNHN,restart,restart,32,0.09312176459385359,0.0,0.09312176459385359,0.09312176459385359,1
HNHN,restart,restart,33,0.0930997239235804,0.0,0.0930997239235804,0.0930997239235804,1
HNHN,restart,restart,34,0.09308113863631301,0.0,0.09308113863631301,0.09308113863631301,1
HNHN,restart,restart,35,0.09306543730598119,0.0,0.09306543730598119,0.09306543730598119,1
HNHN,restart,restart,36,0.09305214855397385,0.0,0.09305214855397385,0.09305214855397385,1
HNHN,restart,restart,37,0.0930408824668006,0.0,0.0930408824668006,0.0930408824668006,1
HNHN,restart,restart,38,0.09303131567561954,0.0,0.09303131567561954,0.09303131567561954,1
HNHN,restart,restart,39,0.0930231793330723,0.0,0.0930231793330723,0.0930231793330723,1
HNHN,restart,restart,40,0.09301624939165139,0.0,0.09301624939165139,0.09301624939165139,1
HNHN,restart,restart,41,0.09301033871727593,0.0,0.09301033871727593,0.09301033871727593,1
HNHN,restart,restart,42,0.09300529067154328,0.0,0.09300529067154328,0.09300529067154328,1
HNHN,restart,restart,43,0.09300097387341577,0.0,0.09300097387341577,0.09300097387341577,1
HNHN,restart,restart,44,0.09299727791123043,0.0,0.09299727791123043,0.09299727791123043,1
HNHN,restart,restart,45,0.09299410982288644,0.0,0.09299410982288644,0.09299410982288644,1
HNHN,restart,restart,46,0.09299139119890168,0.0,0.09299139119890168,0.09299139119890168,1
HNHN,restart,restart,47,0.09298905579202192,0.0,0.09298905579202192,0.09298905579202192,1
HNHN,restart,restart,48,0.09298704753997507,0.0,0.09298704753997507,0.09298704753997507,1
HNHN,restart,restart,49,0.09298531892611908,0.0,0.09298531892611908,0.09298531892611908,1
HNHN,restart,restart,50,0.09298382961717822,0.0,0.09298382961717822,0.09298382961717822,1
HNHN,restart,restart,51,0.09298254532878805,0.0,0.09298254532878805,0.09298254532878805,1
HNHN,restart,restart,52,0.09298143687879781,0.0,0.09298143687879781,0.09298143687879781,1
HNHN,restart,restart,53,0.09298047939568764,0.0,0.09298047939568764,0.09298047939568764,1
HNHN,restart,restart,54,0.09297965165542828,0.0,0.09297965165542828,0.09297965165542828,1
HNHN,restart,restart,55,0.09297893552492893,0.0,0.09297893552492893,0.09297893552492893,1
HNHN,restart,restart,56,0.09297831549412625,0.0,0.09297831549412625,0.09297831549412625,1
HNHN,restart,restart,57,0.09297777828193793,0.0,0.09297777828193793,0.09297777828193793,1
HNHN,restart,restart,58,0.09297731250388805,0.0,0.09297731250388805,0.09297731250388805,1
HNHN,restart,restart,59,0.09297690839131935,0.0,0.09297690839131935,0.09297690839131935,1
HNHN,restart,restart,60,0.09297655755383646,0.0,0.09297655755383646,0.09297655755383646,1
HNHN,restart,restart,61,0.09297625277803756,0.0,0.09297625277803756,0.09297625277803756,1
HNHN,restart,restart,62,0.0929759878567589,0.0,0.0929759878567589,0.0929759878567589,1
HNHN,restart,restart,63,0.09297575744401673,0.0,0.09297575744401673,0.09297575744401673,1
HNHN,restart,restart,64,0.09297555693162378,0.0,0.09297555693162378,0.09297555693162378,1
HNHN,restart,restart,65,0.09297538234411368,0.0,0.09297538234411368,0.09297538234411368,1
HNHN,restart,restart,66,0.09297523024915291,0.0,0.09297523024915291,0.09297523024915291,1
HNHN,restart,restart,67,0.09297509768107103,0.0,0.09297509768107103,0.09297509768107103,1
HNHN,restart,restart,68,0.09297498207551737,0.0,0.09297498207551737,0.09297498207551737,1
HNHN,restart,restart,69,0.09297488121356659,0.0,0.09297488121356659,0.09297488121356659,1
HNHN,restart,restart,70,0.09297479317385876,0.0,0.09297479317385876,0.09297479317385876,1
HNHN,restart,restart,71,0.09297471629157841,0.0,0.09297471629157841,0.09297471629157841,1
HNHN,restart,restart,72,0.09297464912326264,0.0,0.09297464912326264,0.09297464912326264,1
HNHN,restart,restart,73,0.09297459041658161,0.0,0.09297459041658161,0.09297459041658161,1
HNHN,restart,restart,74,0.09297453908436687,0.0,0.09297453908436687,0.09297453908436687,1
HNHN,restart,restart,75,0.09297449418227015,0.0,0.09297449418227015,0.09297449418227015,1
HNHN,restart,restart,76,0.09297445488953,0.0,0.09297445488953,0.09297445488953,1
HNHN,restart,restart,77,0.09297442049240075,0.0,0.09297442049240075,0.09297442049240075,1
HNHN,restart,restart,78,0.09297439036986299,0.0,0.09297439036986299,0.09297439036986299,1
HNHN,restart,restart,79,0.0929743639812936,0.0,0.0929743639812936,0.0929743639812936,1
HNHN,restart,restart,80,0.09297434085581764,0.0,0.09297434085581764,0.09297434085581764,1
HNHN,restart,restart,81,0.09297432058310702,0.0,0.09297432058310702,0.09297432058310702,1
HNHN,restart,restart,82,0.09297430280542285,0.0,0.09297430280542285,0.09297430280542285,1
HNHN,restart,restart,83,0.09297428721072994,0.0,0.09297428721072994,0.09297428721072994,1
HNHN,restart,restart,84,0.09297427352673429,0.0,0.09297427352673429,0.09297427352673429,1
HNHN,restart,restart,85,0.0929742615157165,0.0,0.0929742615157165,0.0929742615157165,1
HNHN,restart,restart,86,0.09297425097005294,0.0,0.09297425097005294,0.09297425097005294,1
HNHN,restart,restart,87,0.09297424170832974,0.0,0.09297424170832974,0.09297424170832974,1
HNHN,restart,restart,88,0.0929742335719701,0.0,0.0929742335719701,0.0929742335719701,1
HNHN,restart,restart,89,0.09297422642230459,0.0,0.09297422642230459,0.09297422642230459,1
HNHN,restart,restart,90,0.09297422013802581,0.0,0.09297422013802581,0.09297422013802581,1
HNHN,restart,restart,91,0.09297421461297467,0.0,0.09297421461297467,0.09297421461297467,1
HNHN,restart,restart,92,0.0929742097542153,0.0,0.0929742097542153,0.0929742097542153,1
HNHN,restart,restart,93,0.0929742054803593,0.0,0.0929742054803593,0.0929742054803593,1
HNHN,restart,restart,94,0.09297420172010604,0.0,0.09297420172010604,0.09297420172010604,1
HNHN,restart,restart,95,0.09297419841097193,0.0,0.09297419841097193,0.09297419841097193,1
HNHN,restart,restart,96,0.09297419549818196,0.0,0.09297419549818196,0.09297419549818196,1
HNHN,restart,restart,97,0.09297419293370357,0.0,0.09297419293370357,0.09297419293370357,1
HNHN,restart,restart,98,0.0929741906754038,0.0,0.0929741906754038,0.0929741906754038,1
HNHN,restart,restart,99,0.09297418868631332,0.0,0.09297418868631332,0.09297418868631332,1
HNHN,restart,restart,100,0.09297418693398449,0.0,0.09297418693398449,0.09297418693398449,1
HNHN,restart,restart,101,0.09297418538992977,0.0,0.09297418538992977,0.09297418538992977,1
HNHN,restart,restart,102,0.09297418402913182,0.0,0.09297418402913182,0.09297418402913182,1
HNHN,restart,restart,103,0.09297418282961455,0.0,0.09297418282961455,0.09297418282961455,1
HNHN,restart,restart,104,0.09297418177206863,0.0,0.09297418177206863,0.09297418177206863,1
HNHN,restart,restart,105,0.09297418083952316,0.0,0.09297418083952316,0.09297418083952316,1
HNHN,restart,restart,106,0.09297418001705901,0.0,0.09297418001705901,0.09297418001705901,1
HNHN,restart,restart,107,0.09297417929155752,0.0,0.09297417929155752,0.09297417929155752,1
HNHN,restart,restart,108,0.0929741786514804,0.0,0.0929741786514804,0.0929741786514804,1
HNHN,restart,restart,109,0.09297417808667695,0.0,0.09297417808667695,0.09297417808667695,1
HNHN,restart,restart,110,0.09297417758821529,0.0,0.09297417758821529,0.09297417758821529,1
HNHN,restart,restart,111,0.09297417714823428,0.0,0.09297417714823428,0.09297417714823428,1
HNHN,restart,restart,112,0.09297417675981355,0.0,0.09297417675981355,0.09297417675981355,1
HNHN,restart,restart,113,0.09297417641685964,0.0,0.09297417641685964,0.09297417641685964,1
HNHN,restart,restart,114,0.09297417611400623,0.0,0.09297417611400623,0.09297417611400623,1
HNHN,restart,restart,115,0.0929741758465263,0.0,0.0929741758465263,0.0929741758465263,1
HNHN,restart,restart,116,0.0929741756102552,0.0,0.0929741756102552,0.0929741756102552,1
HNHN,restart,restart,117,0.09297417540152308,0.0,0.09297417540152308,0.09297417540152308,1
HNHN,restart,restart,118,0.09297417521709536,0.0,0.09297417521709536,0.09297417521709536,1
HNHN,restart,restart,119,0.0929741750541208,0.0,0.0929741750541208,0.0929741750541208,1
HNHN,restart,restart,120,0.0929741749100854,0.0,0.0929741749100854,0.0929741749100854,1
HNHN,restart,restart,121,0.09297417478277223,0.0,0.09297417478277223,0.09297417478277223,1
HNHN,restart,restart,122,0.09297417467022606,0.0,0.09297417467022606,0.09297417467022606,1
HNHN,restart,restart,123,0.09297417457072213,0.0,0.09297417457072213,0.09297417457072213,1
HNHN,restart,restart,124,0.09297417448273862,0.0,0.09297417448273862,0.09297417448273862,1
HNHN,restart,restart,125,0.09297417440493269,0.0,0.09297417440493269,0.09297417440493269,1
HNHN,restart,restart,126,0.09297417433611928,0.0,0.09297417433611928,0.09297417433611928,1
HNHN,restart,restart,127,0.09297417427525224,0.0,0.09297417427525224,0.09297417427525224,1
HNHN,restart,restart,128,0.09297417422140816,0.0,0.09297417422140816,0.09297417422140816,1
HNHN,restart,restart,129,0.09297417417377157,0.0,0.09297417417377157,0.09297417417377157,1
HNHN,restart,restart,130,0.09297417413162237,0.0,0.09297417413162237,0.09297417413162237,1
HNHN,restart,restart,131,0.09297417409432468,0.0,0.09297417409432468,0.09297417409432468,1
HNHN,restart,restart,132,0.09297417406131667,0.0,0.09297417406131667,0.09297417406131667,1
HNHN,restart,restart,133,0.09297417403210213,0.0,0.09297417403210213,0.09297417403210213,1
HNHN,restart,restart,134,0.09297417400624255,0.0,0.09297417400624255,0.09297417400624255,1
HNHN,restart,restart,135,0.09297417398335048,0.0,0.09297417398335048,0.09297417398335048,1
HNHN,restart,restart,136,0.09297417396308343,0.0,0.09297417396308343,0.09297417396308343,1
HNHN,restart,restart,137,0.09297417394513882,0.0,0.09297417394513882,0.09297417394513882,1
HNHN,restart,restart,138,0.09297417392924898,0.0,0.09297417392924898,0.09297417392924898,1
HNHN,restart,restart,139,0.0929741739151774,0.0,0.0929741739151774,0.0929741739151774,1
HNHN,restart,restart,140,0.09297417390271498,0.0,0.09297417390271498,0.09297417390271498,1
HNHN,restart,restart,141,0.09297417389167668,0.0,0.09297417389167668,0.09297417389167668,1
HNHN,restart,restart,142,0.092974173881899,0.0,0.092974173881899,0.092974173881899,1
HNHN,restart,restart,143,0.09297417387323721,0.0,0.09297417387323721,0.09297417387323721,1
HNHN,restart,restart,144,0.09297417386556335,0.0,0.09297417386556335,0.09297417386556335,1
HNHN,restart,restart,145,0.09297417385876414,0.0,0.09297417385876414,0.09297417385876414,1
HNHN,restart,restart,146,0.0929741738527395,0.0,0.0929741738527395,0.0929741738527395,1
HNHN,restart,restart,147,0.0929741738474007,0.0,0.0929741738474007,0.0929741738474007,1
HNHN,restart,restart,148,0.09297417384266932,0.0,0.09297417384266932,0.09297417384266932,1
HNHN,restart,restart,149,0.09297417383847593,0.0,0.09297417383847593,0.09297417383847593,1
HNHN,restart,restart,150,0.09297417383475907,0.0,0.09297417383475907,0.09297417383475907,1
HNHN,restart,restart,151,0.09297417383146438,0.0,0.09297417383146438,0.09297417383146438,1
HNHN,restart,restart,152,0.09297417382854371,0.0,0.09297417382854371,0.09297417382854371,1
HNHN,restart,restart,153,0.09297417382595433,0.0,0.09297417382595433,0.09297417382595433,1
HNHN,restart,restart,154,0.09297417382365859,0.0,0.09297417382365859,0.09297417382365859,1
HNHN,restart,restart,155,0.09297417382162304,0.0,0.09297417382162304,0.09297417382162304,1
HNHN,restart,restart,156,0.092974173819818,0.0,0.092974173819818,0.092974173819818,1
HNHN,restart,restart,157,0.09297417381821732,0.0,0.09297417381821732,0.09297417381821732,1
HNHN,restart,restart,158,0.09297417381679778,0.0,0.09297417381679778,0.09297417381679778,1
HNHN,restart,restart,159,0.09297417381553873,0.0,0.09297417381553873,0.09297417381553873,1
HNHN,restart,restart,160,0.09297417381442201,0.0,0.09297417381442201,0.09297417381442201,1
HNHN,restart,restart,161,0.09297417381343148,0.0,0.09297417381343148,0.09297417381343148,1
HNHN,restart,restart,162,0.09297417381255277,0.0,0.09297417381255277,0.09297417381255277,1
HNHN,restart,restart,163,0.09297417381177323,0.0,0.09297417381177323,0.09297417381177323,1
HNHN,restart,restart,164,0.09297417381108165,0.0,0.09297417381108165,0.09297417381108165,1
HNHN,restart,restart,165,0.09297417381046803,0.0,0.09297417381046803,0.09297417381046803,1
HNHN,restart,restart,166,0.09297417380992357,0.0,0.09297417380992357,0.09297417380992357,1
HNHN,restart,restart,167,0.09297417380944047,0.0,0.09297417380944047,0.09297417380944047,1
HNHN,restart,restart,168,0.09297417380901174,0.0,0.09297417380901174,0.09297417380901174,1
HNHN,restart,restart,169,0.09297417380863127,0.0,0.09297417380863127,0.09297417380863127,1
HNHN,restart,restart,170,0.09297417380829362,0.0,0.09297417380829362,0.09297417380829362,1
HNHN,restart,restart,171,0.09297417380799396,0.0,0.09297417380799396,0.09297417380799396,1
HNHN,restart,restart,172,0.0929741738077279,0.0,0.0929741738077279,0.0929741738077279,1
HNHN,restart,restart,173,0.0929741738074918,0.0,0.0929741738074918,0.0929741738074918,1
HNHN,restart,restart,174,0.09297417380728215,0.0,0.09297417380728215,0.09297417380728215,1
HNHN,restart,restart,175,0.09297417380709609,0.0,0.09297417380709609,0.09297417380709609,1
HNHN,restart,restart,176,0.09297417380693089,0.0,0.09297417380693089,0.09297417380693089,1
HNHN,restart,restart,177,0.0929741738067842,0.0,0.0929741738067842,0.0929741738067842,1
HNHN,restart,restart,178,0.092974173806654,0.0,0.092974173806654,0.092974173806654,1
HNHN,restart,restart,179,0.09297417380653837,0.0,0.09297417380653837,0.09297417380653837,1
HNHN,restart,restart,180,0.09297417380643569,0.0,0.09297417380643569,0.09297417380643569,1
HNHN,restart,restart,181,0.0929741738063445,0.0,0.0929741738063445,0.0929741738063445,1
HNHN,restart,restart,182,0.09297417380626354,0.0,0.09297417380626354,0.09297417380626354,1
HNHN,restart,restart,183,0.0929741738061916,0.0,0.0929741738061916,0.0929741738061916,1
HNHN,restart,restart,184,0.09297417380612773,0.0,0.09297417380612773,0.09297417380612773,1
HNHN,restart,restart,185,0.092974173806071,0.0,0.092974173806071,0.092974173806071,1
HNHN,restart,restart,186,0.09297417380602063,0.0,0.09297417380602063,0.09297417380602063,1
HNHN,restart,restart,187,0.09297417380597586,0.0,0.09297417380597586,0.09297417380597586,1
HNHN,restart,restart,188,0.09297417380593608,0.0,0.09297417380593608,0.09297417380593608,1
HNHN,restart,restart,189,0.09297417380590076,0.0,0.09297417380590076,0.09297417380590076,1
HNHN,restart,restart,190,0.09297417380586936,0.0,0.09297417380586936,0.09297417380586936,1
HNHN,restart,restart,191,0.09297417380584153,0.0,0.09297417380584153,0.09297417380584153,1
HNHN,restart,restart,192,0.09297417380581674,0.0,0.09297417380581674,0.09297417380581674,1
HNHN,restart,restart,193,0.09297417380579473,0.0,0.09297417380579473,0.09297417380579473,1
HNHN,restart,restart,194,0.09297417380577519,0.0,0.09297417380577519,0.09297417380577519,1
HNHN,restart,restart,195,0.09297417380575779,0.0,0.09297417380575779,0.09297417380575779,1
HNHN,restart,restart,196,0.09297417380574234,0.0,0.09297417380574234,0.09297417380574234,1
HNHN,restart,restart,197,0.09297417380572862,0.0,0.09297417380572862,0.09297417380572862,1
HNHN,restart,restart,198,0.09297417380571639,0.0,0.09297417380571639,0.09297417380571639,1
HNHN,restart,restart,199,0.09297417380570558,0.0,0.09297417380570558,0.09297417380570558,1
HNHN,restart,restart,200,0.09297417380569593,0.0,0.09297417380569593,0.09297417380569593,1
HNHN,restart,restart,201,0.09297417380568739,0.0,0.09297417380568739,0.09297417380568739,1
HNHN,restart,restart,202,0.09297417380567978,0.0,0.09297417380567978,0.09297417380567978,1
HNHN,restart,restart,203,0.09297417380567297,0.0,0.09297417380567297,0.09297417380567297,1
HNHN,restart,restart,204,0.09297417380566696,0.0,0.09297417380566696,0.09297417380566696,1
HNHN,restart,restart,205,0.09297417380566163,0.0,0.09297417380566163,0.09297417380566163,1
HNHN,restart,restart,206,0.09297417380565687,0.0,0.09297417380565687,0.09297417380565687,1
HNHN,restart,restart,207,0.09297417380565266,0.0,0.09297417380565266,0.09297417380565266,1
HNHN,restart,restart,208,0.09297417380564887,0.0,0.09297417380564887,0.09297417380564887,1
HNHN,restart,restart,209,0.09297417380564557,0.0,0.09297417380564557,0.09297417380564557,1
HNHN,restart,restart,210,0.09297417380564259,0.0,0.09297417380564259,0.09297417380564259,1
HNHN,restart,restart,211,0.09297417380563992,0.0,0.09297417380563992,0.09297417380563992,1
HNHN,restart,restart,212,0.0929741738056376,0.0,0.0929741738056376,0.0929741738056376,1
HNHN,restart,restart,213,0.0929741738056355,0.0,0.0929741738056355,0.0929741738056355,1
HNHN,restart,restart,214,0.09297417380563364,0.0,0.09297417380563364,0.09297417380563364,1
HNHN,restart,restart,215,0.09297417380563198,0.0,0.09297417380563198,0.09297417380563198,1
HNHN,restart,restart,216,0.0929741738056305,0.0,0.0929741738056305,0.0929741738056305,1
HNHN,restart,restart,217,0.09297417380562922,0.0,0.09297417380562922,0.09297417380562922,1
HNHN,restart,restart,218,0.09297417380562804,0.0,0.09297417380562804,0.09297417380562804,1
HNHN,restart,restart,219,0.09297417380562703,0.0,0.09297417380562703,0.09297417380562703,1
HNHN,restart,restart,220,0.09297417380562609,0.0,0.09297417380562609,0.09297417380562609,1
HNHN,restart,restart,221,0.09297417380562528,0.0,0.09297417380562528,0.09297417380562528,1
HNHN,restart,restart,222,0.09297417380562456,0.0,0.09297417380562456,0.09297417380562456,1
HNHN,restart,restart,223,0.0929741738056239,0.0,0.0929741738056239,0.0929741738056239,1
HNHN,restart,restart,224,0.09297417380562334,0.0,0.09297417380562334,0.09297417380562334,1
HNHN,restart,restart,225,0.09297417380562283,0.0,0.09297417380562283,0.09297417380562283,1
HNHN,restart,restart,226,0.09297417380562234,0.0,0.09297417380562234,0.09297417380562234,1
HNHN,restart,restart,227,0.09297417380562194,0.0,0.09297417380562194,0.09297417380562194,1
HNHN,restart,restart,228,0.09297417380562162,0.0,0.09297417380562162,0.09297417380562162,1
HNHN,restart,restart,229,0.09297417380562127,0.0,0.09297417380562127,0.09297417380562127,1
HNHN,restart,restart,230,0.09297417380562101,0.0,0.09297417380562101,0.09297417380562101,1
HNHN,restart,restart,231,0.09297417380562074,0.0,0.09297417380562074,0.09297417380562074,1
HNHN,restart,restart,232,0.09297417380562052,0.0,0.09297417380562052,0.09297417380562052,1
HNHN,restart,restart,233,0.09297417380562033,0.0,0.09297417380562033,0.09297417380562033,1
HNHN,restart,restart,234,0.09297417380562013,0.0,0.09297417380562013,0.09297417380562013,1
HNHN,restart,restart,235,0.09297417380561998,0.0,0.09297417380561998,0.09297417380561998,1
HNHN,restart,restart,236,0.09297417380561984,0.0,0.09297417380561984,0.09297417380561984,1
HNHN,restart,restart,237,0.09297417380561973,0.0,0.09297417380561973,0.09297417380561973,1
HNHN,restart,restart,238,0.09297417380561962,0.0,0.09297417380561962,0.09297417380561962,1
HNHN,restart,restart,239,0.09297417380561948,0.0,0.09297417380561948,0.09297417380561948,1
HNHN,restart,restart,240,0.09297417380561941,0.0,0.09297417380561941,0.09297417380561941,1
HNHN,restart,restart,241,0.09297417380561931,0.0,0.09297417380561931,0.09297417380561931,1
HNHN,restart,restart,242,0.09297417380561929,0.0,0.09297417380561929,0.09297417380561929,1
HNHN,restart,restart,243,0.09297417380561923,0.0,0.09297417380561923,0.09297417380561923,1
HNHN,restart,restart,244,0.09297417380561915,0.0,0.09297417380561915,0.09297417380561915,1
HNHN,restart,restart,245,0.09297417380561909,0.0,0.09297417380561909,0.09297417380561909,1
HNHN,restart,restart,246,0.09297417380561905,0.0,0.09297417380561905,0.09297417380561905,1
HNHN,restart,restart,247,0.09297417380561902,0.0,0.09297417380561902,0.09297417380561902,1
HNHN,restart,restart,248,0.09297417380561897,0.0,0.09297417380561897,0.09297417380561897,1
HNHN,restart,restart,249,0.09297417380561893,0.0,0.09297417380561893,0.09297417380561893,1
HNHN,restart,restart,250,0.09297417380561891,0.0,0.09297417380561891,0.09297417380561891,1
HNHN,restart,restart,251,0.09297417380561888,0.0,0.09297417380561888,0.09297417380561888,1
HNHN,restart,restart,252,0.09297417380561886,0.0,0.09297417380561886,0.09297417380561886,1
HNHN,restart,restart,253,0.09297417380561883,0.0,0.09297417380561883,0.09297417380561883,1
HNHN,restart,restart,254,0.09297417380561881,0.0,0.09297417380561881,0.09297417380561881,1
HNHN,restart,restart,255,0.09297417380561883,0.0,0.09297417380561883,0.09297417380561883,1
HNHN,restart,restart,256,0.0929741738056188,0.0,0.0929741738056188,0.0929741738056188,1
UniGCN,diagnostics,un,0,1.0,0.0,1.0,1.0,1
UniGCN,diagnostics,un,1,0.4372217334201135,0.0,0.4372217334201135,0.4372217334201135,1
UniGCN,diagnostics,un,2,0.23489063229349302,0.0,0.23489063229349302,0.23489063229349302,1
UniGCN,diagnostics,un,3,0.16559957296894087,0.0,0.16559957296894087,0.16559957296894087,1
UniGCN,diagnostics,un,4,0.1322680994560221,0.0,0.1322680994560221,0.1322680994560221,1
UniGCN,diagnostics,un,5,0.11222571888759296,0.0,0.11222571888759296,0.11222571888759296,1
UniGCN,diagnostics,un,6,0.09856930917935146,0.0,0.09856930917935146,0.09856930917935146,1
UniGCN,diagnostics,un,7,0.08849239479850525,0.0,0.08849239479850525,0.08849239479850525,1
UniGCN,diagnostics,un,8,0.0806482362357133,0.0,0.0806482362357133,0.0806482362357133,1
UniGCN,diagnostics,un,9,0.07431870867620204,0.0,0.07431870867620204,0.07431870867620204,1
UniGCN,diagnostics,un,10,0.06908688924583607,0.0,0.06908688924583607,0.06908688924583607,1
UniGCN,diagnostics,un,11,0.06469144657371918,0.0,0.06469144657371918,0.06469144657371918,1
UniGCN,diagnostics,un,12,0.0609568040619497,0.0,0.0609568040619497,0.0609568040619497,1
UniGCN,diagnostics,un,13,0.05775768782251918,0.0,0.05775768782251918,0.05775768782251918,1
UniGCN,diagnostics,un,14,0.05500021905016556,0.0,0.05500021905016556,0.05500021905016556,1
UniGCN,diagnostics,un,15,0.05261133756927625,0.0,0.05261133756927625,0.05261133756927625,1
UniGCN,diagnostics,un,16,0.05053258739790781,0.0,0.05053258739790781,0.05053258739790781,1
UniGCN,diagnostics,un,17,0.04871627119313365,0.0,0.04871627119313365,0.04871627119313365,1
UniGCN,diagnostics,un,18,0.04712293975584839,0.0,0.04712293975584839,0.04712293975584839,1
UniGCN,diagnostics,un,19,0.045719664380817954,0.0,0.045719664380817954,0.045719664380817954,1
UniGCN,diagnostics,un,20,0.04447878854920519,0.0,0.04447878854920519,0.04447878854920519,1
UniGCN,diagnostics,un,21,0.043376987164456184,0.0,0.043376987164456184,0.043376987164456184,1
UniGCN,diagnostics,un,22,0.04239453293124837,0.0,0.04239453293124837,0.04239453293124837,1
UniGCN,diagnostics,un,23,0.04151470908419645,0.0,0.04151470908419645,0.04151470908419645,1
UniGCN,diagnostics,un,24,0.04072333016801965,0.0,0.04072333016801965,0.04072333016801965,1
UniGCN,diagnostics,un,25,0.040008345673227724,0.0,0.040008345673227724,0.040008345673227724,1
UniGCN,diagnostics,un,26,0.03935950918000144,0.0,0.03935950918000144,0.03935950918000144,1
UniGCN,diagnostics,un,27,0.03876810051750637,0.0,0.03876810051750637,0.03876810051750637,1
UniGCN,diagnostics,un,28,0.0382266915609922,0.0,0.0382266915609922,0.0382266915609922,1
UniGCN,diagnostics,un,29,0.03772894837217545,0.0,0.03772894837217545,0.03772894837217545,1
UniGCN,diagnostics,un,30,0.037269463844362506,0.0,0.037269463844362506,0.037269463844362506,1
UniGCN,diagnostics,un,31,0.03684361607737226,0.0,0.03684361607737226,0.03684361607737226,1
UniGCN,diagnostics,un,32,0.03644744851677187,0.0,0.03644744851677187,0.03644744851677187,1
UniGCN,diagnostics,un,33,0.03607756852990619,0.0,0.03607756852990619,0.03607756852990619,1
UniGCN,diagnostics,un,34,0.035731061608128625,0.0,0.035731061608128625,0.035731061608128625,1
UniGCN,diagnostics,un,35,0.035405418812132515,0.0,0.035405418812132515,0.035405418812132515,1
UniGCN,diagnostics,un,36,0.035098475435822646,0.0,0.035098475435822646,0.035098475435822646,1
UniGCN,diagnostics,un,37,0.034808359167613344,0.0,0.034808359167613344,0.034808359167613344,1
UniGCN,diagnostics,un,38,0.03453344628623076,0.0,0.03453344628623076,0.03453344628623076,1
UniGCN,diagnostics,un,39,0.0342723246483773,0.0,0.0342723246483773,0.0342723246483773,1
UniGCN,diagnostics,un,40,0.03402376241373241,0.0,0.03402376241373241,0.03402376241373241,1
UniGCN,diagnostics,un,41,0.033786681613376744,0.0,0.033786681613376744,0.033786681613376744,1
UniGCN,diagnostics,un,42,0.033560135804738066,0.0,0.033560135804738066,0.033560135804738066,1
UniGCN,diagnostics,un,43,0.03334329117288077,0.0,0.03334329117288077,0.03334329117288077,1
UniGCN,diagnostics,un,44,0.033135410537253024,0.0,0.033135410537253024,0.033135410537253024,1
UniGCN,diagnostics,un,45,0.03293583980733644,0.0,0.03293583980733644,0.03293583980733644,1
UniGCN,diagnostics,un,46,0.032743996502158416,0.0,0.032743996502158416,0.032743996502158416,1
UniGCN,diagnostics,un,47,0.032559360009182595,0.0,0.032559360009182595,0.032559360009182595,1
UniGCN,diagnostics,un,48,0.03238146330929914,0.0,0.03238146330929914,0.03238146330929914,1
UniGCN,diagnostics,un,49,0.03220988593788308,0.0,0.03220988593788308,0.03220988593788308,1
UniGCN,diagnostics,un,50,0.03204424798836967,0.0,0.03204424798836967,0.03204424798836967,1
UniGCN,diagnostics,un,51,0.03188420499554125,0.0,0.03188420499554125,0.03188420499554125,1
UniGCN,diagnostics,un,52,0.03172944356160633,0.0,0.03172944356160633,0.03172944356160633,1
UniGCN,diagnostics,un,53,0.03157967760993224,0.0,0.03157967760993224,0.03157967760993224,1
UniGCN,diagnostics,un,54,0.031434645169606354,0.0,0.031434645169606354,0.031434645169606354,1
UniGCN,diagnostics,un,55,0.031294105609390166,0.0,0.031294105609390166,0.031294105609390166,1
UniGCN,diagnostics,un,56,0.03115783725255933,0.0,0.03115783725255933,0.03115783725255933,1
UniGCN,diagnostics,un,57,0.031025635314978012,0.0,0.031025635314978012,0.031025635314978012,1
UniGCN,diagnostics,un,58,0.030897310117870887,0.0,0.030897310117870887,0.030897310117870887,1
UniGCN,diagnostics,un,59,0.030772685534406444,0.0,0.030772685534406444,0.030772685534406444,1
UniGCN,diagnostics,un,60,0.030651597635627685,0.0,0.030651597635627685,0.030651597635627685,1
UniGCN,diagnostics,un,61,0.030533893506657243,0.0,0.030533893506657243,0.030533893506657243,1
UniGCN,diagnostics,un,62,0.03041943020863011,0.0,0.03041943020863011,0.03041943020863011,1
UniGCN,diagnostics,un,63,0.030308073865607466,0.0,0.030308073865607466,0.030308073865607466,1
UniGCN,diagnostics,un,64,0.030199698858918538,0.0,0.030199698858918538,0.030199698858918538,1
UniGCN,diagnostics,un,65,0.030094187114059548,0.0,0.030094187114059548,0.030094187114059548,1
UniGCN,diagnostics,un,66,0.029991427467535005,0.0,0.029991427467535005,0.029991427467535005,1
UniGCN,diagnostics,un,67,0.029891315102924074,0.0,0.029891315102924074,0.029891315102924074,1
UniGCN,diagnostics,un,68,0.029793751047052,0.0,0.029793751047052,0.029793751047052,1
UniGCN,diagnostics,un,69,0.029698641718492985,0.0,0.029698641718492985,0.029698641718492985,1
UniGCN,diagnostics,un,70,0.029605898521765043,0.0,0.029605898521765043,0.029605898521765043,1
UniGCN,diagnostics,un,71,0.029515437481535945,0.0,0.029515437481535945,0.029515437481535945,1
UniGCN,diagnostics,un,72,0.02942717891196816,0.0,0.02942717891196816,0.02942717891196816,1
UniGCN,diagnostics,un,73,0.029341047117015975,0.0,0.029341047117015975,0.029341047117015975,1
UniGCN,diagnostics,un,74,0.02925697011806784,0.0,0.02925697011806784,0.02925697011806784,1
UniGCN,diagnostics,un,75,0.029174879405818845,0.0,0.029174879405818845,0.029174879405818845,1
UniGCN,diagnostics,un,76,0.02909470971367692,0.0,0.02909470971367692,0.02909470971367692,1
UniGCN,diagnostics,un,77,0.029016398810361648,0.0,0.029016398810361648,0.029016398810361648,1
UniGCN,diagnostics,un,78,0.028939887309658272,0.0,0.028939887309658272,0.028939887309658272,1
UniGCN,diagnostics,un,79,0.028865118495548694,0.0,0.028865118495548694,0.028865118495548694,1
UniGCN,diagnostics,un,80,0.02879203816116271,0.0,0.02879203816116271,0.02879203816116271,1
UniGCN,diagnostics,un,81,0.02872059446018373,0.0,0.02872059446018373,0.02872059446018373,1
UniGCN,diagnostics,un,82,0.028650737769505948,0.0,0.028650737769505948,0.028650737769505948,1
UniGCN,diagnostics,un,83,0.028582420562081743,0.0,0.028582420562081743,0.028582420562081743,1
UniGCN,diagnostics,un,84,0.02851559728901925,0.0,0.02851559728901925,0.02851559728901925,1
UniGCN,diagnostics,un,85,0.02845022427009598,0.0,0.02845022427009598,0.02845022427009598,1
UniGCN,diagnostics,un,86,0.02838625959194549,0.0,0.02838625959194549,0.02838625959194549,1
UniGCN,diagnostics,un,87,0.028323663013254344,0.0,0.028323663013254344,0.028323663013254344,1
UniGCN,diagnostics,un,88,0.028262395876375787,0.0,0.028262395876375787,0.028262395876375787,1
UniGCN,diagnostics,un,89,0.02820242102482773,0.0,0.02820242102482773,0.02820242102482773,1
UniGCN,diagnostics,un,90,0.02814370272619594,0.0,0.02814370272619594,0.02814370272619594,1
UniGCN,diagnostics,un,91,0.028086206600010873,0.0,0.028086206600010873,0.028086206600010873,1
UniGCN,diagnostics,un,92,0.028029899550207335,0.0,0.028029899550207335,0.028029899550207335,1
UniGCN,diagnostics,un,93,0.027974749701813757,0.0,0.027974749701813757,0.027974749701813757,1
UniGCN,diagnostics,un,94,0.02792072634155024,0.0,0.02792072634155024,0.02792072634155024,1
UniGCN,diagnostics,un,95,0.027867799862043248,0.0,0.027867799862043248,0.027867799862043248,1
UniGCN,diagnostics,un,96,0.02781594170939126,0.0,0.02781594170939126,0.02781594170939126,1
UniGCN,diagnostics,un,97,0.027765124333838716,0.0,0.027765124333838716,0.027765124333838716,1
UniGCN,diagnostics,un,98,0.02771532114333615,0.0,0.02771532114333615,0.02771532114333615,1
UniGCN,diagnostics,un,99,0.027666506459783503,0.0,0.027666506459783503,0.027666506459783503,1
UniGCN,diagnostics,un,100,0.027618655477770062,0.0,0.027618655477770062,0.027618655477770062,1
UniGCN,diagnostics,un,101,0.027571744225639953,0.0,0.027571744225639953,0.027571744225639953,1
UniGCN,diagnostics,un,102,0.027525749528725735,0.0,0.027525749528725735,0.027525749528725735,1
UniGCN,diagnostics,un,103,0.027480648974605136,0.0,0.027480648974605136,0.027480648974605136,1
UniGCN,diagnostics,un,104,0.027436420880247295,0.0,0.027436420880247295,0.027436420880247295,1
UniGCN,diagnostics,un,105,0.027393044260925113,0.0,0.027393044260925113,0.027393044260925113,1
UniGCN,diagnostics,un,106,0.027350498800779853,0.0,0.027350498800779853,0.027350498800779853,1
UniGCN,diagnostics,un,107,0.027308764824932538,0.0,0.027308764824932538,0.027308764824932538,1
UniGCN,diagnostics,un,108,0.027267823273044476,0.0,0.027267823273044476,0.027267823273044476,1
UniGCN,diagnostics,un,109,0.02722765567423676,0.0,0.02722765567423676,0.02722765567423676,1
UniGCN,diagnostics,un,110,0.027188244123284536,0.0,0.027188244123284536,0.027188244123284536,1
UniGCN,diagnostics,un,111,0.02714957125800855,0.0,0.02714957125800855,0.02714957125800855,1
UniGCN,diagnostics,un,112,0.027111620237791473,0.0,0.027111620237791473,0.027111620237791473,1
UniGCN,diagnostics,un,113,0.0270743747231518,0.0,0.0270743747231518,0.0270743747231518,1
UniGCN,diagnostics,un,114,0.027037818856312932,0.0,0.027037818856312932,0.027037818856312932,1
UniGCN,diagnostics,un,115,0.02700193724270893,0.0,0.02700193724270893,0.02700193724270893,1
UniGCN,diagnostics,un,116,0.02696671493337308,0.0,0.02696671493337308,0.02696671493337308,1
UniGCN,diagnostics,un,117,0.026932137408158332,0.0,0.026932137408158332,0.026932137408158332,1
UniGCN,diagnostics,un,118,0.026898190559742623,0.0,0.026898190559742623,0.026898190559742623,1
UniGCN,diagnostics,un,119,0.026864860678374902,0.0,0.026864860678374902,0.026864860678374902,1
UniGCN,diagnostics,un,120,0.026832134437320857,0.0,0.026832134437320857,0.026832134437320857,1
UniGCN,diagnostics,un,121,0.026799998878969573,0.0,0.026799998878969573,0.026799998878969573,1
UniGCN,diagnostics,un,122,0.026768441401565486,0.0,0.026768441401565486,0.026768441401565486,1
UniGCN,diagnostics,un,123,0.02673744974653155,0.0,0.02673744974653155,0.02673744974653155,1
UniGCN,diagnostics,un,124,0.026707011986352367,0.0,0.026707011986352367,0.026707011986352367,1
UniGCN,diagnostics,un,125,0.02667711651298746,0.0,0.02667711651298746,0.02667711651298746,1
UniGCN,diagnostics,un,126,0.026647752026787066,0.0,0.026647752026787066,0.026647752026787066,1
UniGCN,diagnostics,un,127,0.026618907525884434,0.0,0.026618907525884434,0.026618907525884434,1
UniGCN,diagnostics,un,128,0.026590572296039956,0.0,0.026590572296039956,0.026590572296039956,1
UniGCN,diagnostics,un,129,0.02656273590091443,0.0,0.02656273590091443,0.02656273590091443,1
UniGCN,diagnostics,un,130,0.02653538817274975,0.0,0.02653538817274975,0.02653538817274975,1
UniGCN,diagnostics,un,131,0.026508519203436564,0.0,0.026508519203436564,0.026508519203436564,1
UniGCN,diagnostics,un,132,0.026482119335950006,0.0,0.026482119335950006,0.026482119335950006,1
UniGCN,diagnostics,un,133,0.026456179156135278,0.0,0.026456179156135278,0.026456179156135278,1
UniGCN,diagnostics,un,134,0.026430689484826273,0.0,0.026430689484826273,0.026430689484826273,1
UniGCN,diagnostics,un,135,0.026405641370281088,0.0,0.026405641370281088,0.026405641370281088,1
UniGCN,diagnostics,un,136,0.026381026080919405,0.0,0.026381026080919405,0.026381026080919405,1
UniGCN,diagnostics,un,137,0.026356835098347433,0.0,0.026356835098347433,0.026356835098347433,1
UniGCN,diagnostics,un,138,0.02633306011065698,0.0,0.02633306011065698,0.02633306011065698,1
UniGCN,diagnostics,un,139,0.02630969300598591,0.0,0.02630969300598591,0.02630969300598591,1
UniGCN,diagnostics,un,140,0.026286725866327892,0.0,0.026286725866327892,0.026286725866327892,1
UniGCN,diagnostics,un,141,0.026264150961580093,0.0,0.026264150961580093,0.026264150961580093,1
UniGCN,diagnostics,un,142,0.026241960743818116,0.0,0.026241960743818116,0.026241960743818116,1
UniGCN,diagnostics,un,143,0.026220147841787774,0.0,0.026220147841787774,0.026220147841787774,1
UniGCN,diagnostics,un,144,0.02619870505560412,0.0,0.02619870505560412,0.02619870505560412,1
UniGCN,diagnostics,un,145,0.02617762535164867,0.0,0.02617762535164867,0.02617762535164867,1
UniGCN,diagnostics,un,146,0.0261569018576559,0.0,0.0261569018576559,0.0261569018576559,1
UniGCN,diagnostics,un,147,0.02613652785798086,0.0,0.02613652785798086,0.02613652785798086,1
UniGCN,diagnostics,un,148,0.026116496789040045,0.0,0.026116496789040045,0.026116496789040045,1
UniGCN,diagnostics,un,149,0.026096802234918125,0.0,0.026096802234918125,0.026096802234918125,1
UniGCN,diagnostics,un,150,0.02607743792313331,0.0,0.02607743792313331,0.02607743792313331,1
UniGCN,diagnostics,un,151,0.026058397720554738,0.0,0.026058397720554738,0.026058397720554738,1
UniGCN,diagnostics,un,152,0.026039675629465398,0.0,0.026039675629465398,0.026039675629465398,1
UniGCN,diagnostics,un,153,0.026021265783764555,0.0,0.026021265783764555,0.026021265783764555,1
UniGCN,diagnostics,un,154,0.026003162445303797,0.0,0.026003162445303797,0.026003162445303797,1
UniGCN,diagnostics,un,155,0.02598536000035119,0.0,0.02598536000035119,0.02598536000035119,1
UniGCN,diagnostics,un,156,0.02596785295617833,0.0,0.02596785295617833,0.02596785295617833,1
UniGCN,diagnostics,un,157,0.025950635937765195,0.0,0.025950635937765195,0.025950635937765195,1
UniGCN,diagnostics,un,158,0.025933703684617983,0.0,0.025933703684617983,0.025933703684617983,1
UniGCN,diagnostics,un,159,0.02591705104769551,0.0,0.02591705104769551,0.02591705104769551,1
UniGCN,diagnostics,un,160,0.025900672986439575,0.0,0.025900672986439575,0.025900672986439575,1
UniGCN,diagnostics,un,161,0.025884564565905405,0.0,0.025884564565905405,0.025884564565905405,1
UniGCN,diagnostics,un,162,0.02586872095398791,0.0,0.02586872095398791,0.02586872095398791,1
UniGCN,diagnostics,un,163,0.02585313741874021,0.0,0.02585313741874021,0.02585313741874021,1
UniGCN,diagnostics,un,164,0.025837809325780624,0.0,0.025837809325780624,0.025837809325780624,1
UniGCN,diagnostics,un,165,0.02582273213578477,0.0,0.02582273213578477,0.02582273213578477,1
UniGCN,diagnostics,un,166,0.02580790140205935,0.0,0.02580790140205935,0.02580790140205935,1
UniGCN,diagnostics,un,167,0.025793312768194597,0.0,0.025793312768194597,0.025793312768194597,1
UniGCN,diagnostics,un,168,0.025778961965792158,0.0,0.025778961965792158,0.025778961965792158,1
UniGCN,diagnostics,un,169,0.025764844812265757,0.0,0.025764844812265757,0.025764844812265757,1
UniGCN,diagnostics,un,170,0.02575095720871152,0.0,0.02575095720871152,0.02575095720871152,1
UniGCN,diagnostics,un,171,0.025737295137845798,0.0,0.025737295137845798,0.025737295137845798,1
UniGCN,diagnostics,un,172,0.025723854662007366,0.0,0.025723854662007366,0.025723854662007366,1
UniGCN,diagnostics,un,173,0.025710631921222,0.0,0.025710631921222,0.025710631921222,1
UniGCN,diagnostics,un,174,0.02569762313132695,0.0,0.02569762313132695,0.02569762313132695,1
UniGCN,diagnostics,un,175,0.025684824582153015,0.0,0.025684824582153015,0.025684824582153015,1
UniGCN,diagnostics,un,176,0.025672232635762213,0.0,0.025672232635762213,0.025672232635762213,1
UniGCN,diagnostics,un,177,0.025659843724738757,0.0,0.025659843724738757,0.025659843724738757,1
UniGCN,diagnostics,un,178,0.025647654350531762,0.0,0.025647654350531762,0.025647654350531762,1
UniGCN,diagnostics,un,179,0.025635661081847325,0.0,0.025635661081847325,0.025635661081847325,1
UniGCN,diagnostics,un,180,0.025623860553088598,0.0,0.025623860553088598,0.025623860553088598,1
UniGCN,diagnostics,un,181,0.025612249462841765,0.0,0.025612249462841765,0.025612249462841765,1
UniGCN,diagnostics,un,182,0.025600824572406557,0.0,0.025600824572406557,0.025600824572406557,1
UniGCN,diagnostics,un,183,0.025589582704369444,0.0,0.025589582704369444,0.025589582704369444,1
UniGCN,diagnostics,un,184,0.025578520741218243,0.0,0.025578520741218243,0.025578520741218243,1
UniGCN,diagnostics,un,185,0.025567635623996388,0.0,0.025567635623996388,0.025567635623996388,1
UniGCN,diagnostics,un,186,0.025556924350995703,0.0,0.025556924350995703,0.025556924350995703,1
UniGCN,diagnostics,un,187,0.02554638397648612,0.0,0.02554638397648612,0.02554638397648612,1
UniGCN,diagnostics,un,188,0.02553601160948124,0.0,0.02553601160948124,0.02553601160948124,1
UniGCN,diagnostics,un,189,0.025525804412538294,0.0,0.025525804412538294,0.025525804412538294,1
UniGCN,diagnostics,un,190,0.02551575960059146,0.0,0.02551575960059146,0.02551575960059146,1
UniGCN,diagnostics,un,191,0.02550587443981725,0.0,0.02550587443981725,0.02550587443981725,1
UniGCN,diagnostics,un,192,0.02549614624653108,0.0,0.02549614624653108,0.02549614624653108,1
UniGCN,diagnostics,un,193,0.025486572386113595,0.0,0.025486572386113595,0.025486572386113595,1
UniGCN,diagnostics,un,194,0.02547715027196616,0.0,0.02547715027196616,0.02547715027196616,1
UniGCN,diagnostics,un,195,0.025467877364494202,0.0,0.025467877364494202,0.025467877364494202,1
UniGCN,diagnostics,un,196,0.02545875117011764,0.0,0.02545875117011764,0.02545875117011764,1
UniGCN,diagnostics,un,197,0.02544976924030741,0.0,0.02544976924030741,0.02544976924030741,1
UniGCN,diagnostics,un,198,0.025440929170647265,0.0,0.025440929170647265,0.025440929170647265,1
UniGCN,diagnostics,un,199,0.02543222859992002,0.0,0.02543222859992002,0.02543222859992002,1
UniGCN,diagnostics,un,200,0.025423665209217333,0.0,0.025423665209217333,0.025423665209217333,1
UniGCN,diagnostics,un,201,0.02541523672107247,0.0,0.02541523672107247,0.02541523672107247,1
UniGCN,diagnostics,un,202,0.025406940898614998,0.0,0.025406940898614998,0.025406940898614998,1
UniGCN,diagnostics,un,203,0.025398775544747045,0.0,0.025398775544747045,0.025398775544747045,1
UniGCN,diagnostics,un,204,0.025390738501340087,0.0,0.025390738501340087,0.025390738501340087,1
UniGCN,diagnostics,un,205,0.0253828276484519,0.0,0.0253828276484519,0.0253828276484519,1
UniGCN,diagnostics,un,206,0.02537504090356285,0.0,0.02537504090356285,0.02537504090356285,1
UniGCN,diagnostics,un,207,0.025367376220830934,0.0,0.025367376220830934,0.025367376220830934,1
UniGCN,diagnostics,un,208,0.025359831590365187,0.0,0.025359831590365187,0.025359831590365187,1
UniGCN,diagnostics,un,209,0.025352405037516464,0.0,0.025352405037516464,0.025352405037516464,1
UniGCN,diagnostics,un,210,0.025345094622185496,0.0,0.025345094622185496,0.025345094622185496,1
UniGCN,diagnostics,un,211,0.02533789843814744,0.0,0.02533789843814744,0.02533789843814744,1
UniGCN,diagnostics,un,212,0.02533081461239248,0.0,0.02533081461239248,0.02533081461239248,1
UniGCN,diagnostics,un,213,0.02532384130448202,0.0,0.02532384130448202,0.02532384130448202,1
UniGCN,diagnostics,un,214,0.025316976705919893,0.0,0.025316976705919893,0.025316976705919893,1
UniGCN,diagnostics,un,215,0.025310219039538288,0.0,0.025310219039538288,0.025310219039538288,1
UniGCN,diagnostics,un,216,0.025303566558897844,0.0,0.025303566558897844,0.025303566558897844,1
UniGCN,diagnostics,un,217,0.02529701754770158,0.0,0.02529701754770158,0.02529701754770158,1
UniGCN,diagnostics,un,218,0.025290570319222067,0.0,0.025290570319222067,0.025290570319222067,1
UniGCN,diagnostics,un,219,0.025284223215741804,0.0,0.025284223215741804,0.025284223215741804,1
UniGCN,diagnostics,un,220,0.025277974608005984,0.0,0.025277974608005984,0.025277974608005984,1
UniGCN,diagnostics,un,221,0.025271822894687646,0.0,0.025271822894687646,0.025271822894687646,1
UniGCN,diagnostics,un,222,0.025265766501864722,0.0,0.025265766501864722,0.025265766501864722,1
UniGCN,diagnostics,un,223,0.025259803882508546,0.0,0.025259803882508546,0.025259803882508546,1
UniGCN,diagnostics,un,224,0.025253933515983755,0.0,0.025253933515983755,0.025253933515983755,1
UniGCN,diagnostics,un,225,0.02524815390755894,0.0,0.02524815390755894,0.02524815390755894,1
UniGCN,diagnostics,un,226,0.025242463587928084,0.0,0.025242463587928084,0.025242463587928084,1
UniGCN,diagnostics,un,227,0.02523686111274217,0.0,0.02523686111274217,0.02523686111274217,1
UniGCN,diagnostics,un,228,0.025231345062150957,0.0,0.025231345062150957,0.025231345062150957,1
UniGCN,diagnostics,un,229,0.025225914040354493,0.0,0.025225914040354493,0.025225914040354493,1
UniGCN,diagnostics,un,230,0.02522056667516405,0.0,0.02522056667516405,0.02522056667516405,1
UniGCN,diagnostics,un,231,0.02521530161757247,0.0,0.02521530161757247,0.02521530161757247,1
UniGCN,diagnostics,un,232,0.025210117541333392,0.0,0.025210117541333392,0.025210117541333392,1
UniGCN,diagnostics,un,233,0.02520501314254929,0.0,0.02520501314254929,0.02520501314254929,1
UniGCN,diagnostics,un,234,0.025199987139268094,0.0,0.025199987139268094,0.025199987139268094,1
UniGCN,diagnostics,un,235,0.02519503827108805,0.0,0.02519503827108805,0.02519503827108805,1
UniGCN,diagnostics,un,236,0.025190165298770748,0.0,0.025190165298770748,0.025190165298770748,1
UniGCN,diagnostics,un,237,0.02518536700386204,0.0,0.02518536700386204,0.02518536700386204,1
UniGCN,diagnostics,un,238,0.025180642188320616,0.0,0.025180642188320616,0.025180642188320616,1
UniGCN,diagnostics,un,239,0.025175989674154128,0.0,0.025175989674154128,0.025175989674154128,1
UniGCN,diagnostics,un,240,0.025171408303062623,0.0,0.025171408303062623,0.025171408303062623,1
UniGCN,diagnostics,un,241,0.025166896936089086,0.0,0.025166896936089086,0.025166896936089086,1
UniGCN,diagnostics,un,242,0.025162454453276962,0.0,0.025162454453276962,0.025162454453276962,1
UniGCN,diagnostics,un,243,0.025158079753334443,0.0,0.025158079753334443,0.025158079753334443,1
UniGCN,diagnostics,un,244,0.02515377175330542,0.0,0.02515377175330542,0.02515377175330542,1
UniGCN,diagnostics,un,245,0.025149529388246866,0.0,0.025149529388246866,0.025149529388246866,1
UniGCN,diagnostics,un,246,0.025145351610912497,0.0,0.025145351610912497,0.025145351610912497,1
UniGCN,diagnostics,un,247,0.025141237391442688,0.0,0.025141237391442688,0.025141237391442688,1
UniGCN,diagnostics,un,248,0.025137185717060282,0.0,0.025137185717060282,0.025137185717060282,1
UniGCN,diagnostics,un,249,0.02513319559177238,0.0,0.02513319559177238,0.02513319559177238,1
UniGCN,diagnostics,un,250,0.025129266036077798,0.0,0.025129266036077798,0.025129266036077798,1
UniGCN,diagnostics,un,251,0.025125396086680112,0.0,0.025125396086680112,0.025125396086680112,1
UniGCN,diagnostics,un,252,0.02512158479620628,0.0,0.02512158479620628,0.02512158479620628,1
UniGCN,diagnostics,un,253,0.025117831232930474,0.0,0.025117831232930474,0.025117831232930474,1
UniGCN,diagnostics,un,254,0.025114134480503262,0.0,0.025114134480503262,0.025114134480503262,1
UniGCN,diagnostics,un,255,0.025110493637685794,0.0,0.025110493637685794,0.025110493637685794,1
UniGCN,diagnostics,un,256,0.025106907818089105,0.0,0.025106907818089105,0.025106907818089105,1
UniGCN,diagnostics,sym,0,1.0,0.0,1.0,1.0,1
UniGCN,diagnostics,sym,1,0.45930742262608515,0.0,0.45930742262608515,0.45930742262608515,1
UniGCN,diagnostics,sym,2,0.24416283677765527,0.0,0.24416283677765527,0.24416283677765527,1
UniGCN,diagnostics,sym,3,0.16575460925251637,0.0,0.16575460925251637,0.16575460925251637,1
UniGCN,diagnostics,sym,4,0.12763648659377508,0.0,0.12763648659377508,0.12763648659377508,1
UniGCN,diagnostics,sym,5,0.10469721392758553,0.0,0.10469721392758553,0.10469721392758553,1
UniGCN,diagnostics,sym,6,0.08893783665593484,0.0,0.08893783665593484,0.08893783665593484,1
UniGCN,diagnostics,sym,7,0.07715048696067935,0.0,0.07715048696067935,0.07715048696067935,1
UniGCN,diagnostics,sym,8,0.0678422067846465,0.0,0.0678422067846465,0.0678422067846465,1
UniGCN,diagnostics,sym,9,0.06023541430549959,0.0,0.06023541430549959,0.06023541430549959,1
UniGCN,diagnostics,sym,10,0.05388253760813563,0.0,0.05388253760813563,0.05388253760813563,1
UniGCN,diagnostics,sym,11,0.0485014374957564,0.0,0.0485014374957564,0.0485014374957564,1
UniGCN,diagnostics,sym,12,0.04389967439706299,0.0,0.04389967439706299,0.04389967439706299,1
UniGCN,diagnostics,sym,13,0.03993733700506002,0.0,0.03993733700506002,0.03993733700506002,1
UniGCN,diagnostics,sym,14,0.03650764513688388,0.0,0.03650764513688388,0.03650764513688388,1
UniGCN,diagnostics,sym,15,0.03352618826716211,0.0,0.03352618826716211,0.03352618826716211,1
UniGCN,diagnostics,sym,16,0.03092457202397922,0.0,0.03092457202397922,0.03092457202397922,1
UniGCN,diagnostics,sym,17,0.028646427133059545,0.0,0.028646427133059545,0.028646427133059545,1
UniGCN,diagnostics,sym,18,0.026644749139431746,0.0,0.026644749139431746,0.026644749139431746,1
UniGCN,diagnostics,sym,19,0.024880027110573938,0.0,0.024880027110573938,0.024880027110573938,1
UniGCN,diagnostics,sym,20,0.023318864977000475,0.0,0.023318864977000475,0.023318864977000475,1
UniGCN,diagnostics,sym,21,0.021932926554808895,0.0,0.021932926554808895,0.021932926554808895,1
UniGCN,diagnostics,sym,22,0.020698103769864428,0.0,0.020698103769864428,0.020698103769864428,1
UniGCN,diagnostics,sym,23,0.019593845729972748,0.0,0.019593845729972748,0.019593845729972748,1
UniGCN,diagnostics,sym,24,0.018602608277214012,0.0,0.018602608277214012,0.018602608277214012,1
UniGCN,diagnostics,sym,25,0.017709396775387815,0.0,0.017709396775387815,0.017709396775387815,1
UniGCN,diagnostics,sym,26,0.016901382989267282,0.0,0.016901382989267282,0.016901382989267282,1
UniGCN,diagnostics,sym,27,0.01616758208416145,0.0,0.01616758208416145,0.01616758208416145,1
UniGCN,diagnostics,sym,28,0.015498579188732695,0.0,0.015498579188732695,0.015498579188732695,1
UniGCN,diagnostics,sym,29,0.01488629729719165,0.0,0.01488629729719165,0.01488629729719165,1
UniGCN,diagnostics,sym,30,0.014323799938433747,0.0,0.014323799938433747,0.014323799938433747,1
UniGCN,diagnostics,sym,31,0.013805123250519717,0.0,0.013805123250519717,0.013805123250519717,1
UniGCN,diagnostics,sym,32,0.013325133017286573,0.0,0.013325133017286573,0.013325133017286573,1
UniGCN,diagnostics,sym,33,0.012879402942283073,0.0,0.012879402942283073,0.012879402942283073,1
UniGCN,diagnostics,sym,34,0.012464111012286437,0.0,0.012464111012286437,0.012464111012286437,1
UniGCN,diagnostics,sym,35,0.012075951276208505,0.0,0.012075951276208505,0.012075951276208505,1
UniGCN,diagnostics,sym,36,0.01171205876018055,0.0,0.01171205876018055,0.01171205876018055,1
UniGCN,diagnostics,sym,37,0.011369945572916871,0.0,0.011369945572916871,0.011369945572916871,1
UniGCN,diagnostics,sym,38,0.011047446538937694,0.0,0.011047446538937694,0.011047446538937694,1
UniGCN,diagnostics,sym,39,0.010742672939502887,0.0,0.010742672939502887,0.010742672939502887,1
UniGCN,diagnostics,sym,40,0.0104539731487083,0.0,0.0104539731487083,0.0104539731487083,1
UniGCN,diagnostics,sym,41,0.010179899130277757,0.0,0.010179899130277757,0.010179899130277757,1
UniGCN,diagnostics,sym,42,0.009919177913344271,0.0,0.009919177913344271,0.009919177913344271,1
UniGCN,diagnostics,sym,43,0.00967068729646448,0.0,0.00967068729646448,0.00967068729646448,1
UniGCN,diagnostics,sym,44,0.00943343514123991,0.0,0.00943343514123991,0.00943343514123991,1
UniGCN,diagnostics,sym,45,0.009206541712804502,0.0,0.009206541712804502,0.009206541712804502,1
UniGCN,diagnostics,sym,46,0.008989224606315273,0.0,0.008989224606315273,0.008989224606315273,1
UniGCN,diagnostics,sym,47,0.008780785868398661,0.0,0.008780785868398661,0.008780785868398661,1
UniGCN,diagnostics,sym,48,0.008580600981952388,0.0,0.008580600981952388,0.008580600981952388,1
UniGCN,diagnostics,sym,49,0.008388109433256666,0.0,0.008388109433256666,0.008388109433256666,1
UniGCN,diagnostics,sym,50,0.008202806623287982,0.0,0.008202806623287982,0.008202806623287982,1
UniGCN,diagnostics,sym,51,0.008024236921562447,0.0,0.008024236921562447,0.008024236921562447,1
UniGCN,diagnostics,sym,52,0.007851987691720002,0.0,0.007851987691720002,0.007851987691720002,1
UniGCN,diagnostics,sym,53,0.007685684144220656,0.0,0.007685684144220656,0.007685684144220656,1
UniGCN,diagnostics,sym,54,0.007524984893666919,0.0,0.007524984893666919,0.007524984893666919,1
UniGCN,diagnostics,sym,55,0.007369578116999286,0.0,0.007369578116999286,0.007369578116999286,1
UniGCN,diagnostics,sym,56,0.007219178224652965,0.0,0.007219178224652965,0.007219178224652965,1
UniGCN,diagnostics,sym,57,0.007073522970155928,0.0,0.007073522970155928,0.007073522970155928,1
UniGCN,diagnostics,sym,58,0.006932370934967666,0.0,0.006932370934967666,0.006932370934967666,1
UniGCN,diagnostics,sym,59,0.006795499334924631,0.0,0.006795499334924631,0.006795499334924631,1
UniGCN,diagnostics,sym,60,0.0066627021027440515,0.0,0.0066627021027440515,0.0066627021027440515,1
UniGCN,diagnostics,sym,61,0.006533788207872555,0.0,0.006533788207872555,0.006533788207872555,1
UniGCN,diagnostics,sym,62,0.006408580180744856,0.0,0.006408580180744856,0.006408580180744856,1
UniGCN,diagnostics,sym,63,0.006286912813405355,0.0,0.006286912813405355,0.006286912813405355,1
UniGCN,diagnostics,sym,64,0.006168632012581027,0.0,0.006168632012581027,0.006168632012581027,1
UniGCN,diagnostics,sym,65,0.006053593784794937,0.0,0.006053593784794937,0.006053593784794937,1
UniGCN,diagnostics,sym,66,0.00594166333607547,0.0,0.00594166333607547,0.00594166333607547,1
UniGCN,diagnostics,sym,67,0.005832714271330112,0.0,0.005832714271330112,0.005832714271330112,1
UniGCN,diagnostics,sym,68,0.0057266278805853865,0.0,0.0057266278805853865,0.0057266278805853865,1
UniGCN,diagnostics,sym,69,0.005623292501105193,0.0,0.005623292501105193,0.005623292501105193,1
UniGCN,diagnostics,sym,70,0.005522602945938855,0.0,0.005522602945938855,0.005522602945938855,1
UniGCN,diagnostics,sym,71,0.0054244599907593985,0.0,0.0054244599907593985,0.0054244599907593985,1
UniGCN,diagnostics,sym,72,0.005328769911967868,0.0,0.005328769911967868,0.005328769911967868,1
UniGCN,diagnostics,sym,73,0.005235444069990448,0.0,0.005235444069990448,0.005235444069990448,1
UniGCN,diagnostics,sym,74,0.005144398532507271,0.0,0.005144398532507271,0.005144398532507271,1
UniGCN,diagnostics,sym,75,0.005055553733046118,0.0,0.005055553733046118,0.005055553733046118,1
UniGCN,diagnostics,sym,76,0.004968834160968818,0.0,0.004968834160968818,0.004968834160968818,1
UniGCN,diagnostics,sym,77,0.004884168079388162,0.0,0.004884168079388162,0.004884168079388162,1
UniGCN,diagnostics,sym,78,0.004801487267991096,0.0,0.004801487267991096,0.004801487267991096,1
UniGCN,diagnostics,sym,79,0.0047207267881209285,0.0,0.0047207267881209285,0.0047207267881209285,1
UniGCN,diagnostics,sym,80,0.00464182476779621,0.0,0.00464182476779621,0.00464182476779621,1
UniGCN,diagnostics,sym,81,0.004564722204624433,0.0,0.004564722204624433,0.004564722204624433,1
UniGCN,diagnostics,sym,82,0.004489362784811426,0.0,0.004489362784811426,0.004489362784811426,1
UniGCN,diagnostics,sym,83,0.004415692716677756,0.0,0.004415692716677756,0.004415692716677756,1
UniGCN,diagnostics,sym,84,0.004343660577276109,0.0,0.004343660577276109,0.004343660577276109,1
UniGCN,diagnostics,sym,85,0.004273217170862664,0.0,0.004273217170862664,0.004273217170862664,1
UniGCN,diagnostics,sym,86,0.004204315398114141,0.0,0.004204315398114141,0.004204315398114141,1
UniGCN,diagnostics,sym,87,0.004136910135103391,0.0,0.004136910135103391,0.004136910135103391,1
UniGCN,diagnostics,sym,88,0.004070958121152455,0.0,0.004070958121152455,0.004070958121152455,1
UniGCN,diagnostics,sym,89,0.004006417854775182,0.0,0.004006417854775182,0.004006417854775182,1
UniGCN,diagnostics,sym,90,0.003943249497003335,0.0,0.003943249497003335,0.003943249497003335,1
UniGCN,diagnostics,sym,91,0.0038814147814623017,0.0,0.0038814147814623017,0.0038814147814623017,1
UniGCN,diagnostics,sym,92,0.0038208769306261425,0.0,0.0038208769306261425,0.0038208769306261425,1
UniGCN,diagnostics,sym,93,0.0037616005777382604,0.0,0.0037616005777382604,0.0037616005777382604,1
UniGCN,diagnostics,sym,94,0.003703551693933749,0.0,0.003703551693933749,0.003703551693933749,1
UniGCN,diagnostics,sym,95,0.0036466975201440506,0.0,0.0036466975201440506,0.0036466975201440506,1
UniGCN,diagnostics,sym,96,0.0035910065034040375,0.0,0.0035910065034040375,0.0035910065034040375,1
UniGCN,diagnostics,sym,97,0.0035364482372168657,0.0,0.0035364482372168657,0.0035364482372168657,1
UniGCN,diagnostics,sym,98,0.0034829934056635364,0.0,0.0034829934056635364,0.0034829934056635364,1
UniGCN,diagnostics,sym,99,0.003430613730972227,0.0,0.003430613730972227,0.003430613730972227,1
UniGCN,diagnostics,sym,100,0.0033792819242878494,0.0,0.0033792819242878494,0.0033792819242878494,1
UniGCN,diagnostics,sym,101,0.00332897163940497,0.0,0.00332897163940497,0.00332897163940497,1
UniGCN,diagnostics,sym,102,0.003279657429247706,0.0,0.003279657429247706,0.003279657429247706,1
UniGCN,diagnostics,sym,103,0.003231314704898676,0.0,0.003231314704898676,0.003231314704898676,1
UniGCN,diagnostics,sym,104,0.0031839196969957015,0.0,0.0031839196969957015,0.0031839196969957015,1
UniGCN,diagnostics,sym,105,0.0031374494193300417,0.0,0.0031374494193300417,0.0031374494193300417,1
UniGCN,diagnostics,sym,106,0.0030918816344935847,0.0,0.0030918816344935847,0.0030918816344935847,1
UniGCN,diagnostics,sym,107,0.003047194821434738,0.0,0.003047194821434738,0.003047194821434738,1
UniGCN,diagnostics,sym,108,0.0030033681447940363,0.0,0.0030033681447940363,0.0030033681447940363,1
UniGCN,diagnostics,sym,109,0.002960381425900689,0.0,0.002960381425900689,0.002960381425900689,1
UniGCN,diagnostics,sym,110,0.0029182151153205028,0.0,0.0029182151153205028,0.0029182151153205028,1
UniGCN,diagnostics,sym,111,0.002876850266854213,0.0,0.002876850266854213,0.002876850266854213,1
UniGCN,diagnostics,sym,112,0.0028362685128928465,0.0,0.0028362685128928465,0.0028362685128928465,1
UniGCN,diagnostics,sym,113,0.0027964520410438836,0.0,0.0027964520410438836,0.0027964520410438836,1
UniGCN,diagnostics,sym,114,0.0027573835719484083,0.0,0.0027573835719484083,0.0027573835719484083,1
UniGCN,diagnostics,sym,115,0.0027190463382153083,0.0,0.0027190463382153083,0.0027190463382153083,1
UniGCN,diagnostics,sym,116,0.0026814240644040563,0.0,0.0026814240644040563,0.0026814240644040563,1
UniGCN,diagnostics,sym,117,0.0026445009479925032,0.0,0.0026445009479925032,0.0026445009479925032,1
UniGCN,diagnostics,sym,118,0.002608261641270688,0.0,0.002608261641270688,0.002608261641270688,1
UniGCN,diagnostics,sym,119,0.0025726912341058642,0.0,0.0025726912341058642,0.0025726912341058642,1
UniGCN,diagnostics,sym,120,0.002537775237527747,0.0,0.002537775237527747,0.002537775237527747,1
UniGCN,diagnostics,sym,121,0.0025034995680865563,0.0,0.0025034995680865563,0.0025034995680865563,1
UniGCN,diagnostics,sym,122,0.0024698505329396694,0.0,0.0024698505329396694,0.0024698505329396694,1
UniGCN,diagnostics,sym,123,0.0024368148156256953,0.0,0.0024368148156256953,0.0024368148156256953,1
UniGCN,diagnostics,sym,124,0.0024043794624875534,0.0,0.0024043794624875534,0.0024043794624875534,1
UniGCN,diagnostics,sym,125,0.002372531869708699,0.0,0.002372531869708699,0.002372531869708699,1
UniGCN,diagnostics,sym,126,0.002341259770928969,0.0,0.002341259770928969,0.002341259770928969,1
UniGCN,diagnostics,sym,127,0.0023105512254087634,0.0,0.0023105512254087634,0.0023105512254087634,1
UniGCN,diagnostics,sym,128,0.0022803946067122,0.0,0.0022803946067122,0.0022803946067122,1
UniGCN,diagnostics,sym,129,0.00225077859188183,0.0,0.00225077859188183,0.00225077859188183,1
UniGCN,diagnostics,sym,130,0.0022216921510792116,0.0,0.0022216921510792116,0.0022216921510792116,1
UniGCN,diagnostics,sym,131,0.002193124537667184,0.0,0.002193124537667184,0.002193124537667184,1
UniGCN,diagnostics,sym,132,0.0021650652787112553,0.0,0.0021650652787112553,0.0021650652787112553,1
UniGCN,diagnostics,sym,133,0.00213750416587885,0.0,0.00213750416587885,0.00213750416587885,1
UniGCN,diagnostics,sym,134,0.002110431246716427,0.0,0.002110431246716427,0.002110431246716427,1
UniGCN,diagnostics,sym,135,0.00208383681628573,0.0,0.00208383681628573,0.00208383681628573,1
UniGCN,diagnostics,sym,136,0.0020577114091414714,0.0,0.0020577114091414714,0.0020577114091414714,1
UniGCN,diagnostics,sym,137,0.002032045791633835,0.0,0.002032045791633835,0.002032045791633835,1
UniGCN,diagnostics,sym,138,0.0020068309545201155,0.0,0.0020068309545201155,0.0020068309545201155,1
UniGCN,diagnostics,sym,139,0.0019820581058707237,0.0,0.0019820581058707237,0.0019820581058707237,1
UniGCN,diagnostics,sym,140,0.001957718664255593,0.0,0.001957718664255593,0.001957718664255593,1
UniGCN,diagnostics,sym,141,0.001933804252197858,0.0,0.001933804252197858,0.001933804252197858,1
UniGCN,diagnostics,sym,142,0.001910306689882335,0.0,0.001910306689882335,0.001910306689882335,1
UniGCN,diagnostics,sym,143,0.0018872179891070752,0.0,0.0018872179891070752,0.0018872179891070752,1
UniGCN,diagnostics,sym,144,0.0018645303474668553,0.0,0.0018645303474668553,0.0018645303474668553,1
UniGCN,diagnostics,sym,145,0.001842236142758094,0.0,0.001842236142758094,0.001842236142758094,1
UniGCN,diagnostics,sym,146,0.0018203279275952314,0.0,0.0018203279275952314,0.0018203279275952314,1
UniGCN,diagnostics,sym,147,0.0017987984242291233,0.0,0.0017987984242291233,0.0017987984242291233,1
UniGCN,diagnostics,sym,148,0.0017776405195585074,0.0,0.0017776405195585074,0.0017776405195585074,1
UniGCN,diagnostics,sym,149,0.001756847260326048,0.0,0.001756847260326048,0.001756847260326048,1
UniGCN,diagnostics,sym,150,0.0017364118484909127,0.0,0.0017364118484909127,0.0017364118484909127,1
UniGCN,diagnostics,sym,151,0.0017163276367702252,0.0,0.0017163276367702252,0.0017163276367702252,1
UniGCN,diagnostics,sym,152,0.0016965881243421234,0.0,0.0016965881243421234,0.0016965881243421234,1
UniGCN,diagnostics,sym,153,0.0016771869527035322,0.0,0.0016771869527035322,0.0016771869527035322,1
UniGCN,diagnostics,sym,154,0.0016581179016760678,0.0,0.0016581179016760678,0.0016581179016760678,1
UniGCN,diagnostics,sym,155,0.0016393748855538382,0.0,0.0016393748855538382,0.0016393748855538382,1
UniGCN,diagnostics,sym,156,0.0016209519493871917,0.0,0.0016209519493871917,0.0016209519493871917,1
UniGCN,diagnostics,sym,157,0.001602843265396745,0.0,0.001602843265396745,0.001602843265396745,1
UniGCN,diagnostics,sym,158,0.0015850431295123138,0.0,0.0015850431295123138,0.0015850431295123138,1
UniGCN,diagnostics,sym,159,0.0015675459580315938,0.0,0.0015675459580315938,0.0015675459580315938,1
UniGCN,diagnostics,sym,160,0.001550346284393698,0.0,0.001550346284393698,0.001550346284393698,1
UniGCN,diagnostics,sym,161,0.0015334387560628868,0.0,0.0015334387560628868,0.0015334387560628868,1
UniGCN,diagnostics,sym,162,0.0015168181315180246,0.0,0.0015168181315180246,0.0015168181315180246,1
UniGCN,diagnostics,sym,163,0.0015004792773435143,0.0,0.0015004792773435143,0.0015004792773435143,1
UniGCN,diagnostics,sym,164,0.0014844171654176542,0.0,0.0014844171654176542,0.0014844171654176542,1
UniGCN,diagnostics,sym,165,0.0014686268701945334,0.0,0.0014686268701945334,0.0014686268701945334,1
UniGCN,diagnostics,sym,166,0.0014531035660757673,0.0,0.0014531035660757673,0.0014531035660757673,1
UniGCN,diagnostics,sym,167,0.0014378425248685362,0.0,0.0014378425248685362,0.0014378425248685362,1
UniGCN,diagnostics,sym,168,0.001422839113326541,0.0,0.001422839113326541,0.001422839113326541,1
UniGCN,diagnostics,sym,169,0.0014080887907706474,0.0,0.0014080887907706474,0.0014080887907706474,1
UniGCN,diagnostics,sym,170,0.001393587106786122,0.0,0.001393587106786122,0.001393587106786122,1
UniGCN,diagnostics,sym,171,0.0013793296989935049,0.0,0.0013793296989935049,0.0013793296989935049,1
UniGCN,diagnostics,sym,172,0.0013653122908902939,0.0,0.0013653122908902939,0.0013653122908902939,1
UniGCN,diagnostics,sym,173,0.0013515306897607226,0.0,0.0013515306897607226,0.0013515306897607226,1
UniGCN,diagnostics,sym,174,0.0013379807846510502,0.0,0.0013379807846510502,0.0013379807846510502,1
UniGCN,diagnostics,sym,175,0.0013246585444078728,0.0,0.0013246585444078728,0.0013246585444078728,1
UniGCN,diagnostics,sym,176,0.0013115600157770878,0.0,0.0013115600157770878,0.0013115600157770878,1
UniGCN,diagnostics,sym,177,0.0012986813215612272,0.0,0.0012986813215612272,0.0012986813215612272,1
UniGCN,diagnostics,sym,178,0.0012860186588329872,0.0,0.0012860186588329872,0.0012860186588329872,1
UniGCN,diagnostics,sym,179,0.0012735682972028577,0.0,0.0012735682972028577,0.0012735682972028577,1
UniGCN,diagnostics,sym,180,0.001261326577138853,0.0,0.001261326577138853,0.001261326577138853,1
UniGCN,diagnostics,sym,181,0.0012492899083364256,0.0,0.0012492899083364256,0.0012492899083364256,1
UniGCN,diagnostics,sym,182,0.001237454768136717,0.0,0.001237454768136717,0.001237454768136717,1
UniGCN,diagnostics,sym,183,0.001225817699991395,0.0,0.001225817699991395,0.001225817699991395,1
UniGCN,diagnostics,sym,184,0.001214375311972365,0.0,0.001214375311972365,0.001214375311972365,1
UniGCN,diagnostics,sym,185,0.0012031242753247518,0.0,0.0012031242753247518,0.0012031242753247518,1
UniGCN,diagnostics,sym,186,0.0011920613230615902,0.0,0.0011920613230615902,0.0011920613230615902,1
UniGCN,diagnostics,sym,187,0.0011811832485987214,0.0,0.0011811832485987214,0.0011811832485987214,1
UniGCN,diagnostics,sym,188,0.001170486904428477,0.0,0.001170486904428477,0.001170486904428477,1
UniGCN,diagnostics,sym,189,0.001159969200830769,0.0,0.001159969200830769,0.001159969200830769,1
UniGCN,diagnostics,sym,190,0.0011496271046202609,0.0,0.0011496271046202609,0.0011496271046202609,1
UniGCN,diagnostics,sym,191,0.0011394576379283655,0.0,0.0011394576379283655,0.0011394576379283655,1
UniGCN,diagnostics,sym,192,0.0011294578770188427,0.0,0.0011294578770188427,0.0011294578770188427,1
UniGCN,diagnostics,sym,193,0.0011196249511358353,0.0,0.0011196249511358353,0.0011196249511358353,1
UniGCN,diagnostics,sym,194,0.0011099560413832198,0.0,0.0011099560413832198,0.0011099560413832198,1
UniGCN,diagnostics,sym,195,0.0011004483796341975,0.0,0.0011004483796341975,0.0011004483796341975,1
UniGCN,diagnostics,sym,196,0.0010910992474700877,0.0,0.0010910992474700877,0.0010910992474700877,1
UniGCN,diagnostics,sym,197,0.0010819059751473376,0.0,0.0010819059751473376,0.0010819059751473376,1
UniGCN,diagnostics,sym,198,0.0010728659405917836,0.0,0.0010728659405917836,0.0010728659405917836,1
UniGCN,diagnostics,sym,199,0.0010639765684192547,0.0,0.0010639765684192547,0.0010639765684192547,1
UniGCN,diagnostics,sym,200,0.0010552353289816417,0.0,0.0010552353289816417,0.0010552353289816417,1
UniGCN,diagnostics,sym,201,0.0010466397374375676,0.0,0.0010466397374375676,0.0010466397374375676,1
UniGCN,diagnostics,sym,202,0.0010381873528468692,0.0,0.0010381873528468692,0.0010381873528468692,1
UniGCN,diagnostics,sym,203,0.0010298757772880843,0.0,0.0010298757772880843,0.0010298757772880843,1
UniGCN,diagnostics,sym,204,0.0010217026549982128,0.0,0.0010217026549982128,0.0010217026549982128,1
UniGCN,diagnostics,sym,205,0.001013665671534012,0.0,0.001013665671534012,0.001013665671534012,1
UniGCN,diagnostics,sym,206,0.0010057625529541446,0.0,0.0010057625529541446,0.0010057625529541446,1
UniGCN,diagnostics,sym,207,0.0009979910650214975,0.0,0.0009979910650214975,0.0009979910650214975,1
UniGCN,diagnostics,sym,208,0.0009903490124250408,0.0,0.0009903490124250408,0.0009903490124250408,1
UniGCN,diagnostics,sym,209,0.0009828342380205975,0.0,0.0009828342380205975,0.0009828342380205975,1
UniGCN,diagnostics,sym,210,0.0009754446220899365,0.0,0.0009754446220899365,0.0009754446220899365,1
UniGCN,diagnostics,sym,211,0.0009681780816176124,0.0,0.0009681780816176124,0.0009681780816176124,1
UniGCN,diagnostics,sym,212,0.0009610325695849999,0.0,0.0009610325695849999,0.0009610325695849999,1
UniGCN,diagnostics,sym,213,0.0009540060742809961,0.0,0.0009540060742809961,0.0009540060742809961,1
UniGCN,diagnostics,sym,214,0.0009470966186288771,0.0,0.0009470966186288771,0.0009470966186288771,1
UniGCN,diagnostics,sym,215,0.0009403022595288168,0.0,0.0009403022595288168,0.0009403022595288168,1
UniGCN,diagnostics,sym,216,0.0009336210872155969,0.0,0.0009336210872155969,0.0009336210872155969,1
UniGCN,diagnostics,sym,217,0.0009270512246310518,0.0,0.0009270512246310518,0.0009270512246310518,1
UniGCN,diagnostics,sym,218,0.0009205908268108056,0.0,0.0009205908268108056,0.0009205908268108056,1
UniGCN,diagnostics,sym,219,0.0009142380802848858,0.0,0.0009142380802848858,0.0009142380802848858,1
UniGCN,diagnostics,sym,220,0.0009079912024917985,0.0,0.0009079912024917985,0.0009079912024917985,1
UniGCN,diagnostics,sym,221,0.0009018484412056748,0.0,0.0009018484412056748,0.0009018484412056748,1
UniGCN,diagnostics,sym,222,0.0008958080739761166,0.0,0.0008958080739761166,0.0008958080739761166,1
UniGCN,diagnostics,sym,223,0.0008898684075803627,0.0,0.0008898684075803627,0.0008898684075803627,1
UniGCN,diagnostics,sym,224,0.0008840277774874421,0.0,0.0008840277774874421,0.0008840277774874421,1
UniGCN,diagnostics,sym,225,0.0008782845473339575,0.0,0.0008782845473339575,0.0008782845473339575,1
UniGCN,diagnostics,sym,226,0.0008726371084111857,0.0,0.0008726371084111857,0.0008726371084111857,1
UniGCN,diagnostics,sym,227,0.0008670838791631708,0.0,0.0008670838791631708,0.0008670838791631708,1
UniGCN,diagnostics,sym,228,0.0008616233046955139,0.0,0.0008616233046955139,0.0008616233046955139,1
UniGCN,diagnostics,sym,229,0.0008562538562945561,0.0,0.0008562538562945561,0.0008562538562945561,1
UniGCN,diagnostics,sym,230,0.0008509740309566792,0.0,0.0008509740309566792,0.0008509740309566792,1
UniGCN,diagnostics,sym,231,0.0008457823509274502,0.0,0.0008457823509274502,0.0008457823509274502,1
UniGCN,diagnostics,sym,232,0.0008406773632503406,0.0,0.0008406773632503406,0.0008406773632503406,1
UniGCN,diagnostics,sym,233,0.0008356576393247721,0.0,0.0008356576393247721,0.0008356576393247721,1
UniGCN,diagnostics,sym,234,0.0008307217744732353,0.0,0.0008307217744732353,0.0008307217744732353,1
UniGCN,diagnostics,sym,235,0.0008258683875172516,0.0,0.0008258683875172516,0.0008258683875172516,1
UniGCN,diagnostics,sym,236,0.0008210961203619424,0.0,0.0008210961203619424,0.0008210961203619424,1
UniGCN,diagnostics,sym,237,0.000816403637588987,0.0,0.000816403637588987,0.000816403637588987,1
UniGCN,diagnostics,sym,238,0.000811789626057753,0.0,0.000811789626057753,0.000811789626057753,1
UniGCN,diagnostics,sym,239,0.0008072527945143922,0.0,0.0008072527945143922,0.0008072527945143922,1
UniGCN,diagnostics,sym,240,0.0008027918732087024,0.0,0.0008027918732087024,0.0008027918732087024,1
UniGCN,diagnostics,sym,241,0.000798405613518558,0.0,0.000798405613518558,0.000798405613518558,1
UniGCN,diagnostics,sym,242,0.0007940927875817298,0.0,0.0007940927875817298,0.0007940927875817298,1
UniGCN,diagnostics,sym,243,0.0007898521879348961,0.0,0.0007898521879348961,0.0007898521879348961,1
UniGCN,diagnostics,sym,244,0.0007856826271596925,0.0,0.0007856826271596925,0.0007856826271596925,1
UniGCN,diagnostics,sym,245,0.0007815829375356082,0.0,0.0007815829375356082,0.0007815829375356082,1
UniGCN,diagnostics,sym,246,0.0007775519706995761,0.0,0.0007775519706995761,0.0007775519706995761,1
UniGCN,diagnostics,sym,247,0.0007735885973120994,0.0,0.0007735885973120994,0.0007735885973120994,1
UniGCN,diagnostics,sym,248,0.0007696917067297464,0.0,0.0007696917067297464,0.0007696917067297464,1
UniGCN,diagnostics,sym,249,0.0007658602066838798,0.0,0.0007658602066838798,0.0007658602066838798,1
UniGCN,diagnostics,sym,250,0.0007620930229654681,0.0,0.0007620930229654681,0.0007620930229654681,1
UniGCN,diagnostics,sym,251,0.0007583890991158335,0.0,0.0007583890991158335,0.0007583890991158335,1
UniGCN,diagnostics,sym,252,0.0007547473961232113,0.0,0.0007547473961232113,0.0007547473961232113,1
UniGCN,diagnostics,sym,253,0.000751166892124979,0.0,0.000751166892124979,0.000751166892124979,1
UniGCN,diagnostics,sym,254,0.0007476465821154291,0.0,0.0007476465821154291,0.0007476465821154291,1
UniGCN,diagnostics,sym,255,0.0007441854776589677,0.0,0.0007441854776589677,0.0007441854776589677,1
UniGCN,diagnostics,sym,256,0.0007407826066086049,0.0,0.0007407826066086049,0.0007407826066086049,1
UniGCN,diagnostics,op,0,1.0,0.0,1.0,1.0,1
UniGCN,diagnostics,op,1,0.4627551124570404,0.0,0.4627551124570404,0.4627551124570404,1
UniGCN,diagnostics,op,2,0.2506845490952531,0.0,0.2506845490952531,0.2506845490952531,1
UniGCN,diagnostics,op,3,0.17407900521137265,0.0,0.17407900521137265,0.17407900521137265,1
UniGCN,diagnostics,op,4,0.136089483726518,0.0,0.136089483726518,0.136089483726518,1
UniGCN,diagnostics,op,5,0.11262689064001029,0.0,0.11262689064001029,0.11262689064001029,1
UniGCN,diagnostics,op,6,0.09618147992165892,0.0,0.09618147992165892,0.09618147992165892,1
UniGCN,diagnostics,op,7,0.08371528932334682,0.0,0.08371528932334682,0.08371528932334682,1
UniGCN,diagnostics,op,8,0.07378561524122546,0.0,0.07378561524122546,0.07378561524122546,1
UniGCN,diagnostics,op,9,0.0656250892662391,0.0,0.0656250892662391,0.0656250892662391,1
UniGCN,diagnostics,op,10,0.05878380643993181,0.0,0.05878380643993181,0.05878380643993181,1
UniGCN,diagnostics,op,11,0.05297377999056869,0.0,0.05297377999056869,0.05297377999056869,1
UniGCN,diagnostics,op,12,0.04799607785633393,0.0,0.04799607785633393,0.04799607785633393,1
UniGCN,diagnostics,op,13,0.04370452759509709,0.0,0.04370452759509709,0.04370452759509709,1
UniGCN,diagnostics,op,14,0.03998656947910766,0.0,0.03998656947910766,0.03998656947910766,1
UniGCN,diagnostics,op,15,0.03675255432246273,0.0,0.03675255432246273,0.03675255432246273,1
UniGCN,diagnostics,op,16,0.033929390953888326,0.0,0.033929390953888326,0.033929390953888326,1
UniGCN,diagnostics,op,17,0.03145653592412126,0.0,0.03145653592412126,0.03145653592412126,1
UniGCN,diagnostics,op,18,0.029283304338227633,0.0,0.029283304338227633,0.029283304338227633,1
UniGCN,diagnostics,op,19,0.027366963559868455,0.0,0.027366963559868455,0.027366963559868455,1
UniGCN,diagnostics,op,20,0.025671315608644187,0.0,0.025671315608644187,0.025671315608644187,1
UniGCN,diagnostics,op,21,0.024165601252511444,0.0,0.024165601252511444,0.024165601252511444,1
UniGCN,diagnostics,op,22,0.022823627090901796,0.0,0.022823627090901796,0.022823627090901796,1
UniGCN,diagnostics,op,23,0.021623054730895902,0.0,0.021623054730895902,0.021623054730895902,1
UniGCN,diagnostics,op,24,0.020544812752456208,0.0,0.020544812752456208,0.020544812752456208,1
UniGCN,diagnostics,op,25,0.019572604897653983,0.0,0.019572604897653983,0.019572604897653983,1
UniGCN,diagnostics,op,26,0.018692495693374746,0.0,0.018692495693374746,0.018692495693374746,1
UniGCN,diagnostics,op,27,0.01789255963614407,0.0,0.01789255963614407,0.01789255963614407,1
UniGCN,diagnostics,op,28,0.017162583302864316,0.0,0.017162583302864316,0.017162583302864316,1
UniGCN,diagnostics,op,29,0.01649381196793786,0.0,0.01649381196793786,0.01649381196793786,1
UniGCN,diagnostics,op,30,0.015878733891465713,0.0,0.015878733891465713,0.015878733891465713,1
UniGCN,diagnostics,op,31,0.015310896622967281,0.0,0.015310896622967281,0.015310896622967281,1
UniGCN,diagnostics,op,32,0.014784750577351662,0.0,0.014784750577351662,0.014784750577351662,1
UniGCN,diagnostics,op,33,0.014295515868373751,0.0,0.014295515868373751,0.014295515868373751,1
UniGCN,diagnostics,op,34,0.013839068981627855,0.0,0.013839068981627855,0.013839068981627855,1
UniGCN,diagnostics,op,35,0.013411846367464345,0.0,0.013411846367464345,0.013411846367464345,1
UniGCN,diagnostics,op,36,0.013010762455858707,0.0,0.013010762455858707,0.013010762455858707,1
UniGCN,diagnostics,op,37,0.012633139955086288,0.0,0.012633139955086288,0.012633139955086288,1
UniGCN,diagnostics,op,38,0.012276650604670399,0.0,0.012276650604670399,0.012276650604670399,1
UniGCN,diagnostics,op,39,0.01193926481842426,0.0,0.01193926481842426,0.01193926481842426,1
UniGCN,diagnostics,op,40,0.011619208881733262,0.0,0.011619208881733262,0.011619208881733262,1
UniGCN,diagnostics,op,41,0.011314928563613567,0.0,0.011314928563613567,0.011314928563613567,1
UniGCN,diagnostics,op,42,0.011025058172817173,0.0,0.011025058172817173,0.011025058172817173,1
UniGCN,diagnostics,op,43,0.010748394232008513,0.0,0.010748394232008513,0.010748394232008513,1
UniGCN,diagnostics,op,44,0.010483873068009752,0.0,0.010483873068009752,0.010483873068009752,1
UniGCN,diagnostics,op,45,0.010230551722097242,0.0,0.010230551722097242,0.010230551722097242,1
UniGCN,diagnostics,op,46,0.00998759167478245,0.0,0.00998759167478245,0.00998759167478245,1
UniGCN,diagnostics,op,47,0.009754244956576544,0.0,0.009754244956576544,0.009754244956576544,1
UniGCN,diagnostics,op,48,0.009529842281798302,0.0,0.009529842281798302,0.009529842281798302,1
UniGCN,diagnostics,op,49,0.009313782898179905,0.0,0.009313782898179905,0.009313782898179905,1
UniGCN,diagnostics,op,50,0.0091055258922804,0.0,0.0091055258922804,0.0091055258922804,1
UniGCN,diagnostics,op,51,0.008904582730765654,0.0,0.008904582730765654,0.008904582730765654,1
UniGCN,diagnostics,op,52,0.008710510851524004,0.0,0.008710510851524004,0.008710510851524004,1
UniGCN,diagnostics,op,53,0.008522908147275514,0.0,0.008522908147275514,0.008522908147275514,1
UniGCN,diagnostics,op,54,0.008341408208587248,0.0,0.008341408208587248,0.008341408208587248,1
UniGCN,diagnostics,op,55,0.008165676213701595,0.0,0.008165676213701595,0.008165676213701595,1
UniGCN,diagnostics,op,56,0.007995405369895014,0.0,0.007995405369895014,0.007995405369895014,1
UniGCN,diagnostics,op,57,0.007830313825700534,0.0,0.007830313825700534,0.007830313825700534,1
UniGCN,diagnostics,op,58,0.007670141985666334,0.0,0.007670141985666334,0.007670141985666334,1
UniGCN,diagnostics,op,59,0.0075146501697384,0.0,0.0075146501697384,0.0075146501697384,1
UniGCN,diagnostics,op,60,0.007363616568147629,0.0,0.007363616568147629,0.007363616568147629,1
UniGCN,diagnostics,op,61,0.007216835450104831,0.0,0.007216835450104831,0.007216835450104831,1
UniGCN,diagnostics,op,62,0.007074115590875377,0.0,0.007074115590875377,0.007074115590875377,1
UniGCN,diagnostics,op,63,0.006935278887100079,0.0,0.006935278887100079,0.006935278887100079,1
UniGCN,diagnostics,op,64,0.006800159134703644,0.0,0.006800159134703644,0.006800159134703644,1
UniGCN,diagnostics,op,65,0.006668600947514985,0.0,0.006668600947514985,0.006668600947514985,1
UniGCN,diagnostics,op,66,0.006540458797924345,0.0,0.006540458797924345,0.006540458797924345,1
UniGCN,diagnostics,op,67,0.006415596163611689,0.0,0.006415596163611689,0.006415596163611689,1
UniGCN,diagnostics,op,68,0.006293884766676416,0.0,0.006293884766676416,0.006293884766676416,1
UniGCN,diagnostics,op,69,0.0061752038934450686,0.0,0.0061752038934450686,0.0061752038934450686,1
UniGCN,diagnostics,op,70,0.006059439784886045,0.0,0.006059439784886045,0.006059439784886045,1
UniGCN,diagnostics,op,71,0.0059464850889641855,0.0,0.0059464850889641855,0.0059464850889641855,1
UniGCN,diagnostics,op,72,0.005836238367462429,0.0,0.005836238367462429,0.005836238367462429,1
UniGCN,diagnostics,op,73,0.005728603650814921,0.0,0.005728603650814921,0.005728603650814921,1
UniGCN,diagnostics,op,74,0.005623490035363321,0.0,0.005623490035363321,0.005623490035363321,1
UniGCN,diagnostics,op,75,0.005520811318189035,0.0,0.005520811318189035,0.005520811318189035,1
UniGCN,diagnostics,op,76,0.005420485665307654,0.0,0.005420485665307654,0.005420485665307654,1
UniGCN,diagnostics,op,77,0.00532243530955476,0.0,0.00532243530955476,0.00532243530955476,1
UniGCN,diagnostics,op,78,0.005226586274958017,0.0,0.005226586274958017,0.005226586274958017,1
UniGCN,diagnostics,op,79,0.005132868124790848,0.0,0.005132868124790848,0.005132868124790848,1
UniGCN,diagnostics,op,80,0.0050412137308477505,0.0,0.0050412137308477505,0.0050412137308477505,1
UniGCN,diagnostics,op,81,0.0049515590617787986,0.0,0.0049515590617787986,0.0049515590617787986,1
UniGCN,diagnostics,op,82,0.004863842988577928,0.0,0.004863842988577928,0.004863842988577928,1
UniGCN,diagnostics,op,83,0.00477800710554237,0.0,0.00477800710554237,0.00477800710554237,1
UniGCN,diagnostics,op,84,0.004693995565213858,0.0,0.004693995565213858,0.004693995565213858,1
UniGCN,diagnostics,op,85,0.0046117549259803515,0.0,0.0046117549259803515,0.0046117549259803515,1
UniGCN,diagnostics,op,86,0.004531234011163553,0.0,0.004531234011163553,0.004531234011163553,1
UniGCN,diagnostics,op,87,0.004452383778545519,0.0,0.004452383778545519,0.004452383778545519,1
UniGCN,diagnostics,op,88,0.0043751571993996515,0.0,0.0043751571993996515,0.0043751571993996515,1
UniGCN,diagnostics,op,89,0.004299509146189753,0.0,0.004299509146189753,0.004299509146189753,1
UniGCN,diagnostics,op,90,0.004225396288187148,0.0,0.004225396288187148,0.004225396288187148,1
UniGCN,diagnostics,op,91,0.004152776994332201,0.0,0.004152776994332201,0.004152776994332201,1
UniGCN,diagnostics,op,92,0.00408161124273363,0.0,0.00408161124273363,0.00408161124273363,1
UniGCN,diagnostics,op,93,0.0040118605362587535,0.0,0.0040118605362587535,0.0040118605362587535,1
UniGCN,diagnostics,op,94,0.003943487823720472,0.0,0.003943487823720472,0.003943487823720472,1
UniGCN,diagnostics,op,95,0.0038764574262137572,0.0,0.0038764574262137572,0.0038764574262137572,1
UniGCN,diagnostics,op,96,0.003810734968196269,0.0,0.003810734968196269,0.003810734968196269,1
UniGCN,diagnostics,op,97,0.003746287312944952,0.0,0.003746287312944952,0.003746287312944952,1
UniGCN,diagnostics,op,98,0.0036830825020538723,0.0,0.0036830825020538723,0.0036830825020538723,1
UniGCN,diagnostics,op,99,0.0036210896986684313,0.0,0.0036210896986684313,0.0036210896986684313,1
UniGCN,diagnostics,op,100,0.0035602791341778923,0.0,0.0035602791341778923,0.0035602791341778923,1
UniGCN,diagnostics,op,101,0.0035006220581123124,0.0,0.0035006220581123124,0.0035006220581123124,1
UniGCN,diagnostics,op,102,0.0034420906910116564,0.0,0.0034420906910116564,0.0034420906910116564,1
UniGCN,diagnostics,op,103,0.003384658180054515,0.0,0.003384658180054515,0.003384658180054515,1
UniGCN,diagnostics,op,104,0.0033282985572515053,0.0,0.0033282985572515053,0.0033282985572515053,1
UniGCN,diagnostics,op,105,0.003272986700024507,0.0,0.003272986700024507,0.003272986700024507,1
UniGCN,diagnostics,op,106,0.0032186982940074034,0.0,0.0032186982940074034,0.0032186982940074034,1
UniGCN,diagnostics,op,107,0.0031654097979171595,0.0,0.0031654097979171595,0.0031654097979171595,1
UniGCN,diagnostics,op,108,0.0031130984103560763,0.0,0.0031130984103560763,0.0031130984103560763,1
UniGCN,diagnostics,op,109,0.003061742038416974,0.0,0.003061742038416974,0.003061742038416974,1
UniGCN,diagnostics,op,110,0.0030113192679729456,0.0,0.0030113192679729456,0.0030113192679729456,1
UniGCN,diagnostics,op,111,0.0029618093355424607,0.0,0.0029618093355424607,0.0029618093355424607,1
UniGCN,diagnostics,op,112,0.0029131921016287967,0.0,0.0029131921016287967,0.0029131921016287967,1
UniGCN,diagnostics,op,113,0.002865448025440393,0.0,0.002865448025440393,0.002865448025440393,1
UniGCN,diagnostics,op,114,0.0028185581409056444,0.0,0.0028185581409056444,0.0028185581409056444,1
UniGCN,diagnostics,op,115,0.002772504033901965,0.0,0.002772504033901965,0.002772504033901965,1
UniGCN,diagnostics,op,116,0.0027272678206247884,0.0,0.0027272678206247884,0.0027272678206247884,1
UniGCN,diagnostics,op,117,0.002682832127027531,0.0,0.002682832127027531,0.002682832127027531,1
UniGCN,diagnostics,op,118,0.0026391800692683884,0.0,0.0026391800692683884,0.0026391800692683884,1
UniGCN,diagnostics,op,119,0.002596295235104409,0.0,0.002596295235104409,0.002596295235104409,1
UniGCN,diagnostics,op,120,0.002554161666177387,0.0,0.002554161666177387,0.002554161666177387,1
UniGCN,diagnostics,op,121,0.002512763841139972,0.0,0.002512763841139972,0.002512763841139972,1
UniGCN,diagnostics,op,122,0.0024720866595738735,0.0,0.0024720866595738735,0.0024720866595738735,1
UniGCN,diagnostics,op,123,0.0024321154266553277,0.0,0.0024321154266553277,0.0024321154266553277,1
UniGCN,diagnostics,op,124,0.0023928358385259616,0.0,0.0023928358385259616,0.0023928358385259616,1
UniGCN,diagnostics,op,125,0.002354233968329952,0.0,0.002354233968329952,0.002354233968329952,1
UniGCN,diagnostics,op,126,0.0023162962528809725,0.0,0.0023162962528809725,0.0023162962528809725,1
UniGCN,diagnostics,op,127,0.002279009479924741,0.0,0.002279009479924741,0.002279009479924741,1
UniGCN,diagnostics,op,128,0.002242360775965186,0.0,0.002242360775965186,0.002242360775965186,1
UniGCN,diagnostics,op,129,0.00220633759462432,0.0,0.00220633759462432,0.00220633759462432,1
UniGCN,diagnostics,op,130,0.0021709277055076957,0.0,0.0021709277055076957,0.0021709277055076957,1
UniGCN,diagnostics,op,131,0.0021361191835491747,0.0,0.0021361191835491747,0.0021361191835491747,1
UniGCN,diagnostics,op,132,0.0021019003988102625,0.0,0.0021019003988102625,0.0021019003988102625,1
UniGCN,diagnostics,op,133,0.002068260006710831,0.0,0.002068260006710831,0.002068260006710831,1
UniGCN,diagnostics,op,134,0.0020351869386694083,0.0,0.0020351869386694083,0.0020351869386694083,1
UniGCN,diagnostics,op,135,0.0020026703931325415,0.0,0.0020026703931325415,0.0020026703931325415,1
UniGCN,diagnostics,op,136,0.001970699826973925,0.0,0.001970699826973925,0.001970699826973925,1
UniGCN,diagnostics,op,137,0.0019392649472451244,0.0,0.0019392649472451244,0.0019392649472451244,1
UniGCN,diagnostics,op,138,0.0019083557032607895,0.0,0.0019083557032607895,0.0019083557032607895,1
UniGCN,diagnostics,op,139,0.001877962279002189,0.0,0.001877962279002189,0.001877962279002189,1
UniGCN,diagnostics,op,140,0.0018480750858238587,0.0,0.0018480750858238587,0.0018480750858238587,1
UniGCN,diagnostics,op,141,0.0018186847554489823,0.0,0.0018186847554489823,0.0018186847554489823,1
UniGCN,diagnostics,op,142,0.001789782133239916,0.0,0.001789782133239916,0.001789782133239916,1
UniGCN,diagnostics,op,143,0.0017613582717310383,0.0,0.0017613582717310383,0.0017613582717310383,1
UniGCN,diagnostics,op,144,0.0017334044244117772,0.0,0.0017334044244117772,0.0017334044244117772,1
UniGCN,diagnostics,op,145,0.0017059120397483383,0.0,0.0017059120397483383,0.0017059120397483383,1
UniGCN,diagnostics,op,146,0.0016788727554332594,0.0,0.0016788727554332594,0.0016788727554332594,1
UniGCN,diagnostics,op,147,0.0016522783928524982,0.0,0.0016522783928524982,0.0016522783928524982,1
UniGCN,diagnostics,op,148,0.0016261209517602886,0.0,0.0016261209517602886,0.0016261209517602886,1
UniGCN,diagnostics,op,149,0.0016003926051525155,0.0,0.0016003926051525155,0.0016003926051525155,1
UniGCN,diagnostics,op,150,0.001575085694329833,0.0,0.001575085694329833,0.001575085694329833,1
UniGCN,diagnostics,op,151,0.001550192724142184,0.0,0.001550192724142184,0.001550192724142184,1
UniGCN,diagnostics,op,152,0.0015257063584068183,0.0,0.0015257063584068183,0.0015257063584068183,1
UniGCN,diagnostics,op,153,0.0015016194154922908,0.0,0.0015016194154922908,0.0015016194154922908,1
UniGCN,diagnostics,op,154,0.0014779248640612878,0.0,0.0014779248640612878,0.0014779248640612878,1
UniGCN,diagnostics,op,155,0.0014546158189654985,0.0,0.0014546158189654985,0.0014546158189654985,1
UniGCN,diagnostics,op,156,0.0014316855372860605,0.0,0.0014316855372860605,0.0014316855372860605,1
UniGCN,diagnostics,op,157,0.0014091274145134386,0.0,0.0014091274145134386,0.0014091274145134386,1
UniGCN,diagnostics,op,158,0.001386934980860867,0.0,0.001386934980860867,0.001386934980860867,1
UniGCN,diagnostics,op,159,0.0013651018977057971,0.0,0.0013651018977057971,0.0013651018977057971,1
UniGCN,diagnostics,op,160,0.0013436219541540229,0.0,0.0013436219541540229,0.0013436219541540229,1
UniGCN,diagnostics,op,161,0.0013224890637214284,0.0,0.0013224890637214284,0.0013224890637214284,1
UniGCN,diagnostics,op,162,0.0013016972611285252,0.0,0.0013016972611285252,0.0013016972611285252,1
UniGCN,diagnostics,op,163,0.0012812406992031833,0.0,0.0012812406992031833,0.0012812406992031833,1
UniGCN,diagnostics,op,164,0.0012611136458871458,0.0,0.0012611136458871458,0.0012611136458871458,1
UniGCN,diagnostics,op,165,0.0012413104813421602,0.0,0.0012413104813421602,0.0012413104813421602,1
UniGCN,diagnostics,op,166,0.001221825695151705,0.0,0.001221825695151705,0.001221825695151705,1
UniGCN,diagnostics,op,167,0.0012026538836144899,0.0,0.0012026538836144899,0.0012026538836144899,1
UniGCN,diagnostics,op,168,0.0011837897471261025,0.0,0.0011837897471261025,0.0011837897471261025,1
UniGCN,diagnostics,op,169,0.0011652280876452864,0.0,0.0011652280876452864,0.0011652280876452864,1
UniGCN,diagnostics,op,170,0.0011469638062415318,0.0,0.0011469638062415318,0.0011469638062415318,1
UniGCN,diagnostics,op,171,0.0011289919007208033,0.0,0.0011289919007208033,0.0011289919007208033,1
UniGCN,diagnostics,op,172,0.0011113074633263371,0.0,0.0011113074633263371,0.0011113074633263371,1
UniGCN,diagnostics,op,173,0.0010939056785116185,0.0,0.0010939056785116185,0.0010939056785116185,1
UniGCN,diagnostics,op,174,0.0010767818207827356,0.0,0.0010767818207827356,0.0010767818207827356,1
UniGCN,diagnostics,op,175,0.0010599312526074593,0.0,0.0010599312526074593,0.0010599312526074593,1
UniGCN,diagnostics,op,176,0.0010433494223884914,0.0,0.0010433494223884914,0.0010433494223884914,1
UniGCN,diagnostics,op,177,0.0010270318624984404,0.0,0.0010270318624984404,0.0010270318624984404,1
UniGCN,diagnostics,op,178,0.0010109741873741969,0.0,0.0010109741873741969,0.0010109741873741969,1
UniGCN,diagnostics,op,179,0.0009951720916684579,0.0,0.0009951720916684579,0.0009951720916684579,1
UniGCN,diagnostics,op,180,0.0009796213484562762,0.0,0.0009796213484562762,0.0009796213484562762,1
UniGCN,diagnostics,op,181,0.0009643178074945653,0.0,0.0009643178074945653,0.0009643178074945653,1
UniGCN,diagnostics,op,182,0.0009492573935326136,0.0,0.0009492573935326136,0.0009492573935326136,1
UniGCN,diagnostics,op,183,0.0009344361046717054,0.0,0.0009344361046717054,0.0009344361046717054,1
UniGCN,diagnostics,op,184,0.0009198500107720637,0.0,0.0009198500107720637,0.0009198500107720637,1
UniGCN,diagnostics,op,185,0.0009054952519053759,0.0,0.0009054952519053759,0.0009054952519053759,1
UniGCN,diagnostics,op,186,0.0008913680368512447,0.0,0.0008913680368512447,0.0008913680368512447,1
UniGCN,diagnostics,op,187,0.0008774646416359843,0.0,0.0008774646416359843,0.0008774646416359843,1
UniGCN,diagnostics,op,188,0.0008637814081122294,0.0,0.0008637814081122294,0.0008637814081122294,1
UniGCN,diagnostics,op,189,0.0008503147425779061,0.0,0.0008503147425779061,0.0008503147425779061,1
UniGCN,diagnostics,op,190,0.0008370611144331559,0.0,0.0008370611144331559,0.0008370611144331559,1
UniGCN,diagnostics,op,191,0.0008240170548738767,0.0,0.0008240170548738767,0.0008240170548738767,1
UniGCN,diagnostics,op,192,0.000811179155620591,0.0,0.000811179155620591,0.000811179155620591,1
UniGCN,diagnostics,op,193,0.0007985440676814027,0.0,0.0007985440676814027,0.0007985440676814027,1
UniGCN,diagnostics,op,194,0.0007861085001478591,0.0,0.0007861085001478591,0.0007861085001478591,1
UniGCN,diagnostics,op,195,0.0007738692190225807,0.0,0.0007738692190225807,0.0007738692190225807,1
UniGCN,diagnostics,op,196,0.0007618230460775661,0.0,0.0007618230460775661,0.0007618230460775661,1
UniGCN,diagnostics,op,197,0.0007499668577421226,0.0,0.0007499668577421226,0.0007499668577421226,1
UniGCN,diagnostics,op,198,0.0007382975840194192,0.0,0.0007382975840194192,0.0007382975840194192,1
UniGCN,diagnostics,op,199,0.0007268122074306932,0.0,0.0007268122074306932,0.0007268122074306932,1
UniGCN,diagnostics,op,200,0.0007155077619861863,0.0,0.0007155077619861863,0.0007155077619861863,1
UniGCN,diagnostics,op,201,0.0007043813321819133,0.0,0.0007043813321819133,0.0007043813321819133,1
UniGCN,diagnostics,op,202,0.0006934300520214173,0.0,0.0006934300520214173,0.0006934300520214173,1
UniGCN,diagnostics,op,203,0.0006826511040616798,0.0,0.0006826511040616798,0.0006826511040616798,1
UniGCN,diagnostics,op,204,0.000672041718482405,0.0,0.000672041718482405,0.000672041718482405,1
UniGCN,diagnostics,op,205,0.0006615991721779132,0.0,0.0006615991721779132,0.0006615991721779132,1
UniGCN,diagnostics,op,206,0.0006513207878709188,0.0,0.0006513207878709188,0.0006513207878709188,1
UniGCN,diagnostics,op,207,0.0006412039332474907,0.0,0.0006412039332474907,0.0006412039332474907,1
UniGCN,diagnostics,op,208,0.0006312460201125221,0.0,0.0006312460201125221,0.0006312460201125221,1
UniGCN,diagnostics,op,209,0.0006214445035650637,0.0,0.0006214445035650637,0.0006214445035650637,1
UniGCN,diagnostics,op,210,0.0006117968811928961,0.0,0.0006117968811928961,0.0006117968811928961,1
UniGCN,diagnostics,op,211,0.0006023006922857457,0.0,0.0006023006922857457,0.0006023006922857457,1
UniGCN,diagnostics,op,212,0.0005929535170665667,0.0,0.0005929535170665667,0.0005929535170665667,1
UniGCN,diagnostics,op,213,0.0005837529759403366,0.0,0.0005837529759403366,0.0005837529759403366,1
UniGCN,diagnostics,op,214,0.0005746967287598339,0.0,0.0005746967287598339,0.0005746967287598339,1
UniGCN,diagnostics,op,215,0.0005657824741078828,0.0,0.0005657824741078828,0.0005657824741078828,1
UniGCN,diagnostics,op,216,0.000557007948595576,0.0,0.000557007948595576,0.000557007948595576,1
UniGCN,diagnostics,op,217,0.0005483709261759995,0.0,0.0005483709261759995,0.0005483709261759995,1
UniGCN,diagnostics,op,218,0.0005398692174730008,0.0,0.0005398692174730008,0.0005398692174730008,1
UniGCN,diagnostics,op,219,0.0005315006691245644,0.0,0.0005315006691245644,0.0005315006691245644,1
UniGCN,diagnostics,op,220,0.0005232631631403695,0.0,0.0005232631631403695,0.0005232631631403695,1
UniGCN,diagnostics,op,221,0.0005151546162731217,0.0,0.0005151546162731217,0.0005151546162731217,1
UniGCN,diagnostics,op,222,0.0005071729794032667,0.0,0.0005071729794032667,0.0005071729794032667,1
UniGCN,diagnostics,op,223,0.0004993162369367112,0.0,0.0004993162369367112,0.0004993162369367112,1
UniGCN,diagnostics,op,224,0.0004915824062151764,0.0,0.0004915824062151764,0.0004915824062151764,1
UniGCN,diagnostics,op,225,0.00048396953693884603,0.0,0.00048396953693884603,0.00048396953693884603,1
UniGCN,diagnostics,op,226,0.0004764757106009611,0.0,0.0004764757106009611,0.0004764757106009611,1
UniGCN,diagnostics,op,227,0.0004690990399340353,0.0,0.0004690990399340353,0.0004690990399340353,1
UniGCN,diagnostics,op,228,0.0004618376683673817,0.0,0.0004618376683673817,0.0004618376683673817,1
UniGCN,diagnostics,op,229,0.00045468976949564237,0.0,0.00045468976949564237,0.00045468976949564237,1
UniGCN,diagnostics,op,230,0.0004476535465580278,0.0,0.0004476535465580278,0.0004476535465580278,1
UniGCN,diagnostics,op,231,0.00044072723192798666,0.0,0.00044072723192798666,0.00044072723192798666,1
UniGCN,diagnostics,op,232,0.0004339090866130307,0.0,0.0004339090866130307,0.0004339090866130307,1
UniGCN,diagnostics,op,233,0.00042719739976445015,0.0,0.00042719739976445015,0.00042719739976445015,1
UniGCN,diagnostics,op,234,0.0004205904881966691,0.0,0.0004205904881966691,0.0004205904881966691,1
UniGCN,diagnostics,op,235,0.000414086695915992,0.0,0.000414086695915992,0.000414086695915992,1
UniGCN,diagnostics,op,236,0.0004076843936585037,0.0,0.0004076843936585037,0.0004076843936585037,1
UniGCN,diagnostics,op,237,0.0004013819784368985,0.0,0.0004013819784368985,0.0004013819784368985,1
UniGCN,diagnostics,op,238,0.00039517787309600866,0.0,0.00039517787309600866,0.00039517787309600866,1
UniGCN,diagnostics,op,239,0.0003890705258768262,0.0,0.0003890705258768262,0.0003890705258768262,1
UniGCN,diagnostics,op,240,0.0003830584099888056,0.0,0.0003830584099888056,0.0003830584099888056,1
UniGCN,diagnostics,op,241,0.0003771400231902488,0.0,0.0003771400231902488,0.0003771400231902488,1
UniGCN,diagnostics,op,242,0.00037131388737657995,0.0,0.00037131388737657995,0.00037131388737657995,1
UniGCN,diagnostics,op,243,0.00036557854817631893,0.0,0.00036557854817631893,0.00036557854817631893,1
UniGCN,diagnostics,op,244,0.00035993257455457664,0.0,0.00035993257455457664,0.00035993257455457664,1
UniGCN,diagnostics,op,245,0.00035437455842389227,0.0,0.00035437455842389227,0.00035437455842389227,1
UniGCN,diagnostics,op,246,0.0003489031142622461,0.0,0.0003489031142622461,0.0003489031142622461,1
UniGCN,diagnostics,op,247,0.0003435168787380787,0.0,0.0003435168787380787,0.0003435168787380787,1
UniGCN,diagnostics,op,248,0.00033821451034216174,0.0,0.00033821451034216174,0.00033821451034216174,1
UniGCN,diagnostics,op,249,0.0003329946890261611,0.0,0.0003329946890261611,0.0003329946890261611,1
UniGCN,diagnostics,op,250,0.00032785611584774715,0.0,0.00032785611584774715,0.00032785611584774715,1
UniGCN,diagnostics,op,251,0.00032279751262209966,0.0,0.00032279751262209966,0.00032279751262209966,1
UniGCN,diagnostics,op,252,0.0003178176215796757,0.0,0.0003178176215796757,0.0003178176215796757,1
UniGCN,diagnostics,op,253,0.00031291520503009586,0.0,0.00031291520503009586,0.00031291520503009586,1
UniGCN,diagnostics,op,254,0.0003080890450320176,0.0,0.0003080890450320176,0.0003080890450320176,1
UniGCN,diagnostics,op,255,0.0003033379430688711,0.0,0.0003033379430688711,0.0003033379430688711,1
UniGCN,diagnostics,op,256,0.00029866071973032673,0.0,0.00029866071973032673,0.00029866071973032673,1
UniGCN,restart,base,0,1.0,0.0,1.0,1.0,1
UniGCN,restart,base,1,0.17023726459564043,0.0,0.17023726459564043,0.17023726459564043,1
UniGCN,restart,base,2,0.061168195915825244,0.0,0.061168195915825244,0.061168195915825244,1
UniGCN,restart,base,3,0.03371504508648565,0.0,0.03371504508648565,0.03371504508648565,1
UniGCN,restart,base,4,0.022316379217315125,0.0,0.022316379217315125,0.022316379217315125,1
UniGCN,restart,base,5,0.016160437827982568,0.0,0.016160437827982568,0.016160437827982568,1
UniGCN,restart,base,6,0.012328198652487968,0.0,0.012328198652487968,0.012328198652487968,1
UniGCN,restart,base,7,0.00972697923292526,0.0,0.00972697923292526,0.00972697923292526,1
UniGCN,restart,base,8,0.007859010994368221,0.0,0.007859010994368221,0.007859010994368221,1
UniGCN,restart,base,9,0.006465035157985873,0.0,0.006465035157985873,0.006465035157985873,1
UniGCN,restart,base,10,0.005395819328593908,0.0,0.005395819328593908,0.005395819328593908,1
UniGCN,restart,base,11,0.00455865808034796,0.0,0.00455865808034796,0.00455865808034796,1
UniGCN,restart,base,12,0.0038925205208212425,0.0,0.0038925205208212425,0.0038925205208212425,1
UniGCN,restart,base,13,0.00335541534805218,0.0,0.00335541534805218,0.00335541534805218,1
UniGCN,restart,base,14,0.0029174583303262307,0.0,0.0029174583303262307,0.0029174583303262307,1
UniGCN,restart,base,15,0.002556816181862628,0.0,0.002556816181862628,0.002556816181862628,1
UniGCN,restart,base,16,0.0022572029511634607,0.0,0.0022572029511634607,0.0022572029511634607,1
UniGCN,restart,base,17,0.0020062650580532355,0.0,0.0020062650580532355,0.0020062650580532355,1
UniGCN,restart,base,18,0.001794501247658069,0.0,0.001794501247658069,0.001794501247658069,1
UniGCN,restart,base,19,0.0016145185500089716,0.0,0.0016145185500089716,0.0016145185500089716,1
UniGCN,restart,base,20,0.0014605069893425845,0.0,0.0014605069893425845,0.0014605069893425845,1
UniGCN,restart,base,21,0.0013278610457908163,0.0,0.0013278610457908163,0.0013278610457908163,1
UniGCN,restart,base,22,0.001212902092361264,0.0,0.001212902092361264,0.001212902092361264,1
UniGCN,restart,base,23,0.001112671822605617,0.0,0.001112671822605617,0.001112671822605617,1
UniGCN,restart,base,24,0.001024776522561764,0.0,0.001024776522561764,0.001024776522561764,1
UniGCN,restart,base,25,0.0009472683503880128,0.0,0.0009472683503880128,0.0009472683503880128,1
UniGCN,restart,base,26,0.0008785539369790809,0.0,0.0008785539369790809,0.0008785539369790809,1
UniGCN,restart,base,27,0.0008173234104786186,0.0,0.0008173234104786186,0.0008173234104786186,1
UniGCN,restart,base,28,0.00076249485927247,0.0,0.00076249485927247,0.00076249485927247,1
UniGCN,restart,base,29,0.0007131705807421588,0.0,0.0007131705807421588,0.0007131705807421588,1
UniGCN,restart,base,30,0.0006686024066295934,0.0,0.0006686024066295934,0.0006686024066295934,1
UniGCN,restart,base,31,0.0006281640734240895,0.0,0.0006281640734240895,0.0006281640734240895,1
UniGCN,restart,base,32,0.0005913290990602309,0.0,0.0005913290990602309,0.0005913290990602309,1
UniGCN,restart,base,33,0.000557652990035768,0.0,0.000557652990035768,0.000557652990035768,1
UniGCN,restart,base,34,0.000526758873072041,0.0,0.000526758873072041,0.000526758873072041,1
UniGCN,restart,base,35,0.0004983258484033578,0.0,0.0004983258484033578,0.0004983258484033578,1
UniGCN,restart,base,36,0.0004720795157430575,0.0,0.0004720795157430575,0.0004720795157430575,1
UniGCN,restart,base,37,0.0004477842417341546,0.0,0.0004477842417341546,0.0004477842417341546,1
UniGCN,restart,base,38,0.00042523682843980943,0.0,0.00042523682843980943,0.00042523682843980943,1
UniGCN,restart,base,39,0.0004042613128323578,0.0,0.0004042613128323578,0.0004042613128323578,1
UniGCN,restart,base,40,0.0003847046821911851,0.0,0.0003847046821911851,0.0003847046821911851,1
UniGCN,restart,base,41,0.00036643333344363663,0.0,0.00036643333344363663,0.00036643333344363663,1
UniGCN,restart,base,42,0.000349330138489798,0.0,0.000349330138489798,0.000349330138489798,1
UniGCN,restart,base,43,0.00033329200448582583,0.0,0.00033329200448582583,0.00033329200448582583,1
UniGCN,restart,base,44,0.00031822783947618895,0.0,0.00031822783947618895,0.00031822783947618895,1
UniGCN,restart,base,45,0.0003040568508534358,0.0,0.0003040568508534358,0.0003040568508534358,1
UniGCN,restart,base,46,0.0002907071178031349,0.0,0.0002907071178031349,0.0002907071178031349,1
UniGCN,restart,base,47,0.00027811438987369235,0.0,0.00027811438987369235,0.00027811438987369235,1
UniGCN,restart,base,48,0.00026622107265136563,0.0,0.00026622107265136563,0.00026622107265136563,1
UniGCN,restart,base,49,0.00025497536865539143,0.0,0.00025497536865539143,0.00025497536865539143,1
UniGCN,restart,base,50,0.0002443305473394824,0.0,0.0002443305473394824,0.0002443305473394824,1
UniGCN,restart,base,51,0.00023424432276491187,0.0,0.00023424432276491187,0.00023424432276491187,1
UniGCN,restart,base,52,0.00022467832131183957,0.0,0.00022467832131183957,0.00022467832131183957,1
UniGCN,restart,base,53,0.00021559762489039005,0.0,0.00021559762489039005,0.00021559762489039005,1
UniGCN,restart,base,54,0.0002069703776376432,0.0,0.0002069703776376432,0.0002069703776376432,1
UniGCN,restart,base,55,0.00019876744615028732,0.0,0.00019876744615028732,0.00019876744615028732,1
UniGCN,restart,base,56,0.00019096212499269843,0.0,0.00019096212499269843,0.00019096212499269843,1
UniGCN,restart,base,57,0.00018352988060699917,0.0,0.00018352988060699917,0.00018352988060699917,1
UniGCN,restart,base,58,0.0001764481278918399,0.0,0.0001764481278918399,0.0001764481278918399,1
UniGCN,restart,base,59,0.00016969603465595033,0.0,0.00016969603465595033,0.00016969603465595033,1
UniGCN,restart,base,60,0.0001632543499278795,0.0,0.0001632543499278795,0.0001632543499278795,1
UniGCN,restart,base,61,0.00015710525274468574,0.0,0.00015710525274468574,0.00015710525274468574,1
UniGCN,restart,base,62,0.0001512322185739372,0.0,0.0001512322185739372,0.0001512322185739372,1
UniGCN,restart,base,63,0.00014561990096494446,0.0,0.00014561990096494446,0.00014561990096494446,1
UniGCN,restart,base,64,0.00014025402639272652,0.0,0.00014025402639272652,0.00014025402639272652,1
UniGCN,restart,base,65,0.00013512130056487308,0.0,0.00013512130056487308,0.00013512130056487308,1
UniGCN,restart,base,66,0.00013020932471789745,0.0,0.00013020932471789745,0.00013020932471789745,1
UniGCN,restart,base,67,0.00012550652064459463,0.0,0.00012550652064459463,0.00012550652064459463,1
UniGCN,restart,base,68,0.00012100206337447939,0.0,0.00012100206337447939,0.00012100206337447939,1
UniGCN,restart,base,69,0.00011668582058143388,0.0,0.00011668582058143388,0.00011668582058143388,1
UniGCN,restart,base,70,0.00011254829792106807,0.0,0.00011254829792106807,0.00011254829792106807,1
UniGCN,restart,base,71,0.00010858058960893781,0.0,0.00010858058960893781,0.00010858058960893781,1
UniGCN,restart,base,72,0.00010477433364295103,0.0,0.00010477433364295103,0.00010477433364295103,1
UniGCN,restart,base,73,0.00010112167115170874,0.0,0.00010112167115170874,0.00010112167115170874,1
UniGCN,restart,base,74,9.76152094174078e-05,0.0,9.76152094174078e-05,9.76152094174078e-05,1
UniGCN,restart,base,75,9.424798817912049e-05,0.0,9.424798817912049e-05,9.424798817912049e-05,1
UniGCN,restart,base,76,9.101344887129741e-05,0.0,9.101344887129741e-05,9.101344887129741e-05,1
UniGCN,restart,base,77,8.790540649448496e-05,0.0,8.790540649448496e-05,8.790540649448496e-05,1
UniGCN,restart,base,78,8.491802385157286e-05,0.0,8.491802385157286e-05,8.491802385157286e-05,1
UniGCN,restart,base,79,8.204578791427276e-05,0.0,8.204578791427276e-05,8.204578791427276e-05,1
UniGCN,restart,base,80,7.928348811172124e-05,0.0,7.928348811172124e-05,7.928348811172124e-05,1
UniGCN,restart,base,81,7.662619635671665e-05,0.0,7.662619635671665e-05,7.662619635671665e-05,1
UniGCN,restart,base,82,7.406924864566447e-05,0.0,7.406924864566447e-05,7.406924864566447e-05,1
UniGCN,restart,base,83,7.160822808625709e-05,0.0,7.160822808625709e-05,7.160822808625709e-05,1
UniGCN,restart,base,84,6.923894922262248e-05,0.0,6.923894922262248e-05,6.923894922262248e-05,1
UniGCN,restart,base,85,6.695744354145591e-05,0.0,6.695744354145591e-05,6.695744354145591e-05,1
UniGCN,restart,base,86,6.475994605476348e-05,0.0,6.475994605476348e-05,6.475994605476348e-05,1
UniGCN,restart,base,87,6.264288286552284e-05,0.0,6.264288286552284e-05,6.264288286552284e-05,1
UniGCN,restart,base,88,6.0602859631995795e-05,0.0,6.0602859631995795e-05,6.0602859631995795e-05,1
UniGCN,restart,base,89,5.863665085477419e-05,0.0,5.863665085477419e-05,5.863665085477419e-05,1
UniGCN,restart,base,90,5.67411899180426e-05,0.0,5.67411899180426e-05,5.67411899180426e-05,1
UniGCN,restart,base,91,5.491355982312243e-05,0.0,5.491355982312243e-05,5.491355982312243e-05,1
UniGCN,restart,base,92,5.315098455822021e-05,0.0,5.315098455822021e-05,5.315098455822021e-05,1
UniGCN,restart,base,93,5.145082105353243e-05,0.0,5.145082105353243e-05,5.145082105353243e-05,1
UniGCN,restart,base,94,4.981055167553203e-05,0.0,4.981055167553203e-05,4.981055167553203e-05,1
UniGCN,restart,base,95,4.8227777218446365e-05,0.0,4.8227777218446365e-05,4.8227777218446365e-05,1
UniGCN,restart,base,96,4.67002103546914e-05,0.0,4.67002103546914e-05,4.67002103546914e-05,1
UniGCN,restart,base,97,4.522566950939913e-05,0.0,4.522566950939913e-05,4.522566950939913e-05,1
UniGCN,restart,base,98,4.380207312721033e-05,0.0,4.380207312721033e-05,4.380207312721033e-05,1
UniGCN,restart,base,99,4.242743430224177e-05,0.0,4.242743430224177e-05,4.242743430224177e-05,1
UniGCN,restart,base,100,4.109985574460484e-05,0.0,4.109985574460484e-05,4.109985574460484e-05,1
UniGCN,restart,base,101,3.981752505908614e-05,0.0,3.981752505908614e-05,3.981752505908614e-05,1
UniGCN,restart,base,102,3.8578710313620086e-05,0.0,3.8578710313620086e-05,3.8578710313620086e-05,1
UniGCN,restart,base,103,3.7381755877015615e-05,0.0,3.7381755877015615e-05,3.7381755877015615e-05,1
UniGCN,restart,base,104,3.622507850706046e-05,0.0,3.622507850706046e-05,3.622507850706046e-05,1
UniGCN,restart,base,105,3.5107163671636914e-05,0.0,3.5107163671636914e-05,3.5107163671636914e-05,1
UniGCN,restart,base,106,3.402656208685701e-05,0.0,3.402656208685701e-05,3.402656208685701e-05,1
UniGCN,restart,base,107,3.298188645747567e-05,0.0,3.298188645747567e-05,3.298188645747567e-05,1
UniGCN,restart,base,108,3.1971808405982146e-05,0.0,3.1971808405982146e-05,3.1971808405982146e-05,1
UniGCN,restart,base,109,3.09950555778107e-05,0.0,3.09950555778107e-05,3.09950555778107e-05,1
UniGCN,restart,base,110,3.0050408911063662e-05,0.0,3.0050408911063662e-05,3.0050408911063662e-05,1
UniGCN,restart,base,111,2.913670006001021e-05,0.0,2.913670006001021e-05,2.913670006001021e-05,1
UniGCN,restart,base,112,2.8252808962421112e-05,0.0,2.8252808962421112e-05,2.8252808962421112e-05,1
UniGCN,restart,base,113,2.739766154153013e-05,0.0,2.739766154153013e-05,2.739766154153013e-05,1
UniGCN,restart,base,114,2.6570227534083065e-05,0.0,2.6570227534083065e-05,2.6570227534083065e-05,1
UniGCN,restart,base,115,2.576951843655024e-05,0.0,2.576951843655024e-05,2.576951843655024e-05,1
UniGCN,restart,base,116,2.4994585562143758e-05,0.0,2.4994585562143758e-05,2.4994585562143758e-05,1
UniGCN,restart,base,117,2.4244518201801253e-05,0.0,2.4244518201801253e-05,2.4244518201801253e-05,1
UniGCN,restart,base,118,2.3518441882775902e-05,0.0,2.3518441882775902e-05,2.3518441882775902e-05,1
UniGCN,restart,base,119,2.2815516718914368e-05,0.0,2.2815516718914368e-05,2.2815516718914368e-05,1
UniGCN,restart,base,120,2.2134935847110308e-05,0.0,2.2134935847110308e-05,2.2134935847110308e-05,1
UniGCN,restart,base,121,2.1475923944797207e-05,0.0,2.1475923944797207e-05,2.1475923944797207e-05,1
UniGCN,restart,base,122,2.083773582369009e-05,0.0,2.083773582369009e-05,2.083773582369009e-05,1
UniGCN,restart,base,123,2.0219655095306927e-05,0.0,2.0219655095306927e-05,2.0219655095306927e-05,1
UniGCN,restart,base,124,1.9620992904096268e-05,0.0,1.9620992904096268e-05,1.9620992904096268e-05,1
UniGCN,restart,base,125,1.904108672427211e-05,0.0,1.904108672427211e-05,1.904108672427211e-05,1
UniGCN,restart,base,126,1.8479299216711416e-05,0.0,1.8479299216711416e-05,1.8479299216711416e-05,1
UniGCN,restart,base,127,1.7935017142504593e-05,0.0,1.7935017142504593e-05,1.7935017142504593e-05,1
UniGCN,restart,base,128,1.740765032996832e-05,0.0,1.740765032996832e-05,1.740765032996832e-05,1
UniGCN,restart,base,129,1.6896630692132497e-05,0.0,1.6896630692132497e-05,1.6896630692132497e-05,1
UniGCN,restart,base,130,1.6401411291901545e-05,0.0,1.6401411291901545e-05,1.6401411291901545e-05,1
UniGCN,restart,base,131,1.5921465452265413e-05,0.0,1.5921465452265413e-05,1.5921465452265413e-05,1
UniGCN,restart,base,132,1.5456285909098265e-05,0.0,1.5456285909098265e-05,1.5456285909098265e-05,1
UniGCN,restart,base,133,1.5005384004234516e-05,0.0,1.5005384004234516e-05,1.5005384004234516e-05,1
UniGCN,restart,base,134,1.4568288916652772e-05,0.0,1.4568288916652772e-05,1.4568288916652772e-05,1
UniGCN,restart,base,135,1.4144546929729803e-05,0.0,1.4144546929729803e-05,1.4144546929729803e-05,1
UniGCN,restart,base,136,1.3733720732649159e-05,0.0,1.3733720732649159e-05,1.3733720732649159e-05,1
UniGCN,restart,base,137,1.3335388754163274e-05,0.0,1.3335388754163274e-05,1.3335388754163274e-05,1
UniGCN,restart,base,138,1.2949144527014797e-05,0.0,1.2949144527014797e-05,1.2949144527014797e-05,1
UniGCN,restart,base,139,1.257459608142223e-05,0.0,1.257459608142223e-05,1.257459608142223e-05,1
UniGCN,restart,base,140,1.2211365366128308e-05,0.0,1.2211365366128308e-05,1.2211365366128308e-05,1
UniGCN,restart,base,141,1.1859087695596498e-05,0.0,1.1859087695596498e-05,1.1859087695596498e-05,1
UniGCN,restart,base,142,1.1517411222022254e-05,0.0,1.1517411222022254e-05,1.1517411222022254e-05,1
UniGCN,restart,base,143,1.1185996430902203e-05,0.0,1.1185996430902203e-05,1.1185996430902203e-05,1
UniGCN,restart,base,144,1.0864515658975397e-05,0.0,1.0864515658975397e-05,1.0864515658975397e-05,1
UniGCN,restart,base,145,1.0552652633417869e-05,0.0,1.0552652633417869e-05,1.0552652633417869e-05,1
UniGCN,restart,base,146,1.0250102031234253e-05,0.0,1.0250102031234253e-05,1.0250102031234253e-05,1
UniGCN,restart,base,147,9.956569057848992e-06,0.0,9.956569057848992e-06,9.956569057848992e-06,1
UniGCN,restart,base,148,9.671769043954808e-06,0.0,9.671769043954808e-06,9.671769043954808e-06,1
UniGCN,restart,base,149,9.395427059727727e-06,0.0,9.395427059727727e-06,9.395427059727727e-06,1
UniGCN,restart,base,150,9.127277545566729e-06,0.0,9.127277545566729e-06,9.127277545566729e-06,1
UniGCN,restart,base,151,8.867063958561432e-06,0.0,8.867063958561432e-06,8.867063958561432e-06,1
UniGCN,restart,base,152,8.61453843393441e-06,0.0,8.61453843393441e-06,8.61453843393441e-06,1
UniGCN,restart,base,153,8.369461460744896e-06,0.0,8.369461460744896e-06,8.369461460744896e-06,1
UniGCN,restart,base,154,8.131601571178531e-06,0.0,8.131601571178531e-06,8.131601571178531e-06,1
UniGCN,restart,base,155,7.900735042783688e-06,0.0,7.900735042783688e-06,7.900735042783688e-06,1
UniGCN,restart,base,156,7.676645613048317e-06,0.0,7.676645613048317e-06,7.676645613048317e-06,1
UniGCN,restart,base,157,7.459124205743035e-06,0.0,7.459124205743035e-06,7.459124205743035e-06,1
UniGCN,restart,base,158,7.247968668485942e-06,0.0,7.247968668485942e-06,7.247968668485942e-06,1
UniGCN,restart,base,159,7.042983521012805e-06,0.0,7.042983521012805e-06,7.042983521012805e-06,1
UniGCN,restart,base,160,6.843979713662677e-06,0.0,6.843979713662677e-06,6.843979713662677e-06,1
UniGCN,restart,base,161,6.650774395614119e-06,0.0,6.650774395614119e-06,6.650774395614119e-06,1
UniGCN,restart,base,162,6.463190692430684e-06,0.0,6.463190692430684e-06,6.463190692430684e-06,1
UniGCN,restart,base,163,6.281057492496661e-06,0.0,6.281057492496661e-06,6.281057492496661e-06,1
UniGCN,restart,base,164,6.104209241945016e-06,0.0,6.104209241945016e-06,6.104209241945016e-06,1
UniGCN,restart,base,165,5.932485747699471e-06,0.0,5.932485747699471e-06,5.932485747699471e-06,1
UniGCN,restart,base,166,5.765731988271246e-06,0.0,5.765731988271246e-06,5.765731988271246e-06,1
UniGCN,restart,base,167,5.6037979319688454e-06,0.0,5.6037979319688454e-06,5.6037979319688454e-06,1
UniGCN,restart,base,168,5.4465383621960385e-06,0.0,5.4465383621960385e-06,5.4465383621960385e-06,1
UniGCN,restart,base,169,5.293812709528973e-06,0.0,5.293812709528973e-06,5.293812709528973e-06,1
UniGCN,restart,base,170,5.145484890278413e-06,0.0,5.145484890278413e-06,5.145484890278413e-06,1
UniGCN,restart,base,171,5.0014231512573344e-06,0.0,5.0014231512573344e-06,5.0014231512573344e-06,1
UniGCN,restart,base,172,4.8614999204874485e-06,0.0,4.8614999204874485e-06,4.8614999204874485e-06,1
UniGCN,restart,base,173,4.725591663591088e-06,0.0,4.725591663591088e-06,4.725591663591088e-06,1
UniGCN,restart,base,174,4.593578745626805e-06,0.0,4.593578745626805e-06,4.593578745626805e-06,1
UniGCN,restart,base,175,4.465345298138644e-06,0.0,4.465345298138644e-06,4.465345298138644e-06,1
UniGCN,restart,base,176,4.34077909119966e-06,0.0,4.34077909119966e-06,4.34077909119966e-06,1
UniGCN,restart,base,177,4.21977141024074e-06,0.0,4.21977141024074e-06,4.21977141024074e-06,1
UniGCN,restart,base,178,4.102216937465378e-06,0.0,4.102216937465378e-06,4.102216937465378e-06,1
UniGCN,restart,base,179,3.988013637660319e-06,0.0,3.988013637660319e-06,3.988013637660319e-06,1
UniGCN,restart,base,180,3.877062648220851e-06,0.0,3.877062648220851e-06,3.877062648220851e-06,1
UniGCN,restart,base,181,3.769268173217677e-06,0.0,3.769268173217677e-06,3.769268173217677e-06,1
UniGCN,restart,base,182,3.6645373813403753e-06,0.0,3.6645373813403753e-06,3.6645373813403753e-06,1
UniGCN,restart,base,183,3.5627803075597853e-06,0.0,3.5627803075597853e-06,3.5627803075597853e-06,1
UniGCN,restart,base,184,3.463909758358955e-06,0.0,3.463909758358955e-06,3.463909758358955e-06,1
UniGCN,restart,base,185,3.367841220388899e-06,0.0,3.367841220388899e-06,3.367841220388899e-06,1
UniGCN,restart,base,186,3.2744927724119593e-06,0.0,3.2744927724119593e-06,3.2744927724119593e-06,1
UniGCN,restart,base,187,3.18378500040163e-06,0.0,3.18378500040163e-06,3.18378500040163e-06,1
UniGCN,restart,base,188,3.0956409156735084e-06,0.0,3.0956409156735084e-06,3.0956409156735084e-06,1
UniGCN,restart,base,189,3.0099858759276198e-06,0.0,3.0099858759276198e-06,3.0099858759276198e-06,1
UniGCN,restart,base,190,2.9267475090875677e-06,0.0,2.9267475090875677e-06,2.9267475090875677e-06,1
UniGCN,restart,base,191,2.8458556398269878e-06,0.0,2.8458556398269878e-06,2.8458556398269878e-06,1
UniGCN,restart,base,192,2.767242218678579e-06,0.0,2.767242218678579e-06,2.767242218678579e-06,1
UniGCN,restart,base,193,2.6908412536254607e-06,0.0,2.6908412536254607e-06,2.6908412536254607e-06,1
UniGCN,restart,base,194,2.616588744078974e-06,0.0,2.616588744078974e-06,2.616588744078974e-06,1
UniGCN,restart,base,195,2.5444226171511335e-06,0.0,2.5444226171511335e-06,2.5444226171511335e-06,1
UniGCN,restart,base,196,2.474282666133874e-06,0.0,2.474282666133874e-06,2.474282666133874e-06,1
UniGCN,restart,base,197,2.406110491100937e-06,0.0,2.406110491100937e-06,2.406110491100937e-06,1
UniGCN,restart,base,198,2.339849441551841e-06,0.0,2.339849441551841e-06,2.339849441551841e-06,1
UniGCN,restart,base,199,2.27544456102074e-06,0.0,2.27544456102074e-06,2.27544456102074e-06,1
UniGCN,restart,base,200,2.2128425335762325e-06,0.0,2.2128425335762325e-06,2.2128425335762325e-06,1
UniGCN,restart,base,201,2.151991632141236e-06,0.0,2.151991632141236e-06,2.151991632141236e-06,1
UniGCN,restart,base,202,2.0928416685650324e-06,0.0,2.0928416685650324e-06,2.0928416685650324e-06,1
UniGCN,restart,base,203,2.035343945382348e-06,0.0,2.035343945382348e-06,2.035343945382348e-06,1
UniGCN,restart,base,204,1.979451209197048e-06,0.0,1.979451209197048e-06,1.979451209197048e-06,1
UniGCN,restart,base,205,1.925117605630555e-06,0.0,1.925117605630555e-06,1.925117605630555e-06,1
UniGCN,restart,base,206,1.8722986357775638e-06,0.0,1.8722986357775638e-06,1.8722986357775638e-06,1
UniGCN,restart,base,207,1.820951114113956e-06,0.0,1.820951114113956e-06,1.820951114113956e-06,1
UniGCN,restart,base,208,1.771033127804009e-06,0.0,1.771033127804009e-06,1.771033127804009e-06,1
UniGCN,restart,base,209,1.722503997356187e-06,0.0,1.722503997356187e-06,1.722503997356187e-06,1
UniGCN,restart,base,210,1.6753242385787648e-06,0.0,1.6753242385787648e-06,1.6753242385787648e-06,1
UniGCN,restart,base,211,1.629455525788534e-06,0.0,1.629455525788534e-06,1.629455525788534e-06,1
UniGCN,restart,base,212,1.5848606562276575e-06,0.0,1.5848606562276575e-06,1.5848606562276575e-06,1
UniGCN,restart,base,213,1.5415035156455409e-06,0.0,1.5415035156455409e-06,1.5415035156455409e-06,1
UniGCN,restart,base,214,1.4993490450042795e-06,0.0,1.4993490450042795e-06,1.4993490450042795e-06,1
UniGCN,restart,base,215,1.4583632082678488e-06,0.0,1.4583632082678488e-06,1.4583632082678488e-06,1
UniGCN,restart,base,216,1.418512961236793e-06,0.0,1.418512961236793e-06,1.418512961236793e-06,1
UniGCN,restart,base,217,1.379766221391619e-06,0.0,1.379766221391619e-06,1.379766221391619e-06,1
UniGCN,restart,base,218,1.3420918387095464e-06,0.0,1.3420918387095464e-06,1.3420918387095464e-06,1
UniGCN,restart,base,219,1.30545956742062e-06,0.0,1.30545956742062e-06,1.30545956742062e-06,1
UniGCN,restart,base,220,1.2698400386704976e-06,0.0,1.2698400386704976e-06,1.2698400386704976e-06,1
UniGCN,restart,base,221,1.2352047340584752e-06,0.0,1.2352047340584752e-06,1.2352047340584752e-06,1
UniGCN,restart,base,222,1.2015259600204986e-06,0.0,1.2015259600204986e-06,1.2015259600204986e-06,1
UniGCN,restart,base,223,1.1687768230280787e-06,0.0,1.1687768230280787e-06,1.1687768230280787e-06,1
UniGCN,restart,base,224,1.136931205575093e-06,0.0,1.136931205575093e-06,1.136931205575093e-06,1
UniGCN,restart,base,225,1.1059637429255443e-06,0.0,1.1059637429255443e-06,1.1059637429255443e-06,1
UniGCN,restart,base,226,1.0758498005963302e-06,0.0,1.0758498005963302e-06,1.0758498005963302e-06,1
UniGCN,restart,base,227,1.0465654525500474e-06,0.0,1.0465654525500474e-06,1.0465654525500474e-06,1
UniGCN,restart,base,228,1.0180874600737985e-06,0.0,1.0180874600737985e-06,1.0180874600737985e-06,1
UniGCN,restart,base,229,9.903932513208413e-07,0.0,9.903932513208413e-07,9.903932513208413e-07,1
UniGCN,restart,base,230,9.63460901492777e-07,0.0,9.63460901492777e-07,9.63460901492777e-07,1
UniGCN,restart,base,231,9.372691136407951e-07,0.0,9.372691136407951e-07,9.372691136407951e-07,1
UniGCN,restart,base,232,9.117972000652882e-07,0.0,9.117972000652882e-07,9.117972000652882e-07,1
UniGCN,restart,base,233,8.870250642938703e-07,0.0,8.870250642938703e-07,8.870250642938703e-07,1
UniGCN,restart,base,234,8.629331836186054e-07,0.0,8.629331836186054e-07,8.629331836186054e-07,1
UniGCN,restart,base,235,8.395025921738971e-07,0.0,8.395025921738971e-07,8.395025921738971e-07,1
UniGCN,restart,base,236,8.167148645371948e-07,0.0,8.167148645371948e-07,8.167148645371948e-07,1
UniGCN,restart,base,237,7.945520998352961e-07,0.0,7.945520998352961e-07,7.945520998352961e-07,1
UniGCN,restart,base,238,7.72996906339635e-07,0.0,7.72996906339635e-07,7.72996906339635e-07,1
UniGCN,restart,base,239,7.520323865345551e-07,0.0,7.520323865345551e-07,7.520323865345551e-07,1
UniGCN,restart,base,240,7.316421226431169e-07,0.0,7.316421226431169e-07,7.316421226431169e-07,1
UniGCN,restart,base,241,7.118101625955443e-07,0.0,7.118101625955443e-07,7.118101625955443e-07,1
UniGCN,restart,base,242,6.925210064259366e-07,0.0,6.925210064259366e-07,6.925210064259366e-07,1
UniGCN,restart,base,243,6.737595930833792e-07,0.0,6.737595930833792e-07,6.737595930833792e-07,1
UniGCN,restart,base,244,6.55511287644068e-07,0.0,6.55511287644068e-07,6.55511287644068e-07,1
UniGCN,restart,base,245,6.377618689115308e-07,0.0,6.377618689115308e-07,6.377618689115308e-07,1
UniGCN,restart,base,246,6.204975173924825e-07,0.0,6.204975173924825e-07,6.204975173924825e-07,1
UniGCN,restart,base,247,6.037048036362667e-07,0.0,6.037048036362667e-07,6.037048036362667e-07,1
UniGCN,restart,base,248,5.873706769262772e-07,0.0,5.873706769262772e-07,5.873706769262772e-07,1
UniGCN,restart,base,249,5.714824543121248e-07,0.0,5.714824543121248e-07,5.714824543121248e-07,1
UniGCN,restart,base,250,5.560278099717232e-07,0.0,5.560278099717232e-07,5.560278099717232e-07,1
UniGCN,restart,base,251,5.409947648928153e-07,0.0,5.409947648928153e-07,5.409947648928153e-07,1
UniGCN,restart,base,252,5.263716768638471e-07,0.0,5.263716768638471e-07,5.263716768638471e-07,1
UniGCN,restart,base,253,5.12147230764404e-07,0.0,5.12147230764404e-07,5.12147230764404e-07,1
UniGCN,restart,base,254,4.98310429145784e-07,0.0,4.98310429145784e-07,4.98310429145784e-07,1
UniGCN,restart,base,255,4.848505830925883e-07,0.0,4.848505830925883e-07,4.848505830925883e-07,1
UniGCN,restart,base,256,4.7175730335651563e-07,0.0,4.7175730335651563e-07,4.7175730335651563e-07,1
UniGCN,restart,restart,0,1.0,0.0,1.0,1.0,1
UniGCN,restart,restart,1,0.2151631505887641,0.0,0.2151631505887641,0.2151631505887641,1
UniGCN,restart,restart,2,0.09958911494079797,0.0,0.09958911494079797,0.09958911494079797,1
UniGCN,restart,restart,3,0.06754709510863158,0.0,0.06754709510863158,0.06754709510863158,1
UniGCN,restart,restart,4,0.054510084782624244,0.0,0.054510084782624244,0.054510084782624244,1
UniGCN,restart,restart,5,0.047927063981144956,0.0,0.047927063981144956,0.047927063981144956,1
UniGCN,restart,restart,6,0.044124129733669644,0.0,0.044124129733669644,0.044124129733669644,1
UniGCN,restart,restart,7,0.041725706672271365,0.0,0.041725706672271365,0.041725706672271365,1
UniGCN,restart,restart,8,0.04012081962217667,0.0,0.04012081962217667,0.04012081962217667,1
UniGCN,restart,restart,9,0.039001141147288115,0.0,0.039001141147288115,0.039001141147288115,1
UniGCN,restart,restart,10,0.03819557641473634,0.0,0.03819557641473634,0.03819557641473634,1
UniGCN,restart,restart,11,0.037602234904387105,0.0,0.037602234904387105,0.037602234904387105,1
UniGCN,restart,restart,12,0.037157089949939215,0.0,0.037157089949939215,0.037157089949939215,1
UniGCN,restart,restart,13,0.036818175946011646,0.0,0.036818175946011646,0.036818175946011646,1
UniGCN,restart,restart,14,0.03655703621556153,0.0,0.03655703621556153,0.03655703621556153,1
UniGCN,restart,restart,15,0.03635382806635968,0.0,0.03635382806635968,0.03635382806635968,1
UniGCN,restart,restart,16,0.03619439034548717,0.0,0.03619439034548717,0.03619439034548717,1
UniGCN,restart,restart,17,0.03606841822723089,0.0,0.03606841822723089,0.03606841822723089,1
UniGCN,restart,restart,18,0.035968289312079675,0.0,0.035968289312079675,0.035968289312079675,1
UniGCN,restart,restart,19,0.0358882867784632,0.0,0.0358882867784632,0.0358882867784632,1
UniGCN,restart,restart,20,0.03582407227034222,0.0,0.03582407227034222,0.03582407227034222,1
UniGCN,restart,restart,21,0.03577232028205524,0.0,0.03577232028205524,0.03577232028205524,1
UniGCN,restart,restart,22,0.03573045960520069,0.0,0.03573045960520069,0.03573045960520069,1
UniGCN,restart,restart,23,0.03569648735082996,0.0,0.03569648735082996,0.03569648735082996,1
UniGCN,restart,restart,24,0.035668833163587384,0.0,0.035668833163587384,0.035668833163587384,1
UniGCN,restart,restart,25,0.035646258775829255,0.0,0.035646258775829255,0.035646258775829255,1
UniGCN,restart,restart,26,0.03562778284639717,0.0,0.03562778284639717,0.03562778284639717,1
UniGCN,restart,restart,27,0.035612624149973786,0.0,0.035612624149973786,0.035612624149973786,1
UniGCN,restart,restart,28,0.035600158254802054,0.0,0.035600158254802054,0.035600158254802054,1
UniGCN,restart,restart,29,0.03558988422736377,0.0,0.03558988422736377,0.03558988422736377,1
UniGCN,restart,restart,30,0.035581398865949326,0.0,0.035581398865949326,0.035581398865949326,1
UniGCN,restart,restart,31,0.035574376637962236,0.0,0.035574376637962236,0.035574376637962236,1
UniGCN,restart,restart,32,0.03556855397262158,0.0,0.03556855397262158,0.03556855397262158,1
UniGCN,restart,restart,33,0.035563716903040915,0.0,0.035563716903040915,0.035563716903040915,1
UniGCN,restart,restart,34,0.03555969130035521,0.0,0.03555969130035521,0.03555969130035521,1
UniGCN,restart,restart,35,0.03555633512520669,0.0,0.03555633512520669,0.03555633512520669,1
UniGCN,restart,restart,36,0.03555353225734902,0.0,0.03555353225734902,0.03555353225734902,1
UniGCN,restart,restart,37,0.03555118756547542,0.0,0.03555118756547542,0.03555118756547542,1
UniGCN,restart,restart,38,0.035549222955816855,0.0,0.035549222955816855,0.035549222955816855,1
UniGCN,restart,restart,39,0.03554757419613267,0.0,0.03554757419613267,0.03554757419613267,1
UniGCN,restart,restart,40,0.0355461883561315,0.0,0.0355461883561315,0.0355461883561315,1
UniGCN,restart,restart,41,0.03554502173953197,0.0,0.03554502173953197,0.03554502173953197,1
UniGCN,restart,restart,42,0.03554403820940709,0.0,0.03554403820940709,0.03554403820940709,1
UniGCN,restart,restart,43,0.035543207829006135,0.0,0.035543207829006135,0.035543207829006135,1
UniGCN,restart,restart,44,0.03554250575629692,0.0,0.03554250575629692,0.03554250575629692,1
UniGCN,restart,restart,45,0.03554191134305632,0.0,0.03554191134305632,0.03554191134305632,1
UniGCN,restart,restart,46,0.03554140739924421,0.0,0.03554140739924421,0.03554140739924421,1
UniGCN,restart,restart,47,0.035540979591222856,0.0,0.035540979591222856,0.035540979591222856,1
UniGCN,restart,restart,48,0.03554061594858584,0.0,0.03554061594858584,0.03554061594858584,1
UniGCN,restart,restart,49,0.0355403064592927,0.0,0.0355403064592927,0.0355403064592927,1
UniGCN,restart,restart,50,0.03554004273673565,0.0,0.03554004273673565,0.03554004273673565,1
UniGCN,restart,restart,51,0.035539817745507005,0.0,0.035539817745507005,0.035539817745507005,1
UniGCN,restart,restart,52,0.03553962557515366,0.0,0.03553962557515366,0.03553962557515366,1
UniGCN,restart,restart,53,0.03553946125322676,0.0,0.03553946125322676,0.03553946125322676,1
UniGCN,restart,restart,54,0.035539320590561634,0.0,0.035539320590561634,0.035539320590561634,1
UniGCN,restart,restart,55,0.03553920005303666,0.0,0.03553920005303666,0.03553920005303666,1
UniGCN,restart,restart,56,0.03553909665511912,0.0,0.03553909665511912,0.03553909665511912,1
UniGCN,restart,restart,57,0.03553900787136583,0.0,0.03553900787136583,0.03553900787136583,1
UniGCN,restart,restart,58,0.03553893156274257,0.0,0.03553893156274257,0.03553893156274257,1
UniGCN,restart,restart,59,0.03553886591519217,0.0,0.03553886591519217,0.03553886591519217,1
UniGCN,restart,restart,60,0.035538809388341835,0.0,0.035538809388341835,0.035538809388341835,1
UniGCN,restart,restart,61,0.03553876067261581,0.0,0.03553876067261581,0.03553876067261581,1
UniGCN,restart,restart,62,0.03553871865332579,0.0,0.03553871865332579,0.03553871865332579,1
UniGCN,restart,restart,63,0.03553868238056246,0.0,0.03553868238056246,0.03553868238056246,1
UniGCN,restart,restart,64,0.03553865104391624,0.0,0.03553865104391624,0.03553865104391624,1
UniGCN,restart,restart,65,0.03553862395122451,0.0,0.03553862395122451,0.03553862395122451,1
UniGCN,restart,restart,66,0.035538600510679696,0.0,0.035538600510679696,0.035538600510679696,1
UniGCN,restart,restart,67,0.035538580215747406,0.0,0.035538580215747406,0.035538580215747406,1
UniGCN,restart,restart,68,0.03553856263243654,0.0,0.03553856263243654,0.03553856263243654,1
UniGCN,restart,restart,69,0.03553854738854098,0.0,0.03553854738854098,0.03553854738854098,1
UniGCN,restart,restart,70,0.03553853416453611,0.0,0.03553853416453611,0.03553853416453611,1
UniGCN,restart,restart,71,0.035538522685866124,0.0,0.035538522685866124,0.035538522685866124,1
UniGCN,restart,restart,72,0.03553851271640165,0.0,0.03553851271640165,0.03553851271640165,1
UniGCN,restart,restart,73,0.035538504052883585,0.0,0.035538504052883585,0.035538504052883585,1
UniGCN,restart,restart,74,0.03553849652019897,0.0,0.03553849652019897,0.03553849652019897,1
UniGCN,restart,restart,75,0.03553848996735959,0.0,0.03553848996735959,0.03553848996735959,1
UniGCN,restart,restart,76,0.03553848426407512,0.0,0.03553848426407512,0.03553848426407512,1
UniGCN,restart,restart,77,0.03553847929782966,0.0,0.03553847929782966,0.03553847929782966,1
UniGCN,restart,restart,78,0.035538474971384945,0.0,0.035538474971384945,0.035538474971384945,1
UniGCN,restart,restart,79,0.03553847120064589,0.0,0.03553847120064589,0.03553847120064589,1
UniGCN,restart,restart,80,0.03553846791283397,0.0,0.03553846791283397,0.03553846791283397,1
UniGCN,restart,restart,81,0.03553846504492247,0.0,0.03553846504492247,0.03553846504492247,1
UniGCN,restart,restart,82,0.03553846254229475,0.0,0.03553846254229475,0.03553846254229475,1
UniGCN,restart,restart,83,0.03553846035759295,0.0,0.03553846035759295,0.03553846035759295,1
UniGCN,restart,restart,84,0.03553845844972856,0.0,0.03553845844972856,0.03553845844972856,1
UniGCN,restart,restart,85,0.03553845678303225,0.0,0.03553845678303225,0.03553845678303225,1
UniGCN,restart,restart,86,0.03553845532652177,0.0,0.03553845532652177,0.03553845532652177,1
UniGCN,restart,restart,87,0.035538454053271835,0.0,0.035538454053271835,0.035538454053271835,1
UniGCN,restart,restart,88,0.035538452939870895,0.0,0.035538452939870895,0.035538452939870895,1
UniGCN,restart,restart,89,0.03553845196595235,0.0,0.03553845196595235,0.03553845196595235,1
UniGCN,restart,restart,90,0.03553845111379029,0.0,0.03553845111379029,0.03553845111379029,1
UniGCN,restart,restart,91,0.03553845036794984,0.0,0.03553845036794984,0.03553845036794984,1
UniGCN,restart,restart,92,0.03553844971498519,0.0,0.03553844971498519,0.03553844971498519,1
UniGCN,restart,restart,93,0.03553844914317824,0.0,0.03553844914317824,0.03553844914317824,1
UniGCN,restart,restart,94,0.03553844864231239,0.0,0.03553844864231239,0.03553844864231239,1
UniGCN,restart,restart,95,0.035538448203476646,0.0,0.035538448203476646,0.035538448203476646,1
UniGCN,restart,restart,96,0.03553844781889572,0.0,0.03553844781889572,0.03553844781889572,1
UniGCN,restart,restart,97,0.035538447481782864,0.0,0.035538447481782864,0.035538447481782864,1
UniGCN,restart,restart,98,0.03553844718621205,0.0,0.03553844718621205,0.03553844718621205,1
UniGCN,restart,restart,99,0.035538446927006986,0.0,0.035538446927006986,0.035538446927006986,1
UniGCN,restart,restart,100,0.03553844669964484,0.0,0.03553844669964484,0.03553844669964484,1
UniGCN,restart,restart,101,0.03553844650017242,0.0,0.03553844650017242,0.03553844650017242,1
UniGCN,restart,restart,102,0.03553844632513333,0.0,0.03553844632513333,0.03553844632513333,1
UniGCN,restart,restart,103,0.035538446171504756,0.0,0.035538446171504756,0.035538446171504756,1
UniGCN,restart,restart,104,0.03553844603664218,0.0,0.03553844603664218,0.03553844603664218,1
UniGCN,restart,restart,105,0.03553844591823145,0.0,0.03553844591823145,0.03553844591823145,1
UniGCN,restart,restart,106,0.03553844581424693,0.0,0.03553844581424693,0.03553844581424693,1
UniGCN,restart,restart,107,0.03553844572291512,0.0,0.03553844572291512,0.03553844572291512,1
UniGCN,restart,restart,108,0.035538445642682805,0.0,0.035538445642682805,0.035538445642682805,1
UniGCN,restart,restart,109,0.03553844557218941,0.0,0.03553844557218941,0.03553844557218941,1
UniGCN,restart,restart,110,0.03553844551024281,0.0,0.03553844551024281,0.03553844551024281,1
UniGCN,restart,restart,111,0.035538445455798214,0.0,0.035538445455798214,0.035538445455798214,1
UniGCN,restart,restart,112,0.03553844540793977,0.0,0.03553844540793977,0.03553844540793977,1
UniGCN,restart,restart,113,0.03553844536586446,0.0,0.03553844536586446,0.03553844536586446,1
UniGCN,restart,restart,114,0.03553844532886807,0.0,0.03553844532886807,0.03553844532886807,1
UniGCN,restart,restart,115,0.035538445296332904,0.0,0.035538445296332904,0.035538445296332904,1
UniGCN,restart,restart,116,0.03553844526771703,0.0,0.03553844526771703,0.03553844526771703,1
UniGCN,restart,restart,117,0.0355384452425449,0.0,0.0355384452425449,0.0355384452425449,1
UniGCN,restart,restart,118,0.03553844522039916,0.0,0.03553844522039916,0.03553844522039916,1
UniGCN,restart,restart,119,0.03553844520091343,0.0,0.03553844520091343,0.03553844520091343,1
UniGCN,restart,restart,120,0.03553844518376602,0.0,0.03553844518376602,0.03553844518376602,1
UniGCN,restart,restart,121,0.03553844516867446,0.0,0.03553844516867446,0.03553844516867446,1
UniGCN,restart,restart,122,0.035538445155390674,0.0,0.035538445155390674,0.035538445155390674,1
UniGCN,restart,restart,123,0.03553844514369672,0.0,0.03553844514369672,0.03553844514369672,1
UniGCN,restart,restart,124,0.035538445133401146,0.0,0.035538445133401146,0.035538445133401146,1
UniGCN,restart,restart,125,0.035538445124335696,0.0,0.035538445124335696,0.035538445124335696,1
UniGCN,restart,restart,126,0.03553844511635248,0.0,0.03553844511635248,0.03553844511635248,1
UniGCN,restart,restart,127,0.03553844510932157,0.0,0.03553844510932157,0.03553844510932157,1
UniGCN,restart,restart,128,0.03553844510312869,0.0,0.03553844510312869,0.03553844510312869,1
UniGCN,restart,restart,129,0.03553844509767338,0.0,0.03553844509767338,0.03553844509767338,1
UniGCN,restart,restart,130,0.035538445092867306,0.0,0.035538445092867306,0.035538445092867306,1
UniGCN,restart,restart,131,0.035538445088632784,0.0,0.035538445088632784,0.035538445088632784,1
UniGCN,restart,restart,132,0.03553844508490146,0.0,0.03553844508490146,0.03553844508490146,1
UniGCN,restart,restart,133,0.03553844508161322,0.0,0.03553844508161322,0.03553844508161322,1
UniGCN,restart,restart,134,0.035538445078715196,0.0,0.035538445078715196,0.035538445078715196,1
UniGCN,restart,restart,135,0.03553844507616082,0.0,0.03553844507616082,0.03553844507616082,1
UniGCN,restart,restart,136,0.03553844507390915,0.0,0.03553844507390915,0.03553844507390915,1
UniGCN,restart,restart,137,0.035538445071924135,0.0,0.035538445071924135,0.035538445071924135,1
UniGCN,restart,restart,138,0.035538445070174035,0.0,0.035538445070174035,0.035538445070174035,1
UniGCN,restart,restart,139,0.03553844506863091,0.0,0.03553844506863091,0.03553844506863091,1
UniGCN,restart,restart,140,0.03553844506727018,0.0,0.03553844506727018,0.03553844506727018,1
UniGCN,restart,restart,141,0.035538445066070186,0.0,0.035538445066070186,0.035538445066070186,1
UniGCN,restart,restart,142,0.03553844506501184,0.0,0.03553844506501184,0.03553844506501184,1
UniGCN,restart,restart,143,0.035538445064078356,0.0,0.035538445064078356,0.035538445064078356,1
UniGCN,restart,restart,144,0.03553844506325493,0.0,0.03553844506325493,0.03553844506325493,1
UniGCN,restart,restart,145,0.03553844506252855,0.0,0.03553844506252855,0.03553844506252855,1
UniGCN,restart,restart,146,0.0355384450618877,0.0,0.0355384450618877,0.0355384450618877,1
UniGCN,restart,restart,147,0.03553844506132229,0.0,0.03553844506132229,0.03553844506132229,1
UniGCN,restart,restart,148,0.035538445060823376,0.0,0.035538445060823376,0.035538445060823376,1
UniGCN,restart,restart,149,0.035538445060383145,0.0,0.035538445060383145,0.035538445060383145,1
UniGCN,restart,restart,150,0.03553844505999465,0.0,0.03553844505999465,0.03553844505999465,1
UniGCN,restart,restart,151,0.03553844505965176,0.0,0.03553844505965176,0.03553844505965176,1
UniGCN,restart,restart,152,0.03553844505934913,0.0,0.03553844505934913,0.03553844505934913,1
UniGCN,restart,restart,153,0.035538445059082005,0.0,0.035538445059082005,0.035538445059082005,1
UniGCN,restart,restart,154,0.03553844505884619,0.0,0.03553844505884619,0.03553844505884619,1
UniGCN,restart,restart,155,0.03553844505863803,0.0,0.03553844505863803,0.03553844505863803,1
UniGCN,restart,restart,156,0.03553844505845426,0.0,0.03553844505845426,0.03553844505845426,1
UniGCN,restart,restart,157,0.035538445058292,0.0,0.035538445058292,0.035538445058292,1
UniGCN,restart,restart,158,0.035538445058148724,0.0,0.035538445058148724,0.035538445058148724,1
UniGCN,restart,restart,159,0.035538445058022214,0.0,0.035538445058022214,0.035538445058022214,1
UniGCN,restart,restart,160,0.03553844505791051,0.0,0.03553844505791051,0.03553844505791051,1
UniGCN,restart,restart,161,0.03553844505781185,0.0,0.03553844505781185,0.03553844505781185,1
UniGCN,restart,restart,162,0.035538445057724695,0.0,0.035538445057724695,0.035538445057724695,1
UniGCN,restart,restart,163,0.03553844505764775,0.0,0.03553844505764775,0.03553844505764775,1
UniGCN,restart,restart,164,0.03553844505757976,0.0,0.03553844505757976,0.03553844505757976,1
UniGCN,restart,restart,165,0.03553844505751972,0.0,0.03553844505751972,0.03553844505751972,1
UniGCN,restart,restart,166,0.035538445057466686,0.0,0.035538445057466686,0.035538445057466686,1
UniGCN,restart,restart,167,0.03553844505741982,0.0,0.03553844505741982,0.03553844505741982,1
UniGCN,restart,restart,168,0.03553844505737841,0.0,0.03553844505737841,0.03553844505737841,1
UniGCN,restart,restart,169,0.03553844505734185,0.0,0.03553844505734185,0.03553844505734185,1
UniGCN,restart,restart,170,0.03553844505730952,0.0,0.03553844505730952,0.03553844505730952,1
UniGCN,restart,restart,171,0.03553844505728097,0.0,0.03553844505728097,0.03553844505728097,1
UniGCN,restart,restart,172,0.03553844505725572,0.0,0.03553844505725572,0.03553844505725572,1
UniGCN,restart,restart,173,0.035538445057233414,0.0,0.035538445057233414,0.035538445057233414,1
UniGCN,restart,restart,174,0.035538445057213715,0.0,0.035538445057213715,0.035538445057213715,1
UniGCN,restart,restart,175,0.03553844505719629,0.0,0.03553844505719629,0.03553844505719629,1
UniGCN,restart,restart,176,0.0355384450571809,0.0,0.0355384450571809,0.0355384450571809,1
UniGCN,restart,restart,177,0.03553844505716729,0.0,0.03553844505716729,0.03553844505716729,1
UniGCN,restart,restart,178,0.03553844505715525,0.0,0.03553844505715525,0.03553844505715525,1
UniGCN,restart,restart,179,0.03553844505714462,0.0,0.03553844505714462,0.03553844505714462,1
UniGCN,restart,restart,180,0.03553844505713522,0.0,0.03553844505713522,0.03553844505713522,1
UniGCN,restart,restart,181,0.03553844505712691,0.0,0.03553844505712691,0.03553844505712691,1
UniGCN,restart,restart,182,0.035538445057119575,0.0,0.035538445057119575,0.035538445057119575,1
UniGCN,restart,restart,183,0.03553844505711306,0.0,0.03553844505711306,0.03553844505711306,1
UniGCN,restart,restart,184,0.03553844505710732,0.0,0.03553844505710732,0.03553844505710732,1
UniGCN,restart,restart,185,0.03553844505710224,0.0,0.03553844505710224,0.03553844505710224,1
UniGCN,restart,restart,186,0.03553844505709776,0.0,0.03553844505709776,0.03553844505709776,1
UniGCN,restart,restart,187,0.03553844505709379,0.0,0.03553844505709379,0.03553844505709379,1
UniGCN,restart,restart,188,0.03553844505709028,0.0,0.03553844505709028,0.03553844505709028,1
UniGCN,restart,restart,189,0.03553844505708717,0.0,0.03553844505708717,0.03553844505708717,1
UniGCN,restart,restart,190,0.03553844505708442,0.0,0.03553844505708442,0.03553844505708442,1
UniGCN,restart,restart,191,0.035538445057081994,0.0,0.035538445057081994,0.035538445057081994,1
UniGCN,restart,restart,192,0.03553844505707985,0.0,0.03553844505707985,0.03553844505707985,1
UniGCN,restart,restart,193,0.03553844505707794,0.0,0.03553844505707794,0.03553844505707794,1
UniGCN,restart,restart,194,0.035538445057076255,0.0,0.035538445057076255,0.035538445057076255,1
UniGCN,restart,restart,195,0.035538445057074784,0.0,0.035538445057074784,0.035538445057074784,1
UniGCN,restart,restart,196,0.035538445057073466,0.0,0.035538445057073466,0.035538445057073466,1
UniGCN,restart,restart,197,0.03553844505707229,0.0,0.03553844505707229,0.03553844505707229,1
UniGCN,restart,restart,198,0.035538445057071266,0.0,0.035538445057071266,0.035538445057071266,1
UniGCN,restart,restart,199,0.03553844505707036,0.0,0.03553844505707036,0.03553844505707036,1
UniGCN,restart,restart,200,0.035538445057069545,0.0,0.035538445057069545,0.035538445057069545,1
UniGCN,restart,restart,201,0.035538445057068845,0.0,0.035538445057068845,0.035538445057068845,1
UniGCN,restart,restart,202,0.035538445057068206,0.0,0.035538445057068206,0.035538445057068206,1
UniGCN,restart,restart,203,0.03553844505706765,0.0,0.03553844505706765,0.03553844505706765,1
UniGCN,restart,restart,204,0.03553844505706715,0.0,0.03553844505706715,0.03553844505706715,1
UniGCN,restart,restart,205,0.035538445057066714,0.0,0.035538445057066714,0.035538445057066714,1
UniGCN,restart,restart,206,0.035538445057066326,0.0,0.035538445057066326,0.035538445057066326,1
UniGCN,restart,restart,207,0.03553844505706599,0.0,0.03553844505706599,0.03553844505706599,1
UniGCN,restart,restart,208,0.03553844505706568,0.0,0.03553844505706568,0.03553844505706568,1
UniGCN,restart,restart,209,0.03553844505706542,0.0,0.03553844505706542,0.03553844505706542,1
UniGCN,restart,restart,210,0.035538445057065174,0.0,0.035538445057065174,0.035538445057065174,1
UniGCN,restart,restart,211,0.03553844505706497,0.0,0.03553844505706497,0.03553844505706497,1
UniGCN,restart,restart,212,0.03553844505706478,0.0,0.03553844505706478,0.03553844505706478,1
UniGCN,restart,restart,213,0.03553844505706461,0.0,0.03553844505706461,0.03553844505706461,1
UniGCN,restart,restart,214,0.035538445057064466,0.0,0.035538445057064466,0.035538445057064466,1
UniGCN,restart,restart,215,0.035538445057064355,0.0,0.035538445057064355,0.035538445057064355,1
UniGCN,restart,restart,216,0.03553844505706424,0.0,0.03553844505706424,0.03553844505706424,1
UniGCN,restart,restart,217,0.03553844505706413,0.0,0.03553844505706413,0.03553844505706413,1
UniGCN,restart,restart,218,0.035538445057064036,0.0,0.035538445057064036,0.035538445057064036,1
UniGCN,restart,restart,219,0.03553844505706397,0.0,0.03553844505706397,0.03553844505706397,1
UniGCN,restart,restart,220,0.03553844505706389,0.0,0.03553844505706389,0.03553844505706389,1
UniGCN,restart,restart,221,0.035538445057063835,0.0,0.035538445057063835,0.035538445057063835,1
UniGCN,restart,restart,222,0.03553844505706378,0.0,0.03553844505706378,0.03553844505706378,1
UniGCN,restart,restart,223,0.03553844505706374,0.0,0.03553844505706374,0.03553844505706374,1
UniGCN,restart,restart,224,0.03553844505706369,0.0,0.03553844505706369,0.03553844505706369,1
UniGCN,restart,restart,225,0.03553844505706364,0.0,0.03553844505706364,0.03553844505706364,1
UniGCN,restart,restart,226,0.03553844505706361,0.0,0.03553844505706361,0.03553844505706361,1
UniGCN,restart,restart,227,0.03553844505706359,0.0,0.03553844505706359,0.03553844505706359,1
UniGCN,restart,restart,228,0.035538445057063564,0.0,0.035538445057063564,0.035538445057063564,1
UniGCN,restart,restart,229,0.03553844505706353,0.0,0.03553844505706353,0.03553844505706353,1
UniGCN,restart,restart,230,0.03553844505706351,0.0,0.03553844505706351,0.03553844505706351,1
UniGCN,restart,restart,231,0.03553844505706349,0.0,0.03553844505706349,0.03553844505706349,1
UniGCN,restart,restart,232,0.035538445057063474,0.0,0.035538445057063474,0.035538445057063474,1
UniGCN,restart,restart,233,0.03553844505706347,0.0,0.03553844505706347,0.03553844505706347,1
UniGCN,restart,restart,234,0.035538445057063446,0.0,0.035538445057063446,0.035538445057063446,1
UniGCN,restart,restart,235,0.03553844505706344,0.0,0.03553844505706344,0.03553844505706344,1
UniGCN,restart,restart,236,0.035538445057063425,0.0,0.035538445057063425,0.035538445057063425,1
UniGCN,restart,restart,237,0.03553844505706342,0.0,0.03553844505706342,0.03553844505706342,1
UniGCN,restart,restart,238,0.03553844505706341,0.0,0.03553844505706341,0.03553844505706341,1
UniGCN,restart,restart,239,0.035538445057063404,0.0,0.035538445057063404,0.035538445057063404,1
UniGCN,restart,restart,240,0.035538445057063404,0.0,0.035538445057063404,0.035538445057063404,1
UniGCN,restart,restart,241,0.035538445057063404,0.0,0.035538445057063404,0.035538445057063404,1
UniGCN,restart,restart,242,0.03553844505706339,0.0,0.03553844505706339,0.03553844505706339,1
UniGCN,restart,restart,243,0.035538445057063384,0.0,0.035538445057063384,0.035538445057063384,1
UniGCN,restart,restart,244,0.03553844505706338,0.0,0.03553844505706338,0.03553844505706338,1
UniGCN,restart,restart,245,0.03553844505706338,0.0,0.03553844505706338,0.03553844505706338,1
UniGCN,restart,restart,246,0.03553844505706338,0.0,0.03553844505706338,0.03553844505706338,1
UniGCN,restart,restart,247,0.03553844505706338,0.0,0.03553844505706338,0.03553844505706338,1
UniGCN,restart,restart,248,0.03553844505706337,0.0,0.03553844505706337,0.03553844505706337,1
UniGCN,restart,restart,249,0.03553844505706337,0.0,0.03553844505706337,0.03553844505706337,1
UniGCN,restart,restart,250,0.03553844505706337,0.0,0.03553844505706337,0.03553844505706337,1
UniGCN,restart,restart,251,0.03553844505706337,0.0,0.03553844505706337,0.03553844505706337,1
UniGCN,restart,restart,252,0.03553844505706336,0.0,0.03553844505706336,0.03553844505706336,1
UniGCN,restart,restart,253,0.03553844505706336,0.0,0.03553844505706336,0.03553844505706336,1
UniGCN,restart,restart,254,0.03553844505706336,0.0,0.03553844505706336,0.03553844505706336,1
UniGCN,restart,restart,255,0.03553844505706336,0.0,0.03553844505706336,0.03553844505706336,1
UniGCN,restart,restart,256,0.03553844505706336,0.0,0.03553844505706336,0.03553844505706336,1
