family,features,seed,step,variant,energy_un,energy_sym,energy_op,norm_f2,norm_pi2,R_un,R_sym,R_op,energy_un_relative,energy_sym_relative,energy_op_relative,norm_f2_relative,norm_pi2_relative,R_un_relative,R_sym_relative,R_op_relative,zero_state,resolution_R_op,censored_R_op
UniGCN,real,,0,base,48814.01666666667,9621.583691687174,11061.505585414872,24609.0,24563.39446851155,1.9835839191623663,0.3909782474577258,0.45032479528002134,1.0,1.0,1.0,1.0,1.0,1.0,1.0,1.0,False,1e-24,False
UniGCN,real,,0,restart,48814.01666666667,9621.583691687174,11061.505585414872,24609.0,24563.39446851155,1.9835839191623663,0.3909782474577258,0.45032479528002134,1.0,1.0,1.0,1.0,1.0,1.0,1.0,1.0,False,1e-24,False
UniGCN,real,,1,base,9182.327558803014,1988.5291997150966,2249.535313559509,8779.13448637465,8555.137062298525,1.0459262895509944,0.2265062920270015,0.26294556091601906,0.1881084202004072,0.20667379336243158,0.20336610565252797,0.3567448692094214,0.3482880622735419,0.5272911720279883,0.5793322096557106,0.5839020273190021,False,1e-24,False
UniGCN,real,,1,restart,11358.442275350617,2439.358711014715,2759.7055733932134,9812.915161443436,9567.03752852871,1.1574992842065743,0.24858654853140463,0.2884597834140221,0.23268813039732678,0.25352985425073676,0.2494873371516458,0.3987531050202542,0.38948352764488403,0.5835393567292916,0.6358065957576907,0.64055940609411,False,1e-24,False
UniGCN,real,,2,base,3541.2000215730222,658.5192129132764,787.9226034033571,4832.916865587482,4864.642422288484,0.7327252092391536,0.13625709508934988,0.1619692744102439,0.07254473742151975,0.06844187339785048,0.0712310451157997,0.19638818585019635,0.19804438790105314,0.36939461051316197,0.34850300745716695,0.35967212133972776,False,1e-24,False
UniGCN,real,,2,restart,5480.53646351464,1096.6580057428735,1276.9588670312078,6070.3304734951635,6036.484883012652,0.9028398844913409,0.18065869898372136,0.2115401416186287,0.11227382702266131,0.11397894991968532,0.11544168713479108,0.246671155816781,0.24575124951687677,0.4551558801064463,0.4620684146967919,0.4697501533023262,False,1e-24,False
UniGCN,real,,3,base,2040.2069993671153,297.4092246652582,384.8409887837872,3292.2289617863166,3423.078719849987,0.6197038611373274,0.09033673785066523,0.11242539838541968,0.04179551568761394,0.030910631159630497,0.03479101337626395,0.13378150114942974,0.13935690868125414,0.3124162558239622,0.2310531044580244,0.2496540265243694,False,1e-24,False
UniGCN,real,,3,restart,3758.2665994582567,689.6432608600226,826.5298355643504,4590.830847023931,4651.155550828459,0.8186462809655913,0.15022188441272963,0.17770419125568263,0.07699154579149069,0.07167668888603634,0.0747212781462742,0.18655088979738838,0.189353126938172,0.4127106864786904,0.38422056825289813,0.3946133837582327,False,1e-24,False
UniGCN,real,,4,base,1413.604090870963,164.63752786054795,229.0362222983549,2496.9414938933955,2655.7999724244582,0.5661342463682554,0.06593567701253356,0.08624001230381427,0.02895897914986091,0.017111271193617633,0.02070570055132008,0.10146456556111161,0.10812023459660662,0.2854097781793493,0.16864282716818613,0.19150624884021417,False,1e-24,False
UniGCN,real,,4,restart,3035.144215969883,526.9156630961829,642.4204427237287,3843.169844422059,3940.204788841148,0.7897502163155925,0.13710444357824658,0.16304239935525552,0.062177719090313534,0.054763922445680735,0.05807712501368629,0.15616928133699293,0.16040962066102868,0.3981430826728473,0.3506702597132872,0.3620551234667688,False,1e-24,False
UniGCN,real,,5,base,1070.8903034361385,104.14995736558065,153.77112426716053,2007.2820731208474,2167.757150614773,0.5335026490677308,0.051886059642655094,0.07093558622263166,0.02193817220059686,0.010824616892909616,0.013901464233758121,0.08156699065873653,0.08825153027582067,0.2689589504703284,0.13270830277652526,0.15752094258661115,False,1e-24,False
UniGCN,real,,5,restart,2662.278711894902,449.9423916247682,552.6484806196152,3405.974999978146,3515.81018255858,0.7816495164855831,0.13210384445794673,0.15718951021907368,0.054539226510996706,0.04676385988447079,0.049961415862620796,0.13840363281637394,0.14313209792993342,0.39405921218380335,0.3378802921055866,0.34905808400208116,False,1e-24,False
UniGCN,real,,6,base,851.92509229149,71.8952932047041,111.3659549574964,1670.1180774722347,1822.70438083409,0.5100987192360074,0.04304803006115557,0.06109929625918498,0.017452468583132166,0.007472293076535828,0.010067883987179628,0.06786614967988276,0.07420409191289347,0.2571601404448839,0.11010338897641639,0.13567828576081886,False,1e-24,False
UniGCN,real,,6,restart,2444.029959116982,409.1773014465221,503.4609829164777,3125.2494186729946,3237.797960835118,0.7820271702201407,0.1309262867154654,0.15549487306077034,0.05006820020172447,0.04252702201198352,0.045514688667726684,0.1269961972722579,0.13181394635768826,0.39424960177655477,0.3348684679180821,0.34529493976471004,False,1e-24,False
UniGCN,real,,7,base,698.5159452080932,52.60697803853856,84.76317429982475,1420.7275553822712,1562.2806814229116,0.4916607287314459,0.037028195757337685,0.05425604714168468,0.014309741195403092,0.00546760073229834,0.0076628966685682535,0.05773203118299286,0.06360198642030683,0.2478648490652545,0.09470653673985105,0.12048203365738976,False,1e-24,False
UniGCN,real,,7,restart,2305.205729354685,385.7486928427958,474.18821108803525,2933.180368620363,3044.2137693313484,0.7859065722708866,0.1315120941656359,0.15576705416196485,0.04722425825139743,0.04009201657478423,0.04286832451752998,0.11919136773620882,0.12393294311312733,0.3962053557092566,0.3363667800466458,0.34589935041241876,False,1e-24,False
UniGCN,real,,8,base,584.5981950728122,40.08563870726648,66.76610879618597,1227.336267075944,1357.1920749689443,0.47631460974064,0.03266068133289024,0.049194296096750884,0.011976031373628248,0.004166220446837619,0.006035897037761325,0.04987347178170361,0.05525262710366696,0.24012828756031634,0.08353580165971164,0.10924181082714055,False,1e-24,False
UniGCN,real,,8,restart,2211.68637119768,371.4173108526737,455.66346225141314,2795.715419301829,2903.5991590118733,0.7910985345389703,0.13285233120952897,0.15693056696106786,0.04530842823897261,0.038602513136540055,0.04119362041024753,0.11360540531113938,0.11820838372864435,0.39882282110506206,0.33979468697652676,0.34848306956645625,False,1e-24,False
UniGCN,real,,9,base,496.6093420911857,31.46360596630517,53.91709173720973,1072.3926532498915,1190.8760370799687,0.46308536391610716,0.029339632149618475,0.045275150442538575,0.010173498843218576,0.003270106769791859,0.004874299553607062,0.04357725438863389,0.048481737269927556,0.23345892222783304,0.07504159717425404,0.10053887975319134,False,1e-24,False
UniGCN,real,,9,restart,2146.02390730117,362.20802331626345,443.3732012903425,2694.022049566429,2798.295777649718,0.7965873581645506,0.13444879687401093,0.15844400896846245,0.04396327231081174,0.03764536431036845,0.04008253649258663,0.10947304033347267,0.11392137927992507,0.40158994558744754,0.34387794653089515,0.3518438483271583,False,1e-24,False
UniGCN,real,,10,base,426.6937864211584,25.263875108546724,44.37284931022112,945.2756696982754,1053.0965763809827,0.4513961377609092,0.026726462891624787,0.04213559354898917,0.0087412144207451,0.002625750179814382,0.004011465615379597,0.03841178713878156,0.042872599620991894,0.22756593930824268,0.06835792800599365,0.09356711864552869,False,1e-24,False
UniGCN,real,,10,restart,2098.4692413937196,356.05030787228736,434.9101363678478,2616.8910448494803,2717.620033887539,0.8018940053021658,0.13605851438601518,0.16003345977167804,0.04298907126867699,0.037005374508139094,0.03931744490020398,0.10633878031815516,0.11063699023240972,0.4042652279822837,0.3479951001640479,0.3553734136983639,False,1e-24,False
UniGCN,real,,11,base,369.936087227811,20.656846375187566,37.066362188673224,839.0963036321872,937.0930937293496,0.44087440932163874,0.02461796850465256,0.039554621026135425,0.007578480782558241,0.002146927890159559,0.0033509328275842494,0.03409713127848296,0.03814998350210243,0.2222615363346021,0.06296505921934789,0.08783576085687118,False,1e-24,False
UniGCN,real,,11,restart,2063.1951349451297,351.7974550215644,428.9064336677382,2557.2541860552633,2654.7240013657324,0.8068009610447631,0.13756843451070294,0.16156347456348974,0.042266448775030045,0.03656336277836561,0.03877468852280579,0.10391540436650264,0.10807643075426289,0.4067390107626308,0.35185700331212777,0.35877099430651205,False,1e-24,False
UniGCN,real,,12,base,323.08002601440427,17.143533851730897,31.338688203460656,749.1440090827658,838.1707471414529,0.43126558057906095,0.022884163316904894,0.0373893843352801,0.006618591299720352,0.0017817788007750235,0.0028331304415541974,0.03044187122933747,0.034122757268582146,0.21741736077452023,0.05853052814499411,0.083027594143535,False,1e-24,False
UniGCN,real,,12,restart,2036.530411774404,348.7811365387874,424.54359494818965,2510.442457584597,2605.0137483487933,0.8112236970903672,0.1389321374345957,0.16297172911939128,0.0417201974113529,0.036249867767623976,0.038380272167287136,0.1020131845091063,0.10605267735647154,0.4089686800006592,0.3553449286193796,0.3618981917663496,False,1e-24,False
UniGCN,real,,13,base,283.8723818370208,14.407241353875143,26.761647526168904,672.0639117105783,752.9406079941189,0.42238896761245726,0.021437308420868707,0.03554283995581486,0.0058153866700927925,0.0014973877290411835,0.002419349456502144,0.02730967986145631,0.030652954295845913,0.21294232300029178,0.05482992611548446,0.07892712177599188,False,1e-24,False
UniGCN,real,,13,restart,2016.0631812474894,346.5944878942512,421.3101498053161,2473.252295174605,2565.292687294652,0.8151465926791591,0.14013713383404847,0.1642347291956101,0.04130090738105939,0.036022602827193696,0.03808795706443739,0.10050194218272197,0.10443559380944546,0.4109463606779902,0.35842693230446454,0.3647028343031512,False,1e-24,False
UniGCN,real,,14,base,250.69914741697065,12.23825115065262,23.045498602724482,605.3885816315396,678.8802846443931,0.4141127781784871,0.02021553019330193,0.033946336524997234,0.005135802471017798,0.0012719580832858302,0.002083396190940868,0.02460029182947457,0.02763788553388528,0.20876998153592607,0.05170499976597219,0.07538189520274738,False,1e-24,False
UniGCN,real,,14,restart,2000.1540748501575,344.98029666781514,418.8745084174939,2443.4157708628595,2533.2695440535017,0.8185893283908164,0.14118771794044283,0.16534936418461416,0.040974994713270346,0.03585483510015822,0.03786776629845038,0.09928951891027102,0.10313190008412582,0.41268197452240524,0.3611139976673731,0.3671780144413245,False,1e-24,False
UniGCN,real,,15,base,222.37107201084186,10.492875085450752,19.987626074819843,547.2554555986035,614.065040790796,0.40633870295108543,0.019173632675755326,0.03254968895327387,0.0045554758078880046,0.0010905559231913508,0.0018069534857148642,0.022238020870356513,0.024999193070728964,0.2048507749158782,0.0490401519788603,0.07228047243775194,False,1e-24,False
UniGCN,real,,15,restart,1987.6572223339108,343.77053618338704,417.0148301699597,2419.2852214431164,2507.261571994514,0.8215886265565094,0.14209591045173503,0.16632282599785808,0.040718985202690974,0.035729101071001114,0.037699644677648025,0.09830896100788802,0.10207308990655332,0.4141940346559435,0.36343686989158913,0.3693397026793408,False,1e-24,False
UniGCN,real,,16,base,197.9909365179382,9.06988419027969,17.442437065217025,496.2279427914543,556.9955232259395,0.3989919136842043,0.018277657117127356,0.03131521949080671,0.004056026322725027,0.0009426602190360679,0.0015768592196179622,0.02016449034058492,0.022675836759449775,0.2011469793789676,0.046748526896253,0.06953918553681739,False,1e-24,False
UniGCN,real,,16,restart,1977.7528538032568,342.85226890667013,415.57864378848467,2399.637600647751,2486.007925635244,0.8241881412715771,0.14287668638552822,0.16716706310672474,0.04051608510950079,0.03563366280364911,0.037569808248928166,0.0975105693302349,0.10120783301437113,0.4155045487662643,0.3654338503856961,0.37121443202517146,False,1e-24,False
UniGCN,real,,17,base,176.86811302432434,7.8962859659728615,15.30288954388368,451.17764845500307,506.4831614931991,0.3920143509546302,0.017501500779155677,0.0302140144181065,0.00362330586790456,0.0008206846418428049,0.0013834364070711383,0.018333847310130564,0.020619428725230666,0.19762932496456778,0.0447633618825508,0.06709382813202368,False,1e-24,False
UniGCN,real,,17,restart,1969.8429199867219,342.1476881479499,414.4587038156493,2383.5486379354456,2468.5480246003413,0.8264328609182221,0.14354550299603175,0.1678957426330607,0.04035404284466221,0.035560433615887746,0.03746856163614229,0.09685678564490413,0.10049702323369178,0.4166361972057177,0.3671444739685997,0.37283255195543835,False,1e-24,False
UniGCN,real,,18,base,158.46173218408578,6.918398981584507,13.488725445564995,411.2042819522782,461.57151500017085,0.38536012181525836,0.016824725045998943,0.029223478934916516,0.003246234237722412,0.0007190499197717153,0.0012194294295118856,0.01670950798294438,0.018791031328828405,0.19427467529480144,0.043032381354714884,0.06489422577041255,False,1e-24,False
UniGCN,real,,18,restart,1963.4838232939164,341.60203468184034,413.57806240008284,2370.309285691556,2454.139777916093,0.8283660850280368,0.14411707229260393,0.16852261885069494,0.04022377090379265,0.035503722217474096,0.037388948476001806,0.09631879741930009,0.09991044930952513,0.41761080891291036,0.368606369356102,0.3742246054781507,False,1e-24,False
UniGCN,real,,19,base,142.3418097592105,6.096064668239735,11.938734053751844,375.5796913140938,421.48085027419637,0.37899229657806865,0.016231081736370175,0.028325685605846727,0.0029160028098325,0.0006335822525252879,0.0010793046174015985,0.01526188351067064,0.01715890085201797,0.19106441271116506,0.04151402754989623,0.06290056844023706,False,1e-24,False
UniGCN,real,,19,restart,1958.3418156483137,341.17605371035353,412.88055794734953,2359.3686742282266,2442.203105864111,0.8300278956144517,0.14460480781875076,0.16906069644902133,0.04011843215077186,0.03545944873972481,0.03732589155781401,0.09587421976627358,0.09942449562477346,0.4184485907533261,0.3698538441947107,0.3754194710595402,False,1e-24,False
UniGCN,real,,20,base,128.16200447374405,5.398787686966535,10.605525979127428,343.7078419201662,385.56819552918716,0.3728806528176699,0.015707490573405432,0.027506226141322383,0.002625516464848943,0.0005611121682214293,0.0009587777990286715,0.01396675370474892,0.015696861279635314,0.18798330094102148,0.04017484521336137,0.06108086081340122,False,1e-24,False
UniGCN,real,,20,restart,1954.1626885300477,340.84115376929884,412.3245902579036,2350.294199873124,2432.280010317612,0.8314544998815634,0.1450206334967335,0.1695218430891357,0.040032818890408474,0.035424641586164006,0.037275630073502236,0.0955054736020612,0.09902051662426439,0.4191677961538791,0.37091739614596775,0.37644350225868306,False,1e-24,False
UniGCN,real,,21,base,115.64011451051321,4.803100246500984,9.451919666586294,315.09562036964405,353.2979802617231,0.3670000692959611,0.015243310081131512,0.026753392871321575,0.002368994039154325,0.0004992005890517537,0.000854487627710382,0.012804080635931735,0.014383109008595085,0.18501867541401473,0.0389876167798304,0.059409104610119806,False,1e-24,False
UniGCN,real,,21,restart,1950.7507295279786,340.5762210893777,411.8789477717801,2342.7429958592475,2424.005764776352,0.8326780756471762,0.14537498210061434,0.16991665356446942,0.039962921774066504,0.03539710633953407,0.0372353423854762,0.09519862635049159,0.09868366393267623,0.41978464717479763,0.3718237089809782,0.37732022607996013,False,1e-24,False
UniGCN,real,,22,base,104.54384609083792,4.290724775258501,8.448391429001305,289.3311608346614,324.2200798226684,0.3613293700866863,0.014829805275313713,0.026057582348453363,0.0021416767811739436,0.00044594787227861336,0.0007637650556485652,0.011757127913960802,0.013199319020760528,0.1821598605413526,0.03793000089325218,0.057863974228312735,False,1e-24,False
UniGCN,real,,22,restart,1947.9538360316144,340.36547577945174,411.51995007341367,2336.4411544331447,2417.0877562128485,0.8337268979942347,0.14567688774598284,0.17025445146360474,0.03990562483996122,0.035375202948504166,0.0372028876987616,0.094942547622136,0.09840202498524281,0.4203133983594218,0.37259588914018554,0.3780703466655372,False,1e-24,False
UniGCN,real,,23,base,94.68025033905582,3.8472698773464047,7.571243361769851,266.067505500302,297.9531440434828,0.35585048298559835,0.014459750994816755,0.025410852387799998,0.001939611955836233,0.0003998582770391902,0.0006844677067968849,0.010811796720724206,0.012129966174888273,0.1793977454384022,0.03698351785256341,0.056427833097662326,False,1e-24,False
UniGCN,real,,23,restart,1945.6528094926746,340.1969999397165,411.2294535947282,2331.1683447379073,2411.289704628435,0.8346256133258466,0.145934119561822,0.17054336225356057,0.039858486196266876,0.03535769275006555,0.0371766257693667,0.09472828415367984,0.09816598059032638,0.4207664748957507,0.37325380762417226,0.3787119075855309,False,1e-24,False
UniGCN,real,,24,base,85.88776143926377,3.461289998972176,6.8012658264563814,245.01011503019552,274.171763168231,0.350547818928532,0.014127131031082532,0.02480658747590701,0.0017594897388952919,0.0003597422326599571,0.000614858960558152,0.009956118291283495,0.011161802719070399,0.17672447106576783,0.036132780079050346,0.055085990680308325,False,1e-24,False
UniGCN,real,,24,restart,1943.7535431050212,340.0617089324576,410.99343609524396,2326.746261193711,2406.4197333980064,0.8353955803104204,0.1461533277625179,0.17079041963926092,0.03981957797855919,0.035343631550621236,0.037155288936178685,0.09454859040162993,0.09796771926139354,0.4211546444998373,0.3738144736001473,0.37926052802191335,False,1e-24,False
UniGCN,real,,25,base,78.03011144301814,3.1235977381238906,6.122746894281406,225.90720196533397,252.59646439903435,0.3454078080033591,0.013826906406477536,0.02423924225878758,0.001598518556173274,0.0003246448649428271,0.0005535184019031317,0.009179861106316143,0.010283451040239748,0.17413319631529323,0.03536489944487911,0.05382613285532082,False,1e-24,False
UniGCN,real,,25,restart,1942.1812464596671,339.95262090619616,410.8009767815873,2323.0298390070375,2402.3212431165794,0.8360552300481163,0.14634018693944392,0.17100168345872302,0.039787368036564644,0.035332293705443454,0.03713788992008901,0.09439757157978941,0.09780086568231346,0.42148719898937687,0.3742924008969753,0.3797296645688599,False,1e-24,False
UniGCN,real,,26,base,70.99162030203723,2.8267545193962698,5.522729175194261,208.54216333645724,232.9858260664874,0.3404185473395178,0.013554834543629662,0.023704142300992312,0.0014543285955510162,0.00029379306047491125,0.0004992746360383568,0.00847422338723464,0.00948508262427483,0.17161792049779814,0.034669024764850294,0.05263787948041498,False,1e-24,False
UniGCN,real,,26,restart,1940.876126228941,339.8643307508953,410.6435116191328,2319.9004998488026,2398.865856745661,0.836620418140966,0.14649952908456448,0.17118235705610413,0.039760631449005414,0.035323117445263216,0.03712365450147999,0.09427040919374223,0.09766019349731281,0.4217721317756279,0.37469994823792496,0.3801308718736204,False,1e-24,False
UniGCN,real,,27,base,64.67350818021559,2.5646890305284074,4.99044562788732,192.72759431715258,215.1301963853227,0.3355695296740375,0.013307326538346941,0.02319732753345729,0.001324896261290024,0.0002665558095954868,0.0004511542835965714,0.00783158983774849,0.008758162340351764,0.16917334650290108,0.03403597674519165,0.05151243674919723,False,1e-24,False
UniGCN,real,,27,restart,1939.790121935565,339.7926264982252,410.51428307181584,2317.2609076706353,2395.9479152534786,0.8371047539422254,0.14663546317699402,0.1713368977924487,0.0397383836528285,0.03531566500760142,0.03711197177471923,0.09416314794061666,0.09754140122306411,0.4220163038505174,0.3750476251056623,0.3804740480388335,False,1e-24,False
UniGCN,real,,28,base,58.99097769018191,2.332408371192262,4.516886582999941,178.3005065583239,198.84664231640045,0.330851430704631,0.01308133339727393,0.02271542798199614,0.0012084844009664281,0.00024241418522476802,0.0004083428379727687,0.007245337338304031,0.008095242804137152,0.16679477359563588,0.03345795701508519,0.050442321231437444,False,1e-24,False
UniGCN,real,,28,restart,1938.8844157467558,339.7342064525785,410.40792915299045,2315.0308616948378,2393.4801475218246,0.8375198999840959,0.14675148054132575,0.17146911771042722,0.03971982942904902,0.03530959323734834,0.0371023569968751,0.09407252881851509,0.09744093596632537,0.422225594739529,0.3753443612158836,0.38076765816060415,False,1e-24,False
UniGCN,real,,29,base,53.870883003166036,2.1257772750301753,4.094464125510586,165.1184742859829,183.9748516240953,0.3262559397797149,0.012874254587335628,0.0222555642217696,0.0011035945550441153,0.00022093839674925842,0.00037015432428197967,0.006709678340687671,0.007489797546505122,0.16447801206085963,0.03292831422476425,0.04942113882032773,False,1e-24,False
UniGCN,real,,29,restart,1938.1275164755882,339.68646850575004,410.32017356597515,2313.144055147491,2391.3902389162795,0.8378758392338902,0.14685054644557832,0.17158227331057535,0.039704323651756884,0.035304631689607534,0.03709442357530444,0.09399585741588408,0.09735585372705163,0.42240503723568745,0.3755977407961971,0.3810189336873665,False,1e-24,False
UniGCN,real,,30,base,49.249851276075326,1.9413478513767481,3.7167495188015947,153.05650199767777,170.37378092245277,0.32177562294493417,0.01268386397205264,0.021815266989310453,0.0010089284725816523,0.0002017700945691537,0.0003360075615477072,0.006219533585179315,0.006936084552192464,0.1622193141598035,0.03244135461378596,0.04844340622138132,False,1e-24,False
UniGCN,real,,30,restart,1937.4937739005,339.64735179930733,410.24759004140344,2311.5454995766954,2389.6180940716617,0.8381811105406776,0.146935179022652,0.17167914448721971,0.039691340852586396,0.035300566173191925,0.03708786176289913,0.09393089924729552,0.09728370796369268,0.4225589360971565,0.3758142044425099,0.381234047706536,False,1e-24,False
UniGCN,real,,31,base,45.07275626565062,1.776227188918009,3.3782659876274055,142.00445860221149,157.91889296125473,0.3174038104811216,0.012508249433869164,0.021392411789868997,0.0009233568418152562,0.00018460860975024604,0.00030540742953489187,0.005770427835434657,0.00642903378699125,0.1600153174336863,0.031992187583841494,0.04750440574023189,False,1e-24,False
UniGCN,real,,31,restart,1936.9622185716737,339.61521675987836,410.187421697901,2310.1894653910413,2388.1136404945732,0.8384430141290631,0.1470075168498755,0.17176210325273802,0.03968045145308346,0.035297226282332096,0.037082422327639815,0.0938757960661157,0.09722246017568777,0.42269097164445824,0.37599922196635904,0.38141826755493835,False,1e-24,False
UniGCN,real,,32,base,41.291468766177985,1.6279735929818393,3.074323856479054,131.86496006540452,146.4998633707922,0.31313450325012476,0.01234576336408376,0.020985165349253043,0.0008458936917267543,0.00016920016965485328,0.000277929964663463,0.005358403838652709,0.00596415383706817,0.1578629974890884,0.03157659906749323,0.046600066372547905,False,1e-24,False
UniGCN,real,,32,restart,1936.5156499084558,339.5887535377814,410.13744159119153,2309.037825954061,2386.83505669687,0.8386677897354564,0.1470693765692072,0.17183317315557564,0.03967130308354306,0.03529447588042894,0.03707790394573208,0.09382899857588936,0.09717040776903273,0.4228042895657329,0.37615743976935434,0.38157608676361293,False,1e-24,False
UniGCN,real,,33,base,37.863826546839746,1.4945146604322692,2.8008883813368457,122.5516100793962,136.01866446949094,0.3089622937006647,0.012194981848578196,0.020591941497595623,0.0007756752902634129,0.00015532938322030036,0.0002532104115220944,0.004979950834223097,0.005537453898884243,0.15575962817400446,0.031190947138041915,0.04572686583866901,False,1e-24,False
UniGCN,real,,33,restart,1936.1399151815287,339.56691165540195,410.0958443591919,2308.058719423485,2385.7473358796287,0.8388607702602752,0.14712230187116737,0.17189408039640078,0.039663605812296304,0.035292205788198874,0.037074143405932285,0.09378921205345545,0.09712612558243854,0.422901578378651,0.3762928061287472,0.3817113385673411,False,1e-24,False
UniGCN,real,,34,base,34.75277975686019,1.3740821408169483,2.5544730264373126,113.98752873088898,126.38795423375576,0.3048822984741373,0.012054670858432181,0.02021136461875781,0.0007119426371768258,0.00014281247088295074,0.00023093357470302308,0.004631944765365882,0.005145378192569262,0.15370274760186797,0.03083207553569993,0.04488174941863897,False,1e-24,False
UniGCN,real,,34,restart,1935.8233363021866,339.5488456208304,410.06116152696757,2307.2254623980407,2384.821116499854,0.8390265138155016,0.14716760505404466,0.17194629764466557,0.03965712040296185,0.03529032813113633,0.037071007952810056,0.09375535220439841,0.09708841827854932,0.4229851360006025,0.3764086774928752,0.3818272932045542,False,1e-24,False
UniGCN,real,,35,base,31.925677666280396,1.2651597968874266,2.332052699565374,106.10411453113504,117.52971401436453,0.3008901003260545,0.011923758116997245,0.019842239208378826,0.0006540268522520764,0.00013149184556597427,0.00021082597495952974,0.004311597973551751,0.004784750502013429,0.1516901288719437,0.030497241712370435,0.0440620623522196,False,1e-24,False
UniGCN,real,,35,restart,1935.5562518220036,339.5338726471072,410.0321949424019,2306.5156642976367,2384.031726315391,0.8391689169002046,0.14720640223811338,0.1719910815013027,0.03965164893188815,0.035288771945148345,0.03706838926909272,0.09372650917540887,0.0970562814260685,0.4230569268047763,0.37650790854810906,0.3819267411077266,False,1e-24,False
UniGCN,real,,36,base,29.35367005754024,1.1664414027994585,2.130992758112517,98.83999684543188,109.37409038748645,0.2969816976364755,0.011801309591536762,0.0194835243937839,0.0006013369122640711,0.00012123174730655172,0.0001926494310975473,0.004016416629909053,0.004452727025480779,0.14971975461561807,0.03018405670461953,0.043265493257302515,False,1e-24,False
UniGCN,real,,36,restart,1935.3306492855527,339.5214396120793,410.0079641968427,2305.91050262507,2383.3583980787607,0.8392913112119288,0.14723964318023833,0.17202950447039458,0.03964702725656093,0.03528747974259352,0.037066198722302136,0.09370191810415174,0.0970288695698817,0.4231186304264592,0.3765929284752817,0.3820120639002857,False,1e-24,False
UniGCN,real,,37,base,27.01120223827447,1.076796701208779,1.9489905641876375,92.14014469088002,101.85840560128145,0.29315346018713195,0.011686509770755325,0.019134312506489084,0.0005533493058504945,0.00011191470507491469,0.00017619577634689037,0.0037441645207395677,0.004146756089914868,0.14778979470196837,0.029890434689768566,0.04249002654759654,False,1e-24,False
UniGCN,real,,37,restart,1935.1398688440574,339.51109711539,409.98766489826045,2305.394127805095,2382.7836239036137,0.8393965463451809,0.14726813650671935,0.1720624822100275,0.03964311894385644,0.03528640481594727,0.03706436359249766,0.09368093493458064,0.09700546994667882,0.42317168345448364,0.37666580548740786,0.382085294910389,False,1e-24,False
UniGCN,real,,38,base,24.875586977953684,0.9952436486768375,1.7840270917624381,85.9551047560493,94.92630810784078,0.2894020901789781,0.011578645055479325,0.018793810981626916,0.0005095992642404353,0.00010343865215626665,0.00016128248347266252,0.0034928320840362996,0.0038645435682567925,0.14589858658522886,0.02961455050445295,0.04173390223814021,False,1e-24,False
UniGCN,real,,38,restart,1934.97836336778,339.5024790173206,409.9706354132278,2304.9531728598035,2382.2926221515195,0.8394870603670495,0.14729257106602855,0.17209079673972674,0.03963981035572323,0.035285509111212414,0.037062824065631154,0.09366301649233222,0.09698548078138965,0.4232173150110788,0.37672830144330327,0.38214817070580603,False,1e-24,False
UniGCN,real,,39,base,22.92664001718209,0.9209256598747793,1.6343266368145999,80.2403468427703,88.52704015611931,0.28572458768288334,0.01147708971995496,0.018461327001698353,0.0004696732943273211,9.571456107277202e-05,0.0001477490224268872,0.003260609811157312,0.003604023062431555,0.1440446178871726,0.02935480373801591,0.04099558184491865,False,1e-24,False
UniGCN,real,,39,restart,1934.8415035717637,339.49528623410833,409.95633025188346,2304.5763482557895,2381.8728959846994,0.8395649400099682,0.14731353399988423,0.17211511619405778,0.03963700665700385,0.03528476154371805,0.03706153082745179,0.09364770402112192,0.09696839331543057,0.42325657709732906,0.376781918067737,0.38220217495914927,False,1e-24,False
UniGCN,real,,40,base,21.146368403141835,0.8530928488705909,1.4983230989080278,74.95569911130518,82.61480373355093,0.28211821987999364,0.011381294004126276,0.018136254414407568,0.00043320279393402035,8.866449393436585e-05,0.00013545381208175124,0.003045865297708366,0.003363330090206261,0.14222651089000932,0.02910978827628222,0.04027371933435304,False,1e-24,False
UniGCN,real,,40,restart,1934.725419167132,339.48927385442494,409.9442986888171,2304.254106212149,2381.513866870829,0.8396319719909419,0.14733152604097763,0.17213601163173578,0.039634628561273186,0.03528413665909655,0.03706044313075685,0.09363460954171844,0.09695377688632381,0.4232903704651448,0.3768279360782283,0.38224857577450966,False,1e-24,False
UniGCN,real,,41,base,19.518702947026025,0.7910864846053662,1.3746316229665487,70.06485880162226,77.14820955631373,0.2785804935722513,0.01129077397908136,0.0178180625431514,0.0003998585709574406,8.221998684986201e-05,0.0001242716565436686,0.0028471233614377773,0.0031407796530407072,0.14044300867789405,0.0288782663805412,0.03956713627565579,False,1e-24,False
UniGCN,real,,41,restart,1934.6268689664873,339.48424085902667,409.9341675293936,2303.978361856715,2381.2065695819538,0.8396896867587867,0.14734697446787015,0.17215397133788438,0.03963260966982818,0.035283613564816074,0.037059527237405326,0.09362340452097667,0.09694126651080265,0.4233194666719084,0.37686744831962016,0.38228845744733075,False,1e-24,False
UniGCN,real,,42,base,18.029267711815795,0.7343260451079426,1.2620246374310469,65.53496671130019,72.08979652591648,0.275109130538507,0.011205102893282205,0.017506286579368348,0.00036934612111376057,7.632070443272072e-05,0.00011409157891626318,0.002663048750916339,0.00293484667269136,0.13869296271300732,0.0286591465539109,0.03887480050589392,False,1e-24,False
UniGCN,real,,42,restart,1934.5431343515859,339.4800218894864,409.9256271719264,2303.742261060299,2380.943397804425,0.8397393957869276,0.14736024408096784,0.1721694129939995,0.03963089428927523,0.0352831750746802,0.03705875515828813,0.09361381043765692,0.09693055252834122,0.4233445268811895,0.37690138783718663,0.3823227474892671,False,1e-24,False
UniGCN,real,,43,base,16.665180720231096,0.6822983839082347,1.159411517357661,61.336235789469285,67.40561124766782,0.27170204538525516,0.011123903759763774,0.01720051930243086,0.0003414015452576175,7.091331383395072e-05,0.00010481498277109771,0.002492431053251627,0.0027441488729937884,0.13697532166926937,0.028451464581713173,0.03819580774302072,False,1e-24,False
UniGCN,real,,43,restart,1934.471931660557,339.47648063629447,409.91842030053,2303.5399867143583,2380.717891523878,0.8397822233682084,0.14737164650677714,0.17218269403526204,0.03962943563670183,0.035282807021633486,0.03705810363112117,0.09360559091041319,0.09692137194538734,0.42336611789171696,0.37693055167400735,0.38235223962783405,False,1e-24,False
UniGCN,real,,44,base,15.414881097397773,0.6345486219350128,1.065821251494826,57.44162587327895,63.06483896223924,0.2683573255987617,0.011046842986911276,0.0169004039181484,0.00031578800824075677,6.595053810977586e-05,9.635408518892425e-05,0.00233417147682876,0.0025674317547228127,0.13528912137586013,0.028254367240995185,0.03752936568291643,False,1e-24,False
UniGCN,real,,44,restart,1934.4113399493112,339.47350451152863,409.9123326854621,2303.3665967592615,2380.5245589847227,0.8398191337284067,0.14738144808957174,0.17219412046741786,0.039628194359802624,0.035282497704076085,0.03705755328876308,0.09359854511598445,0.09691350118715794,0.4233847258063314,0.37695562105538166,0.38237761338534326,False,1e-24,False
UniGCN,real,,45,base,14.267978686994224,0.5906724559191504,0.9803876107874889,53.82655793788756,59.03947866484849,0.26507321355117247,0.010973624889794161,0.016605627843580568,0.00029229265816056705,6.139035681095595e-05,8.863057593897319e-05,0.0021872712397044804,0.002403555369374242,0.13363347574581486,0.02806709826223945,0.03687478019782331,False,1e-24,False
UniGCN,real,,45,restart,1934.359741286128,339.4710003441165,409.90718567767397,2303.2178885041208,2380.3587273362446,0.8398509541545994,0.14738987658896394,0.17220395437471864,0.03962713731375915,0.03528223743845949,0.037057087980695534,0.09359250227575767,0.09690675001729455,0.4234007676918727,0.37697717851912044,0.382399450751182,False,1e-24,False
UniGCN,real,,46,base,13.215122846304691,0.5503096351831269,0.9023364094625675,50.468662321308784,55.30405634678652,0.2618480902499575,0.010903986946980684,0.016315917295549306,0.00027072393850614677,5.7195328005989466e-05,8.157446583513383e-05,0.0020508213385878656,0.0022514826449447863,0.13200756858350185,0.027888986197779887,0.03623144331949061,False,1e-24,False
UniGCN,real,,46,restart,1934.315771294033,339.4688908918598,409.90283006976654,2303.090284770763,2380.216417135345,0.8398783947310882,0.14739712686758552,0.17221242031558442,0.039626236548055006,0.03528201819677078,0.03705669421803151,0.09358731702916669,0.09690095642874628,0.4234146015288098,0.3769957224628532,0.38241825038414584,False,1e-24,False
UniGCN,real,,47,base,12.247887667701457,0.5131384065931534,0.8309745244111185,47.347556274381134,51.83537124469114,0.25868046064984684,0.010837695690554632,0.016031032564394435,0.00025090923681486547,5.333201092835612e-05,7.5123094048499e-05,0.0019239935094632506,0.002110269055489877,0.13041064617981132,0.02771943390975082,0.03559882274398416,False,1e-24,False
UniGCN,real,,47,restart,1934.278278095813,339.4671120078852,409.89914106236824,2302.9807381946566,2380.094236732068,0.8399020651871039,0.1474033657241957,0.17221971077295264,0.03962546846542669,0.035281833312033335,0.03705636071845771,0.09358286554490863,0.09689598234410038,0.42342653470480857,0.3770116795056062,0.3824344397155898,False,1e-24,False
UniGCN,real,,48,base,11.358671317114947,0.47887076533270834,0.7656803982242262,44.44464691458282,48.612270765897264,0.25556894037081507,0.010774543135713048,0.01575076387423914,0.00023269282252839837,4.977047237519138e-05,6.922026954755713e-05,0.0018060322205121224,0.001979053458112827,0.12884201061618683,0.027557909438115317,0.0349764526389114,False,1e-24,False
UniGCN,real,,48,restart,1934.2462881668318,339.46561033302265,409.89601412739256,2302.8866506638037,2379.98929325932,0.8399224892850407,0.1474087360032124,0.17222599080101447,0.03962481312232719,0.03528167723846887,0.03705607803225812,0.09357904224729992,0.0968917099918861,0.423436831268387,0.3770254149986972,0.3824483852680614,False,1e-24,False
UniGCN,real,,49,base,10.540607543879661,0.44724837926477073,0.7058957991897835,41.7429562623314,45.61545040609352,0.25251224368580344,0.010714343671637963,0.015474927747189069,0.00021593403419058242,4.648386311405086e-05,6.38155261721823e-05,0.0016962475623687023,0.001857049947415417,0.12730101370877975,0.027403938048488088,0.03436392556969117,False,1e-24,False
UniGCN,real,,49,restart,1934.2189778807876,339.4643414120538,409.89336160097287,2302.8058054036132,2379.899117514907,0.8399401171136863,0.14741336009119355,0.1722314019885784,0.03962425364601467,0.03528154535571344,0.03705583823430302,0.09357575705650832,0.09688803884844831,0.4234457181263996,0.37703724196864047,0.38246040145642285,False,1e-24,False
UniGCN,real,,50,base,9.787487716504378,0.41803907869278933,0.6511186502975377,39.22696553483038,42.82727551416865,0.24950917265863656,0.010656931347942385,0.015203363802166836,0.00020050568227850628,4.3448053053258314e-05,5.886347434982711e-05,0.0015940089209163467,0.0017435405993691158,0.1257870515324605,0.027257095291713527,0.03376088539098334,False,1e-24,False
UniGCN,real,,50,restart,1934.1956497580336,339.46326815250114,409.89110987158534,2302.736309645519,2379.8216004872866,0.8399553355962766,0.14741734289357594,0.17223606584109372,0.039623775747977444,0.035281433808634806,0.03705563466984517,0.09357293305886136,0.09688488305384833,0.4234533903415467,0.377047428730713,0.38247075809803843,False,1e-24,False
UniGCN,real,,51,base,9.093691987638472,0.39103382261735603,0.6008967707477398,36.882476285207964,40.23162220896357,0.2465586073266338,0.010602157501398124,0.014935931930029423,0.00018629263905357385,4.064131593587865e-05,5.432323530533232e-05,0.0014987393346014859,0.0016378689948792513,0.12429955947150009,0.027117000933778224,0.03316702097369955,False,1e-24,False
UniGCN,real,,51,restart,1934.175712606867,339.4623595609551,409.88919705485534,2302.676546168845,2379.7549396564505,0.8399684774767504,0.14742077437048073,0.1722400866679274,0.03962336731711008,0.03528133937599511,0.0370554617443139,0.09357050453772381,0.09688216922572,0.4234600156626874,0.37705620537475165,0.3824796868243174,False,1e-24,False
UniGCN,real,,52,base,8.45412839847504,0.36604406812618295,0.5548223991043032,34.69648631928794,37.813735129912054,0.24365949683427598,0.010549888676269138,0.014672509795664652,0.00017319059105922867,3.8044055932542225e-05,5.015794593421923e-05,0.0014099104522446236,0.0015394344286733847,0.12283800774971458,0.026983313636674472,0.03258206065811006,False,1e-24,False
UniGCN,real,,52,restart,1934.158664894126,339.4615897048253,409.88757106724876,2302.6251322938856,2379.6975935137975,0.839979829008167,0.1474237316981997,0.1722435540484032,0.03962301807904477,0.0352812593625426,0.037055314749169885,0.0935684153071594,0.09687983460772873,0.42346573840086194,0.3770637692935584,0.3824873865568485,False,1e-24,False
UniGCN,real,,53,base,7.864178905747637,0.3428994821311013,0.5125273882400038,32.65707861130871,35.56010002126666,0.24081085143434647,0.010500004798725619,0.014412990625265045,0.00016110493343437154,3.563856981542015e-05,4.633432440840565e-05,0.001327038019070613,0.0014476867220795592,0.12140189739793655,0.026855726289122833,0.032005767340221064,False,1e-24,False
UniGCN,real,,53,restart,1934.1440807997817,339.46093685762236,409.88618802741814,2302.5808851417123,2379.648243002582,0.8399896365337649,0.14742628111269596,0.17224654493902586,0.0396227193104668,0.03528119151017818,0.037055189717381046,0.09356661730024432,0.09687782549977426,0.42347068274705424,0.37707028989799823,0.3824940281867432,False,1e-24,False
UniGCN,real,,54,base,7.319651459500045,0.3214459448856777,0.4736789795018768,30.753321683239268,33.45832941822281,0.23801173528156783,0.010452397571767589,0.014157281243213875,0.00014994978818242528,3.3408839457832656e-05,4.2822288145516586e-05,0.0012496778285683802,0.001362121569195736,0.1199907566210136,0.02673396190128901,0.03143793411244562,False,1e-24,False
UniGCN,real,,54,restart,1934.1315985063018,339.46038279399954,409.88501092725556,2302.5427921719865,2379.605758793492,0.8399981121227446,0.14742847948280122,0.1722491254749171,0.03962246359921146,0.035281133924687,0.037055083303280945,0.09356506937185528,0.09687609592574715,0.42347495561340376,0.3770759126407456,0.3824997585749393,False,1e-24,False
UniGCN,real,,55,base,6.816737381884683,0.3015438030560865,0.43797607779948183,28.9751801180561,31.497059931221642,0.23526125995112562,0.010406969062055191,0.013905300328216843,0.0001396471310368439,3.134035027067461e-05,3.9594617063428905e-05,0.0011774220861496241,0.0012822763552325204,0.11860413753025001,0.02661776999033798,0.030878380391135777,False,1e-24,False
UniGCN,real,,55,restart,1934.1209103519643,339.45991220726563,409.88400852539723,2302.5099861721205,2379.5691734864345,0.8400054383987293,0.14743037565348907,0.17225135251052787,0.03962224464254559,0.03528108501519881,0.03705499268253763,0.09356373628234063,0.09687460650183613,0.42347864906741595,0.37708076245195676,0.38250470397353625,False,1e-24,False
UniGCN,real,,56,base,6.351973400368712,0.2830663369492923,0.40514596115735785,27.31343405191919,29.665859818884933,0.23255857862085225,0.010363630454201437,0.013656976862657686,0.0001301260136764415,2.9419931896851353e-05,3.6626656111945764e-05,0.0011098961376699253,0.0012077263937162416,0.11724161321042458,0.02650692339430468,0.03032694847319143,False,1e-24,False
UniGCN,real,,56,restart,1934.111754541326,339.45951222725563,409.88315442456013,2302.4817240053276,2379.537657976148,0.8400117726783967,0.14743201159344801,0.17225327493794543,0.03962205707734887,0.035281043444078834,0.037054915468741505,0.09356258783393585,0.09687332347434874,0.4234818424184036,0.37708494667440284,0.3825089729532542,False,1e-24,False
UniGCN,real,,57,base,5.922207776133654,0.26589841212063564,0.3749413681295288,25.75960663887822,27.955145705998397,0.2299028808613653,0.010322300951572877,0.013412248752796764,0.0001213218698345247,2.7635618068818103e-05,3.3896051964563215e-05,0.0010467555219179252,0.0011380815359959644,0.1159027750933015,0.026401215460686127,0.02978350047204651,False,1e-24,False
UniGCN,real,,57,restart,1934.1039081585454,339.4591720206083,409.882426301057,2302.4573685366377,2379.510501341211,0.8400172505203843,0.14743342337598062,0.17225493481538615,0.03962189633698542,0.035281008085383404,0.037054849643750734,0.09356159813631751,0.09687221790097321,0.4234846040066252,0.37708855757230264,0.38251265890938657,False,1e-24,False
UniGCN,real,,58,base,5.524570042779938,0.2499352902205123,0.3471379147109792,24.305898608832685,26.35610744528334,0.22729338798329088,0.01028290680558038,0.01317106160049073,0.00011317589536843968,2.5976523016314936e-05,3.138251949795128e-05,0.0009876833113427073,0.0010729831122921515,0.11458723061198893,0.02630045756367101,0.029247915590125764,False,1e-24,False
UniGCN,real,,58,restart,1934.097181272338,339.45888245883754,409.8818052605215,2302.4363732487773,2379.487093717688,0.8400219887697888,0.1474346420178618,0.17225636833361682,0.03962175853053828,0.035280977990361624,0.03705479349944644,0.09356074498146115,0.0968712649535476,0.42348699273813223,0.3770916744768596,0.38251584220785406,False,1e-24,False
UniGCN,real,,59,base,5.156443933845482,0.23508157778217298,0.3215317992896489,22.945129148468357,24.8606402441382,0.22472934889493473,0.010245380457920205,0.01293336760968824,0.00010563449365490612,2.443273221073554e-05,2.9067634311336794e-05,0.0009323877097187353,0.0010121011685094133,0.11329460111263359,0.02620447691026079,0.028720087690587863,False,1e-24,False
UniGCN,real,,59,restart,1934.0914119568615,339.45863584227715,409.88127529846054,2302.4182691371866,2379.466911703576,0.8400260881710462,0.14743569419707855,0.1722576066439212,0.03962164034080774,0.035280952358764134,0.03705474558896474,0.09356000931111327,0.09687044332386048,0.4234890594020216,0.37709436562201565,0.38251859202380323,False,1e-24,False
UniGCN,real,,60,base,4.815443131884696,0.22125029484751507,0.297937759997231,21.67068242867397,23.461283283188617,0.22221003642751241,0.01020965978232248,0.012699124613133196,9.864877878760975e-05,2.2995205564617207e-05,2.693464806364843e-05,0.0008805998792585627,0.000955131967337179,0.11202452000182977,0.02611311460089961,0.028199923136003682,False,1e-24,False
UniGCN,real,,60,restart,1934.0864620820794,339.45842567015916,409.8808228480259,2302.402653538112,2379.4495059112323,0.8400296356112865,0.14743660286723173,0.17225867656773755,0.039621538938073034,0.035280930514946664,0.03705470468581361,0.09355937476281491,0.09686973471689796,0.4234908478013961,0.3770966897158983,0.3825209679174417,False,1e-24,False
UniGCN,real,,61,base,4.499389518386767,0.20836204799348002,0.2761872537276828,20.476459182882568,22.15116414492444,0.21973474408837548,0.01017568741414344,0.012468295206550867,9.21741300067863e-05,2.1655691481798367e-05,2.4968323850222435e-05,0.0008320719729725941,0.0009017957258847343,0.11077663110979732,0.02602622391478103,0.027687338865713184,False,1e-24,False
UniGCN,real,,61,restart,1934.082213751367,339.4582464488454,409.88043640045106,2302.389180597846,2379.4344903445412,0.8400327060471838,0.14743738778371976,0.17225960120511682,0.03962145190711343,0.035280911887938936,0.03705466974955906,0.09355882728261392,0.0968691234183777,0.4234923957247623,0.37709869728663437,0.38252302118519194,False,1e-24,False
UniGCN,real,,62,base,4.206293643843256,0.19634429455350508,0.2561268302530075,19.356832810846463,20.923948450058468,0.21730278320564347,0.010143410157651666,0.012240845979158001,8.616979161060478e-05,2.0406650385751153e-05,2.3154789217005237e-05,0.0007865753509222831,0.0008518345653277449,0.1095505872508821,0.025943668793871746,0.027182260687081173,False,1e-24,False
UniGCN,real,,62,restart,1934.0785662841706,339.4580935316647,409.88010618612054,2302.3775531364818,2379.4215333274974,0.8400353641605892,0.14743806595457287,0.17226040045662885,0.039621377185395254,0.035280895994798514,0.03705463989699261,0.09355835479444438,0.09686859592544261,0.4234937357806983,0.37710043183544245,0.38252479601864636,False,1e-24,False
UniGCN,real,,63,base,3.9343371718032025,0.18513068670323363,0.23761667840221837,18.306609543176275,19.773794168294014,0.2149134804303352,0.010112778462150597,0.012016746830672546,8.059851330549939e-05,1.9241186548445478e-05,2.1481404729888435e-05,0.0007438989614846713,0.0008050106508545695,0.10834604896428557,0.025865322502996876,0.026684621758835826,False,1e-24,False
UniGCN,real,,63,restart,1934.0754336581733,339.4579629849751,409.8798239062996,2302.3675156976697,2379.4103497529177,0.8400376657816527,0.14743865202689485,0.17226109147119673,0.039621313010672274,0.035280882426690204,0.03705461437787871,0.09355794691769961,0.09686814063109825,0.42349489611530344,0.3771019308250302,0.3825263304990372,False,1e-24,False
UniGCN,real,,64,base,3.681857080610382,0.1746604856595963,0.2205293242842999,17.32099225491738,18.69531013042804,0.21256617556451554,0.010083745959184914,0.011795970366138596,7.542622656423579e-05,1.8152987206305643e-05,1.9936646289369363e-05,0.0007038478708975325,0.0007611045026530858,0.10716268341915104,0.025791066446158774,0.02619436124720518,False,1e-24,False
UniGCN,real,,64,restart,1934.072742339243,339.4578514760153,409.87958250724296,2302.3588486078415,2379.4006944553003,0.8400396591125278,0.1474391586182467,0.1722616890305119,0.039621257876530196,0.03528087083723016,0.03705459255453335,0.09355759472582557,0.09686774755441539,0.4234959010291141,0.37710322652717,0.3825276574508761,False,1e-24,False
UniGCN,real,,65,base,3.447331432395949,0.16487803757800462,0.20474846411388828,16.39554756263955,17.68351832139548,0.2102602196861888,0.010056269054027287,0.011578491360860067,7.062175309064471e-05,1.7136268088636536e-05,1.8509999613783046e-05,0.0006662419262318481,0.0007199134608233581,0.1060001634692512,0.025720789121687935,0.02571142313773844,False,1e-24,False
UniGCN,real,,65,restart,1934.0704294389732,339.4577561788893,409.8793759898053,2302.3513628952887,2379.3923565416694,0.8400413857799753,0.14743959660093284,0.1722622058791283,0.039621210494642206,0.035280860932714535,0.03705457388461214,0.09355729053985488,0.09686740810973313,0.4234967715077618,0.3771043467498141,0.38252880517496723,False,1e-24,False
UniGCN,real,,66,base,3.229366541382448,0.155732303864996,0.19016791640891575,15.526175879937453,16.733819580034147,0.20799497354370156,0.01003030656545824,0.011364286288577738,6.6156541950535e-05,1.6185724601610557e-05,1.7191865514190156e-05,0.0006309145385809034,0.0006812502889812588,0.10485816684354564,0.02565438520091264,0.02523575518756676,False,1e-24,False
UniGCN,real,,66,restart,1934.0684411492157,339.4576746956618,409.8791992488227,2302.3448959422335,2379.3851545393436,0.8400428817410952,0.14743997534597827,0.17226265300801066,0.03962116976269894,0.03528085246391874,0.037054557906589874,0.09355702775172633,0.0968671149091197,0.42349752567858634,0.3771053154611117,0.38252979807806087,False,1e-24,False
UniGCN,real,,67,base,3.0266853931303612,0.1471764395869816,0.17669068023014495,14.709084141686366,15.841962371911183,0.2057698061942936,0.010005819408556875,0.0111533329067508,6.200443232931445e-05,1.529648801102657e-05,1.5973474755834334e-05,0.0005977115746956953,0.0006449419029694533,0.10373637545982259,0.02559175471683689,0.024767308004471363,False,1e-24,False
UniGCN,real,,67,restart,1934.0667314110365,339.45760499006167,409.87904793748766,2302.339307762138,2379.3789322408043,0.8400441780629369,0.14744030293259108,0.17226303989818045,0.039621134737140795,0.03528084521920702,0.03705454422749946,0.09355680067301142,0.09686686159321309,0.42349817920366745,0.37710615332514874,0.3825306572138976,False,1e-24,False
UniGCN,real,,68,base,2.838117183438458,0.13916741447746797,0.16422808777111775,13.940760938552955,15.004014337258067,0.2035840938631757,0.00998277031582994,0.010945609893434016,5.814143922674788e-05,1.446408605245573e-05,1.484681144921722e-05,0.0005664903465623535,0.0006108282125457904,0.10263447484951672,0.02553280235087585,0.024306034240525902,False,1e-24,False
UniGCN,real,,68,restart,1934.0652607822428,339.45754533172055,409.87891835273246,2302.334477810721,2379.3735551437876,0.8400453015937702,0.14744058632805998,0.17226337473014533,0.03962110460995819,0.03528083901873701,0.03705453251257022,0.09355660440532818,0.09686664268629354,0.42349874561823786,0.3771068781620693,0.38253140074827185,False,1e-24,False
UniGCN,real,,69,base,2.662587860542168,0.13166567174806945,0.15269904102328757,13.217953830702362,14.216336347557156,0.20143721900114142,0.009961123592536647,0.010741096530789833,5.4545559705197405e-05,1.3684407470448504e-05,1.3804544041873343e-05,0.0005371186895323809,0.0005787610652013688,0.10155215368261551,0.025477436807053274,0.02385188788929731,False,1e-24,False
UniGCN,real,,69,restart,1934.0639954732453,339.4574942492236,409.87880733828786,2302.3303022528266,2379.3689073999108,0.8400462755412491,0.14744083154231388,0.17226366456397413,0.03962107868894034,0.03528083370958016,0.037054522476464034,0.09355643472927899,0.09686645347205922,0.4234992366221573,0.37710750534339077,0.38253204435890986,False,1e-24,False
UniGCN,real,,70,base,2.4991115673354556,0.12463482051162526,0.14202932346817493,12.537648633863782,13.475558832156887,0.19932856952023975,0.009940844902527468,0.010539772430754312,5.119659757567151e-05,1.2953670051148322e-05,1.2839963092858483e-05,0.0005094741206007469,0.000548603282393708,0.10048910338233273,0.02542557026424421,0.023404823676654227,False,1e-24,False
UniGCN,real,,70,restart,1934.0629065257249,339.45745049054176,409.8787122026257,2302.326691618877,2379.3648891980274,0.8400471199705337,0.14744104376075876,0.17226391549417905,0.03962105638084945,0.035280829161609344,0.03705451387585706,0.09355628800921927,0.09686628988709996,0.42349966233103525,0.3771080481317588,0.38253260157940394,False,1e-24,False
UniGCN,real,,71,base,2.3467828918221603,0.11804135814440524,0.13215097881406407,11.897050492335962,12.778560160936914,0.19725753818847366,0.009921901081318187,0.010341617298797056,4.807600464119753e-05,1.22683917665644e-05,1.1946925108306368e-05,0.0004834430692972474,0.0005202277794837387,0.09944501781995296,0.025377117898076885,0.022964796536167686,False,1e-24,False
UniGCN,real,,71,restart,1934.0619691125578,339.45741298965305,409.8786306494494,2302.3235687944884,2379.361414519401,0.8400478522335787,0.14744122745848237,0.17226413278297167,0.03962103717707908,0.0352808252640297,0.03705450650315578,0.09355616111156441,0.09686614842950822,0.42350003149265125,0.3771085179730474,0.3825330840951235,False,1e-24,False
UniGCN,real,,72,base,2.204769844096272,0.11185441936168185,0.12300174972237472,11.293566572491876,12.122446890901674,0.1952235221658413,0.009904259973472813,0.010146610732086761,4.51667368238072e-05,1.1625364695244659e-05,1.1119801800268352e-05,0.0004589201744277247,0.0004935167615551569,0.09841959308093244,0.025331997465009106,0.02253176116091362,False,1e-24,False
UniGCN,real,,72,restart,1934.0611619407591,339.45738083835926,409.8785607187718,2302.3208672951223,2379.3584092110837,0.8400484873392072,0.1474413864984728,0.17226432097494465,0.03962102064142285,0.03528082192244948,0.03705450018117031,0.09355605133467927,0.09686602608044441,0.423500351673523,0.37710892474757124,0.38253350199787933,False,1e-24,False
UniGCN,real,,73,base,2.072307487039974,0.10604554916768678,0.11452457027805044,10.724790227185826,11.504535703998336,0.19322592266531866,0.009887890291679208,0.009954732048703892,4.245312368353162e-05,1.1021631424284932e-05,1.0353434204206035e-05,0.00043580764058620124,0.00046836098808518905,0.09741252729398747,0.025290128941887816,0.02210567162421921,False,1e-24,False
UniGCN,real,,73,restart,1934.060466742004,339.4573532624682,409.8785007369323,2302.318529784756,2379.3558093317165,0.8400490382722237,0.1474415242161145,0.17226448399579794,0.039621006399637344,0.03528081905640456,0.03705449475859569,0.09355595634868365,0.09686592023679277,0.4235006294197838,0.37710927698619984,0.3825338640051572,False,1e-24,False
UniGCN,real,,74,base,1.9486921557699226,0.1005884971761718,0.10666710666570622,10.188486496441946,10.922336880732917,0.1912641447236006,0.009872761495173951,0.009765960144835651,3.99207499984449e-05,1.0454463672449052e-05,9.643091154458389e-06,0.00041401464896753003,0.00044465910013921503,0.09642352051551627,0.025251434214997946,0.021686481062547253,False,1e-24,False
UniGCN,real,,74,restart,1934.0598678376714,339.45732960164975,409.8784492741705,2302.316506803549,2379.3535597307123,0.8400495162686594,0.14744164349190186,0.17226462523735198,0.03962099413053159,0.03528081659726486,0.03705449010617641,0.09355587414375022,0.09686582865331854,0.42350087039594375,0.37710958205633643,0.38253417764889946,False,1e-24,False
UniGCN,real,,75,base,1.8332762077904927,0.095459031089033,0.0993813411329267,9.682578823139247,10.373539169554922,0.1893375970675667,0.009858843685414342,0.009580273377151635,3.75563482167279e-05,9.921342904443828e-06,8.984431673023406e-06,0.0003934568175520845,0.000422317004388503,0.09545227466227935,0.025215836813224046,0.021274141414297256,False,1e-24,False
UniGCN,real,,75,restart,1934.059351767319,339.4573092923827,409.8784051085906,2302.314755674596,2379.3516128274214,0.8400499310532475,0.14744174681403155,0.1722647476307739,0.03962098355835606,0.035280814486461934,0.0370544861134487,0.09355580298567988,0.09686574939296659,0.4235010795046102,0.37710984632200945,0.382534449438113,False,1e-24,False
UniGCN,real,,76,base,1.7254632519432773,0.09063476737408872,0.09262319486594754,9.205136874302564,9.855995925721315,0.18744569206354236,0.00984610751710911,0.009397649467795298,3.534770071731331e-05,9.419942732753555e-06,8.373470876159542e-06,0.0003740557062173418,0.00040124730880969936,0.0944984934858201,0.025183261680494673,0.020868603208827628,False,1e-24,False
UniGCN,real,,76,restart,1934.0589069711841,339.45729185350933,409.87836719553474,2302.3132395642097,2379.3499275617705,0.8400502910443541,0.14744183633229815,0.17226485370966682,0.0396209744462984,0.03528081267398761,0.03705448268597171,0.09355574137771586,0.09686568078414083,0.42350126098980123,0.3771100752817206,0.38253468499896603,False,1e-24,False
UniGCN,real,,77,base,1.6247038096745317,0.08609501740448082,0.08635218588114751,8.754365369232646,9.367712405629339,0.18558784573746243,0.009834524122909366,0.009218065429640635,3.3283550926961176e-05,8.94811292644733e-06,7.806549046542727e-06,0.0003557383627629179,0.0003813688054245944,0.09356188258263004,0.02515363498316544,0.020469815400479225,False,1e-24,False
UniGCN,real,,77,restart,1934.0585235187405,339.4572768739887,409.8783346415401,2302.3119266738886,2379.3484684919827,0.8400506035308788,0.14744191390451464,0.1722649456644401,0.03962096659092263,0.03528081111712118,0.037054479742973184,0.09355568802770892,0.09686562138397163,0.4235014185261281,0.37711027368717404,0.3825348891955242,False,1e-24,False
UniGCN,real,,78,base,1.5304913669627953,0.0818206475158235,0.0805311184570063,8.32859382521111,8.906834113595073,0.18376347785503888,0.009824065050230679,0.009041497509657949,3.135352244036727e-05,8.50386486649954e-06,7.28030355679524e-06,0.0003384369062217526,0.00036260599588599097,0.09264214943456442,0.025126883948429633,0.02007772524281226,False,1e-24,False
UniGCN,real,,78,restart,1934.0581928765182,339.4572640025058,409.87830668217987,2302.3107895452667,2379.347205018489,0.8400508748249914,0.14744198113650525,0.17226502538917804,0.03962095981741279,0.03528080977934942,0.03705447721534618,0.0935556418198735,0.09686556994672035,0.4235015552957954,0.37711044564556573,0.3825350662338281,False,1e-24,False
UniGCN,real,,79,base,1.442358779532104,0.07779395160698195,0.07512580100286677,7.926267140026665,8.471636107898268,0.18197201205197477,0.009814702208828182,0.00886792114841023,2.9548045377651512e-05,8.08535830480736e-06,6.791643363804269e-06,0.00032208814417597893,0.0003448886561162496,0.09173900347448796,0.025102936730231746,0.01969227819866319,False,1e-24,False
UniGCN,real,,79,restart,1934.0579077094312,339.4572529386504,409.8782826631983,2302.309804462059,2379.346110716188,0.840051110394037,0.14744203941656994,0.1722650945220509,0.039620953975502894,0.03528080862944981,0.037054475043943616,0.09355560179048557,0.09686552539659506,0.42350167405509936,0.3771105947077324,0.38253521975163035,False,1e-24,False
UniGCN,real,,80,base,1.3598749977867786,0.07399853505948187,0.07010478958934716,7.5459369382011365,8.060513181743842,0.18021287600515742,0.009806407827882307,0.00869731095386416,2.785828929163676e-05,7.690889299587437e-06,6.337725822946172e-06,0.0003066332211061456,0.00032815143656455225,0.09085215617257991,0.025081722299506233,0.019313417881988912,False,1e-24,False
UniGCN,real,,80,restart,1934.0576617107013,339.4572434254229,409.87826202444484,2302.3089509352862,2379.3451627597274,0.8400513149744794,0.14744208994519278,0.17226515448016796,0.03962094893599279,0.03528080764071159,0.037054473178125866,0.09355556710696437,0.09686548680435318,0.4235017771918713,0.37711072394413664,0.3825353528957914,False,1e-24,False
UniGCN,real,,81,base,1.2826420812980814,0.0704192088817989,0.06543915465605574,7.186253614646513,7.671970842719712,0.17848550163660956,0.009799154421474278,0.008529640687849326,2.6276102006863765e-05,7.318879213474957e-06,5.91593559762248e-06,0.0002920172950809262,0.00031233349497173974,0.0899813211391535,0.025063170355874603,0.01894108602779782,False,1e-24,False
UniGCN,real,,81,restart,1934.057449456208,339.4572352428629,409.87824428618086,2302.308211260054,2379.3443414287185,0.8400514926703482,0.14744213376065657,0.1722652064896426,0.0396209445877644,0.035280806790273636,0.037054471574522824,0.09355553704986201,0.09686545336715825,0.42350186677510854,0.3771108360103809,0.38253546838904245,False,1e-24,False
UniGCN,real,,82,base,1.2102924756999909,0.06704189310051276,0.06110226867008097,6.8459590156439125,7.30461702145896,0.17678932534277728,0.009792914761440034,0.008364883263637131,2.479395383429809e-05,6.967864672677057e-06,5.523865462821558e-06,0.00027818924034474836,0.00029737815882177593,0.08912621424024873,0.02504721125821427,0.018575222486773513,False,1e-24,False
UniGCN,real,,82,restart,1934.0572662797072,339.45722820262944,409.8782290374075,2302.3075701338216,2379.3436296816226,0.840051647038319,0.14744217176113375,0.17226525161153494,0.03962094083522541,0.03528080605856109,0.03705447019597872,0.09355551099735145,0.09686542439123244,0.42350194459786633,0.37711093320370925,0.38253556858759424,False,1e-24,False
UniGCN,real,,83,base,1.1424865275538107,0.06385352852256261,0.057069612737640524,6.5238797025785935,6.957154446629363,0.17512378824248365,0.009787661856690002,0.00820301075323833,2.340488666104737e-05,6.636488396159832e-06,5.159298822114194e-06,0.00026510137358602925,0.0002832326149200559,0.08828655372263526,0.02503377597176499,0.018215765241479824,False,1e-24,False
UniGCN,real,,83,restart,1934.0571081658932,339.45722214338815,409.8782159259077,2302.3070143275304,2379.343012788687,0.8400517811612551,0.14744220472374253,0.17226529076424074,0.039620937596118594,0.035280805428806,0.03705446901065185,0.09355548841186274,0.09686539927691297,0.4235020122143331,0.37711101751174686,0.38253565553085433,False,1e-24,False
UniGCN,real,,84,base,1.0789102151566818,0.0608419960833329,0.053318600374796556,6.218920748858605,6.628373629152129,0.17348833643758857,0.0097833689381714,0.008043994403136388,2.21024674638879e-05,6.323490813253433e-06,4.820193775890662e-06,0.00025270920187161626,0.0002698476237740355,0.08746206034522086,0.025022796029667147,0.017862650441298627,False,1e-24,False
UniGCN,real,,84,restart,1934.0569716587124,339.45721692688267,409.87820464975096,2302.3065324021914,2379.3424780156506,0.8400518977117905,0.1474422333209897,0.1722653247428195,0.03962093479964352,0.03528080488663897,0.037054467991246606,0.09355546882856643,0.09686537750577556,0.4235020709718851,0.3771110906545556,0.3825357309843473,False,1e-24,False
UniGCN,real,,85,base,1.0192730754300032,0.05799604307552743,0.049828416824339306,5.930060024947548,6.3171464037622815,0.17188242128105924,0.009780009448730732,0.007887804657283733,2.0880745839668383e-05,6.027702396398076e-06,4.504668595027468e-06,0.0002409711904160083,0.0002571772566637887,0.08665245751419595,0.02501420350703318,0.017515812453495774,False,1e-24,False
UniGCN,real,,85,restart,1934.0568537827314,339.45721243458576,409.87819495003845,2302.3061144645785,2379.342014351134,0.8400519990073141,0.14744225813496115,0.17226535423568168,0.0396209323848457,0.0352808044197411,0.037054467114357614,0.09355545184544592,0.09686535862953607,0.4235021220388063,0.377111154120929,0.3825357964767707,False,1e-24,False
UniGCN,real,,86,base,0.963306308959056,0.05530521562502907,0.04657987246746094,5.656342930506328,6.0224199807257675,0.1703054996477778,0.009777557037207152,0.00773441118628986,1.973421518530482e-05,5.748036643157976e-06,4.210988468773975e-06,0.00022984854851909172,0.00024517865348154804,0.08585747141955805,0.025007931005840273,0.017175183928036745,False,1e-24,False
UniGCN,real,,86,restart,1934.05675197568,339.4572085648458,409.87818660470924,2302.3057519565855,2379.341612271602,0.8400520870575275,0.14744227966957144,0.1722653798390013,0.03962093029923468,0.03528080401754744,0.037054466359909756,0.09355543711473792,0.09686534226048202,0.42350216642826344,0.37711120919972285,0.3825358533320003,False,1e-24,False
UniGCN,real,,87,base,0.9107610469899823,0.052759796843308615,0.043555269023003704,5.396877536310836,5.74321146477627,0.16875703420399543,0.009775985556154353,0.0075837829218256755,1.86577771956207e-05,5.483483648216027e-06,3.9375534086818545e-06,0.000219305032155343,0.0002338117995922201,0.08507683117095376,0.025003911649103632,0.016840695873985623,False,1e-24,False
UniGCN,real,,87,restart,1934.0566640305578,339.45720523045094,409.8781794232473,2302.3054374735416,2379.3412635386876,0.8400521636055878,0.1474422983611409,0.17226540206916507,0.03962092849759801,0.0352808036709938,0.03705446571067969,0.09355542433554966,0.09686532806322135,0.4235022050190483,0.37711125700690795,0.3825359026967344,False,1e-24,False
UniGCN,real,,88,base,0.8614067657468257,0.0503507501423853,0.040738277355880786,5.150830101932893,5.4786028021749305,0.1672364936718793,0.009775269062648901,0.0074358880953567675,1.764670937917406e-05,5.2331042119279365e-06,3.682887202045639e-06,0.00020930676183237407,0.00022303932012320582,0.084310268931047,0.025002079082943978,0.01651227774551694,False,1e-24,False
UniGCN,real,,88,restart,1934.0565880459328,339.45720235655074,409.8781732421568,2302.3051646074755,2379.3409610243602,0.840052230163708,0.14744231458753013,0.1722654213735281,0.039620926940983126,0.03528080337230075,0.03705446515188682,0.09355541324748975,0.09686531574756489,0.4235022385735249,0.37711129850893355,0.3825359455643784,False,1e-24,False
UniGCN,real,,89,base,0.8150298348292522,0.048069667248693264,0.038113825831504924,4.917420938176942,5.227736120270896,0.16574335308610202,0.009775381821698254,0.007290694280401037,1.6696635320850508e-05,4.996024437247721e-06,3.4456273187403926e-06,0.00019982205445881354,0.00021282629023331714,0.08355752004487545,0.025002367485304176,0.01618985753575379,False,1e-24,False
UniGCN,real,,89,restart,1934.0565223832646,339.45719987888145,409.8781679210955,2302.304927811874,2379.3406985600923,0.8400522880439667,0.1474423286760298,0.17226543813970896,0.03962092559582301,0.035280803114789164,0.03705446467084369,0.09355540362517267,0.09686530506238585,0.4235022677531619,0.3771113345429067,0.3825359827956858,False,1e-24,False
UniGCN,real,,90,base,0.7714321877079926,0.045908720497185675,0.035667998256256724,4.695920585986846,4.989809427086856,0.16427709403988494,0.009776298311811843,0.0071481684375830695,1.580349744574033e-05,4.771430771511113e-06,3.224515684671958e-06,0.00019082126807212183,0.00020314006003866532,0.08281832316389032,0.025004711580198326,0.015873361876816466,False,1e-24,False
UniGCN,real,,90,restart,1934.0564656302438,339.4571977422494,409.87816333956465,2302.304722284945,2379.3404708066823,0.8400523383849774,0.14744234091017794,0.17226545270362303,0.03962092443318522,0.03528080289272259,0.037054464256656774,0.09355539527347495,0.09686529579032004,0.42350229313197757,0.37711136583402893,0.3825360151365967,False,1e-24,False
UniGCN,real,,91,base,0.7304301034652675,0.043860619027243364,0.033387940536536376,4.485646286004531,4.7640726413047245,0.1628372049183304,0.00977799323234446,0.0070082769618291345,1.4963532061971288e-05,4.558565453745201e-06,3.0183902434185796e-06,0.00018227665837720067,0.00019395009298946498,0.08209242036358803,0.025009046656493842,0.015562716144624553,False,1e-24,False
UniGCN,real,,91,restart,1934.0564165692913,339.4571958992353,409.8781593940798,2302.304543868832,2379.3402731418937,0.8400523821749792,0.14744235153565113,0.1722654653564284,0.03962092342812651,0.03528080270117262,0.03705446389997071,0.09355538802343988,0.09686528774319167,0.4235023152081809,0.37711139301066415,0.38253604323366236,False,1e-24,False
UniGCN,real,,92,base,0.6918530899449438,0.0419185685379922,0.03126177527195965,4.285958715200485,4.549823925611981,0.16142318111726858,0.009780441512262997,0.006870985731113701,1.417324648101301e-05,4.3567223319180685e-06,2.8261772351477906e-06,0.00017416224613761165,0.00018522781659694948,0.08137955725383922,0.025015308590334042,0.01525784456714443,False,1e-24,False
UniGCN,real,,92,restart,1934.0563741504875,339.4571943090855,409.87815599574674,2302.304388962595,2379.3401015634404,0.8400524202718312,0.147442360765356,0.17226547635053094,0.03962092255913832,0.03528080253590359,0.03705446359274915,0.09355538172874132,0.09686528075806371,0.42350233441425106,0.37711141661736075,0.3825360676473803,False,1e-24,False
UniGCN,real,,93,base,0.6555428593938961,0.0400762342929519,0.029278523572823463,4.096258969028042,4.346406298715282,0.16003452524620115,0.009783618320025592,0.006736260156230139,1.342939803274871e-05,4.165243017901184e-06,2.6468841286333215e-06,0.00016645369454378652,0.00017694648450510586,0.08067948308120032,0.02502343387040589,0.014958670334911033,False,1e-24,False
UniGCN,real,,93,restart,1934.056337468295,339.4571929367636,409.878153068187,2302.3042544470363,2379.3399526052062,0.8400524534203292,0.14744236878383124,0.17226548590477786,0.03962092180766989,0.035280802393274066,0.037054463328087185,0.09355537626262897,0.09686527469382718,0.42350235112566803,0.377111437126111,0.38253608886372686,False,1e-24,False
UniGCN,real,,94,base,0.6213523885025358,0.03832770709295694,0.02742803345900341,3.915985769399357,4.153204503458286,0.15867074731424274,0.009787499074297129,0.006604065231116036,1.2728974809541434e-05,3.9835133509331936e-06,2.479593148257195e-06,0.00015912819575762352,0.00016908104898866427,0.07999195082265373,0.025033359625346918,0.01466511571278124,False,1e-24,False
UniGCN,real,,94,restart,1934.056305741545,339.4571917521397,409.8781505457616,2302.3041376197643,2379.33982326488,0.8400524822672072,0.147442375751054,0.17226549420895054,0.03962092115771825,0.03528080227015256,0.03705446310005084,0.0935553715152897,0.09686526942825502,0.423502365668475,0.37711145494608644,0.3825361073041343,False,1e-24,False
UniGCN,real,,95,base,0.5891450554982077,0.03666747196237476,0.025700914257765408,3.7446128804590137,3.9696421104163426,0.1573313648982563,0.009792059455256713,0.006474365583316994,1.2069177988799139e-05,3.810960143084824e-06,2.323455343335296e-06,0.00015216436590105302,0.000161608043037583,0.07931671727037122,0.025045023652666178,0.014377102151994758,False,1e-24,False
UniGCN,real,,95,restart,1934.0562782962188,339.4571907292945,409.87814837204877,2302.3040361390786,2379.339710941431,0.8400525073741327,0.14744238180573144,0.1722655014276514,0.03962092059547552,0.035280802163845194,0.03705446290353936,0.09355536739156725,0.09686526485545668,0.4235023783258298,0.3771114704320565,0.3825361233341218,False,1e-24,False
UniGCN,real,,96,base,0.5587938476184409,0.035090379317118656,0.024088476472296838,3.5816467156577017,3.7951788381007256,0.15601590329263643,0.00979727541628152,0.006347125524222139,1.1447405597335754e-05,3.647048182664142e-06,2.1776851520157123e-06,0.00014554214781818447,0.00015450547125992148,0.07865354310722547,0.02505836444862791,0.014094550401728077,False,1e-24,False
UniGCN,real,,96,restart,1934.0562545506386,339.45718984592526,409.8781464985389,2302.30394797547,2379.339613381085,0.840052529228971,0.14744238706814833,0.17226550770366678,0.03962092010902549,0.03528080207203398,0.03705446273416731,0.09355536380899142,0.09686526088367885,0.42350238934368395,0.37711148389167204,0.38253613727076363,False,1e-24,False
UniGCN,real,,97,base,0.5301806328993471,0.03359161840409955,0.022582676641723903,3.4266241210178134,3.6293080725062365,0.15472389564043199,0.009803123195818103,0.00622230909875042,1.0861237593287182e-05,3.491277473699255e-06,2.041555416425432e-06,0.0001392427209971073,0.0001477527089001783,0.07800219297289386,0.025073321238614582,0.013817380619428825,False,1e-24,False
UniGCN,real,,97,restart,1934.056234002717,339.45718908283436,409.8781448835171,2302.303871369693,2379.339528630623,0.840052548255545,0.14744239164263037,0.17226551316087854,0.03962091968808242,0.03528080199272367,0.037054462588163514,0.09355536069607431,0.096865257433404,0.42350239893570263,0.37711149559176554,0.38253614938915426,False,1e-24,False
UniGCN,real,,98,base,0.5031954907643894,0.032166692820827826,0.02117606675754498,3.279110320748343,3.471554570193517,0.1534548830457014,0.009809579329275783,0.0060998801342087355,1.0308422152606905e-05,3.343180691617234e-06,1.9143928097334817e-06,0.00013324841808884323,0.00014133040832950807,0.07736243552050108,0.025089834007546507,0.013545512479311078,False,1e-24,False
UniGCN,real,,98,restart,1934.0562162189842,339.45718842349345,409.8781434911038,2302.3038047965147,2379.339454997016,0.8400525648220968,0.14744239561967618,0.17226551790678302,0.03962091932376631,0.03528080192419639,0.037054462462284325,0.09355535799083728,0.09686525443570729,0.4235024072875307,0.3771115057638041,0.38253615992800205,False,1e-24,False
UniGCN,real,,99,base,0.477736096396241,0.030811397941088555,0.01986174784127611,3.1386970125196987,3.321472330424999,0.15220841466718116,0.009816620660798867,0.005979802288081894,9.786863057357658e-06,3.2023208370269533e-06,1.795573639402649e-06,0.00012754264750781009,0.00013522041241827875,0.07673404346384104,0.025107843529991476,0.013278865278478677,False,1e-24,False
UniGCN,real,,99,restart,1934.0562008251425,339.45718785366734,409.8781422904326,2302.3037469333613,2379.3393910125133,0.8400525792486245,0.14744239907780193,0.17226552203467344,0.03962091900840931,0.035280801864972657,0.03705446235373932,0.0935553556395368,0.09686525183083511,0.4235024145604913,0.37711151460860753,0.3825361690944758,False,1e-24,False
UniGCN,real,,100,base,0.453707154324755,0.029521800088164185,0.01863332732411578,3.0050006007606678,3.178642623083212,0.15098404779350338,0.00982422435479421,0.005862039094549696,9.294608092240342e-06,3.0682890711297703e-06,1.684519994157461e-06,0.00012210982164089025,0.0001294056742506821,0.07611679361529679,0.02512729139964864,0.013017358040221964,False,1e-24,False
UniGCN,real,,100,restart,1934.0561874979253,339.45718736109313,409.87814125494464,2302.3036966331983,2379.339335404458,0.8400525918132415,0.14744240208513867,0.17226552562552852,0.03962091873538902,0.03528080181377794,0.03705446226012747,0.09355535359556254,0.09686524956697636,0.423502420894792,0.37711152230043377,0.38253617706839843,False,1e-24,False
UniGCN,real,,101,base,0.4310198770719133,0.028294217311140683,0.017484879901990488,2.877660557299224,3.0426721602033,0.14978134790033718,0.00983236790710844,0.005746554009559221,8.829838364156605e-06,2.940702717743466e-06,1.5806962051391216e-06,0.0001169352902311847,0.00012387018268602006,0.07551046691464774,0.02514812005793636,0.012760909614106178,False,1e-24,False
UniGCN,real,,101,restart,1934.0561759580926,339.457186935204,409.8781403617833,2302.303652901068,2379.3392870691746,0.8400526027576958,0.14744240470081504,0.1722655287496486,0.03962091849898494,0.03528080176951401,0.03705446217938247,0.0935553518184838,0.09686524759919933,0.4235024264123071,0.37711152899051537,0.38253618400588024,False,1e-24,False
UniGCN,real,,102,base,0.40959150506421765,0.027125201632560766,0.016410911568788867,2.7563378995446595,2.913191399957985,0.1485998886899466,0.00984102915576562,0.00563331045430985,8.39085846717287e-06,2.8192034182476957e-06,1.4836055943801577e-06,0.00011200527853812262,0.00011859889331226107,0.07491484844901233,0.02517027282145581,0.012509438772535143,False,1e-24,False
UniGCN,real,,102,restart,1934.05616596439,339.4571865668921,409.87813959127476,2302.3036148737838,2379.339245049373,0.8400526122921534,0.14744240697615452,0.1722655314680734,0.03962091829425476,0.035280801731234254,0.03705446210972572,0.09355535027322458,0.09686524588853179,0.4235024312189894,0.37711153481012166,0.38253619004246725,False,1e-24,False
UniGCN,real,,103,base,0.3893448643581054,0.0260115226472173,0.015406326557246611,2.640713777208479,2.789852972851785,0.1474392521137543,0.009850186291190671,0.005522271857035634,7.976087422118962e-06,2.7034554269574826e-06,1.3927874861411809e-06,0.00010730682990810188,0.00011357766437485542,0.07432972746422313,0.02519369390813926,0.012262864303534009,False,1e-24,False
UniGCN,real,,103,restart,1934.056157308344,339.45718624830494,409.87813892648086,2302.3035818023577,2379.3392085146006,0.8400526205993516,0.14744240895571253,0.17226553383380927,0.039620918116927695,0.03528080169812253,0.03705446204962595,0.09355534892934933,0.0968652444011652,0.42350243540696353,0.37711153987321155,0.38253619529586635,False,1e-24,False
UniGCN,real,,104,base,0.3702079590279985,0.024950152362331824,0.014466396941085424,2.5304881592924344,2.67233022072013,0.14629902837858552,0.009859817865857271,0.005413401692994016,7.584050326282618e-06,2.593144035517581e-06,1.3078144588346152e-06,0.00010282775241953897,0.00010879319729794915,0.07375489736797479,0.025218328461926405,0.012021105099548983,False,1e-24,False
UniGCN,real,,104,restart,1934.0561498097777,339.4571859726711,409.87813835281713,2302.3035530367874,2379.3391767443227,0.8400526278381999,0.14744241067817482,0.17226553589289365,0.03962091796331267,0.03528080166947508,0.03705446199776468,0.09355534776044486,0.09686524310776587,0.42350243905634194,0.377111544278731,0.38253619986830917,False,1e-24,False
UniGCN,real,,105,base,0.3521135953425507,0.023938251178846095,0.013586734673887687,2.4253786137403632,2.5603158398954733,0.1451788159373308,0.009869902803310808,0.005306663522591953,7.2133706543144685e-06,2.487974115896138e-06,1.2282898172381208e-06,9.855656929336272e-05,0.00010423298144633912,0.07319015572511667,0.025244122575842236,0.01178408024211094,False,1e-24,False
UniGCN,real,,105,restart,1934.0561433129424,339.4571857341496,409.8781378577234,2302.3035280128875,2379.3391491132757,0.8400526341469067,0.14744241217713563,0.17226553768531713,0.03962091783021903,0.035280801644684834,0.03705446195300642,0.09355534674358518,0.09686524198287871,0.42350244223680067,0.37711154811260367,0.3825362038485996,False,1e-24,False
UniGCN,real,,106,base,0.33499903510527196,0.02297315492216428,0.012763265860028095,2.3251191727618097,2.4535206206030566,0.14407822146481863,0.009880420406527568,0.0052020210276003225,6.862763156592084e-06,2.3876687724508966e-06,1.1538452664940184e-06,9.448247278482708e-05,9.988524280503202e-05,0.07263530424548935,0.025271023313377248,0.011551709082253838,False,1e-24,False
UniGCN,real,,106,restart,1934.056137683184,339.4571855277008,409.8781374303803,2302.3035062408762,2379.339125078781,0.8400526396456937,0.14744241348177203,0.17226553924582277,0.03962091771488826,0.03528080162322799,0.03705446191437307,0.09355534585886774,0.09686524100441074,0.423502445008948,0.3771115514494553,0.3825362073138888,False,1e-24,False
UniGCN,real,,107,base,0.31880567576341834,0.02205236283850716,0.01199220707098381,2.2294592773947794,2.351672275289694,0.14299685981973023,0.009891350365581161,0.005099438045425158,6.5310273059565535e-06,2.2919680943543515e-06,1.0841387710183063e-06,9.059528129524888e-05,9.573889627935436e-05,0.0720901487647245,0.02529897872809575,0.01132391131661809,False,1e-24,False
UniGCN,real,,107,restart,1934.0561328040653,339.45718534897554,409.8781370614674,2302.3034872955036,2379.33910416977,0.8400526444391502,0.14744241461742866,0.17226554060459884,0.039620917614935025,0.03528080160465254,0.037054461881022,0.0935553450890123,0.0968652401531843,0.4235024474255115,0.37711155435410953,0.3825362103312134,False,1e-24,False
UniGCN,real,,108,base,0.30347875509603583,0.021173526480151948,0.011270043536686283,2.1381627953871973,2.2545143491751336,0.1419343539934148,0.009902672764595392,0.004998878601420164,6.217041247975615e-06,2.2006280004034457e-06,1.018852582920211e-06,8.688539946309064e-05,9.178350134242455e-05,0.07155449921844056,0.02532793788141912,0.01110060705920436,False,1e-24,False
UniGCN,real,,108,restart,1934.0561285748852,339.4571851942198,409.8781367429535,2302.30347080749,2379.339085977269,0.8400526486182776,0.14744241560612403,0.17226554178788,0.039620917528296384,0.03528080158856831,0.037054461852227195,0.09355534441901298,0.09686523941254965,0.4235024495323684,0.3771115568828829,0.38253621295883056,False,1e-24,False
UniGCN,real,,109,base,0.2889670784803057,0.020334439409304187,0.010593509056420059,2.051007106945757,2.1618052068521356,0.1408903350464831,0.009914368087970733,0.004900306939238786,5.919756213744051e-06,2.1134191689121482e-06,9.576914258749832e-07,8.33437810128716e-05,8.800922077864317e-05,0.07102816961027729,0.025357850858551193,0.010881716908773972,False,1e-24,False
UniGCN,real,,109,restart,1934.0561249085379,339.45718506019193,409.8781364679175,2302.303456456106,2379.33907014616,0.8400526522622676,0.14744241646699008,0.17226554281846815,0.03962091745318789,0.03528080157463839,0.03705446182736295,0.09355534383583672,0.09686523876804959,0.42350245136944215,0.37711155908470884,0.38253621524737463,False,1e-24,False
UniGCN,real,,110,base,0.27522276690664754,0.019533027656239668,0.009959567487262804,1.9677822533308051,2.0733170892527624,0.13986444203406465,0.009926417225877865,0.004803687549236523,5.638191357741458e-06,2.0301260459975784e-06,9.003808216121115e-07,7.996189415786116e-05,8.440678229186122e-05,0.07051097797421499,0.02538866878252901,0.010667162011919619,False,1e-24,False
UniGCN,real,,110,restart,1934.0561217296654,339.45718494409294,409.8781362303941,2302.303443962754,2379.339056368043,0.8400526554400419,0.14744241721665277,0.1722655437161844,0.039620917388065766,0.03528080156257188,0.037054461805889984,0.09355534332816262,0.09686523820712889,0.4235024529714789,0.3771115610021114,0.3825362172408608,False,1e-24,False
UniGCN,real,,111,base,0.2622010240689718,0.01876734087272299,0.009365395680324587,1.888290143670045,1.988835235748552,0.13885632192061484,0.00993880147901802,0.0047089851949448525,5.371428986461984e-06,1.9505459261283087e-06,8.466655472898113e-07,7.673168936852554e-05,8.096744276521273e-05,0.07000274633162558,0.025420343826398285,0.010456864121853888,False,1e-24,False
UniGCN,real,,111,restart,1934.0561189730627,339.45718484350476,409.8781360252411,2302.303433085393,2379.3390443750495,0.8400526582115938,0.14744241786956244,0.1722655444982615,0.03962091733159422,0.03528080155211745,0.03705446178734341,0.09355534288615519,0.0968652377188823,0.4235024543687235,0.37711156267205004,0.3825362189775564,False,1e-24,False
UniGCN,real,,112,base,0.24985992099850127,0.0180355441266025,0.00880836774620074,1.812343815725373,1.908157066564828,0.1378656294851522,0.00995150256265473,0.004616164937647434,5.1186101464402045e-06,1.8744880993120492e-06,7.963082130352125e-07,7.364556933338913e-05,7.768295497639562e-05,0.06950330064349913,0.02545282922352535,0.010250745652983657,False,1e-24,False
UniGCN,real,,112,restart,1934.0561165823012,339.45718475633817,409.8781358480246,2302.303423613712,2379.3390339344805,0.8400526606291507,0.1474424184382803,0.17226554517968345,0.039620917282617275,0.03528080154305796,0.037054461771322406,0.0935553425012683,0.09686523729383643,0.4235024555875058,0.3771115641266523,0.38253622049073527,False,1e-24,False
UniGCN,real,,113,base,0.23816019683897732,0.01733591028794485,0.008286040541206062,1.7397667466788937,1.8310914210677187,0.13689202721779242,0.009964502609926314,0.004525192159097349,4.878930542948094e-06,1.801773059763818e-06,7.490879498475873e-07,7.06963609524521e-05,7.454553658758533e-05,0.06901247075828261,0.02548607927606949,0.010048729731356431,False,1e-24,False
UniGCN,real,,113,restart,1934.056114508539,339.45718468078803,409.8781356949218,2302.303415364942,2379.3390248441615,0.8400526627381858,0.1474424189337269,0.17226554577348113,0.03962091724013435,0.03528080153520581,0.03705446175748136,0.09355534216607508,0.09686523692376059,0.4235024566507505,0.37711156539384966,0.38253622180933394,False,1e-24,False
UniGCN,real,,114,base,0.22706507447902494,0.016666812961145777,0.00779614027520258,1.6703922103086628,1.7574578478294713,0.13593518520842887,0.009977784174452062,0.004436032582420748,4.651636763054565e-06,1.732231771319052e-06,7.047991988976769e-07,6.787728921567974e-05,7.154784124329404e-05,0.06853009035575969,0.025520049361648697,0.009850740241079398,False,1e-24,False
UniGCN,real,,114,restart,1934.0561127094945,339.4571846152936,409.87813556263524,2302.3034081802275,2379.3390169284094,0.840052664578297,0.14744241936539776,0.1722655462909882,0.039620917203279274,0.03528080152839878,0.037054461745522176,0.09355534187412035,0.09686523660150252,0.4235024575784204,0.37711156649792865,0.3825362229585202,False,1e-24,False
UniGCN,real,,115,base,0.2165400898650119,0.016026719921173882,0.0073365501502549255,1.6040626772043762,1.687085942696111,0.1349947810283863,0.009991330232248706,0.00434865229125819,4.436022778942493e-06,1.6657049852427723e-06,6.632505940175558e-07,6.518195283044318e-05,6.868293162245268e-05,0.0680559968873877,0.02555469593824145,0.00965670186682505,False,1e-24,False
UniGCN,real,,115,restart,1934.0561111485608,339.4571845585059,409.87813544832096,2302.303401921477,2379.339010034542,0.84005266618397,0.14744241974155045,0.17226554674206374,0.03962091717130211,0.035280801522496665,0.03705446173518775,0.09355534161979263,0.09686523632084637,0.4235024583879012,0.3771115674600095,0.38253622396018727,False,1e-24,False
UniGCN,real,,116,base,0.20655293391586885,0.015414187015502186,0.006905298947021695,1.5406292549301384,1.6198147313738358,0.1340704996058479,0.010005124182976236,0.004263017747199403,4.231426709388502e-06,1.6020426064390716e-06,6.242639298692453e-07,6.260430147223122e-05,6.594425430289442e-05,0.06759003151349584,0.025589976547373088,0.009466540132547155,False,1e-24,False
UniGCN,real,,116,restart,1934.0561097940388,339.45718450925824,409.87813534952573,2302.3033964686315,2379.339004029847,0.8400526675852429,0.14744242006936695,0.17226554713528502,0.03962091714355348,0.0352808015173782,0.03705446172625631,0.09355534139821331,0.09686523607638932,0.4235024590943361,0.3771115682984615,0.3825362248333821,False,1e-24,False
UniGCN,real,,117,base,0.1970733060509003,0.014827852496389462,0.006500550482788719,1.4799511652775617,1.5554920933190362,0.13316203309582827,0.010019149850534783,0.00417909580557118,4.037227819145531e-06,1.5411031043881458e-06,5.876732089128995e-07,6.013861454254792e-05,6.33256163073496e-05,0.06713203903773345,0.02562584981564248,0.009280181436539667,False,1e-24,False
UniGCN,real,,117,restart,1934.0561086184737,339.4571844665415,409.87813526413237,2302.303391717294,2379.3389987989517,0.8400526688082827,0.14744242035509472,0.1722655474781154,0.039620917119470946,0.035280801512938526,0.037054461718536436,0.09355534120514014,0.09686523586343443,0.4235024597109169,0.37711156902926374,0.3825362255946779,False,1e-24,False
UniGCN,real,,118,base,0.18807277842338843,0.014266431751014738,0.006120593871432317,1.4218952559696048,1.4939742239635108,0.13226908074543064,0.01003339148303601,0.004096853729640925,3.852843737643424e-06,1.4827529654333937e-06,5.533237608723549e-07,5.777948132673431e-05,6.082116321010416e-05,0.06668186783914119,0.02566227545464882,0.0090975530829774,False,1e-24,False
UniGCN,real,,118,restart,1934.0561075980847,339.457184429483,409.8781351903145,2302.3033875766746,2379.338994241547,0.8400526698758871,0.14744242060416893,0.17226554777704967,0.03962091709856734,0.035280801509086926,0.03705446171186303,0.09355534103688384,0.09686523567789798,0.42350246024913685,0.3771115696663176,0.3825362262584972,False,1e-24,False
UniGCN,real,,119,base,0.17952467002748582,0.013728712399568332,0.005763834521424405,1.3663355443752039,1.4351251325331622,0.13139134875509562,0.01004783375217409,0.004016259203300669,3.6777278799529057e-06,1.4268661833113423e-06,5.210714289223248e-07,5.5521782452566294e-05,5.842535869270374e-05,0.06623936980220123,0.025699214259382815,0.008918583310082395,False,1e-24,False
UniGCN,real,,119,restart,1934.0561067122712,339.4571843973272,409.8781351264957,2302.303383967806,2379.3389902704043,0.8400526708079215,0.14744242082131861,0.17226554803774066,0.03962091708042064,0.03528080150574488,0.03705446170609358,0.09355534089023552,0.09686523551622886,0.42350246071901076,0.37711157022171854,0.3825362268373927,False,1e-24,False
UniGCN,real,,120,base,0.17140392991414544,0.013213549733783542,0.005428785813307666,1.313152790978565,1.378816172926951,0.13052855013651135,0.010062461752022602,0.003937280342297871,3.511367054356561e-06,1.373323785064588e-06,4.907818173021385e-07,5.336067255794892e-05,5.613296544557354e-05,0.06580440024520431,0.0257366281051495,0.008743201315063249,False,1e-24,False
UniGCN,real,,120,restart,1934.0561059431814,339.45718436942053,409.8781350713152,2302.303380821994,2379.3389868096615,0.8400526716216971,0.14744242101065924,0.17226554826510898,0.039620917064665126,0.035280801502844454,0.037054461701105074,0.09355534076240375,0.0968652353753386,0.42350246112926593,0.3771115707059926,0.3825362273422912,False,1e-24,False
UniGCN,real,,121,base,0.16368702881422717,0.012719862470573407,0.005114061402923827,1.2622341005160964,1.3249256053146001,0.12968040456782112,0.010077260997284551,0.0038598857040803482,3.3532792421485594e-06,1.3220133897045529e-06,4.623295954998172e-07,5.129156408290042e-05,5.393902732022875e-05,0.06537681784725445,0.02577447994309235,0.008571337275976977,False,1e-24,False
UniGCN,real,,121,restart,1934.0561052753465,339.45718434519716,409.8781350235983,2302.303378079471,2379.338983793332,0.8400526723323024,0.1474424211757725,0.1722655484634383,0.03962091705098392,0.03528080150032684,0.03705446169679129,0.09355534065095984,0.09686523525254086,0.4235024614875091,0.3771115711283006,0.38253622778270513,False,1e-24,False
UniGCN,real,,122,base,0.1563518585239765,0.012246628797435077,0.004818368101113453,1.213472548849752,1.2733381862880109,0.128846638246726,0.01009221742102335,0.003784044296323025,3.2030115364536996e-06,1.2728287971985196e-06,4.3559785455125593e-07,4.931011210734902e-05,5.18388526439347e-05,0.06495648457421238,0.025812733794389836,0.008402922370663661,False,1e-24,False
UniGCN,real,,122,restart,1934.0561046953608,339.45718432416726,409.8781349823311,2302.3033756882314,2379.3389811640122,0.8400526729528901,0.14744242131977622,0.17226554863645863,0.03962091703910237,0.03528080149814115,0.037054461693060585,0.09355534055379054,0.09686523514549866,0.42350246180037093,0.3771115714966171,0.38253622816691746,False,1e-24,False
UniGCN,real,,123,base,0.1493776384602646,0.011792882688116254,0.004540499284659204,1.1667668337890345,1.2239447855637464,0.1280269837420438,0.010107317371903074,0.0037097255842042415,3.0601382279256114e-06,1.2256696055458138e-06,4.1047751136572863e-07,4.7412200162096566e-05,4.9827998615287185e-05,0.06454326560386082,0.025851354743196855,0.008237888792904368,False,1e-24,False
UniGCN,real,,123,restart,1934.0561041916021,339.45718430590654,409.8781349466377,2302.303373603016,2379.338978871757,0.8400526734949265,0.14744242144538455,0.1722655487874179,0.03962091702878241,0.035280801496243255,0.03705446168983378,0.0935553404690567,0.09686523505217869,0.42350246207363207,0.3771115718178839,0.38253622850214053,False,1e-24,False
UniGCN,real,,124,base,0.14274482884074985,0.011357710468718396,0.00427932879695052,1.1220209482061503,1.1766420273834888,0.12722117984424935,0.010122547610966376,0.0036368994964989547,2.924259026162564e-06,1.1804408538826302e-06,3.868667573239778e-07,4.559392694567639e-05,4.7902256705271606e-05,0.06413702925055607,0.025890308928403664,0.008076169765951827,False,1e-24,False
UniGCN,real,,124,restart,1934.0561037539956,339.45718429004745,409.87813491576213,2302.3033717844323,2379.338976873105,0.8400526739684087,0.14744242155496062,0.17226554891914495,0.039620917019817646,0.03528080149459497,0.03705446168704251,0.09355534039515756,0.09686523497081159,0.4235024623123324,0.3771115720981452,0.38253622879465615,False,1e-24,False
UniGCN,real,,125,base,0.13643504998785064,0.010940247615953209,0.004033805300237127,1.079143873910696,1.1313319548971577,0.12642897141548454,0.010137895307978706,0.0035655364305552696,2.7949974065751735e-06,1.137052689715242e-06,3.646705477015619e-07,4.385159388478589e-05,4.6057638993968906e-05,0.06373764688961249,0.025929563534285518,0.00791769955358142,False,1e-24,False
UniGCN,real,,125,restart,1934.056103373806,339.45718427627196,409.8781348890509,2302.303370198187,2379.3389751302325,0.8400526743820551,0.1474424216505624,0.1722655490341036,0.03962091701202911,0.03528080149316324,0.03705446168462772,0.09355534033069964,0.09686523489985753,0.4235024625208673,0.3771115723426646,0.3825362290499356,False,1e-24,False
UniGCN,real,,126,base,0.1304310072954725,0.010539675770684275,0.0038029470444400416,1.0380492948626963,1.087921715940304,0.12565010923948916,0.010153348037366923,0.003495607256219817,2.671999073260839e-06,1.0954200585284427e-06,3.4380012875050304e-07,4.2181693480543553e-05,4.429036537824359e-05,0.0633449928816468,0.02596908678011491,0.007762413468807942,False,1e-24,False
UniGCN,real,,126,restart,1934.056103043457,339.45718426430415,409.8781348659402,2302.3033688144264,2379.3389736102176,0.8400526747434685,0.147442421733982,0.17226554913444053,0.03962091700526161,0.035280801491919395,0.037054461682538425,0.09355534027446977,0.09686523483797624,0.4235024627030695,0.3771115725560259,0.3825362292727457,False,1e-24,False
UniGCN,real,,127,base,0.12471642143412719,0.010155219951185646,0.003585837020326995,0.998655328406517,1.0463232687344384,0.12488434987187048,0.010168893773780396,0.003427083318776023,2.5549305291914553e-06,1.0554624141511673e-06,3.2417259952886464e-07,4.0580898387033895e-05,4.259685159051398e-05,0.06295894449709342,0.026008847908808273,0.007610247880410385,False,1e-24,False
UniGCN,real,,127,restart,1934.0561027563792,339.4571842539049,409.87813484594227,2302.303367607153,2379.338972284399,0.8400526750592806,0.14744242180678044,0.17226554922202575,0.03962091699938056,0.03528080149083857,0.037054461680730545,0.09355534022541157,0.09686523478400084,0.4235024628622824,0.3771115727422215,0.3825362294672392,False,1e-24,False
UniGCN,real,,128,base,0.11927596340371269,0.009786145951743595,0.003381618467458042,0.960884273303875,1.0064531061468547,0.12413145549109454,0.010184520887302288,0.003359936440957856,2.4434777457099106e-06,1.0171034483853837e-06,3.0571050580283295e-07,3.904605117249279e-05,4.097369797309785e-05,0.06257938184108346,0.026048817174677937,0.0074611402174037025,False,1e-24,False
UniGCN,real,,128,restart,1934.0561025068723,339.4571842448674,409.8781348286363,2302.3033665537287,2379.338971127824,0.8400526753352761,0.14744242187031764,0.17226554929848897,0.03962091699426918,0.035280801489899274,0.03705446167916602,0.09355534018260508,0.09686523473691555,0.4235024630014222,0.3771115729047298,0.3825362296370349,False,1e-24,False
UniGCN,real,,129,base,0.11409519407405888,0.009431757913325381,0.0031894907096872292,0.9246623734325627,0.9682319972460792,0.12339119375054797,0.01020021813833788,0.00329413892409983,2.3373449239625954e-06,9.802708385184242e-07,2.883414635610478e-07,3.7574154717077606e-05,3.941767895668007e-05,0.06220618777886341,0.02608896583035804,0.007315028971592527,False,1e-24,False
UniGCN,real,,129,restart,1934.0561022899929,339.45718423701175,409.87813481365816,2302.3033656344346,2379.338970118767,0.8400526755765022,0.1474424219257783,0.17226554936525024,0.0396209169898262,0.03528080148908281,0.03705446167781194,0.09355534014524908,0.09686523469583584,0.42350246312303347,0.3771115730465808,0.3825362297852863,False,1e-24,False
UniGCN,real,,130,base,0.10916050788162439,0.009091396054048361,0.0030087052931869734,0.8899195960990786,0.9315847449809206,0.1226633376319888,0.010215974672206429,0.0032296635484822082,2.2362533414744817e-06,9.448960114438455e-07,2.719978098780781e-07,3.616236320448123e-05,3.792573319518779e-05,0.06183924786191423,0.026129266112972237,0.007171853698337743,False,1e-24,False
UniGCN,real,,130,restart,1934.05610210145,339.45718423018224,409.87813480069354,2302.3033648320948,2379.338969238305,0.8400526757873628,0.1474424219741948,0.17226554942354738,0.039620916985963726,0.035280801488373,0.037054461676639894,0.09355534011264556,0.09686523465999135,0.42350246322933627,0.37711157317041505,0.382536229914742,False,1e-24,False
UniGCN,real,,131,base,0.10445908037667737,0.008764434548111382,0.002838562403960498,0.8565894239887631,0.896439958895925,0.1219476653006723,0.010231780013462265,0.0031664835729283344,2.1399402776049098e-06,9.109139232124179e-07,2.5661627904462475e-07,3.480797366771357e-05,3.649495431281269e-05,0.06147845025491471,0.0261696912296088,0.007031555015662304,False,1e-24,False
UniGCN,real,,131,restart,1934.056101937522,339.4571842242439,409.87813478947055,2302.3033641317456,2379.3389684699564,0.8400526759717007,0.1474424220164667,0.17226554947445946,0.03962091698260552,0.035280801487755815,0.037054461675625296,0.0935553400841865,0.09686523462871113,0.42350246332226804,0.37711157327853334,0.3825362300277984,False,1e-24,False
UniGCN,real,,132,base,0.09997881933911025,0.008450279542704746,0.0026784075436400764,0.8246086598467,0.8627298418743402,0.12124395996241048,0.010247624059970104,0.0031045727337089104,2.0481580121101197e-06,8.782628529236399e-07,2.421377020476928e-07,3.350841805220448e-05,3.5122582222106796e-05,0.06112368566367978,0.026210215342167137,0.0068940746018180555,False,1e-24,False
UniGCN,real,,132,restart,1934.0561017949772,339.4571842190797,409.87813477975425,2302.30336352035,2379.338967799365,0.8400526761328697,0.1474424220533782,0.17226554951892706,0.03962091697968535,0.03528080148721908,0.03705446167474691,0.09355534005934212,0.0968652346014107,0.42350246340351944,0.37711157337294143,0.382536230126544,False,1e-24,False
UniGCN,real,,133,base,0.0957083192029041,0.008148367303201853,0.00252762844404946,0.7939172430470683,0.8303899899720464,0.12055200972279413,0.010263497076758624,0.003043905242805911,1.9606728914865113e-06,8.468842099499538e-07,2.2850672763590698e-07,3.226125576200042e-05,3.3805994975024516e-05,0.06077484726418895,0.02625081355163718,0.006759355191430548,False,1e-24,False
UniGCN,real,,133,restart,1934.0561016710112,339.45718421458776,409.8781347713415,2302.303362986545,2379.338967214024,0.8400526762737974,0.1474424220856127,0.17226554955777032,0.039620916977145794,0.03528080148675222,0.037054461673986364,0.09355534003765065,0.09686523457758088,0.42350246347456644,0.37711157345538715,0.3825362302128001,False,1e-24,False
UniGCN,real,,134,base,0.09163681854934087,0.007858162477659867,0.0023856522025506336,0.7644580772681876,0.7993592044727625,0.11987160744877944,0.010279389689675634,0.002984455785586594,1.8772644581800282e-06,8.167223535611022e-07,2.1567156334452618e-07,3.106416665724685e-05,3.254270111150484e-05,0.06043183063280689,0.02629146188187128,0.006627340570333901,False,1e-24,False
UniGCN,real,,134,restart,1934.0561015631895,339.45718421068,409.8781347640567,2302.303362520429,2379.3389667030347,0.8400526763970393,0.14744242211376601,0.17226554959170456,0.039620916974936964,0.035280801486346075,0.03705446167332779,0.09355534001870977,0.09686523455677801,0.42350246353669735,0.3771115735273945,0.38253623028815514,False,1e-24,False
UniGCN,real,,135,base,0.08775416044751766,0.007579156472324249,0.00225194262161,0.7361768685456015,0.7695793153566376,0.11920255063281963,0.01029529287886715,0.002926199517935857,1.7977246381251353e-06,7.877244240854513e-07,2.0358373498263153e-07,2.9914944473387847e-05,3.133033247270369e-05,0.06009453367778704,0.026332137262905706,0.006497975569202857,False,1e-24,False
UniGCN,real,,135,restart,1934.056101469398,339.45718420727997,409.8781347577481,2302.30336211337,2379.3389662568998,0.8400526765048268,0.1474424221383578,0.1722655496213536,0.03962091697301556,0.0352808014859927,0.03705446167275747,0.09355534000216872,0.09686523453861541,0.42350246359103716,0.37711157359029257,0.38253623035399437,False,1e-24,False
UniGCN,real,,136,base,0.08405075543767253,0.007310865930447171,0.0021259977373180175,0.70902197302656,0.7409950154314892,0.11854464125969194,0.010311197972101924,0.0028691120628929288,1.7218569824242257e-06,7.598401848090342e-07,1.9219786320238793e-07,2.8811490634587346e-05,3.0166637448313175e-05,0.059762856572134,0.02637281751388692,0.006371206056084154,False,1e-24,False
UniGCN,real,,136,restart,1934.0561013878018,339.45718420432115,409.8781347522841,2302.303361757845,2379.338965867343,0.8400526765991079,0.14744242215984094,0.17226554964726126,0.03962091697134399,0.03528080148568518,0.037054461672263506,0.09355533998772177,0.09686523452275618,0.4235024636385678,0.37711157364523973,0.38253623041152546,False,1e-24,False
UniGCN,real,,137,base,0.08051754696842986,0.007052831307296653,0.0020073475227891384,0.6829442537964503,0.7135537044288114,0.1178976856761546,0.0103270966379618,0.0028131695068361936,1.6494759592978216e-06,7.330218738719839e-07,1.8147145587811507e-07,2.7751808435793826e-05,2.9049474629556363e-05,0.05943670168789269,0.026413481325654593,0.006246978927924468,False,1e-24,False
UniGCN,real,,137,restart,1934.056101316806,339.4571842017459,409.8781347475514,2302.3033614472924,2379.33896552715,0.8400526766815837,0.14744242217861053,0.17226554966990243,0.03962091696988958,0.035280801485417526,0.03705446167183566,0.09355533997510229,0.09686523450890658,0.423502463680147,0.3771115736932465,0.38253623046180285,False,1e-24,False
UniGCN,real,,138,base,0.07714597911341187,0.0068046155347565975,0.0018955517534645571,0.6578969461914562,0.6872053424156002,0.11726149446354386,0.010342980878917728,0.0027583483952576537,1.5804062927296879e-06,7.072240654764172e-07,1.7136471512195713e-07,2.6733997569647537e-05,2.797680684143824e-05,0.059115973531919636,0.026454108243032255,0.006125242101187111,False,1e-24,False
UniGCN,real,,138,restart,1934.0561012550265,339.4571841995041,409.8781347434516,2302.303361175993,2379.3389652300293,0.8400526767537404,0.1474424221950112,0.17226554968969102,0.039620916968623965,0.03528080148518453,0.03705446167146502,0.09355533996407789,0.0968652344968105,0.42350246371652395,0.37711157373519427,0.38253623050574576,False,1e-24,False
UniGCN,real,,139,base,0.0739279664058595,0.006565802769400049,0.0017901980223471374,0.6338355310522239,0.6619023119183208,0.11663588231340145,0.010358843024309833,0.002704625728166438,1.5144823445013128e-06,6.824035397699394e-07,1.6184035785396154e-07,2.5756248976074765e-05,2.694669552967651e-05,0.05880057868318211,0.026494678646872483,0.006005944501644964,False,1e-24,False
UniGCN,real,,139,restart,1934.0561012012604,339.45718419755224,409.8781347398998,2302.3033609389568,2379.3389649704995,0.8400526768168758,0.1474424222093435,0.17226554970698835,0.03962091696752252,0.035280801484981666,0.03705446167114392,0.0935553399544458,0.09686523448624479,0.4235024637483529,0.37711157377185184,0.38253623054415653,False,1e-24,False
UniGCN,real,,140,base,0.0708558656420511,0.006335997218363643,0.0016908998941232603,0.6107176154108404,0.6375992881972782,0.11602066790620592,0.010374675723249455,0.0026519789551585613,1.451547536559023e-06,6.585191608152614e-07,1.5286344892803682e-07,2.4816839993938817e-05,2.595729547944333e-05,0.05849042573162192,0.026535173735902553,0.005889036053432291,False,1e-24,False
UniGCN,real,,140,restart,1934.0561011544628,339.4571841958526,409.87813473682235,2302.303360731834,2379.3389647437784,0.8400526768721233,0.14744242222186968,0.1722655497221097,0.03962091696656383,0.03528080148480502,0.03705446167086571,0.09355533994602926,0.09686523447701476,0.42350246377620526,0.3771115738038899,0.38253623057773534,False,1e-24,False
UniGCN,real,,141,base,0.06792244951548951,0.006114822037762082,0.0015972951879771934,0.5885028201382146,0.6142531171484884,0.11541567379326641,0.01039047193745982,0.00260038597018803,1.3914538108860707e-06,6.355317620991176e-07,1.4440124589217802e-07,2.3914129795530686e-05,2.5006849844630203e-05,0.058185425218613626,0.026575575508413114,0.00577446766743336,False,1e-24,False
UniGCN,real,,141,restart,1934.0561011137258,339.4571841943724,409.87813473415576,2302.3033605508285,2379.338964545695,0.8400526769204737,0.1474424222328186,0.17226554973533031,0.039620916965729294,0.03528080148465118,0.03705446167062464,0.093555339938674,0.09686523446895058,0.42350246380058054,0.37711157383189375,0.3825362306070933,False,1e-24,False
UniGCN,real,,142,base,0.06512088195412426,0.005901918298761375,0.0015090443796861503,0.56715267411122,0.5918227003461415,0.11482072628181579,0.01040622493407127,0.0025498251060723934,1.334061124262961e-06,6.134040390731617e-07,1.3642305453209714e-07,2.304655508599374e-05,2.4093685467813266e-05,0.05788548957903562,0.026615866743830638,0.005662191229081354,False,1e-24,False
UniGCN,real,,142,restart,1934.0561010782603,339.45718419308304,409.878134731845,2302.303360392629,2379.3389643726136,0.8400526769627922,0.14744242224238982,0.17226554974689035,0.03962091696500275,0.03528080148451717,0.03705446167041574,0.09355533993224549,0.09686523446190427,0.42350246382191487,0.37711157385637395,0.3825362306327637,False,1e-24,False
UniGCN,real,,143,base,0.06244469504236668,0.00569694401678027,0.0014258291143041065,0.546630514488867,0.5702688867721027,0.11423565532333352,0.010421928278386106,0.002500275128763797,1.2792369754937194e-06,5.921004482559662e-07,1.289000944124759e-07,2.22126260509922e-05,2.3216208472454617e-05,0.0575905330849694,0.026656030984212153,0.0055521595856365714,False,1e-24,False
UniGCN,real,,143,restart,1934.0561010473807,339.4571841919597,409.87813472984215,2302.3033602543474,2379.3389642213606,0.8400526769998354,0.14744242225075768,0.17226554975699937,0.03962091696437015,0.035280801484400416,0.03705446167023468,0.09355533992662633,0.09686523445574662,0.4235024638405898,0.37711157387777633,0.38253623065521203,False,1e-24,False
UniGCN,real,,144,base,0.05988776741839788,0.005499573239613446,0.0013473508214049777,0.5269013927145503,0.5495543708098319,0.11366029440510927,0.010437575826626917,0.0024517152314146827,1.2268559628548879e-06,5.715871124589344e-07,1.2180537368995453e-07,2.1410922537061656e-05,2.2372900110134203e-05,0.05730047179103271,0.026696052515697746,0.005444326533008592,False,1e-24,False
UniGCN,real,,144,restart,1934.056101020491,339.45718419098097,409.8781347281063,2302.3033601334614,2379.338964089169,0.8400526770322642,0.14744242225807425,0.17226554976584058,0.03962091696381929,0.03528080148429869,0.03705446167007775,0.09355533992171407,0.09686523445036496,0.42350246385693835,0.3771115738964898,0.38253623067484493,False,1e-24,False
UniGCN,real,,145,base,0.05744430404533239,0.005309495190569853,0.0012733294254656485,0.5079319858871759,0.5296435961087878,0.11309448044504952,0.010453161718681802,0.00240412502826544,1.1767993696892195e-06,5.518317317301033e-07,1.151135725271065e-07,2.0640090450127022e-05,2.1562312846774966e-05,0.057015223481347535,0.0267359163499551,0.005338646802183089,False,1e-24,False
UniGCN,real,,145,restart,1934.0561009970725,339.457184190128,409.87813472660156,2302.3033600277713,2379.3389639736233,0.840052677060656,0.14744242226447227,0.17226554977357375,0.03962091696333954,0.03528080148421004,0.03705446166994171,0.0935553399174193,0.09686523444566097,0.42350246387125173,0.37711157391285394,0.3825362306920174,False,1e-24,False
UniGCN,real,,146,base,0.055108817262235675,0.0051264134629966625,0.0012035021445309017,0.4896905131679072,0.5105026649520032,0.11253805368971836,0.010468680370858841,0.0023574845483794946,1.128954776218354e-06,5.328034996386058e-07,1.0880093448741528e-07,1.9898838358645504e-05,2.0783066672907518e-05,0.05673470761813862,0.026775608205647703,0.005235076045309834,False,1e-24,False
UniGCN,real,,146,restart,1934.0561009766757,339.4571841893846,409.8781347252972,2302.3033599353575,2379.3389638726167,0.8400526770855162,0.14744242227006768,0.17226554978033845,0.03962091696292169,0.035280801484132776,0.03705446166982379,0.093555339913664,0.0968652344415489,0.42350246388378476,0.37711157392716527,0.38253623070703924,False,1e-24,False
UniGCN,real,,147,base,0.0528761090278525,0.004950045262815692,0.0011376223708195658,0.47214665691148944,0.49209925278422745,0.11199085761559226,0.0104841264686613,0.0023117742292496093,1.0832156957892729e-06,5.144730245492139e-07,1.028451653380328e-07,1.91859342887354e-05,2.0033845624026524e-05,0.0564588452919522,0.02681511448995609,0.005133570821504732,False,1e-24,False
UniGCN,real,,147,restart,1934.0561009589078,339.45718418873645,409.8781347241662,2302.303359854542,2379.3389637843093,0.8400526771072861,0.14744242227496168,0.17226554978625663,0.0396209169625577,0.03528080148406541,0.03705446166972155,0.09355533991038002,0.09686523443795382,0.42350246389475976,0.3771115739396826,0.3825362307201813,False,1e-24,False
UniGCN,real,,148,base,0.050741254276233924,0.004780120695936411,0.0010754586274077575,0.4552714882317607,0.47440252758095863,0.11145273883350139,0.010499494959594395,0.002266974910297514,1.0394812338990185e-06,4.968122555610387e-07,9.722533873018168e-08,1.850020269949046e-05,1.9313394498024593e-05,0.05618755917348129,0.026854422280179778,0.00503408858241497,False,1e-24,False
UniGCN,real,,148,restart,1934.0561009434289,339.4571841881714,409.8781347231856,2302.3033597838626,2379.338963707097,0.8400526771263521,0.14744242227924267,0.17226554979143474,0.0396209169622406,0.03528080148400669,0.0370544616696329,0.09355533990750793,0.09686523443481042,0.4235024639043717,0.37711157395063205,0.38253623073167986,False,1e-24,False
UniGCN,real,,149,base,0.0486995853092947,0.004616382097629294,0.0010167935955643162,0.43903739673014447,0.4573830737600033,0.11092354699622099,0.01051478104601364,0.0022230678262874348,9.976557684618871e-07,4.79794412807295e-07,9.192180826677043e-08,1.7840521627459243e-05,1.862051575755682e-05,0.05592077346697896,0.02689351930544561,0.004936587657592971,False,1e-24,False
UniGCN,real,,149,restart,1934.0561009299413,339.4571841876786,409.8781347223354,2302.3033597220406,2379.338963639578,0.8400526771430512,0.1474424222829878,0.17226554979596578,0.0396209169619643,0.035280801483955467,0.03705446166955604,0.09355533990499576,0.09686523443206167,0.4235024639127903,0.3771115739602109,0.3825362307417416,False,1e-24,False
UniGCN,real,,150,base,0.04674667715673065,0.004458583401146589,0.0009614232077184098,0.42341802413376106,0.44101282035698425,0.11040313470917101,0.010529980178023994,0.0021800346006725425,9.57648649893879e-07,4.6339392183416774e-07,8.691612550339373e-08,1.7205819989993947e-05,1.7954066605994948e-05,0.05565841386523862,0.02693239392854596,0.0048410272397213915,False,1e-24,False
UniGCN,real,,150,restart,1934.0561009181893,339.4571841872489,409.87813472159786,2302.3033596679606,2379.338963580529,0.8400526771576791,0.14744242228626447,0.17226554979993106,0.03962091696172355,0.035280801483910815,0.037054461669489364,0.09355533990279818,0.09686523442965772,0.4235024639201648,0.3771115739685916,0.38253623075054694,False,1e-24,False
UniGCN,real,,151,base,0.044878333838709886,0.004306489543065979,0.0009091558014126692,0.408388201606385,0.4252649732046147,0.10989135744417214,0.010545088046438432,0.0021378572388919327,9.193739196913021e-07,4.4758635179639774e-07,8.219096346264427e-08,1.659507503784733e-05,1.7312956226378762e-05,0.05540040750611519,0.02697103512792898,0.004747367369728262,False,1e-24,False
UniGCN,real,,151,restart,1934.0561009079472,339.4571841868741,409.8781347209584,2302.303359620648,2379.3389635288822,0.8400526771704938,0.14744242228913165,0.17226554980340153,0.03962091696151373,0.03528080148387185,0.037054461669431556,0.09355533990087561,0.09686523442755514,0.42350246392662516,0.37711157397592493,0.38253623075825355,False,1e-24,False
UniGCN,real,,152,base,0.043090575471361504,0.004159875903007073,0.0008598113299395947,0.3939238905109057,0.41011395087265107,0.10938807345620627,0.010560100575803762,0.0020965181216344043,8.827500462748541e-07,4.3234835722534014e-07,7.773004527279698e-08,1.6007309948023313e-05,1.669614317346842e-05,0.05514668293056085,0.027009432479860825,0.004655568921828401,False,1e-24,False
UniGCN,real,,152,restart,1934.056100899021,339.4571841865471,409.8781347204036,2302.3033595792517,2379.338963483704,0.8400526771817209,0.14744242229164067,0.17226554980643927,0.03962091696133086,0.03528080148383787,0.037054461669381394,0.09355533989919346,0.09686523442571589,0.4235024639322852,0.37711157398234224,0.3825362307649992,False,1e-24,False
UniGCN,real,,153,base,0.04137962615934327,0.004018527775532496,0.000813220625676747,0.3800021264163169,0.3955353241413436,0.10889314370312027,0.010575013917500922,0.002055999998083975,8.47699676957744e-07,4.1765762314206246e-07,7.351807757065345e-08,1.544159154847076e-05,1.6102632909648972e-05,0.05489717004214472,0.02704757614077836,0.004565593588524281,False,1e-24,False
UniGCN,real,,153,restart,1934.0561008912396,339.4571841862618,409.8781347199224,2302.3033595430275,2379.3389634441814,0.8400526771915586,0.14744242229383664,0.17226554980909847,0.039620916961171454,0.03528080148380822,0.037054461669337894,0.09355533989772147,0.09686523442410688,0.4235024639372447,0.3771115739879588,0.38253623077090426,False,1e-24,False
UniGCN,real,,154,base,0.03974190262370887,0.0038822398721952405,0.0007692247124294887,0.36660096615562104,0.381505758795991,0.1084064317682091,0.01058982444292643,0.0020162859791608783,8.141494049770992e-07,4.0349281330363586e-07,6.954068833484552e-08,1.4897028166752857e-05,1.5531475476040296e-05,0.05465180006802399,0.027085456829849454,0.004477403865596852,False,1e-24,False
UniGCN,real,,154,restart,1934.056100884456,339.4571841860128,409.87813471950494,2302.303359511326,2379.338963409602,0.8400526772001791,0.14744242229575866,0.17226554981142658,0.03962091696103249,0.03528080148378234,0.037054461669300154,0.09355533989643326,0.09686523442269912,0.42350246394159063,0.37711157399287476,0.3825362307760741,False,1e-24,False
UniGCN,real,,155,base,0.03817400351694016,0.003750815851833033,0.0007276741633607813,0.3536994377534894,0.3680029615439702,0.10792780378561277,0.010604528736760849,0.0019773595307706142,7.820295506025795e-07,3.898335213852218e-07,6.57843688403733e-08,1.4372767595330545e-05,1.4981763290726073e-05,0.05441050552133375,0.027123065811755817,0.004390963037114248,False,1e-24,False
UniGCN,real,,155,restart,1934.0561008785419,339.4571841857955,409.87813471914274,2302.30335948358,2379.338963379345,0.8400526772077341,0.14744242229744114,0.172265549813465,0.03962091696091133,0.035280801483759755,0.03705446166926741,0.09355533989530579,0.09686523442146733,0.4235024639453994,0.37711157399717804,0.3825362307806007,False,1e-24,False
UniGCN,real,,156,base,0.03667269938038011,0.0036240678773395312,0.0006884285013375591,0.3412774930541101,0.35500562886842724,0.10745712836845528,0.010619123590329849,0.0019392044670725648,7.512739554051608e-07,3.7666022491397566e-07,6.22364194477545e-08,1.3867995166569552e-05,1.4452629066537124e-05,0.05417322016495909,0.027160394879712668,0.00430623516048395,False,1e-24,False
UniGCN,real,,156,restart,1934.056100873385,339.4571841856058,409.87813471882856,2302.3033594592935,2379.3389633528664,0.8400526772143558,0.1474424222989141,0.17226554981525002,0.03962091696080569,0.035280801483740035,0.03705446166923901,0.09355533989431888,0.09686523442038936,0.4235024639487377,0.3771115740009454,0.38253623078456456,False,1e-24,False
UniGCN,real,,157,base,0.03523492320242451,0.0035018161972618254,0.0006513556387541064,0.3293159628904587,0.34249339864474304,0.10699427653965503,0.010633605995062693,0.0019018049437785976,7.218197888330129e-07,3.639542417832226e-07,5.8884898961037475e-08,1.3381931931019494e-05,1.3943243841310052e-05,0.05393987897665398,0.0271974363387376,0.004223185051571534,False,1e-24,False
UniGCN,real,,157,restart,1934.0561008688878,339.4571841854402,409.8781347185559,2302.3033594380327,2379.338963329693,0.8400526772201601,0.14744242230020377,0.1722655498168132,0.039620916960713556,0.035280801483722826,0.037054461669214354,0.09355533989345494,0.09686523441944594,0.4235024639516638,0.37711157400424394,0.3825362307880357,False,1e-24,False
UniGCN,real,,158,base,0.03385776153871978,0.0033838887506848813,0.0006163313541062652,0.31779651464629644,0.330446804357,0.10653912166533054,0.010647973136052506,0.0018651454514912126,6.9360736630059e-07,3.5169768918691454e-07,5.571857730822174e-08,1.291383293292277e-05,1.3452815113994457e-05,0.05371041811546859,0.027234182989179748,0.004141778269907226,False,1e-24,False
UniGCN,real,,158,restart,1934.0561008649656,339.45718418529555,409.87813471831913,2302.3033594194185,2379.338963309409,0.8400526772252483,0.14744242230133298,0.1722655498181823,0.03962091696063321,0.03528080148370779,0.037054461669192955,0.09355533989269854,0.09686523441862016,0.423502463954229,0.37711157400713213,0.382536230791076,False,1e-24,False
UniGCN,real,,159,base,0.03253844615829244,0.0032701207939667635,0.0005832388027874538,0.30670161207158564,0.31884723176202956,0.1060915393907281,0.010662222385722255,0.0018292108090897648,6.665799780519141e-07,3.3987344482510425e-07,5.2726891315453686e-08,1.2462985577292276e-05,1.298058508040361e-05,0.05348477488944796,0.02727062811051937,0.004061981103999222,False,1e-24,False
UniGCN,real,,159,restart,1934.056100861545,339.4571841851693,409.8781347181138,2302.3033594031212,2379.3389632916533,0.8400526772297091,0.14744242230232188,0.1722655498193815,0.039620916960563135,0.03528080148369467,0.03705446166917439,0.0935553398920363,0.09686523441789731,0.42350246395647784,0.37711157400966144,0.382536230793739,False,1e-24,False
UniGCN,real,,160,base,0.03127434618201532,0.0031603545479843105,0.0005519680597598081,0.29601447722076846,0.30767687785827075,0.10565140757859226,0.01067635129759991,0.0017939861571725532,6.406837281098288e-07,3.284651102411325e-07,4.989990336284824e-08,1.2028708083252813e-05,1.2525828962796233e-05,0.05326288772456224,0.027306765445446635,0.0039837605567710635,False,1e-24,False
UniGCN,real,,160,restart,1934.0561008585603,339.45718418505896,409.8781347179355,2302.303359388848,2379.338963276109,0.8400526772336204,0.147442422303188,0.17226554982043196,0.03962091696050199,0.035280801483683205,0.03705446166915827,0.0935553398914563,0.0968652344172645,0.4235024639584497,0.37711157401187667,0.38253623079607163,False,1e-24,False
UniGCN,real,,161,base,0.030062960682116117,0.003054438864637943,0.0005224156919222988,0.2857190543915182,0.2969187120256636,0.1052186062499042,0.010690357600205667,0.0017594569515616946,6.158673826701303e-07,3.1745697616047423e-07,4.722826272502443e-08,1.161034801867277e-05,1.2087853427843265e-05,0.05304469613483065,0.027342589184227068,0.003907084331138434,False,1e-24,False
UniGCN,real,,161,restart,1934.0561008559569,339.4571841849626,409.8781347177807,2302.30335937635,2379.338963262499,0.8400526772370501,0.14744242230394658,0.17226554982135228,0.03962091696044866,0.03528080148367319,0.03705446166914428,0.09355533989094843,0.09686523441671041,0.4235024639601787,0.3771115740138169,0.38253623079811533,False,1e-24,False
UniGCN,real,,162,base,0.028901911713565098,0.0029522289114471164,0.0004944843581536212,0.2757999759491951,0.2865564392111953,0.10479301752690906,0.01070423919105397,0.0017256089568770108,5.920822273431387e-07,3.0683398970979944e-07,4.470316941354011e-08,1.1207280911422451e-05,1.1665995087875146e-05,0.05283014069359938,0.02737809394936059,0.003831920815739207,False,1e-24,False
UniGCN,real,,162,restart,1934.056100853685,339.4571841848785,409.8781347176464,2302.3033593654022,2379.3389632505814,0.8400526772400578,0.14744242230461113,0.1722655498221587,0.03962091696040211,0.03528080148366445,0.037054461669132135,0.09355533989050356,0.09686523441622523,0.42350246396169505,0.3771115740155166,0.38253623079990606,False,1e-24,False
UniGCN,real,,163,base,0.027788937750157047,0.002853585873144797,0.00046808243515189367,0.2662425299293524,0.276574465042541,0.10437452557835467,0.01071799413077241,0.0016924282401844148,5.692819326858039e-07,2.965817234027938e-07,4.231634035145115e-08,1.0818908932884408e-05,1.125961908062377e-05,0.052619163005934354,0.02741327478053951,0.0037582390708289287,False,1e-24,False
UniGCN,real,,163,restart,1934.056100851703,339.4571841848049,409.8781347175298,2302.3033593558134,2379.338963240145,0.8400526772426956,0.14744242230519322,0.17226554982286527,0.03962091696036151,0.035280801483656796,0.037054461669121595,0.09355533989011391,0.09686523441580035,0.4235024639630248,0.3771115740170054,0.3825362308014751,False,1e-24,False
UniGCN,real,,164,base,0.026721887499937164,0.0027583766692509015,0.00044312366732672303,0.25703262931727644,0.2669578627595477,0.1039630165668661,0.010731620637339437,0.0016599011647237005,5.474224275050199e-07,2.8668634578672067e-07,4.005997772229152e-08,1.0444659649610973e-05,1.0868117722970573e-05,0.05241170568209078,0.027448127119910386,0.003686008814352626,False,1e-24,False
UniGCN,real,,164,restart,1934.0561008499735,339.4571841847407,409.87813471742857,2302.303359347414,2379.338963231005,0.8400526772450093,0.14744242230570329,0.17226554982348447,0.03962091696032608,0.03528080148365013,0.03705446166911244,0.09355533988977259,0.09686523441542826,0.4235024639641913,0.37711157401830997,0.3825362308028501,False,1e-24,False
UniGCN,real,,165,base,0.025698714076323473,0.00266647368667119,0.0004195268391227666,0.24815678290975368,0.2576923418601253,0.1035583785983768,0.010745117080442235,0.0016280143837199656,5.264617794477092e-07,2.771345936506234e-07,3.7926739346941425e-08,1.0083984839276431e-05,1.0490909234489873e-05,0.052207712312019414,0.027482646797643243,0.003615200408202334,False,1e-24,False
UniGCN,real,,165,restart,1934.056100848463,339.4571841846845,409.8781347173407,2302.3033593400532,2379.338963222999,0.8400526772470389,0.14744242230615023,0.17226554982402717,0.03962091696029514,0.035280801483644285,0.0370544616691045,0.0935553398894735,0.09686523441510234,0.42350246396521446,0.37711157401945317,0.38253623080405524,False,1e-24,False
UniGCN,real,,166,base,0.02471746950286016,0.002577754526430014,0.0003972154682683705,0.23960206767004716,0.24876421836347898,0.10316050167354257,0.01075848197595609,0.0015967548342824113,5.063600824256454e-07,2.679137457025016e-07,3.5909710952197887e-08,9.736359367306561e-06,1.0127436526835746e-05,0.052007127440872526,0.027516830017811522,0.003545784844668648,False,1e-24,False
UniGCN,real,,166,restart,1934.0561008471454,339.45718418463537,409.87813471726423,2302.303359333605,2379.338963215986,0.8400526772488194,0.14744242230654184,0.1722655498245028,0.03962091696026815,0.03528080148363918,0.03705446166909759,0.09355533988921147,0.09686523441481681,0.4235024639661121,0.37711157402045475,0.3825362308051114,False,1e-24,False
UniGCN,real,,167,base,0.023776299531004567,0.002492101763702984,0.0003761175185488463,0.2313561024924869,0.24016038659956113,0.1027692776410628,0.01077171398054613,0.0015661097313937019,4.870793504530543e-07,2.590115976287877e-07,3.4002380204443e-08,9.401280120788609e-06,9.7771660552628e-06,0.05180989654547135,0.02755067334458501,0.0034777337330933827,False,1e-24,False
UniGCN,real,,167,restart,1934.056100845995,339.45718418459245,409.8781347171979,2302.3033593279547,2379.3389632098424,0.8400526772503814,0.1474424223068851,0.1722655498249197,0.03962091696024458,0.035280801483634716,0.03705446166909159,0.09355533988898186,0.09686523441456671,0.4235024639668995,0.37711157402133266,0.3825362308060372,False,1e-24,False
UniGCN,real,,168,base,0.022873438751715044,0.002409402720369178,0.0003561651308021462,0.2234070232981392,0.23186829243918103,0.10238460015283486,0.010784811886391786,0.0015360665619925942,4.685834175029995e-07,2.504164384550172e-07,3.2198612390682795e-08,9.078264996470365e-06,9.43958672879756e-06,0.051615966011697725,0.0275841736887367,0.0034110192867293394,False,1e-24,False
UniGCN,real,,168,restart,1934.0561008449904,339.4571841845549,409.87813471714026,2302.303359323002,2379.338963204459,0.840052677251752,0.1474424223071859,0.17226554982528525,0.039620916960224,0.03528080148363081,0.03705446166908638,0.0935553398887806,0.09686523441434755,0.4235024639675905,0.37711157402210205,0.38253623080684895,False,1e-24,False
UniGCN,real,,169,base,0.022007205982875148,0.0023295492493526047,0.00033729437092569253,0.21574345938775538,0.223875907884398,0.1020063646208696,0.010797774616034638,0.0015066130791521347,4.508378430145265e-07,2.42117028131791e-07,3.049262763745574e-08,8.76685193984946e-06,9.114208875788334e-06,0.05142528311277354,0.027617328294465122,0.003345614309812302,False,1e-24,False
UniGCN,real,,169,restart,1934.0561008441139,339.4571841845221,409.8781347170903,2302.303359318662,2379.3389631997434,0.840052677252955,0.14744242230744964,0.17226554982560566,0.03962091696020604,0.0352808014836274,0.03705446166908186,0.09355533988860425,0.09686523441415557,0.42350246396819696,0.3771115740227766,0.38253623080756044,False,1e-24,False
UniGCN,real,,170,base,0.021175999915768764,0.0022524375300691027,0.0003194449937674718,0.20835451098263139,0.21617170694368712,0.10163446817589668,0.010810601217349539,0.0014777372963552878,4.3380982270670403e-07,2.3410257627495945e-07,2.8878979565736098e-08,8.466598032534089e-06,8.800563261759412e-06,0.051237795988392155,0.027650134726532136,0.003281492184849382,False,1e-24,False
UniGCN,real,,170,restart,1934.0561008433474,339.45718418449337,409.87813471704686,2302.303359314858,2379.3389631956097,0.84005267725401,0.14744242230768076,0.17226554982588668,0.03962091696019034,0.03528080148362442,0.037054461669077936,0.09355533988844968,0.09686523441398728,0.42350246396872887,0.37711157402336776,0.3825362308081845,False,1e-24,False
UniGCN,real,,171,base,0.020378295004916995,0.0021779678743382197,0.0003025602218526963,0.201229727888151,0.2087446427208992,0.10126880962759047,0.01082329085863891,0.0014494274818694758,4.174681043781549e-07,2.2636272199346284e-07,2.7352535287026075e-08,8.177078625224553e-06,8.49820015668007e-06,0.05105345362466669,0.027682590857715603,0.003218626860127015,False,1e-24,False
UniGCN,real,,171,restart,1934.0561008426787,339.4571841844683,409.8781347170091,2302.303359311523,2379.3389631919877,0.8400526772549364,0.14744242230788343,0.17226554982613307,0.03962091696017664,0.03528080148362182,0.03705446166907452,0.09355533988831415,0.09686523441383982,0.4235024639691959,0.3771115740238861,0.38253623080873167,False,1e-24,False
UniGCN,real,,172,base,0.019612637586608136,0.002106044542160116,0.0002865865379698882,0.19435908921866865,0.20158412565129052,0.10090928942634855,0.010835842823849915,0.0014216721532212253,4.017829083915747e-07,2.188875147424732e-07,2.590845665238974e-08,7.897886513822936e-06,8.206688448931863e-06,0.050872205834861184,0.02771469485657647,0.0031569928374412517,False,1e-24,False
UniGCN,real,,172,restart,1934.056100842095,339.45718418444625,409.8781347169762,2302.3033593085993,2379.338963188812,0.8400526772557496,0.14744242230806112,0.17226554982634912,0.03962091696016468,0.03528080148361952,0.037054461669071545,0.09355533988819535,0.09686523441371055,0.42350246396960584,0.3771115740243406,0.3825362308092114,False,1e-24,False
UniGCN,real,,173,base,0.018877642212400927,0.002036575566795142,0.00027147349070750387,0.18773298412601444,0.19468000282186979,0.10055580962655684,0.01084825650791395,0.0013944600717717235,3.867258525621758e-07,2.116673961433913e-07,2.4542182672262513e-08,7.628631156325509e-06,7.92561480341958e-06,0.05069400324087112,0.027746445175538592,0.0030965651600521333,False,1e-24,False
UniGCN,real,,173,restart,1934.056100841585,339.45718418442704,409.8781347169478,2302.3033593060354,2379.3389631860296,0.8400526772564635,0.14744242230821694,0.17226554982653866,0.03962091696015423,0.03528080148361753,0.03705446166906898,0.09355533988809116,0.09686523441359726,0.42350246396996577,0.37711157402473916,0.3825362308096323,False,1e-24,False
UniGCN,real,,174,base,0.018171988184765397,0.001969472588618969,0.00025717351209466347,0.18134219347730945,0.1880225383170309,0.10020827385127652,0.010860531412207719,0.0013677802373938536,3.722698811871057e-07,2.0469318271591274e-07,2.3249413030515405e-08,7.368937928290847e-06,7.654582861422587e-06,0.050518797255420765,0.02777784053927963,0.003037319400863413,False,1e-24,False
UniGCN,real,,174,restart,1934.0561008411387,339.45718418441027,409.878134716923,2302.3033593037876,2379.3389631835894,0.8400526772570899,0.1474424223083536,0.17226554982670492,0.039620916960145094,0.03528080148361578,0.037054461669066736,0.09355533988799983,0.09686523441349792,0.4235024639702815,0.3771115740250887,0.3825362308100015,False,1e-24,False
UniGCN,real,,175,base,0.01749441628284841,0.0019046506972588897,0.00024364174655749639,0.17517787243096175,0.1816023945339248,0.09986658725829098,0.010872667140135062,0.001341621883251006,3.5838919796974454e-07,1.9795604947078138e-07,2.2026092621491758e-08,7.118447414806036e-06,7.393212479925183e-06,0.05034654006494615,0.027808879933430723,0.002979231650828282,False,1e-24,False
UniGCN,real,,175,restart,1934.0561008407492,339.45718418439543,409.87813471690146,2302.3033593018167,2379.3389631814507,0.8400526772576399,0.14744242230847343,0.17226554982685072,0.039620916960137115,0.03528080148361424,0.03705446166906479,0.09355533988791974,0.09686523441341086,0.4235024639705588,0.37711157402539514,0.3825362308103253,False,1e-24,False
UniGCN,real,,176,base,0.016843725667117667,0.0018420282815475556,0.00023083589045640708,0.16923153386270082,0.17541061441528552,0.09953065650745176,0.010884663392828495,0.0013159744706777092,3.4505920260849255e-07,1.914475143150317e-07,2.086839704359733e-08,6.8768147369946285e-06,7.141139008297445e-06,0.050177184613132905,0.02783956259358237,0.002922278507581198,False,1e-24,False
UniGCN,real,,176,restart,1934.0561008404095,339.45718418438264,409.8781347168829,2302.3033593000882,2379.3389631795753,0.8400526772581229,0.1474424223085785,0.17226554982697867,0.039620916960130155,0.035280801483612914,0.037054461669063114,0.09355533988784949,0.0968652344133345,0.4235024639708023,0.3771115740256639,0.3825362308106094,False,1e-24,False
UniGCN,real,,177,base,0.016218770952352465,0.001781526886858965,0.00021871604151952833,0.1634950325963069,0.16943860455048423,0.0992003897292646,0.010896519964969303,0.0012908276841619166,3.3225643083429517e-07,1.851594232244909e-07,1.977271898754144e-08,6.643708911223817e-06,6.898012600322482e-06,0.050010684585079325,0.02786988799459356,0.002866437064295456,False,1e-24,False
UniGCN,real,,177,restart,1934.0561008401123,339.4571841843714,409.87813471686655,2302.3033592985716,2379.3389631779314,0.8400526772585473,0.14744242230867075,0.17226554982709083,0.03962091696012407,0.03528080148361174,0.037054461669061636,0.09355533988778787,0.09686523441326758,0.42350246397101626,0.37711157402589984,0.38253623081085847,False,1e-24,False
UniGCN,real,,178,base,0.015618459439115112,0.0017230710794181757,0.0002072445575340316,0.15796055039631232,0.1636781190984473,0.0988756964946593,0.010908236740724865,0.0012661714264286018,3.1995849769479007e-07,1.7908393614108135e-07,1.873565546152176e-08,6.41881223927475e-06,6.66349755968258e-06,0.049846994392056185,0.0278998558402007,0.0028116848987657234,False,1e-24,False
UniGCN,real,,178,restart,1934.0561008398524,339.45718418436144,409.87813471685246,2302.303359297242,2379.338963176489,0.8400526772589195,0.1474424223087516,0.17226554982718933,0.03962091696011874,0.03528080148361071,0.03705446166906036,0.09355533988773383,0.09686523441320885,0.42350246397120395,0.3771115740261066,0.3825362308110772,False,1e-24,False
UniGCN,real,,179,base,0.01504174849445818,0.001666588317201176,0.00019638592370007962,0.15262058168241563,0.15812124448876372,0.0985564877858884,0.01091981368980193,0.0012419958136241146,3.08144043895688e-07,1.7321351355505745e-07,1.775399579954323e-08,6.201819727840044e-06,6.437271717126207e-06,0.049686069156835634,0.027929466052923124,0.002758000062714325,False,1e-24,False
UniGCN,real,,179,restart,1934.0561008396253,339.4571841843528,409.87813471684024,2302.3033592960755,2379.338963175224,0.8400526772592466,0.14744242230882257,0.17226554982727577,0.03962091696011409,0.03528080148360981,0.037054461669059256,0.09355533988768644,0.09686523441315735,0.4235024639713688,0.37711157402628814,0.38253623081126914,False,1e-24,False
UniGCN,real,,180,base,0.01448764307320155,0.001612008827064575,0.00018610662809227197,0.14746791992765598,0.15276038485982218,0.09824267596850096,0.010931250863614173,0.0012182911706006066,2.9679268502185435e-07,1.6754090373472649e-07,1.6824710402683566e-08,5.992438535806249e-06,6.21902583764022e-06,0.04952786469956218,0.027958718764260933,0.002705361071319752,False,1e-24,False
UniGCN,real,,180,restart,1934.0561008394266,339.45718418434524,409.8781347168295,2302.3033592950515,2379.338963174115,0.8400526772595339,0.14744242230888485,0.17226554982735157,0.03962091696011002,0.03528080148360902,0.037054461669058285,0.09355533988764482,0.09686523441311222,0.42350246397151364,0.37711157402644746,0.38253623081143745,False,1e-24,False
UniGCN,real,,181,base,0.013955193371654061,0.001559265487766569,0.0001763750447106839,0.14249564470456053,0.147588248195183,0.09793417476434232,0.010942548391562633,0.0011950480262997013,2.8588496347164067e-07,1.6205913056846748e-07,1.5944940166485374e-08,5.790387447867062e-06,6.008463056047901e-06,0.049372337524140775,0.027987614305181485,0.002653746892965544,False,1e-24,False
UniGCN,real,,181,restart,1934.056100839253,339.45718418433864,409.8781347168203,2302.3033592941533,2379.3389631731416,0.8400526772597862,0.14744242230893947,0.17226554982741815,0.039620916960106466,0.03528080148360834,0.03705446166905745,0.09355533988760832,0.09686523441307258,0.4235024639716408,0.3771115740265871,0.38253623081158533,False,1e-24,False
UniGCN,real,,182,base,0.013443492606158333,0.00150829371856094,0.00016716132363822538,0.13769710934551294,0.14259783312160468,0.09763089922552837,0.010953706477427154,0.0011722571092344259,2.7540230294833346e-07,1.5676148198597193e-07,1.511198655078524e-08,5.595396373095734e-06,5.8052983395436056e-06,0.0492194448051163,0.028016153196889847,0.0026031369392073827,False,1e-24,False
UniGCN,real,,182,restart,1934.0561008391014,339.4571841843328,409.8781347168122,2302.3033592933652,2379.338963172288,0.8400526772600079,0.14744242230898744,0.17226554982747658,0.03962091696010336,0.03528080148360773,0.037054461669056724,0.0935553398875763,0.09686523441303783,0.4235024639717526,0.3771115740267098,0.38253623081171506,False,1e-24,False
UniGCN,real,,183,base,0.012951674909308817,0.0014590313730649001,0.00015843728785326048,0.13306592918549665,0.1377824163342262,0.09733276570934934,0.010964725395867339,0.0011499093430683538,2.6532696536224704e-07,1.5164149892761101e-07,1.4323302251202375e-08,5.4072058671826015e-06,5.609257975759541e-06,0.049069144375021606,0.028044336141879327,0.0025535110549560485,False,1e-24,False
UniGCN,real,,183,restart,1934.0561008389689,339.45718418432773,409.8781347168051,2302.303359292674,2379.3389631715386,0.8400526772602025,0.14744242230902949,0.17226554982752784,0.039620916960100644,0.0352808014836072,0.03705446166905608,0.09355533988754822,0.09686523441300732,0.4235024639718507,0.3771115740268174,0.3825362308118289,False,1e-24,False
UniGCN,real,,184,base,0.012478913337132507,0.0014114186381193397,0.00015017633627638553,0.12859597035716303,0.13313554061635807,0.09703969185405668,0.010975605489030949,0.0011279958422907676,2.5564201000598886e-07,1.4669296483267852e-07,1.3576482434217658e-08,5.225566677116625e-06,5.42007908503965e-06,0.04892139471217073,0.028072164015256827,0.002504849508873604,False,1e-24,False
UniGCN,real,,184,restart,1934.056100838853,339.45718418432324,409.8781347167991,2302.303359292067,2379.338963170882,0.8400526772603738,0.14744242230906643,0.17226554982757286,0.039620916960098264,0.03528080148360674,0.03705446166905554,0.09355533988752354,0.09686523441298059,0.4235024639719371,0.37711157402691187,0.3825362308119289,False,1e-24,False
UniGCN,real,,185,base,0.012024417980932676,0.0013653979373767229,0.000142353352658148,0.12428133910985553,0.12865100342317043,0.09675159655548914,0.010986347163268106,0.0011065079079865905,2.4633125487384276e-07,1.4190989561899203e-07,1.2869256500294839e-08,5.050239307158175e-06,5.237509155670299e-06,0.04877615492887525,0.02809963785633879,0.00245713298398002,False,1e-24,False
UniGCN,real,,185,restart,1934.0561008387515,339.4571841843193,409.87813471679374,2302.3033592915344,2379.3389631703053,0.8400526772605239,0.14744242230909882,0.17226554982761239,0.03962091696009619,0.03528080148360633,0.03705446166905505,0.0935553398875019,0.09686523441295711,0.42350246397201274,0.3771115740269947,0.38253623081201665,False,1e-24,False
UniGCN,real,,186,base,0.011587434177880176,0.0013209138393674026,0.00013494461994043293,0.12011637162580521,0.12432284600028659,0.09646839994449839,0.010996950885949205,0.001085437023699746,2.3737924000408711e-07,1.372865301279499e-07,1.219948034184098e-08,4.8809936050146375e-06,5.061305600887502e-06,0.048633384760063667,0.028126758860512416,0.002410342568467274,False,1e-24,False
UniGCN,real,,186,restart,1934.0561008386628,339.45718418431596,409.8781347167891,2302.3033592910665,2379.3389631697996,0.8400526772606561,0.14744242230912732,0.17226554982764702,0.03962091696009437,0.03528080148360598,0.03705446166905463,0.0935553398874829,0.09686523441293653,0.4235024639720794,0.37711157402706763,0.38253623081209354,False,1e-24,False
UniGCN,real,,187,base,0.011167240814795358,0.0012779129698097655,0.000127927739748406,0.11609562430820045,0.12014534300991207,0.09619002336513174,0.011007417182384708,0.0010647748513885542,2.287711927304082e-07,1.3281732101066196e-07,1.156512906498776e-08,4.717608367190883e-06,4.8912353365464e-06,0.04849304455228249,0.02815352837135748,0.002364459746717822,False,1e-24,False
UniGCN,real,,187,restart,1934.056100838585,339.4571841843129,409.8781347167851,2302.3033592906563,2379.338963169355,0.840052677260772,0.1474424223091523,0.17226554982767753,0.03962091696009278,0.03528080148360566,0.03705446166905427,0.09355533988746623,0.09686523441291842,0.42350246397213787,0.3771115740271315,0.3825362308121613,False,1e-24,False
UniGCN,real,,188,base,0.010763148719899675,0.001236343927943239,0.00012128155669239167,0.1122138645172311,0.11611299263864781,0.09591638935353598,0.011017746632844919,0.0010445132274716992,2.2049299473545353e-07,1.2849692603218861e-07,1.0964290146208238e-08,4.559870962543423e-06,4.727074378400593e-06,0.04835509525306085,0.028179947873023813,0.0023194663905241972,False,1e-24,False
UniGCN,real,,188,restart,1934.0561008385175,339.4571841843103,409.87813471678163,2302.3033592902957,2379.3389631689656,0.8400526772608744,0.14744242230917423,0.17226554982770426,0.039620916960091394,0.03528080148360539,0.037054461669053955,0.09355533988745157,0.09686523441290257,0.42350246397218944,0.3771115740271876,0.38253623081222066,False,1e-24,False
UniGCN,real,,189,base,0.010374499137629781,0.001196157206675968,0.000114986087180021,0.10846606173152491,0.11222050716256746,0.09564742161754458,0.011027939869677348,0.001024644158963274,2.1253115080599693e-07,1.2432019977224957e-07,1.0395156996678255e-08,4.407576973120602e-06,4.568607457997136e-06,0.04821949840061965,0.028206018982858464,0.002275344750506418,False,1e-24,False
UniGCN,real,,189,restart,1934.056100838458,339.457184184308,409.8781347167786,2302.3033592899797,2379.3389631686236,0.8400526772609638,0.1474424223091935,0.17226554982772777,0.03962091696009017,0.035280801483605156,0.037054461669053684,0.09355533988743872,0.09686523441288865,0.4235024639722345,0.37711157402723683,0.38253623081227284,False,1e-24,False
UniGCN,real,,190,base,0.010000662281900715,0.0011573051163510214,0.00010902245245850057,0.10484737911362811,0.10846280394648382,0.09538304501691473,0.011037997574520148,0.0010051598196953574,2.0487275919520481e-07,1.2028218570201768e-07,9.856022909056062e-09,4.260529851421354e-06,4.4156276562477996e-06,0.04808621611390829,0.0282317434442785,0.002232077447723766,False,1e-24,False
UniGCN,real,,190,restart,1934.0561008384059,339.45718418430596,409.87813471677595,2302.303359289702,2379.338963168323,0.8400526772610425,0.1474424223092104,0.1722655498277484,0.03962091696008911,0.03528080148360494,0.03705446166905344,0.09355533988742744,0.09686523441287641,0.4235024639722742,0.37711157402728007,0.38253623081231863,False,1e-24,False
UniGCN,real,,191,base,0.009641035963479648,0.001119741711946157,0.0001033728156250448,0.1013531654593499,0.10483499685559354,0.09512318554417931,0.011047920475609182,0.0009860525466265542,1.9750548350312592e-07,1.1637810861777236e-07,9.34527536299822e-09,4.118540593252465e-06,4.267936053788666e-06,0.047955211082951414,0.028257123119883362,0.0021896474654774585,False,1e-24,False
UniGCN,real,,191,restart,1934.0561008383613,339.4571841843042,409.8781347167736,2302.3033592894576,2379.3389631680593,0.8400526772611122,0.14744242230922527,0.1722655498277665,0.039620916960088196,0.03528080148360476,0.03705446166905323,0.09355533988741752,0.09686523441286568,0.42350246397230934,0.37711157402731815,0.3825362308123589,False,1e-24,False
UniGCN,real,,192,base,0.009295044287389222,0.0010834227235327425,9.80203223604671e-05,0.09797894751188345,0.10133238805888038,0.09486777030608404,0.011057709345176818,0.0009673148362348989,1.904175259918013e-07,1.1260336741328714e-07,8.861390667262476e-09,3.98142742540873e-06,4.125341397288595e-06,0.047826446559490705,0.028282159984801773,0.0021480381413006636,False,1e-24,False
UniGCN,real,,192,restart,1934.056100838321,339.4571841843026,409.87813471677157,2302.3033592892434,2379.3389631678274,0.8400526772611729,0.1474424223092383,0.17226554982778244,0.03962091696008737,0.035280801483604594,0.037054461669053046,0.09355533988740881,0.09686523441285623,0.42350246397234,0.37711157402735146,0.3825362308123943,False,1e-24,False
UniGCN,real,,193,base,0.00896213641650053,0.001048305489829313,9.294904515673269e-05,0.09472042262264979,0.09795046020477709,0.09461672750557892,0.011067364996940368,0.000948939340993515,1.8359760225632997e-07,1.0895352817385196e-07,8.402928917677399e-09,3.8490155074423904e-06,3.987659780912704e-06,0.04769988634790604,0.028306856120267964,0.0021072331591322764,False,1e-24,False
UniGCN,real,,193,restart,1934.0561008382863,339.45718418430124,409.8781347167699,2302.3033592890556,2379.3389631676246,0.8400526772612263,0.14744242230924973,0.17226554982779646,0.039620916960086655,0.03528080148360445,0.0370544616690529,0.09355533988740118,0.09686523441284797,0.4235024639723669,0.37711157402738066,0.3825362308124254,False,1e-24,False
UniGCN,real,,194,base,0.008641785397701404,0.001014348894694492,8.814393082401488e-05,0.09157345174178119,0.09468486895064065,0.0943699864243352,0.011076888283678036,0.0009309188659274,1.7703491717784755e-07,1.0542431757579224e-07,7.968529251590931e-09,3.7211366468276316e-06,3.854714342189946e-06,0.04757549479640167,0.028331213707421702,0.0020672165416708516,False,1e-24,False
UniGCN,real,,194,restart,1934.056100838256,339.45718418430005,409.8781347167684,2302.30335928889,2379.338963167446,0.8400526772612736,0.14744242230925983,0.1722655498278087,0.03962091696008604,0.035280801483604324,0.03705446166905276,0.09355533988739445,0.0968652344128407,0.4235024639723907,0.3771115740274065,0.3825362308124526,False,1e-24,False
UniGCN,real,,195,base,0.00833348704723771,0.0009815133064127427,8.359075107654486e-05,0.088534052722077,0.09153143582858897,0.0941274774057605,0.011086280094890438,0.000913246365249698,1.707191420887179e-07,1.0201161657625527e-07,7.556905380653e-09,3.5976290268632207e-06,3.7263349715742863e-06,0.04745323678844348,0.028355235021327196,0.0020279726429050446,False,1e-24,False
UniGCN,real,,195,restart,1934.0561008382294,339.45718418429897,409.87813471676697,2302.3033592887446,2379.3389631672894,0.840052677261315,0.14744242230926866,0.17226554982781947,0.039620916960085496,0.03528080148360421,0.03705446166905263,0.09355533988738854,0.09686523441283433,0.4235024639724116,0.3771115740274291,0.3825362308124765,False,1e-24,False
UniGCN,real,,196,base,0.008036758892023365,0.0009497605196345202,7.927605600937293e-05,0.08559839392112556,0.08848614143118189,0.09388913183848774,0.011095541354545447,0.0008959149390758337,1.6464039308429576e-07,9.871145437887646e-08,7.1668413849469305e-09,3.478336946691274e-06,3.6023580350270626e-06,0.04733307773443511,0.028378922425205108,0.0019894861408169522,False,1e-24,False
UniGCN,real,,196,restart,1934.056100838206,339.4571841842981,409.8781347167659,2302.3033592886177,2379.3389631671516,0.8400526772613512,0.14744242230927643,0.172265549827829,0.03962091696008502,0.03528080148360413,0.03705446166905253,0.09355533988738339,0.09686523441282872,0.42350246397242985,0.377111574027449,0.38253623081249766,False,1e-24,False
UniGCN,real,,197,base,0.0077511391639009785,0.0009190536998401337,7.5187130290127e-05,0.08276278808710087,0.0855451189013115,0.09365488214031113,0.011104673018904426,0.0008789178302138558,1.5878921041943168e-07,9.552000266174215e-08,6.797187752566419e-09,3.363110572843304e-06,3.4826261089840005e-06,0.04721498356361953,0.02840227836487274,0.0019517420302546885,False,1e-24,False
UniGCN,real,,197,restart,1934.0561008381853,339.4571841842973,409.87813471676486,2302.3033592885054,2379.3389631670307,0.8400526772613833,0.14744242230928326,0.1722655498278373,0.03962091696008459,0.035280801483604046,0.03705446166905244,0.09355533988737882,0.0968652344128238,0.423502463972446,0.3771115740274664,0.3825362308125161,False,1e-24,False
UniGCN,real,,198,base,0.007476185844009473,0.0008893573302037796,7.131195190102894e-05,0.08002368651450625,0.0827046477114972,0.09342466174254832,0.011113676074427809,0.0008622484210293723,1.5315653893146415e-07,9.243357005480956e-08,6.4468576497450024e-09,3.2518057017557094e-06,3.3669877271041844e-06,0.04709892071619534,0.02842530536338717,0.001914725615970598,False,1e-24,False
UniGCN,real,,198,restart,1934.0561008381676,339.4571841842966,409.87813471676407,2302.303359288407,2379.3389631669243,0.8400526772614114,0.14744242230928925,0.17226554982784464,0.039620916960084226,0.03528080148360397,0.037054461669052366,0.09355533988737483,0.09686523441281947,0.42350246397246016,0.37711157402748174,0.3825362308125324,False,1e-24,False
UniGCN,real,,199,base,0.007211475754578533,0.0008606371607409891,6.763915327685755e-05,0.07737767345686171,0.07996114771856261,0.09319840507480433,0.011122551535757882,0.0008459002303834545,1.4773370943479416e-07,8.944859685464875e-08,6.114823407587755e-09,3.144283532726308e-06,3.2552971382300956e-06,0.04698485613563576,0.02844800601588583,0.0018784225058215062,False,1e-24,False
UniGCN,real,,199,restart,1934.0561008381521,339.45718418429595,409.87813471676327,2302.3033592883207,2379.338963166831,0.8400526772614363,0.1474424223092945,0.17226554982785108,0.03962091696008391,0.0352808014836039,0.0370544616690523,0.09355533988737132,0.09686523441281567,0.4235024639724727,0.3771115740274952,0.3825362308125467,False,1e-24,False
UniGCN,real,,200,base,0.006956603695623633,0.0008328601596291033,6.415798469428834e-05,0.07482146078401168,0.07731117348041215,0.09297604755011898,0.011131300443776875,0.0008298669106418834,1.4251242103528937e-07,8.656164996503385e-08,5.8001132123355546e-09,3.0404104508111536e-06,3.1474140750179843e-06,0.04687275726120082,0.028470382984619718,0.001842818604127394,False,1e-24,False
UniGCN,real,,200,restart,1934.056100838138,339.45718418429533,409.8781347167626,2302.3033592882443,2379.338963166749,0.840052677261458,0.14744242230929913,0.17226554982785675,0.03962091696008362,0.03528080148360384,0.037054461669052234,0.09355533988736821,0.09686523441281233,0.4235024639724837,0.37711157402750706,0.3825362308125593,False,1e-24,False
UniGCN,real,,201,base,0.006711181624159272,0.0008059944665963542,6.085827977713858e-05,0.07235188287237375,0.0747514088223189,0.09275752555047624,0.011139923863738294,0.0008141422447541594,1.374847243157127e-07,8.376941805253066e-08,5.5018079869148334e-09,2.940057819187035e-06,3.0432035327260924e-06,0.04676259202063211,0.02849243899417394,0.0018079001051849895,False,1e-24,False
UniGCN,real,,201,restart,1934.056100838126,339.45718418429493,409.8781347167621,2302.3033592881775,2379.3389631666773,0.8400526772614771,0.14744242230930324,0.1722655498278617,0.03962091696008337,0.035280801483603796,0.037054461669052186,0.0935553398873655,0.09686523441280942,0.4235024639724933,0.37711157402751755,0.3825362308125703,False,1e-24,False
UniGCN,real,,202,base,0.006474837873683552,0.0007800093482807622,5.773042299054441e-05,0.06996589171705461,0.07227866164079415,0.09254277641265697,0.011148422883469521,0.000798720143400681,1.3264300534614652e-07,8.10687069068133e-08,5.21903845229394e-09,2.8431017805296684e-06,2.9425355576750614e-06,0.04665432882302061,0.02851417682687049,0.0017736534869327374,False,1e-24,False
UniGCN,real,,202,restart,1934.056100838116,339.45718418429453,409.8781347167616,2302.3033592881193,2379.338963166614,0.8400526772614939,0.14744242230930676,0.1722655498278661,0.03962091696008317,0.035280801483603755,0.03705446166905215,0.09355533988736313,0.09686523441280684,0.4235024639725018,0.37711157402752654,0.38253623081258004,False,1e-24,False
UniGCN,real,,203,base,0.006247216411814549,0.000754875155465346,5.476531900503953e-05,0.06766055225533284,0.06988985893372772,0.09233173841441944,0.011156798611643736,0.0007835946422065343,1.2797997047599134e-07,7.845643499599143e-08,4.9509823578853715e-09,2.7494230669808946e-06,2.8452850449200472e-06,0.046547936551839746,0.02853559931834841,0.001740065504763687,False,1e-24,False
UniGCN,real,,203,restart,1934.0561008381064,339.45718418429414,409.87813471676117,2302.3033592880674,2379.338963166558,0.8400526772615088,0.14744242230930993,0.17226554982786996,0.03962091696008298,0.03528080148360371,0.03705446166905211,0.09355533988736102,0.09686523441280456,0.4235024639725093,0.37711157402753465,0.3825362308125886,False,1e-24,False
UniGCN,real,,204,base,0.006027976134078011,0.0007305632821011272,5.195436381892868e-05,0.06543303789154821,0.06758204204607372,0.09212435076098809,0.011165052176119305,0.00076875989902035,1.2348863186655768e-07,7.592962920774851e-08,4.6968618709041755e-09,2.6589068183001428e-06,2.7513315446978996e-06,0.04644338455813386,0.02855670935331643,0.001707123185482867,False,1e-24,False
UniGCN,real,,204,restart,1934.0561008380982,339.4571841842938,409.8781347167608,2302.3033592880215,2379.3389631665095,0.840052677261522,0.14744242230931273,0.17226554982787334,0.039620916960082804,0.03528080148360368,0.037054461669052075,0.09355533988735916,0.09686523441280258,0.42350246397251595,0.3771115740275418,0.38253623081259613,False,1e-24,False
UniGCN,real,,205,base,0.005816790191958648,0.0007070461260340753,4.928941753428838e-05,0.06328062621394803,0.0653523621209094,0.09192055357183772,0.011173184722344472,0.0007542101912567028,1.1916229372557911e-07,7.348542076757559e-08,4.455941115220233e-09,2.571442407816166e-06,2.6605590772352855e-06,0.04634064265385565,0.028577509861472696,0.0016748138214057683,False,1e-24,False
UniGCN,real,,205,restart,1934.0561008380917,339.4571841842935,409.8781347167605,2302.303359287982,2379.3389631664663,0.8400526772615335,0.14744242230931512,0.1722655498278763,0.03962091696008267,0.03528080148360365,0.03705446166905205,0.09355533988735755,0.09686523441280083,0.4235024639725218,0.3771115740275479,0.38253623081260274,False,1e-24,False
UniGCN,real,,206,base,0.00561334535343238,0.0006842970513565923,4.676277868841649e-05,0.061200694894523205,0.06319807574621472,0.0917202878677561,0.011181197411825947,0.0007399399133005625,1.1499453920712759e-07,7.112104132584838e-08,4.227523850828721e-09,2.4869232758146696e-06,2.572855955524794e-06,0.04623968110534391,0.028598003813587878,0.0016431249645946153,False,1e-24,False
UniGCN,real,,206,restart,1934.0561008380853,339.45718418429334,409.87813471676014,2302.3033592879474,2379.3389631664286,0.8400526772615434,0.14744242230931726,0.1722655498278789,0.03962091696008254,0.03528080148360363,0.03705446166905201,0.09355533988735615,0.09686523441279929,0.4235024639725267,0.3771115740275534,0.38253623081260846,False,1e-24,False
UniGCN,real,,207,base,0.005417341394296493,0.0006622903523082399,4.436716004862142e-05,0.05919071776332241,0.06111654078821543,0.09152349555817271,0.011189091420659015,0.0007259435739723077,1.1097921794245217e-07,6.883381920592173e-08,4.010951285611758e-09,2.4052467700159457e-06,2.4881146156962265e-06,0.04614047062693547,0.028618194217745644,0.0016120444212291282,False,1e-24,False
UniGCN,real,,207,restart,1934.0561008380796,339.45718418429306,409.8781347167599,2302.3033592879165,2379.3389631663954,0.8400526772615523,0.14744242230931914,0.17226554982788123,0.03962091696008242,0.0352808014836036,0.03705446166905199,0.09355533988735489,0.09686523441279793,0.4235024639725312,0.37711157402755824,0.3825362308126136,False,1e-24,False
UniGCN,real,,208,base,0.005228490518707762,0.000641001218654368,4.2095665783919474e-05,0.057248261049163245,0.05910521240259575,0.09133011942873998,0.011196867938117696,0.0007122157940518751,1.071104341691699e-07,6.662117580582688e-08,3.8056000115775046e-09,2.326313992814143e-06,2.406231454629133e-06,0.04604298237470443,0.028638084115736765,0.0015815602461085993,False,1e-24,False
UniGCN,real,,208,restart,1934.056100838075,339.4571841842929,409.87813471675963,2302.3033592878896,2379.3389631663663,0.8400526772615601,0.14744242230932078,0.1722655498278832,0.03962091696008233,0.03528080148360358,0.03705446166905197,0.0935553398873538,0.09686523441279675,0.4235024639725351,0.3771115740275624,0.382536230812618,False,1e-24,False
UniGCN,real,,209,base,0.0050465168074264625,0.00062040570247498,3.9941769932520025e-05,0.05537097977906669,0.057161639215328644,0.09114010312915444,0.01120452816530308,0.0006987513038605989,1.0338253542803714e-07,6.448062214653874e-08,3.610880058243172e-09,2.250029654966341e-06,2.3271066744706488e-06,0.045947187940322355,0.02865767657960194,0.0015516607372820783,False,1e-24,False
UniGCN,real,,209,restart,1934.056100838071,339.45718418429277,409.87813471675963,2302.3033592878655,2379.338963166341,0.8400526772615671,0.14744242230932225,0.17226554982788506,0.03962091696008225,0.035280801483603574,0.03705446166905197,0.09355533988735282,0.09686523441279571,0.42350246397253866,0.3771115740275662,0.3825362308126221,False,1e-24,False
UniGCN,real,,210,base,0.004871155692346842,0.0006004806862996398,3.789929608895038e-05,0.05355661432912528,0.055283459665285965,0.09095339116120713,0.01121207331384809,0.0006855449408993557,9.979010179822342e-08,6.240975556014143e-08,3.4262330562778387e-09,2.176301935435218e-06,2.2506441337395474e-06,0.04585305934503401,0.028676974708318998,0.0015223344308035926,False,1e-24,False
UniGCN,real,,210,restart,1934.0561008380673,339.4571841842926,409.87813471675935,2302.3033592878446,2379.3389631663185,0.8400526772615732,0.14744242230932353,0.17226554982788653,0.03962091696008217,0.035280801483603554,0.03705446166905194,0.09355533988735197,0.0968652344127948,0.4235024639725417,0.37711157402756945,0.3825362308126254,False,1e-24,False
UniGCN,real,,211,base,0.004702153455972379,0.0005812038525275208,3.5962398239325874e-05,0.051802987119880996,0.053468398501185885,0.09076992886705143,0.011219504604676855,0.0006725916475416457,9.632793564360193e-08,6.040625651156238e-08,3.251130504941753e-09,2.1050423471039455e-06,2.176751204713518e-06,0.04576056903374273,0.02869598162462978,0.0014935700956093573,False,1e-24,False
UniGCN,real,,211,restart,1934.0561008380641,339.45718418429243,409.8781347167592,2302.3033592878264,2379.3389631662985,0.8400526772615784,0.1474424223093246,0.17226554982788791,0.03962091696008211,0.03528080148360353,0.03705446166905193,0.09355533988735124,0.09686523441279399,0.4235024639725444,0.3771115740275722,0.3825362308126285,False,1e-24,False
UniGCN,real,,212,base,0.004539266754567308,0.0005625536540747815,3.4125542677626926e-05,0.050107999449631,0.05171426342580502,0.09058966241767881,0.011226823266817215,0.0006598864687802658,9.299105184407021e-08,5.846788554786618e-08,3.0850721372525543e-09,2.0361656080958594e-06,2.105338636811735e-06,0.045669689869200635,0.02871470047200287,0.0014653567285139934,False,1e-24,False
UniGCN,real,,212,restart,1934.0561008380614,339.4571841842923,409.878134716759,2302.30335928781,2379.3389631662812,0.8400526772615832,0.1474424223093256,0.1722655498278891,0.039620916960082055,0.035280801483603526,0.03705446166905191,0.09355533988735057,0.0968652344127933,0.42350246397254676,0.3771115740275748,0.38253623081263116,False,1e-24,False
UniGCN,real,,213,base,0.004382262163785006,0.000544509286194377,3.238349093992513e-05,0.04846962845940761,0.05001894188073641,0.09041253880159339,0.01123403053626444,0.0006474245500262541,8.977466848733009e-08,5.6592480369403267e-08,2.927584377177762e-09,1.969589518444781e-06,2.0363204256991835e-06,0.045580395126299,0.028733134411727368,0.0014376835493228215,False,1e-24,False
UniGCN,real,,213,restart,1934.0561008380587,339.45718418429226,409.87813471675895,2302.303359287796,2379.338963166266,0.8400526772615872,0.1474424223093265,0.17226554982789022,0.039620916960082,0.03528080148360352,0.03705446166905191,0.09355533988734999,0.09686523441279266,0.42350246397254876,0.37711157402757706,0.3825362308126336,False,1e-24,False
UniGCN,real,,214,base,0.004230915745638562,0.0005270506594161698,3.0731283697322634e-05,0.046885924223685406,0.04838039796530594,0.09023850581367503,0.011241127654894753,0.0006352011349588389,8.667419799788165e-08,5.4777953017394573e-08,2.778218883498401e-09,1.9052348418743308e-06,1.969613687852712e-06,0.04549265848645376,0.028751286620134004,0.001410539996057418,False,1e-24,False
UniGCN,real,,214,restart,1934.0561008380569,339.45718418429215,409.8781347167589,2302.303359287783,2379.3389631662526,0.8400526772615908,0.14744242230932728,0.17226554982789113,0.03962091696008196,0.035280801483603505,0.0370544616690519,0.09355533988734947,0.09686523441279213,0.42350246397255065,0.377111574027579,0.38253623081263566,False,1e-24,False
UniGCN,real,,215,base,0.00408501263574027,0.0005101583735578122,2.9164225551947373e-05,0.0453550069611613,0.046796669483575956,0.09006751204422425,0.011248115869427037,0.0006232115634251072,8.368523868124496e-08,5.302228717280475e-08,2.636551175312139e-09,1.8430251924564712e-06,1.9051385403416378e-06,0.045406454032082606,0.028769160285939514,0.0013839157202915758,False,1e-24,False
UniGCN,real,,215,restart,1934.0561008380548,339.4571841842921,409.8781347167588,2302.3033592877723,2379.3389631662403,0.8400526772615942,0.14744242230932794,0.17226554982789197,0.039620916960081916,0.0352808014836035,0.037054461669051894,0.09355533988734903,0.09686523441279163,0.4235024639725523,0.3771115740275807,0.3825362308126375,False,1e-24,False
UniGCN,real,,216,base,0.003944346649794317,0.0004938136927593167,2.767787068370374e-05,0.04387506436022968,0.0452658651136627,0.08989950686818021,0.011254996430431029,0.0006114512693881921,8.080356666260101e-08,5.132353556161033e-08,2.502179334447776e-09,1.782886925930744e-06,1.8428179855878708e-06,0.04532175624116939,0.028786758607709923,0.0013578005825950112,False,1e-24,False
UniGCN,real,,216,restart,1934.0561008380535,339.45718418429203,409.8781347167587,2302.3033592877623,2379.33896316623,0.840052677261597,0.14744242230932852,0.1722655498278927,0.03962091696008189,0.03528080148360349,0.03705446166905189,0.09355533988734863,0.0968652344127912,0.42350246397255376,0.3771115740275822,0.3825362308126391,False,1e-24,False
UniGCN,real,,217,base,0.003808719908381354,0.00047799852149656884,2.6268009298619556e-05,0.042444349014036285,0.043786161693876745,0.08973444043450438,0.011261770591380619,0.0005999157789227502,7.802512820015877e-08,4.967981746181229e-08,2.374722780346935e-09,1.7247490354763007e-06,1.782577800882014e-06,0.045238539981911984,0.02880408479143917,0.0013321846480820806,False,1e-24,False
UniGCN,real,,217,restart,1934.0561008380519,339.457184184292,409.87813471675867,2302.303359287754,2379.338963166221,0.8400526772615994,0.14744242230932905,0.17226554982789333,0.03962091696008185,0.03528080148360349,0.03705446166905188,0.0935553398873483,0.09686523441279085,0.4235024639725549,0.37711157402758355,0.3825362308126405,False,1e-24,False
UniGCN,real,,218,base,0.003677942479124936,0.00046269538153122675,2.493065483257961e-05,0.04106117596024268,0.042355801620462846,0.08957226365572406,0.011268439607750877,0.0005886007082565795,7.534603235460585e-08,4.8089316307770086e-08,2.253821113235424e-09,1.6685430517389037e-06,1.7243464324427897e-06,0.045156780507450825,0.02882114204823957,0.0013070581820629602,False,1e-24,False
UniGCN,real,,218,restart,1934.0561008380507,339.4571841842919,409.8781347167586,2302.303359287747,2379.338963166213,0.8400526772616016,0.1474424223093295,0.17226554982789388,0.03962091696008183,0.035280801483603484,0.03705446166905187,0.093555339887348,0.09686523441279052,0.4235024639725561,0.3771115740275847,0.38253623081264176,False,1e-24,False
UniGCN,real,,219,base,0.0035518320353781258,0.0004478873897565129,2.3662031866997293e-05,0.03972392032086845,0.04097309035196999,0.08941292819762847,0.011275004736156943,0.0005775017618572093,7.276254399698978e-08,4.655027738764848e-08,2.1391330216563668e-09,1.6142029469246394e-06,1.6680548938174835e-06,0.045076453450674285,0.028837933592139403,0.0012824116457946905,False,1e-24,False
UniGCN,real,,219,restart,1934.0561008380491,339.4571841842918,409.87813471675855,2302.30335928774,2379.3389631662053,0.8400526772616035,0.14744242230932988,0.1722655498278944,0.0396209169600818,0.03528080148360347,0.03705446166905187,0.09355533988734772,0.0968652344127902,0.42350246397255703,0.3771115740275857,0.38253623081264293,False,1e-24,False
UniGCN,real,,220,base,0.0034302135306141512,0.0004335582369003958,2.2458564715568223e-05,0.03843101503780033,0.039636394015521194,0.08925638646911173,0.011281467233533972,0.0005666147305623635,7.027107713831138e-08,4.5061005629975455e-08,2.030335250671565e-09,1.56166504278111e-06,1.6136366684308276e-06,0.04499753481909814,0.028854462637985433,0.0012582356923296456,False,1e-24,False
UniGCN,real,,220,restart,1934.0561008380485,339.4571841842918,409.8781347167584,2302.303359287734,2379.3389631662,0.8400526772616053,0.14744242230933027,0.17226554982789474,0.039620916960081784,0.03528080148360347,0.03705446166905185,0.09355533988734747,0.09686523441278998,0.4235024639725579,0.3771115740275867,0.38253623081264365,False,1e-24,False
UniGCN,real,,221,base,0.003312918887748136,0.0004196921670494797,2.131686664367912e-05,0.03718094869976936,0.038344137110481485,0.08910259161215774,0.011287828356356146,0.0005559354897531933,6.786818856499487e-08,4.361986347549874e-08,1.9271216272571823e-09,1.5108679222954757e-06,1.5610276160990626e-06,0.04492000098981658,0.0288707323994454,0.0012345211624589783,False,1e-24,False
UniGCN,real,,221,restart,1934.056100838048,339.4571841842918,409.8781347167585,2302.303359287729,2379.3389631661944,0.8400526772616068,0.14744242230933055,0.17226554982789516,0.03962091696008178,0.03528080148360347,0.037054461669051866,0.09355533988734728,0.09686523441278976,0.4235024639725587,0.3771115740275874,0.3825362308126446,False,1e-24,False
UniGCN,real,,222,base,0.0031997867026574162,0.0004062739579587073,2.0233729684325448e-05,0.03597226345679672,0.03709480030523746,0.08895149749196106,0.011294089359893879,0.000545459997569218,6.555057176522896e-08,4.2225268830714284e-08,1.8292021396259651e-09,1.4617523449468374e-06,1.5101658833346606e-06,0.04484382870452174,0.02888674608710819,0.0012112590807486841,False,1e-24,False
UniGCN,real,,222,restart,1934.0561008380466,339.45718418429175,409.8781347167585,2302.3033592877246,2379.3389631661894,0.8400526772616079,0.14744242230933086,0.17226554982789555,0.03962091696008175,0.03528080148360346,0.037054461669051866,0.09355533988734709,0.09686523441278955,0.42350246397255925,0.37711157402758816,0.38253623081264543,False,1e-24,False
UniGCN,real,,223,base,0.00309066196120641,0.0003932889021136235,1.9206115016530234e-05,0.03480355301829939,0.035886918323006625,0.08880305868717966,0.01130025149750762,0.0005351842931639368,6.331505113196127e-08,4.087569309961062e-08,1.7363020674016042e-09,1.4142611653581776e-06,1.4609918172755395e-06,0.0447689950645898,0.02890250690667759,0.0011884406516659782,False,1e-24,False
UniGCN,real,,223,restart,1934.0561008380464,339.45718418429175,409.8781347167584,2302.3033592877205,2379.3389631661853,0.8400526772616093,0.1474424223093311,0.1722655498278958,0.03962091696008174,0.03528080148360346,0.03705446166905185,0.09355533988734692,0.09686523441278938,0.4235024639725599,0.3771115740275888,0.382536230812646,False,1e-24,False
UniGCN,real,,224,base,0.002985395769118158,0.00038072278851353296,1.823114387426419e-05,0.03367346073122625,0.034719077912789005,0.08865723048031487,0.011306316019977095,0.0005251044950000998,6.115857642906852e-08,3.95696592903379e-08,1.6481611597523244e-09,1.368339255200384e-06,1.4134478830805037e-06,0.04469547752623106,0.028918018057256703,0.0011660572557937409,False,1e-24,False
UniGCN,real,,224,restart,1934.0561008380455,339.4571841842917,409.87813471675844,2302.3033592877177,2379.338963166181,0.8400526772616099,0.14744242230933127,0.1722655498278961,0.03962091696008173,0.035280801483603456,0.03705446166905186,0.09355533988734681,0.09686523441278921,0.42350246397256025,0.37711157402758927,0.38253623081264665,False,1e-24,False
UniGCN,real,,225,base,0.0028838450940688455,0.000368561885145367,1.7306088955751226e-05,0.032580677734766535,0.03358991590175689,0.08851396884821464,0.011312284174864726,0.0005152167991836516,5.9078217507925736e-08,3.830574019366437e-08,1.56453285876112e-09,1.3239334282078319e-06,1.3674785846401103e-06,0.04462325389570237,0.028933282729719782,0.00114410044613084,False,1e-24,False
UniGCN,real,,225,restart,1934.0561008380455,339.4571841842917,409.8781347167584,2302.3033592877146,2379.3389631661785,0.840052677261611,0.14744242230933147,0.1722655498278963,0.03962091696008173,0.035280801483603456,0.03705446166905185,0.09355533988734668,0.0968652344127891,0.4235024639725608,0.37711157402758977,0.3825362308126471,False,1e-24,False
UniGCN,real,,226,base,0.0027858725194139216,0.00035679292211949815,1.64283663048125e-05,0.03152394118833483,0.032498117325554146,0.08837323045269513,0.011318157205912007,0.0005055174778353832,5.707115926225947e-08,3.708255663023115e-08,1.4851835654699748e-09,1.2809923681715968e-06,1.3230303884593119e-06,0.04455230232457906,0.02894830410516834,0.0011225619444761904,False,1e-24,False
UniGCN,real,,226,restart,1934.0561008380448,339.45718418429163,409.8781347167583,2302.303359287712,2379.3389631661753,0.8400526772616118,0.14744242230933163,0.1722655498278965,0.039620916960081715,0.03528080148360345,0.03705446166905185,0.09355533988734657,0.09686523441278898,0.4235024639725612,0.37711157402759016,0.38253623081264754,False,1e-24,False
UniGCN,real,,227,base,0.00269134600898501,0.0003454030754400652,1.5595527637563282e-05,0.030502032569690085,0.031442413633141236,0.0882349726312798,0.01132393635246763,0.0004960028774993638,5.513469680979629e-08,3.5898775763753476e-08,1.409891946185584e-09,1.2394665597826033e-06,1.2800516505749268e-06,0.04448260130508616,0.02896308535346847,0.0011014336378944866,False,1e-24,False
UniGCN,real,,227,restart,1934.0561008380446,339.4571841842916,409.8781347167583,2302.3033592877096,2379.338963166173,0.8400526772616126,0.14744242230933174,0.17226554982789666,0.03962091696008171,0.03528080148360345,0.03705446166905185,0.09355533988734648,0.09686523441278888,0.4235024639725616,0.37711157402759043,0.3825362308126479,False,1e-24,False
UniGCN,real,,228,base,0.0026001386824255355,0.0003343799513836596,1.4805253089336406e-05,0.029513776040193476,0.030421580962980244,0.08809915338804916,0.011329622848946291,0.00048666941758723157,5.3266230889806625e-08,3.4753109477450805e-08,1.3384482767750753e-09,1.1993082222029938e-06,1.238492546377434e-06,0.044414129665485455,0.02897762963186666,0.001080707575261563,False,1e-24,False
UniGCN,real,,228,restart,1934.0561008380437,339.45718418429163,409.8781347167583,2302.303359287707,2379.3389631661703,0.8400526772616131,0.1474424223093319,0.17226554982789685,0.03962091696008169,0.03528080148360345,0.03705446166905185,0.09355533988734636,0.09686523441278877,0.42350246397256186,0.3771115740275909,0.3825362308126483,False,1e-24,False
UniGCN,real,,229,base,0.002512128600560359,0.0003237115714614055,1.4055344358171739e-05,0.028558036874347156,0.029434438487503108,0.08796573138460125,0.011335217924316994,0.0004775135888574594,5.146326346620439e-08,3.3644312811110796e-08,1.270653822812727e-09,1.1604712452495898e-06,1.1983050032126413e-06,0.04434686656551828,0.02899194008368101,0.0010603759638874238,False,1e-24,False
UniGCN,real,,229,restart,1934.056100838044,339.4571841842916,409.8781347167583,2302.303359287705,2379.3389631661685,0.8400526772616138,0.14744242230933202,0.172265549827897,0.039620916960081694,0.03528080148360345,0.03705446166905185,0.0935553398873463,0.0968652344127887,0.4235024639725622,0.37711157402759116,0.38253623081264865,False,1e-24,False
UniGCN,real,,230,base,0.0024271985603204287,0.0003133863579406238,1.3343718222587209e-05,0.027633719950889295,0.02847984682294814,0.08783466593111788,0.011340722801619713,0.00046853195192873273,4.972339352639003e-08,3.2571182456312503e-08,1.2063202535630903e-09,1.122911128078723e-06,1.1594426356445642e-06,0.04428079149190167,0.029006019837065026,0.00104043116621502,False,1e-24,False
UniGCN,real,,230,restart,1934.0561008380434,339.4571841842916,409.8781347167584,2302.303359287704,2379.338963166167,0.840052677261614,0.1474424223093321,0.1722655498278971,0.03962091696008169,0.03528080148360345,0.03705446166905185,0.09355533988734625,0.09686523441278864,0.42350246397256236,0.3771115740275914,0.38253623081264887,False,1e-24,False
UniGCN,real,,231,base,0.002345235898767877,0.00030339311990335027,1.2668400412640508e-05,0.026739768302845093,0.02755670650178473,0.08770591697753588,0.01134613869750956,0.000459721135826592,4.804431306652448e-08,3.153255530744641e-08,1.1452690879028624e-09,1.086584920266776e-06,1.1218606832663288e-06,0.04421588425387749,0.029019872003841724,0.0010208656965928955,False,1e-24,False
UniGCN,real,,231,restart,1934.0561008380437,339.45718418429163,409.87813471675827,2302.3033592877027,2379.3389631661653,0.8400526772616147,0.1474424223093322,0.17226554982789719,0.03962091696008169,0.03528080148360345,0.037054461669051846,0.0935553398873462,0.09686523441278856,0.4235024639725627,0.3771115740275916,0.3825362308126491,False,1e-24,False
UniGCN,real,,232,base,0.002266132305789997,0.0002937210398199991,1.2027519814506064e-05,0.025875161724052808,0.026663956505074023,0.08757944510481902,0.011351466821827224,0.0004510778365625253,4.642380325439306e-08,3.05273070662751e-08,1.0873311703937417e-09,1.0514511651856154e-06,1.0855159509511293e-06,0.044152124978812254,0.029033499678404975,0.001001672218119892,False,1e-24,False
UniGCN,real,,232,restart,1934.0561008380432,339.45718418429163,409.8781347167584,2302.3033592877014,2379.3389631661644,0.8400526772616149,0.14744242230933227,0.17226554982789727,0.03962091696008168,0.03528080148360345,0.03705446166905185,0.09355533988734614,0.09686523441278853,0.4235024639725628,0.3771115740275918,0.38253623081264926,False,1e-24,False
UniGCN,real,,233,base,0.0021897836450523833,0.0002843596606174468,1.141930298993438e-05,0.025038915429796953,0.025800572852235276,0.08745521151632968,0.011356708377194784,0.00044259881574470734,4.485973076146605e-08,2.9554350897880458e-08,1.0323461758217869e-09,1.0174698455766977e-06,1.0503667514402254e-06,0.04408949410784724,0.029046905936685696,0.0009828435395601305,False,1e-24,False
UniGCN,real,,233,restart,1934.0561008380432,339.45718418429163,409.8781347167583,2302.3033592877,2379.338963166163,0.8400526772616154,0.14744242230933235,0.17226554982789738,0.03962091696008168,0.03528080148360345,0.03705446166905185,0.09355533988734609,0.09686523441278848,0.423502463972563,0.37711157402759204,0.3825362308126495,False,1e-24,False
UniGCN,real,,234,base,0.0021160897828221776,0.0002752988732217328,1.084206899303479e-05,0.024230078769288264,0.024965567245802334,0.08733317802929848,0.011361864558635913,0.0004342808992196144,4.3350044256185514e-08,2.8612636135939314e-08,9.801621406158832e-10,9.84602331231999e-07,1.0163728501696432e-06,0.04402797239159803,0.029060093835180448,0.0009643726123265531,False,1e-24,False
UniGCN,real,,234,restart,1934.0561008380432,339.45718418429163,409.87813471675827,2302.3033592876995,2379.338963166162,0.8400526772616156,0.1474424223093324,0.17226554982789744,0.03962091696008168,0.03528080148360345,0.037054461669051846,0.09355533988734607,0.09686523441278844,0.42350246397256314,0.37711157402759216,0.38253623081264965,False,1e-24,False
UniGCN,real,,235,base,0.0020449544242918155,0.00026652890455646134,1.029422446783283e-05,0.023447733987832453,0.024157985768865915,0.08721330706638805,0.01136693655321956,0.00042612097574375244,4.18927710509068e-08,2.7701147035361357e-08,9.306350196492474e-10,9.528113286940734e-07,9.834954122417674e-07,0.04396754088590149,0.029073066410040115,0.0009462525275313378,False,1e-24,False
UniGCN,real,,235,restart,1934.0561008380428,339.45718418429163,409.8781347167583,2302.303359287698,2379.3389631661616,0.8400526772616159,0.14744242230933247,0.1722655498278975,0.03962091696008167,0.03528080148360345,0.03705446166905185,0.09355533988734602,0.09686523441278842,0.4235024639725633,0.3771115740275923,0.38253623081264976,False,1e-24,False
UniGCN,real,,236,base,0.0019762849570522777,0.00025804030597881516,9.774259011002804e-06,0.0226909950366267,0.023376907633000484,0.08709556164735194,0.011371925539726178,0.00041811599568476596,4.04860138953042e-08,2.6818901570409455e-08,8.836282670137268e-10,9.220608328914909e-07,9.516969514522085e-07,0.04390818094761068,0.029085826676216196,0.0009284765131015554,False,1e-24,False
UniGCN,real,,236,restart,1934.0561008380425,339.45718418429163,409.8781347167583,2302.3033592876977,2379.3389631661603,0.840052677261616,0.14744242230933252,0.17226554982789757,0.039620916960081666,0.03528080148360345,0.03705446166905185,0.093555339887346,0.09686523441278837,0.42350246397256336,0.37711157402759243,0.3825362308126499,False,1e-24,False
UniGCN,real,,237,base,0.0019099923013822498,0.0002498239421358965,9.280740785069709e-06,0.02195900642821574,0.02262144397457467,0.08697990538078477,0.011376832688335607,0.000410262969751214,3.9127947909406817e-08,2.5964950276505794e-08,8.390124394374318e-10,8.923160806296777e-07,9.209412812864152e-07,0.04384987423043584,0.029098377626662512,0.0009110379309584851,False,1e-24,False
UniGCN,real,,237,restart,1934.056100838043,339.4571841842916,409.87813471675844,2302.3033592876973,2379.33896316616,0.8400526772616164,0.14744242230933252,0.17226554982789763,0.03962091696008167,0.03528080148360345,0.03705446166905186,0.09355533988734598,0.09686523441278834,0.4235024639725635,0.37711157402759243,0.38253623081265004,False,1e-24,False
UniGCN,real,,238,base,0.0018459907670362343,0.00024187098022486253,8.812312368214646e-06,0.021250942135727018,0.021890736697438608,0.08686630245596313,0.011381659160335757,0.00040255896775030683,3.781681764977138e-08,2.5138375134005586e-08,7.966648210921761e-10,8.635435058607427e-07,8.911934678043342e-07,0.043792602680831016,0.02911072223159011,0.0008939302742590207,False,1e-24,False
UniGCN,real,,238,restart,1934.0561008380425,339.4571841842916,409.8781347167583,2302.303359287697,2379.3389631661594,0.8400526772616163,0.14744242230933255,0.17226554982789763,0.039620916960081666,0.03528080148360345,0.03705446166905185,0.09355533988734596,0.09686523441278833,0.42350246397256347,0.3771115740275925,0.38253623081265004,False,1e-24,False
UniGCN,real,,239,base,0.001784197916230358,0.00023417287964104354,8.367686827608747e-06,0.020566004534088404,0.021183957360071153,0.08675471763477578,0.01138640610785139,0.0003950011173729364,3.655093430262055e-08,2.4338288492295035e-08,7.564690686087023e-10,8.357106966592874e-07,8.62419784335077e-07,0.043736348533925815,0.02912286343777357,0.0008771471646976856,False,1e-24,False
UniGCN,real,,239,restart,1934.0561008380425,339.4571841842916,409.87813471675827,2302.303359287696,2379.338963166159,0.8400526772616166,0.14744242230933263,0.17226554982789766,0.039620916960081666,0.03528080148360345,0.037054461669051846,0.09355533988734592,0.09686523441278831,0.42350246397256364,0.3771115740275927,0.38253623081265015,False,1e-24,False
UniGCN,real,,240,base,0.0017245344325394723,0.00022672138199891252,7.945644003944335e-06,0.019903423381511482,0.020500306105355803,0.08664511624374188,0.01139107467359191,0.00038758660300533256,3.532867299807956e-08,2.3563832032640796e-08,7.183148751848979e-10,8.087863538344298e-07,8.345876679070425e-07,0.04368109430950148,0.029134804167905943,0.000860682349867773,False,1e-24,False
UniGCN,real,,240,restart,1934.0561008380423,339.45718418429163,409.8781347167583,2302.3033592876955,2379.3389631661585,0.8400526772616166,0.14744242230933266,0.1722655498278977,0.03962091696008166,0.03528080148360345,0.03705446166905185,0.0935553398873459,0.09686523441278828,0.42350246397256364,0.3771115740275928,0.38253623081265026,False,1e-24,False
UniGCN,real,,241,base,0.0016669239954332652,0.00021950850151143417,7.545026995532314e-06,0.019262454839599537,0.019839010631235485,0.0865374641661156,0.01139566599061772,0.00038031266456670294,3.41484702399331e-08,2.2814175768286926e-08,6.820976527355187e-10,7.827402511113632e-07,8.076656773422592e-07,0.04362682280801051,0.029146547320001142,0.000844529700680187,False,1e-24,False
UniGCN,real,,241,restart,1934.0561008380425,339.4571841842916,409.87813471675827,2302.3033592876955,2379.338963166158,0.8400526772616168,0.14744242230933263,0.17226554982789774,0.039620916960081666,0.03528080148360345,0.037054461669051846,0.0935553398873459,0.09686523441278827,0.42350246397256375,0.3771115740275927,0.3825362308126503,False,1e-24,False
UniGCN,real,,242,base,0.0016112931601924506,0.0002125265157139332,7.164738830993873e-06,0.018642380530511263,0.019199325200573866,0.08643172783407728,0.011400181182124207,0.00037317659637223704,3.3008821445598114e-08,2.2088517080358735e-08,6.477182310915185e-10,7.57543196818695e-07,7.816234529468628e-07,0.043573517106639946,0.029158095766841457,0.0008286832088386074,False,1e-24,False
UniGCN,real,,242,restart,1934.0561008380425,339.4571841842916,409.8781347167583,2302.303359287695,2379.338963166158,0.8400526772616169,0.14744242230933266,0.17226554982789774,0.039620916960081666,0.03528080148360345,0.03705446166905185,0.09355533988734589,0.09686523441278827,0.4235024639725638,0.3771115740275928,0.3825362308126503,False,1e-24,False
UniGCN,real,,243,base,0.0015575712429587519,0.00020576795651921364,6.803739320194832e-06,0.018042506629680405,0.018580529688624694,0.08632787422100795,0.01140462136124256,0.0003661757460208572,3.190827859126703e-08,2.1386079788194577e-08,6.150825733131564e-10,7.331669970206186e-07,7.564316777326341e-07,0.04352116055541665,0.02916945235546813,0.000813136984369607,False,1e-24,False
UniGCN,real,,243,restart,1934.056100838042,339.4571841842916,409.8781347167583,2302.3033592876945,2379.3389631661566,0.8400526772616169,0.1474424223093327,0.17226554982789782,0.03962091696008166,0.03528080148360345,0.03705446166905185,0.09355533988734586,0.09686523441278821,0.4235024639725638,0.3771115740275929,0.3825362308126505,False,1e-24,False
UniGCN,real,,244,base,0.0015056902106844448,0.00019922560159123004,6.461042073655444e-06,0.01746216299265685,0.017981928666580892,0.08622587083384885,0.011408987630856954,0.0003593075133071338,3.084544795742298e-08,2.0706113252785647e-08,5.841015062338928e-10,7.095844200356313e-07,7.320620401073797e-07,0.04346973677335545,0.029180619906713712,0.0007978852532064305,False,1e-24,False
UniGCN,real,,244,restart,1934.0561008380425,339.4571841842916,409.8781347167584,2302.3033592876945,2379.338963166157,0.8400526772616171,0.14744242230933272,0.17226554982789782,0.039620916960081666,0.03528080148360345,0.03705446166905185,0.09355533988734586,0.09686523441278823,0.4235024639725639,0.37711157402759293,0.3825362308126505,False,1e-24,False
UniGCN,real,,245,base,0.001455584575758553,0.000192892466025137,6.135711681218233e-06,0.016900702314697223,0.017402850519742285,0.08612568570554283,0.011413281083437194,0.000352569349156778,2.981898797016061e-08,2.0047891512058628e-08,5.546904654017862e-10,6.867691622860427e-07,7.084871979746712e-07,0.04341922964464858,0.029191601214774092,0.000782922354825128,False,1e-24,False
UniGCN,real,,245,restart,1934.0561008380423,339.4571841842916,409.8781347167583,2302.303359287694,2379.3389631661566,0.8400526772616173,0.14744242230933274,0.17226554982789785,0.03962091696008166,0.03528080148360345,0.03705446166905185,0.09355533988734585,0.09686523441278821,0.42350246397256397,0.377111574027593,0.38253623081265054,False,1e-24,False
UniGCN,real,,246,base,0.0014071912950976366,0.00018676179432206133,5.826861041274899e-06,0.016357499321792448,0.016842646598904217,0.08602728738755877,0.01141750280088632,0.00034595875458516095,2.8827607133968073e-08,1.941071244678973e-08,5.267692536319736e-10,6.646958154249441e-07,6.856807441860384e-07,0.04336962331489692,0.029202399046818657,0.0007682427399318232,False,1e-24,False
UniGCN,real,,246,restart,1934.056100838042,339.4571841842916,409.87813471675827,2302.3033592876936,2379.3389631661566,0.8400526772616173,0.14744242230933274,0.17226554982789782,0.03962091696008166,0.03528080148360345,0.037054461669051846,0.09355533988734584,0.09686523441278821,0.42350246397256397,0.377111574027593,0.3825362308126505,False,1e-24,False
UniGCN,real,,247,base,0.001360449673499314,0.00018082705264742336,5.533648832341181e-06,0.015831949991876672,0.016300690403630677,0.08593064494249646,0.011421653854402346,0.0003394732796783051,2.787006205183512e-08,1.8793896975988866e-08,5.002618124279179e-10,6.433398346896124e-07,6.636171732912141e-07,0.04332090218738187,0.02921301614263669,0.0007538409681998823,False,1e-24,False
UniGCN,real,,247,restart,1934.0561008380419,339.4571841842915,409.87813471675827,2302.3033592876936,2379.338963166156,0.840052677261617,0.14744242230933272,0.17226554982789785,0.03962091696008165,0.03528080148360344,0.037054461669051846,0.09355533988734584,0.0968652344127882,0.42350246397256386,0.37711157402759293,0.38253623081265054,False,1e-24,False
UniGCN,real,,248,base,0.001315301271066405,0.00017508192136210266,5.255277119228445e-06,0.015323470805015716,0.015776376796132877,0.0858357279367725,0.011425735304353792,0.0003331105225958234,2.6945155528751576e-08,1.8196788280641305e-08,4.750960055706866e-10,6.226775084325132e-07,6.422718495343557e-07,0.04327305091937802,0.029223455214319027,0.0007397117060558221,False,1e-24,False
UniGCN,real,,248,restart,1934.0561008380423,339.4571841842916,409.8781347167583,2302.3033592876936,2379.338963166156,0.8400526772616174,0.14744242230933277,0.17226554982789785,0.03962091696008166,0.03528080148360345,0.03705446166905185,0.09355533988734584,0.0968652344127882,0.423502463972564,0.3771115740275931,0.38253623081265054,False,1e-24,False
UniGCN,real,,249,base,0.0012716898145187863,0.00016952028781617957,4.9909890864939275e-06,0.014831498021425015,0.015269121244529843,0.08574250643338602,0.011429748200168118,0.00032686812859528163,2.6051734754849162e-08,1.7618751054739687e-08,4.512034142146786e-10,6.026859287831694e-07,6.216209760464387e-07,0.043226054418506084,0.02923371894597269,0.000725849724512789,False,1e-24,False
UniGCN,real,,249,restart,1934.056100838042,339.4571841842916,409.8781347167582,2302.3033592876936,2379.338963166156,0.8400526772616171,0.14744242230933274,0.17226554982789782,0.03962091696008166,0.03528080148360345,0.03705446166905184,0.09355533988734584,0.0968652344127882,0.4235024639725639,0.377111574027593,0.3825362308126505,False,1e-24,False
UniGCN,real,,250,base,0.001229561112218805,0.0001641362393954126,4.74006689225996e-06,0.014355486986216021,0.014778359094320147,0.08565095098476394,0.011433693580232726,0.0003207437890774854,2.518868956461901e-08,1.705917078258359e-08,4.285191428651418e-10,5.833429633961568e-07,6.016415651861516e-07,0.043179897839125896,0.029243809993467693,0.000712249897050506,False,1e-24,False
UniGCN,real,,250,restart,1934.0561008380423,339.4571841842916,409.8781347167584,2302.303359287693,2379.338963166156,0.8400526772616175,0.14744242230933277,0.17226554982789788,0.03962091696008166,0.03528080148360345,0.03705446166905185,0.09355533988734581,0.0968652344127882,0.4235024639725641,0.3771115740275931,0.3825362308126506,False,1e-24,False
UniGCN,real,,251,base,0.001188862972744403,0.00015892405681101036,4.501829635877147e-06,0.013894911459817019,0.014303544866943872,0.08556103262568461,0.011437572471807834,0.00031473524065220196,2.4354950768807244e-08,1.6517453041365433e-08,4.0698163564759455e-10,5.646272282423918e-07,5.823114099836632e-07,0.04313456657876899,0.029253730984214184,0.0006989071975405951,False,1e-24,False
UniGCN,real,,251,restart,1934.0561008380423,339.4571841842916,409.8781347167583,2302.3033592876936,2379.338963166156,0.8400526772616174,0.14744242230933274,0.17226554982789785,0.03962091696008166,0.03528080148360345,0.03705446166905185,0.09355533988734584,0.0968652344127882,0.423502463972564,0.377111574027593,0.38253623081265054,False,1e-24,False
UniGCN,real,,252,base,0.0011495451268519895,0.00015387820762364186,4.275631433269192e-06,0.01344926297305891,0.013844151584362138,0.08547272286628033,0.0114413858909507,0.00030884026422383254,2.3549488555752724e-08,1.5993022828101476e-08,3.865325023120558e-10,5.465180614026946e-07,5.636090566435887e-07,0.043090046274610855,0.02926348451696866,0.0006858166982162047,False,1e-24,False
UniGCN,real,,252,restart,1934.0561008380423,339.4571841842916,409.8781347167583,2302.303359287693,2379.3389631661557,0.8400526772616174,0.14744242230933277,0.1722655498278979,0.03962091696008166,0.03528080148360345,0.03705446166905185,0.09355533988734581,0.09686523441278817,0.423502463972564,0.3771115740275931,0.3825362308126507,False,1e-24,False
UniGCN,real,,253,base,0.001111559152678578,0.00014899333999299916,4.060859594139105e-06,0.013018050205959406,0.013399670118626902,0.08538599368511639,0.011445134842450749,0.0003030566840965807,2.2771310959084043e-08,1.5485323910005165e-08,3.6711635344591283e-10,5.28995497824349e-07,5.455137780653357e-07,0.043046322799981884,0.029273073161668016,0.0006729735676849278,False,1e-24,False
UniGCN,real,,253,restart,1934.0561008380423,339.45718418429163,409.8781347167583,2302.303359287693,2379.338963166156,0.8400526772616174,0.14744242230933277,0.17226554982789788,0.03962091696008166,0.03528080148360345,0.03705446166905185,0.09355533988734581,0.0968652344127882,0.423502463972564,0.3771115740275931,0.3825362308126506,False,1e-24,False
UniGCN,real,,254,base,0.0010748584040398395,0.00014426427664457247,3.856932895538721e-06,0.012600798389279525,0.01296960856545744,0.0853008175223488,0.011448820319775075,0.00029738236709865476,2.201946238883926e-08,1.4993818197435988e-08,3.4868064439837857e-10,5.120402450030284e-07,5.280055483407847e-07,0.04300338226091785,0.029282499459290172,0.0006603730689839901,False,1e-24,False
UniGCN,real,,254,restart,1934.056100838042,339.45718418429163,409.8781347167584,2302.303359287693,2379.3389631661553,0.8400526772616174,0.1474424223093328,0.17226554982789793,0.03962091696008166,0.03528080148360345,0.03705446166905185,0.09355533988734581,0.09686523441278816,0.423502463972564,0.37711157402759315,0.38253623081265076,False,1e-24,False
UniGCN,real,,255,base,0.001039397941687442,0.0001396860090456361,3.6632999466076226e-06,0.012197048727965442,0.01255349164088149,0.08521716727295729,0.011452443305023735,0.0002918152217250683,2.129302222320929e-08,1.4517985138592265e-08,3.3117552744699237e-10,4.956336595540429e-07,5.110650181909563e-07,0.042961210992748446,0.029291765921739727,0.0006480105576767353,False,1e-24,False
UniGCN,real,,255,restart,1934.0561008380423,339.4571841842915,409.8781347167583,2302.303359287693,2379.3389631661557,0.8400526772616175,0.14744242230933277,0.1722655498278979,0.03962091696008166,0.03528080148360344,0.03705446166905185,0.09355533988734581,0.09686523441278817,0.4235024639725641,0.3771115740275931,0.3825362308126507,False,1e-24,False
UniGCN,real,,256,base,0.0010051344673955025,0.00013525369178276332,3.4794376395741612e-06,0.01180635784562564,0.012150860100038675,0.08513501628005571,0.011456004768894582,0.0002863531972986082,2.0591103458238308e-08,1.4057321135149443e-08,3.14553711762526e-10,4.797577246383698e-07,4.946734913049243e-07,0.04291979555672481,0.02930087503175801,0.0006358814799894548,False,1e-24,False
UniGCN,real,,256,restart,1934.056100838042,339.4571841842916,409.87813471675827,2302.303359287693,2379.3389631661553,0.8400526772616173,0.14744242230933277,0.17226554982789793,0.03962091696008166,0.03528080148360345,0.037054461669051846,0.09355533988734581,0.09686523441278816,0.42350246397256397,0.3771115740275931,0.38253623081265076,False,1e-24,False
