family,features,seed,step,variant,energy_un,energy_sym,energy_op,norm_f2,norm_pi2,R_un,R_sym,R_op,energy_un_relative,energy_sym_relative,energy_op_relative,norm_f2_relative,norm_pi2_relative,R_un_relative,R_sym_relative,R_op_relative,zero_state,resolution_R_op,censored_R_op
UniGCN,real,,0,base,417759.360095268,38129.4524086256,39728.53196769216,47341.91027201583,47408.5954354284,8.824302984288506,0.8054058695465064,0.8380027208737566,1.0,1.0,1.0,1.0,1.0,1.0,1.0,1.0,False,1e-24,False
UniGCN,real,,0,restart,417759.360095268,38129.4524086256,39728.53196769216,47341.91027201583,47408.5954354284,8.824302984288506,0.8054058695465064,0.8380027208737566,1.0,1.0,1.0,1.0,1.0,1.0,1.0,1.0,False,1e-24,False
UniGCN,real,,1,base,8286.453632756326,1449.0731151064879,1066.6621621347094,2765.482654355782,2183.950832640012,2.996386044839125,0.5239856098262344,0.48840942121636627,0.019835470905706674,0.03800403686832597,0.026848768612999223,0.0584151048925983,0.04606655844960864,0.33956064860580265,0.6505857849301134,0.5828255792619844,False,1e-24,False
UniGCN,real,,1,restart,19179.922570342216,2650.7270903785497,2200.9189653851026,4327.306498728994,3587.0734701208016,4.4323004566410305,0.6125582024654633,0.6135695250510111,0.04591141313020091,0.06951914918607395,0.0553989502349325,0.09140540535574665,0.07566293489977949,0.5022833491248716,0.7605584036907649,0.7321808268250768,False,1e-24,False
UniGCN,real,,2,base,1040.3486729673011,168.8390156044389,109.60587902886455,777.7260539756948,758.3922596288999,1.337680109402396,0.21709317148543852,0.14452399485524473,0.0024903060765174827,0.0044280472164935775,0.002758870605085476,0.01642785535072535,0.01599693584387767,0.15159045556165834,0.26954505758404207,0.17246244105813227,False,1e-24,False
UniGCN,real,,2,restart,7420.244798225438,913.3954531429642,789.2387206406952,1802.4304841468822,1635.9287552222274,4.116799434701945,0.5067576592698876,0.4824407652969482,0.017762007287001988,0.023955115939098486,0.019865791197180807,0.03807261840070515,0.03450700743603342,0.4665297012162687,0.629195388848139,0.5757031012905588,False,1e-24,False
UniGCN,real,,3,base,462.5139244503647,32.25007170274135,20.950999367387116,497.1363521584679,569.0455650203531,0.9303562743746671,0.0648716827138428,0.0368177886890969,0.0011071300098336291,0.000845804743197565,0.0005273539778521086,0.010500977871447005,0.01200300409227281,0.10543113445120228,0.08054533144930964,0.04393516604660694,False,1e-24,False
UniGCN,real,,3,restart,6012.473947109556,646.9719996110833,597.8728477045453,1349.7153060011863,1317.161750227243,4.454623816131098,0.4793396034959943,0.45390996785428783,0.01439219445792535,0.01696777579383034,0.015048953940476444,0.028509946012867448,0.027783184423197008,0.5048131080791838,0.5951528559953162,0.5416569141696956,False,1e-24,False
UniGCN,real,,4,base,355.41426063771235,8.134499852858768,5.6169537894952635,420.02131283198514,507.84926294394785,0.846181490747074,0.019366874023634822,0.011060277525922523,0.0008507631296559384,0.00021333901587893225,0.0001413833713781082,0.008872082060454221,0.010712176943433186,0.09589216193660657,0.024046104896826213,0.013198379015273784,False,1e-24,False
UniGCN,real,,4,restart,5707.066482594331,582.1575669051523,554.2990245083772,1217.259826272884,1222.7052298855185,4.688453820141869,0.4782525097272411,0.4533382298203435,0.013661133723713246,0.015267923616271429,0.013952164780695686,0.02571209778563616,0.025790792126522105,0.5313115187102672,0.5938031094763774,0.5409746514279373,False,1e-24,False
UniGCN,real,,5,base,317.5955855204103,2.512741870873142,1.882753054429043,383.15812299539175,471.6117566242713,0.8288890838006063,0.006557976250717157,0.0039921673452449884,0.0007602357142829407,6.590028736695712e-05,4.739045117398564e-05,0.008093423370410118,0.009947811199482116,0.09393252762019014,0.008142449041760405,0.00476390737858523,False,1e-24,False
UniGCN,real,,5,restart,5612.078133259866,562.0811414822366,541.2070172912423,1164.287509293324,1181.3056711153486,4.820182376315429,0.4827683342780147,0.45814307890374645,0.013433757970090865,0.014741390341999333,0.013622628133638567,0.024593167081843406,0.024917542067330684,0.5462394463220116,0.5994100024995389,0.5467083429348015,False,1e-24,False
UniGCN,real,,6,base,295.02264733865206,0.9250435777597128,0.737211932576486,357.45867708767247,442.85254903653646,0.8253335734980438,0.00258783360721953,0.001664689373879305,0.0007062023631771496,2.4260604842844546e-05,1.8556233922159468e-05,0.007550575695695344,0.009341186866413536,0.09352960511074174,0.003213080143898928,0.0019864963829038535,False,1e-24,False
UniGCN,real,,6,restart,5573.59447607396,554.8696036214877,536.5357742485843,1137.291375656299,1157.3933338475122,4.900762104924603,0.4878869351324221,0.4635725457869912,0.013341638772146072,0.014552257338370948,0.013505049083739194,0.024022929559066833,0.024413153843039048,0.5553710149855814,0.6057653086227603,0.5531873993244796,False,1e-24,False
UniGCN,real,,7,base,277.14541850851253,0.3996909838557224,0.32109230497690994,336.0061779726955,417.4117825978158,0.8248223892211705,0.0011895346278073553,0.0007692459062332903,0.0006634092374263281,1.0482473746864111e-05,8.082158818202169e-06,0.007097435993648768,0.008804559147219206,0.09347167597143367,0.0014769381162781162,0.0009179515615787311,False,1e-24,False
UniGCN,real,,7,restart,5554.23634893559,552.0027906872446,534.6588048728516,1120.6645907827153,1140.8993763249862,4.95619866516555,0.49256735264715074,0.46862923757138913,0.013295300786723183,0.014477071025608832,0.013457804212540354,0.023671723095743957,0.024065243145178546,0.5616532743707874,0.6115765619196404,0.5592216181383821,False,1e-24,False
UniGCN,real,,8,base,261.3230807038791,0.1995824114160434,0.1499779176593645,316.764660498637,394.01499308847605,0.8249754890350324,0.0006300652702289123,0.0003806401286503506,0.0006255349506574447,5.234337206764976e-06,3.7750681998853824e-06,0.00669099870872509,0.008311045485942177,0.09348902576258823,0.0007822953544945957,0.00045422302239480825,False,1e-24,False
UniGCN,real,,8,restart,5542.630868103815,550.7742804173029,533.834262339744,1108.951379388656,1128.2928067637838,4.99808284756304,0.49666224385863905,0.47313450829391485,0.013267520485572951,0.0144448515681465,0.01343704979519168,0.02342430571594754,0.023799329982271775,0.5663997322465045,0.6166608198898411,0.5645978187285523,False,1e-24,False
UniGCN,real,,9,base,246.74718010344455,0.11369090768134772,0.07323769553074658,299.007088746087,372.1729190411581,0.8252218405195708,0.0003802281349185423,0.00019678405328209093,0.0005906442887292221,2.981708377632738e-06,1.8434533546395467e-06,0.006315906709891096,0.007850325782126707,0.0935169431499419,0.0004720950632413871,0.0002348250767932006,False,1e-24,False
UniGCN,real,,9,restart,5534.705899947719,550.2157127705294,533.4455624694925,1099.9589772009485,1118.1009164348752,5.031738469039831,0.5002147572545443,0.47709965587937475,0.01324855031060359,0.014430202324281487,0.013427265898052779,0.02323435980679349,0.023584350183032832,0.5702137016372556,0.6210716561281039,0.5693294830617248,False,1e-24,False
UniGCN,real,,10,base,233.11689725520174,0.07317633612325272,0.03678618356668927,282.41855879475924,351.65183072785953,0.825430517916543,0.0002591059753138668,0.00010460967454811233,0.0005580171733364407,1.9191551805946957e-06,9.259386578040274e-07,0.0059655083027289465,0.007417469922871211,0.0935405911816724,0.00032170857590069413,0.00012483214188020706,False,1e-24,False
UniGCN,real,,10,restart,5528.79632412321,549.9488420091158,533.2514290101609,1092.6911568606122,1109.6054406913163,5.059797811494949,0.5032976047771468,0.48057751832753265,0.013234404425701904,0.0144232032528405,0.013422379398358062,0.023080842124499363,0.02340515323223664,0.5733934816725827,0.6248993505107365,0.5734796634388621,False,1e-24,False
UniGCN,real,,11,base,220.29410406755625,0.052583672723527576,0.018819764922807715,266.8344355859667,332.3148970069493,0.8255834880673921,0.0001970647926608654,5.663232401650101e-05,0.0005273229641517051,1.3790828192337784e-06,4.737090446259689e-07,0.005636325911920258,0.007009591698610221,0.09355792627897375,0.00024467762169628235,6.758011949824272e-05,False,1e-24,False
UniGCN,real,,11,restart,5524.135257121129,549.8156397109096,533.1496760270778,1086.6388139521673,1102.4020798372412,5.083690354322551,0.5059782815149028,0.48362542649211265,0.013223247124520146,0.014419709830045474,0.013419818191637265,0.02295299889059373,0.0232532111468845,0.5761010658149385,0.6282277056160517,0.577116773544426,False,1e-24,False
UniGCN,real,,12,base,208.1999327652561,0.04139577948937816,0.009750336009466535,252.15275891594857,314.067325333664,0.8256896877129015,0.00016416944897746226,3.104536901158952e-05,0.0004983728736030645,1.0856641486939805e-06,2.454240196289069e-07,0.005326205838909673,0.006624691629209537,0.09356996118367937,0.0002038344332775969,3.704685944124332e-05,False,1e-24,False
UniGCN,real,,12,restart,5520.327950260675,549.7464499900248,533.0941297562059,1081.5100670213446,1096.2333231183711,5.104277915289831,0.5083137612432183,0.48629622774078224,0.013214133488240193,0.01441789522961158,0.013418420046069815,0.022844664712666517,0.023123092195622336,0.57843411818224,0.6311274606546269,0.5803038768582254,False,1e-24,False
UniGCN,real,,13,base,196.77983002752234,0.03487589227962063,0.005098353441341443,238.30097399581166,296.83491446766186,0.8257617529963638,0.0001463522859131646,1.717572021635236e-05,0.0004710363161764889,9.146706830683739e-07,1.2832977179945892e-07,0.005033615513750682,0.006261204571478138,0.09357812786648599,0.0001817124650402288,2.0496019629201e-05,False,1e-24,False
UniGCN,real,,13,restart,5517.149030218753,549.7091651641357,533.0627530172496,1077.118719475927,1090.918429976131,5.122136427916809,0.5103515102138388,0.48863667380604514,0.01320652403565678,0.01441691738116284,0.013417630267605769,0.02275190657257065,0.023010983977831342,0.5804579055180528,0.6336575502003711,0.5830967628560447,False,1e-24,False
UniGCN,real,,14,base,185.99048923543273,0.03075890466654873,0.0026850967027895033,225.22182068152966,280.55478968700737,0.8258102552968383,0.0001365716011595641,9.570667839194802e-06,0.000445209627841776,8.066967324081079e-07,6.758610423795837e-08,0.0047573454342559555,0.0059178042949854836,0.09358362431199119,0.00016956866882092926,1.1420807595010904e-05,False,1e-24,False
UniGCN,real,,14,restart,5514.457295175857,549.6883885332005,533.0445174913989,1073.3347746425422,1086.3213526023485,5.13768623308824,0.512131351298355,0.49068769219573793,0.013200080768790702,0.014416372483986964,0.013417171264341677,0.02267197855928088,0.02291401680697213,0.5822200622797955,0.635867418729785,0.5855442708874677,False,1e-24,False
UniGCN,real,,15,base,175.79453856343548,0.027918446615126883,0.0014225010426106464,212.86680473766634,265.1710750757554,0.825842896359918,0.00013115453416766005,5.36446534451112e-06,0.00042080335081743324,7.322016145401345e-07,3.5805527467449486e-08,0.004496371259938227,0.0055933121966653615,0.09358732330817683,0.00016284278414994445,6.401489172872585e-06,False,1e-24,False
UniGCN,real,,15,restart,5512.157008281424,549.6764606496854,533.0336686791727,1070.0609744361611,1082.3347102071168,5.151255059260433,0.5136870456744973,0.4924850544404796,0.013194574520184068,0.014416059658001756,0.013416898190767374,0.022602826296780898,0.022829925676268594,0.5837577277697897,0.6377989844595187,0.587689087604611,False,1e-24,False
UniGCN,real,,16,base,166.15822898673332,0.02577988907801797,0.0007574184341115267,201.19297236906073,250.63273895845398,0.8258649744581484,0.00012813513700035367,3.0220251243277515e-06,0.00039773669930182233,6.761148521552352e-07,1.9064848273967708e-08,0.0042497856806590975,0.005286651854088813,0.09358982527329177,0.0001590938703643937,3.6062235229699373e-06,False,1e-24,False
UniGCN,real,,16,restart,5510.178996904665,549.6694346762375,533.0270908796386,1067.2208996997979,1078.8710618335115,5.1631100913172165,0.5150474797025206,0.4940600501173643,0.013189839709750836,0.014415875391693062,0.013416732622114111,0.022542835588335784,0.0227568661742565,0.5851011802869904,0.6394881129839846,0.5895685512837296,False,1e-24,False
UniGCN,real,,17,base,157.05036398347798,0.024044700478968548,0.00040508260900777343,190.16123069873407,236.8924552461936,0.8258800356224425,0.00012644375717709645,1.7099852698423255e-06,0.0003759349974771682,6.306070231821422e-07,1.0196264219810406e-08,0.00401676294019635,0.0049968250075842595,0.09359153205560884,0.00015699383622358272,2.0405485892210262e-06,False,1e-24,False
UniGCN,real,,17,restart,5508.470772599949,549.6652066534365,533.0230415165643,1064.7524858882098,1075.8577341385012,5.173475380998822,0.516237542469703,0.49544007967130077,0.013185750694715179,0.014415764505684112,0.013416630696297227,0.022490695448713086,0.02269330538602107,0.5862758101359496,0.6409657068434041,0.5912153592469515,False,1e-24,False
UniGCN,real,,18,base,148.44176917522398,0.022555386554365613,0.00021750638015129758,179.7354288233905,223.90596067074839,0.8258904220885916,0.00012549215645474504,9.71418445045948e-07,0.00035532840997595496,5.915476129225281e-07,5.47481543813844e-09,0.0037965394254408334,0.004722898002234921,0.09359270908524707,0.00015581231922906762,1.1592067911582476e-06,False,1e-24,False
UniGCN,real,,18,restart,5506.991021464563,549.6626182348733,533.0205182781071,1062.604212536664,1073.233503874964,5.1825420570451115,0.5172787871061708,0.4966491600882841,0.013182208581056617,0.014415696620666111,0.013416567184298869,0.022445317614586784,0.022637951916055665,0.5873032766749423,0.6422585266201635,0.5926581712890444,False,1e-24,False
UniGCN,real,,19,base,140.30500520919506,0.021227492501778224,0.00011720754722157288,169.88182645689687,211.63166225223446,0.8258976733146546,0.00012495446360864356,5.538280329806151e-07,0.00033585125460073277,5.567216721154948e-07,2.9502108790953524e-09,0.0035884024425882816,0.004463993508107231,0.09359353081882488,0.00015514471440219413,6.608904949654073e-07,False,1e-24,False
UniGCN,real,,19,restart,5505.706337885675,549.6610123591095,533.0189307748503,1060.7326889051794,1070.946317765237,5.190474843919738,0.5181899437137498,0.4977083556224467,0.013179133405006474,0.014415654504253143,0.013416527225529233,0.022405785546262307,0.022589707793049692,0.5882022470399388,0.6433898277964165,0.5939221236698412,False,1e-24,False
UniGCN,real,,20,base,132.6141933326244,0.020014767271226773,6.336560415538973e-05,160.56876556418362,200.03037490069326,0.825902801623115,0.0001246491943866028,3.167799099854115e-07,0.0003174415847974834,5.249162001261539e-07,1.5949646517751925e-09,0.0033916832810841823,0.004219284985422934,0.09359411197616609,0.00015476568907647526,3.780177582897535e-07,False,1e-24,False
UniGCN,real,,20,restart,5504.589174360591,549.6600062228624,533.0179243013725,1059.10101425162,1068.951634171177,5.197416582827308,0.5189873287122306,0.49863614710187865,0.013176459225486404,0.01441562811687584,0.013416501891759575,0.022371319791834904,0.022547633490368087,0.5889889084816334,0.6443798690025102,0.5950292698118783,False,1e-24,False
UniGCN,real,,21,base,125.34489471009367,0.018891109141430922,3.435914182644685e-05,151.76645104128113,189.0651289975449,0.825906475707199,0.00012447486919419667,1.817317768148193e-07,0.000300040900774813,4.954466415876824e-07,8.648480103515585e-10,0.003205752580942883,0.003987992625832081,0.09359452833585936,0.00015454924517036827,2.1686299135799204e-07,False,1e-24,False
UniGCN,real,,21,restart,5503.616485346132,549.6593715946683,533.017282268306,1057.6775963997145,1067.2111627854767,5.20349159713715,0.5196851795534702,0.4994487509642451,0.013174130877860065,0.014415611472834187,0.01341648573125641,0.022341253031881052,0.022510921342081165,0.5896773497467009,0.6452463276013686,0.5959989610099202,False,1e-24,False
UniGCN,real,,22,base,118.4740164389414,0.017841131912021708,1.8681452879398543e-05,143.4467916687203,178.70101726404715,0.825909140669722,0.00012437456219463228,1.0454027159674744e-07,0.0002835939245309165,4.6790947115688734e-07,4.702276161271346e-10,0.003030016973216917,0.0037693801223755313,0.09359483033846827,0.00015442470299435848,1.2474932239807873e-07,False,1e-24,False
UniGCN,real,,22,restart,5502.768786907314,549.6589697431172,533.0168706750228,1056.4352595261028,1065.6918746272067,5.208808336609055,0.5202959336946817,0.5001603966075835,0.013172101722992956,0.01441560093369644,0.013416475371113137,0.022315011233303986,0.02247887466058141,0.5902798607304434,0.6460046460645249,0.5968481773974236,False,1e-24,False
UniGCN,real,,23,base,111.97973173381011,0.016855204958060466,1.018257064327231e-05,135.58327561125932,168.90506499716406,0.8259110958115169,0.0001243162542140319,6.028576255805754e-08,0.000268048408797528,4.420521117750829e-07,2.5630372276410644e-10,0.002863916450186076,0.003562751932341397,0.09359505190178023,0.0001543523072212395,7.193981720632082e-08,False,1e-24,False
UniGCN,real,,23,restart,5502.029477102714,549.6587150007565,533.0166057376331,1055.3505458804573,1064.3652051089052,5.213461535202488,0.520830464480584,0.5007835686277392,0.013170332020443546,0.01441559425270984,0.01341646870241997,0.0222920988996146,0.022450890926701154,0.5908071770070624,0.6466683248457625,0.5975918170117508,False,1e-24,False
UniGCN,real,,24,base,105.84140843328076,0.015926832073046036,5.562753528991264e-06,128.15086669260904,159.64611527103017,0.8259125448379433,0.00012428189121224724,3.484427741663124e-08,0.0002533549659046398,4.1770419103745346e-07,1.4001910600459588e-10,0.0027069221743753757,0.0033674508557941115,0.0935952161103788,0.00015430964177381236,4.15801483082302e-08,False,1e-24,False
UniGCN,real,,24,restart,5501.384326995456,549.658553800244,533.0164346246336,1054.4031546698077,1063.2064008198151,5.217534016880143,0.5212982826975444,0.5013292190619208,0.013168787710084801,0.014415590024993407,0.013416464395364284,0.022272087218522602,0.022426448011266795,0.5912686844694541,0.6472491726327594,0.59824294906728,False,1e-24,False
UniGCN,real,,25,base,100.03954307200823,0.015051259663759803,3.0452452584604367e-06,121.1259139561712,150.8947245726497,0.825913628261307,0.0001242612680652798,2.0181257277780273e-08,0.0002394669099674863,3.947410390912125e-07,7.665134118061236e-11,0.0025585345682125897,0.0031828558341951262,0.09359533888759594,0.00015428403586783719,2.4082567723333846e-08,False,1e-24,False
UniGCN,real,,25,restart,5500.821087833738,549.6584523176155,533.0163237943134,1053.5754823550712,1062.1939768517525,5.2210982316498855,0.5217077101006153,0.5018069537299825,0.013167439471803342,0.014415587363464795,0.013416461605673483,0.022254604351650924,0.022405092728353136,0.5916725933987019,0.6477575217999954,0.598813036318982,False,1e-24,False
UniGCN,real,,26,base,94.55569919036425,0.014224733924060694,1.6702284996929732e-06,114.4860703598159,142.62306635366951,0.8259144443790157,0.00012424859967115714,1.1710788040072176e-08,0.00022634010921694558,3.730642069447289e-07,4.204103240087573e-11,0.0024182815966234785,0.0030083799159991024,0.09359543137282794,0.00015426830666272253,1.3974642024863285e-08,False,1e-24,False
UniGCN,real,,26,restart,5500.329180261387,549.6583890359975,533.0162518338126,1052.8522406302955,1061.3092613596361,5.224217575838169,0.5220660296139387,0.5022251960290718,0.013166261981555754,0.0144155857038129,0.013416459794368176,0.022239327365136858,0.022386431228597858,0.5920260880819462,0.6482024148990798,0.5993121305207921,False,1e-24,False
UniGCN,real,,27,base,89.37244921071058,0.013444101821319181,9.176516671688838e-07,108.21021824320395,134.80484103798315,0.8259150629365221,0.00012424059427644234,6.807260481916392e-09,0.00021393284686746367,3.525910017600429e-07,2.309805124224404e-11,0.0022857171926830306,0.0028434683584243805,0.09359550146986648,0.00015425836708440866,8.123196157189915e-09,False,1e-24,False
UniGCN,real,,27,restart,5499.89944340187,549.6583501921565,533.0162050113964,1052.2201355746304,1060.5360103506282,5.226947534508364,0.5223796158319868,0.5025913309960817,0.013165233310745315,0.014415584685077025,0.013416458615809245,0.02222597545238063,0.022370120873863534,0.5923354562751119,0.6485917666904004,0.5997490443372868,False,1e-24,False
UniGCN,real,,28,base,84.47331950914028,0.012706594787969911,5.049647781074055e-07,102.27840017689267,127.41519158738278,0.8259155341014512,0.00012423536901235826,3.9631442045205025e-09,0.00020220568963404326,3.332488138511908e-07,1.2710381005722801e-11,0.0021604197969457566,0.0026875968464605796,0.09359555486387731,0.00015425187934415042,4.729273671555945e-09,False,1e-24,False
UniGCN,real,,28,restart,5499.523928956318,549.6583269485523,533.0161744881019,1051.6675960145662,1059.8600798978657,5.22933667424716,0.5226540487047004,0.5029118320405712,0.013164334433349807,0.01441558407547991,0.013416457847512683,0.022214304196259166,0.02235586332316931,0.5926062017088363,0.6489325052957302,0.600131502575794,False,1e-24,False
UniGCN,real,,29,base,79.84273844685008,0.012009709789550889,2.7826836947127084e-07,96.67175433499644,120.43062403105199,0.8259158944211481,0.00012423183868096223,2.3106113723991148e-09,0.00019112136333376787,3.1497199752163414e-07,7.004244951652452e-12,0.002041990992326726,0.0025402698165795964,0.09359559569652977,0.00015424749604930552,2.7572838546274884e-09,False,1e-24,False
UniGCN,real,,29,restart,5499.195730033945,549.6583136169702,533.0161545564572,1051.184542130447,1059.2691458863653,5.23142750833138,0.5228942127544721,0.5031923724262212,0.013163548816189015,0.014415583725839901,0.013416457345816705,0.02220410068141695,0.02234339862122923,0.592843142132113,0.6492306953870278,0.6004662752187245,False,1e-24,False
UniGCN,real,,30,base,75.46598718602733,0.011351142458293677,1.5354279196375136e-07,91.3724538295727,113.828932532037,0.8259161708274354,0.00012422937091594095,1.3488907305753478e-09,0.00018064463515268139,2.9770011739601683e-07,3.8647990338181804e-12,0.0019300542226658663,0.0024010188761460914,0.0935956270198295,0.00015424443204752134,1.6096495834391871e-09,False,1e-24,False
UniGCN,real,,30,restart,5498.908837387243,549.6583065326072,533.0161415211304,1050.762187398132,1058.7524634851725,5.233257252055755,0.5231043837746538,0.5034379233145417,0.013162862074791677,0.014415583540042241,0.01341645701770675,0.022195179310693036,0.022332500124945018,0.5930504949086023,0.6494916458321742,0.6007592944204576,False,1e-24,False
UniGCN,real,,31,base,71.32915314270991,0.010728748180337432,8.482148891826928e-08,86.3636496130214,107.58912865895826,0.8259163833664034,0.000124227591450927,7.883834544951186e-10,0.00017074220222484937,2.813769278761105e-07,2.135027012506966e-12,0.0018242535866591681,0.00226940131153004,0.09359565110546758,0.0001542422226459249,9.407886571932588e-10,False,1e-24,False
UniGCN,real,,31,restart,5498.658017682527,549.6583033353598,533.0161329839749,1050.392868420495,1058.300660079257,5.234858482951252,0.5232883046529974,0.5036528399633209,0.013162261682008956,0.014415583456189809,0.013416456802819486,0.02218737821066317,0.0223229701356727,0.5932319518348149,0.6497200038381161,0.6010157573691162,False,1e-24,False
UniGCN,real,,32,base,67.41908594242977,0.010140518282593396,4.6907866398551226e-08,81.6294166525974,101.69137458773743,0.8259165470868833,0.00012422627403733545,4.6127674631912846e-10,0.00016138258620238975,2.659497486069173e-07,1.1807097840085662e-12,0.0017242527009065196,0.002144998679115972,0.0935956696588287,0.00015424058693200556,5.504477907162056e-10,False,1e-24,False
UniGCN,real,,32,restart,5498.438709768982,549.6583025084922,533.0161273854728,1050.0698982781735,1057.9055565591432,5.23625971831486,0.523449251721034,0.5038409374832261,0.013161736719711294,0.014415583434504008,0.01341645666190056,0.022180556133977507,0.022314636129645203,0.5933907445877499,0.6499198373309204,0.6012402166879465,False,1e-24,False
UniGCN,real,,33,base,63.72335575202219,0.009584564455488907,2.596602011917857e-08,77.15470314004077,96.1169199937604,0.8259166733667574,0.0001242252781154806,2.701503556383642e-10,0.00015253603351338528,2.5136905594061714e-07,6.535861969502052e-13,0.001629733627070125,0.002027415474155396,0.09359568396929314,0.0001542393503854487,3.2237407935464426e-10,False,1e-24,False
UniGCN,real,,33,restart,5498.246935839737,549.6583030812357,533.0161237096048,1049.7874398394358,1057.5600127661503,5.237485920655223,0.5235900928337507,0.5040055573919155,0.013161277666132695,0.014415583449525034,0.013416456569375923,0.022174589783293414,0.022307347497914624,0.5935297020037119,0.6500947070680829,0.6014366598552404,False,1e-24,False
UniGCN,real,,34,base,60.23021386642906,0.009059107739723002,1.4386178760691846e-08,72.92528253644026,90.84804241909559,0.8259167708583431,0.00012422451342847013,1.5835430657191549e-10,0.0001441744210176257,2.3758819409831497e-07,3.6211201492143994e-13,0.0015403958589213702,0.0019162778729193259,0.09359569501737093,0.00015423840094239225,1.889663394013863e-10,False,1e-24,False
UniGCN,real,,34,restart,5498.079225044423,549.6583044364309,533.016121293338,1049.5403960941615,1057.2577935992217,5.238558940185046,0.5237133382211592,0.5041496260612008,0.013160876213020367,0.014415583485066987,0.013416456508556489,0.022169371494807483,0.02230097272211389,0.5936513002230538,0.6502477297763454,0.6016085789501272,False,1e-24,False
UniGCN,real,,35,base,56.92855543412797,0.00856247010773956,7.976821196326924e-09,68.92770827717166,85.86799091716857,0.8259168461717489,0.00012422391983943828,9.289632971640923e-11,0.00013627116678162685,2.2456315438200649e-07,2.0078318531411621e-13,0.0014559553655762675,0.0018112325439829315,0.09359570355214199,0.00015423766393630092,1.1085444880125141e-10,False,1e-24,False
UniGCN,real,,35,restart,5497.932547601134,549.658306185808,533.0161197033328,1049.324315068482,1056.9934528552521,5.239497902268968,0.5238211850165081,0.5042757060258969,0.013160525107917048,0.014415583530946931,0.013416456468534744,0.022164807229773865,0.022295396924275086,0.5937577065970864,0.6503816334383706,0.6017590318801185,False,1e-24,False
UniGCN,real,,36,base,53.80788420952431,0.008093067579451309,4.4261474147773195e-09,65.14927097930087,81.16093279136204,0.8259169043751861,0.00012422345573172457,5.4535442885501116e-11,0.00012880114570563704,2.1225239462448993e-07,1.1140979028313277e-13,0.0013761436875902977,0.0017119455247710325,0.09359571014795327,0.00015423708769551195,6.507788283627395e-11,False,1e-24,False
UniGCN,real,,36,restart,5497.80425782195,549.6583080889799,533.0161186559739,1049.135307269451,1056.762232333016,5.240319546704514,0.5239155562494193,0.5043860410105999,0.013160218017779907,0.014415583580860364,0.013416456442171853,0.022160814830693532,0.022290519738606275,0.5938508181365483,0.6504988057070112,0.6018906961121725,False,1e-24,False
UniGCN,real,,37,base,50.85827922539541,0.007649404297176082,2.4575580984866943e-09,61.57795800712215,76.71190325582822,0.8259169493654386,0.00012422309126085905,3.2036202912225105e-11,0.000121740609746715,2.006166837960055e-07,6.18587694225706e-14,0.001300707082863983,0.001618101159742469,0.09359571524640156,0.00015423663516483233,3.8229234958595434e-11,False,1e-24,False
UniGCN,real,,37,restart,5497.6920447472085,549.6583100007767,533.0161179653938,1048.9699739273997,1056.5599741060055,5.24103852483361,0.5239981349922025,0.5044825954308921,0.01315994941081269,0.014415583631000001,0.013416456424789383,0.022157322505582413,0.022286253461043043,0.5939322951812935,0.6506013363017159,0.6020059158100173,False,1e-24,False
UniGCN,real,,38,base,48.07036328327155,0.0072300672442322834,1.3653269916660583e-09,58.2024152621608,72.50675785717051,0.8259169841448759,0.0001242228043572751,1.8830341226339018e-11,0.0001150671124934444,1.89618963491768e-07,3.436640932960631e-14,0.0012294057195356709,0.0015294010968101004,0.09359571918772559,0.00015423627894246695,2.2470501297066517e-11,False,1e-24,False
UniGCN,real,,38,restart,5497.5938893030425,549.6583118369979,533.0161175096378,1048.8253445645016,1056.3830441795903,5.241667659724394,0.5240703942611433,0.5045670890369027,0.013159714453912758,0.014415583679157554,0.013416456413317625,0.02215426750923632,0.02228252143893207,0.5940035908849772,0.6506910541342684,0.6021067431747811,False,1e-24,False
UniGCN,real,,39,base,45.435273164430164,0.006833721430550112,7.589271954626743e-10,55.01191107294459,68.5321275050175,0.8259170110302836,0.0001242225782974299,1.1074035245835761e-11,0.00010875943785931899,1.7922422166766276e-07,1.9102825044727184e-14,0.0011620129132275964,0.001445563338790744,0.09359572223447135,0.0001542359982642974,1.3214796288834535e-11,False,1e-24,False
UniGCN,real,,39,restart,5497.508027071354,549.6583135521498,533.0161172085914,1048.6988226339886,1056.2282660063104,5.242218174006729,0.52413362319945,0.504641027288515,0.013159508923552722,0.014415583724139893,0.013416456405740039,0.022151594994971772,0.02227925666865448,0.5940659770341514,0.650769559817797,0.6021949746921385,False,1e-24,False
UniGCN,real,,40,base,42.94463146891152,0.006459105443236192,4.220578860561732e-10,51.99630206768802,64.77537596812925,0.8259170318113552,0.00012422240017814776,6.515714957236742e-12,0.0001027975326731595,1.693993759473719e-07,1.062354597948389e-14,0.0010983144061768762,0.0013663213468611364,0.093595724589453,0.00015423577710961146,7.775290932758584e-12,False,1e-24,False
UniGCN,real,,40,restart,5497.432915902208,549.6583151250032,533.0161170095706,1048.5881381546703,1056.0928625499039,5.242699889373837,0.524188950003101,0.5047057279817416,0.013159329128253513,0.014415583765390247,0.013416456400730522,0.02214925701412811,0.02227640057356955,0.5941205666564666,0.650838254131736,0.6022721829059247,False,1e-24,False
UniGCN,real,,41,base,40.59051999459167,0.006105027300295761,2.3481854904388956e-10,49.14600092005933,61.22455970069066,0.8259170478716272,0.00012422225991950335,3.83536525524806e-12,9.716244295600032e-05,1.6011316488024594e-07,5.910577044096358e-15,0.0010381076859315055,0.0012914231931650437,0.0935957264094576,0.00015423560296307277,4.576793320252059e-12,False,1e-24,False
UniGCN,real,,41,restart,5497.367207713934,549.6583165492441,533.0161168778934,1048.491306416836,1055.9744057715868,5.243121401264543,0.5242373619936559,0.5047623445839347,0.013159171841081636,0.014415583802743022,0.013416456397416099,0.022147211643815043,0.022273901938517634,0.5941683338162589,0.6508983629444297,0.6023397442643579,False,1e-24,False
UniGCN,real,,42,base,38.36545457283898,0.005770360567684641,1.3069626772618165e-10,46.4519458646114,57.86838987095183,0.8259170602811502,0.0001242221495844954,2.258508799322706e-12,9.1836253684633e-05,1.5133604610537961e-07,3.289733127628925e-15,0.0009812013414268479,0.0012206307598749664,0.0935957278157469,0.00015423546597002105,2.6951091482946934e-12,False,1e-24,False
UniGCN,real,,42,restart,5497.3097239215185,549.6583178274522,533.0161167907055,1048.4065919636332,1055.8707725672452,5.243490231805226,0.5242797231920862,0.5048118866807247,0.013159034240831573,0.014415583836265875,0.013416456395221507,0.022145422226093704,0.02227171598039359,0.5942101309464504,0.6509509590329758,0.6023988635196491,False,1e-24,False
UniGCN,real,,43,base,36.26236128160991,0.005454040712058161,7.276927383896961e-11,43.905571884375135,54.69619647143065,0.8259170698677257,0.0001242220628949173,1.3304265841771838e-12,8.680203185235744e-05,1.430401006971806e-07,1.8316627933331816e-15,0.0009274144543830978,0.0011537189821606956,0.09359572890213022,0.00015423535833537203,1.5876160673917547e-12,False,1e-24,False
UniGCN,real,,43,restart,5497.259434013409,549.6583189672498,533.0161167329333,1048.332477160766,1055.7801063162972,5.243812963709586,0.5243167897038807,0.5048552378891377,0.013158913860744583,0.014415583866158717,0.013416456393767331,0.022143856704076502,0.02226980353708842,0.5942467040225261,0.6509969811855278,0.6024505951039664,False,1e-24,False
UniGCN,real,,44,base,34.27455396099765,0.00515506166855187,4.052958968952778e-11,41.49878347862006,51.697894396539624,0.8259170772718122,0.0001242219948738432,7.839698340255926e-13,8.20437726474435e-05,1.351989431504581e-07,1.020163285230047e-15,0.0008765760240805135,0.0010904751326571856,0.09359572974118646,0.00015423527387972466,9.355218240916619e-13,False,1e-24,False
UniGCN,real,,44,restart,5497.215436863807,549.6583199788619,533.0161166946253,1048.267634760139,1055.7007833159191,5.244095357500626,0.5243492231872949,0.5048931715485143,0.01315880854377552,0.014415583892689706,0.013416456392803089,0.02214248704239081,0.022268130359478968,0.5942787058465278,0.6510372509236072,0.6024958618536221,False,1e-24,False
UniGCN,real,,45,base,32.395712960221616,0.004872472607079734,2.2579917467751555e-11,39.223928923936114,48.86395137977014,0.8259170829889092,0.0001242219415736893,4.620976574788368e-13,7.754634857932071e-05,1.2778763657191912e-07,5.683551933435115e-16,0.0008285244236779706,0.0010306981451564828,0.09359573038906732,0.00015423520770171937,5.514273951247121e-13,False,1e-24,False
UniGCN,real,,45,restart,5497.1769444241545,549.658320873595,533.0161166692071,1048.210903942492,1055.631383471122,5.244342454126718,0.5243776026429801,0.5049263644630819,0.013158716403554788,0.014415583916155375,0.013416456392163292,0.02214128872112914,0.022266666493187218,0.5943067076758544,0.6510724871402257,0.6025354714082701,False,1e-24,False
UniGCN,real,,46,base,30.61986504883964,0.004605374883253039,1.258306462909149e-11,37.07377594662112,46.18535768848873,0.8259170874023236,0.00012422189986484962,2.724470537602376e-13,7.329546139159378e-05,1.2078261271360972e-07,3.1672614128617255e-16,0.0007831068863424321,0.000974197975373353,0.09359573088921044,0.00015423515591560596,3.25114760338924e-13,False,1e-24,False
UniGCN,real,,46,restart,5497.143267485725,549.6583216629105,533.0161166523307,1048.1612693922905,1055.5706646944125,5.2445586647872355,0.5244024347337264,0.5049554089366804,0.013158635790307913,0.014415583936856314,0.013416456391738498,0.022140240293849457,0.02226538573858667,0.5943312094026085,0.6511033189129818,0.602570130572107,False,1e-24,False
UniGCN,real,,47,base,28.941364428574836,0.004352919161791071,7.013802960645177e-12,35.04148872890265,43.653597479991475,0.8259170908085204,0.0001242218672690333,1.606695293293969e-13,6.927759660962449e-05,1.1416159653020243e-07,1.7654322003010098e-16,0.0007401790195529128,0.0009207949967521962,0.09359573127521223,0.00015423511544431374,1.9172912608430712e-13,False,1e-24,False
UniGCN,real,,47,restart,5497.1138032464805,549.6583223578801,533.0161166411187,1048.117843016862,1055.517540540478,5.244747849558405,0.5244241628171932,0.5049808233107975,0.013158565261094067,0.014415583955082897,0.013416456391456284,0.02213932300142972,0.022264265179045797,0.5943526484637454,0.6511302967191891,0.6026004578890525,False,1e-24,False
UniGCN,real,,48,base,27.354874785581302,0.004114302701574709,3.910334663782452e-12,33.120606175801704,41.260621727748514,0.8259170934367466,0.00012422184182669536,9.477158850354118e-14,6.547998057863541e-05,1.0790353497560265e-07,9.842635682995776e-17,0.0006996043460328965,0.0008703194293943265,0.09359573157305176,0.00015423508385485195,1.1309222051776408e-13,False,1e-24,False
UniGCN,real,,48,restart,5497.088024450654,549.6583229688879,533.0161166336654,1048.0798479724351,1055.47106066325,5.244913386212946,0.5244431748518307,0.5050030611912014,0.013158503553809231,0.01441558397110746,0.013416456391268677,0.02213852043465097,0.02226328476870457,0.5943714076399471,0.6511539022519476,0.6026269946530151,False,1e-24,False
UniGCN,real,,49,base,25.855352326230438,0.003888766792484244,2.180512872536514e-12,31.30502137348031,38.9988226317627,0.8259170954642281,0.00012422182199110614,5.591227440698657e-14,6.189053985608904e-05,1.0198852978031575e-07,5.488531200472597e-17,0.0006612538698503881,0.0008226108002900022,0.09359573180281285,0.00015423505922678555,6.672087454404536e-14,False,1e-24,False
UniGCN,real,,49,restart,5497.065469900008,549.6583235054832,533.0161166287083,1048.046604703555,1055.430393736258,5.245058230454244,0.5244598103163138,0.5050225195257206,0.013158449564472784,0.014415583985180447,0.013416456391143904,0.022137818239308847,0.022262426972209686,0.5943878218815656,0.6511745570113827,0.6026502145472166,False,1e-24,False
UniGCN,real,,50,base,24.438029742589876,0.00367559433496882,1.216129232109139e-12,29.58896217372196,36.86100943168661,0.8259170970279369,0.00012422180654356055,3.2992293235022613e-14,5.849786282949328e-05,9.639777397215731e-08,3.061097835424963e-17,0.0006250056663051939,0.000777517433139148,0.09359573198001765,0.00015423504004695814,3.937015049381067e-14,False,1e-24,False
UniGCN,real,,50,restart,5497.045736161886,549.658323976332,533.0161166254093,1048.0175187402679,1055.3948125235588,5.245184968634317,0.5244743662653933,0.5050395456757195,0.01315840232737888,0.014415583997529137,0.013416456391060863,0.022137203858454337,0.022261676449812376,0.5944021842827998,0.6511926298236503,0.6026705320826788,False,1e-24,False
UniGCN,real,,51,base,23.098401056695053,0.003474107553977318,6.783751126337604e-13,27.96697284278648,34.84038554580156,0.8259170982337054,0.00012422179452551636,1.9470941610045067e-14,5.529116343779245e-05,9.11134919207864e-08,1.7075262513737616e-17,0.0005907444942989124,0.0007348959661387769,0.09359573211665943,0.00015423502512523402,2.3234938413736157e-14,False,1e-24,False
UniGCN,real,,51,restart,5497.028470321931,549.6583243892248,533.0161166232128,1047.9920700303633,1055.3636808287577,5.245295863892049,0.5244871026297935,0.5050544436062505,0.013158360997748466,0.01441558400835785,0.013416456391005577,0.022136666307059422,0.022261019782081233,0.5944147513102387,0.6512084434213428,0.6026883099850172,False,1e-24,False
UniGCN,real,,52,base,21.832207295487244,0.0032836658394744633,3.784623229588911e-13,26.43389671627449,32.93052696317835,0.8259170991632825,0.0001242217851843545,1.1492750279461762e-14,5.2260246881143524e-05,8.611888270211918e-08,9.526209608415997e-18,0.0005583614299547977,0.0006946108962040542,0.09359573222200226,0.00015423501352715383,1.3714454611171986e-14,False,1e-24,False
UniGCN,real,,52,restart,5497.01336364891,549.6583247511178,533.0161166217497,1047.96980361251,1055.3364420845614,5.245392896531824,0.5244982468544062,0.5050674793044249,0.013158324836564626,0.014415584017849014,0.013416456390968749,0.02213619597500638,0.02226044522921912,0.594425747378704,0.6512222802023175,0.6027038656602551,False,1e-24,False
UniGCN,real,,53,base,20.63542295091774,0.003103663706291887,2.1116991691960412e-13,24.98485980484116,31.12536182032319,0.8259170998797977,0.00012422177793010907,6.784496775928931e-15,4.9395477210162165e-05,8.139806659247432e-08,5.3153214191586715e-18,0.0005277535203223496,0.0006565341481739668,0.0935957323032002,0.00015423500452021,8.09603191843455e-15,False,1e-24,False
UniGCN,real,,53,restart,5497.000146056191,549.6583250681904,533.0161166207745,1047.9503214609365,1055.3126093756596,5.245477799360643,0.5245079979573054,0.5050788855220025,0.0131582931973149,0.014415584026164701,0.013416456390944203,0.022135784454823487,0.02225994252061358,0.5944353688557737,0.65123438726941,0.602717476854221,False,1e-24,False
UniGCN,real,,54,base,19.50424318220265,0.002933528866536565,1.1784000704037558e-13,23.615255298626447,29.419151097378492,0.8259171004319861,0.0001242217723010257,4.0055542952385245e-15,4.6687746691671495e-05,7.69360345146983e-08,2.9661304156973344e-18,0.0004988234560654306,0.0006205446676320132,0.09359573236577606,0.00015423499753108364,4.779882207377645e-15,False,1e-24,False
UniGCN,real,,54,restart,5496.988581259155,549.6583253459133,533.0161166201245,1047.9332753538818,1055.2917567141308,5.245552088612558,0.524516530081838,0.5050888659263106,0.01315826551439947,0.014415584033448387,0.013416456390927842,0.022135424391045815,0.02225950267080708,0.5944437875662427,0.6512449808407448,0.6027293866058954,False,1e-24,False
UniGCN,real,,55,base,18.43507171956481,0.002772720408207842,6.576577673754063e-14,22.32072892112971,27.806470372507423,0.8259171008574645,0.00012422176793621968,2.3651249459753085e-15,4.412844685361635e-05,7.271860026976417e-08,1.6553789803011688e-18,0.00047147926209314083,0.0005865280360473973,0.09359573241399273,0.00015423499211169675,2.8223356405206825e-15,False,1e-24,False
UniGCN,real,,55,restart,5496.978462540708,549.6583255891153,533.0161166196907,1047.9183606368335,1055.2735114095608,5.24561709101091,0.5245239956050401,0.505097598733171,0.013158241292994964,0.01441558403982671,0.013416456390916922,0.022135109348476505,0.022259117818558192,0.5944511538589082,0.6512542501091776,0.602739807582633,False,1e-24,False
UniGCN,real,,56,base,17.424509431022482,0.002620727074065224,3.670703152502061e-14,21.0971650859595,26.282192576455213,0.8259171011852569,0.00012422176455401392,1.396650276351161e-15,4.170944111712759e-05,6.873235539759197e-08,9.23946335466695e-19,0.000445634005149771,0.0005543761070131716,0.09359573245113927,0.0001542349879123162,1.6666416964552595e-15,False,1e-24,False
UniGCN,real,,56,restart,5496.9696090482275,549.6583258020505,533.0161166194013,1047.9053107679242,1055.2575473960687,5.245673967450311,0.5245305278577611,0.5051052398863771,0.013158220100190384,0.014415584045411245,0.013416456390909636,0.022134833696969534,0.022258781086087098,0.5944575992902927,0.6512623606196271,0.6027489258742755,False,1e-24,False
UniGCN,real,,57,base,16.46934351588879,0.0024770656351493212,2.0489753990176854e-14,19.940673812443173,24.84147169246028,0.8259171014377539,0.0001242217619348253,8.248204552388001e-16,3.942303892875802e-05,6.496462652028442e-08,5.15744050317274e-19,0.0004212055174341002,0.0005239866624248537,0.0935957324797531,0.00015423498466030536,9.842694238257224e-16,False,1e-24,False
UniGCN,real,,57,restart,5496.961862555004,549.6583259884605,533.0161166192082,1047.8938925471275,1055.2435793959005,5.245723733720288,0.5245362435049601,0.5051119258402368,0.013158201557234883,0.014415584050300117,0.013416456390904778,0.02213459251065637,0.02225848645596697,0.594463238973117,0.6512694572244757,0.602756904313597,False,1e-24,False
UniGCN,real,,58,base,15.566537290634724,0.002341279353689982,1.1438229860617892e-14,18.84757835849535,23.479727349693476,0.8259171016322246,0.0001242217599076687,4.871534362500685e-16,3.726197131067237e-05,6.140343502967121e-08,2.8790970353295797e-19,0.0003981161353693051,0.0004952630875064292,0.09359573250179118,0.0001542349821433674,5.813267953857362e-16,False,1e-24,False
UniGCN,real,,58,restart,5496.955084627769,549.6583261516324,533.0161166190791,1047.8839019433176,1055.2313578144513,5.245767278639912,0.5245412446286103,0.5051177759946773,0.013158185332757632,0.014415584054579536,0.013416456390901527,0.022134381479801204,0.022258228663443548,0.5944681736313786,0.6512756666697247,0.6027638853821482,False,1e-24,False
UniGCN,real,,59,base,14.713220534649182,0.0022129365304437007,6.385755118606868e-15,17.814403531424862,22.192630261244553,0.825917101781985,0.00012422175833953964,2.877421487870432e-16,3.521936775107541e-05,5.803745898913284e-08,1.6073473653141424e-19,0.00037629245269291746,0.00046811406365057634,0.09359573251876253,0.00015423498019636264,3.433666044509072e-16,False,1e-24,False
UniGCN,real,,59,restart,5496.949154149239,549.6583262944514,533.0161166189929,1047.8751604441172,1055.2206642748577,5.2458053799266375,0.5245456205503446,0.5051228948262484,0.013158171136837453,0.01441558405832517,0.013416456390899358,0.022134196833699046,0.0222580031022453,0.5944724913986621,0.6512810998580087,0.6027699937532114,False,1e-24,False
UniGCN,real,,60,base,13.906680365208258,0.0020916291317885564,3.56528408461174e-15,16.83786463951621,20.976088460360145,0.8259171018973004,0.00012422175712707557,1.6996896687145867e-16,3.328873436142019e-05,5.485599712718116e-08,8.97411484398941e-20,0.00035566508708181975,0.00044245327809658617,0.09359573253183047,0.0001542349786909551,2.0282627089114684e-16,False,1e-24,False
UniGCN,real,,60,restart,5496.943965151066,549.658326419448,533.0161166189354,1047.867511862912,1055.2113077118838,5.245838718082337,0.5245494494263485,0.5051273737529647,0.013158158715815521,0.014415584061603386,0.01341645639089791,0.0221340352732305,0.022257805742190908,0.5944762693917521,0.651285853828831,0.6027753385171419,False,1e-24,False
UniGCN,real,,61,base,13.144352612646637,0.0019769714921720476,1.9906816509857203e-15,15.914857049258831,19.826234291174966,0.8259171019860829,0.00012422175619001974,1.0040644238083127e-16,3.146393323096131e-05,5.184893480727826e-08,5.010710319234984e-20,0.000336168459570298,0.00041819914952297534,0.0935957325418916,0.00015423497752749718,1.1981636799e-16,False,1e-24,False
UniGCN,real,,61,restart,5496.939424918252,549.658326528841,533.0161166188968,1047.860819545683,1055.2031209549314,5.245867888544148,0.5245527996429471,0.5051312927662033,0.013158147847757862,0.014415584064472376,0.01341645639089694,0.022133893911861886,0.022257633057113924,0.5944795750876086,0.6512900134913382,0.602780015128734,False,1e-24,False
UniGCN,real,,62,base,12.423813668313638,0.0018685990877568741,1.1115599275404207e-15,15.042446315023597,18.739412112577128,0.8259171020544307,0.00012422175546610503,5.931669151960146e-17,2.9739162913023533e-05,4.9006711864924706e-08,2.7978882492923676e-20,0.00031774058605985955,0.00039527456868239516,0.093595732549637,0.00015423497662867743,7.07834116072487e-17,False,1e-24,False
UniGCN,real,,62,restart,5496.93545233095,549.6583266245742,533.0161166188711,1047.8549639275232,1055.19595773884,5.245893412316894,0.5245557310377855,0.5051347218587358,0.013158138338486062,0.014415584066983117,0.013416456390896293,0.022133770224031672,0.02225748196181094,0.5944824675282684,0.6512936531405502,0.60278410711131,False,1e-24,False
UniGCN,real,,63,base,11.742772779398594,0.0017661673773437178,6.20704901633702e-16,14.217858849805832,17.712166676115235,0.825917102107042,0.00012422175490705743,3.5043984905060734e-17,2.8108939980951504e-05,4.6320292209184144e-08,1.5623655617037865e-20,0.0003003228802579628,0.0003736066532542525,0.0935957325555991,0.00015423497593455832,4.1818461959791226e-17,False,1e-24,False
UniGCN,real,,63,restart,5496.931976413859,549.658326708351,533.0161166188539,1047.8498403950023,1055.189690088854,5.245915745276738,0.5245582959683892,0.5051377222743433,0.013158130018104945,0.014415584069180283,0.01341645639089586,0.022133661999997375,0.022257349756882098,0.5944849983751674,0.6512968377840953,0.6027876875479039,False,1e-24,False
UniGCN,real,,64,base,11.099064766130569,0.0016693507068696023,3.466224811610092e-16,13.438473107374769,16.74123214099819,0.8259171021475364,0.0001242217544754765,2.0704717445029227e-17,2.6568081595106526e-05,4.378113509156937e-08,8.724774462919693e-21,0.00028385996741915067,0.0003531265161356686,0.09359573256018806,0.0001542349753987031,2.47072198327007e-17,False,1e-24,False
UniGCN,real,,64,restart,5496.928935067232,549.6583267816623,533.0161166188424,1047.84535741606,1055.184206032866,5.2459352863121085,0.5245605402471747,0.5051403476012987,0.013158122737964946,0.014415584071102978,0.01341645639089557,0.022133567306333424,0.02225723408047495,0.5944872128316979,0.6512996243031292,0.6027908203861274,False,1e-24,False
UniGCN,real,,65,base,10.490643138199781,0.0015778412739868083,1.9357343436775119e-16,12.70181124779511,15.82352169126389,0.8259171021787021,0.00012422175414240262,1.2233271337734027e-17,2.5111689025489317e-05,4.138116795062787e-08,4.87240340330642e-21,0.0002682995082964206,0.00033376904643411955,0.09359573256371986,0.00015423497498515525,1.459812842251731e-17,False,1e-24,False
UniGCN,real,,65,restart,5496.926273956695,549.6583268458144,533.0161166188345,1047.8414349039117,1055.179407599944,5.245952384447146,0.5245625039595984,0.505142644729208,0.01315811636800465,0.01441558407278546,0.013416456390895372,0.022133484451372018,0.02225713286606693,0.5944891504504615,0.6513020624681561,0.6027935615799829,False,1e-24,False
UniGCN,real,,66,base,9.915573588517077,0.001491348149421567,1.0810621119220302e-16,12.005531259823366,14.956117722107509,0.825917102202686,0.00012422175388542603,7.22822681666947e-18,2.373513207760534e-05,3.911276074565907e-08,2.7211227256047775e-21,0.0002535920327431301,0.0003154727024654862,0.0935957325664378,0.00015423497466609054,8.625540987662722e-18,False,1e-24,False
UniGCN,real,,66,restart,5496.923945542,549.6583269019509,533.0161166188295,1047.83800278566,1055.1752090692778,5.24596734507483,0.5245642221800444,0.5051446546862856,0.013158110794425894,0.014415584074257722,0.013416456390895247,0.022133411954968048,0.022257044305530015,0.5944908458396283,0.6513041958278832,0.6027959600889943,False,1e-24,False
UniGCN,real,,67,base,9.372027843627233,0.0014095963519944665,6.037677862572873e-17,11.347419515134149,14.13626256416953,0.825917102221142,0.00012422175368721283,4.271056677934286e-18,2.2434034372060478e-05,3.696870169778754e-08,1.5197334418203027e-21,0.00023969078243641755,0.0002981793160994075,0.0935957325685293,0.00015423497441998706,5.0967097976495855e-18,False,1e-24,False
UniGCN,real,,67,restart,5496.921908227302,549.6583269510722,533.0161166188259,1047.8349997499813,1055.1715354382013,5.24598043541101,0.5245657255982321,0.5051464133719927,0.013158105917659764,0.014415584075546,0.013416456390895155,0.022133348522046535,0.022256966816816357,0.5944923292810064,0.6513060624869735,0.6027980587524752,False,1e-24,False
UniGCN,real,,68,base,8.858277851225576,0.0013323259743570446,3.372114414358512e-17,10.725383730704527,13.361349716294004,0.825917102235343,0.00012422175353436302,2.5237827659328902e-18,2.1204259431088485e-05,3.4942174361141555e-08,8.48789081132111e-22,0.00022655156222211808,0.0002818339078299097,0.0935957325701386,0.00015423497423020717,3.0116641665571547e-18,False,1e-24,False
UniGCN,real,,68,restart,5496.92012561775,549.6583269940552,533.0161166188237,1047.8323721514719,1055.1683210818555,5.245991889266741,0.5245670410673264,0.5051479521981164,0.013158101650587084,0.01441558407667329,0.0134164563908951,0.0221332930194592,0.022256899015686282,0.5944936272708592,0.6513076957865856,0.6027998950545363,False,1e-24,False
UniGCN,real,,69,base,8.372690286299036,0.001259291356661378,1.8834172145736773e-17,10.137446316982176,12.628915558883993,0.8259171022462696,0.00012422175341652092,1.4913530823703704e-18,2.004189752777696e-05,3.3026735951143706e-08,4.740716863400089e-22,0.000214132599608565,0.00026638451198337794,0.09359573257137684,0.00015423497408389325,1.779651837902612e-18,False,1e-24,False
UniGCN,real,,69,restart,5496.918565869087,549.6583270316661,533.0161166188223,1047.8300730520398,1055.1655085805091,5.246001911224098,0.5245681920835342,0.5051492986497227,0.01315809791698154,0.01441558407765969,0.013416456390895063,0.022133244455735876,0.022256839690972682,0.5944947629931223,0.6513091248998455,0.6028015017934797,False,1e-24,False
UniGCN,real,,70,base,7.913721358425698,0.0011902603055329985,1.0519656238183222e-17,9.581738090689708,11.93663152150914,0.8259171022546762,0.00012422175332568725,8.812918635569334e-19,1.8943253256183204e-05,3.121629686094677e-08,2.6478844591433595e-22,0.00020239441196257657,0.0002517820115081686,0.0935957325723295,0.00015423497397111326,1.0516575204410322e-18,False,1e-24,False
UniGCN,real,,70,restart,5496.917201118581,549.6583270645763,533.0161166188212,1047.8280613821998,1055.1630476935568,5.246010680289996,0.5245691992057522,0.5051504767760036,0.013158094650147481,0.014415584078522807,0.013416456390895037,0.022133201963368578,0.022256787782939345,0.5944957567334681,0.6513103753528855,0.6028029076675319,False,1e-24,False
UniGCN,real,,71,base,7.4799119037241795,0.0011250133558620727,5.875791149801856e-18,9.056492332276632,11.282296679864466,0.8259171022611435,0.00012422175325568522,5.207974330517642e-19,1.7904833782822776e-05,2.9505101300840438e-08,1.4789852176214661e-22,0.00019129968098541208,0.00023797998182062185,0.0935957325730624,0.00015423497388419803,6.214746325748759e-19,False,1e-24,False
UniGCN,real,,71,restart,5496.916006987173,549.658327093373,533.0161166188204,1047.8263012072605,1055.1608944618335,5.246018353093316,0.5245700804227573,0.5051515076197702,0.013158091791728204,0.014415584079278043,0.013416456390895018,0.02213316478331122,0.022256742364345872,0.5944966262416131,0.6513114694807512,0.6028041377873644,False,1e-24,False
UniGCN,real,,72,base,7.069882745849289,0.001063343073064496,3.2820110939115072e-18,8.560039169126322,10.66383075854448,0.825917102266119,0.00012422175320174686,3.0777036584923004e-19,1.6923337742180178e-05,2.7887708999040015e-08,8.261093303373223e-23,0.0001808131340696285,0.00022493454321102728,0.09359573257362624,0.00015423497381722762,3.672665472115991e-19,False,1e-24,False
UniGCN,real,,72,restart,5496.914962143857,549.6583271185704,533.01611661882,1047.8247610852854,1055.159010422203,5.246025066682355,0.5245708514744978,0.5051524095932642,0.0131580892906632,0.01441558407993888,0.013416456390895006,0.022133132251417886,0.02225670262388081,0.5944973870483365,0.6513124268263203,0.6028052141245547,False,1e-24,False
UniGCN,real,,73,base,6.6823303112854795,0.0010050533935935706,1.8332505102838327e-18,8.090800266660901,10.07926751738684,0.8259171022699461,0.00012422175316019254,1.8188330720674458e-19,1.5995644740937958e-05,2.6358977905651975e-08,4.614443120562974e-23,0.0001709014321596447,0.00021260422134030603,0.09359573257405994,0.00015423497376563337,2.1704381462759587e-19,False,1e-24,False
UniGCN,real,,73,restart,5496.914047924565,549.6583271406181,533.0161166188196,1047.8234135053435,1055.15736192036,5.246030940972606,0.5245715261332199,0.5051531988069946,0.013158087102275867,0.014415584080517114,0.013416456390894997,0.022133103786577027,0.02225666785166645,0.5944980527428692,0.6513132644893516,0.6028061559039912,False,1e-24,False
UniGCN,real,,74,base,6.316022484998353,0.0009499590016048481,1.0240258570672066e-18,7.647283810465865,9.526748500359348,0.8259171022728902,0.00012422175312818388,1.0748954452073342e-19,1.511880543755624e-05,2.4914047844808532e-08,2.5775577559723571e-23,0.00016153306375949584,0.00020094981538390017,0.09359573257439358,0.0001542349737258911,1.2826872973474092e-19,False,1e-24,False
UniGCN,real,,74,restart,5496.913247998698,549.6583271599098,533.0161166188194,1047.8222343960085,1055.1559195095738,5.246036080888529,0.5245721164494538,0.5051538893574706,0.013158085187475282,0.014415584081023067,0.013416456390894992,0.022133078880329515,0.02225663742657638,0.5944986352156074,0.6513139974319041,0.6028069799472299,False,1e-24,False
UniGCN,real,,75,base,5.969794693268331,0.0008978847397918322,5.720140524220124e-19,7.228079763481505,9.004517127116529,0.8259171022751548,0.00012422175310353157,6.352523342972258e-20,1.4290032165663381e-05,2.3548325062982383e-08,1.4398066681325725e-23,0.00015267824475080546,0.00018993427340366768,0.09359573257465022,0.00015423497369528252,7.58055216855227e-20,False,1e-24,False
UniGCN,real,,75,restart,5496.912548077374,549.6583271767902,533.0161166188193,1047.8212026953172,1055.1546574246124,5.246040578237614,0.5245726329672472,0.5051544935789677,0.013158083512057826,0.014415584081465779,0.013416456390894988,0.02213305708778491,0.022256610805138858,0.5944991448704882,0.6513146387455734,0.6028077009729282,False,1e-24,False
UniGCN,real,,76,base,5.64254620125307,0.000848665052519055,3.1952771190139144e-19,6.831855383182696,8.510913108441615,0.8259171022768966,0.00012422175308454713,3.754329386637321e-20,1.3506690071447625e-05,2.2257467624346767e-08,8.042776716774639e-24,0.00014430882370247442,0.00017952257455156365,0.0935957325748476,0.00015423497367171126,4.480092120372605e-20,False,1e-24,False
UniGCN,real,,76,restart,5496.911935658141,549.6583271915604,533.0161166188191,1047.8202999745022,1055.1535531214515,5.246044513350146,0.5245730849124949,0.5051550222638233,0.0131580820460961,0.014415584081853148,0.013416456390894983,0.02213303801967359,0.022256587511827786,0.5944995908108122,0.6513151998853226,0.6028083318597289,False,1e-24,False
UniGCN,real,,77,base,5.333236613507742,0.00080214345948182,1.7849081069167467e-19,6.457350984495139,8.044367167819363,0.8259171022782363,0.0001242217530699293,2.2188297347454282e-20,1.2766288736873599e-05,2.103737160674146e-08,4.492761293994606e-24,0.0001363981923710444,0.00016968161773060704,0.09359573257499942,0.0001542349736535616,2.647759582966426e-20,False,1e-24,False
UniGCN,real,,77,restart,5496.9113998016255,549.6583272044843,533.0161166188192,1047.8195101087717,1055.152586874537,5.246047956514002,0.5245734803577244,0.5051554848551942,0.013158080763404275,0.014415584082192097,0.013416456390894985,0.022133021335392668,0.02225656713056769,0.5944999810018405,0.651315690874083,0.6028088838762791,False,1e-24,False
UniGCN,real,,78,base,5.040882566337571,0.0007581720582190263,9.97075842915005e-20,6.103375934977433,7.603396052358375,0.8259171022792666,0.000124221753058675,1.3113559204978388e-20,1.2066474262091992e-05,1.9884158054352584e-08,2.5097223419325993e-24,0.00012892120110719708,0.00016038011635916057,0.09359573257511618,0.00015423497363958817,1.5648587860556505e-20,False,1e-24,False
UniGCN,real,,78,restart,5496.910930936109,549.6583272157925,533.0161166188192,1047.8188189892564,1055.151741424406,5.246050969230082,0.5245738263662817,0.5051558896157173,0.013158079641070316,0.01441558408248867,0.013416456390894985,0.022133006736921434,0.02225654929730089,0.5945003224130643,0.6513161204817757,0.602809366882495,False,1e-24,False
UniGCN,real,,79,base,4.76455460146691,0.000716611053897298,5.56987015635644e-20,5.768804869536778,7.186597817201605,0.8259171022800591,0.0001242217530500109,7.75035739863525e-21,1.140502178187073e-05,1.879416064562173e-08,1.4019823739991053e-24,0.00012185407889944743,0.00015158849890395756,0.09359573257520598,0.00015423497362883074,9.248606484898067e-21,False,1e-24,False
UniGCN,real,,79,restart,5496.910520686528,549.6583272256872,533.0161166188191,1047.8182142709693,1055.1510016693642,5.246053605310786,0.5245741291184921,0.5051562437750894,0.013158078659046644,0.014415584082748175,0.013416456390894983,0.022132993963497553,0.022256533693484005,0.5945006211426873,0.6513164963819545,0.6028097895056718,False,1e-24,False
UniGCN,real,,80,base,4.503374211085562,0.0006773283148713886,3.111473294491405e-20,5.452574112644053,6.792647368433122,0.8259171022806685,0.00012422175304334192,4.580648936600307e-21,1.0779828392255747e-05,1.7763914037175216e-08,7.831835560955793e-25,0.00011517435780083236,0.00014327881486564742,0.09359573257527504,0.00015423497362055045,5.466150434242292e-21,False,1e-24,False
UniGCN,real,,80,restart,5496.910161724869,549.658327234345,533.016116618819,1047.8176851522803,1055.150354395716,5.246055911841188,0.5245743940220504,0.5051565536591958,0.013158077799792027,0.014415584082975238,0.01341645639089498,0.022132982786958924,0.022256520040397635,0.5945008825265502,0.6513168252888676,0.6028101592945742,False,1e-24,False
UniGCN,real,,81,base,4.2565110448778976,0.0006401989526077711,1.7381642762203073e-20,5.153678296673661,6.420292250310997,0.8259171022811373,0.0001242217530382086,2.707297749780956e-21,1.018890646497357e-05,1.679014284671306e-08,4.375103207019602e-25,0.0001088608014983299,0.00013542464591796615,0.09359573257532817,0.00015423497361417688,3.23065508302664e-21,False,1e-24,False
UniGCN,real,,81,restart,5496.909847639258,549.6583272419205,533.0161166188191,1047.817222181963,1055.1497880417235,5.246057930020042,0.5245746258086101,0.5051568248030981,0.013158077047958218,0.014415584083173914,0.013416456390894983,0.02213297300766792,0.022256508094167477,0.594501111233436,0.6513171130773833,0.6028104828542662,False,1e-24,False
UniGCN,real,,82,base,4.0231802701552954,0.0006051049246358792,9.709994023949593e-21,4.871167165617153,6.068348663433094,0.8259171022814977,0.00012422175303425774,1.600104832878255e-21,9.630377328320852e-06,1.586975123983142e-08,2.4440857849582527e-25,0.00010289333779791596,0.00012800102191802592,0.09359573257536902,0.00015423497360927147,1.9094267751420674e-21,False,1e-24,False
UniGCN,real,,82,restart,5496.909572819428,549.6583272485489,533.0161166188191,1047.8168170903657,1055.1492924910756,5.246059695895647,0.5245748286182979,0.505157062049897,0.013158076390115793,0.014415584083347754,0.013416456390894983,0.022132964450945238,0.022256497641407944,0.5945013113484601,0.6513173648879242,0.6028107659640856,False,1e-24,False
UniGCN,real,,83,base,3.802640076699206,0.0005719346592646066,5.424381206910154e-21,4.604142554008858,5.7356977011765204,0.8259171022817748,0.00012422175303121734,9.457229947452585e-22,9.10246529445093e-06,1.4999813087670367e-08,1.3653616024174622e-25,9.725299481061291e-05,0.00012098434152069899,0.09359573257540042,0.00015423497360549646,1.1285440621949123e-21,False,1e-24,False
UniGCN,real,,83,restart,5496.9093323565,549.6583272543487,533.0161166188191,1047.8164626416904,1055.1488588921807,5.2460612410097385,0.5245750060736629,0.5051572696372358,0.013158075814514262,0.014415584083499864,0.013416456390894983,0.02213295696394961,0.022256488495410454,0.5945014864460394,0.6513175852182841,0.6028110136808693,False,1e-24,False
UniGCN,real,,84,base,3.5941893183821665,0.0005405827008709429,3.0302903874629137e-21,4.351755531458923,5.421281792445632,0.8259171022819881,0.00012422175302887777,5.589619767940338e-22,8.603492014068887e-06,1.4177562664095669e-08,7.627491471185474e-26,9.19218406366521e-05,0.00011435229714471384,0.09359573257542458,0.00015423497360259161,6.670168996721436e-22,False,1e-24,False
UniGCN,real,,84,restart,5496.9091219552865,549.6583272594232,533.016116618819,1047.8161525047399,1055.1484795000515,5.246062592960859,0.5245751613443818,0.5051574512729922,0.013158075310872132,0.01441558408363295,0.01341645639089498,0.022132950412947574,0.022256480492808275,0.5945016396537345,0.6513177780039648,0.6028112304292782,False,1e-24,False
UniGCN,real,,85,base,3.39716528406895,0.0005109493746330123,1.6928591639034513e-21,4.113203703715535,5.124101339419252,0.8259171022821521,0.00012422175302707767,3.3037191338907323e-22,8.131871140587354e-06,1.340038585283816e-08,4.2610664931694684e-26,8.688292635599205e-05,0.00010808380405191283,0.09359573257544317,0.0001542349736003566,3.9423728009451547e-22,False,1e-24,False
UniGCN,real,,85,restart,5496.90893785758,549.6583272638637,533.0161166188188,1047.8158811398268,1055.148147537958,5.246063775897322,0.5245752972038739,0.5051576102015041,0.013158074870193302,0.014415584083749409,0.013416456390894976,0.02213294468092469,0.02225647349065834,0.5945017737081142,0.651317946688472,0.6028114200808246,False,1e-24,False
UniGCN,real,,86,base,3.2109415907110903,0.0004829404696416058,9.4571376058734e-22,3.8877286616758653,4.8432115396077675,0.8259171022822782,0.0001242217530256926,1.9526583814340878e-22,7.686103286779382e-06,1.266581183663565e-08,2.3804397337319405e-26,8.212023214394734e-05,0.00010215893331419898,0.09359573257545746,0.00015423497359863688,2.330133700995765e-22,False,1e-24,False
UniGCN,real,,86,restart,5496.908776775012,549.658327267749,533.016116618819,1047.8156436998183,1055.1478570763766,5.246064810948542,0.5245754160788392,0.5051577492615206,0.013158074484606324,0.014415584083851305,0.01341645639089498,0.022132939665495295,0.02225646736388789,0.5945018910036356,0.6513180942848203,0.6028115860230262,False,1e-24,False
UniGCN,real,,87,base,3.0349261919364143,0.0004564669393827395,5.283243784401361e-22,3.674613570235522,4.577719382116737,0.8259171022823749,0.0001242217530246269,1.154121374289743e-22,7.264771257894291e-06,1.1971505241955116e-08,1.3298361461475028e-26,7.76186163406172e-05,9.655884845505909e-05,0.09359573257546842,0.00015423497359731372,1.3772286718668172e-22,False,1e-24,False
UniGCN,real,,87,restart,5496.908635830314,549.6583272711486,533.016116618819,1047.815435943555,1055.1476029270746,5.2460657166024305,0.5245755200926036,0.5051578709369041,0.013158074147223824,0.014415584083940464,0.01341645639089498,0.02213293527707366,0.022256462003060393,0.5945019936354118,0.6513182234293527,0.6028117312199098,False,1e-24,False
UniGCN,real,,88,base,2.868559495802496,0.00043144461863899296,2.951504616888816e-22,3.4731808893109686,4.326780808567438,0.8259171022824494,0.00012422175302380685,6.821479403450611e-23,6.866535546081684e-06,1.1315258714321112e-08,7.429181172083138e-27,7.336376731219468e-05,9.126574556423241e-05,0.09359573257547686,0.00015423497359629552,8.140163788893297e-23,False,1e-24,False
UniGCN,real,,88,restart,5496.908512505927,549.658327274123,533.0161166188188,1047.8152541600925,1055.1473805504347,5.246066509035638,0.524575611103045,0.5051579774009982,0.01315807385201946,0.014415584084018475,0.013416456390894976,0.022132931437273753,0.022256457312420694,0.5945020834366357,0.651318336428829,0.6028118582649558,False,1e-24,False
UniGCN,real,,89,base,2.7113125857299036,0.0004077939559095895,1.648875716836175e-22,3.282790219789507,4.089598029648311,0.8259171022825069,0.00012422175302317592,4.031877228232066e-23,6.4901300717992334e-06,1.0694985900645634e-08,4.150356520037201e-27,6.934215795111229e-05,8.626279669513596e-05,0.09359573257548338,0.00015423497359551215,4.811293719939437e-23,False,1e-24,False
UniGCN,real,,89,restart,5496.908404599034,549.6583272767258,533.016116618819,1047.815095102417,1055.1471859743667,5.246067202402489,0.5245756907357785,0.5051580705554456,0.013158073593720294,0.014415584084086734,0.01341645639089498,0.022132928077509127,0.02225645320818461,0.5945021620113232,0.651318435301629,0.6028119694274198,False,1e-24,False
UniGCN,real,,90,base,2.5626855389592436,0.0003854397604985187,9.211576456034314e-23,3.102836267558647,3.8654169887660195,0.8259171022825509,0.000124221753022691,2.3830744478036202e-23,6.134358158665399e-06,1.010871481624858e-08,2.3186299618433693e-27,6.554100267037086e-05,8.153409636509495e-05,0.09359573257548837,0.0001542349735949101,2.8437550242305545e-23,False,1e-24,False
UniGCN,real,,90,restart,5496.908310182195,549.6583272790031,533.016116618819,1047.8149559294434,1055.147015723357,5.2460678090877915,0.524575760413192,0.505158152064155,0.01315807336771258,0.01441558408414646,0.01341645639089498,0.022132925137767726,0.022256449617042373,0.5945022307629634,0.651318521813804,0.6028120666928671,False,1e-24,False
UniGCN,real,,91,base,2.422205837185973,0.0003643109634666254,5.146134986606437e-23,2.9327469191420414,3.6535249647325028,0.8259171022825849,0.00012422175302231756,1.4085397078936391e-23,5.7980887289601375e-06,9.55458157548078e-09,1.2953247280295563e-27,6.194821675532621e-05,7.706461098828983e-05,0.09359573257549221,0.0001542349735944464,1.680829516191789e-23,False,1e-24,False
UniGCN,real,,91,restart,5496.908227568944,549.6583272809956,533.016116618819,1047.814834155269,1055.1468667563877,5.246068339928076,0.524575821379854,0.5051582233830219,0.013158073169959377,0.014415584084198718,0.01341645639089498,0.022132922565539996,0.022256446474849104,0.5945022909195883,0.6513185975106226,0.6028121517986371,False,1e-24,False
UniGCN,real,,92,base,2.289426864320033,0.00034434039168769985,2.874945766748319e-23,2.771981422824007,3.4532483058664454,0.825917102282611,0.00012422175302203024,8.325337514433309e-24,5.480252707678268e-06,9.030824466018388e-09,7.2364762158497784e-28,5.8552377943704285e-05,7.284013108065708e-05,0.09359573257549517,0.00015423497359408968,9.934738046855941e-24,False,1e-24,False
UniGCN,real,,92,restart,5496.908155283642,549.6583272827392,533.016116618819,1047.8147276047687,1055.1467364126174,5.246068804405136,0.5245758747247423,0.5051582857859325,0.013158072996928422,0.014415584084244443,0.01341645639089498,0.022132920314880913,0.0222564437254791,0.594502343555707,0.6513186637441706,0.6028122262648757,False,1e-24,False
UniGCN,real,,93,base,2.1639264865943746,0.00032546455429020973,1.606124096700354e-23,2.6200286694800434,3.263950288305359,0.825917102282631,0.00012422175302180937,4.9207982807062065e-24,5.179839623703229e-06,8.535778347988642e-09,4.0427471571476095e-28,5.5342690111699245e-05,6.884722608479162e-05,0.09359573257549744,0.00015423497359381543,5.8720552548749e-24,False,1e-24,False
UniGCN,real,,93,restart,5496.9080920351325,549.6583272842647,533.016116618819,1047.8146343747442,1055.1466223638529,5.246069210815392,0.524575921400696,0.5051583403875178,0.013158072845529037,0.014415584084284453,0.01341645639089498,0.02213291834558935,0.02225644131982326,0.5945023896114983,0.6513187216975025,0.6028122914216872,False,1e-24,False
UniGCN,real,,94,base,2.045305710508203,0.00030762344080574594,8.972826605161285e-24,2.476405567647703,3.085029091719377,0.8259171022826465,0.00012422175302163953,2.908506318220963e-24,4.895894397295564e-06,8.067869360121095e-09,2.2585346502252144e-28,5.230894895070437e-05,6.507320167122981e-05,0.09359573257549919,0.00015423497359360455,3.470759993700693e-24,False,1e-24,False
UniGCN,real,,94,restart,5496.908036693675,549.6583272855996,533.016116618819,1047.8145527999257,1055.146522572962,5.246069566418094,0.5245759622414348,0.5051583881630635,0.013158072713056941,0.014415584084319463,0.01341645639089498,0.022132916622489923,0.022256439214911904,0.5945024299096048,0.6513187724057731,0.6028123484328931,False,1e-24,False
UniGCN,real,,95,base,1.9331874143382577,0.00029076033038244383,5.012796646126041e-24,2.340655507671825,2.915915885991117,0.8259171022826581,0.00012422175302150882,1.7191156542645594e-24,4.6275143036828755e-06,7.625609916093849e-09,1.2617623651944963e-28,4.9441509525554666e-05,6.150605938036409e-05,0.09359573257550051,0.00015423497359344228,2.05144400064966e-24,False,1e-24,False
UniGCN,real,,95,restart,5496.907988270762,549.6583272867675,533.016116618819,1047.8144814232298,1055.146435257487,5.246069877564966,0.5245759979764503,0.5051584299659292,0.013158072597145923,0.014415584084350093,0.01341645639089498,0.022132915114804756,0.022256437373147257,0.5945024651698256,0.6513188167747265,0.6028123983168192,False,1e-24,False
UniGCN,real,,96,base,1.8272151491853188,0.00027482161145682573,2.8004705947978867e-24,2.2123469100412936,2.7560730227787356,0.8259171022826677,0.00012422175302140845,1.0161089969867303e-24,4.3738461030978005e-06,7.207593975166974e-09,7.049016049914132e-29,4.673125561114142e-05,5.813445847668216e-05,0.09359573257550159,0.00015423497359331765,1.2125366322525403e-24,False,1e-24,False
UniGCN,real,,96,restart,5496.907945901468,549.6583272877896,533.0161166188191,1047.814418969732,1055.146358857805,5.246070149813673,0.5245760292440368,0.5051584665427918,0.013158072495725589,0.014415584084376898,0.013416456390894983,0.022132913795603705,0.022256435761631846,0.5945024960219742,0.6513188555968753,0.6028124419644849,False,1e-24,False
UniGCN,real,,97,base,1.727052005744193,0.00025975661131076035,1.5645243034634012e-24,2.0910718533021737,2.6049923262127517,0.8259171022826745,0.0001242217530213314,6.005869144873732e-25,4.134083328139786e-06,6.812492572067427e-09,3.9380370378037024e-29,4.416957070991329e-05,5.494767989405658e-05,0.09359573257550237,0.00015423497359322197,7.166885017523116e-25,False,1e-24,True
UniGCN,real,,97,restart,5496.907908828994,549.6583272886837,533.0161166188188,1047.8143643238923,1055.1462920092713,5.246070388027085,0.5245760566026919,0.5051584985469819,0.013158072406984371,0.014415584084400348,0.013416456390894976,0.022132912641323294,0.022256434351580926,0.5945025230171275,0.6513188895656558,0.6028124801555185,False,1e-24,False
UniGCN,real,,98,base,1.6323795431944097,0.0002455174349716634,8.740446770382039e-25,1.976444777185046,2.46219347729239,0.8259171022826798,0.00012422175302127185,3.549861881688388e-25,3.90746371983659e-06,6.4390495919139595e-09,2.2000427243296837e-29,4.174831065812183e-05,5.193559215745918e-05,0.09359573257550297,0.00015423497359314802,4.236098276610689e-25,False,1e-24,True
UniGCN,real,,98,restart,5496.907876391157,549.658327289466,533.016116618819,1047.8143165096317,1055.1462335178433,5.2460705964601395,0.5245760805410922,0.5051585265501545,0.01315807232933719,0.014415584084420865,0.01341645639089498,0.02213291163134587,0.022256433117808287,0.5945025466374696,0.6513189192878134,0.6028125135720837,False,1e-24,False
UniGCN,real,,99,base,1.5428967768063087,0.0002320588129437713,4.882971558517126e-25,1.8681012568235045,2.32722248684508,0.8259171022826839,0.00012422175302122604,2.098197136766571e-25,3.693266804254149e-06,6.086077776749692e-09,1.2290843171572593e-29,3.945977773372093e-05,4.908861917275763e-05,0.09359573257550344,0.00015423497359309116,2.503807069479265e-25,False,1e-24,True
UniGCN,real,,99,restart,5496.907848008554,549.6583272901506,533.0161166188191,1047.8142746728965,1055.1461823387524,5.246070778835841,0.5245761014868224,0.5051585510524981,0.013158072261397112,0.014415584084438821,0.013416456390894983,0.022132910747631313,0.02225643203827639,0.5945025673049038,0.6513189452942421,0.6028125428110622,False,1e-24,False
UniGCN,real,,100,base,1.4583192210439155,0.00021933795728638252,2.7279322184611693e-25,1.765696844166784,2.1996502521943144,0.8259171022826871,0.00012422175302119094,1.240166347236273e-25,3.49081160195035e-06,5.752454950985977e-09,6.866430958686229e-30,3.729669618360332e-05,4.639770978219106e-05,0.0935957325755038,0.00015423497359304757,1.4799073038130404e-25,False,1e-24,True
UniGCN,real,,100,restart,5496.907823174218,549.6583272907496,533.016116618819,1047.8142380664026,1055.1461375578426,5.246070938411761,0.5245761198140126,0.50515857249167,0.013158072201950604,0.01441558408445453,0.01341645639089498,0.022132909974394793,0.022256431093702747,0.5945025853885894,0.6513189680494651,0.6028125683947165,False,1e-24,False
UniGCN,real,,101,base,1.3783779851224036,0.0002073144255815146,1.5239891508238976e-25,1.6689059729031035,2.079071192947182,0.8259171022826893,0.0001242217530211639,7.33014413356173e-26,3.2994544629905387e-06,5.437120453757583e-09,3.836006706875624e-30,3.525218909236974e-05,4.3854308988734444e-05,0.09359573257550405,0.00015423497359301402,8.747160302676394e-26,False,1e-24,True
UniGCN,real,,101,restart,5496.9078014445595,549.6583272912738,533.016116618819,1047.8142060362886,1055.146098375241,5.2460710780382245,0.5245761358500208,0.5051585912506144,0.01315807214993583,0.014415584084468278,0.01341645639089498,0.02213290929782484,0.022256430267215455,0.5945026012115346,0.6513189879599336,0.602812590780019,False,1e-24,False
UniGCN,real,,102,base,1.3028189181447285,0.00019594999235849969,8.513957264364173e-26,1.5774209234122447,1.9651019615644667,0.8259171022826916,0.0001242217530211433,4.3325778666395506e-26,3.1185870206418045e-06,5.1390717668468826e-09,2.1430334428888163e-30,3.331975651909151e-05,4.145033075786818e-05,0.0935957325755043,0.00015423497359298846,5.170123865614805e-26,False,1e-24,True
UniGCN,real,,102,restart,5496.907782431444,549.6583272917323,533.016116618819,1047.8141780104356,1055.1460640910727,5.246071200209221,0.5245761498812799,0.5051586076644008,0.013158072104423706,0.014415584084480303,0.01341645639089498,0.022132908705836625,0.022256429544051902,0.5945026150563671,0.6513190053812854,0.6028126103668128,False,1e-24,False
UniGCN,real,,103,base,1.2314018010996246,0.00018520852756674354,4.7564063882219874e-26,1.4909508444567157,1.8573802246138937,0.8259171022826929,0.00012422175302112746,2.5608145953049187e-26,2.947634257240363e-06,4.857361327456302e-09,1.1972268172632126e-30,3.149325483255854e-05,3.9178132310283027e-05,0.09359573257550445,0.00015423497359296875,3.055854750250507e-26,False,1e-24,True
UniGCN,real,,103,restart,5496.907765795265,549.6583272921337,533.016116618819,1047.8141534882488,1055.1460340929573,5.246071307106954,0.5245761621584147,0.5051586220262103,0.013158072064601309,0.014415584084490828,0.01341645639089498,0.022132908187856116,0.02225642891129501,0.5945026271703814,0.6513190206246992,0.6028126275049547,False,1e-24,False
UniGCN,real,,104,base,1.163899583152161,0.0001750558817102923,2.6571990114695085e-26,1.4092208285012395,1.755563510831895,0.825917102282694,0.00012422175302111518,1.513587514820448e-26,2.786052676083043e-06,4.5910935156963175e-09,6.688389627964061e-31,2.9766877179314854e-05,3.703048982379183e-05,0.09359573257550458,0.00015423497359295352,1.8061844873752706e-26,False,1e-24,True
UniGCN,real,,104,restart,5496.907751238864,549.6583272924847,533.016116618819,1047.8141320317156,1055.1460078450712,5.246071400640816,0.5245761729007177,0.5051586345925716,0.013158072029757325,0.014415584084500036,0.01341645639089498,0.022132907734631203,0.02225642835764254,0.5945026377699565,0.6513190339624502,0.6028126425005638,False,1e-24,False
UniGCN,real,,105,base,1.10009765979884,0.00016545977727901965,1.4844561930634314e-26,1.3319710377208034,1.6593281223315952,0.8259171022826949,0.0001242217530211058,8.94612809296305e-27,2.6333285735308674e-06,4.339421807211412e-09,3.7364989833266773e-31,2.8135135022385055e-05,3.500057546719853e-05,0.09359573257550467,0.00015423497359294186,1.0675535854627333e-26,False,1e-24,True
UniGCN,real,,105,restart,5496.907738502239,549.658327292792,533.0161166188191,1047.8141132575815,1055.1459848785776,5.246071482481501,0.5245761823000669,0.5051586455879435,0.013158071999269378,0.014415584084508095,0.013416456390894983,0.022132907338066426,0.022256427873205205,0.594502647044421,0.6513190456327763,0.6028126556214901,False,1e-24,False
UniGCN,real,,106,base,1.0397931905923437,0.00015638970613127134,8.292812744762084e-27,1.2589558779186567,1.5683681054955285,0.8259171022826953,0.0001242217530210983,5.287542328681796e-27,2.488976405831395e-06,4.101546081891621e-09,2.0873695387249457e-31,2.6592840691999606e-05,3.308193569311038e-05,0.09359573257550473,0.00015423497359293254,6.309695895937734e-27,False,1e-24,True
UniGCN,real,,106,restart,5496.907727357891,549.6583272930608,533.016116618819,1047.8140968305054,1055.1459647832519,5.2460715540908325,0.5245761905243518,0.5051586552087238,0.013158071972592902,0.014415584084515144,0.01341645639089498,0.022132906991078397,0.02225642744933005,0.5945026551594338,0.6513190558441309,0.6028126671020976,False,1e-24,False
UniGCN,real,,107,base,0.9827944542668191,0.00014781683250172624,4.6327850601357854e-27,1.189943217727954,1.4823942782813138,0.825917102282696,0.0001242217530210927,3.12520435892874e-27,2.3525372454675764e-06,3.8767100801134845e-09,1.1661103067949341e-31,2.5135090892843388e-05,3.126847072068121e-05,0.0935957325755048,0.00015423497359292563,3.7293487014817766e-27,False,1e-24,True
UniGCN,real,,107,restart,5496.907717606759,549.658327293296,533.016116618819,1047.814082457068,1055.145947200153,5.246071616747892,0.524576197720474,0.505158663626758,0.013158071949251397,0.014415584084521312,0.01341645639089498,0.022132906687469242,0.02225642707844585,0.5945026622599446,0.6513190647789084,0.6028126771474518,False,1e-24,False
UniGCN,real,,108,base,0.9289202392135062,0.00013971390132610904,2.5881143687731567e-27,1.1247136506147244,1.401133310847887,0.8259171022826964,0.00012422175302108845,1.847157831974586e-27,2.2235773221255183e-06,3.664198998423149e-09,6.514497869888196e-32,2.3757251115393863e-05,2.9554415143056977e-05,0.09359573257550485,0.00015423497359292034,2.204238466014309e-27,False,1e-24,True
UniGCN,real,,108,restart,5496.90770907467,549.6583272935019,533.0161166188191,1047.814069880533,1055.1459318152138,5.246071671571849,0.5245762040169697,0.5051586709924077,0.013158071928827942,0.014415584084526712,0.013416456390894983,0.022132906421815934,0.022256426753927923,0.5945026684727819,0.6513190725967005,0.6028126859369815,False,1e-24,False
UniGCN,real,,109,base,0.8779992673688922,0.00013205515159130432,1.4458365116330516e-27,1.063059797335894,1.3243268565793869,0.8259171022826965,0.0001242217530210852,1.0917520130698798e-27,2.1016866436425715e-06,3.4633372170178602e-09,3.639290051816734e-32,2.2454940901788596e-05,2.7934319597870193e-05,0.09359573257550487,0.0001542349735929163,1.3028024681489668e-27,False,1e-24,True
UniGCN,real,,109,restart,5496.907701609223,549.6583272936817,533.016116618819,1047.8140588762597,1055.1459183536303,5.2460717195419635,0.5245762095263059,0.5051586774372372,0.013158071910957735,0.014415584084531429,0.01341645639089498,0.022132906189373407,0.022256426469979763,0.5945026739089182,0.6513190794371475,0.6028126936276837,False,1e-24,False
UniGCN,real,,110,base,0.8298696496838079,0.00012481623443538894,8.077477357908977e-28,1.0047856466347371,1.2517307307440388,0.825917102282697,0.00012422175302108246,6.453047096724756e-28,1.986477692551425e-06,3.2734861518009414e-09,2.033167841308031e-32,2.1224019919379418e-05,2.6403033442509915e-05,0.09359573257550492,0.0001542349735929129,7.700508525791403e-28,False,1e-24,True
UniGCN,real,,110,restart,5496.907695077073,549.6583272938393,533.016116618819,1047.8140492476907,1055.1459065749534,5.246071761515072,0.52457621434689,0.5051586830763634,0.01315807189532158,0.014415584084535561,0.01341645639089498,0.022132905985989788,0.022256426221529523,0.5945026786654535,0.651319085422433,0.6028127003569294,False,1e-24,False
UniGCN,real,,111,base,0.7843783714422791,0.00011797413573720765,4.513274250135045e-28,0.9497059320776726,1.1831141341768003,0.8259171022826969,0.00012422175302108046,3.8147412153733913e-28,1.877584194076239e-06,3.0940422241815276e-09,1.136028447717451e-32,2.0060574797697826e-05,2.4955688379087904e-05,0.09359573257550491,0.0001542349735929104,4.552182374057082e-28,False,1e-24,True
UniGCN,real,,111,restart,5496.907689361543,549.6583272939773,533.0161166188188,1047.8140408228421,1055.1458962687932,5.246071798240892,0.5245762185648265,0.5051586880105116,0.013158071881640187,0.014415584084539182,0.013416456390894976,0.022132905808032278,0.022256426004139403,0.5945026828273482,0.6513190906594654,0.6028127062449152,False,1e-24,False
UniGCN,real,,112,base,0.7413808057938507,0.00011150710294938238,2.521973284995485e-28,0.897645543051231,1.1182589195176922,0.825917102282697,0.00012422175302107902,2.2552677568475984e-28,1.7746599516639972e-06,2.9244349421644824e-09,6.348015293005016e-33,1.8960906686983354e-05,2.35876829770413e-05,0.09359573257550492,0.00015423497359290863,2.691241568399812e-28,False,1e-24,True
UniGCN,real,,112,restart,5496.907684360544,549.658327294098,533.0161166188191,1047.8140334512302,1055.145887251063,5.246071830375418,0.5245762222554555,0.505158692327815,0.013158071869669183,0.014415584084542344,0.013416456390894983,0.02213290565232221,0.022256425813926423,0.5945026864689419,0.6513190952417873,0.6028127113968119,False,1e-24,False
UniGCN,real,,113,base,0.7007402539527913,0.00010539457594214612,1.409863851395278e-28,0.8484389680466257,1.0569588976730167,0.8259171022826975,0.00012422175302107788,1.3338871118822228e-28,1.6773777463489767e-06,2.764125086629985e-09,3.5487438915231015e-33,1.792151949872087e-05,2.2294668044165515e-05,0.09359573257550498,0.0001542349735929072,1.5917455619850788e-28,False,1e-24,True
UniGCN,real,,113,restart,5496.907679984745,549.6583272942034,533.016116618819,1047.8140270011838,1055.1458793606882,5.246071858492629,0.524576225484699,0.5051586961053887,0.013158071859194733,0.014415584084545111,0.01341645639089498,0.022132905516078313,0.022256425647493003,0.5945026896552797,0.6513190992512483,0.6028127159046418,False,1e-24,False
UniGCN,real,,114,base,0.6623275106023727,9.961712163813649e-05,7.884747494470141e-29,0.8019297684620038,0.999019182294556,0.8259171022826974,0.00012422175302107696,7.8924885870163e-29,1.5854282964511726e-06,2.612602997036517e-09,1.9846561410530185e-33,1.693910879080075e-05,2.1072532799568873e-05,0.09359573257550496,0.00015423497359290606,9.418213557573028e-29,False,1e-24,True
UniGCN,real,,114,restart,5496.907676155991,549.6583272942958,533.016116618819,1047.8140213574927,1055.1458724567328,5.246071883094755,0.5245762283102371,0.505158699410707,0.013158071850029759,0.014415584084547533,0.01341645639089498,0.022132905396867006,0.022256425501866343,0.5945026924432764,0.6513191027594648,0.6028127198489229,False,1e-24,False
UniGCN,real,,115,base,0.6260204531225484,9.415637223033772e-05,4.4137123793196205e-29,0.7579700812494764,0.9442555701927012,0.8259171022826974,0.00012422175302107647,4.674277302297387e-29,1.4985192743013285e-06,2.4693869510970944e-09,1.1109679015849159e-33,1.601055126196541e-05,1.991739180458951e-05,0.09359573257550496,0.00015423497359290546,5.577878431496832e-29,False,1e-24,True
UniGCN,real,,115,restart,5496.907672805889,549.6583272943766,533.0161166188188,1047.8140164193508,1055.1458664158783,5.246071904621234,0.5245762307825391,0.5051587023028097,0.013158071842010543,0.014415584084549652,0.013416456390894976,0.02213290529255896,0.02225642537444526,0.59450269488273,0.6513191058290998,0.6028127233001083,False,1e-24,False
UniGCN,real,,116,base,0.591703653335092,8.89949667867532e-05,2.4750920828743973e-29,0.7164201488257376,0.892493955713709,0.8259171022826974,0.0001242217530210759,2.7732311989666273e-29,1.4163743768665216e-06,2.3340216332774e-09,6.230011430795328e-34,1.5132894822142803e-05,1.8825572610125233e-05,0.09359573257550496,0.00015423497359290476,3.309334361200014e-29,False,1e-24,True
UniGCN,real,,116,restart,5496.907669874603,549.6583272944473,533.0161166188191,1047.814012098553,1055.1458611302244,5.246071923456571,0.5245762329457652,0.5051587048333549,0.013158071834993859,0.014415584084551507,0.013416456390894983,0.022132905201291037,0.02225642526295379,0.5945026970172145,0.6513191085149829,0.6028127263198422,False,1e-24,False
UniGCN,real,,117,base,0.5592680105318499,8.411649605615743e-05,1.3921838083265436e-29,0.677147874751747,0.843569777219262,0.8259171022826977,0.00012422175302107514,1.650348134704078e-29,1.3387324473216149e-06,2.2060766872468565e-09,3.504241761207508e-34,1.4303349207098098e-05,1.7793604081104312e-05,0.09359573257550499,0.0001542349735929038,1.9693827879023075e-29,False,1e-24,True
UniGCN,real,,117,restart,5496.907667309772,549.6583272945091,533.0161166188191,1047.8140083179217,1055.145856505359,5.246071939937199,0.5245762348385544,0.5051587070475425,0.013158071828854364,0.014415584084553129,0.013416456390894983,0.022132905121433018,0.02225642516540048,0.5945026988848552,0.651319110865089,0.6028127289620622,False,1e-24,False
UniGCN,real,,118,base,0.5286104046194222,7.950545029945195e-05,7.868408683241567e-30,0.6400284037688904,0.7973274939085668,0.8259171022826974,0.00012422175302107495,9.868477812887101e-30,1.26534664477386e-06,2.0851453476805328e-09,1.9805435271658854e-34,1.3519277107565642e-05,1.6818205360978166e-05,0.09359573257550496,0.00015423497359290356,1.177618827131919e-29,False,1e-24,True
UniGCN,real,,118,restart,5496.907665065583,549.6583272945633,533.016116618819,1047.814005009928,1055.1458524586737,5.246071954357491,0.5245762364947157,0.5051587089849223,0.013158071823482399,0.014415584084554548,0.01341645639089498,0.02213290505155849,0.022256425080042854,0.5945027005190118,0.6513191129213955,0.6028127312739638,False,1e-24,False
UniGCN,real,,119,base,0.49963336827754434,7.514716998076735e-05,4.488219888621768e-30,0.6049437248564544,0.753620091319696,0.8259171022826975,0.00012422175302107455,5.955547019403711e-30,1.1959836595010231e-06,1.970843147062024e-09,1.1297220577572956e-34,1.2778185784658574e-05,1.589627544115168e-05,0.09359573257550498,0.00015423497359290308,7.10683494344036e-30,False,1e-24,True
UniGCN,real,,119,restart,5496.907663101956,549.6583272946107,533.0161166188191,1047.8140021154845,1055.1458489178863,5.246071966975029,0.5245762379438315,0.5051587106801,0.01315807181878202,0.014415584084555792,0.013416456390894983,0.022132904990419353,0.02225642500535624,0.5945027019488739,0.6513191147206321,0.6028127332968423,False,1e-24,False
UniGCN,real,,120,base,0.47224477708888457,7.102779916155365e-05,2.5905437925986375e-30,0.5717822960484514,0.7123086139380458,0.8259171022826977,0.00012422175302107452,3.636827832639343e-30,1.1304229712080931e-06,1.8628066933761112e-09,6.520612930538956e-35,1.2077719144899743e-05,1.5024883302189928e-05,0.09359573257550499,0.00015423497359290305,4.339875924086914e-30,False,1e-24,True
UniGCN,real,,120,restart,5496.907661383811,549.6583272946522,533.016116618819,1047.8139995828913,1055.1458458197521,5.246071978015175,0.5245762392117851,0.5051587121633541,0.013158071814669258,0.01441558408455688,0.01341645639089498,0.022132904936923554,0.02225642494000661,0.5945027031999809,0.651319116294936,0.6028127350668294,False,1e-24,False
UniGCN,real,,121,base,0.4463575566551159,6.713424144948063e-05,1.5306299758785486e-30,0.5404386898170019,0.673261723425976,0.8259171022826975,0.00012422175302107436,2.2734546204256904e-30,1.06845614794442e-06,1.7606925148050017e-09,3.8527222126487833e-35,1.1415650249678653e-05,1.420125859545816e-05,0.09359573257550498,0.00015423497359290283,2.7129441991014512e-30,False,1e-24,True
UniGCN,real,,121,restart,5496.9076598804595,549.6583272946883,533.016116618819,1047.8139973669115,1055.1458431089327,5.2460719876751325,0.5245762403212251,0.5051587134611786,0.013158071811070652,0.014415584084557828,0.01341645639089498,0.022132904890115563,0.022256424882826698,0.5945027042946801,0.6513191176724279,0.602812736615541,False,1e-24,False
UniGCN,real,,122,base,0.421889405768114,6.345411836210663e-05,9.337338341173677e-31,0.5108132578948684,0.636355281069141,0.8259171022826975,0.00012422175302107422,1.467315290522302e-30,1.0098861834523688e-06,1.664175967755365e-09,2.3502852682215746e-35,1.0789874235320287e-05,1.3422782835569798e-05,0.09359573257550498,0.00015423497359290267,1.7509672152285886e-30,False,1e-24,True
UniGCN,real,,122,restart,5496.90765856505,549.65832729472,533.016116618819,1047.8139954279634,1055.1458407370076,5.246071996127446,0.5245762412919677,0.5051587145967549,0.013158071807921926,0.014415584084558659,0.01341645639089498,0.022132904849159293,0.022256424832795156,0.5945027052525249,0.6513191188777115,0.6028127379706396,False,1e-24,False
UniGCN,real,,123,base,0.39876253475618695,5.997572997294039e-05,6.010104194634324e-31,0.48281181447154153,0.6014719531120187,0.8259171022826975,0.00012422175302107392,9.99232659733844e-31,9.545268708407899e-07,1.5729502047444235e-09,1.5127929216014907e-35,1.019840162125725e-05,1.2686981075641388e-05,0.09359573257550498,0.0001542349735929023,1.1923978703696551e-30,False,1e-24,True
UniGCN,real,,123,restart,5496.90765741409,549.6583272947478,533.016116618819,1047.8139937314138,1055.14583866161,5.246072003523091,0.5245762421413526,0.5051587155903664,0.013158071805166847,0.014415584084559388,0.01341645639089498,0.02213290481332319,0.022256424789018334,0.5945027060906246,0.6513191199323164,0.6028127391563297,False,1e-24,False
UniGCN,real,,124,base,0.3769034181734771,5.668801771478347e-05,4.074228812652448e-31,0.45634533675568495,0.5685008377279102,0.8259171022826977,0.00012422175302107384,7.166618837248595e-31,9.022022105920646e-07,1.4867251988638466e-09,1.0255170807634353e-35,9.639351985030358e-06,1.199151403888819e-05,0.09359573257550499,0.00015423497359290218,8.552023351160732e-31,False,1e-24,True
UniGCN,real,,124,restart,5496.907656407014,549.6583272947721,533.016116618819,1047.8139922469593,1055.145836845669,5.246072009994164,0.5245762428845512,0.5051587164597613,0.013158071802756187,0.014415584084560026,0.01341645639089498,0.022132904781967156,0.02225642475071429,0.5945027068239485,0.6513191208550793,0.6028127401937904,False,1e-24,False
UniGCN,real,,125,base,0.3562425610462816,5.3580529222095006e-05,3.006735625234693e-31,0.4313296819519615,0.5373371124374668,0.8259171022826977,0.00012422175302107411,5.595622479146376e-31,8.527458510206503e-07,1.405226821719949e-09,7.568202186981931e-36,9.110947984009081e-06,1.133417068154513e-05,0.09359573257550499,0.00015423497359290253,6.6773321133277625e-31,False,1e-24,True
UniGCN,real,,125,restart,5496.907655525842,549.6583272947934,533.0161166188191,1047.8139909480844,1055.145835256749,5.246072015656254,0.5245762435348384,0.5051587172204686,0.013158071800646905,0.014415584084560583,0.013416456390894983,0.02213290475453111,0.022256424717198846,0.5945027074655959,0.6513191216624824,0.6028127411015527,False,1e-24,False
UniGCN,real,,126,base,0.33671427793313746,5.0643385100606205e-05,2.3395760413763696e-31,0.4076853197524487,0.5078817008548093,0.8259171022826977,0.00012422175302107387,4.6065373834864665e-31,8.060005594042259e-07,1.3281959719188027e-09,5.888906348915556e-36,8.611509704825634e-06,1.0712861163468889e-05,0.09359573257550499,0.00015423497359290224,5.497043468645768e-31,False,1e-24,True
UniGCN,real,,126,restart,5496.907654754827,549.658327294812,533.016116618819,1047.813989811589,1055.1458338664684,5.2460720206104945,0.52457624410383,0.5051587178860752,0.013158071798801308,0.014415584084561072,0.01341645639089498,0.022132904730524993,0.02225642468787335,0.5945027080270272,0.651319122368948,0.6028127418958301,False,1e-24,False
UniGCN,real,,127,base,0.31825648409625235,4.7867247518538476e-05,1.897047143810637e-31,0.38533707949217216,0.48004095770174904,0.8259171022826975,0.00012422175302107373,3.9518443444762855e-31,7.618177221060361e-07,1.2553877513255344e-09,4.775024522308915e-36,8.139449322558238e-06,1.012561020407314e-05,0.09359573257550498,0.00015423497359290207,4.715789395475749e-31,False,1e-24,True
UniGCN,real,,127,restart,5496.907654080203,549.6583272948283,533.016116618819,1047.8139888171731,1055.1458326499944,5.24607202494538,0.5245762446016884,0.505158718468471,0.013158071797186447,0.014415584084561499,0.01341645639089498,0.022132904709520014,0.022256424662213996,0.5945027085182711,0.651319122987094,0.602812742590811,False,1e-24,False
UniGCN,real,,128,base,0.300810498120371,4.52432905195669e-05,1.6623694056457124e-31,0.3642139111649108,0.453726371088706,0.8259171022826977,0.00012422175302107392,3.66381482666942e-31,7.200568720992214e-07,1.1865706864788863e-09,4.184321250524878e-36,7.693266052683989e-06,9.570550802474033e-06,0.09359573257550499,0.0001542349735929023,4.37207986968024e-31,False,1e-24,True
UniGCN,real,,128,restart,5496.907653489914,549.6583272948425,533.0161166188188,1047.8139879470746,1055.1458315855984,5.246072028738335,0.524576245037307,0.5051587189780582,0.01315807179577346,0.014415584084561872,0.013416456390894976,0.02213290469114098,0.022256424639762455,0.5945027089481018,0.6513191235279625,0.6028127431989082,False,1e-24,False
UniGCN,real,,129,base,0.2843208553515571,4.2763171963150104e-05,1.4653061003232002e-31,0.3442486595394884,0.4288542811158051,0.8259171022826974,0.00012422175302107395,3.416792521018388e-31,6.805852423910241e-07,1.1215259926858082e-09,3.688296616433774e-36,7.271541379752402e-06,9.045918301880816e-06,0.09359573257550496,0.00015423497359290232,4.077304805712106e-31,False,1e-24,True
UniGCN,real,,129,restart,5496.907652973425,549.658327294855,533.016116618819,1047.8139871857518,1055.1458306542686,5.246072032057115,0.5245762454184666,0.5051587194239392,0.013158071794537127,0.0144155840845622,0.01341645639089498,0.02213290467505961,0.022256424620117708,0.5945027093241971,0.6513191240012141,0.602812743730984,False,1e-24,False
UniGCN,real,,130,base,0.26873513156277273,4.041900700301783e-05,1.3489162743302724e-31,0.32537785065841773,0.4053456138995223,0.8259171022826977,0.00012422175302107387,3.32781761557347e-31,6.432773439271091e-07,1.060046878456463e-09,3.395333800471741e-36,6.8729345476105786e-06,8.550044779361e-06,0.09359573257550499,0.00015423497359290224,3.971129845621108e-31,False,1e-24,True
UniGCN,real,,130,restart,5496.907652521502,549.6583272948659,533.016116618819,1047.8139865196063,1055.1458298393693,5.246072034960994,0.5245762457519753,0.5051587198140782,0.01315807179345535,0.014415584084562486,0.01341645639089498,0.02213290466098866,0.022256424602928856,0.5945027096532746,0.6513191244153017,0.6028127441965423,False,1e-24,False
UniGCN,real,,131,base,0.2540037762856471,3.820334301949804e-05,1.2666033563925257e-31,0.3075414900401298,0.3831256301792931,0.8259171022826974,0.00012422175302107382,3.3059739589851702e-31,6.080145666340612e-07,1.0019378880682726e-09,3.1881453798054925e-36,6.496178296842406e-06,8.081353743143879e-06,0.09359573257550496,0.00015423497359290215,3.945063514278504e-31,False,1e-24,True
UniGCN,real,,131,restart,5496.907652126077,549.6583272948753,533.0161166188188,1047.813985936739,1055.1458291263448,5.246072037501844,0.5245762460437902,0.5051587201554437,0.01315807179250881,0.014415584084562732,0.013416456390894976,0.022132904648676798,0.022256424587888873,0.5945027099412123,0.651319124777622,0.6028127446038983,False,1e-24,False
UniGCN,real,,132,base,0.2400799552785624,3.6109135925988024e-05,1.1674526155882868e-31,0.29068287194322695,0.362123687704848,0.8259171022826974,0.00012422175302107403,3.2239056853409415e-31,5.746848023316901e-07,9.47014280168877e-10,2.9385747667134464e-36,6.1400748358701495e-06,7.638355120604002e-06,0.09359573257550496,0.00015423497359290243,3.8471303314856615e-31,False,1e-24,True
UniGCN,real,,132,restart,5496.907651780086,549.6583272948837,533.016116618819,1047.8139854267395,1055.1458285024598,5.246072039725047,0.5245762462991237,0.5051587204541332,0.013158071791680605,0.014415584084562953,0.01341645639089498,0.02213290463790411,0.02225642457472913,0.5945027101931533,0.6513191250946467,0.6028127449603286,False,1e-24,False
UniGCN,real,,133,base,0.2269194016302249,3.412972777424256e-05,1.128774437692322e-31,0.27474839908637,0.3422730166488498,0.8259171022826977,0.00012422175302107414,3.2978773750382208e-31,5.431820883162905e-07,8.951014404424485e-10,2.841218594762722e-36,5.803492032909704e-06,7.219640520990198e-06,0.09359573257550499,0.00015423497359290256,3.9354017509628577e-31,False,1e-24,True
UniGCN,real,,133,restart,5496.90765147735,549.658327294891,533.0161166188188,1047.8139849804977,1055.1458279565697,5.246072041670317,0.5245762465225366,0.505158720715482,0.013158071790955938,0.014415584084563143,0.013416456390894976,0.022132904628478174,0.022256424563214548,0.5945027104135978,0.6513191253720385,0.6028127452721995,False,1e-24,False
UniGCN,real,,134,base,0.21448027502534792,3.225882558728195e-05,9.986720856729404e-32,0.2596874122506485,0.32351050733082287,0.8259171022826974,0.00012422175302107425,3.086985006801325e-31,5.134062704817355e-07,8.460343264721105e-10,2.5137402169430162e-36,5.485359816672876e-06,6.823878757839423e-06,0.09359573257550496,0.0001542349735929027,3.6837410307959766e-31,False,1e-24,True
UniGCN,real,,134,restart,5496.90765121246,549.6583272948974,533.0161166188191,1047.813984590043,1055.1458274789245,5.246072043372398,0.5245762467180195,0.5051587209441583,0.013158071790321866,0.014415584084563312,0.013416456390894983,0.022132904620230626,0.022256424553139472,0.5945027106064834,0.6513191256147519,0.602812745545082,False,1e-24,False
UniGCN,real,,135,base,0.20272302872502201,3.0490481352623977e-05,9.828986747074448e-32,0.24545202922270196,0.30577650957749863,0.8259171022826975,0.00012422175302107422,3.2144348696554486e-31,4.852626849073878e-07,7.99656943033529e-10,2.4740372372851652e-36,5.1846667743737106e-06,6.4498116168401e-06,0.09359573257550498,0.00015423497359290267,3.8358286788184504e-31,False,1e-24,True
UniGCN,real,,135,restart,5496.907650980686,549.6583272949031,533.0161166188191,1047.813984248401,1055.1458270609924,5.246072044861692,0.5245762468890639,0.5051587211442463,0.013158071789767065,0.01441558408456346,0.013416456390894983,0.022132904613014148,0.022256424544323937,0.5945027107752553,0.6513191258271224,0.6028127457838498,False,1e-24,False
UniGCN,real,,136,base,0.19161028383887133,2.8819073112234785e-05,9.395992994746535e-32,0.23199699256655698,0.2890146430817021,0.8259171022826978,0.000124221753021074,3.2510439244735303e-31,4.586618569005265e-07,7.558218461515427e-10,2.3650491295242167e-36,4.900456936223213e-06,6.09624985569013e-06,0.093595732575505,0.0001542349735929024,3.8795147599088683e-31,False,1e-24,True
UniGCN,real,,136,restart,5496.907650777887,549.658327294908,533.016116618819,1047.8139839494697,1055.1458266953082,5.246072046164802,0.5245762470387252,0.5051587213193203,0.01315807178928162,0.01441558408456359,0.01341645639089498,0.02213290460669984,0.02225642453661048,0.5945027109229281,0.6513191260129433,0.602812745992768,False,1e-24,False
UniGCN,real,,137,base,0.18110671048928137,2.7239287089079094e-05,9.036481320473175e-32,0.21927952574021353,0.2731716181568657,0.8259171022826977,0.00012422175302107422,3.307986891699737e-31,4.3351921653647895e-07,7.143896743431084e-10,2.274557068411634e-36,4.631826736189633e-06,5.76206942323216e-06,0.09359573257550499,0.00015423497359290267,3.947465574157818e-31,False,1e-24,True
UniGCN,real,,137,restart,5496.90765060044,549.6583272949122,533.016116618819,1047.8139836879095,1055.1458263753402,5.2460720473050015,0.5245762471696765,0.5051587214725072,0.01315807178885686,0.014415584084563698,0.01341645639089498,0.02213290460117492,0.022256424529861325,0.5945027110521395,0.6513191261755339,0.602812746175568,False,1e-24,False
UniGCN,real,,138,base,0.1711789154898921,2.5746100793445388e-05,8.460091374814088e-32,0.2072591970995418,0.25819706631731176,0.8259171022826978,0.00012422175302107406,3.2766024399429236e-31,4.0975482979209743e-07,6.752287055562628e-10,2.1294749530876102e-36,4.377922139361881e-06,5.446207885845978e-06,0.093595732575505,0.00015423497359290245,3.910014082682838e-31,False,1e-24,True
UniGCN,real,,138,restart,5496.907650445179,549.6583272949159,533.016116618819,1047.8139834590484,1055.1458260953732,5.2460720483026595,0.5245762472842568,0.5051587216065435,0.013158071788485206,0.014415584084563797,0.01341645639089498,0.0221329045963407,0.022256424523955917,0.5945027111651975,0.6513191263177978,0.6028127463355154,False,1e-24,False
UniGCN,real,,139,base,0.16179533618126107,2.433476705533931e-05,7.92292020060305e-32,0.1958977913571297,0.24404338014567922,0.8259171022826978,0.0001242217530210743,3.246521252030497e-31,3.8729314441779216e-07,6.38214438396559e-10,1.9942645268257303e-36,4.137935926783385e-06,5.147661049736686e-06,0.093595732575505,0.00015423497359290278,3.874117793609859e-31,False,1e-24,True
UniGCN,real,,139,restart,5496.907650309327,549.6583272949191,533.016116618819,1047.8139832587985,1055.1458258504065,5.246072049175595,0.5245762473845127,0.5051587217238231,0.013158071788160017,0.01441558408456388,0.01341645639089498,0.022132904592110838,0.022256424518788783,0.5945027112641215,0.6513191264422765,0.6028127464754667,False,1e-24,False
UniGCN,real,,140,base,0.15292614008617814,2.300079893217796e-05,7.192558030562329e-32,0.18515918808741907,0.2306655619383978,0.8259171022826975,0.00012422175302107398,3.1181759297398686e-31,3.660627497401951e-07,6.03229196309537e-10,1.8104263294730915e-36,3.911105129124206e-06,4.8654797683801794e-06,0.09359573257550498,0.00015423497359290237,3.7209615817102048e-31,False,1e-24,True
UniGCN,real,,140,restart,5496.907650190457,549.6583272949221,533.016116618819,1047.8139830835826,1055.145825636064,5.246072049939399,0.5245762474722353,0.505158721826441,0.013158071787875475,0.014415584084563959,0.01341645639089498,0.022132904588409764,0.022256424514267608,0.5945027113506783,0.6513191265511938,0.602812746597922,False,1e-24,False
UniGCN,real,,141,base,0.14454313006561173,2.1739955443806262e-05,6.978766688698339e-32,0.17500924689187153,0.21802108064802128,0.8259171022826975,0.0001242217530210742,3.2009595897586778e-31,3.4599614963181046e-07,5.701617534609093e-10,1.7566132809471985e-36,3.6967086010325365e-06,4.598766924976105e-06,0.09359573257550498,0.00015423497359290264,3.8197484447558207e-31,False,1e-24,True
UniGCN,real,,141,restart,5496.907650086449,549.6583272949246,533.016116618819,1047.8139829302718,1055.145825448518,5.246072050607716,0.5245762475489911,0.50515872191623,0.01315807178762651,0.014415584084564025,0.01341645639089498,0.02213290458517139,0.02225642451031166,0.5945027114264143,0.6513191266464946,0.6028127467050685,False,1e-24,False
UniGCN,real,,142,base,0.1366196546737576,2.054822808948086e-05,6.624829285884459e-32,0.16541569885907872,0.20606973666760597,0.8259171022826974,0.00012422175302107417,3.2148482319703367e-31,3.2702954792587333e-07,5.389069811249758e-10,1.667524310053004e-36,3.494064728453875e-06,4.3466745803148234e-06,0.09359573257550496,0.0001542349735929026,3.836321949669e-31,False,1e-24,True
UniGCN,real,,142,restart,5496.9076499954435,549.6583272949267,533.016116618819,1047.8139827961268,1055.145825284418,5.246072051192484,0.5245762476161513,0.5051587219947942,0.013158071787408666,0.01441558408456408,0.01341645639089498,0.022132904582337853,0.02225642450685026,0.5945027114926822,0.6513191267298813,0.6028127467988201,False,1e-24,False
UniGCN,real,,143,base,0.1291305234271896,1.9421828103958892e-05,6.13284239074167e-32,0.15634804397474553,0.19477353402725592,0.8259171022826974,0.00012422175302107422,3.148704171421699e-31,3.0910264559420525e-07,5.093655134571329e-10,1.5436871404483282e-36,3.3025292616289727e-06,4.108401276990836e-06,0.09359573257550496,0.00015423497359290267,3.7573913461028546e-31,False,1e-24,True
UniGCN,real,,143,restart,5496.907649915816,549.6583272949288,533.0161166188191,1047.8139826787524,1055.1458251408333,5.2460720517041475,0.5245762476749154,0.5051587220635364,0.01315807178721806,0.014415584084564134,0.013416456390894983,0.022132904579858562,0.022256424503821596,0.5945027115506656,0.6513191268028434,0.6028127468808512,False,1e-24,False
UniGCN,real,,144,base,0.12205192671873216,1.835717441217376e-05,5.704067188544409e-32,0.14777745415538787,0.1840965595965176,0.8259171022826977,0.00012422175302107455,3.098410530346656e-31,2.921584490432454e-07,4.814434315878354e-10,1.4357608766372346e-36,3.1214932668811265e-06,3.883189491392155e-06,0.09359573257550499,0.00015423497359290308,3.6973752628345287e-31,False,1e-24,True
UniGCN,real,,144,restart,5496.907649846143,549.6583272949304,533.0161166188191,1047.8139825760516,1055.1458250151989,5.246072052151844,0.5245762477263329,0.5051587221236848,0.01315807178705128,0.014415584084564175,0.013416456390894983,0.02213290457768922,0.022256424501171563,0.5945027116014,0.651319126866684,0.6028127469526271,False,1e-24,False
UniGCN,real,,145,base,0.11536136012144542,1.735088224420419e-05,5.415184176460741e-32,0.13967668159747004,0.17400486890858335,0.8259171022826974,0.00012422175302107455,3.112087730893155e-31,2.7614308891879243e-07,4.5505196503370436e-10,1.3630466338057622e-36,2.9503811906811457e-06,3.6703232253649447e-06,0.09359573257550496,0.00015423497359290308,3.7136964515440813e-31,False,1e-24,True
UniGCN,real,,145,restart,5496.907649785179,549.658327294932,533.0161166188191,1047.81398248619,1055.1458249052705,5.24607205254357,0.5245762477713226,0.5051587221763139,0.013158071786905352,0.014415584084564217,0.013416456390894983,0.022132904575791083,0.02225642449885282,0.5945027116457918,0.6513191269225437,0.60281274701543,False,1e-24,False
UniGCN,real,,146,base,0.10903755284206677,1.639975237434105e-05,5.228993074393122e-32,0.13201997215060093,0.16446637824331187,0.8259171022826977,0.00012422175302107425,3.179369017695118e-31,2.6100564884339464e-07,4.301072094765022e-10,1.3161807938550103e-36,2.7886490298351768e-06,3.469125729896784e-06,0.09359573257550499,0.0001542349735929027,3.793984122605353e-31,False,1e-24,True
UniGCN,real,,146,restart,5496.9076497318365,549.6583272949332,533.0161166188191,1047.8139824075624,1055.1458248090848,5.246072052886325,0.5245762478106879,0.5051587222223634,0.013158071786777664,0.01441558408456425,0.013416456390894983,0.022132904574130235,0.022256424496823954,0.594502711684634,0.6513191269714199,0.6028127470703815,False,1e-24,False
UniGCN,real,,147,base,0.10306040009644729,1.550076095004018e-05,4.93641176475072e-32,0.12478298343938571,0.15545076262597526,0.8259171022826975,0.00012422175302107433,3.1755468299811757e-31,2.4669800354190713e-07,4.0652986001271856e-10,1.2425356589478525e-36,2.6357826019780593e-06,3.2789573535816474e-06,0.09359573257550498,0.0001542349735929028,3.7894230542236695e-31,False,1e-24,True
UniGCN,real,,147,restart,5496.907649685163,549.6583272949342,533.0161166188191,1047.8139823387642,1055.145824724924,5.246072053186232,0.5245762478451319,0.5051587222626561,0.013158071786665941,0.014415584084564278,0.013416456390894983,0.022132904572677015,0.02225642449504873,0.5945027117186205,0.651319127014186,0.6028127471184634,False,1e-24,False
UniGCN,real,,148,base,0.09741089919198946,1.465104987842503e-05,4.96066497497148e-32,0.11794270747362166,0.14692935941744667,0.8259171022826975,0.00012422175302107417,3.3762244623129016e-31,2.3317466584058194e-07,3.842449590257081e-10,1.2486403925031933e-36,2.491295910873679e-06,3.099213509026393e-06,0.09359573257550498,0.0001542349735929026,4.028894391646639e-31,False,1e-24,True
UniGCN,real,,148,restart,5496.907649644325,549.6583272949351,533.0161166188188,1047.813982278567,1055.1458246512843,5.246072053448645,0.5245762478752698,0.5051587222979114,0.013158071786568186,0.0144155840845643,0.013416456390894976,0.022132904571405473,0.022256424493495432,0.594502711748358,0.6513191270516054,0.602812747160534,False,1e-24,False
UniGCN,real,,149,base,0.09207108911387817,1.3847917739776655e-05,4.445491143135621e-32,0.11147739750080121,0.13887507718932166,0.8259171022826977,0.00012422175302107433,3.201071951215047e-31,2.2039264205326673e-07,3.6318165787883163e-10,1.1189668792068033e-36,2.354729601325284e-06,2.929322750733519e-06,0.09359573257550499,0.0001542349735929028,3.819882527203968e-31,False,1e-24,True
UniGCN,real,,149,restart,5496.907649608592,549.658327294936,533.016116618819,1047.8139822258954,1055.145824586851,5.246072053678253,0.52457624790164,0.5051587223287595,0.01315807178648265,0.014415584084564325,0.01341645639089498,0.022132904570292895,0.022256424492136325,0.594502711774378,0.651319127084347,0.6028127471973455,False,1e-24,False
UniGCN,real,,150,base,0.08702399342303581,1.3088811199121694e-05,4.1258589587620654e-32,0.1053664988683682,0.13126230959426585,0.8259171022826977,0.00012422175302107387,3.1432167935450544e-31,2.083112952949526e-07,3.4327299167193806e-10,1.0385128154539605e-36,2.2256494987835577e-06,2.768744958349339e-06,0.09359573257550499,0.00015423497359290224,3.7508431837401796e-31,False,1e-24,True
UniGCN,real,,150,restart,5496.907649577327,549.6583272949368,533.0161166188191,1047.8139821798088,1055.145824530473,5.246072053879156,0.5245762479247136,0.5051587223557509,0.01315807178640781,0.014415584084564345,0.013416456390894983,0.022132904569319413,0.02225642449094713,0.594502711797145,0.6513191271129954,0.6028127472295547,False,1e-24,False
UniGCN,real,,151,base,0.08225356628426204,1.2371316888615292e-05,3.942521691165442e-32,0.09959058367592447,0.12406685395776487,0.8259171022826974,0.00012422175302107398,3.177739714837586e-31,1.9689221628811506e-07,3.244556663451235e-10,9.923653092370893e-37,2.103645229009553e-06,2.6169696195017375e-06,0.09359573257550496,0.00015423497359290237,3.7920398534318195e-31,False,1e-24,True
UniGCN,real,,151,restart,5496.9076495499685,549.6583272949375,533.016116618819,1047.8139821394836,1055.1458244811427,5.246072054054942,0.5245762479449027,0.505158722379368,0.013158071786342321,0.014415584084564363,0.01341645639089498,0.022132904568467626,0.022256424489906595,0.5945027118170656,0.6513191271380624,0.6028127472577373,False,1e-24,False
UniGCN,real,,152,base,0.07774464145296948,1.1693153734909692e-05,3.800338850818351e-32,0.0941312890096309,0.1172658343324608,0.8259171022826974,0.00012422175302107384,3.240789503994826e-31,1.8609910125111308e-07,3.0666985745288283e-10,9.565767126529728e-37,1.9883289134040845e-06,2.4735142067682553e-06,0.09359573257550496,0.00015423497359290218,3.8672780210257147e-31,False,1e-24,True
UniGCN,real,,152,restart,5496.9076495260315,549.6583272949381,533.016116618819,1047.8139821041993,1055.1458244379799,5.246072054208754,0.5245762479625679,0.5051587224000326,0.013158071786285024,0.014415584084564378,0.01341645639089498,0.02213290456772232,0.022256424488996153,0.5945027118344961,0.6513191271599956,0.6028127472823966,False,1e-24,False
UniGCN,real,,153,base,0.0734828840583323,1.105216570711711e-05,3.609394952120562e-32,0.08897125856243662,0.1108376287704481,0.8259171022826975,0.00012422175302107392,3.2564707420760987e-31,1.758976364804247e-07,2.8985901996895457e-10,9.085145544909076e-37,1.8793339358557361e-06,2.3379226436145217e-06,0.09359573257550498,0.0001542349735929023,3.8859906548760233e-31,False,1e-24,True
UniGCN,real,,153,restart,5496.907649505087,549.6583272949385,533.0161166188188,1047.8139820733265,1055.1458244002126,5.246072054343336,0.5245762479780244,0.5051587224181138,0.013158071786234888,0.01441558408456439,0.013416456390894976,0.022132904567070195,0.022256424488199523,0.5945027118497475,0.6513191271791866,0.6028127473039732,False,1e-24,False
UniGCN,real,,154,base,0.0694547450295568,1.0446314962309774e-05,3.3978616883354517e-32,0.08409408745453442,0.10476180058231173,0.8259171022826972,0.000124221753021074,3.2434166551630995e-31,1.6625538925978337e-07,2.7396970851715197e-10,8.55269882888863e-37,1.7763137771870411e-06,2.2097638544259284e-06,0.09359573257550494,0.0001542349735929024,3.8704130361072104e-31,False,1e-24,True
UniGCN,real,,154,restart,5496.90764948676,549.6583272949391,533.016116618819,1047.8139820463132,1055.1458243671673,5.246072054461092,0.5245762479915488,0.5051587224339346,0.013158071786191019,0.014415584084564406,0.01341645639089498,0.022132904566499592,0.02225642448750249,0.594502711863092,0.6513191271959786,0.6028127473228523,False,1e-24,False
UniGCN,real,,155,base,0.06564741802038393,9.873675366765903e-06,3.1049164298864963e-32,0.07948427007861368,0.09901903336436456,0.8259171022826977,0.00012422175302107414,3.1356763688665822e-31,1.5714170474938816e-07,2.5895140745667495e-10,7.815331390577083e-37,1.6789409134932487e-06,2.0886303940227625e-06,0.09359573257550499,0.00015423497359290256,3.741845092814401e-31,False,1e-24,True
UniGCN,real,,155,restart,5496.907649470726,549.6583272949395,533.0161166188191,1047.8139820226772,1055.1458243382529,5.246072054564128,0.5245762480033823,0.5051587224477777,0.013158071786152638,0.014415584084564415,0.013416456390894983,0.022132904566000332,0.02225642448689259,0.5945027118747683,0.6513191272106713,0.6028127473393715,False,1e-24,False
UniGCN,real,,156,base,0.062048798694877685,9.332426372363934e-06,2.95983677150352e-32,0.07512715080410025,0.09359106958752103,0.8259171022826973,0.00012422175302107414,3.1625205102882695e-31,1.4852760852737748e-07,2.447563702816976e-10,7.450153894210096e-37,1.5869057748712875e-06,1.974137152301722e-06,0.09359573257550495,0.00015423497359290256,3.773878570454781e-31,False,1e-24,True
UniGCN,real,,156,restart,5496.907649456696,549.6583272949397,533.0161166188191,1047.8139820019958,1055.1458243129534,5.246072054654283,0.5245762480137365,0.5051587224598899,0.013158071786119054,0.01441558408456442,0.013416456390894983,0.02213290456556348,0.022256424486358943,0.5945027118849849,0.6513191272235271,0.6028127473538252,False,1e-24,False
UniGCN,real,,157,base,0.05864744624506009,8.8208472286568e-06,2.7282686139811e-32,0.07100887738366031,0.08846065255256813,0.8259171022826974,0.00012422175302107433,3.0841606242502156e-31,1.4038571447372434e-07,2.3133946782465092e-10,6.867277694025465e-37,1.4999157612284648e-06,1.865920129885594e-06,0.09359573257550496,0.0001542349735929028,3.6803706568332708e-31,False,1e-24,True
UniGCN,real,,157,restart,5496.907649444418,549.6583272949401,533.016116618819,1047.8139819838998,1055.1458242908166,5.246072054733166,0.5245762480227963,0.5051587224704881,0.013158071786089664,0.014415584084564432,0.01341645639089498,0.022132904565181237,0.022256424485892008,0.5945027118939243,0.6513191272347759,0.6028127473664722,False,1e-24,False
UniGCN,real,,158,base,0.05543254701804816,8.337311512225034e-06,2.5836169192965785e-32,0.06711635691383776,0.08361147152729584,0.8259171022826972,0.00012422175302107438,3.090026849309942e-31,1.326901377036939e-07,2.1865804478060055e-10,6.5031774176745694e-37,1.4176943120419615e-06,1.7636352808886017e-06,0.09359573257550494,0.00015423497359290286,3.6873709026721023e-31,False,1e-24,True
UniGCN,real,,158,restart,5496.907649433678,549.6583272949404,533.0161166188191,1047.8139819680662,1055.1458242714473,5.24607205480219,0.5245762480307236,0.5051587224797613,0.013158071786063954,0.014415584084564437,0.013416456390894983,0.022132904564846786,0.022256424485483445,0.5945027119017463,0.6513191272446185,0.602812747377538,False,1e-24,False
UniGCN,real,,159,base,0.05239388013705613,7.880281955916464e-06,2.507054305166952e-32,0.06343721420981374,0.07902810989106647,0.8259171022826974,0.00012422175302107422,3.172357669470665e-31,1.2541641227406122e-07,2.066717840965845e-10,6.310462987169339e-37,1.339980027111664e-06,1.6669574191183238e-06,0.09359573257550496,0.00015423497359290267,3.7856173857800328e-31,False,1e-24,True
UniGCN,real,,159,restart,5496.907649424278,549.6583272949405,533.016116618819,1047.813981954212,1055.1458242544993,5.246072054862582,0.5245762480376596,0.5051587224878752,0.013158071786041454,0.014415584084564441,0.01341645639089498,0.022132904564554145,0.022256424485125957,0.5945027119085902,0.6513191272532303,0.6028127473872203,False,1e-24,False
UniGCN,real,,160,base,0.04952178500696401,7.448305561533457e-06,2.4037479403546535e-32,0.059959752461952925,0.07469599612196261,0.8259171022826977,0.00012422175302107411,3.2180412139224255e-31,1.1854141340045812e-07,1.9534257879477203e-10,6.0504323248324845e-37,1.266525835511027e-06,1.5755791842367547e-06,0.09359573257550499,0.00015423497359290253,3.8401321782906442e-31,False,1e-24,True
UniGCN,real,,160,restart,5496.907649416054,549.6583272949407,533.016116618819,1047.8139819420899,1055.14582423967,5.246072054915426,0.5245762480437287,0.5051587224949748,0.013158071786021767,0.014415584084564448,0.01341645639089498,0.02213290456429809,0.02225642448481316,0.5945027119145786,0.6513191272607658,0.6028127473956925,False,1e-24,False
UniGCN,real,,161,base,0.046807130601145774,7.040008980429736e-06,2.2615134227984382e-32,0.05667291604905463,0.07060135747069123,0.8259171022826973,0.00012422175302107417,3.203215212593131e-31,1.1204328393856126e-07,1.8463441082193863e-10,5.692416283182916e-37,1.1970982100938674e-06,1.4892100645937065e-06,0.09359573257550495,0.0001542349735929026,3.8224401100431378e-31,False,1e-24,True
UniGCN,real,,161,restart,5496.907649408859,549.6583272949409,533.016116618819,1047.8139819314833,1055.1458242266951,5.246072054961662,0.5245762480490389,0.5051587225011867,0.013158071786004545,0.014415584084564453,0.01341645639089498,0.02213290456407405,0.02225642448453948,0.5945027119198182,0.651319127267359,0.6028127474031051,False,1e-24,False
UniGCN,real,,162,base,0.04424128643191319,6.654094147330806e-06,2.1404384897663656e-32,0.05356625539008409,0.0667311761739628,0.8259171022826977,0.00012422175302107411,3.207553968757294e-31,1.0590136489538901e-07,1.7451323654009583e-10,5.387660665405413e-37,1.1314764250598378e-06,1.407575473625921e-06,0.09359573257550499,0.00015423497359290253,3.8276176065548902e-31,False,1e-24,True
UniGCN,real,,162,restart,5496.907649402562,549.658327294941,533.016116618819,1047.8139819222024,1055.1458242153417,5.24607205500212,0.5245762480536853,0.5051587225066222,0.013158071785989472,0.014415584084564457,0.01341645639089498,0.02213290456387801,0.022256424484299996,0.5945027119244031,0.651319127273128,0.6028127474095915,False,1e-24,False
UniGCN,real,,163,base,0.04181609511228346,6.289334153496958e-06,2.048693547244051e-32,0.05062989372263963,0.06307314806813816,0.8259171022826974,0.00012422175302107387,3.2481231871141736e-31,1.0009612974978585e-07,1.6494687849422649e-10,5.156731058952995e-37,1.0694518542182136e-06,1.3304158768855585e-06,0.09359573257550496,0.00015423497359290224,3.8760294044480753e-31,False,1e-24,True
UniGCN,real,,163,restart,5496.907649397053,549.6583272949413,533.016116618819,1047.813981914082,1055.145824205408,5.246072055037518,0.5245762480577508,0.505158722511378,0.013158071785976286,0.014415584084564462,0.01341645639089498,0.022132904563706483,0.022256424484090463,0.5945027119284145,0.6513191272781758,0.6028127474152667,False,1e-24,False
UniGCN,real,,164,base,0.03952384642183923,5.944569346108604e-06,1.8851170813876348e-32,0.04785449570253708,0.059615643471566816,0.8259171022826977,0.00012422175302107392,3.1621181482117617e-31,9.460912237328688e-08,1.559049231130272e-10,4.744995568727887e-37,1.0108273077190179e-06,1.2574859669227009e-06,0.09359573257550499,0.0001542349735929023,3.773398426337721e-31,False,1e-24,True
UniGCN,real,,164,restart,5496.907649392233,549.6583272949414,533.016116618819,1047.8139819069768,1055.1458241967161,5.246072055068492,0.5245762480613083,0.5051587225155393,0.013158071785964747,0.014415584084564465,0.01341645639089498,0.022132904563556398,0.022256424483907127,0.5945027119319245,0.6513191272825928,0.6028127474202323,False,1e-24,False
UniGCN,real,,165,base,0.03735725279422988,5.618703641473027e-06,1.8806921713056686e-32,0.045231237724682835,0.05634767021125282,0.8259171022826974,0.0001242217530210738,3.337657376524661e-31,8.942289835399675e-08,1.4735862401742679e-10,4.73385770416857e-37,9.554164051428099e-07,1.1885538833986267e-06,0.09359573257550496,0.00015423497359290213,3.982871765672312e-31,False,1e-24,True
UniGCN,real,,165,restart,5496.907649388016,549.6583272949414,533.0161166188188,1047.8139819007597,1055.1458241891107,5.246072055095594,0.5245762480644207,0.5051587225191804,0.013158071785954652,0.014415584084564465,0.013416456390894976,0.022132904563425076,0.022256424483746703,0.5945027119349958,0.6513191272864571,0.6028127474245772,False,1e-24,False
UniGCN,real,,166,base,0.03530942614838382,5.310701040331599e-06,1.7644848172696433e-32,0.0427517798708786,0.05325883867630191,0.8259171022826977,0.00012422175302107387,3.3130365984768827e-31,8.45209695369403e-08,1.3928081062948124e-10,4.441354185210138e-37,9.03042982956045e-07,1.1234004759504356e-06,0.09359573257550499,0.00015423497359290224,3.953491457667934e-31,False,1e-24,True
UniGCN,real,,166,restart,5496.907649384325,549.6583272949415,533.0161166188191,1047.81398189532,1055.1458241824562,5.246072055119306,0.5245762480671442,0.5051587225223664,0.013158071785945817,0.014415584084564469,0.013416456390894983,0.022132904563310175,0.022256424483606336,0.594502711937683,0.6513191272898387,0.6028127474283792,False,1e-24,False
UniGCN,real,,167,base,0.033373855989772945,5.019582334188585e-06,1.6533333568184767e-32,0.04040823939537412,0.05033932878704706,0.8259171022826977,0.0001242217530210737,3.2843770400925566e-31,7.988775160456536e-08,1.3164580179108633e-10,4.161576768462002e-37,8.535405344481788e-07,1.0618186074635009e-06,0.09359573257550499,0.00015423497359290202,3.91929161837094e-31,False,1e-24,True
UniGCN,real,,167,restart,5496.907649381095,549.6583272949416,533.016116618819,1047.81398189056,1055.1458241766336,5.246072055140056,0.5245762480695273,0.5051587225251539,0.013158071785938088,0.01441558408456447,0.01341645639089498,0.022132904563209627,0.02225642448348352,0.5945027119400345,0.6513191272927975,0.6028127474317057,False,1e-24,False
UniGCN,real,,168,base,0.031544388712108386,4.7444219921904935e-06,1.5615435741582017e-32,0.03819316566387225,0.04757985877483986,0.8259171022826975,0.00012422175302107376,3.2819424318761175e-31,7.550851453074526e-08,1.2442932411788888e-10,3.930534295674637e-37,8.067516803699517e-07,1.003612495536695e-06,0.09359573257550498,0.0001542349735929021,3.916386367402422e-31,False,1e-24,True
UniGCN,real,,168,restart,5496.90764937827,549.6583272949416,533.016116618819,1047.8139818863954,1055.1458241715388,5.246072055158211,0.5245762480716123,0.5051587225275932,0.013158071785931326,0.01441558408456447,0.01341645639089498,0.02213290456312166,0.022256424483376055,0.5945027119420918,0.6513191272953863,0.6028127474346164,False,1e-24,False
UniGCN,real,,169,base,0.02981520803366303,4.484345218658408e-06,1.4916560170356124e-32,0.03609951646631212,0.04497165567325207,0.8259171022826974,0.00012422175302107373,3.316880365431618e-31,7.136933575076287e-08,1.1760843482881921e-10,3.7546215355972623e-37,7.625276685898926e-07,9.485970900467724e-07,0.09359573257550496,0.00015423497359290207,3.9580782768500095e-31,False,1e-24,True
UniGCN,real,,169,restart,5496.907649375798,549.6583272949418,533.016116618819,1047.8139818827515,1055.1458241670812,5.246072055174096,0.5245762480734367,0.5051587225297273,0.013158071785925407,0.014415584084564477,0.01341645639089498,0.02213290456304469,0.02225642448328203,0.594502711943892,0.6513191272976515,0.6028127474371631,False,1e-24,False
UniGCN,real,,170,base,0.02818081650602346,4.238525171918799e-06,1.4436345865588831e-32,0.03412063562812342,0.042506427426871905,0.8259171022826974,0.0001242217530210738,3.396273631893702e-31,6.745705589839318e-08,1.1116144880590954e-10,3.6337476243342405e-37,7.207279011783431e-07,8.965974848330329e-07,0.09359573257550496,0.00015423497359290213,4.052819337331655e-31,False,1e-24,True
UniGCN,real,,170,restart,5496.907649373635,549.6583272949417,533.0161166188191,1047.8139818795628,1055.1458241631806,5.2460720551879945,0.5245762480750331,0.5051587225315948,0.013158071785920229,0.014415584084564474,0.013416456390894983,0.022132904562977333,0.02225642448319975,0.594502711945467,0.6513191272996336,0.6028127474393915,False,1e-24,False
UniGCN,real,,171,base,0.026636018036483786,4.006180335590654e-06,1.3234751408108586e-32,0.03225023184877303,0.040176336529023145,0.8259171022826977,0.0001242217530210739,3.2941658079122973e-31,6.375923696936334e-08,1.0506786965249941e-10,3.3312963637496817e-37,6.812194874154959e-07,8.474483616318953e-07,0.09359573257550499,0.00015423497359290226,3.9309726876275344e-31,False,1e-24,True
UniGCN,real,,171,restart,5496.907649371743,549.658327294942,533.0161166188191,1047.8139818767731,1055.145824159768,5.246072055200156,0.5245762480764299,0.5051587225332286,0.0131580717859157,0.014415584084564479,0.013416456390894983,0.022132904562918408,0.022256424483127767,0.5945027119468452,0.6513191273013679,0.6028127474413412,False,1e-24,False
UniGCN,real,,172,base,0.025175901368515816,3.786572033971799e-06,1.2605654245760588e-32,0.030482358700326964,0.03797397510459528,0.8259171022826974,0.0001242217530210739,3.319550879527269e-31,6.026412277818162e-08,9.930832453065088e-11,3.1729474061643398e-37,6.438768213023572e-07,8.00993464493516e-07,0.09359573257550496,0.00015423497359290226,3.9612650375002215e-31,False,1e-24,True
UniGCN,real,,172,restart,5496.907649370086,549.6583272949418,533.016116618819,1047.813981874332,1055.1458241567814,5.246072055210797,0.5245762480776519,0.5051587225346583,0.013158071785911734,0.014415584084564477,0.01341645639089498,0.022132904562866845,0.022256424483064773,0.594502711948051,0.6513191273028851,0.6028127474430474,False,1e-24,False
UniGCN,real,,173,base,0.023795824467796767,3.5790020836252225e-06,1.1756634099911595e-32,0.028811395722438803,0.03589234135876758,0.8259171022826977,0.00012422175302107406,3.2755272169057735e-31,5.6960601582619825e-08,9.386450257060563e-11,2.959242015152301e-37,6.085811822314538e-07,7.570851030095118e-07,0.09359573257550499,0.00015423497359290245,3.908731004465587e-31,False,1e-24,True
UniGCN,real,,173,restart,5496.907649368636,549.6583272949418,533.016116618819,1047.8139818721959,1055.1458241541686,5.246072055220109,0.5245762480787214,0.5051587225359093,0.013158071785908262,0.014415584084564477,0.01341645639089498,0.022132904562821725,0.02225642448300966,0.5945027119491063,0.651319127304213,0.6028127474445402,False,1e-24,False
UniGCN,real,,174,base,0.022491399764153763,3.382810573699248e-06,1.0916939289264564e-32,0.02723203055366123,0.03392481731675237,0.8259171022826974,0.00012422175302107406,3.217980273065077e-31,5.383817075702315e-08,8.871909665647317e-11,2.747883888119094e-37,5.752203575477243e-07,7.155836827724364e-07,0.09359573257550496,0.00015423497359290245,3.840059456739949e-31,False,1e-24,True
UniGCN,real,,174,restart,5496.90764936737,549.658327294942,533.0161166188191,1047.813981870327,1055.1458241518824,5.2460720552282565,0.524576248079657,0.5051587225370039,0.013158071785905232,0.014415584084564479,0.013416456390894983,0.02213290456278225,0.022256424482961435,0.5945027119500296,0.6513191273053747,0.6028127474458463,False,1e-24,False
UniGCN,real,,175,base,0.02125848020250645,3.1973737679247845e-06,1.0200820884748508e-32,0.02573924204227221,0.03206514778378725,0.8259171022826978,0.0001242217530210741,3.1812798598440383e-31,5.088690340213695e-08,8.385574840307642e-11,2.5676309643265875e-37,5.436882857996305e-07,6.763572615742376e-07,0.093595732575505,0.0001542349735929025,3.7962643564295677e-31,False,1e-24,True
UniGCN,real,,175,restart,5496.907649366261,549.658327294942,533.016116618819,1047.8139818686918,1055.145824149882,5.246072055235385,0.5245762480804756,0.5051587225379615,0.013158071785902576,0.014415584084564479,0.01341645639089498,0.022132904562747708,0.02225642448291924,0.5945027119508375,0.6513191273063912,0.602812747446989,False,1e-24,False
UniGCN,real,,176,base,0.02009314605846018,3.022102121619544e-06,9.50225197517426e-33,0.02432828428292146,0.030307420458485272,0.8259171022826973,0.00012422175302107392,3.13528892641666e-31,4.809741678529486e-08,7.925899614902121e-11,2.391795393522629e-37,5.138847195463106e-07,6.392811299327498e-07,0.09359573257550495,0.0001542349735929023,3.741382752489875e-31,False,1e-24,True
UniGCN,real,,176,restart,5496.90764936529,549.658327294942,533.016116618819,1047.813981867261,1055.1458241481319,5.246072055241623,0.5245762480811921,0.5051587225387993,0.013158071785900253,0.014415584084564479,0.01341645639089498,0.022132904562717486,0.022256424482882325,0.5945027119515444,0.6513191273072807,0.6028127474479889,False,1e-24,False
UniGCN,real,,177,base,0.018991692476633973,2.8564384073949185e-06,8.907214457347513e-33,0.022994671528346,0.028646047136319238,0.8259171022826975,0.00012422175302107398,3.109404384821525e-31,4.546084251063342e-08,7.491422580065007e-11,2.2420195300926284e-37,4.85714906648757e-07,6.042374146126269e-07,0.09359573257550498,0.00015423497359290237,3.7104943783230872e-31,False,1e-24,True
UniGCN,real,,177,restart,5496.90764936444,549.658327294942,533.0161166188191,1047.813981866009,1055.1458241466,5.246072055247079,0.5245762480818188,0.5051587225395329,0.013158071785898218,0.014415584084564479,0.013416456390894983,0.02213290456269104,0.022256424482850014,0.5945027119521626,0.6513191273080589,0.6028127474488642,False,1e-24,False
UniGCN,real,,178,base,0.01795061769210453,2.699855943606656e-06,8.643465131582163e-33,0.021734163928186015,0.02707574594348159,0.8259171022826978,0.0001242217530210739,3.1923276092280864e-31,4.296879832449709e-08,7.080762437060067e-11,2.175631643930654e-37,4.590892890317788e-07,5.711147038802147e-07,0.093595732575505,0.00015423497359290226,3.8094477854434128e-31,False,1e-24,True
UniGCN,real,,178,restart,5496.907649363698,549.6583272949421,533.016116618819,1047.8139818649136,1055.1458241452601,5.246072055251855,0.5245762480823674,0.5051587225401742,0.013158071785896442,0.014415584084564483,0.01341645639089498,0.0221329045626679,0.02225642448282175,0.5945027119527039,0.6513191273087399,0.6028127474496295,False,1e-24,False
UniGCN,real,,179,base,0.016966611897519836,2.551856919917274e-06,8.472370535696634e-33,0.020542754049561313,0.025591524544637607,0.8259171022826978,0.00012422175302107403,3.310615794271591e-31,4.061336146639702e-08,6.692613606326002e-11,2.1325657194145746e-37,4.3392321795904155e-07,5.398076933009723e-07,0.093595732575505,0.00015423497359290243,3.950602679212933e-31,False,1e-24,True
UniGCN,real,,179,restart,5496.907649363047,549.6583272949421,533.016116618819,1047.8139818639552,1055.1458241440876,5.246072055256033,0.5245762480828472,0.5051587225407356,0.013158071785894884,0.014415584084564483,0.01341645639089498,0.022132904562647656,0.022256424482797018,0.5945027119531774,0.6513191273093357,0.6028127474502993,False,1e-24,False
UniGCN,real,,180,base,0.016036546720488494,2.411970814646696e-06,7.838503012653313e-33,0.019416654136554558,0.024188664271185514,0.8259171022826977,0.00012422175302107403,3.2405687741885132e-31,3.838704348080061e-08,6.325742076749738e-11,1.973016022597488e-37,4.1013668491598427e-07,5.102168509533474e-07,0.09359573257550499,0.00015423497359290243,3.8670146211574153e-31,False,1e-24,True
UniGCN,real,,180,restart,5496.907649362476,549.6583272949421,533.016116618819,1047.8139818631164,1055.1458241430616,5.246072055259687,0.5245762480832671,0.5051587225412268,0.013158071785893517,0.014415584084564483,0.01341645639089498,0.022132904562629938,0.02225642448277538,0.5945027119535915,0.651319127309857,0.6028127474508856,False,1e-24,False
UniGCN,real,,181,base,0.015157465277790862,2.2797528988796274e-06,7.711860952945039e-33,0.018352284068096116,0.02286270511956371,0.8259171022826975,0.000124221753021074,3.3731183220072975e-31,3.628276640967249e-08,5.978981482471814e-11,1.9411391690023787e-37,3.8765406724502815e-07,4.822481009947499e-07,0.09359573257550498,0.0001542349735929024,4.0251877923382676e-31,False,1e-24,True
UniGCN,real,,181,restart,5496.9076493619805,549.6583272949421,533.016116618819,1047.813981862383,1055.145824142164,5.2460720552628874,0.5245762480836343,0.5051587225416566,0.01315807178589233,0.014415584084564483,0.01341645639089498,0.022132904562614443,0.022256424482756443,0.5945027119539541,0.651319127310313,0.6028127474513985,False,1e-24,False
UniGCN,real,,182,base,0.01432657277479233,2.154782822573816e-06,7.078607063095292e-33,0.01734625997596619,0.02160943157191153,0.8259171022826974,0.00012422175302107417,3.2757025743778653e-31,3.429384029007806e-08,5.651229394750929e-11,1.7817439287340702e-37,3.6640388772439747e-07,4.5581252457360976e-07,0.09359573257550496,0.0001542349735929026,3.9089402609127603e-31,False,1e-24,True
UniGCN,real,,182,restart,5496.907649361546,549.658327294942,533.016116618819,1047.8139818617406,1055.1458241413784,5.246072055265688,0.5245762480839558,0.5051587225420326,0.01315807178589129,0.014415584084564479,0.01341645639089498,0.022132904562600877,0.022256424482739873,0.5945027119542715,0.6513191273107121,0.6028127474518472,False,1e-24,False
UniGCN,real,,183,base,0.013541227620172075,2.0366632781741363e-06,6.712332438136498e-33,0.016395383486728112,0.02042485919400416,0.8259171022826977,0.00012422175302107411,3.2863543265487696e-31,3.241394188530943e-08,5.341443817098734e-11,1.6895495770130818e-37,3.463185873261973e-07,4.308260771366511e-07,0.09359573257550499,0.00015423497359290253,3.9216511410872282e-31,False,1e-24,True
UniGCN,real,,183,restart,5496.907649361162,549.658327294942,533.016116618819,1047.8139818611787,1055.1458241406913,5.246072055268135,0.5245762480842371,0.5051587225423617,0.013158071785890372,0.014415584084564479,0.01341645639089498,0.02213290456258901,0.02225642448272538,0.5945027119545487,0.6513191273110613,0.6028127474522399,False,1e-24,False
UniGCN,real,,184,base,0.012798933027719114,1.925018737483885e-06,6.206766680818161e-33,0.015496631553390754,0.01930522196785363,0.8259171022826978,0.00012422175302107376,3.21507138905393e-31,3.063709458191524e-08,5.0486398725422275e-11,1.5622944955191392e-37,3.273343104312994e-07,4.0720932123263996e-07,0.093595732575505,0.0001542349735929021,3.8365882460401625e-31,False,1e-24,True
UniGCN,real,,184,restart,5496.90764936083,549.6583272949421,533.0161166188191,1047.8139818606871,1055.1458241400899,5.246072055270279,0.5245762480844832,0.5051587225426496,0.013158071785889578,0.014415584084564483,0.013416456390894983,0.022132904562578624,0.022256424482712693,0.5945027119547918,0.651319127311367,0.6028127474525834,False,1e-24,False
UniGCN,real,,185,base,0.012097329078495877,1.819494257777463e-06,5.962178154230812e-33,0.01464714684447249,0.01824696031870341,0.8259171022826975,0.00012422175302107387,3.2674911602232673e-31,2.8957649388722588e-08,4.771886672481715e-11,1.5007295409453702e-37,3.093907018181844e-07,3.8488717396313063e-07,0.09359573257550498,0.00015423497359290224,3.8991414691546188e-31,False,1e-24,True
UniGCN,real,,185,restart,5496.907649360539,549.6583272949421,533.016116618819,1047.8139818602572,1055.1458241395635,5.246072055272155,0.5245762480846985,0.5051587225429015,0.01315807178588888,0.014415584084564483,0.01341645639089498,0.022132904562569545,0.02225642448270159,0.5945027119550043,0.6513191273116342,0.602812747452884,False,1e-24,False
UniGCN,real,,186,base,0.01143418521813314,1.719754353358795e-06,5.6324647248710095e-33,0.013844228659911454,0.017246709798351762,0.8259171022826974,0.000124221753021074,3.265819852438924e-31,2.7370266977442777e-08,4.5103043571896517e-11,1.4177379444705923e-37,2.924307147803219e-07,3.637886682772996e-07,0.09359573257550496,0.0001542349735929024,3.8971470749328425e-31,False,1e-24,True
UniGCN,real,,186,restart,5496.9076493602815,549.6583272949422,533.016116618819,1047.8139818598806,1055.1458241391033,5.246072055273793,0.5245762480848871,0.5051587225431219,0.013158071785888265,0.014415584084564486,0.01341645639089498,0.02213290456256159,0.022256424482691883,0.59450271195519,0.6513191273118685,0.6028127474531471,False,1e-24,False
UniGCN,real,,187,base,0.010807393165403587,1.6254819289780099e-06,5.19713852863519e-33,0.01308532434494182,0.01630129038882563,0.8259171022826975,0.000124221753021074,3.188176153341686e-31,2.5869900707763946e-08,4.263061298541742e-11,1.30816274129172e-37,2.76400429762055e-07,3.438467273519707e-07,0.09359573257550498,0.0001542349735929024,3.8044937968906407e-31,False,1e-24,True
UniGCN,real,,187,restart,5496.90764936006,549.6583272949422,533.016116618819,1047.8139818595514,1055.1458241387004,5.2460720552752305,0.524576248085052,0.5051587225433147,0.013158071785887734,0.014415584084564486,0.01341645639089498,0.022132904562554637,0.022256424482683387,0.5945027119553529,0.6513191273120732,0.6028127474533771,False,1e-24,False
UniGCN,real,,188,base,0.01021496020952878,1.5363772717154022e-06,4.8177945070001045e-33,0.012368021174638867,0.015407696392399122,0.8259171022826977,0.00012422175302107395,3.126875286416472e-31,2.445178058296362e-08,4.0293714560869086e-11,1.2126787143602506e-37,2.6124888293638837e-07,3.249979513395363e-07,0.09359573257550499,0.00015423497359290232,3.731342641890454e-31,False,1e-24,True
UniGCN,real,,188,restart,5496.907649359862,549.658327294942,533.016116618819,1047.813981859263,1055.145824138348,5.2460720552764855,0.5245762480851961,0.5051587225434836,0.01315807178588726,0.014415584084564479,0.01341645639089498,0.022132904562548544,0.02225642448267595,0.5945027119554951,0.651319127312252,0.6028127474535786,False,1e-24,False
UniGCN,real,,189,base,0.009655002874910178,1.4521570981276644e-06,4.646282803521406e-33,0.011690038683331962,0.014563086875814571,0.8259171022826978,0.00012422175302107403,3.190451889178558e-31,2.3111398085032498e-08,3.8084918780505726e-11,1.1695078004140282e-37,2.4692790417969324e-07,3.071824158057969e-07,0.093595732575505,0.00015423497359290243,3.807209463296233e-31,False,1e-24,True
UniGCN,real,,189,restart,5496.907649359692,549.6583272949421,533.016116618819,1047.8139818590114,1055.1458241380396,5.246072055277583,0.5245762480853223,0.5051587225436311,0.013158071785886854,0.014415584084564483,0.01341645639089498,0.02213290456254323,0.02225642448266945,0.5945027119556195,0.6513191273124088,0.6028127474537547,False,1e-24,False
UniGCN,real,,190,base,0.009125740933143,1.3725536536270664e-06,4.3719713382795834e-33,0.011049221414499067,0.013764776638326487,0.8259171022826977,0.00012422175302107414,3.176202166700124e-31,2.1844491841097038e-08,3.599720339326376e-11,1.1004613364105517e-37,2.3339196392821407e-07,2.9034348121691203e-07,0.09359573257550499,0.00015423497359290256,3.79020507640883e-31,False,1e-24,True
UniGCN,real,,190,restart,5496.907649359544,549.6583272949423,533.0161166188192,1047.8139818587908,1055.1458241377698,5.246072055278546,0.5245762480854328,0.5051587225437605,0.013158071785886499,0.01441558408456449,0.013416456390894985,0.02213290456253857,0.022256424482663757,0.5945027119557286,0.6513191273125459,0.6028127474539091,False,1e-24,False
UniGCN,real,,191,base,0.008625491743275784,1.2973138612303136e-06,4.2816761387044474e-33,0.010443532068092981,0.013010227674853504,0.8259171022826975,0.00012422175302107411,3.291007848371615e-31,2.064703407557112e-08,3.402393108947027e-11,1.0777332880526195e-37,2.2059802842949988e-07,2.7442761286977453e-07,0.09359573257550498,0.00015423497359290253,3.9272042517239017e-31,False,1e-24,True
UniGCN,real,,191,restart,5496.90764935941,549.6583272949421,533.016116618819,1047.8139818585976,1055.1458241375335,5.246072055279386,0.5245762480855294,0.5051587225438734,0.01315807178588618,0.014415584084564483,0.01341645639089498,0.022132904562534486,0.022256424482658774,0.5945027119558238,0.651319127312666,0.6028127474540438,False,1e-24,False
UniGCN,real,,192,base,0.008152664902322061,1.2261985169707577e-06,4.01521457874875e-33,0.009871045023513193,0.01229704110709807,0.8259171022826978,0.000124221753021074,3.2651875713671454e-31,1.9515217804965244e-08,3.215882839936533e-11,1.0106627101182554e-37,2.0850542292857252e-07,2.593842106933314e-07,0.093595732575505,0.0001542349735929024,3.896392565363805e-31,False,1e-24,True
UniGCN,real,,192,restart,5496.9076493592975,549.6583272949421,533.016116618819,1047.8139818584286,1055.145824137327,5.246072055280123,0.524576248085614,0.5051587225439723,0.013158071785885909,0.014415584084564483,0.01341645639089498,0.02213290456253092,0.022256424482654417,0.5945027119559073,0.651319127312771,0.6028127474541618,False,1e-24,False
UniGCN,real,,193,base,0.007705757189016981,1.158981529416001e-06,3.734170298466992e-33,0.009329940217631465,0.011622949556980944,0.8259171022826977,0.00012422175302107398,3.212756177044737e-31,1.8445444734642736e-08,3.039596574835199e-11,9.399215408975282e-38,1.9707570235387108e-07,2.451654483797494e-07,0.09359573257550499,0.00015423497359290237,3.8338254721833204e-31,False,1e-24,True
UniGCN,real,,193,restart,5496.9076493591965,549.6583272949422,533.016116618819,1047.8139818582808,1055.1458241371463,5.246072055280768,0.524576248085688,0.5051587225440588,0.013158071785885668,0.014415584084564486,0.01341645639089498,0.022132904562527797,0.022256424482650604,0.5945027119559805,0.6513191273128629,0.602812747454265,False,1e-24,False
UniGCN,real,,194,base,0.007283347784743918,1.0954492008731445e-06,3.436597046366954e-33,0.008818497358407949,0.01098580993814402,0.8259171022826978,0.00012422175302107384,3.128214547417834e-31,1.743431381904402e-08,2.8729738605565008e-11,8.650198927968561e-38,1.8627252909185268e-07,2.3172612133398777e-07,0.093595732575505,0.00015423497359290218,3.7329408001875603e-31,False,1e-24,True
UniGCN,real,,194,restart,5496.907649359109,549.6583272949422,533.016116618819,1047.8139818581515,1055.145824136988,5.246072055281331,0.5245762480857528,0.5051587225441346,0.013158071785885458,0.014415584084564486,0.01341645639089498,0.022132904562525063,0.022256424482647266,0.5945027119560442,0.6513191273129433,0.6028127474543555,False,1e-24,False
UniGCN,real,,195,base,0.006884093756437366,1.0353995479964953e-06,3.334624689390189e-33,0.008335090455701757,0.01038359664260408,0.8259171022826977,0.00012422175302107403,3.2114351165261615e-31,1.6478610449009405e-08,2.7154849665826002e-11,8.393526073658992e-38,1.7606155746167034e-07,2.1902350295837763e-07,0.09359573257550499,0.00015423497359290243,3.8322490327689016e-31,False,1e-24,True
UniGCN,real,,195,restart,5496.907649359031,549.6583272949421,533.016116618819,1047.8139818580385,1055.1458241368496,5.246072055281824,0.5245762480858094,0.5051587225442009,0.01315807178588527,0.014415584084564483,0.01341645639089498,0.022132904562522676,0.022256424482644345,0.5945027119561,0.6513191273130136,0.6028127474544346,False,1e-24,False
UniGCN,real,,196,base,0.006506725787101236,9.786416596377524e-07,3.209438562838825e-33,0.007878182651888098,0.009814395100896314,0.8259171022826977,0.00012422175302107392,3.2701338491515576e-31,1.5575296231824488e-08,2.5666292008336454e-11,8.078422241850741e-38,1.6641032452264506e-07,2.0701720881530327e-07,0.09359573257550499,0.0001542349735929023,3.9022950256556467e-31,False,1e-24,True
UniGCN,real,,196,restart,5496.9076493589655,549.6583272949422,533.0161166188191,1047.8139818579396,1055.1458241367286,5.246072055282256,0.5245762480858589,0.5051587225442589,0.013158071785885114,0.014415584084564486,0.013416456390894983,0.022132904562520588,0.022256424482641795,0.594502711956149,0.6513191273130751,0.6028127474545038,False,1e-24,False
UniGCN,real,,197,base,0.0061500441403689685,9.249950898971968e-07,3.030276933596125e-33,0.007446321335847468,0.009276395695233893,0.8259171022826977,0.00012422175302107382,3.2666533782652747e-31,1.4721499331496679e-08,2.42593331785679e-11,7.627457606690305e-38,1.5728814686738667e-07,1.9566906823612942e-07,0.09359573257550499,0.00015423497359290215,3.898141732593956e-31,False,1e-24,True
UniGCN,real,,197,restart,5496.907649358906,549.6583272949422,533.016116618819,1047.8139818578527,1055.1458241366227,5.246072055282634,0.5245762480859023,0.5051587225443095,0.013158071785884972,0.014415584084564486,0.01341645639089498,0.022132904562518752,0.02225642448263956,0.5945027119561919,0.6513191273131289,0.6028127474545641,False,1e-24,False
UniGCN,real,,198,base,0.005812914846275846,8.742892844461922e-07,2.8421158982728728e-33,0.007038133524793123,0.00876788800633216,0.8259171022826977,0.00012422175302107398,3.2415057037912656e-31,1.3914505338552412e-08,2.2929500142740355e-11,7.153840722290278e-38,1.4866602307244492e-07,1.8494300296819016e-07,0.09359573257550499,0.00015423497359290237,3.868132671945813e-31,False,1e-24,True
UniGCN,real,,198,restart,5496.907649358855,549.6583272949422,533.016116618819,1047.813981857777,1055.1458241365299,5.246072055282965,0.5245762480859403,0.505158722544354,0.01315807178588485,0.014415584084564486,0.01341645639089498,0.022132904562517153,0.022256424482637604,0.5945027119562294,0.6513191273131761,0.6028127474546173,False,1e-24,False
UniGCN,real,,199,base,0.005494266096117309,8.263630382971967e-07,2.6258247863727315e-33,0.006652321499254673,0.008287255375606851,0.8259171022826974,0.0001242217530210743,3.1685095575813002e-31,1.3151748640328174e-08,2.1672565067057133e-11,6.609418109151609e-38,1.4051654149636018e-07,1.7480491247403194e-07,0.09359573257550496,0.00015423497359290278,3.781025381728599e-31,False,1e-24,True
UniGCN,real,,199,restart,5496.90764935881,549.6583272949422,533.016116618819,1047.8139818577108,1055.145824136449,5.2460720552832525,0.5245762480859734,0.5051587225443928,0.013158071785884741,0.014415584084564486,0.01341645639089498,0.022132904562515758,0.022256424482635897,0.5945027119562619,0.6513191273132172,0.6028127474546635,False,1e-24,False
UniGCN,real,,200,base,0.00519308483493165,7.810639832973951e-07,2.5167228320809435e-33,0.00628765867734041,0.007832969765458345,0.8259171022826974,0.0001242217530210743,3.2129867820748293e-31,1.2430804264319516e-08,2.048453187648464e-11,6.334799468874361e-38,1.3281379313198296e-07,1.6522256551825145e-07,0.09359573257550496,0.00015423497359290278,3.8341006562899446e-31,False,1e-24,True
UniGCN,real,,200,restart,5496.907649358772,549.6583272949421,533.0161166188191,1047.8139818576528,1055.1458241363778,5.2460720552835065,0.5245762480860025,0.5051587225444268,0.013158071785884651,0.014415584084564483,0.013416456390894983,0.022132904562514533,0.022256424482634395,0.5945027119562908,0.6513191273132533,0.6028127474547043,False,1e-24,False
UniGCN,real,,201,base,0.004908413540773888,7.382481037165988e-07,2.3416935273518922e-33,0.005942985715161786,0.007403586901301649,0.8259171022826977,0.0001242217530210741,3.162917594632666e-31,1.17493801686563e-08,1.9361623550344854e-11,5.894236236204733e-38,1.2553328923600133e-07,1.561654976972584e-07,0.09359573257550499,0.0001542349735929025,3.7743524165826102e-31,False,1e-24,True
UniGCN,real,,201,restart,5496.907649358736,549.6583272949422,533.016116618819,1047.813981857602,1055.1458241363157,5.246072055283728,0.5245762480860279,0.5051587225444565,0.013158071785884566,0.014415584084564486,0.01341645639089498,0.022132904562513458,0.022256424482633087,0.5945027119563158,0.6513191273132848,0.6028127474547396,False,1e-24,False
UniGCN,real,,202,base,0.004639347180541399,6.977792783893315e-07,2.2564103707152486e-33,0.00561720682102237,0.006997741679897569,0.8259171022826974,0.00012422175302107373,3.22448366048899e-31,1.1105309955193867e-08,1.83002701143298e-11,5.679571479132921e-38,1.1865188347380111e-07,1.476049145861884e-07,0.09359573257550496,0.00015423497359290207,3.84782003706018e-31,False,1e-24,True
UniGCN,real,,202,restart,5496.907649358706,549.6583272949422,533.016116618819,1047.8139818575576,1055.1458241362614,5.246072055283921,0.5245762480860502,0.5051587225444825,0.013158071785884493,0.014415584084564486,0.01341645639089498,0.02213290456251252,0.022256424482631938,0.5945027119563377,0.6513191273133125,0.6028127474547706,False,1e-24,False
UniGCN,real,,203,base,0.004385030332673214,6.595288479554968e-07,2.094763728917047e-33,0.005309286271653317,0.006614143829387125,0.8259171022826975,0.00012422175302107395,3.1670973340644007e-31,1.049654598205347e-08,1.7297097290762534e-11,5.272693515633904e-38,1.1214769833214095e-07,1.395136001950478e-07,0.09359573257550498,0.00015423497359290232,3.7793401562732125e-31,False,1e-24,True
UniGCN,real,,203,restart,5496.907649358681,549.6583272949422,533.016116618819,1047.8139818575187,1055.1458241362138,5.246072055284092,0.5245762480860696,0.5051587225445052,0.013158071785884433,0.014415584084564486,0.01341645639089498,0.0221329045625117,0.022256424482630936,0.5945027119563571,0.6513191273133366,0.6028127474547977,False,1e-24,False
UniGCN,real,,204,base,0.004144654467575382,6.233752058237597e-07,1.9561542661111962e-33,0.005018245119419669,0.0062515738072315,0.8259171022826975,0.00012422175302107395,3.1290589000939526e-31,9.921152853715148e-09,1.6348915771020633e-11,4.923802036536287e-38,1.0600005556569169e-07,1.3186583044305307e-07,0.09359573257550498,0.00015423497359290232,3.733948377675183e-31,False,1e-24,True
UniGCN,real,,204,restart,5496.907649358656,549.6583272949422,533.016116618819,1047.8139818574848,1055.1458241361722,5.246072055284238,0.5245762480860866,0.5051587225445251,0.013158071785884374,0.014415584084564486,0.01341645639089498,0.022132904562510984,0.022256424482630058,0.5945027119563737,0.6513191273133577,0.6028127474548215,False,1e-24,False
UniGCN,real,,205,base,0.003917455377126291,5.892034115572695e-07,1.878794354535835e-33,0.004743158080028971,0.005908878923016155,0.8259171022826977,0.00012422175302107382,3.1796122056547654e-31,9.377301267966647e-09,1.545271107601799e-11,4.729080742433924e-38,1.0018941045631376e-07,1.2463729137607935e-07,0.09359573257550499,0.00015423497359290215,3.7942743220922876e-31,False,1e-24,True
UniGCN,real,,205,restart,5496.907649358636,549.6583272949421,533.0161166188191,1047.8139818574548,1055.1458241361358,5.246072055284368,0.5245762480861015,0.5051587225445427,0.013158071785884327,0.014415584084564483,0.013416456390894983,0.02213290456251035,0.02225642448262929,0.5945027119563884,0.6513191273133763,0.6028127474548426,False,1e-24,False
UniGCN,real,,206,base,0.0037027107450897712,5.569048254525449e-07,1.8405444308594955e-33,0.004483150590847549,0.0055849696737926766,0.8259171022826975,0.0001242217530210737,3.2955316471926466e-31,8.863262200146481e-09,1.460563397250789e-11,4.6328025217650985e-38,9.469728967606898e-08,1.1780500186721486e-07,0.09359573257550498,0.00015423497359290202,3.932602562145036e-31,False,1e-24,True
UniGCN,real,,206,restart,5496.90764935862,549.6583272949421,533.016116618819,1047.813981857429,1055.145824136104,5.246072055284482,0.5245762480861144,0.5051587225445577,0.013158071785884287,0.014415584084564483,0.01341645639089498,0.022132904562509804,0.02225642448262862,0.5945027119564013,0.6513191273133923,0.6028127474548605,False,1e-24,False
UniGCN,real,,207,base,0.0034997378507117733,5.263767631497913e-07,1.7790756960291346e-33,0.004237396030472162,0.00527881628030756,0.8259171022826975,0.00012422175302107376,3.3702171122452484e-31,8.377401406191533e-09,1.3804991414739408e-11,4.478080633525311e-38,8.950623255641882e-08,1.1134724055466756e-07,0.09359573257550498,0.0001542349735929021,4.0217257394239e-31,False,1e-24,True
UniGCN,real,,207,restart,5496.907649358603,549.6583272949422,533.0161166188188,1047.813981857406,1055.145824136076,5.24607205528458,0.524576248086126,0.5051587225445712,0.013158071785884245,0.014415584084564486,0.013416456390894976,0.022132904562509315,0.02225642448262803,0.5945027119564125,0.6513191273134067,0.6028127474548765,False,1e-24,False
UniGCN,real,,208,base,0.0033078913981998653,4.975221691765745e-07,1.6516925995793497e-33,0.0040051130907174624,0.00498944541310585,0.8259171022826975,0.00012422175302107387,3.310373123315117e-31,7.91817422701317e-09,1.3048237982668369e-11,4.157446846821652e-38,8.459973557689149e-08,1.0524347678474445e-07,0.09359573257550498,0.00015423497359290224,3.95031309667289e-31,False,1e-24,True
UniGCN,real,,208,restart,5496.907649358591,549.6583272949421,533.016116618819,1047.8139818573861,1055.1458241360515,5.246072055284669,0.5245762480861359,0.5051587225445829,0.013158071785884217,0.014415584084564483,0.01341645639089498,0.0221329045625089,0.02225642448262751,0.5945027119564225,0.651319127313419,0.6028127474548906,False,1e-24,False
UniGCN,real,,209,base,0.0031265614651849578,4.7024930838697383e-07,1.5568457112472138e-33,0.003785563292664193,0.004715937098101201,0.8259171022826977,0.00012422175302107368,3.301243589262575e-31,7.484120677683823e-09,1.2332967789503177e-11,3.9187093862749933e-38,7.996219989673438e-08,9.947430534035576e-08,0.09359573257550499,0.000154234973592902,3.9394187000019307e-31,False,1e-24,True
UniGCN,real,,209,restart,5496.907649358577,549.6583272949421,533.016116618819,1047.8139818573688,1055.1458241360303,5.246072055284744,0.5245762480861446,0.505158722544593,0.013158071785884184,0.014415584084564483,0.01341645639089498,0.022132904562508535,0.022256424482627067,0.5945027119564309,0.6513191273134297,0.6028127474549025,False,1e-24,False
UniGCN,real,,210,base,0.0029551715636429955,4.444714743152394e-07,1.4109369704130626e-33,0.0035780486388711317,0.004457421791774465,0.8259171022826977,0.00012422175302107392,3.1653656223800607e-31,7.0738608058215214e-09,1.1656906832857942e-11,3.551445020823971e-38,7.557888176274425e-08,9.40213847475312e-08,0.09359573257550499,0.0001542349735929023,3.777273681259224e-31,False,1e-24,True
UniGCN,real,,210,restart,5496.907649358569,549.6583272949422,533.0161166188191,1047.8139818573536,1055.1458241360117,5.246072055284811,0.5245762480861522,0.5051587225446021,0.013158071785884165,0.014415584084564486,0.013416456390894983,0.022132904562508212,0.02225642448262667,0.5945027119564386,0.6513191273134392,0.6028127474549134,False,1e-24,False
UniGCN,real,,211,base,0.0027931768071118236,4.2010671351671965e-07,1.3373743760559905e-33,0.0033819093942866027,0.004213077616702241,0.8259171022826975,0.0001242217530210738,3.1743407022793265e-31,6.686090304415569e-09,1.1017905765194876e-11,3.366281888149211e-38,7.143584563560958e-08,8.886737896381155e-08,0.09359573257550498,0.00015423497359290213,3.7879837656965487e-31,False,1e-24,True
UniGCN,real,,211,restart,5496.907649358559,549.6583272949421,533.0161166188191,1047.8139818573402,1055.1458241359953,5.246072055284869,0.5245762480861589,0.5051587225446099,0.013158071785884141,0.014415584084564483,0.013416456390894983,0.022132904562507928,0.022256424482626328,0.5945027119564451,0.6513191273134475,0.6028127474549227,False,1e-24,False
UniGCN,real,,212,base,0.0026400621783764285,3.970775650197185e-07,1.2564150311099326e-33,0.003196521988804609,0.003982127748626474,0.8259171022826977,0.00012422175302107403,3.155134918871697e-31,6.319576365145655e-09,1.0413933060572675e-11,3.162500522626077e-38,6.75199198857444e-08,8.399590226312915e-08,0.09359573257550499,0.00015423497359290243,3.7650652441580936e-31,False,1e-24,True
UniGCN,real,,212,restart,5496.907649358551,549.6583272949422,533.016116618819,1047.8139818573286,1055.1458241359812,5.24607205528492,0.5245762480861648,0.5051587225446167,0.013158071785884122,0.014415584084564486,0.01341645639089498,0.022132904562507685,0.02225642448262603,0.5945027119564509,0.6513191273134548,0.6028127474549307,False,1e-24,False
UniGCN,real,,213,base,0.002495340892115124,3.753108140598982e-07,1.1951252168467372e-33,0.003021297034797339,0.003763837946758071,0.8259171022826973,0.00012422175302107395,3.17528340420751e-31,5.9731537590111056e-09,9.84306855597527e-12,3.008228992248269e-38,6.381865491776007e-08,7.939146714195542e-08,0.09359573257550495,0.00015423497359290232,3.7891087046790864e-31,False,1e-24,True
UniGCN,real,,213,restart,5496.9076493585435,549.6583272949421,533.016116618819,1047.8139818573181,1055.1458241359685,5.246072055284964,0.5245762480861699,0.5051587225446227,0.013158071785884105,0.014415584084564483,0.01341645639089498,0.022132904562507463,0.022256424482625763,0.5945027119564559,0.6513191273134611,0.602812747454938,False,1e-24,False
UniGCN,real,,214,base,0.0023585528473011883,3.547372593143316e-07,1.145487104280158e-33,0.002855677453321333,0.003557514219462786,0.8259171022826974,0.0001242217530210738,3.2199087160729215e-31,5.645721131809786e-09,9.303497346688446e-12,2.883285758486333e-38,6.032028359044367e-08,7.503943508109626e-08,0.09359573257550496,0.00015423497359290213,3.842360693907573e-31,False,1e-24,True
UniGCN,real,,214,restart,5496.907649358539,549.6583272949422,533.0161166188191,1047.8139818573095,1055.1458241359576,5.246072055285003,0.5245762480861744,0.5051587225446279,0.013158071785884093,0.014415584084564486,0.013416456390894983,0.02213290456250728,0.02225642448262553,0.5945027119564603,0.6513191273134668,0.6028127474549442,False,1e-24,False
UniGCN,real,,215,base,0.00222926316443978,3.3529149289516686e-07,1.0893498263593597e-33,0.0026991367030401317,0.003362500617908087,0.8259171022826977,0.00012422175302107387,3.23970149048501e-31,5.3362375026891255e-09,8.793504016315682e-12,2.741983588130655e-38,5.7013683806409735e-08,7.092597000659703e-08,0.09359573257550499,0.00015423497359290224,3.865979679764148e-31,False,1e-24,True
UniGCN,real,,215,restart,5496.907649358533,549.6583272949422,533.0161166188191,1047.8139818573015,1055.1458241359483,5.246072055285037,0.5245762480861783,0.5051587225446325,0.013158071785884079,0.014415584084564486,0.013416456390894983,0.022132904562507112,0.022256424482625336,0.5945027119564642,0.6513191273134716,0.6028127474549496,False,1e-24,False
UniGCN,real,,216,base,0.0021070608029896886,3.169116924034593e-07,1.052385617921264e-33,0.0025511771062327235,0.0031781771506565115,0.8259171022826977,0.00012422175302107387,3.311286841590546e-31,5.043718954637386e-09,8.311467183089362e-12,2.648941619028561e-38,5.38883431524888e-08,6.703799430179834e-08,0.09359573257550499,0.00015423497359290224,3.951403449069928e-31,False,1e-24,True
UniGCN,real,,216,restart,5496.907649358528,549.6583272949422,533.0161166188191,1047.8139818572947,1055.1458241359396,5.246072055285067,0.5245762480861819,0.5051587225446367,0.013158071785884067,0.014415584084564486,0.013416456390894983,0.022132904562506966,0.022256424482625152,0.5945027119564675,0.6513191273134761,0.6028127474549546,False,1e-24,False
UniGCN,real,,217,base,0.0019915572545744116,2.995394243820746e-07,9.709083934322554e-34,0.0024113282665658314,0.00300395781257556,0.8259171022826974,0.00012422175302107376,3.232097299661507e-31,4.767235506393553e-09,7.855854345139065e-12,2.4438567078738595e-38,5.093432547843736e-08,6.336314723069617e-08,0.09359573257550496,0.0001542349735929021,3.8569054958336058e-31,False,1e-24,True
UniGCN,real,,217,restart,5496.907649358523,549.6583272949421,533.016116618819,1047.8139818572886,1055.1458241359323,5.246072055285093,0.5245762480861847,0.50515872254464,0.013158071785884054,0.014415584084564483,0.01341645639089498,0.022132904562506838,0.022256424482625,0.5945027119564705,0.6513191273134796,0.6028127474549586,False,1e-24,False
UniGCN,real,,218,base,0.001882385307827957,2.831194585427839e-07,9.356355137311348e-34,0.0022791455735997677,0.002839288721797561,0.8259171022826977,0.0001242217530210738,3.2953165577989602e-31,4.5059081558308785e-09,7.425217008328632e-12,2.3550719530538096e-38,4.814223930771522e-08,5.988974564042375e-08,0.09359573257550499,0.00015423497359290213,3.932345893057539e-31,False,1e-24,True
UniGCN,real,,218,restart,5496.907649358521,549.6583272949422,533.016116618819,1047.8139818572834,1055.145824135926,5.246072055285117,0.5245762480861874,0.5051587225446431,0.01315807178588405,0.014415584084564486,0.01341645639089498,0.022132904562506727,0.022256424482624864,0.5945027119564732,0.651319127313483,0.6028127474549623,False,1e-24,False
UniGCN,real,,219,base,0.001779197880948574,2.675995921769425e-07,8.634322605186706e-34,0.002154208789273362,0.00268364635880653,0.8259171022826979,0.00012422175302107406,3.2173846516150356e-31,4.258906085414428e-09,7.0181860811724235e-12,2.173330394440013e-38,4.550320797990129e-08,5.660674681792078e-08,0.09359573257550502,0.00015423497359290245,3.839348693594192e-31,False,1e-24,True
UniGCN,real,,219,restart,5496.907649358516,549.6583272949422,533.016116618819,1047.8139818572786,1055.1458241359203,5.246072055285136,0.5245762480861897,0.5051587225446458,0.013158071785884039,0.014415584084564486,0.01341645639089498,0.022132904562506626,0.022256424482624746,0.5945027119564754,0.6513191273134858,0.6028127474549655,False,1e-24,False
UniGCN,real,,220,base,0.001681666918248819,2.5293048419151477e-07,8.403622086893275e-34,0.0020361207118740746,0.0025365359020536548,0.8259171022826977,0.00012422175302107403,3.3130310042485314e-31,4.025444020848086e-09,6.633467522190199e-12,2.115261166389744e-38,4.300884142982378e-08,5.3503713382702414e-08,0.09359573257550499,0.00015423497359290243,3.953484781999452e-31,False,1e-24,True
UniGCN,real,,220,restart,5496.907649358515,549.6583272949421,533.0161166188191,1047.8139818572747,1055.1458241359155,5.246072055285155,0.5245762480861916,0.5051587225446481,0.013158071785884037,0.014415584084564483,0.013416456390894983,0.022132904562506547,0.022256424482624645,0.5945027119564775,0.6513191273134882,0.6028127474549683,False,1e-24,False
UniGCN,real,,221,base,0.0015894823471938595,2.390654982428121e-07,8.02873433469976e-34,0.001924505913245766,0.002397489654809988,0.8259171022826974,0.00012422175302107406,3.3488087502659417e-31,3.804779734513635e-09,6.269838225862667e-12,2.0208988193243205e-38,4.065120951368446e-08,5.0570780104114755e-08,0.09359573257550496,0.00015423497359290245,3.996178851035536e-31,False,1e-24,True
UniGCN,real,,221,restart,5496.907649358513,549.6583272949422,533.0161166188191,1047.8139818572713,1055.1458241359112,5.246072055285169,0.5245762480861935,0.5051587225446502,0.01315807178588403,0.014415584084564486,0.013416456390894983,0.022132904562506474,0.022256424482624552,0.5945027119564792,0.6513191273134905,0.6028127474549708,False,1e-24,False
UniGCN,real,,222,base,0.0015023510926121982,2.2596055446922382e-07,7.335476777612446e-34,0.0018190095452194283,0.0022660655582549404,0.8259171022826977,0.00012422175302107392,3.2370982167265166e-31,3.5962116857647288e-09,5.9261421341080494e-12,1.846400159859359e-38,3.8422816797374966e-08,4.7798622537581274e-08,0.09359573257550499,0.0001542349735929023,3.862873157919232e-31,False,1e-24,True
UniGCN,real,,222,restart,5496.907649358511,549.6583272949422,533.0161166188191,1047.8139818572683,1055.1458241359073,5.246072055285183,0.524576248086195,0.505158722544652,0.013158071785884025,0.014415584084564486,0.013416456390894983,0.02213290456250641,0.022256424482624472,0.5945027119564807,0.6513191273134923,0.6028127474549729,False,1e-24,False
UniGCN,real,,223,base,0.001419996144944783,2.1357398935157462e-07,6.739782932908757e-34,0.0017192962114722526,0.0021418457860733725,0.8259171022826974,0.00012422175302107414,3.1467171804487118e-31,3.399076790573788e-09,5.601286560917412e-12,1.6964590935274553e-38,3.631657872683143e-08,4.517842738012806e-08,0.09359573257550496,0.00015423497359290256,3.7550202428552238e-31,False,1e-24,True
UniGCN,real,,223,restart,5496.907649358507,549.6583272949421,533.016116618819,1047.8139818572654,1055.145824135904,5.246072055285193,0.5245762480861963,0.5051587225446535,0.013158071785884016,0.014415584084564483,0.01341645639089498,0.02213290456250635,0.0222564244826244,0.5945027119564819,0.651319127313494,0.6028127474549748,False,1e-24,False
UniGCN,real,,224,base,0.0013421556795702582,2.0186642325556415e-07,6.8823025031163374e-34,0.00162504890122842,0.002024435416093179,0.8259171022826975,0.0001242217530210738,3.3996157389886154e-31,3.2127483134409868e-09,5.294238718463688e-12,1.7323324478017787e-38,3.432579910466771e-08,4.270186445094132e-08,0.09359573257550498,0.00015423497359290213,4.0568075190065646e-31,False,1e-24,True
UniGCN,real,,224,restart,5496.907649358507,549.6583272949422,533.0161166188191,1047.8139818572633,1055.145824135901,5.246072055285205,0.5245762480861975,0.5051587225446551,0.013158071785884016,0.014415584084564486,0.013416456390894983,0.022132904562506304,0.022256424482624337,0.5945027119564832,0.6513191273134955,0.6028127474549766,False,1e-24,False
UniGCN,real,,225,base,0.0012685822244064954,1.908006352351929e-07,6.095162086069948e-34,0.0015359679814116278,0.0019134611747402273,0.8259171022826973,0.00012422175302107406,3.185411946964344e-31,3.0366338748632737e-09,5.004022433640568e-12,1.5342026961949226e-38,3.244414880148067e-08,4.03610602078774e-08,0.09359573257550495,0.00015423497359290245,3.801195231971353e-31,False,1e-24,True
UniGCN,real,,225,restart,5496.907649358504,549.6583272949421,533.016116618819,1047.813981857261,1055.1458241358985,5.246072055285213,0.5245762480861985,0.5051587225446562,0.013158071785884011,0.014415584084564483,0.01341645639089498,0.022132904562506255,0.022256424482624285,0.5945027119564841,0.6513191273134967,0.6028127474549779,False,1e-24,False
UniGCN,real,,226,base,0.0011990418731420275,1.8034144469912255e-07,5.941420289672657e-34,0.0014517702440451652,0.0018085702503189813,0.8259171022826975,0.0001242217530210738,3.28514764003486e-31,2.8701735680287134e-09,4.729715044591774e-12,1.4955046147953088e-38,3.0665645634145815e-08,3.8148572715728225e-08,0.09359573257550498,0.00015423497359290213,3.9202111857221053e-31,False,1e-24,True
UniGCN,real,,226,restart,5496.9076493585035,549.6583272949421,533.016116618819,1047.8139818572593,1055.1458241358964,5.246072055285222,0.5245762480861995,0.5051587225446572,0.013158071785884008,0.014415584084564483,0.01341645639089498,0.022132904562506217,0.02225642448262424,0.5945027119564851,0.651319127313498,0.6028127474549791,False,1e-24,False
UniGCN,real,,227,base,0.0011333135415960665,1.7045559956378968e-07,5.603770670345078e-34,0.0013721880058710203,0.0017094291713459645,0.8259171022826977,0.00012422175302107382,3.27815317784287e-31,2.7128381787486938e-09,4.470444467364798e-12,1.4105154136835836e-38,2.8984635347131973e-08,3.60573679866607e-08,0.09359573257550499,0.00015423497359290215,3.9118645992280937e-31,False,1e-24,True
UniGCN,real,,227,restart,5496.9076493585035,549.6583272949422,533.016116618819,1047.8139818572577,1055.1458241358946,5.24607205528523,0.5245762480862003,0.5051587225446581,0.013158071785884008,0.014415584084564486,0.01341645639089498,0.022132904562506186,0.0222564244826242,0.594502711956486,0.651319127313499,0.6028127474549801,False,1e-24,False
UniGCN,real,,228,base,0.0010711882648429252,1.6111167053766214e-07,5.297898483999285e-34,0.0012969682573255102,0.001615722746370049,0.8259171022826974,0.0001242217530210739,3.2789650921866185e-31,2.5641275029688045e-09,4.225386423362735e-12,1.3335248552117697e-38,2.7395773636370523e-08,3.4080797617611364e-08,0.09359573257550496,0.00015423497359290226,3.9128334676142274e-31,False,1e-24,True
UniGCN,real,,228,restart,5496.907649358503,549.6583272949421,533.016116618819,1047.8139818572565,1055.145824135893,5.246072055285234,0.5245762480862008,0.5051587225446589,0.013158071785884006,0.014415584084564483,0.01341645639089498,0.02213290456250616,0.02225642448262417,0.5945027119564865,0.6513191273134996,0.6028127474549811,False,1e-24,False
UniGCN,real,,229,base,0.0010124685328662267,1.522799512005605e-07,4.893354519704313e-34,0.0012258718581658282,0.0015271530619090114,0.8259171022826974,0.00012422175302107395,3.2042331851054904e-31,2.4235687565093412e-09,3.9937618187800654e-12,1.231697794341775e-38,2.5894009158528833e-08,3.2212577653540254e-08,0.09359573257550496,0.00015423497359290232,3.823654870433531e-31,False,1e-24,True
UniGCN,real,,229,restart,5496.907649358502,549.6583272949422,533.0161166188191,1047.8139818572552,1055.1458241358914,5.246072055285239,0.5245762480862015,0.5051587225446597,0.013158071785884004,0.014415584084564486,0.013416456390894983,0.02213290456250613,0.022256424482624135,0.5945027119564871,0.6513191273135004,0.602812747454982,False,1e-24,False
UniGCN,real,,230,base,0.0009569676626308124,1.4393236356036813e-07,4.619578225563058e-34,0.0011586727771902441,0.0014434385353165819,0.8259171022826977,0.00012422175302107376,3.2003982937519884e-31,2.2907150719796693e-09,3.774834267690871e-12,1.1627860373294862e-38,2.4474567471670962e-08,3.044676860934593e-08,0.09359573257550499,0.0001542349735929021,3.8190786426266533e-31,False,1e-24,True
UniGCN,real,,230,restart,5496.9076493585,549.6583272949421,533.016116618819,1047.813981857254,1055.14582413589,5.246072055285244,0.5245762480862021,0.5051587225446602,0.013158071785883999,0.014415584084564483,0.01341645639089498,0.02213290456250611,0.022256424482624108,0.5945027119564876,0.6513191273135012,0.6028127474549827,False,1e-24,False
UniGCN,real,,231,base,0.0009045092045760193,1.3604236878687524e-07,4.455445938724025e-34,0.0010951573736348434,0.0013643130195688368,0.8259171022826975,0.0001242217530210737,3.26570653128567e-31,2.1651440780878022e-09,3.567907750914878e-12,1.1214725835697278e-38,2.3132935856249114e-08,2.8777756586926576e-08,0.09359573257550498,0.00015423497359290202,3.8970118472654007e-31,False,1e-24,True
UniGCN,real,,231,restart,5496.907649358499,549.6583272949422,533.016116618819,1047.8139818572533,1055.145824135889,5.2460720552852464,0.5245762480862025,0.5051587225446608,0.013158071785883997,0.014415584084564486,0.01341645639089498,0.022132904562506092,0.022256424482624083,0.594502711956488,0.6513191273135017,0.6028127474549834,False,1e-24,False
UniGCN,real,,232,base,0.0008549263816434428,1.2858488283895747e-07,4.219074765002967e-34,0.0010351237179622122,0.0012895249571238572,0.8259171022826977,0.0001242217530210737,3.27180543633149e-31,2.0464565568285076e-09,3.3723244032182625e-12,1.061976004659317e-38,2.1864848968168524e-08,2.720023542735452e-08,0.09359573257550499,0.00015423497359290202,3.9042897532839647e-31,False,1e-24,True
UniGCN,real,,232,restart,5496.907649358499,549.6583272949421,533.016116618819,1047.8139818572524,1055.145824135888,5.246072055285252,0.5245762480862028,0.5051587225446612,0.013158071785883997,0.014415584084564483,0.01341645639089498,0.022132904562506075,0.022256424482624063,0.5945027119564885,0.651319127313502,0.6028127474549839,False,1e-24,False
UniGCN,real,,233,base,0.0008080615590557225,1.215361967168538e-07,3.896045043089842e-34,0.0009783809498827116,0.0012188365801645746,0.8259171022826978,0.00012422175302107382,3.1965278253822793e-31,1.93427517428083e-09,3.1874624218143776e-12,9.806667526145102e-39,2.0666275278313814e-08,2.570918984142144e-08,0.093595732575505,0.00015423497359290215,3.814459960284341e-31,False,1e-24,True
UniGCN,real,,233,restart,5496.907649358498,549.6583272949422,533.0161166188191,1047.8139818572517,1055.145824135887,5.2460720552852536,0.5245762480862033,0.5051587225446617,0.013158071785883995,0.014415584084564486,0.013416456390894983,0.02213290456250606,0.022256424482624045,0.5945027119564887,0.6513191273135026,0.6028127474549845,False,1e-24,False
UniGCN,real,,234,base,0.000763765743160668,1.1487390108600387e-07,3.6994422019306803e-34,0.0009247486715673357,0.001152023154682216,0.8259171022826977,0.000124221753021074,3.211256811024051e-31,1.828243280979976e-09,3.01273408951494e-12,9.311801918427598e-39,1.9533404255424853e-08,2.4299879464923154e-08,0.09359573257550499,0.0001542349735929024,3.8320362583975674e-31,False,1e-24,True
UniGCN,real,,234,restart,5496.907649358498,549.6583272949423,533.016116618819,1047.813981857251,1055.1458241358864,5.246072055285257,0.5245762480862036,0.505158722544662,0.013158071785883995,0.01441558408456449,0.01341645639089498,0.022132904562506047,0.02225642448262403,0.5945027119564891,0.651319127313503,0.6028127474549848,False,1e-24,False
UniGCN,real,,235,base,0.000721898107747434,1.085768150328095e-07,3.480909025991591e-34,0.0008740563741230536,0.0010888722659971074,0.8259171022826978,0.0001242217530210741,3.196801989261832e-31,1.7280237780496616e-09,2.847583906246904e-12,8.761735844713112e-39,1.8462634251573812e-08,2.2967823787991708e-08,0.093595732575505,0.0001542349735929025,3.8147871237561574e-31,False,1e-24,True
UniGCN,real,,235,restart,5496.907649358499,549.6583272949422,533.0161166188191,1047.8139818572506,1055.1458241358855,5.246072055285261,0.5245762480862038,0.5051587225446624,0.013158071785883997,0.014415584084564486,0.013416456390894983,0.022132904562506037,0.02225642448262401,0.5945027119564895,0.6513191273135033,0.6028127474549854,False,1e-24,False
UniGCN,real,,236,base,0.0006823255463288012,1.0262491872581916e-07,3.2518491615038488e-34,0.0008261428955072691,0.0010291831434453527,0.8259171022826977,0.00012422175302107428,3.159640907659808e-31,1.6332980454901122e-09,2.6914868229946957e-12,8.185173225500257e-39,1.7450561051728588e-08,2.1708787910561998e-08,0.09359573257550499,0.00015423497359290272,3.7704423016256546e-31,False,1e-24,True
UniGCN,real,,236,restart,5496.907649358498,549.6583272949421,533.016116618819,1047.81398185725,1055.145824135885,5.2460720552852615,0.5245762480862041,0.5051587225446625,0.013158071785883995,0.014415584084564483,0.01341645639089498,0.022132904562506023,0.022256424482624,0.5945027119564896,0.6513191273135036,0.6028127474549855,False,1e-24,False
UniGCN,real,,237,base,0.0006449222489661693,9.699928976824825e-08,3.0806021394850333e-34,0.0007808559081579875,0.000972766022084423,0.8259171022826977,0.00012422175302107438,3.166848008202407e-31,1.5437649292145075e-09,2.5439465725530636e-12,7.754130311158301e-39,1.6493967050999154e-08,2.0518769078686432e-08,0.09359573257550499,0.00015423497359290286,3.7790426323442524e-31,False,1e-24,True
UniGCN,real,,237,restart,5496.907649358497,549.6583272949421,533.016116618819,1047.8139818572497,1055.1458241358846,5.246072055285263,0.5245762480862042,0.5051587225446629,0.013158071785883994,0.014415584084564483,0.01341645639089498,0.022132904562506016,0.022256424482623993,0.5945027119564898,0.6513191273135037,0.6028127474549859,False,1e-24,False
UniGCN,real,,238,base,0.0006095693022918925,9.168204303948861e-08,2.922522013713346e-34,0.0007380514347107527,0.0009194415393883655,0.8259171022826977,0.00012422175302107422,3.1785838343321725e-31,1.4591397836134256e-09,2.4044940917837155e-12,7.356229563402909e-39,1.5589811025158836e-08,1.9393983958893405e-08,0.09359573257550499,0.00015423497359290267,3.7930471526607605e-31,False,1e-24,True
UniGCN,real,,238,restart,5496.907649358497,549.6583272949421,533.016116618819,1047.8139818572492,1055.1458241358841,5.246072055285265,0.5245762480862044,0.5051587225446631,0.013158071785883994,0.014415584084564483,0.01341645639089498,0.022132904562506005,0.022256424482623983,0.5945027119564901,0.651319127313504,0.6028127474549861,False,1e-24,False
UniGCN,real,,239,base,0.0005761543114573433,8.665627383434862e-08,2.731968412336794e-34,0.0006975933902627134,0.0008690401650146042,0.8259171022826977,0.00012422175302107422,3.1436618493817064e-31,1.3791535666034007e-09,2.2726860303597053e-12,6.876590392412365e-39,1.473521846191885e-08,1.8330856610132163e-08,0.09359573257550499,0.00015423497359290267,3.7513742748996307e-31,False,1e-24,True
UniGCN,real,,239,restart,5496.907649358497,549.6583272949421,533.0161166188191,1047.8139818572488,1055.145824135884,5.246072055285267,0.5245762480862046,0.5051587225446633,0.013158071785883994,0.014415584084564483,0.013416456390894983,0.022132904562506,0.022256424482623976,0.5945027119564902,0.6513191273135043,0.6028127474549865,False,1e-24,False
UniGCN,real,,240,base,0.0005445710428047918,8.190600411925006e-08,2.5650287260984318e-34,0.0006593531497285719,0.0008214016618294276,0.8259171022826977,0.00012422175302107425,3.1227459661885687e-31,1.3035519842825426e-09,2.1481033412565184e-12,6.45638939839094e-39,1.3927472422216992e-08,1.7326007115064094e-08,0.09359573257550499,0.0001542349735929027,3.726415068118859e-31,False,1e-24,True
UniGCN,real,,240,restart,5496.907649358497,549.6583272949421,533.016116618819,1047.8139818572486,1055.1458241358835,5.246072055285268,0.5245762480862047,0.5051587225446634,0.013158071785883994,0.014415584084564483,0.01341645639089498,0.02213290456250599,0.02225642448262397,0.5945027119564903,0.6513191273135044,0.6028127474549866,False,1e-24,False
UniGCN,real,,241,base,0.0005147190861270759,7.741613173452038e-08,2.4036040116600468e-34,0.0006232091389129466,0.0007763745764786454,0.8259171022826975,0.0001242217530210742,3.0959334379056125e-31,1.2320946824738929e-09,2.0303499485087647e-12,6.050070044407112e-39,1.3164004902466521e-08,1.6376240834556795e-08,0.09359573257550498,0.00015423497359290264,3.694419314865218e-31,False,1e-24,True
UniGCN,real,,241,restart,5496.907649358496,549.6583272949421,533.0161166188191,1047.8139818572483,1055.1458241358832,5.246072055285269,0.5245762480862048,0.5051587225446637,0.01315807178588399,0.014415584084564483,0.013416456390894983,0.022132904562505988,0.022256424482623962,0.5945027119564904,0.6513191273135046,0.6028127474549868,False,1e-24,False
UniGCN,real,,242,base,0.00048650353544131027,7.31723823812818e-08,2.323891824659402e-34,0.0005890464479990731,0.0007338157578838265,0.8259171022826977,0.00012422175302107403,3.1668600731074887e-31,1.164554482586256e-09,1.9190514879969486e-12,5.849427878556464e-39,1.244238867030389e-08,1.547853825121861e-08,0.09359573257550499,0.00015423497359290243,3.7790570295589405e-31,False,1e-24,True
UniGCN,real,,242,restart,5496.907649358496,549.6583272949421,533.0161166188191,1047.813981857248,1055.145824135883,5.24607205528527,0.524576248086205,0.5051587225446638,0.01315807178588399,0.014415584084564483,0.013416456390894983,0.022132904562505985,0.02225642448262396,0.5945027119564906,0.6513191273135047,0.6028127474549869,False,1e-24,False
UniGCN,real,,243,base,0.00045983468726174296,6.916126424029327e-08,2.2324048743349454e-34,0.0005567564662250442,0.0006935899021333113,0.8259171022826974,0.00012422175302107382,3.2186236671967387e-31,1.1007166593631316e-09,1.8138541172610096e-12,5.619147659798683e-39,1.1760329547879424e-08,1.4630045369684002e-08,0.09359573257550496,0.00015423497359290215,3.8408272276739037e-31,False,1e-24,True
UniGCN,real,,243,restart,5496.907649358496,549.6583272949421,533.0161166188191,1047.8139818572479,1055.1458241358825,5.246072055285271,0.5245762480862052,0.5051587225446639,0.01315807178588399,0.014415584084564483,0.013416456390894983,0.022132904562505978,0.022256424482623948,0.5945027119564907,0.6513191273135049,0.6028127474549871,False,1e-24,False
UniGCN,real,,244,base,0.00043462775541250554,6.537002507846854e-08,2.123732262379078e-34,0.0005262365365861376,0.0006555691223211045,0.8259171022826975,0.00012422175302107395,3.239524544505395e-31,1.0403782582235639e-09,1.7144233905567607e-12,5.345609709682022e-39,1.1115659118157725e-08,1.3828064643130058e-08,0.09359573257550498,0.00015423497359290232,3.8657685277294256e-31,False,1e-24,True
UniGCN,real,,244,restart,5496.907649358495,549.6583272949421,533.0161166188188,1047.8139818572479,1055.1458241358825,5.246072055285271,0.5245762480862052,0.5051587225446638,0.013158071785883988,0.014415584084564483,0.013416456390894976,0.022132904562505978,0.022256424482623948,0.5945027119564907,0.6513191273135049,0.6028127474549869,False,1e-24,False
UniGCN,real,,245,base,0.00041080260147357704,6.178661170670177e-08,2.000438885430044e-34,0.0004973896294654596,0.000619632541966073,0.8259171022826975,0.00012422175302107387,3.228427737321089e-31,9.83347450024568e-10,1.6204431955787668e-12,5.035270085128821e-39,1.0506327831039602e-08,1.3070046397177635e-08,0.09359573257550498,0.00015423497359290224,3.8525265573779026e-31,False,1e-24,True
UniGCN,real,,245,restart,5496.907649358495,549.6583272949421,533.0161166188191,1047.8139818572479,1055.1458241358823,5.24607205528527,0.5245762480862052,0.5051587225446641,0.013158071785883988,0.014415584084564483,0.013416456390894983,0.022132904562505978,0.022256424482623945,0.5945027119564906,0.6513191273135049,0.6028127474549874,False,1e-24,False
UniGCN,real,,246,base,0.0003882834800029958,5.839963166011041e-08,1.861805495364143e-34,0.00047012403415529826,0.000585665910718835,0.8259171022826974,0.00012422175302107398,3.1789548636679214e-31,9.294429211937936e-10,1.5316147484693306e-12,4.6863183791391824e-39,9.930398487388291e-09,1.2353580723911669e-08,0.09359573257550496,0.00015423497359290237,3.79348990699378e-31,False,1e-24,True
UniGCN,real,,246,restart,5496.907649358496,549.6583272949422,533.0161166188191,1047.8139818572474,1055.145824135882,5.246072055285273,0.5245762480862054,0.5051587225446641,0.01315807178588399,0.014415584084564486,0.013416456390894983,0.022132904562505967,0.022256424482623938,0.594502711956491,0.6513191273135053,0.6028127474549874,False,1e-24,False
UniGCN,real,,247,base,0.0003669987977253208,5.519831697886488e-08,1.7887718698748284e-34,0.00044435306728846894,0.0005535612411345936,0.8259171022826975,0.00012422175302107403,3.231389297069489e-31,8.784932972935148e-10,1.4476556439184001e-12,4.502486704843473e-39,9.386040080244278e-09,1.1676389820250144e-08,0.09359573257550498,0.00015423497359290243,3.856060626748599e-31,False,1e-24,True
UniGCN,real,,247,restart,5496.907649358496,549.6583272949422,533.0161166188191,1047.8139818572474,1055.145824135882,5.246072055285273,0.5245762480862054,0.5051587225446641,0.01315807178588399,0.014415584084564486,0.013416456390894983,0.022132904562505967,0.022256424482623938,0.594502711956491,0.6513191273135053,0.6028127474549874,False,1e-24,False
UniGCN,real,,248,base,0.0003468808859207498,5.2172489974459643e-08,1.7108630885807445e-34,0.0004199947972526887,0.0005232164653571271,0.8259171022826977,0.00012422175302107422,3.269895352801973e-31,8.303365981833304e-10,1.3682989573345472e-12,4.306383860274637e-39,8.871521973648596e-09,1.1036320746303486e-08,0.09359573257550499,0.00015423497359290267,3.9020104247305614e-31,False,1e-24,True
UniGCN,real,,248,restart,5496.907649358495,549.6583272949421,533.016116618819,1047.8139818572474,1055.1458241358819,5.246072055285273,0.5245762480862053,0.5051587225446641,0.013158071785883988,0.014415584084564483,0.01341645639089498,0.022132904562505967,0.022256424482623934,0.594502711956491,0.6513191273135052,0.6028127474549874,False,1e-24,False
UniGCN,real,,249,base,0.0003278657852912698,4.9312530872586424e-08,1.5492817234753789e-34,0.0003969717837118318,0.0004945351106224659,0.8259171022826973,0.00012422175302107414,3.132804304886088e-31,7.848197230494167e-10,1.2932923962325512e-12,3.899670203609029e-39,8.38520840056775e-09,1.0431338580701767e-08,0.09359573257550495,0.00015423497359290256,3.7384178199560268e-31,False,1e-24,True
UniGCN,real,,249,restart,5496.907649358495,549.6583272949421,533.016116618819,1047.8139818572474,1055.145824135882,5.246072055285273,0.5245762480862054,0.5051587225446641,0.013158071785883988,0.014415584084564483,0.01341645639089498,0.022132904562505967,0.022256424482623938,0.594502711956491,0.6513191273135053,0.6028127474549874,False,1e-24,False
UniGCN,real,,250,base,0.00030989304261988125,4.660934722974129e-08,1.5002404154649545e-34,0.00037521083140594665,0.0004674259925506055,0.8259171022826978,0.00012422175302107387,3.2095784987877673e-31,7.417979636631281e-10,1.2223974981397157e-12,3.776229176262976e-39,7.925553262427955e-09,9.859519951128915e-09,0.093595732575505,0.00015423497359290224,3.830033505668395e-31,False,1e-24,True
UniGCN,real,,250,restart,5496.907649358495,549.6583272949421,533.016116618819,1047.8139818572472,1055.1458241358816,5.246072055285274,0.5245762480862054,0.5051587225446643,0.013158071785883988,0.014415584084564483,0.01341645639089498,0.022132904562505964,0.02225642448262393,0.5945027119564911,0.6513191273135053,0.6028127474549876,False,1e-24,False
UniGCN,real,,251,base,0.000292905518576429,4.4054345026332566e-08,1.4515354763768879e-34,0.00035464275744731137,0.00044180292525016363,0.8259171022826977,0.00012422175302107398,3.2854818142161005e-31,7.011345443214805e-10,1.1553888724708421e-12,3.653634817307869e-39,7.49109521372532e-09,9.319046919496052e-09,0.09359573257550499,0.00015423497359290237,3.92060996029994e-31,False,1e-24,True
UniGCN,real,,251,restart,5496.907649358495,549.6583272949421,533.016116618819,1047.8139818572472,1055.1458241358816,5.246072055285274,0.5245762480862054,0.5051587225446643,0.013158071785883988,0.014415584084564483,0.01341645639089498,0.022132904562505964,0.02225642448262393,0.5945027119564911,0.6513191273135053,0.6028127474549876,False,1e-24,False
UniGCN,real,,252,base,0.00027684920605901557,4.1639401344388295e-08,1.327763324545083e-34,0.00033520217137270844,0.0004175844473143405,0.8259171022826977,0.00012422175302107395,3.179628295748278e-31,6.627001870068966e-10,1.0920534839616182e-12,3.342090076786226e-39,7.080453016084757e-09,8.808201202313622e-09,0.09359573257550499,0.00015423497359290232,3.794293522618863e-31,False,1e-24,True
UniGCN,real,,252,restart,5496.907649358495,549.6583272949421,533.016116618819,1047.8139818572472,1055.1458241358816,5.246072055285274,0.5245762480862054,0.5051587225446643,0.013158071785883988,0.014415584084564483,0.01341645639089498,0.022132904562505964,0.02225642448262393,0.5945027119564911,0.6513191273135053,0.6028127474549876,False,1e-24,False
UniGCN,real,,253,base,0.0002616730584934605,3.935683854300147e-08,1.2288887263530003e-34,0.0003168272672526573,0.000394693562837062,0.8259171022826974,0.00012422175302107422,3.1135261429645154e-31,6.263727003837501e-10,1.0321899753823429e-12,3.09321453748241e-39,6.692321146997237e-09,8.325358707887555e-09,0.09359573257550496,0.00015423497359290267,3.715412928156306e-31,False,1e-24,True
UniGCN,real,,253,restart,5496.907649358495,549.6583272949421,533.016116618819,1047.8139818572472,1055.1458241358816,5.246072055285274,0.5245762480862054,0.5051587225446643,0.013158071785883988,0.014415584084564483,0.01341645639089498,0.022132904562505964,0.02225642448262393,0.5945027119564911,0.6513191273135053,0.6028127474549876,False,1e-24,False
UniGCN,real,,254,base,0.0002473288275449334,3.719939984940806e-08,1.174648102660791e-34,0.0002994596271966734,0.000373057496625938,0.8259171022826975,0.000124221753021074,3.148705262016493e-31,5.920365913250424e-10,9.75608027378669e-13,2.956686402648939e-39,6.325465649274535e-09,7.868984372972005e-09,0.09359573257550498,0.0001542349735929024,3.7573926475243975e-31,False,1e-24,True
UniGCN,real,,254,restart,5496.907649358495,549.6583272949421,533.016116618819,1047.8139818572472,1055.1458241358816,5.246072055285274,0.5245762480862054,0.5051587225446643,0.013158071785883988,0.014415584084564483,0.01341645639089498,0.022132904562505964,0.02225642448262393,0.5945027119564911,0.6513191273135053,0.6028127474549876,False,1e-24,False
UniGCN,real,,255,base,0.00023377090972581015,3.516022628809994e-08,1.1094770657337422e-34,0.0002830440356298547,0.0003526074628338059,0.8259171022826974,0.00012422175302107422,3.146493431583071e-31,5.595826977341689e-10,9.221277534042434e-13,2.7926455138991435e-39,5.978720208025999e-09,7.43762728246327e-09,0.09359573257550496,0.00015423497359290267,3.7547532403025265e-31,False,1e-24,True
UniGCN,real,,255,restart,5496.907649358495,549.6583272949421,533.016116618819,1047.8139818572472,1055.1458241358816,5.246072055285275,0.5245762480862055,0.5051587225446643,0.013158071785883988,0.014415584084564483,0.01341645639089498,0.022132904562505964,0.02225642448262393,0.5945027119564912,0.6513191273135054,0.6028127474549876,False,1e-24,False
UniGCN,real,,256,base,0.00022095620141208397,3.323283487462133e-08,1.0657419748949209e-34,0.0002675283037503374,0.0003332784462732848,0.8259171022826974,0.0001242217530210742,3.1977524703803484e-31,5.289078414944335e-10,8.715791278215011e-13,2.682560673929755e-39,5.650982442685153e-09,7.0299160566192635e-09,0.09359573257550496,0.00015423497359290264,3.815921345751911e-31,False,1e-24,True
UniGCN,real,,256,restart,5496.907649358495,549.6583272949421,533.016116618819,1047.813981857247,1055.1458241358814,5.246072055285275,0.5245762480862056,0.5051587225446644,0.013158071785883988,0.014415584084564483,0.01341645639089498,0.02213290456250596,0.022256424482623924,0.5945027119564912,0.6513191273135055,0.6028127474549877,False,1e-24,False
