family,features,seed,step,variant,energy_un,energy_sym,energy_op,norm_f2,norm_pi2,R_un,R_sym,R_op,energy_un_relative,energy_sym_relative,energy_op_relative,norm_f2_relative,norm_pi2_relative,R_un_relative,R_sym_relative,R_op_relative,zero_state,resolution_R_op,censored_R_op
HNHN,real,,0,base,332119.3287985154,37175.397190891556,16.7834144123648,65451.0,53526.002764545025,5.074320160097101,0.5679882231118173,0.00031355628191018085,1.0,1.0,1.0,1.0,1.0,1.0,1.0,1.0,False,1e-24,False
HNHN,real,,0,restart,332119.3287985154,37175.397190891556,16.7834144123648,65451.0,53526.002764545025,5.074320160097101,0.5679882231118173,0.00031355628191018085,1.0,1.0,1.0,1.0,1.0,1.0,1.0,1.0,False,1e-24,False
HNHN,real,,1,base,331433.32316524885,37135.54974405376,16.728510462502438,65395.200968465826,53492.46345113829,5.0681597159563605,0.5678635311780885,0.00031272649235499856,0.9979344603767921,0.9989281231715378,0.9967286781751685,0.9991474686172225,0.9993734014932094,0.9987859567495988,0.9997804673958808,0.9973536184632398,False,1e-24,False
HNHN,real,,1,restart,331501.8206306653,37139.52997509051,16.733989437737602,65400.77582179063,53495.81490609134,5.068775048387323,0.5678759847787025,0.00031280931914231245,0.9981407039148128,0.9990351894394868,0.9970551299388292,0.9992326446011617,0.9994360150787557,0.9989072207636044,0.9998023932036832,0.9976177713190184,False,1e-24,False
HNHN,real,,2,base,330751.8708580863,37095.89110001252,16.67411065754565,65339.631052800956,53459.03369271056,5.062040686927137,0.5677395250370382,0.0003119044529197927,0.9958826306635749,0.9978613250459497,0.9934873946305812,0.9982984378053957,0.998748849748242,0.9975800752056352,0.999562142198272,0.9947319537649661,False,1e-24,False
HNHN,real,,2,restart,330949.4853672034,37107.39075082681,16.689885911439383,65355.746595799916,53468.728169124384,5.063816153979516,0.5677754854568752,0.0003121429381796478,0.9964776412274949,0.9981706600277721,0.994427325773681,0.9985446608271824,0.9989299668859529,0.9979299678013648,0.9996254541092832,0.9954925357517223,False,1e-24,False
HNHN,real,,3,base,330074.92155489046,37056.41928518132,16.620208263403295,65284.28801464709,53425.71248435204,5.055962645726263,0.567616196976329,0.00031109006301546695,0.9938443593421051,0.9967995525347235,0.9902757481313657,0.9974528733655268,0.9981263259908619,0.9963822711631015,0.9993450108288336,0.9921346851044103,False,1e-24,False
HNHN,real,,3,restart,330455.290724544,37078.585171987266,16.650513963430665,65315.36724088175,53444.420179129265,5.0593804288940385,0.567685473393148,0.00031154821976968333,0.9949896379714145,0.9973958040473067,0.9920814414952286,0.9979277205983369,0.9984758326569867,0.9970558162016374,0.9994669788802827,0.9935958478386578,False,1e-24,False
HNHN,real,,4,base,329402.42561561713,37017.13235320601,16.566796648926573,65229.16964560612,53392.49883456946,5.049925170062408,0.567493539383105,0.0003102832234965607,0.9918194969478983,0.995742753281885,0.987093343576225,0.9966107415563722,0.9975058116974878,0.9951924614007354,0.9991290598843721,0.9895614962848751,False,1e-24,False
HNHN,real,,4,restart,330012.9927559456,37052.761926693434,16.615352361030794,65279.151357923816,53422.6028062272,5.055411810525743,0.5676048348657927,0.00031101727524017285,0.9936578938353582,0.9967011713804051,0.9899864206886181,0.9973743924145363,0.9980682294029564,0.9962737176656594,0.9993250066983359,0.9919025488676534,False,1e-24,False
HNHN,real,,5,base,328734.33407207637,36978.02838454497,16.51386928423342,65174.273766785154,53359.391765080974,5.043927842577813,0.5673715447427069,0.00030948383663998764,0.9898078960394004,0.9946908756527033,0.9839397918976011,0.9957720090874876,0.9968872885913609,0.9940105636695367,0.9989142761345793,0.987012075645929,False,1e-24,False
HNHN,real,,5,restart,329617.0418945952,37029.60778983373,16.583939911819776,65246.66462762674,53403.01838710663,5.051860409658837,0.5675325781197811,0.0003105431193346876,0.9924656992624533,0.9960783364247808,0.9881147842957352,0.9968780404826013,0.9977023433268614,0.9955738404890412,0.9991977914796545,0.9903903613184304,False,1e-24,False
HNHN,real,,6,base,328070.59861785773,36939.10548605616,16.4614197390611,65119.59822834889,53326.39031061448,5.037970250790596,0.5672502056374059,0.0003086918061240777,0.9878094111676533,0.9936438687225839,0.9808147099635175,0.9949366431123877,0.9962707386387768,0.9928364966813978,0.9987006465198027,0.9844861159965642,False,1e-24,False
HNHN,real,,6,restart,329262.5012140604,37008.84329090678,16.555868052944213,65217.519004364745,53385.4363902246,5.048681799625407,0.5674678193206019,0.0003101195601723274,0.9913981893351709,0.9955197815606504,0.9864421890665498,0.9964327360065506,0.9973738675211978,0.9949474294757146,0.9990837771453001,0.9890395379199007,False,1e-24,False
HNHN,real,,7,base,327411.17159841664,36900.36179059093,16.409441681146756,65065.140909079346,53293.493518709234,5.032051987037638,0.5671295147451493,0.0003079070370079239,0.9858238988464444,0.9926016822661409,0.9777177204810884,0.99410461122182,0.9956561440453797,0.991670180097849,0.9984881581488373,0.9819833145493313,False,1e-24,False
HNHN,real,,7,restart,328944.97514197533,36990.21891244981,16.53077444477945,65191.36760056727,53369.650467457526,5.045836392901704,0.5674097702489054,0.00030974110379192367,0.9904421291346587,0.9950187948903175,0.9849470458526471,0.9960331790280862,0.9970789468853993,0.9943866830833054,0.9989815759563767,0.9878325572206202,False,1e-24,False
HNHN,real,,8,base,326756.0060013189,36861.79545659434,16.35792887463519,65010.89971594253,53260.700449520606,5.026172648418047,0.5670094648383212,0.00030712943571102483,0.9838512175229338,0.9915642667464477,0.9746484519016498,0.9932758814371442,0.9950434872525143,0.9905115345189153,0.9982767982967431,0.9795033728554129,False,1e-24,False
HNHN,real,,8,restart,328660.54714531143,36973.511747332785,16.508337417621423,65167.900171666864,53355.475843489934,5.043288893451313,0.5673577274998314,0.00030940287115133387,0.9895857261132119,0.9945693803210195,0.9836101887265133,0.9956746294428941,0.9968141293530693,0.993884645496,0.9988899494983687,0.9867538588812687,False,1e-24,False
HNHN,real,,9,base,326105.0554466404,36823.40466771215,16.306875178513568,64956.87258366233,53228.01017562805,5.02033183673718,0.5668900487825181,0.0003063589099932226,0.9818912275487477,0.9905315733044636,0.971606538327496,0.9924504222038216,0.9944327509336385,0.9893604814720859,0.9980665544026905,0.9770459967406427,False,1e-24,False
HNHN,real,,9,restart,328405.72513887647,36958.52255400821,16.488271145236414,65146.83912471019,53342.74700105087,5.041007814826003,0.5673110629858609,0.0003091005257924117,0.988818465721121,0.9941661783525885,0.9824145874089276,0.9953528460177872,0.9965763226463916,0.9934351116563246,0.9988077919604627,0.9857896129823178,False,1e-24,False
HNHN,real,,10,base,325458.2741775198,36785.18763240412,16.256274545072543,64903.05747430105,53195.4217818462,5.014529158451247,0.5667712595353392,0.0003055953689349308,0.9799437911515333,0.9895035537486324,0.968591619420188,0.9916282023850064,0.9938239179907938,0.9882169434013975,0.9978574140678292,0.9746108962424472,False,1e-24,False
HNHN,real,,10,restart,328177.3935618617,36945.07315782198,16.470321439741898,65127.93598467975,53331.315625866075,5.038965055472661,0.5672692155715281,0.0003088302106643263,0.9881309671107847,0.9938043961739833,0.9813450967168971,0.995064032401029,0.9963627558826809,0.9930325435705729,0.9987341154076224,0.9849275185396913,False,1e-24,False
HNHN,real,,11,base,324815.6170508622,36747.14258356365,16.20612101839329,64849.452376847024,53162.93436503904,5.008764224612481,0.5666530901451892,0.00030483872291764896,0.9780087724069679,0.9884801605446508,0.9656033403104078,0.9908091912552448,0.993216971551134,0.9870808436566277,0.9976493650531812,0.9721977855477025,False,1e-24,False
HNHN,real,,11,restart,327972.7712276598,36933.00415402613,16.454262079276752,65110.968261790484,53321.04878006815,5.037135523910282,0.5672316836931417,0.00030858849283226203,0.9875148562239473,0.9934797458754573,0.9803882377565825,0.9948047892589951,0.9961709454491037,0.9926719964421584,0.9986680367868708,0.9841566271686374,False,1e-24,False
HNHN,real,,12,base,324177.0395281902,36709.267778143505,16.156408732860076,64796.05530680852,53130.547033937044,5.003036650814867,0.5665355337500959,0.00030408888360475934,0.9760860372112113,0.9874613468054012,0.9626413515093335,0.9899933584942708,0.9926118949635088,0.9859521064826011,0.9974423952775595,0.9698063829314908,False,1e-24,False
HNHN,real,,12,restart,327789.3741857411,36922.1728744583,16.43989159392933,65095.73667080725,53311.82727694843,5.0354968074697455,0.5671980188376357,0.0003083723149935586,0.9869626539700703,0.9931883897532291,0.9795320064204347,0.9945720717912216,0.9959986646389657,0.99234905338992,0.9986087664461556,0.9834671884580286,False,1e-24,False
HNHN,real,,13,base,323542.4976666401,36671.56149678784,16.107131911697824,64742.86430581458,53098.25890895733,4.997346057140426,0.5664185835765433,0.0003033457639226031,0.9741754532537956,0.9864470662810522,0.9597053088215031,0.9891806741809076,0.9920086717951032,0.9848306570086027,0.9972364928155122,0.9674364106967482,False,1e-24,False
HNHN,real,,13,restart,327624.98294595064,36912.45158517274,16.427030446980133,65082.06266002141,53303.54423346323,5.03402887916157,0.5671678197723643,0.00030817895288597845,0.9864676775398059,0.9929268918266396,0.9787657054382147,0.9943631519766147,0.9958439166088983,0.992059767680335,0.9985555979753272,0.982850514135951,False,1e-24,False
HNHN,real,,14,base,322911.94811010256,36634.02204347001,16.05828486553442,64689.87744122192,53066.069122026674,4.99169206810609,0.5663022329383166,0.0003026092780418315,0.9722768899909509,0.9854372733493164,0.9567948732591531,0.9883711087870609,0.991407285828132,0.9837164212379083,0.9970316458952904,0.9650875951147898,False,1e-24,False
HNHN,real,,14,restart,327477.6135090369,36903.725886798704,16.41551855812766,65069.7862131268,53296.103779923804,5.03271383797744,0.567140727432634,0.0003080059778086676,0.9860239531789057,0.9926921748085743,0.9780797968042724,0.9941755849891797,0.9957049102726292,0.9918006115485497,0.9985078992051276,0.982298858540799,False,1e-24,False
HNHN,real,,15,base,322285.34808050207,36596.64774513632,16.009861990987076,64637.09280572845,53033.97681640744,4.986074312611096,0.5661864752353613,0.00030187934135902873,0.9703902186193468,0.984431923005868,0.9539097109579905,0.9875646331718148,0.9908077210565872,0.982609326037418,0.9968278428968388,0.9627596663667003,False,1e-24,False
HNHN,real,,15,restart,327345.4917257876,36895.89329320734,16.405213123362685,65058.763892012066,53289.41990888768,5.031535678561812,0.5671164203864842,0.0003078512235901934,0.9856261389844495,0.9924814818722986,0.9774657718799172,0.9940071792946183,0.995580038795386,0.991568430807395,0.9984651042224841,0.9818053132750768,False,1e-24,False
HNHN,real,,16,base,321662.655369216,36559.436951355565,15.961857769272553,64584.50851699287,53001.98114652627,4.98049242388495,0.5660713039526559,0.0003011558704786017,0.9685153120502569,0.983430970854915,0.9510494930943859,0.9867612185756195,0.9902099616830371,0.9815092991274016,0.9966250723498118,0.9604523584855771,False,1e-24,False
HNHN,real,,16,restart,327227.03057335963,36888.86196729968,16.39598669282888,65048.867092571636,53283.41544749438,5.030480086727412,0.5670946108070231,0.0003077127574336058,0.9852694564846489,0.9922923426447726,0.9769160368672962,0.9938559700015529,0.9954678603945495,0.9913604045494736,0.9984267062794041,0.9813637142238824,False,1e-24,False
HNHN,real,,17,base,321043.8283286294,36522.3880339743,15.914266764840749,64532.12271726039,52970.081277805584,4.9749460394359515,0.5659567126590996,0.00030043878319493554,0.9666520448841293,0.9824343730999261,0.9482138958039595,0.9859608366145726,0.9896139921154793,0.9804162690713532,0.9964233229316135,0.9581654092996202,False,1e-24,False
HNHN,real,,17,restart,327120.8099934118,36882.54959548434,16.38772547359341,65039.9804891429,53278.02113940987,5.029534257748094,0.567075040891827,0.00030758885414892734,0.9849496299321502,0.9921225429306518,0.9764238116839995,0.9937201950946953,0.9953670811880724,0.9911740093380016,0.9983922514889706,0.9809685593766452,False,1e-24,False
HNHN,real,,18,base,320428.82586382277,36485.49938677766,15.867083624031226,64479.93357299451,52938.27638649782,4.969434801000242,0.5658426950064123,0.0002997279984748088,0.9648002933855596,0.9814420865345069,0.9454026001015331,0.9851634592747935,0.9890197969642428,0.9793301652659512,0.9962225834654628,0.9558985603760501,False,1e-24,False
HNHN,real,,18,restart,327025.5589841693,36876.882384769895,16.380327828942054,65032.00064619429,53273.17482420646,5.02868673475613,0.5670574796767835,0.00030747797335140426,0.9846628323838501,0.991970097734563,0.9759830405471142,0.9935982742233777,0.9952765398632375,0.9910069873596431,0.9983613332157936,0.980614936107331,False,1e-24,False
HNHN,real,,19,base,319817.6074243931,36448.76942515562,15.82030307375232,64427.939274514676,52906.56565952225,4.963958354491422,0.5657292447280463,0.0002990234364400658,0.9629599354586639,0.9804540685334232,0.942615291802428,0.9843690589068872,0.9884273610389401,0.9782509179311288,0.9960228429184768,0.9536515569658464,False,1e-24,False
HNHN,real,,19,restart,326940.1396790153,36871.79416841884,16.373702949765146,65024.8347784928,53268.820703447054,5.027927264909437,0.5670417201984852,0.00030737873926136303,0.9844056377620766,0.9918332272036329,0.9755883128109017,0.9934887897586407,0.9951951939652717,0.9908573180792801,0.998333587080122,0.9802984567517375,False,1e-24,False
HNHN,real,,20,base,319210.13299640245,36412.19658577473,15.773919920182426,64376.138035639786,52874.94829430457,4.958516349950692,0.5656163556381136,0.00029832501835054304,0.9611308506228361,0.9794702770437697,0.939851661445084,0.9835776082204976,0.98783666934547,0.9771784581002486,0.9958240903997816,0.9514241479492959,False,1e-24,False
HNHN,real,,20,restart,326863.53317874885,36867.22560784892,16.367769676941226,65018.39964323449,53264.908683998445,5.027246671285314,0.5670275769650561,0.00030728992279035566,0.9841749781959995,0.9917103351590245,0.9752347928013172,0.9933904698665336,0.9951221076287893,0.9907231929940176,0.9983086865049805,0.980015201476269,False,1e-24,False
HNHN,real,,21,base,318606.36309445475,36375.779326255164,15.727929047493044,64324.52809333735,52843.423498618926,4.9531084414975375,0.5655040216303262,0.0002976326665872452,0.9593129199888921,0.9784906705762835,0.9371114042149761,0.9827890802789468,0.987247707083066,0.9761127176103834,0.9956263151586472,0.9492160857823381,False,1e-24,False
HNHN,real,,21,restart,326794.82693425554,36863.123479970425,16.362455456457866,65012.62054957821,53261.39379019297,5.0266367387089685,0.5670148837002938,0.0003072104256398692,0.9839681060312813,0.9915999899256587,0.9749181575593581,0.9933021733751694,0.9950564405954981,0.9906029931333264,0.9982863387445062,0.9797616675652205,False,1e-24,False
HNHN,real,,22,base,318006.2587538979,36339.51612485297,15.68232541659332,64273.107707378345,52811.99049043264,4.947734287280959,0.565392236676947,0.0002969463046357685,0.9575060262355903,0.9775152081967967,0.9343942198698093,0.9820034484939626,0.9866604596413963,0.9750536290927059,0.9954295065826405,0.9470271264436976,False,1e-24,False
HNHN,real,,22,restart,326733.20350175747,36859.440040446585,16.35769541141948,65007.430472726504,53258.235637415826,5.026090111942457,0.5670034913302834,0.00030713926617440576,0.9837825599725167,0.9915009072042307,0.9746345415488472,0.9932228762391179,0.9949974383794905,0.9904952689950646,0.9982662813391818,0.9795347243669216,False,1e-24,False
HNHN,real,,23,base,317409.78152314754,36303.40548014736,15.637104063895547,64221.875159997566,52780.64849775327,4.942393549431197,0.5652809948277558,0.00029626585706996717,0.9557100535865181,0.9765438495178246,0.9316998126659655,0.9812206866204881,0.9860749125977053,0.9740011259629743,0.9952336541958046,0.9448570293827934,False,1e-24,False
HNHN,real,,23,restart,326677.9305147424,36856.13245449283,16.35343151714867,65002.76926118401,53255.39796053418,5.025600204848749,0.5669932661853722,0.00030707556686117825,0.9836161348890534,0.9914119347599882,0.9743804875068003,0.9931516594274191,0.9949444234571148,0.990398722644371,0.9982482789502323,0.9793315732361598,False,1e-24,False
HNHN,real,,24,base,316816.89345613425,36267.445910733295,15.592260100101399,64170.82875555931,52749.396758478266,4.937085894012043,0.565170290209028,0.0002955912495358593,0.9539248877873514,0.9755765546902961,0.9290278912861829,0.9804407687515746,0.985491051714006,0.972955142412135,0.9950387476568602,0.9427055574684111,False,1e-24,False
HNHN,real,,24,restart,326628.35173560685,36853.162287812804,16.349611867349214,64998.58292712369,53252.848191321726,5.025161119309664,0.5669840883936272,0.0003070185430948199,0.9834668548717931,0.9913320387291598,0.9741529027194853,0.9930876980813691,0.9948967873722072,0.990312191734765,0.9982321205311463,0.9791497118937209,False,1e-24,False
HNHN,real,,25,base,316227.55710486695,36231.63595491875,15.54778870900852,64119.96682022868,52718.23452024701,4.931810990973609,0.5650601170225237,0.00029492240873577096,0.9521504160834633,0.9746132843954108,0.9263781687684504,0.9796636693133592,0.9849088629343145,0.9719156133970143,0.9948447767574273,0.9405724769381351,False,1e-24,False
HNHN,real,,25,restart,326583.8790664723,36850.49505112477,16.346190020811527,64994.82301093088,53250.557079680795,5.024767572819565,0.566975850444692,0.00030696749324804457,0.983332949178031,0.9912602913669369,0.9739490200974149,0.993030251805639,0.9948539836595703,0.9902346352389818,0.9982176167992026,0.9789869026957538,False,1e-24,False
HNHN,real,,26,base,315641.7355121159,36195.974170426976,15.503685146337007,64069.28770164777,52687.16104029514,4.926568514105675,0.5649504695444908,0.0002942592624127117,0.9503865271978921,0.9736539998366298,0.9237503624360857,0.9788893630601179,0.9843283323819293,0.970882474631124,0.9946517314202684,0.9384575573485182,False,1e-24,False
HNHN,real,,26,restart,326543.9854129038,36848.099792482266,16.34312441944438,64991.446011996326,53248.49835403636,5.02441483380181,0.5669684559054238,0.00030692178980866095,0.9832128307443561,0.9911958600811,0.9737663635001441,0.9929786559715867,0.9948155215002814,0.9901651207017382,0.9982045979742211,0.9788411443677586,False,1e-24,False
HNHN,real,,27,base,315059.3922042087,36160.45913410372,15.459944738575626,64018.78976861735,52656.17558531134,4.921358140991506,0.5648413421246825,0.00029360173933498207,0.9486331113096513,0.9726986627317998,0.92114419382899,0.9781178250694008,0.9837494463567557,0.9698556625755621,0.9944596016975598,0.9363605715259922,False,1e-24,False
HNHN,real,,27,restart,326508.1983066876,36845.94873224835,16.34037786954249,64988.41287871014,53246.648416781005,5.024098663804266,0.566961818270821,0.00030688087148021735,0.98310507698505,0.9911379976130039,0.9736027168288288,0.9929323139250759,0.9947809600318397,0.9901028128481602,0.9981929117555063,0.9787106468118036,False,1e-24,False
HNHN,real,,28,base,314480.49118394154,36125.08944162879,15.41656288184724,63968.47141078341,52625.27743129639,4.916179552962218,0.564732729185382,0.00029294976928100655,0.9468900600323847,0.9717472353053943,0.9185593886360476,0.9773490307372448,0.983172191332672,0.9688351144300171,0.9942683777691735,0.9342812955184961,False,1e-24,False
HNHN,real,,28,restart,326476.094204686,36844.0169361604,16.33791707917518,64985.68855138575,53244.98607109724,5.023815265826314,0.5669558599356371,0.0003068442361382047,0.983008412626135,0.9910860332431808,0.973456096462624,0.9928906900029908,0.9947499032445232,0.9900469634005473,0.9981824215112698,0.9785938086423068,False,1e-24,False
HNHN,real,,29,base,313904.9969235996,36089.863707232675,15.373535040793257,63918.3310383288,52594.46586342436,4.911032435051624,0.5646246252204441,0.000292303283024392,0.945157266393352,0.9707996802808915,0.9159956766286576,0.976582955773461,0.9825965539549368,0.9678207681238716,0.9940780499409915,0.9322195085478249,False,1e-24,False
HNHN,real,,29,restart,326447.2933902842,36842.282022429376,16.33571224542784,64983.24155252901,53243.49227587915,5.023561238114007,0.5669505112737109,0.00030681143454649746,0.982921694353802,0.9910393649124535,0.9733247266654439,0.9928533032731205,0.9947219954027091,0.9899969019727516,0.9981730046577002,0.9784891971463819,False,1e-24,False
HNHN,real,,30,base,313332.8743580889,36054.78056341742,15.330856747476695,63868.367081669756,52563.74017590626,4.9059164759516065,0.5645170247943471,0.00029166221231920496,0.9434346248127475,0.9698559608732654,0.9134527915953761,0.9758195761969987,0.9820225210376413,0.9668125623074063,0.9938886086432344,0.9301749929626748,False,1e-24,False
HNHN,real,,30,restart,326421.4554122786,36840.72389926521,16.33373668596614,64981.04361947425,53242.14992582651,5.023333532834381,0.5669457098135058,0.0003067820647498502,0.9828438970810595,0.9909974521614973,0.973207017633589,0.9928197219213496,0.9946969169364813,0.9899520279260928,0.9981645512074178,0.978395530400277,False,1e-24,False
HNHN,real,,31,base,312764.0888781748,36019.838660682064,15.288523600303565,63818.577991157275,52533.09967185561,4.900831367967984,0.5644099225412541,0.0002910264898854679,0.9417220310833438,0.9689160407816001,0.9109304712776497,0.9750588683313819,0.9814500795611979,0.9658104363431027,0.9937000444288108,0.9281475341923889,False,1e-24,False
HNHN,real,,31,restart,326398.27500338305,36839.32452961499,16.331966510036324,64979.069374947016,53240.943654096445,5.023129419105337,0.5669413994996143,0.0003067557670679963,0.9827741016584943,0.9909598098024113,0.9731015458930764,0.9927895582183163,0.9946743807546675,0.9899118030836304,0.9981569624692783,0.9783116613044526,False,1e-24,False
HNHN,real,,32,base,312198.60632382706,35985.03666725263,15.246531262962263,63768.96223678323,52502.54366315641,4.895776806976868,0.5643033131640918,0.00029039604939486954,0.9400193823504519,0.9679798841818271,0.9084284573066209,0.9743008088002204,0.9808792166698735,0.9648143302970429,0.9935123479716936,0.9261369207013826,False,1e-24,False
HNHN,real,,32,restart,326377.4784269698,36838.06772024985,16.330380324578357,64977.296031589794,53239.85965517497,5.022946449915304,0.5669375300311112,0.0003067322196254329,0.9827114838744331,0.9909260022452603,0.9730070367890887,0.9927624640049777,0.994654128935636,0.9898757452109972,0.9981501498834788,0.9782365633270816,False,1e-24,False
HNHN,real,,33,base,311636.3929776683,35950.373268816234,15.204875463380635,63719.51830789111,52472.07147033298,4.8907524923815195,0.5641971914336349,0.00028977082545668647,0.9383265770921954,0.9670474557195728,0.905946495140988,0.9735453745227897,0.9803099196693582,0.9638241849304068,0.9933255100653098,0.924142943944246,False,1e-24,False
HNHN,real,,33,restart,326358.82020635536,36836.9389326469,16.328958971622228,64975.70312691067,53238.885525877704,5.0227824325180555,0.5669340562686475,0.0003067111343584615,0.9826553046069333,0.9908956384108902,0.9729223488393541,0.992738126642995,0.994635929756789,0.9898434221820841,0.9981440339776864,0.9781693177696241,False,1e-24,False
HNHN,real,,34,base,311077.4155585257,35915.847168259585,15.163551992700462,63670.24471289142,52441.68242242205,4.885758127069698,0.5640915521876051,0.0002891507536039139,0.9366435151000951,0.9661187205031241,0.9034843340059017,0.9727925427096824,0.9797421760243749,0.9628399416910669,0.9931395216209525,0.922165398321511,False,1e-24,False
HNHN,real,,34,restart,326342.08019595733,36835.925113385754,16.327685293571303,64974.272285491184,53238.01012260846,5.0226354019332335,0.5669309377030337,0.0003066922534476446,0.9826049010051358,0.9908683671686774,0.9728464597491111,0.9927162653816013,0.994619575027797,0.9898144467567693,0.998138543431427,0.9781091023891447,False,1e-24,False
HNHN,real,,35,base,310521.6412150832,35881.45708541165,15.122556704269003,63621.13997898155,52411.37585684688,4.880793417371489,0.5639863903297829,0.00028853577027960115,0.9349700974599563,0.9651936440965063,0.9010417268328788,0.9720422908585284,0.979175973356328,0.9618615427052777,0.9929543736662185,0.9202040811360721,False,1e-24,False
HNHN,real,,35,restart,326327.06095809425,36835.01454202401,16.326543923358035,64972.98700562474,53237.223433201245,5.022503597223319,0.5669281379788679,0.0003066753461296412,0.9825596785908987,0.9908438732444547,0.9727784539080334,0.9926966280977333,0.9946048776962837,0.989788471905803,0.9981336142373841,0.9780551812305558,False,1e-24,False
HNHN,real,,36,base,309969.03751963296,35847.20175679044,15.081885512647384,63572.20265187015,52381.151119293274,4.875858073017616,0.5638817008291265,0.0002879258128233908,0.9333062265330537,0.9642721925126724,0.8986184302007193,0.9712945967497846,0.9786112994409871,0.9608889307694595,0.9927700573434559,0.9182587925502574,False,1e-24,False
HNHN,real,,36,restart,326313.58541313466,36834.19669463251,16.32552109679364,64971.832467855034,53236.51646184536,5.022385440253344,0.5669256244674385,0.00030666020584750603,0.982519104183476,0.9908218735496754,0.9727175112095298,0.9926789883707664,0.9945916696979394,0.9897651866249678,0.9981291889494519,0.9780068955382938,False,1e-24,False
HNHN,real,,37,base,309419.57246192405,35813.07993535381,15.041534392635409,63523.4312955058,52351.007563587686,4.870951807098227,0.5637774787189045,0.0002873208194582567,0.931651805937611,0.963354332206798,0.8962142042774026,0.9705494384425876,0.9780481422062093,0.9599220493420774,0.9925865639082382,0.9163293355435329,False,1e-24,False
HNHN,real,,37,restart,326301.49473418767,36833.46212136364,16.324604484729818,64970.795363150406,53235.88112574986,5.022279516671219,0.5669233678837575,0.0003066466477030604,0.9824826995605029,0.990802113888061,0.9726628970504975,0.9926631428572582,0.9945798000259541,0.9897443121868592,0.9981252160084838,0.9779636556313684,False,1e-24,False
HNHN,real,,38,base,308873.2144431078,35779.090390254336,15.001499378312719,63474.824491809915,52320.9445515772,4.866074336022171,0.5636737190958421,0.00028672072927744005,0.9300067405305694,0.9624400300696899,0.8938288127629563,0.9698067942706745,0.9774864897296975,0.9589608425356146,0.9924038847278602,0.9144155158708384,False,1e-24,False
HNHN,real,,38,restart,326290.6464606285,36832.80233659796,16.323783042913153,64969.86373868671,53235.31016234348,5.022184558874742,0.5669213419431206,0.0003066345061789448,0.9824500357778847,0.9907843660005996,0.9726139533852526,0.9926489089347253,0.9945691329972786,0.9897255987841805,0.9981216491376325,0.9779249336384885,False,1e-24,False
HNHN,real,,39,base,308329.9322697762,35745.23190659802,14.961776562095773,63426.3808404142,52290.96145301148,4.861225379476699,0.5635704171192718,0.0002861254822315781,0.9283709363896392,0.9615292534212938,0.8914620228332695,0.9690666428383706,0.9769263302367943,0.9580052551086323,0.9922220112798434,0.9125171420215387,False,1e-24,False
HNHN,real,,39,restart,326280.912807501,36832.209720367435,16.323046877644657,64969.026859423764,53234.79704593018,5.022099430756271,0.5669195230530826,0.00030662363310151024,0.9824207280794658,0.9907684249138781,0.972570090721172,0.9926361225867254,0.9945595466955411,0.9897088225233643,0.9981184468000416,0.9778902570012726,False,1e-24,False
HNHN,real,,40,base,307789.69514809473,35711.50328520681,14.922362093810591,63378.09895840171,52261.05764542651,4.856404660387698,0.5634675680103011,0.00028553501911602594,0.926744300795632,0.9606219700043066,0.8891136050848437,0.968328963016634,0.9763676520983107,0.9570552324579312,0.9920409351504701,0.9106340251789894,False,1e-24,False
HNHN,real,,40,restart,326272.17915029294,36831.6774298902,16.32238712556277,64968.27508384881,53234.33591283277,5.0220231140383875,0.566917890037173,0.0003066138958188462,0.9823944313347397,0.9907541065604117,0.9725307809558479,0.9926246365043896,0.9945509315725432,0.9896937827317319,0.9981155717124198,0.9778592026635802,False,1e-24,False
HNHN,real,,41,base,307252.4726780255,35677.90334238514,14.883252179780872,63329.97748005256,52231.23251403025,4.851611904880318,0.5633651670509884,0.0002849492815583657,0.9251267422150679,0.9597181479778966,0.8867833334804611,0.9675937339391691,0.9758104438283889,0.9561107206107939,0.991860648033333,0.9087659791807019,False,1e-24,False
HNHN,real,,41,restart,326264.34266675054,36831.19932017324,16.321795846050424,64967.59975243026,53233.92149415666,5.021954696033632,0.5669164238870544,0.0003066051755710318,0.9823708359493981,0.9907412456428939,0.9724955509664179,0.9926143183821524,0.9945431891921166,0.9896802995452957,0.9981129904086905,0.977831391873883,False,1e-24,False
HNHN,real,,42,base,306718.2348476397,35644.430909689836,14.844443081931246,63282.01505659324,52201.48545159016,4.8468468422401045,0.5632632095835278,0.0002843682120061021,0.9235181702830503,0.9588177559115139,0.8844709852957536,0.966860934998598,0.975254694082402,0.9551716662173236,0.9916811417278993,0.9069128204791006,False,1e-24,False
HNHN,real,,42,restart,326257.3111193499,36830.76987274869,16.321265924928756,64966.99308747589,53233.549055394986,5.021893358679157,0.5669151075401826,0.00030659736603217644,0.9823496641993946,0.9907296937172388,0.9724639768713829,0.9926050493877234,0.9945362311017972,0.9896682117478096,0.9981106728485399,0.9778064855355129,False,1e-24,False
HNHN,real,,43,base,306186.95202752005,35611.08483370403,14.80593111690542,63234.21035595016,52171.81585832232,4.842109204874553,0.5631616910094478,0.0002837917537145415,0.9219184957864119,0.9579207627788089,0.8821763410666597,0.966130545842694,0.9747003916548818,0.9542380165428693,0.991502408138101,0.9050743681028675,False,1e-24,False
HNHN,real,,43,restart,326251.0017637683,36830.384131706385,16.320790988244063,64966.44810322457,53233.214342177016,5.0218383687128965,0.5669139256803286,0.0003065903720060165,0.9823306669443886,0.9907193174718869,0.9724356788938067,0.9925967227884153,0.9945299778192676,0.9896573748347798,0.9981085920662176,0.9777841800466311,False,1e-24,False
HNHN,real,,44,base,305658.59496524837,35577.86397581445,14.767712655198956,63186.56206250681,52142.22314178251,4.837398728275136,0.563060606788819,0.0002832198507348514,0.9203276306471168,0.9570271379516417,0.879899184537753,0.9654025463706714,0.9741475254774841,0.9533097194605411,0.9913244392709385,0.9032504436188608,False,1e-24,False
HNHN,real,,44,restart,326245.34037024045,36830.037646272285,16.320365325082513,64965.95852512225,53232.91353153275,5.0217890688718425,0.5669128645586005,0.00030658410825879504,0.9823136206810822,0.9907099971831939,0.9724103167624136,0.9925892427177927,0.9945243579218582,0.9896476592789026,0.9981067238554255,0.9777642035780262,False,1e-24,False
HNHN,real,,45,base,305133.13477997965,35544.76721199239,14.729784120306428,63139.068876865014,52112.70671675892,4.832715150979752,0.5629599524394706,0.00028265244790229787,0.9187454879059229,0.95613685119419,0.8776393026114278,0.9646769167295384,0.9735960846169844,0.9523867234438108,0.9911472272351027,0.9014408710946016,False,1e-24,False
HNHN,real,,45,restart,326240.2603460715,36829.726419260405,16.31998381846099,64965.51871734069,53232.6431881115,5.021744870005802,0.56691191183285,0.0003065784984748935,0.9822983249011367,0.9907016253288117,0.9723875855938833,0.99258252306826,0.9945193072286009,0.989638948975917,0.9981050464865793,0.9777463127423925,False,1e-24,False
HNHN,real,,46,base,304610.54295710055,35511.793432577964,14.692141987882692,63091.72951560979,52083.266005166566,4.82805821453564,0.5628597235362179,0.00028208949082465866,0.9171719817062999,0.9552498726571456,0.8753964852979255,0.9639536373105039,0.973046058273305,0.951468977559203,0.9909707642396139,0.8996454770613208,False,1e-24,False
HNHN,real,,46,restart,326235.70194879867,36829.44686079519,16.319641883444202,64965.12361769503,53232.400224849574,5.021705244010948,0.5669110564235682,0.00030657347432224146,0.9822845997220292,0.9906941053428442,0.9723672122057045,0.9925764864966927,0.9945147680654023,0.989631139852014,0.9981035404530967,0.9777302896137171,False,1e-24,False
HNHN,real,,47,base,304090.79134296835,35478.941542068125,14.654782784918053,63044.54271107786,52053.90043594338,4.823427663462694,0.5627599157101023,0.0002815309258708091,0.9156070272785872,0.9543661728720122,0.8731705256661884,0.9632326887454411,0.9724974357775742,0.9505564314590654,0.990795042592484,0.8978640904775574,False,1e-24,False
HNHN,real,,47,restart,326231.61158059974,36829.19574676361,16.319335411728115,64964.76867920262,53232.18186763394,5.021669717497775,0.5669102883845695,0.00030656897461590893,0.9822722837625404,0.9906873504982276,0.9723489518143111,0.9925710635315369,0.9945106886048717,0.989624138615976,0.9981021882437242,0.9777159390597907,False,1e-24,False
HNHN,real,,48,base,303573.85213973525,35446.21045890768,14.617703088927119,62997.50721113,52024.60944494796,4.818823245217261,0.5626605246476366,0.0002809767001594786,0.9140505409244108,0.9534857227454842,0.8709612197955298,0.9625140519034087,0.971950206590215,0.949649035374435,0.990620054699388,0.8960965426932993,False,1e-24,False
HNHN,real,,48,restart,326227.9411555291,36828.970181512384,16.319060722011,64964.449817603876,53231.98562355504,5.021637866116875,0.5669095987869442,0.0003065649445695268,0.982261232237524,0.9906812829033055,0.9723325850780579,0.9925661917710024,0.9945070222732055,0.9896178616409538,0.9981009741382249,0.9777030863548232,False,1e-24,False
HNHN,real,,49,base,303059.6979002481,35413.59911528387,14.58089952715102,62950.62177892671,51995.3924748589,4.814244710156303,0.562561546090064,0.0002804267615481748,0.9125024400013265,0.952608493553921,0.8687683667281,0.9617977078872242,0.971404360299066,0.9487467401079751,0.9904457930623591,0.8943426674146617,False,1e-24,False
HNHN,real,,49,restart,326224.6475320356,36828.76756435516,16.3188145155447,64964.16336423549,53231.809252383566,5.021609309474013,0.5669089796149116,0.0003065613351252756,0.9822513152492373,0.9906758326008869,0.9723179154488485,0.9925618151630301,0.9945037272173006,0.989612233962376,0.9980998840240157,0.9776915750426298,False,1e-24,False
HNHN,real,,50,base,302548.3015230308,35381.10645692408,14.544368775772876,62903.88519270756,51966.24897507572,4.809691811502053,0.5624629758326247,0.0002798810586222744,0.9109626429077116,0.9517344569379046,0.8665917684221419,0.9610836380300921,0.970859886617529,0.9478494970270098,0.9902722502784977,0.8926023006690939,False,1e-24,False
HNHN,real,,50,restart,326221.6920040088,36828.58555949965,16.318593836323394,64963.90602370908,53231.650740943194,5.02158370657318,0.5669084236723507,0.0003065581023541681,0.9822424162548984,0.9906709367593016,0.9723047668000763,0.9925578833586818,0.9945007658259734,0.9896071883799087,0.9980989052316073,0.9776812650240018,False,1e-24,False
HNHN,real,,51,base,302039.6362473416,35348.731442896875,14.508107559146167,62857.296245573976,51937.17840162147,4.805164305307029,0.562364809723834,0.00027933954068427456,0.909431069067883,0.9508635848968888,0.8644312297060155,0.9603718238922855,0.9703167753827497,0.9469572580566297,0.9900994190387002,0.8908752807711,False,1e-24,False
HNHN,real,,51,restart,326219.0398442989,36828.42206904483,16.31839603542408,64963.67483590419,53231.50828008477,5.021560751732657,0.5669079244989149,0.00030655520691922977,0.9822344306922409,0.9906665389460387,0.9722929813019378,0.9925543511314447,0.9944981042997791,0.989602664652631,0.9980980263869138,0.977672030844668,False,1e-24,False
HNHN,real,,52,base,301533.6756483079,35316.47304541597,14.472112649035907,62810.85374527541,51908.18021704661,4.800661950419501,0.5622670436647655,0.0002788021577432082,0.9079076389174486,0.9499958497839253,0.8622865582329843,0.9596622472578785,0.9697750165538227,0.9460699756728863,0.9899272921263977,0.8891614482884828,False,1e-24,False
HNHN,real,,52,restart,326216.6598952853,36828.27520873382,16.318218739064463,64963.467141835245,53231.38024399765,5.021540170924898,0.566907476294736,0.0003065526135949574,0.9822272647467291,0.9906625884755098,0.9722824175182367,0.9925511778557279,0.9944957122644972,0.9895986087777336,0.9980972372786883,0.977663760162746,False,1e-24,False
HNHN,real,,53,base,301030.3936321352,35284.33024964762,14.436380863872321,62764.556513998825,51879.253890334694,4.796184508449355,0.5621696736083509,0.00027826886050421544,0.9063922738888808,0.9491312243004825,0.8601575644367481,0.9589548901315308,0.9692346002100288,0.9451876028960648,0.9897558624163217,0.8874606460090836,False,1e-24,False
HNHN,real,,53,restart,326214.5242016354,36828.143286181185,16.318059819989426,64963.28055299674,53231.26517162037,5.021521718496206,0.5669070738528508,0.00030655029083714527,0.9822208342458074,0.990659039823374,0.9722729487015149,0.992548327038498,0.994493562423834,0.9895949723440619,0.9980965287395516,0.97765635237682,False,1e-24,False
HNHN,real,,54,base,300529.7644313907,35252.302053520725,14.400909068016851,62718.4033881615,51850.39889680933,4.791731743734369,0.5620726955586822,0.00027773960035827274,0.904884896397316,0.9482696814913383,0.8580440614877095,0.9582497347353212,0.9686955165490969,0.9443100932840381,0.9895851228732774,0.8857727189080272,False,1e-24,False
HNHN,real,,54,restart,326212.6076808936,36828.0247813211,16.3179173718383,64963.11292383194,53231.1617499377,5.021505174226672,0.566906712498542,0.00030654821039778255,0.9822150636670558,0.9906558521006048,0.9722644612657866,0.9925457658986409,0.9944916302473716,0.9895917119527163,0.9980958925391972,0.977649717397766,False,1e-24,False
HNHN,real,,55,base,300031.7626003587,35220.38746754011,14.365694171040191,62672.39321820712,51821.614718042736,4.787303423306893,0.5619761055703253,0.0002772143293720735,0.9033854298265699,0.9474111947395562,0.8559458652499573,0.9575467635056321,0.9681577558854955,0.9434374009257004,0.9894150665509337,0.8840975141154481,False,1e-24,False
HNHN,real,,55,restart,326210.8878279982,36827.91832885005,16.317789686181513,64962.96232700629,53231.068798972185,5.0214903406950455,0.5669063880348943,0.0003065463469802918,0.9822098852484987,0.9906529885812049,0.9722568534183219,0.9925434649891719,0.994489893690171,0.9895887886977466,0.9980953212885367,0.9776437745492306,False,1e-24,False
HNHN,real,,56,base,299536.36301046726,35188.58551460281,14.330733127012376,62626.5248684049,51792.900841765644,4.782899316860921,0.5618798997476461,0.0002766930002780635,0.9018937985153673,0.9465557377615447,0.8538627942389682,0.9568459590900811,0.9676213086487496,0.9425694804344779,0.9892456865906378,0.8824348808847117,False,1e-24,False
HNHN,real,,56,restart,326209.34445022343,36827.82270245988,16.31767523194809,64962.82703119932,53230.98525829817,5.0214770409169045,0.5669060966939261,0.00030654467793087356,0.9822052381905261,0.9906504162780853,0.9722500339338827,0.9925413978579292,0.9944883329408212,0.9895861677007023,0.9980948083536617,0.9776384515832607,False,1e-24,False
HNHN,real,,57,base,299043.5408457862,35156.89522981703,14.296022933804391,62580.797216652034,51764.25676177863,4.778519196719568,0.5617840742441387,0.0002761755664646227,0.9004099277437869,0.9457032846021863,0.8517946695799945,0.9561473043445025,0.9670861653817843,0.9417062869419196,0.9890769762202319,0.8807846705611021,False,1e-24,False
HNHN,real,,57,restart,326207.9594294105,36827.73680067867,16.31757263699438,64962.70548115846,53230.91017492382,5.021465116227689,0.5669058350927217,0.00030654318296216766,0.9822010679399781,0.9906481055621897,0.972243921056539,0.9925395407428222,0.994486930195044,0.9895838176934424,0.9980943477786115,0.9776336837989994,False,1e-24,False
HNHN,real,,58,base,298553.2715985929,35125.315660324246,14.261560632401405,62535.209154279066,51735.68197786492,4.774162837802933,0.5616886252617697,0.0002756619819663961,0.8989337437199093,0.9448538096300527,0.8497413149671454,0.955450782329973,0.9665523167392954,0.9408477760913643,0.9889089287528987,0.879146736550985,False,1e-24,False
HNHN,real,,58,restart,326206.71650867077,36827.659634155,16.31748067159074,64962.59627978403,53230.84269240205,5.021454424385196,0.5669056001940542,0.000306541843905842,0.9821973255479161,0.9906460298204492,0.9722384415157626,0.9925378722981166,0.9944856694522596,0.9895817106441912,0.9980939342160446,0.9776294132536366,False,1e-24,False
HNHN,real,,59,base,298065.53106500633,35093.84586512376,14.22734330622726,62489.75958585838,51707.17599570446,4.769830017596346,0.5615935490503248,0.0002751522014547688,0.8974651735666724,0.9440072875326857,0.8477025566231379,0.9547563763098865,0.9660197534861443,0.9399939040316826,0.9887415375860115,0.8775209342914296,False,1e-24,False
HNHN,real,,59,restart,326205.60110104125,36827.59031423854,16.317398233626292,64962.49817203824,53230.782041045866,5.021444837868777,0.5669053892710397,0.00030654064449107786,0.9821939670934907,0.9906441651486045,0.9722335296448869,0.9925363733485851,0.9944845363327839,0.9895798214223612,0.9980935628650096,0.9776255880559502,False,1e-24,False
HNHN,real,,60,base,297580.2953406889,35062.48491490039,14.193368080480052,62444.447429015614,51678.738326789375,4.76552051611901,0.561498841906769,0.00027464618022848386,0.8960041453089289,0.9431636933119614,0.8456782232597088,0.954064069747072,0.9654884664957785,0.939144627411097,0.9885747962000072,0.8759071212202889,False,1e-24,False
HNHN,real,,60,restart,326204.60011782957,36827.5280427245,16.317324335352478,64962.41003049248,53230.727529135685,5.0214362423548256,0.5669051998754073,0.0003065395701462325,0.9821909531670948,0.9906424900753371,0.972229126591253,0.9925350266686908,0.9944835179135603,0.9895781274981152,0.998093229415081,0.977622161733764,False,1e-24,False
HNHN,real,,61,base,297097.5408166124,35031.23189185463,14.159632121478667,62399.27161424405,51650.36848834074,4.761234115893,0.5614045001746136,0.0002741438742044015,0.8945505878606982,0.9423230022795217,0.8436681460386798,0.9533738463009587,0.9649584467486767,0.9382999033710735,0.9884086981572723,0.8743051567467267,False,1e-24,False
HNHN,real,,61,restart,326203.7018146168,36827.47210264327,16.317258091505376,64962.33084234598,53230.67853501846,5.021428535350204,0.5669050298090154,0.000306538607821256,0.9821882484066823,0.990640985314515,0.9722251796085073,0.9925338167842506,0.9944826025805501,0.9895766086730553,0.998092929996211,0.9776190926675963,False,1e-24,False
HNHN,real,,62,base,296617.24417489127,35000.08588953549,14.12613263602003,62354.231084721854,51622.0660032267,4.756970601912673,0.5613105202432891,0.00027364523990839614,0.8931044310126198,0.9414851900522789,0.8416721585336606,0.9526856898247827,0.9644296853308189,0.937459689540292,0.9882432371010383,0.8727149022221875,False,1e-24,False
HNHN,real,,62,restart,326202.8956531047,36827.42184998865,16.317198708662854,64962.25969776561,53230.63450000762,5.021421624967343,0.5669048770982844,0.00030653774582868295,0.9821858210817958,0.990639633542687,0.9722216414224706,0.9925327297942829,0.9944817798960872,0.9895752468388306,0.9980926611337158,0.9776163435835472,False,1e-24,False
HNHN,real,,63,base,296139.38238467555,34969.04601267601,14.092866870746919,62309.324796132154,51593.830399881765,4.752729761614402,0.5612168985475302,0.00027315023446639107,0.8916656054195884,0.9406502325479893,0.8396900966923821,0.9519995843628387,0.9639021734321789,0.9366239440286824,0.9880784067542998,0.8711362209118036,False,1e-24,False
HNHN,real,,63,restart,326202.17217716994,36827.3767062887,16.317145475708255,64962.19577941269,53230.59492200288,5.021415428826182,0.5669047399712395,0.0003065369737012569,0.9821836427203695,0.9906384191992406,0.9722184696629411,0.9925317532109927,0.9944810404796783,0.9895740257607422,0.9980924197078563,0.9776138810992322,False,1e-24,False
HNHN,real,,64,base,295663.9326981111,34938.111377031426,14.059832111526136,62264.55171648595,51565.66121222752,4.748511384846723,0.5611236315667678,0.0002726588155955265,0.890234042588589,0.9398181059809014,0.8377217987996456,0.9513155141477739,0.9633759023452427,0.9357926254215415,0.9879142009187432,0.8695689779662282,False,1e-24,False
HNHN,real,,64,restart,326201.52290166775,36827.336151933836,16.31709775528522,64962.13835303554,53230.55934975693,5.021409873069936,0.5669046168369083,0.00030653628206444406,0.9821816877739213,0.990637328306932,0.9722156263545498,0.9925308758160385,0.9944803759008921,0.9895729308837792,0.9980922029175671,0.9776116753171997,False,1e-24,False
HNHN,real,,65,base,295190.8726463581,34907.2811092197,14.027025682836934,62219.91082594766,51537.5579795944,4.744315263840819,0.5610307158245277,0.0002721709415954622,0.888809674866709,0.9389887868574657,0.8357671054408834,0.9506334635979231,0.9628508634635473,0.9349656927737159,0.9877506134736883,0.8680130403938978,False,1e-24,False
HNHN,real,,65,restart,326200.940212667,36827.29972018427,16.31705497614059,64962.08675901938,53230.527377723076,5.021404891482755,0.5669045062668211,0.0003065356625222778,0.9821799333171637,0.9906363483106895,0.9722130774605298,0.9925300875314262,0.9944797785830989,0.9895719491587355,0.9980920082478844,0.9776096994608638,False,1e-24,False
HNHN,real,,66,base,294720.18003567104,34876.55434656472,13.994444947169349,62175.40111666355,51509.5202466448,4.7401411931813575,0.5609381478878389,0.000271686571339808,0.8873924354293362,0.9381622519721167,0.8338258594663109,0.9499534173146865,0.9623270482802442,0.9341431056038552,0.9875876383750469,0.8664682770337017,False,1e-24,False
HNHN,real,,66,restart,326200.41727794596,36827.26699178801,16.317016626262966,64962.04040479611,53230.49864142532,5.021400424698833,0.5669044069784033,0.00030653510755513855,0.9821783587785095,0.9906354679328392,0.9722107924738946,0.9925293793035418,0.9944792417169728,0.989571068886348,0.9980918334407074,0.9776079295485027,False,1e-24,False
HNHN,real,,67,base,294251.83294353954,34845.93023694181,13.96208730443253,62131.02159259257,51481.54756329738,4.735988969777716,0.5608459243666489,0.00027120566426768584,0.8859822582685374,0.9373384784031171,0.8318979059556725,0.9492753600799464,0.9618044483866847,0.9333248238887412,0.987425269654293,0.8649345585280717,False,1e-24,False
HNHN,real,,67,restart,326199.94796668726,36827.237590147044,16.316982246734174,64961.99875802635,53230.47281329755,5.021396419493385,0.5669043178200682,0.000306534610428221,0.9821769456982758,0.9906346770430791,0.9722087440510918,0.9925287429989816,0.9944787591827569,0.9895702795775694,0.998091676468553,0.97760634410134,False,1e-24,False
HNHN,real,,68,base,293785.80971488665,34815.40793862574,13.92995019137265,62086.77126934003,51453.63948465247,4.731858392835533,0.560754041913248,0.00027072818037541656,0.8845790781816126,0.9365174435084708,0.8299830921835593,0.9485992768535245,0.9612830554710269,0.9325108080576818,0.987263501417449,0.8634117572964699,False,1e-24,False
HNHN,real,,68,restart,326199.5267774301,36827.21117697582,16.316951426219322,64961.96134047514,53230.449598944506,5.021392828147086,0.5669042377578322,0.00030653416510956666,0.9821756775117517,0.9906339665416932,0.9722069076837059,0.9925281713109829,0.9944783254804095,0.9895695718283171,0.9980915355109894,0.9776049238821319,False,1e-24,False
HNHN,real,,69,base,293322.0889583243,34784.986620141186,13.898031081000402,62042.64917399375,51425.79557091872,4.727749263828588,0.5606624972217,0.00027025408020833297,0.8831828307598202,0.9356991249218972,0.828081267585298,0.9479251527706796,0.9607628613168654,0.9317010189869688,0.9871023278440844,0.8618997475092783,False,1e-24,False
HNHN,real,,69,restart,326199.1487734262,36827.18744840179,16.31692379602934,64961.92772251071,53230.428733781606,5.021389607876294,0.5669041658632981,0.0003065337661966667,0.9821745393545561,0.9906333282546587,0.9722052614042717,0.992527657675371,0.9944779356668269,0.9895689372071876,0.9980914089334809,0.9776036516610892,False,1e-24,False
HNHN,real,,70,base,292860.64954246866,34754.665460115204,13.866327482027838,61998.654344962655,51398.015387340805,4.723661386471099,0.5605712870272804,0.0002697833248527156,0.8817934523772823,0.9348835005488667,0.8261922837233964,0.9472529731396412,0.9602438578018799,0.9308954179944191,0.9869417431863253,0.8603984050620802,False,1e-24,False
HNHN,real,,70,restart,326198.8095246423,36827.16613146321,16.316899025696188,64961.89751816284,53230.40998001536,5.02138672032232,0.5669041013028694,0.000306533408850733,0.9821735178880093,0.990632754839438,0.9722037855226338,0.9925271961950596,0.9944775852994302,0.9895683681548055,0.9980912952683977,0.977602512006251,False,1e-24,False
HNHN,real,,71,base,292401.47059230704,34724.44364713252,13.83483693831439,61954.78583181802,51370.29850412836,4.71959456669026,0.5604804081059245,0.0002693158759278488,0.8804108801800461,0.934070548562705,0.8243159942545356,0.9465827234391838,0.9597260368965086,0.9300939668339624,0.9867817417678838,0.8589076075503255,False,1e-24,False
HNHN,real,,71,restart,326198.50505571946,36827.14698096333,16.31687681900758,64961.8703806839,53230.39312392965,5.021384131093508,0.5669040433280643,0.0003065330887378389,0.982172601142441,0.9906322397003587,0.9722024623896846,0.9925267815722281,0.9944772703854662,0.9895678578935823,0.9980911931979626,0.9776014910957715,False,1e-24,False
HNHN,real,,72,base,291944.5314856237,34694.32037959251,13.803557028321991,61911.042695137054,51342.64449638593,4.715548612599204,0.5603898572736791,0.0002688516955781979,0.8790350520753212,0.9332602474007475,0.8224522548971045,0.9459143893162374,0.9592093906626384,0.9292966276903128,0.9866223179830925,0.8574272342443814,False,1e-24,False
HNHN,real,,72,restart,326198.2317992842,36827.12977664501,16.31685691045341,64961.84599856142,53230.37797344706,5.0213818093548,0.5669039912668207,0.00030653280197620906,0.982171778376611,0.9906317769126115,0.9722012761856335,0.9925264090474006,0.9944769873364468,0.9895674003468303,0.9980911015389431,0.9776005765498148,False,1e-24,False
HNHN,real,,73,base,291489.8118494775,34664.29486556889,13.772485364579046,61867.424006348876,51315.05294404404,4.7115233344702485,0.5602996313861656,0.0002683907464657029,0.8776659067208754,0.9324525757605646,0.8206009233992626,0.9452479565835339,0.9586939112523176,0.9285033631736965,0.9864634662959586,0.8559571660649563,False,1e-24,False
HNHN,real,,73,restart,326197.9865540535,36827.11432065301,16.316839062041197,64961.824091936156,53230.3643559373,5.021379727459733,0.5669039445156903,0.0003065325450890178,0.9821710399515647,0.9906313611539871,0.9722002127302617,0.9925260743447183,0.9944767329272054,0.9895669900662407,0.9980910192289082,0.9775997572800184,False,1e-24,False
HNHN,real,,74,base,291037.291556734,34634.36632267127,13.741619593153166,61823.92884758297,51287.5234317913,4.707518544708474,0.5602097273380469,0.0002679329917621881,0.8763033835145911,0.9316475125962373,0.8187618595075231,0.9445834112172918,0.958179590906488,0.9277141363146452,0.986305181239226,0.8544972855588915,False,1e-24,False
HNHN,real,,74,restart,326197.7664472466,36827.100435254564,16.316823060441962,64961.8044093845,53230.3521162476,5.021377860620563,0.5669039025328313,0.00030653231496211627,0.9821703772174574,0.990630987643561,0.9721992593128674,0.9925257736227789,0.994476504259099,0.9895666221668746,0.9980909453138916,0.9775990233546761,False,1e-24,False
HNHN,real,,75,base,290586.9507226489,34604.533977909,13.710957393132514,61780.55631151979,51260.05554900765,4.703534057825653,0.5601201420625042,0.00026747839514188636,0.8749474225841801,0.9308450371146956,0.8169349249358508,0.943920739354934,0.9576664219537366,0.9269289105588574,0.9861474574134538,0.8530474768753201,False,1e-24,False
HNHN,real,,75,restart,326197.5689008575,36827.08796079195,16.316808714432508,64961.78672502809,53230.34111493276,5.021376186612523,0.5669038648317138,0.00030653210880617743,0.9821697824120006,0.9906306520866185,0.9721984045398694,0.9925255034304761,0.9944762987269412,0.9895662922688809,0.9980908789373085,0.9775983658780101,False,1e-24,False
HNHN,real,,76,base,290138.7697015048,34574.79706755714,13.680496476115596,61737.30550124385,51232.6488896985,4.699569690414481,0.5600308725307188,0.0002670269207740764,0.8735979647770556,0.9300451287721119,0.8151199833352624,0.9432599272928427,0.9571543968090662,0.9261476497621212,0.9859902894861045,0.8516076257421852,False,1e-24,False
HNHN,real,,76,restart,326197.39160139236,36827.07675384363,16.316795852603075,64961.770835937255,53230.3312266644,5.021374685508695,0.5669038309754736,0.0003065319241227939,0.9821692485693428,0.9906303506251906,0.972197638198223,0.9925252606673276,0.9944761139892838,0.9895659964452473,0.9980908193300159,0.9775977768820492,False,1e-24,False
HNHN,real,,77,base,289692.7290832959,34545.15483702439,13.650234585709327,61694.1755300989,51205.30305243001,4.695625261123115,0.5599419157513622,0.0002665785333158289,0.8722549516503506,0.9292477672703492,0.8133169002639193,0.942600961484147,0.9566435079726855,0.9253703181852957,0.985833672190645,0.8501776194431057,False,1e-24,False
HNHN,real,,77,restart,326197.23247271514,36827.066685572405,16.316784321302904,64961.75655979874,53230.32233880139,5.021373339442312,0.5669038005718375,0.0003065317586741166,0.9821687694383094,0.9906300797936196,0.9721969511330117,0.992525042547841,0.9944759479417078,0.9895657311749569,0.9980907658013778,0.9775972492298004,False,1e-24,False
HNHN,real,,78,base,289248.8096904668,34515.606540723245,13.620169497035343,61651.16552154548,51178.0176402653,4.691700590630065,0.5598532687700922,0.00026613319790486393,0.8709183254610979,0.9284529325534686,0.8115255431577136,0.9419438285365461,0.9561337480288179,0.9245968804893631,0.985677600325661,0.8487573467945975,False,1e-24,False
HNHN,real,,78,restart,326197.08965168364,36827.05764024183,16.31677398279902,64961.74373282026,53230.314350105175,5.021372132393682,0.5669037732685722,0.0003065316104556647,0.9821683394090425,0.9906298364786518,0.9721963351377422,0.9925248465694987,0.9944757986928232,0.9895654933009971,0.998090717731252,0.9775967765285328,False,1e-24,False
HNHN,real,,79,base,288806.99257469614,34486.151441942005,13.590299016244249,61608.27460902044,51150.792260701695,4.687795501619358,0.5597649286690571,0.0002656908801525143,0.8695880291565468,0.9276606048042857,0.8097457813013248,0.9412885152101639,0.9556251096445288,0.9238273017305344,0.9855220687539832,0.8473466981236315,False,1e-24,False
HNHN,real,,79,restart,326196.96146628616,36827.04951388337,16.31676471362598,64961.73220784829,53230.30716958509,5.02137104999914,0.5669037487493929,0.0003065314776719738,0.9821679534471717,0.9906296178835843,0.9721957828560185,0.9925246704840001,0.9944756645426959,0.9895652799927098,0.9980906745627877,0.9775963530521153,False,1e-24,False
HNHN,real,,80,base,288367.259013731,34456.78881271887,13.560620980037882,61565.50193579884,51123.62652560886,4.683909818756021,0.5596768925664047,0.0002652515461367963,0.8682640063646305,0.9268707644409842,0.8079774857997549,0.9406350084154381,0.9551175855685702,0.9230615473554177,0.9853670724018228,0.8459455652455352,False,1e-24,False
HNHN,real,,80,restart,326196.84641602496,36827.04221309957,16.3167564031069,64961.72185267723,53230.30071546078,5.021370079379778,0.5669037267302951,0.00030653135871478723,0.9821676070347494,0.9906294214960712,0.9721952876934208,0.9925245122714279,0.9944755439634637,0.9895650887120395,0.9980906357959667,0.9775959736714638,False,1e-24,False
HNHN,real,,81,base,287929.5905082693,34427.517933717885,13.531133255199189,61522.84665485781,51096.52005116795,4.680043368661885,0.5595891576157994,0.0002648151623955827,0.8669462013845802,0.9260833921137785,0.8062205295503181,0.9399832952110404,0.9546111686302431,0.92229958319625,0.9852126062579216,0.8445538414422193,False,1e-24,False
HNHN,real,,81,restart,326196.7431543127,36827.0356539887,16.316748952027925,64961.71254853039,53230.294914229555,5.02136920898789,0.5669037069562574,0.00030653125214352554,0.9821672961172468,0.9906292450591971,0.9721948437385263,0.9925243701170401,0.9944754355819123,0.989564917183271,0.9980906009817981,0.9775956337922528,False,1e-24,False
HNHN,real,,82,base,287493.96877888707,34398.33809410698,13.50183373812992,61480.307928742535,51069.472457811724,4.676195979891658,0.5595017210059464,0.0002643816959198811,0.8656345591776717,0.9252984687016339,0.8044747872150944,0.9393333628018294,0.9541058517382793,0.9215413754661818,0.9850586653727147,0.8431714214407416,False,1e-24,False
HNHN,real,,82,restart,326196.650472679,36827.02976117898,16.316742271450074,64961.704188695425,53230.28969982841,5.021368428469329,0.5669036891982828,0.0003065311566677923,0.9821670170560008,0.9906290865454982,0.9721944456921164,0.9925242423904207,0.9944753381638188,0.989564763365905,0.9980905697171102,0.9775953292991244,False,1e-24,False
HNHN,real,,83,base,287060.3757630141,34369.24859143761,13.472720354395639,61437.884929434236,51042.48337016547,4.672367482909336,0.5594145799601195,0.00026395111414721046,0.8643290253581208,0.9245159753090281,0.8027401351938208,0.9386851985368327,0.9536016278797376,0.920786890754628,0.9849052448574978,0.8417982013921828,False,1e-24,False
HNHN,real,,83,restart,326196.5672865956,36827.02446696104,16.316736281644452,64961.6966772985,53230.28501288068,5.021367728540073,0.566903673250742,0.0003065310711317086,0.9821667665855337,0.9906289441336252,0.972194088803734,0.9925241276267514,0.9944752505998781,0.9895646254303326,0.9980905416398717,0.9775950565057261,False,1e-24,False
HNHN,real,,84,base,286628.79361195257,34340.24873152657,13.443791058278268,61395.57683822029,51015.55241698895,4.668557710064856,0.559327731735699,0.00026352338495508055,0.8630295461841059,0.9237358932627723,0.8010164515972304,0.9380387899072633,0.953098490118919,0.9200360960226678,0.9847523398836153,0.8404340788508509,False,1e-24,False
HNHN,real,,84,restart,326196.49262275855,36827.01971050861,16.316730911137824,64961.68992820303,53230.28080001919,5.02136710087557,0.5669036589289869,0.00030653099449988143,0.9821665417752605,0.9906288161873815,0.9721937688148155,0.992524024509985,0.9944751718930576,0.9895645017360281,0.9980905164249912,0.9775948121099617,False,1e-24,False
HNHN,real,,85,base,286199.2046879427,34311.33782833937,13.415043832335796,61353.382845566106,50988.67923111913,4.664766495571088,0.5592411736237131,0.00026309847665456686,0.8617360685489319,0.9229582041088745,0.799303616220819,0.9373941245445617,0.9525964315962973,0.91928895859851,0.9845999456816515,0.8390789527537905,False,1e-24,False
HNHN,real,,85,restart,326196.4256076766,36827.01543717861,16.31672609585718,64961.68386402036,53230.277013277795,5.0213665380115495,0.5669036460672103,0.0003065309258448369,0.9821663399951288,0.9906287012368948,0.9721934819077221,0.9925239318577311,0.9944751011472295,0.9895643908120022,0.9980904937805489,0.977594593153913,False,1e-24,False
HNHN,real,,86,base,285771.5915612708,34282.5152038756,13.386476686969141,61311.30215098922,50961.86344941394,4.660993675481088,0.5591549029483868,0.0002626763579839835,0.8604485399723242,0.9221828896094552,0.7976015105190372,0.9367511902184722,0.9520954455274673,0.9185454461730095,0.9844480575406375,0.8377327234006045,False,1e-24,False
HNHN,real,,86,restart,326196.36545743013,36827.0115978823,16.316721778363,64961.67841522105,53230.27360954471,5.021366033255071,0.5669036345165218,0.00030653086433576497,0.982166158884783,0.9906285979617021,0.9721932246600564,0.9925238486076767,0.9944750375569572,0.9895642913392724,0.998090473444408,0.9775943969879438,False,1e-24,False
HNHN,real,,87,base,285345.9370074207,34253.78018805588,13.358087659996052,61269.33396293507,50935.1047126967,4.6572390876656335,0.5590689170666966,0.00026225699810265146,0.8591669085918502,0.921409931739707,0.7959100175799022,0.9361099748351449,0.9515955252021079,0.9178055267952414,0.9842966708072663,0.836395292433579,False,1e-24,False
HNHN,real,,87,restart,326196.31146848074,36827.00814852052,16.31671790716201,64961.67351933643,53230.27055007101,5.021365580604777,0.5669036241432209,0.000306530809228439,0.9821659963258931,0.9906285051755576,0.9721929940037134,0.9925237738053877,0.9944749803983138,0.9895642021351465,0.9980904551811758,0.9775942212385516,False,1e-24,False
HNHN,real,,88,base,284922.2240042687,34225.13211861079,13.329874816231852,61227.47749865475,50908.40266570159,4.653502571791052,0.558983213367932,0.0002618403665847595,0.8578911231544749,0.9206393126849061,0.7942290221000186,0.9354704664352683,0.9510966639829623,0.9170691688681315,0.9841457808851214,0.8350665628181051,False,1e-24,False
HNHN,real,,88,restart,326196.2630094263,36827.00504947634,16.31671443609121,64961.6691202413,53230.26780002901,5.021365174679407,0.566903614827247,0.00030653075985618693,0.9821658504173288,0.990628421812785,0.9721927871881804,0.9925237065933492,0.994474929020631,0.9895641221391359,0.9980904387794732,0.9775940637795725,False,1e-24,False
HNHN,real,,89,base,284500.4357293187,34196.57034097118,13.301836247077043,61185.731984084676,50881.75695701977,4.649783969297311,0.558897789273261,0.00026142643341331965,0.8566211330082348,0.9198710148374628,0.7925584103600051,0.9348326531922304,0.9505988553048319,0.9163363411441374,0.9839953832339112,0.8337464388234009,False,1e-24,False
HNHN,real,,89,restart,326196.2195136001,36827.00226515927,16.316711323765713,64961.66516750953,53230.26532811539,5.021364810653694,0.5669036064607876,0.00030653071562180396,0.9821657194528759,0.9906283469160178,0.9721926017476364,0.9925236462011203,0.9944748828390838,0.9895640504003212,0.9980904240494858,0.9775939227063887,False,1e-24,False
HNHN,real,,90,base,284080.55555698136,34168.094208160495,13.273970070111488,61144.096653727924,50855.16723904648,4.64608312337641,0.5588126422353037,0.0002610151689742112,0.855356888094046,0.9191050207940243,0.7908980702003159,0.9341965234103058,0.9501020926735879,0.9156070127209915,0.9838454733687194,0.8324348260035174,False,1e-24,False
HNHN,real,,90,restart,326196.1804724312,36826.999763595966,16.31670853308388,64961.661615835204,53230.26310619441,5.021364484200891,0.5669035989470277,0.00030653067599031094,0.9821656019012445,0.9906282796251885,0.9721924354714685,0.99252359193649,0.9944748413280263,0.9895639860660277,0.9980904108207609,0.9775937963128342,False,1e-24,False
HNHN,real,,91,base,283662.5670558896,34139.70308068853,13.24627442869521,61102.57075053754,50828.63316792887,4.642399878950987,0.558727769737711,0.00026060654405031606,0.854098338937621,0.9183413133526167,0.7892478909974552,0.9335620655228727,0.9496063696651965,0.9148811530374841,0.9836960468592617,0.8311316311786335,False,1e-24,False
HNHN,real,,91,restart,326196.14542948507,36826.99751606238,16.31670603078369,64961.65842451255,53230.26110897726,5.02136419144125,0.5669035921990275,0.00030653064048246574,0.982165496388126,0.9906282191676344,0.9721922863778377,0.9925235431775306,0.994474804015,0.9895639283716702,0.9980903989402325,0.9775936830705002,False,1e-24,False
HNHN,real,,92,base,283246.45398625877,34111.396326446884,13.218747491575595,61061.15352580142,50802.15440351459,4.638734082653268,0.558643169294748,0.00026020052981574134,0.8528454366415211,0.9175798755098334,0.7876077636405726,0.9329292680906544,0.9491116799247584,0.9141587318693155,0.9835470993291535,0.8298367624166324,False,1e-24,False
HNHN,real,,92,restart,326196.1139751162,36826.995496753494,16.31670378704512,64961.65555696858,53230.25931373402,5.021363928895812,0.5669035861387153,0.0003065306086689535,0.9821654016800915,0.9906281648492131,0.972192152689989,0.9925234993654578,0.9944747704753529,0.9895638766316479,0.9980903882704475,0.9775935816102073,False,1e-24,False
HNHN,real,,93,base,282832.2002972825,34083.17332060607,13.191387452500983,61019.84423902917,50775.73060930131,4.635085582804207,0.5585588384508852,0.0002597970978301301,0.8515981328773141,0.9168206904580667,0.785977580508441,0.9322981197999903,0.948618017165566,0.9134397193249846,0.98339862645519,0.8285501290149555,False,1e-24,False
HNHN,real,,93,restart,326196.08574166975,36826.99368248656,16.316701775133716,64961.65298034352,53230.25770003455,5.021363693444994,0.5669035806959821,0.0003065305801651816,0.9821653166701447,0.99062811604632,0.9721920328150127,0.9925234599982203,0.9944747403273989,0.9895638302311823,0.9980903786879721,0.9775934907054046,False,1e-24,False
HNHN,real,,94,base,282419.79012456886,34055.03344551404,13.164192529840422,60978.642157840404,50749.36145238679,4.631454229392944,0.5584747747803921,0.0002593962200330562,0.8503563798778558,0.9160637415827787,0.7843572354467994,0.9316686094611297,0.9481253751681706,0.9127240858417411,0.9832506239666305,0.8272716414827276,False,1e-24,False
HNHN,real,,94,restart,326196.06039917486,36826.9920524345,16.31669997108112,64961.65066511352,53230.25624951583,5.021363482291447,0.5669035758078693,0.0003065305546266187,0.9821652403647547,0.990628072198717,0.9721919253248114,0.9925234246247349,0.9944747132280706,0.9895637886189979,0.9980903700819613,0.9775934092573061,False,1e-24,False
HNHN,real,,95,base,282009.2077876143,34026.97609059653,13.1371609662096,60937.54655785493,50723.04660341989,4.627839874056481,0.5583909758869412,0.00025899786873850465,0.8491201304296835,0.9153090124598204,0.7827466237460653,0.9310407260065534,0.9476337477794666,0.9120118021815801,0.9831030876445008,0.8260012115231529,False,1e-24,False
HNHN,real,,95,restart,326196.0376514809,36826.99058788653,16.316698353398657,64961.64858475198,53230.25494567268,5.021363292926755,0.5669035714178394,0.00030653053174461856,0.9821651718722221,0.990628032803093,0.9721918289390328,0.9925233928397118,0.9944746888690099,0.9895637513007589,0.9980903623528752,0.9775933362815712,False,1e-24,False
HNHN,real,,96,base,281600.4377873154,33999.00065225861,13.110291028102793,60896.55672258447,50696.7857365523,4.624242370059641,0.5583074394032123,0.00025860201662943484,0.8478893378655238,0.9145564868527833,0.781145642119406,0.9304144584893198,0.9471431289117901,0.9113028394272924,0.9829560133208973,0.8247387520161761,False,1e-24,False
HNHN,real,,96,restart,326196.01723278855,36826.9892720329,16.31669690282065,64961.64671542513,53230.25377366979,5.021363123101579,0.5669035674751197,0.00030653051124268096,0.9821651103922341,0.990627997407274,0.9721917425097776,0.9925233642790046,0.9944746669730561,0.9895637178331868,0.9980903554113233,0.9775932708963795,False,1e-24,False
HNHN,real,,97,base,281193.4648035162,33971.106533787926,13.083581005530698,60855.67194332614,50670.578529390856,4.62066157227525,0.5582241629905039,0.0002582086367524248,0.8466639560569087,0.9138061487103971,0.7795541886811582,0.9297897960814371,0.9466535125420281,0.9105971689785594,0.9828093968783026,0.8234841770014019,False,1e-24,False
HNHN,real,,97,restart,326195.9989045386,36826.98808977185,16.316695602074287,64961.64503571858,53230.25272017277,5.0213629707988865,0.5669035639341161,0.00030653049287310106,0.982165055206497,0.99062796560503,0.9721916650078861,0.9925233386154311,0.994474647291089,0.9895636878187833,0.9980903491770328,0.9775932123117459,False,1e-24,False
HNHN,real,,98,base,280788.2736925941,33943.293145259486,13.057029211664167,60814.89151905736,50644.42466295078,4.617097337164606,0.5581411443383533,0.0002578177025123974,0.8454439394069053,0.9130579821639679,0.7779721629256022,0.9291667280722581,0.946164892710745,0.9098947625481034,0.982663234248916,0.8222374016612752,False,1e-24,False
HNHN,real,,98,restart,326195.98245261866,36826.98702753583,16.31669443567332,64961.64352639163,53230.25177319614,5.021362834209955,0.5669035607538827,0.0003065304764139688,0.9821650056703258,0.9906279370314008,0.9721915955106469,0.9925233155550203,0.9944746295991902,0.9895636609011024,0.9980903435779142,0.9775931598199502,False,1e-24,False
HNHN,real,,99,base,280384.8494850781,33915.559903441645,13.030633982483565,60774.214756332425,50618.32382160951,4.61354952275814,0.5580583811641562,0.0002574291876674242,0.8442292428429462,0.91231197152485,0.7763994657060688,0.9285452438668993,0.9456772635213193,0.9091955921578776,0.9825175214139849,0.8209983423045103,False,1e-24,False
HNHN,real,,99,restart,326195.9676848562,36826.98607313574,16.3166933897332,64961.64217015657,53230.25092196697,5.021362711712834,0.5669035578976493,0.00030653046166648174,0.9821649612050956,0.9906279113585051,0.9721915331907819,0.99252329483364,0.9944746136960939,0.9895636367605049,0.9980903385492301,0.9775931127869679,False,1e-24,False
HNHN,real,,100,base,279983.17738330696,33887.90623170376,13.004393676433871,60733.640969180706,50592.27569306122,4.610017988636388,0.5579758712127959,0.00025704306632360946,0.8430198218097764,0.911568101281961,0.7748359992143898,0.9279253329846864,0.945190619139095,0.9084996301353149,0.982372254403151,0.8197669163497743,False,1e-24,False
HNHN,real,,100,restart,326195.9544287705,36826.985215620734,16.31669245180525,64961.64095148035,53230.250156802074,5.021362601853073,0.5669035553323952,0.0003065304484525366,0.9821649212914725,0.990627888291771,0.9721914773065662,0.992523276213967,0.9944745994008943,0.989563615110361,0.998090334032844,0.9775930706447884,False,1e-24,False
HNHN,real,,101,base,279583.2427591166,33860.33155992513,12.978306674085198,60693.16947900623,50566.27996827214,4.606502595911133,0.5578936122562757,0.0002566593129300484,0.8418156322624917,0.9108263560993328,0.7732816669606708,0.9273069850576192,0.9447049537905459,0.9078068491096123,0.9822274292938036,0.8185430423096076,False,1e-24,False
HNHN,real,,101,restart,326195.94252955285,36826.984445152426,16.31669161072812,64961.639856406495,53230.24946899782,5.021362503326392,0.5669035530284656,0.00030653043661257374,0.9821648854633329,0.9906278675665503,0.9721914271929775,0.9925232594827657,0.9944745865509855,0.9895635956936356,0.9980903299765458,0.9775930328845407,False,1e-24,False
HNHN,real,,102,base,279185.0311515657,33832.83532440537,12.95237137779888,60652.79961448888,50540.336341436356,4.603003207206834,0.5578116020933567,0.0002562779022738647,0.84061663065969,0.9100867208137011,0.7717363737533952,0.9266901898288625,0.9442202617624506,0.9071172220080713,0.9820830422104417,0.817326639774598,False,1e-24,False
HNHN,real,,102,restart,326195.9318482554,36826.9837528918,16.316690856494564,64961.63887239494,53230.248850730975,5.0213624149631855,0.5669035509592293,0.00030653042600364426,0.9821648533023096,0.990627848945078,0.9721913822537572,0.9925232444484414,0.99447457500021,0.9895635782798337,0.9980903263334485,0.9775929990503295,False,1e-24,False
HNHN,real,,103,base,278788.528264693,33805.41696777606,12.92658621139882,60612.53071148698,50514.44450993251,4.59951968664226,0.5577298385492,0.0002558988094753195,0.8394227739567177,0.9093491804321276,0.7702000256798434,0.9260749371512579,0.9437365374010829,0.9064307220524779,0.9819390893240444,0.8161176293977823,False,1e-24,False
HNHN,real,,103,restart,326195.9222601657,36826.983130897665,16.316690180132003,64961.637988178285,53230.248294969635,5.021362335714607,0.5669035491007699,0.00030653041649768075,0.9821648244328978,0.9906278322137401,0.9721913419542958,0.9925232309388441,0.994474564617194,0.9895635626622581,0.9980903230614452,0.9775929687337195,False,1e-24,False
HNHN,real,,104,base,278393.71996530826,33778.07593891386,12.900949619848145,60572.36211294142,50488.604174280976,4.5960518998123865,0.5576483194750151,0.00025552200998299576,0.8382340195990204,0.9086137201296647,0.7686725300868257,0.9254612169858584,0.9432537751114121,0.9057473227555349,0.9817955668514511,0.8149159328792871,False,1e-24,False
HNHN,real,,104,restart,326195.913653347,36826.98257203553,16.316689573595514,64961.637193632596,53230.24779539317,5.021362264640092,0.5669035474316099,0.00030653040797994655,0.9821647985180595,0.990627817180622,0.9721913058152556,0.9925232187992941,0.9944745552838524,0.9895635486555512,0.9980903201227221,0.9775929415687903,False,1e-24,False
HNHN,real,,105,base,278000.59228081437,33750.81169285486,12.875460068931027,60532.29316878114,50462.81503810172,4.592599713770468,0.5575670427477125,0.00025514747956905434,0.8370503255155834,0.9078803252470491,0.7671537955617258,0.924849019400485,0.9427719693563158,0.9050669979173299,0.9816524710547507,0.8137214729512009,False,1e-24,False
HNHN,real,,105,restart,326195.9059273297,36826.982069895465,16.31668902967184,64961.63647966133,53230.24734632023,5.021362200896178,0.5669035459324601,0.00030653040034764746,0.9821647752552841,0.9906278036733,0.9721912734068515,0.9925232078908088,0.9944745468940435,0.9895635360934912,0.9980903174833192,0.9775929172277085,False,1e-24,False
HNHN,real,,106,base,277609.1313970636,33723.62369071024,12.850116044939604,60492.323235830125,50437.07680807291,4.589162997010393,0.55748600626956,0.0002547751943245614,0.8358716501124778,0.9071489812884356,0.7656437319138455,0.924238334568305,0.9422911146558065,0.9043897216218568,0.9815097982406763,0.8125341733626709,False,1e-24,False
HNHN,real,,106,restart,326195.89899193525,36826.981618718586,16.31668854189333,64961.63583809098,53230.24694264413,5.021362143726477,0.5669035445859981,0.00030653039350868783,0.9821647543730475,0.9906277915368625,0.9721912443437244,0.9925231980885086,0.9944745393523613,0.9895635248270163,0.9980903151127385,0.977592895416761,False,1e-24,False
HNHN,real,,107,base,277219.32365624385,33696.51139958319,12.824916054365891,60452.45167771558,50411.389193889925,4.585741619449231,0.5574052079678457,0.0002544051306548863,0.8346979522664959,0.9064196739191603,0.7641422501560484,0.9236291527664295,0.9418112055862654,0.903715468233577,0.9813675447600113,0.8113539588652267,False,1e-24,False
HNHN,real,,107,restart,326195.89276622207,36826.981213330924,16.316688104460884,64961.63526157744,53230.24657977463,5.0213620924526765,0.5669035433766676,0.0003065303873805569,0.982164735627637,0.9906277806321327,0.9721912182803479,0.9925231892801858,0.9944745325730489,0.9895635147224507,0.9980903129835913,0.9775928758728025,False,1e-24,False
HNHN,real,,108,base,276831.1555547954,33669.47429248716,12.79985862359864,60412.677864777776,50385.751908225226,4.582335452409989,0.557324645794544,0.0002540372652751685,0.833529191318879,0.9056923889635431,0.7626492624866985,0.9230214643745362,0.9413322367796935,0.903044212394021,0.9812257070070025,0.8101807551983228,False,1e-24,False
HNHN,real,,108,restart,326195.8871775388,36826.9808490839,16.31668771217474,64961.63474352183,53230.24625358579,5.021362046466482,0.5669035422904963,0.0003065303818893302,0.9821647188003018,0.990627770834066,0.9721911949069071,0.9925231813650185,0.994474526479023,0.9895635056599177,0.9980903110712783,0.977592858360072,False,1e-24,False
HNHN,real,,109,base,276444.6137413604,33642.511848265196,12.774942298625014,60373.00117398092,50360.16466668861,4.578944368604625,0.5572443177259868,0.0002536715752058525,0.8323653270691427,0.9049671124027167,0.7611646822718842,0.9224152598735073,0.9408542029229683,0.9023759290184408,0.9810842814187798,0.8090144890750984,False,1e-24,False
HNHN,real,,109,restart,326195.8821606745,36826.980521801095,16.316687360372526,64961.63427799478,53230.245960368884,5.021362005222376,0.5669035413149378,0.00030653037696877576,0.982164703694694,0.9906277620303187,0.9721911739456054,0.9925231742524145,0.9944745210009956,0.9895634975319114,0.99809030935371,0.9775928426673407,False,1e-24,False
HNHN,real,,110,base,276059.68501476,33615.623551510704,12.750165644737049,60333.42098882561,50334.62718778827,4.575568242117237,0.5571642217625398,0.00025330803776828963,0.8312063197689867,0.9042438303724959,0.7596884240279292,0.9218105298440912,0.9403770987571168,0.9017105932924974,0.9809432644747871,0.8078550881683515,False,1e-24,False
HNHN,real,,110,restart,326195.87765709753,36826.980227730164,16.316687044873664,64961.633859668524,53230.2456967903,5.021361968231167,0.5669035404387238,0.0003065303725595529,0.982164690134577,0.9906277541199544,0.9721911551473529,0.9925231678609727,0.9944745160766865,0.9895634902420267,0.9980903078110478,0.9775928286053585,False,1e-24,False
HNHN,real,,111,base,275676.3563220022,33588.80889248916,12.725527246242748,60293.93669926239,50309.13919289222,4.5722069483874765,0.5570843559282814,0.00025294663058040635,0.8300521301162961,0.9035225291612714,0.758220403404179,0.9212072649655833,0.9399009190765947,0.9010481806689911,0.9808026526962175,0.8067024810967228,False,1e-24,False
HNHN,real,,111,restart,326195.87361426925,36826.97996349977,16.316686761929567,64961.63348375587,53230.245459853526,5.021361935054125,0.5669035396517335,0.00030653036860849497,0.9821646779617585,0.9906277470122861,0.9721911382887989,0.9925231621175515,0.9944745116501132,0.9895634837038028,0.9980903064254727,0.9775928160045652,False,1e-24,False
HNHN,real,,112,base,275294.6147563188,33562.06736706127,12.701025706181856,60254.547701606716,50283.70040619048,4.568860364194186,0.5570047182706895,0.00025258733155243717,0.8289027192492309,0.9028031952079425,0.7567605371660646,0.9206054560145256,0.9394256587285795,0.9003886668646381,0.9806624426454604,0.805556597411088,False,1e-24,False
HNHN,real,,112,restart,326195.86998503143,36826.97972608094,16.316686508178957,64961.63314595526,53230.245246865066,5.0213619052978125,0.5669035389448782,0.00030653036506796686,0.982164667034247,0.9906277406258357,0.9721911231696698,0.9925231569564293,0.9944745076709546,0.9895634778397043,0.9980903051809834,0.9775928047130417,False,1e-24,False
HNHN,real,,113,base,274914.4475552307,33535.39847660702,12.67665964604611,60215.25339845514,50258.31055465773,4.565528367639216,0.5569253068603277,0.0002522301188827226,0.8277580487404008,0.9020858150998752,0.7553087431784363,0.9200050938634267,0.9389513126122735,0.8997320278568808,0.9805226309255506,0.8044173675811563,False,1e-24,False
HNHN,real,,113,restart,326195.8667270549,36826.97951275227,16.31668628060784,64961.63284240158,53230.245055403844,5.021361878609388,0.5669035383099955,0.00030653036189528865,0.9821646572245903,0.9906277348873987,0.9721911096103837,0.9925231523185525,0.9944745040939786,0.9895634725801968,0.998090304063209,0.9775927945946725,False,1e-24,False
HNHN,real,,114,base,274535.8420986415,33508.80172795103,12.652427705503927,60176.053198602676,50232.96936801654,4.562210838131477,0.5568461197905403,0.00025187497105356787,0.826618080591125,0.9013703755708927,0.7538649403891582,0.9194061694794988,0.9384778756782161,0.8990782398807441,0.9803832141796301,0.8032847229822626,False,1e-24,False
HNHN,real,,114,restart,326195.8638023443,36826.97932106865,16.316686076513584,64961.63256962176,53230.244883293555,5.0213618546724215,0.5669035377397547,0.00030653035905222026,0.9821646484183864,0.9906277297312032,0.9721910974499108,0.9925231481508573,0.9944745008785267,0.9895634678629214,0.9980903030592431,0.9775927855275016,False,1e-24,False
HNHN,real,,115,base,274158.785906959,33482.27663328905,12.628328542129532,60136.94651696154,50207.67657870115,4.558907656371161,0.5567671551771493,0.0002515218668271668,0.8254827772257756,0.9006568634992994,0.7524290488129697,0.9188086739234167,0.9380053429276081,0.8984272794257275,0.9802441890904153,0.8021585958823686,False,1e-24,False
HNHN,real,,115,restart,326195.8611767948,36826.9791488332,16.316685893472737,64961.63232449508,53230.24472857798,5.021361833203137,0.5669035372275713,0.00030653035650449905,0.9821646405129462,0.9906277250981538,0.9721910865438554,0.9925231444056636,0.9944744979880517,0.9895634636319537,0.998090302157493,0.9775927774022579,False,1e-24,False
HNHN,real,,116,base,273783.2666392434,33455.822710115426,12.604360831136345,60097.93277448086,50182.43192182181,4.555618704334185,0.5566884111581561,0.0002511707852415846,0.8243521014862031,0.8999452659059289,0.7510009895155999,0.9182125983480903,0.937533709411644,0.8977791232327386,0.9801055523796721,0.8010389194292501,False,1e-24,False
HNHN,real,,116,restart,326195.8588197928,36826.978994072146,16.316685729312177,64961.6321042174,53230.244589498696,5.021361813947031,0.5669035367675327,0.0003065303542214259,0.9821646334160933,0.9906277209351572,0.9721910767627372,0.9925231410401277,0.9944744953897018,0.9895634598371388,0.9980903013475492,0.9775927701210351,False,1e-24,False
HNHN,real,,117,base,273409.27209138393,33429.439481151705,12.580523265114605,60059.01139806779,50157.235135129624,4.552343865256829,0.5566098858934463,0.00025082170560680153,0.823226016626245,0.8992355699522248,0.7495806845981347,0.9176179339974606,0.937062970230857,0.897133748291065,0.9799673008076948,0.7999256276378802,False,1e-24,False
HNHN,real,,117,restart,326195.8567038592,36826.978855012036,16.316685582083238,64961.63190626896,53230.24446447509,5.021361796675869,0.5669035363543283,0.0003065303521754949,0.9821646270450891,0.9906277171945083,0.9721910679904496,0.9925231380157516,0.9944744930539472,0.9895634564334982,0.9980903006200615,0.9775927635961108,False,1e-24,False
HNHN,real,,118,base,273036.7901942999,33403.12647427642,12.55681455377317,60020.1818205097,50132.08595898192,4.5490830236205575,0.5565315775645006,0.0002504746075008161,0.8221044863063098,0.8985277629383502,0.7481680571816318,0.9170246722053094,0.9365931205344705,0.8964911318353841,0.9798294311727986,0.798818655378001,False,1e-24,False
HNHN,real,,118,restart,326195.8548043273,36826.97873005949,16.316685450038488,64961.63172838566,53230.244352086345,5.021361781184949,0.5669035359831881,0.00030653035034206,0.9821646213256633,0.9906277138333459,0.9721910601228759,0.9925231352979429,0.9944744909542436,0.9895634533806912,0.9980902999666321,0.9775927577488833,False,1e-24,False
HNHN,real,,119,base,272665.8090121693,33376.883222455785,12.53323342368544,59981.443480397436,50106.98413630814,4.545836065137035,0.5564534843741081,0.00025012947076580696,0.8209874745880438,0.897821832301325,0.7467630313919833,0.9164328043940877,0.9361241555197617,0.8958512513428097,0.9796919403108145,0.7977179383618833,False,1e-24,False
HNHN,real,,119,restart,326195.85309905634,36826.97861778289,16.316685331610977,64961.631568532976,53230.24425105533,5.021361767290704,0.566903535649829,0.00030653034869903846,0.9821646161911505,0.9906277108131601,0.9721910530666531,0.9925231328556168,0.9944744890667307,0.989563450642542,0.9980902993797202,0.977592752508926,False,1e-24,False
HNHN,real,,120,base,272296.316740683,33350.709263675446,12.50977861803925,59942.79582204985,50081.92941257623,4.542602876733342,0.5563756045460837,0.0002497862755043515,0.8198749459290735,0.8971177656131888,0.7453655323450129,0.9158423220737628,0.9356560704314333,0.895214084529979,0.979554825094591,0.7966234131322667,False,1e-24,False
HNHN,real,,120,restart,326195.851568171,36826.9785168959,16.31668522539553,64961.63142488278,53230.24416023398,5.02136175482849,0.5669035353504032,0.00030653034722664344,0.9821646115817068,0.9906277080993495,0.9721910467380573,0.9925231306608421,0.9944744873699601,0.9895634481866045,0.9980902988525511,0.9775927478131342,False,1e-24,False
HNHN,real,,121,base,271928.30170532316,33324.6041408733,12.486448896390774,59904.23829543927,50056.92153575958,4.539383346537369,0.55629793632499,0.0002494450020757015,0.8187668651778232,0.8964155505791946,0.7439754861318127,0.9152532168406787,0.9351888605609959,0.8945796093501724,0.9794180824335053,0.795535017050482,False,1e-24,False
HNHN,real,,121,restart,326195.85019383073,36826.9784262428,16.316685130132093,64961.63129579233,53230.24407859037,5.0213617436506555,0.5669035350814557,0.0003065303459071456,0.9821646074436149,0.9906277056608256,0.972191041062011,0.9925231286885201,0.9944744858446526,0.9895634459837803,0.9980902983790423,0.9775927436049652,False,1e-24,False
HNHN,real,,122,base,271561.7523596679,33298.56740187334,12.463243034422298,59865.7703561183,50031.96025630435,4.536177363863392,0.5562204779758625,0.00024910563109211477,0.8176631975684091,0.8957151750360293,0.7425928198043116,0.9146654803764389,0.9347225212461581,0.8939478039904737,0.9792817092729789,0.7944526882847521,False,1e-24,False
HNHN,real,,122,restart,326195.84896002116,36826.97834478514,16.3166850446907,64961.6311797855,53230.24400519686,5.0213617336247784,0.5669035348398827,0.00030653034472465893,0.9821646037286563,0.9906277034696542,0.972191035971188,0.9925231269160976,0.9944744844734777,0.9895634440079735,0.9980902979537287,0.9775927398337549,False,1e-24,False
HNHN,real,,123,base,271196.65728371945,33272.598599320365,12.440159823703839,59827.391465147404,50007.04532709736,4.5329848191978375,0.5561432277839391,0.00024876814341524156,0.8165639087156067,0.8950166269500565,0.7412174613610705,0.9140791044467984,0.9342570478702255,0.8933186468689621,0.979145702594002,0.7933763657986669,False,1e-24,False
HNHN,real,,123,restart,326195.84785236616,36826.97827158993,16.31668496805803,64961.631075535865,53230.2439392196,5.021361724632087,0.5669035346228973,0.00030653034366494856,0.9821646003935448,0.9906277015007389,0.9721910314052118,0.9925231253233086,0.9944744832408571,0.9895634422357772,0.9980902975717043,0.9775927364541053,False,1e-24,False
HNHN,real,,124,base,270833.0051822569,33246.69729061581,12.417198071458536,59789.10108902382,49982.176503434435,4.529805604185223,0.5560661840543927,0.00024843252015256505,0.8154689646098899,0.8943198944155915,0.7398493397333052,0.9134940809005794,0.9337924358615104,0.8926921166319435,0.9790100594126622,0.7923059893398318,False,1e-24,False
HNHN,real,,124,restart,326195.84685796173,36826.97820581883,16.316684899325377,64961.63098185149,53230.24387990904,5.0213617165660756,0.5669035344279961,0.0003065303427152598,0.9821645973994269,0.9906276997315285,0.9721910273099394,0.992523123891942,0.994474482132787,0.9895634406462023,0.9980902972285614,0.9775927334253388,False,1e-24,False
HNHN,real,,125,base,270470.78488321253,33220.86303785436,12.39435660033172,59750.89869961125,49957.35354298923,4.526639611614281,0.5559893451120678,0.0002480987426538947,0.8143783316125429,0.8936249656531954,0.7384883847711262,0.9129104016685956,0.9333286806927488,0.8920681921512144,0.9788747767796809,0.7912414994286842,False,1e-24,False
HNHN,real,,125,restart,326195.8459652235,36826.97814671859,16.316684837677837,64961.63089766135,53230.24382659138,5.021361709331203,0.5669035342529305,0.0003065303418641635,0.9821645947114225,0.990627698141761,0.9721910236368168,0.992523122605634,0.9944744811366794,0.9895634392204208,0.9980902969203408,0.9775927307110054,False,1e-24,False
HNHN,real,,126,base,270109.9853360717,33195.0954077617,12.371634248163677,59712.78377407088,49932.576205782476,4.523486735404249,0.5559127093012205,0.0002477667925079133,0.8132919764508423,0.8929318290080009,0.737134527229999,0.9123280587625991,0.9328657778805259,0.8914468525213609,0.9787398517799557,0.790182837347481,False,1e-24,False
HNHN,real,,126,restart,326195.8451637536,36826.97809361243,16.316684782384616,64961.630822003,53230.24377866097,5.021361702841804,0.5669035340956812,0.00030653034110141866,0.9821645922982238,0.9906276967132313,0.9721910203423011,0.9925231214496799,0.9944744802412192,0.9895634379415501,0.9980902966434877,0.9775927282784441,False,1e-24,False
HNHN,real,,127,base,269750.59561029583,33169.393971633064,12.349029867765964,59674.75579479311,49907.844254151685,4.520346870591346,0.5558362749852633,0.00024743665153877456,0.812209866213308,0.8922404729480601,0.7357876987574171,0.9117470442742374,0.9324037229847104,0.890828077057094,0.9786052815321108,0.7891299451294475,False,1e-24,False
HNHN,real,,127,restart,326195.84444421675,36826.978045892225,16.31668473279034,64961.63075401158,53230.24373557338,5.021361697021025,0.5669035339544343,0.0003065303404178482,0.9821645901317229,0.9906276954295811,0.9721910173873436,0.9925231204108659,0.9944744794362348,0.9895634367944448,0.9980902963948084,0.9775927260983875,False,1e-24,False
HNHN,real,,128,base,269392.60489376716,33143.75830527268,12.32654232670124,59636.81424933048,49883.1574527214,4.517219913315399,0.5557600405465114,0.0002471083018027512,0.8111319683450215,0.8915508860627135,0.7344478318797837,0.9111673503740275,0.9319425116078984,0.890211845290613,0.9784710631880503,0.7880827655480879,False,1e-24,False
HNHN,real,,128,restart,326195.84379823407,36826.9780030116,16.31668468830728,64961.63069290995,53230.24369683917,5.021361691799953,0.566903533827561,0.00030653033980522937,0.982164588186691,0.9906276942761133,0.9721910147369258,0.9925231194773182,0.9944744787125827,0.9895634357655244,0.9980902961714353,0.9775927241446112,False,1e-24,False
HNHN,real,,129,base,269036.0024912575,33118.18798893421,12.304170507066594,59598.958630331435,49858.51556837369,4.51410576080667,0.5556840043859342,0.0002467817255849348,0.8100582506430145,0.8908630570609904,0.7331148599895011,0.9105889693103457,0.9314821393948618,0.88959813696901,0.9783371939325214,0.78704124210666,False,1e-24,False
HNHN,real,,129,restart,326195.84321828344,36826.977964479614,16.31668464840835,64961.630637999755,53230.24366201842,5.021361687116778,0.5669035337135983,0.00030653033925619346,0.9821645864404793,0.9906276932396217,0.9721910123596427,0.992523118638367,0.9944744780620437,0.9895634348426077,0.9980902959707925,0.9775927223936148,False,1e-24,False
HNHN,real,,130,base,268680.77782291727,33092.68260726198,12.281913305280291,59561.18843547523,49833.91837021925,4.511004311372812,0.555608164922909,0.0002464569053959835,0.8089886812517197,0.8901769747700263,0.7317887173322652,0.9100118934084312,0.9310226020320097,0.8889869320516998,0.9782036709826797,0.7860053190278031,False,1e-24,False
HNHN,real,,130,restart,326195.8426976123,36826.97792985507,16.316684612620854,64961.63058865343,53230.24363071565,5.021361682916061,0.5669035336112311,0.00030653033876413773,0.9821645848727563,0.9906276923082384,0.9721910102273295,0.9925231178844239,0.9944744774772295,0.9895634340147693,0.998090295790565,0.9775927208243408,False,1e-24,False
HNHN,real,,131,base,268326.9204227874,33067.24174923313,12.25976963187182,59523.50316740759,49809.36562956889,4.507915464386029,0.5555325205949786,0.00024613382396891864,0.8079232286584909,0.8894926281335072,0.730469338994556,0.9094361150694044,0.930563895246854,0.8883782107078885,0.9780704915876635,0.7849749412433218,False,1e-24,False
HNHN,real,,131,restart,326195.84223015874,36826.97789874169,16.316684580520864,64961.63054430706,53230.24360257538,5.021361679148078,0.5669035335192805,0.00030653033832314517,0.9821645834652695,0.9906276914713036,0.9721910083147275,0.9925231172068733,0.9944744769514985,0.9895634332722101,0.9980902956286767,0.9775927194179185,False,1e-24,False
HNHN,real,,132,base,267974.41993733146,33041.86500810058,12.237738411275325,59485.90233367736,49784.85711990536,4.504839120270357,0.5554570698576132,0.0002458124642559703,0.8068618616891814,0.8888100062101356,0.7291566608913291,0.9088616267692986,0.9301060148074843,0.8877719533140679,0.9779376530281736,0.783950054384125,False,1e-24,False
HNHN,real,,132,restart,326195.84181048156,36826.97787078326,16.3166845517282,64961.6305044539,53230.243577278015,5.021361675768236,0.566903533436685,0.00030653033792791396,0.9821645822016358,0.9906276907192356,0.9721910065991849,0.9925231165979724,0.9944744764788803,0.9895634326061421,0.998090295483259,0.9775927181574392,False,1e-24,False
HNHN,real,,133,base,267623.2661239904,33016.55198133692,12.215818581626191,59448.38544667421,49760.392616855665,4.501775180489151,0.5553818111839739,0.00024549280942546756,0.8058045495037949,0.888129098172121,0.7278506197538961,0.9082884210581078,0.9296489565220504,0.8871681404515489,0.9778051526160576,0.7829306047703095,False,1e-24,False
HNHN,real,,133,restart,326195.8414336954,36826.97784565978,16.316684525901895,64961.630468638556,53230.243554536304,5.021361672736533,0.566903533362493,0.0003065303375736927,0.9821645810671455,0.9906276900434262,0.9721910050603856,0.992523116050764,0.9944744760540082,0.9895634320086821,0.9980902953526366,0.9775927170277495,False,1e-24,False
HNHN,real,,134,base,267273.44884975563,32991.302270578955,12.194009094560913,59410.95202356699,49735.97189816377,4.4987235475326885,0.5553067430646802,0.00024517484285877824,0.804751261592187,0.8874498933036886,0.7265511531180004,0.9077164905588454,0.9291927162382518,0.886566752904019,0.9776729876939005,0.7819165394013995,False,1e-24,False
HNHN,real,,134,restart,326195.8410954154,36826.97782308374,16.316684502736162,64961.63043645184,53230.243534092006,5.021361670017099,0.5669035332958494,0.0003065303372562241,0.982164580048596,0.9906276894361419,0.9721910036801104,0.9925231155589959,0.9944744756720574,0.9895634314727614,0.9980902952353039,0.9775927160152723,False,1e-24,False
HNHN,real,,135,base,266924.95808976487,32966.115481573295,12.172308915020018,59373.60158624324,49711.594743663685,4.495684124905957,0.5552318640075808,0.00024485854814729153,0.8037019677698387,0.8867723809996148,0.7252581993120748,0.9071458279666199,0.9287372898428359,0.8859677716551352,0.9775411556346211,0.7809078059467232,False,1e-24,False
HNHN,real,,135,restart,326195.8407917045,36826.977802796726,16.316684481956745,64961.63040752599,53230.24351571298,5.021361667577754,0.5669035332359855,0.00030653033697169237,0.9821645791341327,0.9906276888904311,0.972191002442018,0.9925231151170493,0.994474475328691,0.9895634309920378,0.9980902951299075,0.977592715107838,False,1e-24,False
HNHN,real,,136,base,266577.78392591607,32940.99122412257,12.150717021054142,59336.33366124938,49687.260935252954,4.49265681711658,0.5551571725375283,0.00024454390908944723,0.8026566381736819,0.8860965507637812,0.7239716974456865,0.9065764260477209,0.9282826732611013,0.8853711778861445,0.9774096538410744,0.779904352735939,False,1e-24,False
HNHN,real,,136,restart,326195.84051902883,36826.97778456662,16.31668446331768,64961.63038153058,53230.243499190576,5.021361665389643,0.566903533182212,0.00030653033671667864,0.9821645783131155,0.9906276884000501,0.9721910013314534,0.9925231147198756,0.9944744750200111,0.9895634305608251,0.9980902950352339,0.9775927142945431,False,1e-24,False
HNHN,real,,137,base,266231.91654550243,32915.929112032514,12.129232403633122,59299.147779731815,49662.97025686656,4.489641529662916,0.5550826671961555,0.00024423090968780903,0.8016152432579905,0.8854223922077512,0.7226915873981629,0.9060082776387193,0.9278288624564117,0.8847769529735394,0.97727847974566,0.7789061287497016,False,1e-24,False
HNHN,real,,137,restart,326195.8402742153,36826.97776818479,16.31668444659838,64961.630358168644,53230.243484337174,5.021361663426872,0.5669035331339087,0.000306530336488119,0.9821645775759904,0.990627687959387,0.9721910003352735,0.9925231143629378,0.9944744747425123,0.9895634301740205,0.9980902949501912,0.9775927135656162,False,1e-24,False
HNHN,real,,138,base,265887.34623986616,32890.92876305973,12.107854066458069,59262.043477378975,49638.72249445113,4.486638169022277,0.5550083465416543,0.00024391953414618087,0.800577753790326,0.8847498950493642,0.7214178098073943,0.9054413756455818,0.9273758534297133,0.884185078486735,0.9771476308099302,0.7779130836104644,False,1e-24,False
HNHN,real,,138,restart,326195.84005441656,36826.977753463776,16.31668443160099,64961.630337173316,53230.243470984155,5.021361661666239,0.5669035330905187,0.00030653033628326773,0.9821645769141838,0.9906276875633989,0.9721909994416895,0.9925231140421585,0.9944744744930444,0.9895634298270511,0.9980902948737986,0.9775927129123003,False,1e-24,False
HNHN,real,,139,base,265544.06340307137,32865.989798860435,12.086581025776406,59225.020294364054,49614.51743593962,4.483646642639326,0.5549342091485617,0.00024360976686676715,0.7995441408475422,0.8840790491113575,0.7201503060588131,0.9048757130427962,0.9269236422190613,0.8835955361857829,0.9770171045242153,0.7769251675734244,False,1e-24,False
HNHN,real,,139,restart,326195.8398570749,36826.9777402352,16.316684418148064,64961.6303183048,53230.24345897995,5.021361660086906,0.5669035330515425,0.00030653033609966395,0.9821645763199948,0.9906276872075566,0.9721909986401288,0.9925231137538739,0.9944744742687758,0.9895634295158109,0.9980902948051772,0.9775927123267475,False,1e-24,False
HNHN,real,,140,base,265202.058530596,32841.11184493968,12.065412310199752,59188.0777752887,49590.35487122625,4.480666858914602,0.5548602536075432,0.00024330159244737427,0.7985143758118468,0.8834098443200002,0.7188890182745433,0.9043112828725107,0.9264722248991532,0.8830083080191102,0.9768868984072411,0.7759423315175958,False,1e-24,False
HNHN,real,,140,restart,326195.8396798954,36826.97772834768,16.316684406080462,64961.630301347606,53230.243448188274,5.021361658670204,0.5669035330165308,0.00030653033593510293,0.9821645757865133,0.9906276868877881,0.9721909979211093,0.9925231134947916,0.9944744740671602,0.9895634292366204,0.9980902947435357,0.9775927118019262,False,1e-24,False
HNHN,real,,141,base,264861.3222180425,32816.29453060157,12.044346960524706,59151.21546912739,49566.23459214195,4.477698727193202,0.5547864785251838,0.00024299499567865447,0.7974884303669184,0.882742270703754,0.7176338893027219,0.9037480782436844,0.9260215975808681,0.8824233761212886,0.9767570100057611,0.7749645269370209,False,1e-24,False
HNHN,real,,141,restart,326195.83952081704,36826.97771766524,16.316684395255447,64961.63028610804,53230.243438486614,5.021361657399377,0.5669035329850803,0.0003065303357876085,0.9821645753075339,0.9906276866004359,0.9721909972761263,0.9925231132619523,0.9944744738859088,0.9895634289861777,0.9980902946881639,0.9775927113315339,False,1e-24,False
HNHN,real,,142,base,264521.8451598661,32791.53748889995,12.023384029556386,59114.43292917269,49542.156392429984,4.47474215775359,0.5547128825237784,0.00024268996154139052,0.7964662764940784,0.882076318391947,0.7163848627069848,0.9031860923312507,0.9255717564108132,0.8818407228108291,0.9766274368941881,0.7739917059321101,False,1e-24,False
HNHN,real,,142,restart,326195.8393779899,36826.977708065686,16.31668438554499,64961.63027241211,53230.243429764865,5.021361656259397,0.5669035329568285,0.00030653033565540967,0.9821645748774861,0.9906276863422124,0.9721909966975517,0.9925231130526976,0.9944744737229647,0.9895634287615208,0.9980902946384238,0.9775927109099227,False,1e-24,False
HNHN,real,,143,base,264183.61814812163,32766.840356590084,12.00252258193474,59077.7297129813,49518.1200677221,4.471797061796568,0.5546394642411274,0.00024238647520382072,0.7954478864685173,0.8814119776134732,0.7151418827561187,0.902625318375293,0.9251226975708767,0.8812603305880087,0.9764981766742337,0.7730238212011108,False,1e-24,False
HNHN,real,,143,restart,326195.8392497532,36826.97769943923,16.31668437683427,64961.630260103404,53230.24342192403,5.02136165523679,0.5669035329314502,0.0003065303355369194,0.9821645744913698,0.990627686110165,0.9721909961785443,0.9925231128646377,0.9944744735764782,0.989563428559995,0.9980902945937428,0.9775927105320311,False,1e-24,False
HNHN,real,,144,base,263846.6320712286,32742.20277408084,11.981761693963566,59041.1053823208,49494.125415514885,4.46886335143438,0.5545662223303347,0.00024208452201900414,0.794433232855576,0.8807492386955074,0.7139048944138731,0.902065749680231,0.924674417277787,0.8806821821327223,0.9763692269745525,0.7720608260317042,False,1e-24,False
HNHN,real,,144,restart,326195.8391346158,36826.97769168716,16.316684369020297,64961.63024904139,53230.24341487513,5.021361654319464,0.5669035329086527,0.0003065303354307153,0.982164574144695,0.9906276859016382,0.9721909957129672,0.9925231126956255,0.994474473444787,0.989563428379217,0.9980902945536054,0.9775927101933228,False,1e-24,False
HNHN,real,,145,base,263510.87791275146,32717.624385387655,11.961100453442178,59004.559503117256,49470.17223514659,4.465940939679924,0.5544931554596074,0.000241784087522224,0.7934222885070741,0.8800880920622386,0.7126738433289301,0.9015073796140205,0.924226911782679,0.8801062603023584,0.9762405854503903,0.7711026742927248,False,1e-24,False
HNHN,real,,145,restart,326195.83903123916,36826.97768472087,16.3166843620107,64961.63023909973,53230.24340853814,5.021361653496579,0.5669035328881741,0.00030653033533552287,0.9821645738334315,0.9906276857142483,0.9721909952953169,0.9925231125437309,0.9944744733263962,0.9895634282170503,0.9980902945175508,0.9775927098897333,False,1e-24,False
HNHN,real,,146,base,263176.34675020055,32693.10483808615,11.940537959499723,58968.091645403445,49446.26032777412,4.463029740436158,0.5544202623120597,0.00024148515742843113,0.7924150265576985,0.8794285282336237,0.7114486758250338,0.900950201607362,0.9237801773706653,0.8795325481297094,0.9761122497832379,0.7701493204260066,False,1e-24,False
HNHN,real,,146,restart,326195.83893842145,36826.97767846065,16.31668435572262,64961.63023016496,53230.243402841166,5.021361652758404,0.5669035328697775,0.00030653033525019946,0.9821645735539605,0.9906276855458515,0.9721909949206566,0.9925231124072201,0.9944744732199624,0.9895634280715777,0.9980902944851617,0.9775927096176182,False,1e-24,False
HNHN,real,,147,base,262843.02975384676,32668.643783266438,11.920073322432016,58931.70138326795,49422.38949635058,4.460129668485591,0.5543475415855177,0.00024118771762972346,0.7914114204214353,0.8787705378241573,0.7102293388912672,0.9003942091529228,0.9233342103604152,0.8789610288209018,0.9759842176804884,0.7692007194383444,False,1e-24,False
HNHN,real,,147,restart,326195.8388550839,36826.97767283494,16.31668435008177,64961.630222135056,53230.24339771954,5.021361652096221,0.5669035328532518,0.0003065303351737219,0.9821645733030341,0.9906276853945226,0.9721909945845598,0.9925231122845343,0.9944744731242776,0.9895634279410808,0.9980902944560667,0.9775927093737145,False,1e-24,False
HNHN,real,,148,base,262510.91818555456,32644.24087548815,11.899705663540997,58895.388294804965,49398.559545602955,4.457240639479918,0.5542749919923293,0.00024089175419286514,0.7904114437880558,0.8781141115416624,0.7090157801724875,0.8998393958045708,0.9228890071037391,0.8783916857533534,0.9758564868751014,0.7682568268935824,False,1e-24,False
HNHN,real,,148,restart,326195.8387802575,36826.97766777942,16.31668434502148,64961.63021491836,53230.24339311516,5.021361651502197,0.5669035328384069,0.00030653033510517235,0.9821645730777343,0.9906276852585316,0.9721909942830543,0.9925231121742732,0.9944744730382562,0.989563427824016,0.9980902944299307,0.9775927091550949,False,1e-24,False
HNHN,real,,149,base,262180.00339763105,32619.895772735956,11.87943411497662,58859.15196206462,49374.77028201011,4.454362569929804,0.554202612259175,0.00024059725335684118,0.7894150706196509,0.877459240186094,0.7078079479599049,0.8992857551766149,0.9224445639851769,0.8778245024737593,0.9757290551252709,0.7673175989048148,False,1e-24,False
HNHN,real,,149,restart,326195.83871307306,36826.97766323625,16.31668434048194,64961.630208432514,53230.24338897577,5.021361650969318,0.5669035328250711,0.00030653033504372823,0.9821645728754441,0.9906276851363225,0.9721909940125768,0.9925231120751786,0.994474472960922,0.9895634277190012,0.9980902944064517,0.977592708959136,False,1e-24,False
HNHN,real,,150,base,261850.2768316911,32595.608136375955,11.859257819581165,58822.991971004354,49351.02151378134,4.451495377194773,0.5541304011268812,0.00024030420153044754,0.788422275147214,0.8768059146483657,0.7066057911818067,0.898733280943062,0.9220008774215971,0.8772594626961003,0.9756019202140958,0.7663829921267002,False,1e-24,False
HNHN,real,,150,restart,326195.83865274955,36826.977659153534,16.31668433640956,64961.63020260347,53230.2433852544,5.0213616504912855,0.5669035328130915,0.000306530334988653,0.9821645726938122,0.9906276850264994,0.9721909937699336,0.9925231119861189,0.9944744728913975,0.9895634276247949,0.9980902943853603,0.9775927087834889,False,1e-24,False
HNHN,real,,151,base,261521.73001753865,32571.377631112467,11.839175930736086,58786.90791144069,49327.31305083492,4.448638979473237,0.5540583573502368,0.0002400125852899197,0.7874330318672729,0.8761541259091878,0.7054092593944319,0.8981819668368809,0.921557943861796,0.8766965502996776,0.9754750799492576,0.7654529637478992,False,1e-24,False
HNHN,real,,151,restart,326195.8385985862,36826.97765548455,16.31668433275623,64961.630197364684,53230.24338190884,5.021361650062456,0.5669035328023297,0.000306530334939286,0.9821645725307282,0.9906276849278057,0.9721909935522585,0.9925231119060776,0.9944744728288941,0.9895634275402851,0.9980902943664133,0.9775927086260467,False,1e-24,False
HNHN,real,,152,base,261194.35457206337,32547.203924945603,11.819187612211076,58750.89937700175,49303.644704777136,4.445793295792657,0.5539864796978125,0.00023972239137659307,0.7864473155385678,0.8755038650379257,0.7042183027729779,0.8976318066492758,0.9211157597861067,0.8761357493271736,0.9753485321627023,0.7645274714836117,False,1e-24,False
HNHN,real,,152,restart,326195.83854995365,36826.977652187394,16.316684329478797,64961.63019265638,53230.24337890112,5.02136164967776,0.5669035327926625,0.0003065303348950353,0.9821645723842972,0.9906276848391137,0.9721909933569804,0.9925231118341413,0.9944744727727023,0.9895634274644729,0.9980902943493931,0.9775927084849216,False,1e-24,False
HNHN,real,,153,base,260868.1421981529,32523.08668912942,11.799292038015603,58714.9659650806,49280.01628888162,4.442958245999807,0.5539147669517818,0.0002394336066946008,0.7854651011787755,0.8748551231914743,0.7030328721027553,0.8970827942289743,0.9206743217060122,0.8755770439827328,0.9752222747103245,0.7636064735682359,False,1e-24,False
HNHN,real,,153,restart,326195.838506287,36826.977649224355,16.31668432653856,64961.630188424846,53230.24337619712,5.021361649332656,0.566903532783978,0.00030653033485537033,0.9821645722528185,0.9906276847594094,0.9721909931817935,0.9925231117694894,0.9944744727221848,0.989563427396463,0.9980902943341031,0.9775927083584212,False,1e-24,False
HNHN,real,,154,base,260543.0846836203,32499.025598130607,11.779488392252665,58679.10727678904,49256.42761806892,4.440133750751182,0.5538432179077448,0.00023914621830860408,0.7844863640612807,0.8742078916131468,0.7018529187704735,0.8965349234815211,0.9202336261637639,0.8750204186300726,0.9750963054716579,0.762689928748129,False,1e-24,False
HNHN,real,,154,restart,326195.8384670789,36826.977646561565,16.31668432390082,64961.63018462177,53230.24337376617,5.021361649023065,0.5669035327761762,0.0003065303348198157,0.9821645721347642,0.9906276846877817,0.97219099302463,0.9925231117113836,0.9944744726767686,0.9895634273354517,0.9980902943203674,0.9775927082450298,False,1e-24,False
HNHN,real,,155,base,260219.173900147,32475.020329587915,11.759775868974815,58643.3229169122,49232.87850888637,4.437319731503519,0.5537718313745557,0.0002388602134415564,0.7835110797119924,0.8735621616315833,0.7006783947556623,0.8959881883685841,0.9197936697320062,0.8744658577906143,0.9749706223495713,0.7617777962744775,False,1e-24,False
HNHN,real,,155,restart,326195.8384318739,36826.97764416861,16.31668432153443,64961.630181203764,53230.24337158069,5.021361648745332,0.5669035327691678,0.00030653033478794526,0.9821645720287631,0.9906276846234124,0.9721909928836343,0.9925231116591613,0.9944744726359384,0.9895634272807186,0.9980902943080284,0.9775927081433878,False,1e-24,False
HNHN,real,,156,base,259896.40180223912,32451.070564271933,11.740153672042448,58607.61249386374,49209.36877948831,4.434516110504424,0.5537006061741482,0.00023857557947250152,0.7825392239062026,0.8729179246596687,0.6995092526222291,0.8954425829072701,0.9193544490134055,0.8739133461416368,0.9748452232699614,0.760870035896274,False,1e-24,False
HNHN,real,,156,restart,326195.8384002632,36826.97764201814,16.31668431941147,64961.630178131825,53230.243369615884,5.02136164849618,0.5669035327628721,0.0003065303347593771,0.9821645719335844,0.9906276845655657,0.9721909927571426,0.9925231116122263,0.9944744725992308,0.989563427231618,0.9980902942969442,0.9775927080522776,False,1e-24,False
HNHN,real,,157,base,259574.76042619997,32427.175986045753,11.720621014984223,58571.9756196416,49185.89824961645,4.431722810783146,0.5536295411413711,0.00023829230393440298,0.7815707726654911,0.8722751721934748,0.6983454455101413,0.8948981011694489,0.9189159606402852,0.8733628685144577,0.9747201061814631,0.759966607853395,False,1e-24,False
HNHN,real,,157,restart,326195.8383718797,36826.97764008553,16.31668431750686,64961.630175370934,53230.24336784947,5.021361648272663,0.5669035327572158,0.0003065303347337685,0.9821645718481227,0.9906276845135796,0.9721909926436609,0.9925231115700438,0.9944744725662298,0.9895634271875693,0.9980902942869857,0.9775927079706062,False,1e-24,False
HNHN,real,,158,base,259254.24188911574,32403.33628182589,11.701177120859684,58536.41190978448,49162.46674058072,4.42893975614144,0.5535586351238178,0.00023801037451200656,0.7806057022546731,0.8716338958112092,0.6971869271272423,0.8943547372810878,0.9184782012742663,0.8728144098926325,0.9745952690551494,0.759067472869784,False,1e-24,False
HNHN,real,,158,restart,326195.83834639384,36826.97763834876,16.316684315798152,64961.63017288955,53230.24336626141,5.021361648072145,0.5669035327521349,0.0003065303347108131,0.9821645717713855,0.9906276844668613,0.9721909925418517,0.9925231115321317,0.9944744725365608,0.9895634271480531,0.9980902942780402,0.9775927078973964,False,1e-24,False
HNHN,real,,159,base,258934.83838785588,32379.551141543987,11.681821222123963,58500.92098332892,49139.07407524018,4.426166871144556,0.5534878869816636,0.00023772977903973382,0.7796439891787875,0.8709940871721846,0.6960336517411885,0.8938124854215966,0.9180411676059119,0.8722679554101801,0.9744707098842451,0.7581725921467338,False,1e-24,False
HNHN,real,,159,restart,326195.8383235096,36826.97763678796,16.31668431426517,64961.63017065938,53230.2433648337,5.021361647892258,0.5669035327475704,0.0003065303346902357,0.982164571702482,0.9906276844248765,0.9721909924505127,0.9925231114980578,0.9944744725098876,0.9895634271126026,0.9980902942700041,0.9775927078317705,False,1e-24,False
HNHN,real,,160,base,258616.54219808715,32355.82025810901,11.662552560494593,58465.502462766875,49115.72007798435,4.42340408111235,0.5534172955875043,0.00023745050549960726,0.7786856101801299,0.8703557380158026,0.694885574171515,0.8932713398231787,0.9176048563543775,0.8717234903498294,0.9743464266838425,0.7572819273562686,False,1e-24,False
HNHN,real,,160,restart,326195.8383029614,36826.97763538528,16.316684312889844,64961.63016865501,53230.24336355014,5.021361647730878,0.5669035327434696,0.0003065303346717899,0.9821645716406119,0.9906276843871451,0.9721909923685671,0.9925231114674338,0.9944744724859075,0.9895634270807994,0.9980902942627842,0.9775927077729428,False,1e-24,False
HNHN,real,,161,base,258299.3456733012,32332.14332736987,11.643370386820349,58430.15597400404,49092.404574714725,4.4206513121104845,0.5533468598261941,0.0002371725420192052,0.7777305422353239,0.8697188401605472,0.6937426497818203,0.8927312947701951,0.9171692642670665,0.8711810001412863,0.9742224174906162,0.7563954406346226,False,1e-24,False
HNHN,real,,161,restart,326195.8382845106,36826.97763412473,16.31668431165595,64961.630166853545,53230.24336239616,5.0213616475861,0.566903532739786,0.0003065303346552548,0.9821645715850572,0.9906276843532368,0.9721909922950485,0.9925231114399099,0.9944744724643483,0.9895634270522679,0.9980902942562988,0.9775927077202088,False,1e-24,False
HNHN,real,,162,base,257983.24124385594,32308.520048078764,11.62427396095211,58394.88114631863,49069.12739282658,4.41790849094176,0.5532765785946904,0.00023689587686964784,0.7767787625524346,0.8690833855030005,0.692604834472072,0.8921923445985337,0.9167343881192894,0.870640470359525,0.9740986803625492,0.7555130945758165,False,1e-24,False
HNHN,real,,162,restart,326195.83826794307,36826.97763299187,16.31668431054893,64961.630165234434,53230.2433613587,5.021361647456216,0.5669035327364768,0.0003065303346404323,0.9821645715351729,0.9906276843227635,0.9721909922290891,0.9925231114151721,0.9944744724449659,0.9895634270266717,0.9980902942504725,0.9775927076729365,False,1e-24,False
HNHN,real,,163,base,257668.2214160299,32284.950121854876,11.605262551615727,58359.677612320804,49045.88836119105,4.415175545137545,0.5532064508018962,0.0002366204984636127,0.7758302485681217,0.868449366016864,0.6914720846710317,0.8916544836949902,0.9163002247139301,0.870101886723099,0.9739752133786566,0.7546348522253282,False,1e-24,False
HNHN,real,,163,restart,326195.83825306647,36826.97763197377,16.31668430955573,64961.63016377924,53230.243360425986,5.021361647339694,0.5669035327335035,0.0003065303346271448,0.98216457149038,0.9906276842953772,0.9721909921699117,0.9925231113929389,0.9944744724275405,0.9895634270037084,0.9980902942452378,0.9775927076305597,False,1e-24,False
HNHN,real,,164,base,257354.27877109018,32261.433253148727,11.586335436286813,58324.545007912675,49022.687310137415,4.412452402949322,0.5531364753685081,0.00023634639535337904,0.7748849779448326,0.8678167737520014,0.6903443573287951,0.8911177064966567,0.9158667708811137,0.8695652350924752,0.9738520146387165,0.7537606770738569,False,1e-24,False
HNHN,real,,164,restart,326195.8382397083,36826.97763105885,16.316684308664648,64961.63016247136,53230.243359587424,5.021361647235157,0.5669035327308329,0.0003065303346152336,0.9821645714501589,0.9906276842707662,0.9721909921168187,0.9925231113729562,0.994474472411874,0.9895634269831073,0.998090294240536,0.9775927075925723,False,1e-24,False
HNHN,real,,165,base,257041.4059643724,32237.969149206954,11.567491901067461,58289.482972248756,48999.52407143567,4.409738993340327,0.5530666512268644,0.0002360735562289011,0.7739429285680328,0.8671856008334906,0.6892216099094457,0.8905820074903172,0.9154340234778817,0.8690305014683866,0.9737290822630043,0.7528905330511767,False,1e-24,False
HNHN,real,,165,restart,326195.8382277133,36826.97763023656,16.316684307865174,64961.630161295856,53230.24335883353,5.021361647141374,0.5669035327284332,0.0003065303346045557,0.9821645714140425,0.990627684248647,0.9721909920691839,0.9925231113549962,0.9944744723977894,0.9895634269646254,0.998090294236311,0.9775927075585182,False,1e-24,False
HNHN,real,,166,base,256729.5957243742,32214.557520037593,11.548731240564855,58254.491147697154,48976.39847827937,4.407035245977304,0.552996977320796,0.00023580196991591007,0.7730040785434763,0.8665558394606896,0.6881038003838236,0.8900473812118554,0.9150019793878713,0.8684976719902064,0.9736064143920287,0.7520243845200851,False,1e-24,False
HNHN,real,,166,restart,326195.8382169423,36826.9776294976,16.316684307147877,64961.63016023934,53230.24335815574,5.021361647057234,0.5669035327262778,0.00030653033459498346,0.9821645713816114,0.9906276842287695,0.9721909920264455,0.9925231113388542,0.9944744723851267,0.9895634269480439,0.9980902942325163,0.9775927075279902,False,1e-24,False
HNHN,real,,167,base,256418.84085186085,32191.198078375885,11.530052757771767,58219.5691798011,48953.310365268604,4.40434109122236,0.5529274526054792,0.00023553162537404436,0.772068406194512,0.8659274819063167,0.6869908872224034,0.8895138222456662,0.9145706355209974,0.8679667329343443,0.9734840091862729,0.751162196270439,False,1e-24,False
HNHN,real,,167,restart,326195.83820727066,36826.97762883348,16.316684306504325,64961.63015928977,53230.24335754638,5.021361646981751,0.5669035327243412,0.00030653033458640254,0.9821645713524904,0.990627684210905,0.972190991988101,0.992523111324346,0.9944744723737422,0.9895634269331683,0.9980902942291068,0.9775927075006238,False,1e-24,False
HNHN,real,,168,base,256109.13421898332,32167.89053965061,11.511455763948808,58184.71671724117,48930.259568393376,4.401656460124925,0.5528580760472911,0.00023526251169500567,0.7711358900594291,0.8653005205155454,0.6858828293882802,0.8889813252240787,0.9141399888131416,0.8674376707126606,0.973361864825941,0.7503039335132738,False,1e-24,False
HNHN,real,,168,restart,326195.838198586,36826.977628236644,16.31668430592691,64961.63015843632,53230.24335699854,5.021361646914031,0.5669035327226015,0.00030653033457870985,0.9821645713263412,0.9906276841948503,0.9721909919536971,0.9925231113113064,0.9944744723635072,0.9895634269198228,0.9980902942260438,0.9775927074760901,False,1e-24,False
HNHN,real,,169,base,255800.4687684082,32144.634621950732,11.492939578508567,58149.933411797945,48907.24592501701,4.398981284413805,0.5527888466236655,0.00023499461810074456,0.7702065088888367,0.8646749477051069,0.6847795863302646,0.8884498848267857,0.913710036225843,0.8669104718709013,0.9732399795107026,0.7494495618750177,False,1e-24,False
HNHN,real,,169,restart,326195.8381907874,36826.97762770025,16.316684305408852,64961.630157669235,53230.24335650599,5.0213616468532765,0.5669035327210387,0.00030653033457181384,0.9821645713028598,0.9906276841804216,0.9721909919228299,0.9925231112995865,0.9944744723543051,0.9895634269078498,0.9980902942232922,0.9775927074540971,False,1e-24,False
HNHN,real,,170,base,255492.8375124595,32121.430045992718,11.474503528901463,58115.2189183152,48884.26927386005,4.396315496489338,0.5527197633229519,0.00023472793394167067,0.7692802416430802,0.8640507559624104,0.6836811179760827,0.8879194957802814,0.9132807747459969,0.8663851230871509,0.9731183514594465,0.7485990473917827,False,1e-24,False
HNHN,real,,170,restart,326195.83818378457,36826.977627218184,16.316684304944033,64961.6301569798,53230.243356063176,5.021361646798767,0.5669035327196343,0.0003065303345656316,0.9821645712817746,0.9906276841674542,0.9721909918951347,0.9925231112890529,0.9944744723460323,0.9895634268971076,0.9980902942208197,0.9775927074343806,False,1e-24,False
HNHN,real,,171,base,255186.23353227344,32098.276535088207,11.45614695050335,58080.57289466366,48861.329454984116,4.3936590294156606,0.5526508251442772,0.00023446244869489038,0.7683570674896961,0.8634279378446746,0.6825873847256786,0.8873901528573079,0.9128522013855529,0.8658616111703098,0.9729969789100351,0.7477523565037452,False,1e-24,False
HNHN,real,,171,restart,326195.83817749633,36826.97762678495,16.316684304526976,64961.63015636014,53230.24335566505,5.021361646749867,0.5669035327183729,0.0003065303345600893,0.9821645712628408,0.9906276841558005,0.9721909918702853,0.9925231112795853,0.9944744723385942,0.9895634268874708,0.9980902942185989,0.9775927074167049,False,1e-24,False
HNHN,real,,172,base,254880.64997696274,32075.173815112194,11.43786918650487,58045.99500170516,48838.42630977616,4.391011816913042,0.5525820310974073,0.0002341981519624704,0.7674369658008959,0.862806485978071,0.6814983474446225,0.8868618508763069,0.9124243131812215,0.865339923058583,0.9728758601190627,0.746909456049607,False,1e-24,False
HNHN,real,,172,restart,326195.83817184967,36826.977626395594,16.316684304152783,64961.63015580319,53230.24335530712,5.021361646705994,0.5669035327172396,0.00030653033455512076,0.982164571245839,0.9906276841453269,0.97219099184799,0.992523111271076,0.9944744723319071,0.9895634268788248,0.9980902942166036,0.9775927074008592,False,1e-24,False
HNHN,real,,173,base,254576.0800627944,32052.12161447155,11.41966958780241,58011.48490325738,48815.55968093289,4.388373793350355,0.5525133802026123,0.0002339350334697253,0.7665199161510904,0.862186393056877,0.6804139674576127,0.8863345847008812,0.9119971071941828,0.8648200458179958,0.9727549933616167,0.7460703132611348,False,1e-24,False
HNHN,real,,173,restart,326195.8381667791,36826.97762604568,16.31668430381704,64961.630155302606,53230.24335498531,5.021361646666632,0.5669035327162215,0.0003065303345506666,0.9821645712305715,0.9906276841359144,0.9721909918279855,0.9925231112634277,0.9944744723258949,0.9895634268710677,0.9980902942148111,0.9775927073866539,False,1e-24,False
HNHN,real,,174,base,254272.51707237714,32029.119664074144,11.401547512890843,57977.042266059056,48792.72941244541,4.385744893737593,0.552444871490532,0.00023367308306353294,0.7656058983144428,0.8615676518426462,0.6793342065420855,0.8858083492392638,0.911570580509799,0.8643019666409201,0.9726343769310418,0.7452348957577871,False,1e-24,False
HNHN,real,,174,restart,326195.8381622256,36826.977625731204,16.316684303515792,64961.63015485268,53230.24335469599,5.021361646631316,0.566903532715307,0.00030653033454667325,0.9821645712168613,0.9906276841274552,0.9721909918100363,0.9925231112565535,0.9944744723204897,0.9895634268641079,0.9980902942132011,0.9775927073739182,False,1e-24,False
HNHN,real,,175,base,253969.95435386105,32006.167697298282,11.383502327757764,57942.66675973561,48769.935349584084,4.38312505371853,0.5523765040020454,0.0002334122907106713,0.7646948922624595,0.8609502551633853,0.6782590269219133,0.8852831394437918,0.9111447302373324,0.863785672844627,0.9725140091387098,0.7444031715414108,False,1e-24,False
HNHN,real,,175,restart,326195.8381581369,36826.97762544856,16.3166843032455,64961.6301544483,53230.24335443587,5.021361646599633,0.566903532714485,0.0003065303345430933,0.9821645712045503,0.9906276841198522,0.9721909917939315,0.9925231112503751,0.9944744723156301,0.9895634268578641,0.9980902942117539,0.9775927073625011,False,1e-24,False
HNHN,real,,176,base,253668.38532014773,31983.265449962622,11.365533405779445,57908.35805676536,48747.17733888357,4.380514209563432,0.552308276788139,0.0002331526464961826,0.7637868781616112,0.8603341959127454,0.6771883912612052,0.8847589503103904,0.9107195535096656,0.8632711518698511,0.9723938883137874,0.7435751089910229,False,1e-24,False
HNHN,real,,176,restart,326195.83815446513,36826.977625194544,16.31668430300297,64961.63015408483,53230.24335420201,5.021361646571206,0.5669035327137467,0.00030653033453988387,0.9821645711934948,0.9906276841130193,0.972190991779481,0.9925231112448217,0.994474472311261,0.989563426852262,0.998090294210454,0.9775927073522654,False,1e-24,False
HNHN,real,,177,base,253367.80344811067,31960.412660296544,11.347640127618321,57874.11583244604,48724.455228128136,4.37791229816188,0.552240188909781,0.00023289414062176,0.7628818363709859,0.859719467049225,0.6761222626581994,0.8842357768780621,0.9102950474830268,0.8627583912793759,0.9722740128030154,0.742750676857666,False,1e-24,False
HNHN,real,,177,restart,326195.8381511678,36826.97762496627,16.316684302785358,64961.63015375814,53230.24335399175,5.0213616465457,0.5669035327130836,0.0003065303345370065,0.9821645711835665,0.9906276841068787,0.9721909917665151,0.9925231112398304,0.9944744723073328,0.9895634268472355,0.9980902942092865,0.9775927073430889,False,1e-24,False
HNHN,real,,178,base,253068.20227782757,31937.60906891083,11.329821881122,57839.93976486197,48701.76886633713,4.37531925701568,0.552172239437792,0.00023263676340415677,0.7619797474399774,0.8591060615953809,0.675060604639245,0.8837136142283841,0.9098712093367187,0.8622473787566363,0.9721543809704807,0.7419298442593355,False,1e-24,False
HNHN,real,,178,restart,326195.838148207,36826.97762476109,16.31668430259009,64961.63015346452,53230.24335380272,5.021361646522819,0.5669035327124876,0.00030653033453442675,0.9821645711746517,0.9906276841013597,0.9721909917548806,0.9925231112353443,0.9944744723038013,0.9895634268427264,0.9980902942082372,0.9775927073348615,False,1e-24,False
HNHN,real,,179,base,252769.57541182192,31914.854418768875,11.312078061223893,57805.82953485152,48679.1181037506,4.372735024231863,0.5521044274527225,0.00023238050527362214,0.7610805921060017,0.8584939726370542,0.6740033811528825,0.883192457485012,0.9094480362728499,0.8617381021043393,0.9720349911974006,0.7411125806759893,False,1e-24,False
HNHN,real,,179,restart,326195.8381455482,36826.9776245767,16.316684302414888,64961.6301532006,53230.24335363276,5.0213616465022906,0.5669035327119523,0.00030653033453211404,0.9821645711666461,0.9906276840963996,0.9721909917444416,0.9925231112313119,0.9944744723006259,0.9895634268386808,0.9980902942072947,0.9775927073274857,False,1e-24,False
HNHN,real,,180,base,252471.91651431494,31892.148455158273,11.294408069845261,57771.78482597508,48656.50279181531,4.370159538515758,0.5520367520447295,0.00023212535677235593,0.7601843512922442,0.8578831933226057,0.6729505565640066,0.8826723018131898,0.9090255255160729,0.8612305492430994,0.9719158418819055,0.740298855944621,False,1e-24,False
HNHN,real,,180,restart,326195.8381431605,36826.977624410974,16.316684302257688,64961.63015296338,53230.24335347995,5.0213616464838715,0.5669035327114713,0.0003065303345300407,0.9821645711594569,0.9906276840919417,0.9721909917350752,0.9925231112276875,0.9944744722977711,0.9895634268350509,0.9980902942064479,0.9775927073208734,False,1e-24,False
HNHN,real,,181,base,252175.21931048838,31869.490925662656,11.276811315798781,57737.80532448349,48633.92278317063,4.367592739164169,0.5519692123134532,0.00023187130855298864,0.7592910061054406,0.8572737168621587,0.6719020956481208,0.8821531424192677,0.9086036743133218,0.8607247082100928,0.9717969314388223,0.7394886402544117,False,1e-24,False
HNHN,real,,181,restart,326195.8381410164,36826.97762426203,16.316684302116613,64961.63015275017,53230.243353342565,5.021361646467345,0.566903532711039,0.00030653033452818164,0.9821645711530009,0.9906276840879351,0.9721909917266696,0.99252311122443,0.9944744722952044,0.9895634268317941,0.9980902942056868,0.9775927073149445,False,1e-24,False
HNHN,real,,182,base,251879.47758575715,31846.88158013421,11.259287214693597,57703.89071928683,48611.37793163493,4.365034566058637,0.5519018073679003,0.00023161835137708298,0.7584005378336869,0.8566655365268593,0.6708579635856797,0.8816349745502258,0.908182479933557,0.8602205671577311,0.9716782582994681,0.7386819041419517,False,1e-24,False
HNHN,real,,182,restart,326195.83813909086,36826.97762412817,16.316684301990048,64961.63015255854,53230.243353219055,5.021361646452518,0.5669035327106509,0.00030653033452651517,0.9821645711472033,0.9906276840843344,0.9721909917191285,0.9925231112215022,0.9944744722928969,0.989563426828872,0.9980902942050034,0.9775927073096298,False,1e-24,False
HNHN,real,,183,base,251584.68518505094,31824.32017066633,11.241835188841758,57670.040701923754,48588.86809219203,4.362484959658761,0.5518345363263241,0.00023136647611365658,0.7575129279442756,0.856058645648141,0.6698181259565152,0.8811177934932048,0.9077619396675126,0.8597181143523434,0.9715598209114397,0.737878618486528,False,1e-24,False
HNHN,real,,183,restart,326195.83813736186,36826.97762400787,16.316684301876464,64961.63015238628,53230.243353108,5.021361646439217,0.5669035327103022,0.00030653033452502086,0.9821645711419974,0.9906276840810984,0.9721909917123609,0.9925231112188703,0.9944744722908222,0.9895634268262508,0.9980902942043897,0.977592707304864,False,1e-24,False
HNHN,real,,184,base,251290.83601210665,31801.80645156671,11.224454667166082,57636.25496653109,48566.39312097777,4.35994386099564,0.5517673983161079,0.00023111567373772688,0.7566281580815659,0.8554530376170011,0.6687825487343457,0.8806015945750422,0.907342050827445,0.8592173381728851,0.9714416177384084,0.7370787545054851,False,1e-24,False
HNHN,real,,184,restart,326195.838135809,36826.97762389974,16.316684301774547,64961.63015223146,53230.24335300816,5.02136164642728,0.5669035327099887,0.00030653033452368117,0.9821645711373217,0.9906276840781896,0.9721909917062884,0.9925231112165048,0.9944744722889569,0.9895634268238984,0.9980902942038377,0.9775927073005914,False,1e-24,False
HNHN,real,,185,base,250997.92402876983,31779.34017933088,11.207145085109438,57602.53320981395,48543.952875266885,4.357411211665365,0.5517003924736512,0.00023086593532887744,0.7557462100648803,0.8548487058832884,0.6677511982813717,0.8800863731618149,0.9069228107468883,0.8587182271096554,0.9713236472599194,0.7362822837496513,False,1e-24,False
HNHN,real,,185,restart,326195.83813441463,36826.97762380255,16.316684301683093,64961.6301520923,53230.24335291839,5.021361646416572,0.5669035327097071,0.00030653033452248004,0.9821645711331234,0.9906276840755753,0.9721909917008393,0.9925231112143788,0.9944744722872798,0.9895634268217881,0.9980902942033418,0.9775927072967608,False,1e-24,False
HNHN,real,,186,base,250705.9432543053,31756.921112616074,11.189905884545368,57568.87513101631,48521.54721345999,4.354886953822601,0.5516335179442552,0.00023061725206984456,0.7548670658864285,0.8542456439550005,0.6667240413429498,0.8795721246583904,0.9065042167804108,0.8582207697630311,0.9712059079711897,0.735489178098832,False,1e-24,False
HNHN,real,,186,restart,326195.8381331623,36826.97762371521,16.316684301601033,64961.630151967234,53230.243352837686,5.021361646406962,0.566903532709454,0.00030653033452140315,0.9821645711293526,0.990627684073226,0.9721909916959499,0.9925231112124678,0.994474472285772,0.9895634268198944,0.9980902942028963,0.9775927072933264,False,1e-24,False
HNHN,real,,187,base,250414.88776471812,31734.549012215455,11.172736513690053,57535.280431891784,48499.17599507081,4.3523710301742655,0.5515667738820128,0.00023036961524512477,0.7539907077092634,0.8536438453975906,0.6657010450423481,0.8790588445079798,0.9060862663033764,0.8577249548422226,0.9710883983829156,0.734699409757368,False,1e-24,False
HNHN,real,,187,restart,326195.8381320377,36826.977623636725,16.316684301527395,64961.630151854806,53230.24335276511,5.02136164639834,0.5669035327092269,0.0003065303345204377,0.9821645711259666,0.9906276840711147,0.9721909916915624,0.9925231112107501,0.9944744722844161,0.9895634268181951,0.9980902942024964,0.9775927072902474,False,1e-24,False
HNHN,real,,188,base,250124.75169208218,31712.223641032637,11.155636427015613,57501.74881667498,48476.839080713435,4.349863383973259,0.5515001594496962,0.00023012301623960248,0.7531171178652589,0.8530433038332819,0.6646821768755797,0.8785465281917004,0.905668956711707,0.8572307711640372,0.970971117021074,0.7339129512497597,False,1e-24,False
HNHN,real,,188,restart,326195.8381310279,36826.97762356617,16.316684301461326,64961.63015175375,53230.24335269988,5.021361646390606,0.5669035327090227,0.0003065303345195721,0.982164571122926,0.9906276840692169,0.9721909916876258,0.9925231112092061,0.9944744722831974,0.989563426816671,0.9980902942021369,0.9775927072874867,False,1e-24,False
HNHN,real,,189,base,249835.5292238789,31689.944764056687,11.138605085164732,57468.27999205321,48454.536332089956,4.347363959012284,0.5514336738186494,0.0002298774465371981,0.7522462788531196,0.8524440129403951,0.6636674047063164,0.8780351712281433,0.9052522854216503,0.8567382076516619,0.9708540624267329,0.7331297754163548,False,1e-24,False
HNHN,real,,189,restart,326195.8381301209,36826.97762350276,16.316684301402027,64961.630151662925,53230.24335264122,5.0213616463836654,0.5669035327088393,0.00030653033451879597,0.9821645711201951,0.9906276840675111,0.9721909916840927,0.9925231112078184,0.9944744722821015,0.9895634268153032,0.998090294201814,0.9775927072850115,False,1e-24,False
HNHN,real,,190,base,249547.21460234464,31667.71214833743,11.121641954866503,57434.87366713847,48432.267611978124,4.344872699617755,0.5513673161686817,0.00022963289771953465,0.7513781733364149,0.8518459664526845,0.662656696760874,0.8775247691729456,0.9048362498695507,0.8562472533334619,0.9707372331558651,0.7323498554090959,False,1e-24,False
HNHN,real,,190,restart,326195.83812930644,36826.97762344579,16.31668430134882,64961.630151581274,53230.24335258847,5.021361646377438,0.5669035327086748,0.00030653033451810013,0.9821645711177428,0.9906276840659787,0.9721909916809224,0.9925231112065709,0.994474472281116,0.989563426814076,0.9980902942015244,0.9775927072827924,False,1e-24,False
HNHN,real,,191,base,249259.80212382635,31645.525562960927,11.104746508853616,57401.529553439956,48410.032784219205,4.342389550643755,0.5513010856879593,0.0002293893614646252,0.7505127841416395,0.8512491581586782,0.6616500216232787,0.8770153176183704,0.9044208475116214,0.855757897341791,0.9706206277791558,0.731573164687335,False,1e-24,False
HNHN,real,,191,restart,326195.838128575,36826.97762339456,16.316684301301073,64961.6301515079,53230.24335254107,5.021361646371851,0.5669035327085264,0.0003065303345174761,0.9821645711155405,0.9906276840646006,0.9721909916780775,0.9925231112054499,0.9944744722802304,0.9895634268129749,0.9980902942012632,0.9775927072808022,False,1e-24,False
HNHN,real,,192,base,248973.28613814712,31623.384779025637,11.08791822578072,57368.247364836825,48387.831713706044,4.339914457466105,0.5512349815729042,0.00022914682954557818,0.7496500942563029,0.8506535819010367,0.6606473482304023,0.8765068121928897,0.904006075823722,0.8552701289118221,0.9705042448818257,0.7307996770137043,False,1e-24,False
HNHN,real,,192,restart,326195.8381279183,36826.977623348525,16.316684301258235,64961.630151441954,53230.24335249843,5.02136164636684,0.5669035327083933,0.0003065303345169169,0.9821645711135631,0.9906276840633622,0.9721909916755251,0.9925231112044424,0.9944744722794339,0.9895634268119874,0.9980902942010288,0.9775927072790187,False,1e-24,False
HNHN,real,,193,base,248687.6610479778,31601.289569618533,11.07115659014405,57335.026817551436,48365.664266371234,4.337447365976454,0.5511690030280884,0.00022890529382932207,0.7487900868270377,0.8500592315759103,0.6596486458671739,0.8759992485607773,0.9035919323011369,0.8547839373803826,0.9703880830634444,0.7300293664500483,False,1e-24,False
HNHN,real,,193,restart,326195.8381273283,36826.97762330714,16.316684301219784,64961.63015138266,53230.2433524601,5.021361646362341,0.5669035327082738,0.0003065303345164152,0.9821645711117867,0.990627684062249,0.9721909916732341,0.9925231112035364,0.9944744722787178,0.9895634268111009,0.9980902942008183,0.9775927072774188,False,1e-24,False
HNHN,real,,194,base,248402.92130822007,31579.239709791837,11.05446109220222,57301.86763012279,48343.5303091755,4.334988222576503,0.5511031492661345,0.0002286647462753482,0.7479327451577412,0.8494661011323142,0.6586538841618603,0.8754926224217016,0.9031784144583587,0.8542993121848168,0.9702721409377554,0.7292622073534151,False,1e-24,False
HNHN,real,,194,restart,326195.83812679845,36826.97762326996,16.316684301185283,64961.63015132937,53230.243352425634,5.0213616463583035,0.5669035327081664,0.00030653033451596555,0.9821645711101913,0.9906276840612489,0.9721909916711785,0.9925231112027222,0.9944744722780738,0.9895634268103052,0.9980902942006293,0.9775927072759847,False,1e-24,False
HNHN,real,,195,base,248119.06142539537,31557.23497653989,11.037831227898264,57268.76952338051,48321.429710096156,4.332536974172257,0.551037419507614,0.00022842517893447283,0.7470780527077366,0.8488741845715051,0.6576630330814207,0.8749869295103285,0.9027655198288725,0.8538162428618518,0.970156417132497,0.7284981743721082,False,1e-24,False
HNHN,real,,195,restart,326195.8381263228,36826.977623236526,16.316684301154318,64961.63015128147,53230.24335239466,5.021361646354684,0.5669035327080698,0.00030653033451556223,0.9821645711087591,0.9906276840603495,0.9721909916693335,0.9925231112019903,0.9944744722774952,0.9895634268095919,0.9980902942004592,0.9775927072746984,False,1e-24,False
HNHN,real,,196,base,247836.0759570427,31535.275148776433,11.021266498782763,57235.73222041904,48299.362338115876,4.330093568168354,0.5509718129809497,0.00022818658394761518,0.7462259930899589,0.8482834759463707,0.6566760629269272,0.8744821655959274,0.902353245964946,0.853334719046481,0.9700409102892302,0.727737242441789,False,1e-24,False
HNHN,real,,196,restart,326195.8381258954,36826.977623206505,16.316684301126536,64961.630151238416,53230.24335236679,5.0213616463514334,0.5669035327079833,0.00030653033451520076,0.9821645711074722,0.990627684059542,0.9721909916676782,0.9925231112013325,0.9944744722769745,0.9895634268089513,0.998090294200307,0.9775927072735455,False,1e-24,False
HNHN,real,,197,base,247553.9595111254,31513.36000731218,11.00476641193817,57202.75544657222,48277.32806321142,4.327657952462492,0.5509063289223171,0.00022794895354459537,0.745376550069169,0.8476939693608265,0.655692944329055,0.8739783264819823,0.9019415904374188,0.8528547304708655,0.969925619063166,0.7269793867816434,False,1e-24,False
HNHN,real,,197,restart,326195.8381255117,36826.9776231795,16.316684301101603,64961.630151199715,53230.24335234174,5.0213616463485184,0.5669035327079054,0.0003065303345148766,0.9821645711063169,0.9906276840588155,0.9721909916661926,0.9925231112007412,0.9944744722765065,0.9895634268083768,0.9980902942001698,0.9775927072725117,False,1e-24,False
HNHN,real,,198,base,247272.70674544424,31491.48933483267,10.988330479904247,57169.83892938827,48255.32675634266,4.325230075439888,0.5508409665755487,0.00022771228004294768,0.744529707560187,0.8471056589692196,0.6547136482436402,0.87347540800581,0.9015305508354979,0.852376266963242,0.969810542122996,0.7262245828905974,False,1e-24,False
HNHN,real,,198,restart,326195.8381251672,36826.97762315524,16.31668430107922,64961.63015116492,53230.24335231922,5.021361646345904,0.5669035327078356,0.0003065303345145858,0.9821645711052795,0.9906276840581629,0.972190991664859,0.9925231112002096,0.9944744722760858,0.9895634268078615,0.9980902942000468,0.9775927072715843,False,1e-24,False
HNHN,real,,199,base,246992.31236705885,31469.662915876484,10.97195822060461,57136.98239860498,48233.358289441676,4.322809885967819,0.55077572519204,0.00022747655584675266,0.7436854496261494,0.8465185389757437,0.6537381459473031,0.872973406038181,0.901120124766553,0.8518993184468475,0.9696956781507268,0.7254728065435921,False,1e-24,False
HNHN,real,,199,restart,326195.83812485763,36826.977623133425,16.316684301059137,64961.630151133664,53230.243352298974,5.021361646343554,0.5669035327077725,0.0003065303345143252,0.9821645711043475,0.9906276840575762,0.9721909916636624,0.992523111199732,0.9944744722757075,0.9895634268073985,0.9980902941999358,0.9775927072707533,False,1e-24,False
HNHN,real,,200,base,246712.77113171807,31447.880536813682,10.955649157274413,57104.18558612536,48211.422535402024,4.320397333390252,0.5507106040306544,0.00022724177344548576,0.7428437604767943,0.8459326036338574,0.6527664090331398,0.8724723164829469,0.900710309855917,0.8514238749388604,0.9695810258415137,0.7247240337879114,False,1e-24,False
HNHN,real,,200,restart,326195.8381245796,36826.97762311382,16.316684301041118,64961.630151105564,53230.24335228078,5.021361646341447,0.5669035327077159,0.00030653033451409146,0.9821645711035103,0.9906276840570487,0.9721909916625887,0.9925231111993027,0.9944744722753676,0.9895634268069832,0.9980902941998361,0.9775927072700078,False,1e-24,False
HNHN,real,,201,base,246434.07784329556,31426.141985824594,10.939402818389002,57071.44822599349,48189.51936806821,4.3179923675225025,0.5506456023576319,0.00022700792541288076,0.7420046244667623,0.8453478472457154,0.6517984094064702,0.8719721352766725,0.900301103746689,0.8509499265493478,0.969466583903499,0.7239782409395576,False,1e-24,False
HNHN,real,,201,restart,326195.83812433004,36826.9776230962,16.316684301024946,64961.630151080295,53230.2433522644,5.021361646339558,0.5669035327076652,0.00030653033451388193,0.982164571102759,0.9906276840565749,0.9721909916616251,0.9925231111989167,0.9944744722750616,0.9895634268066109,0.9980902941997469,0.9775927072693396,False,1e-24,False
HNHN,real,,202,base,246156.2273532351,31404.44705287888,10.92321873759375,57038.77005437083,48167.64866222514,4.3155949386459875,0.5505807194464984,0.00022677500440581281,0.7411680260939256,0.8447642641616044,0.6508341192806583,0.8714728583882726,0.8998925040995366,0.850477463480232,0.9693523510576523,0.7232354045796895,False,1e-24,False
HNHN,real,,202,restart,326195.8381241058,36826.977623080376,16.316684301010433,64961.63015105759,53230.24335224969,5.021361646337862,0.5669035327076198,0.00030653033451369404,0.9821645711020839,0.9906276840561492,0.9721909916607605,0.9925231111985697,0.9944744722747867,0.9895634268062767,0.998090294199667,0.9775927072687404,False,1e-24,False
HNHN,real,,203,base,245879.21456000154,31382.795529714836,10.907096453634855,57006.15080951272,48145.81029358791,4.3132049975030275,0.550515954577974,0.00022654300316319464,0.7403339499977354,0.8441818487793863,0.6498735111729887,0.870974481818654,0.8994845085925062,0.8500064760242663,0.9692383260376094,0.7224955015511013,False,1e-24,False
HNHN,real,,203,restart,326195.8381239046,36826.97762306614,16.316684300997412,64961.63015103717,53230.243352236444,5.021361646336342,0.5669035327075788,0.00030653033451352567,0.982164571101478,0.9906276840557662,0.9721909916599847,0.9925231111982578,0.9944744722745393,0.9895634268059772,0.9980902941995947,0.9775927072682034,False,1e-24,False
HNHN,real,,204,base,245603.03440854003,31361.18720981908,10.89103551029119,56973.59023174522,48124.00413879156,4.310822495291722,0.5504513070398868,0.00022631191450489044,0.7395023809575937,0.8436005955439521,0.6489165579006061,0.8704770016003609,0.899077114920831,0.849536954564024,0.9691245075895207,0.7217585089547598,False,1e-24,False
HNHN,real,,204,restart,326195.8381237238,36826.97762305334,16.316684300985717,64961.63015101882,53230.24335222455,5.021361646334978,0.5669035327075419,0.0003065303345133745,0.9821645711009336,0.9906276840554219,0.9721909916592878,0.9925231111979774,0.9944744722743171,0.9895634268057084,0.9980902941995298,0.9775927072677212,False,1e-24,False
HNHN,real,,205,base,245327.68188974218,31339.6218884064,10.87503545630717,56941.08806344238,48102.230075381136,4.308447383660882,0.5503867761270833,0.0002260817313306446,0.7386733038912453,0.8430204989466799,0.6479632325765152,0.8699804137972281,0.898670320796745,0.849068889570901,0.9690108944718931,0.7210244041463868,False,1e-24,False
HNHN,real,,205,restart,326195.83812356135,36826.97762304184,16.31668430097523,64961.63015100234,53230.24335221386,5.021361646333751,0.5669035327075088,0.000306530334513239,0.9821645711004445,0.9906276840551127,0.972190991658663,0.9925231111977256,0.9944744722741173,0.9895634268054665,0.9980902941994716,0.9775927072672891,False,1e-24,False
HNHN,real,,206,base,245053.1520399186,31318.099362399975,10.859095845326605,56908.64404900357,48080.48798180167,4.306079614705023,0.5503223611413446,0.00022585244661902645,0.7378467038531906,0.8424415535249024,0.6470135086056394,0.8694847145040345,0.8982641239492967,0.8486022716041282,0.9688974854554424,0.7202931647330943,False,1e-24,False
HNHN,real,,206,restart,326195.8381234155,36826.977623031504,16.316684300965818,64961.630150987505,53230.243352204234,5.021361646332652,0.5669035327074791,0.0003065303345131176,0.9821645711000053,0.9906276840548346,0.9721909916581022,0.9925231111974989,0.9944744722739375,0.98956342680525,0.9980902941994192,0.9775927072669021,False,1e-24,False
HNHN,real,,207,base,244779.43994027935,31296.6194304118,10.843216235827498,56876.257934831345,48058.77773738854,4.303719140959431,0.5502580613912993,0.00022562405342638884,0.7370225660331202,0.8418637538613809,0.6460673596809362,0.868989899846165,0.8978585221241683,0.8481370913097994,0.9687842793229402,0.7195647685700634,False,1e-24,False
HNHN,real,,207,restart,326195.8381232846,36826.97762302222,16.31668430095737,64961.63015097418,53230.24335219559,5.021361646331667,0.5669035327074524,0.00030653033451300866,0.9821645710996111,0.9906276840545848,0.9721909916575988,0.9925231111972954,0.9944744722737761,0.9895634268050558,0.9980902941993722,0.9775927072665545,False,1e-24,False
HNHN,real,,208,base,244506.54071642083,31275.181892723336,10.827396191057892,56843.92946930947,48037.09922235774,4.301365915395277,0.5501938761923396,0.00022539654488584385,0.7362008757543708,0.8412870945837844,0.6451247597795746,0.8684959659792741,0.897453513083494,0.847673339419909,0.9686712748690661,0.718839193757277,False,1e-24,False
HNHN,real,,208,restart,326195.8381231669,36826.977623013874,16.316684300949788,64961.63015096221,53230.24335218781,5.02136164633078,0.5669035327074283,0.00030653033451291103,0.9821645710992567,0.9906276840543603,0.9721909916571471,0.9925231111971126,0.9944744722736307,0.989563426804881,0.9980902941993298,0.9775927072662431,False,1e-24,False
HNHN,real,,209,base,244234.44953781881,31253.786551266563,10.811635278972567,56811.65840278125,48015.452317796444,4.29901989141479,0.5501298048665397,0.00022516991420625112,0.7353816184723982,0.84071157036418,0.6441856831591634,0.8680029090889558,0.8970490946056838,0.8472110067514,0.9685584709002639,0.7181164186362936,False,1e-24,False
HNHN,real,,209,restart,326195.83812306117,36826.977623006365,16.316684300942985,64961.630150951445,53230.24335218083,5.021361646329985,0.5669035327074067,0.00030653033451282343,0.9821645710989385,0.9906276840541584,0.9721909916567417,0.992523111196948,0.9944744722735002,0.9895634268047243,0.9980902941992917,0.9775927072659637,False,1e-24,False
HNHN,real,,210,base,243963.161617329,31232.43320960516,10.795933072170724,56779.44448752822,47993.83690565352,4.296681022846503,0.5500658467425735,0.0002249441546712219,0.734564779773274,0.8401371759185267,0.6432501043540382,0.8675107253904176,0.8966452644852467,0.8467500842052273,0.9684458662345972,0.7173964217870712,False,1e-24,False
HNHN,real,,210,restart,326195.83812296635,36826.977622999635,16.316684300936878,64961.63015094177,53230.24335217454,5.021361646329273,0.5669035327073876,0.00030653033451274493,0.982164571098653,0.9906276840539773,0.9721909916563778,0.9925231111968001,0.9944744722733828,0.9895634268045842,0.9980902941992581,0.9775927072657135,False,1e-24,False
HNHN,real,,211,base,243692.67221069383,31211.121672916008,10.780289147834612,56747.28747774897,47972.25286873041,4.294349263940545,0.5500020011556345,0.00022471925963813747,0.7337503453721997,0.8395639060061779,0.6423179981716044,0.8670194111281565,0.8962420205326195,0.8462905627654306,0.9683334597016073,0.7166791820248366,False,1e-24,False
HNHN,real,,211,restart,326195.838122881,36826.97762299357,16.316684300931392,64961.630150933066,53230.24335216889,5.021361646328632,0.56690353270737,0.0003065303345126744,0.982164571098396,0.9906276840538141,0.972190991656051,0.9925231111966673,0.9944744722732771,0.9895634268044577,0.9980902941992272,0.9775927072654885,False,1e-24,False
HNHN,real,,212,base,243422.97661605538,31189.851747970864,10.76470308766897,56715.187129538404,47950.700090671875,4.292024569363994,0.5499382674473547,0.0002244952225371802,0.7329383011120415,0.8389917554293885,0.6413893396887298,0.8665289625756429,0.8958393605739945,0.8458324334982171,0.9682212501421722,0.7159646783969953,False,1e-24,False
HNHN,real,,212,restart,326195.8381228045,36826.9776229881,16.31668430092647,64961.630150925244,53230.24335216381,5.021361646328058,0.5669035327073543,0.00030653033451261125,0.9821645710981656,0.9906276840536671,0.9721909916557578,0.9925231111965477,0.9944744722731823,0.9895634268043447,0.9980902941991995,0.977592707265287,False,1e-24,False
HNHN,real,,213,base,243154.07017347505,31168.623243118385,10.74917447784145,56683.14320086718,47929.178455957044,4.289706894196281,0.5498746449657285,0.00022427203687038063,0.7321286329618826,0.838420719032831,0.640464104248194,0.8660393760350061,0.895437282451152,0.845375687551058,0.9681092364083702,0.7152528901800923,False,1e-24,False
HNHN,real,,213,restart,326195.8381227357,36826.97762298322,16.316684300922056,64961.63015091821,53230.24335215923,5.021361646327543,0.5669035327073405,0.00030653033451255465,0.9821645710979584,0.9906276840535357,0.9721909916554947,0.9925231111964402,0.9944744722730968,0.9895634268042431,0.9980902941991753,0.9775927072651066,False,1e-24,False
HNHN,real,,214,base,242885.94826445953,31147.435968266327,10.733702908923869,56651.155451561426,47907.68784989051,4.287396193924674,0.5498111330650334,0.00022404969621067614,0.7313213270155966,0.8378507917031172,0.6395422674551882,0.8655506478367241,0.8950357840212941,0.8449203161517959,0.967997417363343,0.7145437968768104,False,1e-24,False
HNHN,real,,214,restart,326195.83812267403,36826.97762297882,16.316684300918098,64961.63015091189,53230.24335215513,5.021361646327083,0.5669035327073279,0.0003065303345125039,0.9821645710977728,0.9906276840534174,0.9721909916552589,0.9925231111963437,0.9944744722730201,0.9895634268041525,0.998090294199153,0.9775927072649447,False,1e-24,False
HNHN,real,,215,base,242618.60631149236,31126.289734863993,10.71828797583433,56619.22364328273,47886.22815859354,4.285092424439777,0.5497477311057549,0.00022382819420098458,0.7305163694904375,0.8372819683683252,0.6386238051738671,0.8650627743393183,0.8946348631568805,0.84446631060776,0.9678857918811612,0.7138373782130152,False,1e-24,False
HNHN,real,,215,restart,326195.8381226186,36826.977622974846,16.316684300914545,64961.63015090623,53230.24335215143,5.0213616463266675,0.5669035327073161,0.00030653033451245843,0.9821645710976059,0.9906276840533105,0.9721909916550472,0.9925231111962572,0.994474472272951,0.9895634268040706,0.9980902941991322,0.9775927072647997,False,1e-24,False
HNHN,real,,216,base,242352.03977757235,31105.18435588488,10.702929277780203,56587.3475395084,47864.79926899539,4.2827955420311214,0.5496844384545101,0.00022360752455329041,0.7297137467256489,0.8367142439975341,0.6377086935239509,0.8645757519290523,0.8942345177454658,0.8440136623048962,0.9677743588466907,0.7131336141348412,False,1e-24,False
HNHN,real,,216,restart,326195.8381225688,36826.9776229713,16.316684300911344,64961.63015090111,53230.243352148114,5.021361646326296,0.5669035327073062,0.00030653033451241745,0.9821645710974559,0.9906276840532152,0.9721909916548565,0.992523111196179,0.9944744722728891,0.9895634268039974,0.9980902941991149,0.977592707264669,False,1e-24,False
HNHN,real,,217,base,242086.24416575764,31084.11964580969,10.687626418201933,56555.52690551201,47843.40106882481,4.28050550338279,0.5496212544839746,0.00022338768104774405,0.7289134451810918,0.836147613600365,0.6367969088773776,0.8640895770196332,0.8938347456895417,0.8435623627069049,0.9676631171554645,0.7124324848058191,False,1e-24,False
HNHN,real,,217,restart,326195.83812252415,36826.977622968094,16.316684300908484,64961.630150896526,53230.243352145124,5.021361646325963,0.5669035327072969,0.0003065303345123809,0.9821645710973215,0.9906276840531288,0.972190991654686,0.9925231111961089,0.9944744722728331,0.9895634268039318,0.9980902941990984,0.9775927072645525,False,1e-24,False
HNHN,real,,218,base,241821.21501871521,31063.0954206094,10.67237900471765,56523.761508344076,47822.03344660155,4.278222265569099,0.5495581785728086,0.0002231686575317737,0.7281154514358882,0.8355820722265276,0.6358884278550029,0.8636042460519179,0.8934355449063774,0.8431124033543898,0.9675520657135519,0.7117339706040431,False,1e-24,False
HNHN,real,,218,restart,326195.83812248387,36826.97762296523,16.316684300905912,64961.63015089239,53230.24335214245,5.021361646325663,0.5669035327072888,0.000306530334512348,0.9821645710972002,0.9906276840530518,0.9721909916545328,0.9925231111960457,0.9944744722727832,0.9895634268038727,0.9980902941990841,0.9775927072644475,False,1e-24,False
HNHN,real,,219,base,241556.9479182775,31042.111497728623,10.657186649068644,56492.05111681316,47800.69629162805,4.275945786050337,0.5494952101055837,0.000222950447919211,0.7273197521870859,0.8350176149653711,0.6349832273233511,0.8631197554936236,0.893036913327865,0.8426637758640191,0.9674412034374293,0.7110380521193826,False,1e-24,False
HNHN,real,,219,restart,326195.8381224478,36826.977622962644,16.316684300903606,64961.6301508887,53230.24335214003,5.021361646325393,0.5669035327072812,0.0003065303345123186,0.9821645710970915,0.9906276840529823,0.9721909916543955,0.9925231111959893,0.994474472272738,0.9895634268038195,0.9980902941990709,0.9775927072643538,False,1e-24,False
HNHN,real,,220,base,241293.43848500316,31021.167696069275,10.642048967065579,56460.39550146709,47779.38949398127,4.27367602266855,0.5494323484727133,0.00022273304618942752,0.7265263342483359,0.8344542369454456,0.6340812843914103,0.8626361018390412,0.8926388489003658,0.8422164719276936,0.9673305292538592,0.7103447101507285,False,1e-24,False
HNHN,real,,220,restart,326195.83812241536,36826.97762296032,16.316684300901535,64961.630150885365,53230.243352137855,5.021361646325151,0.5669035327072747,0.0003065303345122922,0.982164571096994,0.9906276840529198,0.972190991654272,0.9925231111959384,0.9944744722726974,0.9895634268037719,0.9980902941990594,0.9775927072642696,False,1e-24,False
HNHN,real,,221,base,241030.68237774487,31000.263835974292,10.626965578535506,56428.794434574396,47758.112944504486,4.271412933643384,0.5493695930703806,0.00022251644638648455,0.7257351845485914,0.8338919333340641,0.6331825764074759,0.8621532816087515,0.8922413495845589,0.8417704833117284,0.9672200420997614,0.7096539257032811,False,1e-24,False
HNHN,real,,221,restart,326195.8381223863,36826.97762295825,16.316684300899674,64961.63015088235,53230.243352135905,5.021361646324937,0.566903532707269,0.0003065303345122685,0.9821645710969065,0.990627684052864,0.9721909916541611,0.9925231111958924,0.994474472272661,0.9895634268037297,0.9980902941990494,0.9775927072641939,False,1e-24,False
HNHN,real,,222,base,240768.67529322172,30979.39973921176,10.61193610726971,56397.24769010618,47736.86653479934,4.2691564775679645,0.5493069433004708,0.00022230064261829577,0.72494629013082,0.8333306993368751,0.6322870809560424,0.8616712913493481,0.891844413355291,0.8413258018560403,0.9671097409220951,0.7089656799858804,False,1e-24,False
HNHN,real,,222,restart,326195.8381223601,36826.97762295637,16.316684300898004,64961.63015087966,53230.24335213415,5.021361646324742,0.5669035327072636,0.00030653033451224723,0.9821645710968276,0.9906276840528135,0.9721909916540616,0.9925231111958512,0.9944744722726282,0.9895634268036911,0.9980902941990398,0.9775927072641262,False,1e-24,False
HNHN,real,,223,base,240507.41296559802,30958.57522895903,10.596960180972191,56365.755043717974,47715.65015721794,4.26690661340485,0.5492443985705004,0.00022208562905579922,0.7241596381507355,0.832770530197436,0.6313947758547344,0.8611901276331603,0.8914480382014293,0.8408824194733506,0.9669996246777341,0.7082799544083647,False,1e-24,False
HNHN,real,,223,restart,326195.83812233666,36826.977622954684,16.316684300896505,64961.63015087725,53230.24335213257,5.021361646324567,0.5669035327072586,0.00030653033451222815,0.982164571096757,0.9906276840527681,0.9721909916539723,0.9925231111958145,0.9944744722725987,0.9895634268036566,0.998090294199031,0.9775927072640652,False,1e-24,False
HNHN,real,,224,base,240246.89116606643,30937.790129787263,10.582037431209017,56334.31627273202,47694.46370485507,4.264663300482004,0.5491819582935515,0.00022187139993214378,0.7233752158755428,0.8322114211967967,0.6305056391512887,0.8607097870579826,0.8910522221257162,0.8404403281483911,0.9668896923333506,0.7075967305789763,False,1e-24,False
HNHN,real,,224,restart,326195.8381223155,36826.97762295316,16.31668430089517,64961.63015087507,53230.243352131154,5.02136164632441,0.5669035327072542,0.00030653033451221123,0.9821645710966932,0.9906276840527273,0.9721909916538927,0.9925231111957811,0.9944744722725722,0.9895634268036256,0.9980902941990234,0.9775927072640114,False,1e-24,False
HNHN,real,,225,base,239987.1057024376,30917.044267646004,10.567167493358344,56302.93115611966,47673.30707154043,4.2624264984888445,0.549119621888204,0.00022165794954188598,0.7225930106827025,0.8316533676530852,0.6296196491205761,0.8602302662468054,0.8906569631446242,0.8399995199371258,0.9667799428652964,0.7069159903018003,False,1e-24,False
HNHN,real,,225,restart,326195.8381222967,36826.977622951796,16.316684300893957,64961.63015087311,53230.24335212988,5.021361646324271,0.5669035327072502,0.0003065303345121958,0.9821645710966366,0.9906276840526904,0.9721909916538205,0.9925231111957512,0.9944744722725484,0.9895634268035983,0.9980902941990163,0.9775927072639621,False,1e-24,False
HNHN,real,,226,base,239728.05241873427,30896.337469848117,10.5523500065612,56271.59947448398,47652.18015183108,4.260196167472324,0.5490573887784703,0.00022144527224019812,0.7218130100587085,0.831096364921102,0.6287367842616695,0.8597515618475498,0.8902622592882148,0.8395599869659784,0.9666703752594882,0.7062377155742388,False,1e-24,False
HNHN,real,,226,restart,326195.8381222796,36826.977622950566,16.316684300892877,64961.63015087135,53230.24335212873,5.021361646324145,0.5669035327072467,0.0003065303345121821,0.9821645710965852,0.9906276840526573,0.9721909916537562,0.9925231111957243,0.9944744722725269,0.9895634268035735,0.9980902941990101,0.9775927072639184,False,1e-24,False
HNHN,real,,227,base,239469.72719479105,30875.669565054755,10.53758461367294,56240.32101004275,47631.08284100397,4.25797226783306,0.5489952583937302,0.00022123336244208783,0.7210352015978828,0.8305404083919159,0.627857023294951,0.859273670532807,0.8898681085999984,0.8391217214310697,0.9665609885112917,0.7055618885845215,False,1e-24,False
HNHN,real,,227,restart,326195.83812226425,36826.977622949475,16.316684300891904,64961.630150869765,53230.2433521277,5.021361646324031,0.5669035327072438,0.00030653033451216976,0.982164571096539,0.990627684052628,0.9721909916536982,0.9925231111957,0.9944744722725076,0.9895634268035511,0.998090294199005,0.977592707263879,False,1e-24,False
HNHN,real,,228,base,239212.12594585877,30855.040383260657,10.522870961215451,56209.0955466115,47610.01503504844,4.255754760321516,0.5489332301686665,0.00022102221462162884,0.7202595730011848,0.8299854934924685,0.6269803451592643,0.8587965889995798,0.8894745091367954,0.838684715597464,0.9664517816254096,0.7048884917092534,False,1e-24,False
HNHN,real,,228,restart,326195.8381222504,36826.97762294848,16.31668430089103,64961.630150868354,53230.243352126774,5.021361646323927,0.5669035327072407,0.0003065303345121587,0.9821645710964972,0.9906276840526012,0.9721909916536461,0.9925231111956785,0.9944744722724904,0.9895634268035305,0.9980902941989995,0.9775927072638438,False,1e-24,False
HNHN,real,,229,base,238955.24462221476,30834.449755779595,10.508208699330007,56177.922869586815,47588.976630659046,4.253543606034223,0.5488713035432025,0.000220811823311202,0.7194861120750372,0.829431615685183,0.6261067290091058,0.8583203139690274,0.8890814589686007,0.8382489617984271,0.966342753615771,0.7042175075109935,False,1e-24,False
HNHN,real,,229,restart,326195.8381222383,36826.97762294759,16.316684300890245,64961.63015086707,53230.243352125945,5.0213616463238395,0.5669035327072383,0.00030653033451214873,0.9821645710964608,0.9906276840525773,0.9721909916535993,0.992523111195659,0.9944744722724749,0.9895634268035133,0.9980902941989952,0.977592707263812,False,1e-24,False
HNHN,real,,230,base,238699.0792087773,30813.897515229954,10.49359748173084,56146.80276592986,47567.96752522822,4.251338766410061,0.5488094779624383,0.00022060218310074819,0.7187148067301655,0.8288787704675755,0.6252361542118581,0.8578448421862135,0.8886889561784476,0.83781445243469,0.9662339035054194,0.7035489187358726,False,1e-24,False
HNHN,real,,230,restart,326195.8381222272,36826.977622946804,16.31668430088955,64961.63015086593,53230.243352125195,5.021361646323757,0.5669035327072361,0.00030653033451213995,0.9821645710964273,0.9906276840525562,0.9721909916535578,0.9925231111956415,0.9944744722724609,0.989563426803497,0.9980902941989915,0.977592707263784,False,1e-24,False
HNHN,real,,231,base,238443.62572472508,30793.38349552058,10.479036965659365,56115.73502415016,47546.98761683919,4.249140203226558,0.5487477528765904,0.00022039328863703071,0.7179456449804524,0.8283269533718755,0.6243686003450628,0.8573701704198585,0.8882969988622752,0.8373811799737223,0.9661252303264057,0.7028827083112404,False,1e-24,False
HNHN,real,,231,restart,326195.8381222172,36826.977622946084,16.316684300888912,64961.63015086489,53230.24335212452,5.021361646323684,0.5669035327072341,0.00030653033451213187,0.9821645710963973,0.9906276840525368,0.97219099165352,0.9925231111956256,0.9944744722724482,0.9895634268034826,0.998090294198988,0.9775927072637582,False,1e-24,False
HNHN,real,,232,base,238188.8802231223,30772.9075318369,10.464526811839065,56084.71943428951,47526.036804259005,4.24694787859626,0.5486861277409318,0.00022018513462290833,0.7171786149418083,0.8277761599646514,0.6235040471937321,0.8568962954620939,0.8879055851287979,0.8369491369490157,0.9660167331196838,0.7022188593433476,False,1e-24,False
HNHN,real,,232,restart,326195.83812220825,36826.97762294544,16.31668430088835,64961.63015086397,53230.243352123915,5.021361646323617,0.5669035327072321,0.0003065303345121248,0.9821645710963703,0.9906276840525193,0.9721909916534865,0.9925231111956115,0.9944744722724369,0.9895634268034693,0.9980902941989844,0.9775927072637357,False,1e-24,False
HNHN,real,,233,base,237934.83879054757,30752.46946062688,10.450066684431027,56053.755787906135,47505.11498693146,4.244761754963138,0.5486246020157292,0.0002199777158166192,0.7164137048310546,0.8272263858464335,0.6226424747476996,0.8564232141282201,0.8875147130993737,0.8365183159593759,0.9659084109349991,0.7015573551150619,False,1e-24,False
HNHN,real,,233,restart,326195.8381222002,36826.97762294485,16.31668430088784,64961.63015086314,53230.24335212337,5.021361646323558,0.5669035327072304,0.00030653033451211837,0.9821645710963461,0.9906276840525036,0.972190991653456,0.9925231111955988,0.9944744722724268,0.9895634268034578,0.9980902941989813,0.9775927072637152,False,1e-24,False
HNHN,real,,234,base,237681.49754672783,30732.06911958759,10.435656250990132,56022.84387805904,47484.22206497042,4.24258179509902,0.548563175166186,0.00021977102703107395,0.715650902964821,0.8266776266513526,0.6217838631990102,0.8559509232564673,0.8871243809078788,0.8360887096682198,0.9658002628307891,0.7008981790836135,False,1e-24,False
HNHN,real,,234,restart,326195.83812219306,36826.97762294433,16.316684300887385,64961.63015086239,53230.24335212288,5.021361646323506,0.5669035327072289,0.0003065303345121126,0.9821645710963246,0.9906276840524897,0.9721909916534289,0.9925231111955873,0.9944744722724177,0.9895634268034474,0.9980902941989788,0.9775927072636968,False,1e-24,False
HNHN,real,,235,base,237428.85264417744,30711.70634765168,10.421295182421845,55991.98349929254,47463.35793915289,4.240407962100099,0.5485018466623838,0.00021956506313315936,0.7148901977584594,0.8261298780467755,0.6209281929393458,0.8554794197077591,0.8867345867005791,0.8356603108028872,0.9656922878740791,0.7002413148783747,False,1e-24,False
HNHN,real,,235,restart,326195.8381221866,36826.97762294386,16.316684300886976,64961.63015086172,53230.24335212244,5.021361646323458,0.5669035327072275,0.0003065303345121075,0.9821645710963052,0.9906276840524769,0.9721909916534046,0.9925231111955771,0.9944744722724094,0.989563426803438,0.9980902941989762,0.9775927072636804,False,1e-24,False
HNHN,real,,236,base,237176.90026784083,30691.3809849741,10.40698315293967,55961.174447621015,47442.522510912444,4.23824021938345,0.5484406159792243,0.00021935981904305188,0.7141315777249669,0.8255831357329486,0.620075444557489,0.8550087003654797,0.8863453286360063,0.8352331121539537,0.9655844851403816,0.6995867462986698,False,1e-24,False
HNHN,real,,236,restart,326195.8381221806,36826.97762294346,16.316684300886607,64961.63015086109,53230.24335212204,5.021361646323414,0.5669035327072268,0.00030653033451210287,0.9821645710962871,0.9906276840524662,0.9721909916533825,0.9925231111955676,0.9944744722724019,0.9895634268034295,0.9980902941989751,0.9775927072636658,False,1e-24,False
HNHN,real,,237,base,236925.63663474092,30671.092872919016,10.392719840023164,55930.416520513856,47421.71568233256,4.236078530683615,0.5483794825963729,0.0002191552897335403,0.7133750314739286,0.8250373954426456,0.6192255988368233,0.854538762135244,0.8859566048848342,0.8348071065745593,0.9654768537135953,0.698934457311616,False,1e-24,False
HNHN,real,,237,restart,326195.83812217554,36826.977622943064,16.31668430088628,64961.630150860554,53230.24335212169,5.021361646323378,0.5669035327072255,0.00030653033451209875,0.9821645710962719,0.9906276840524556,0.9721909916533631,0.9925231111955594,0.9944744722723954,0.9895634268034222,0.9980902941989728,0.9775927072636525,False,1e-24,False
HNHN,real,,238,base,236675.05799363085,30650.841854046867,10.378504924376605,55899.70951688058,47400.93735614016,4.233922860049206,0.548318445998202,0.0002189514702293584,0.7126205477104675,0.8244926529408195,0.6183786367528694,0.8540696019446697,0.8855684136297577,0.8343822869797373,0.9653693926859062,0.6982844320499939,False,1e-24,False
HNHN,real,,238,restart,326195.8381221709,36826.97762294272,16.316684300885985,64961.630150860066,53230.24335212136,5.021361646323344,0.5669035327072245,0.00030653033451209506,0.9821645710962579,0.9906276840524464,0.9721909916533455,0.9925231111955519,0.9944744722723893,0.9895634268034156,0.998090294198971,0.9775927072636408,False,1e-24,False
HNHN,real,,239,base,236425.1606246506,30630.627772101547,10.364338089888212,55869.05323705611,47380.18743569916,4.231773171839568,0.5482575056737359,0.00021874835560652678,0.7118681152342118,0.8239489040242572,0.6175345394708553,0.853601216743153,0.8851807530653722,0.8339586463457579,0.9652621011576905,0.6976366548101496,False,1e-24,False
HNHN,real,,239,restart,326195.83812216664,36826.97762294242,16.31668430088572,64961.63015085964,53230.24335212108,5.021361646323311,0.5669035327072235,0.0003065303345120917,0.982164571096245,0.9906276840524382,0.9721909916533297,0.9925231111955454,0.994474472272384,0.9895634268034091,0.9980902941989692,0.9775927072636301,False,1e-24,False
HNHN,real,,240,base,236175.9408389881,30610.45047199791,10.35021902358997,55838.44748278632,47359.46582500412,4.229629430721468,0.5481966611165969,0.00021854594099170397,0.7111177229382738,0.8234061445212443,0.6166932883433232,0.8531336035016474,0.8847936213980554,0.8335361777094749,0.9651549782374201,0.6969911100499243,False,1e-24,False
HNHN,real,,240,restart,326195.8381221628,36826.97762294214,16.316684300885477,64961.63015085923,53230.243352120815,5.0213616463232835,0.5669035327072228,0.00030653033451208866,0.9821645710962335,0.9906276840524307,0.9721909916533152,0.9925231111955392,0.9944744722723791,0.9895634268034037,0.998090294198968,0.9775927072636205,False,1e-24,False
HNHN,real,,241,base,235927.39497854494,30590.309799809216,10.336147415618012,55807.8920572137,47338.77242867397,4.227491601665845,0.54813591182495,0.0002183442215615464,0.7103693598082437,0.8228643702912266,0.6158548649077681,0.8526667592124444,0.8844070168458497,0.8331148741676853,0.965048023041564,0.696347782386614,False,1e-24,False
HNHN,real,,241,restart,326195.8381221595,36826.977622941886,16.316684300885264,64961.63015085888,53230.24335212059,5.0213616463232595,0.5669035327072219,0.00030653033451208595,0.9821645710962235,0.9906276840524239,0.9721909916533026,0.9925231111955337,0.9944744722723748,0.989563426803399,0.9980902941989664,0.9775927072636118,False,1e-24,False
HNHN,real,,242,base,235679.51941560418,30570.205602754937,10.322122959173607,55777.386764863164,47318.107151945835,4.225359649944553,0.5480752573014512,0.0002181431925420782,0.7096230149211891,0.8223235772244829,0.6150192508843145,0.8522006808889576,0.8840209376383468,0.8326947288764881,0.9649412346944984,0.6957066565949586,False,1e-24,False
HNHN,real,,242,restart,326195.8381221564,36826.97762294167,16.31668430088507,64961.63015085856,53230.24335212038,5.021361646323237,0.5669035327072214,0.0003065303345120835,0.9821645710962142,0.990627684052418,0.9721909916532909,0.9925231111955288,0.9944744722723708,0.9895634268033946,0.9980902941989656,0.977592707263604,False,1e-24,False
HNHN,real,,243,base,235432.31055250586,30550.137729188624,10.308145350484631,55746.931411628146,47297.46990066893,4.2232335411272075,0.5480146970531947,0.00021794284920806815,0.7088786774446784,0.8217837612417977,0.6141864281734198,0.8517353655655092,0.8836353820165739,0.832275735050662,0.9648346123284136,0.6950677176051556,False,1e-24,False
HNHN,real,,243,restart,326195.83812215365,36826.97762294148,16.31668430088489,64961.63015085828,53230.24335212019,5.021361646323217,0.5669035327072209,0.0003065303345120813,0.9821645710962059,0.9906276840524129,0.9721909916532803,0.9925231111955245,0.9944744722723674,0.9895634268033906,0.9980902941989648,0.9775927072635969,False,1e-24,False
HNHN,real,,244,base,235185.7648213233,30530.10602858586,10.294214288767687,55716.525804756784,47276.860581298504,4.221113241078006,0.5479542305916597,0.00021774318688241772,0.7081363366358057,0.8212449182941379,0.6133563788536175,0.8512708102971197,0.8832503482328803,0.8318578859630394,0.9647281550832197,0.6944309505009085,False,1e-24,False
HNHN,real,,244,restart,326195.83812215115,36826.9776229413,16.316684300884745,64961.63015085802,53230.24335212002,5.021361646323198,0.5669035327072204,0.0003065303345120795,0.9821645710961984,0.990627684052408,0.9721909916532716,0.9925231111955206,0.9944744722723642,0.9895634268033869,0.9980902941989638,0.9775927072635912,False,1e-24,False
HNHN,real,,245,base,234939.8786835456,30510.110351532545,10.28032947619065,55686.16975283829,47256.2791008899,4.218998715952642,0.5478938574326611,0.00021754420093555475,0.7073959818402349,0.8207070443623373,0.6125290851792857,0.8508070121592991,0.8828658345508267,0.8314411749438979,0.9646218621064607,0.6937963405174926,False,1e-24,False
HNHN,real,,245,restart,326195.838122149,36826.977622941136,16.316684300884607,64961.63015085779,53230.24335211987,5.021361646323183,0.5669035327072199,0.00030653033451207777,0.9821645710961919,0.9906276840524038,0.9721909916532634,0.9925231111955171,0.9944744722723614,0.9895634268033839,0.998090294198963,0.9775927072635857,False,1e-24,False
HNHN,real,,246,base,234694.64862976276,30490.15054971319,10.266490617835856,55655.86306578944,47235.72536709265,4.21688993219521,0.5478335770962985,0.00021734588678483876,0.7066576024912522,0.8201701354567817,0.6117045295784541,0.850343968247841,0.8824818392450748,0.8310255953803507,0.9645157325532241,0.6931638730398587,False,1e-24,False
HNHN,real,,246,restart,326195.8381221469,36826.97762294099,16.316684300884482,64961.63015085757,53230.24335211973,5.021361646323167,0.5669035327072196,0.00030653033451207625,0.9821645710961856,0.9906276840523998,0.972190991653256,0.9925231111955137,0.9944744722723587,0.9895634268033808,0.9980902941989623,0.9775927072635808,False,1e-24,False
HNHN,real,,247,base,234450.0711793555,30470.226475899453,10.252697421663726,55625.60555484147,47215.1992881447,4.214786856535168,0.547773389106906,0.00021714823989397167,0.7059211881088311,0.8196341876171008,0.6108826946506358,0.8498816756786217,0.8820983606012791,0.8306111407157476,0.9644097655860521,0.6925335336007539,False,1e-24,False
HNHN,real,,247,restart,326195.83812214516,36826.977622940845,16.316684300884365,64961.630150857396,53230.24335211961,5.021361646323154,0.5669035327072188,0.00030653033451207473,0.9821645710961804,0.9906276840523959,0.972190991653249,0.9925231111955111,0.9944744722723565,0.9895634268033782,0.998090294198961,0.9775927072635759,False,1e-24,False
HNHN,real,,248,base,234206.1428801891,30450.337983938647,10.23894959847696,55595.39703252673,47194.70077286663,4.212689455984353,0.5477132929930032,0.00021695125577241885,0.7051867282987115,0.8190991969118588,0.6100635631646947,0.8494201315873972,0.8817153969159794,0.830197804449087,0.9643039603748568,0.6919053078788745,False,1e-24,False
HNHN,real,,248,restart,326195.8381221437,36826.97762294074,16.31668430088427,64961.63015085723,53230.243352119505,5.021361646323144,0.5669035327072187,0.00030653033451207354,0.9821645710961759,0.9906276840523931,0.9721909916532433,0.9925231111955085,0.9944744722723545,0.9895634268033763,0.9980902941989608,0.9775927072635722,False,1e-24,False
HNHN,real,,249,base,233962.86030831005,30430.484928742717,10.225246861885218,55565.23731266587,47174.229730656,4.210597697833987,0.5476532882872474,0.00021675492997483704,0.7044542127514859,0.818565159438258,0.6092471180567406,0.8489593331296065,0.881332946496495,0.8297855801344262,0.9641983160968345,0.6912791816970427,False,1e-24,False
HNHN,real,,249,restart,326195.83812214213,36826.977622940634,16.316684300884177,64961.630150857076,53230.2433521194,5.0213616463231325,0.5669035327072184,0.0003065303345120724,0.9821645710961713,0.9906276840523902,0.9721909916532377,0.9925231111955062,0.9944744722723526,0.989563426803374,0.9980902941989602,0.9775927072635685,False,1e-24,False
HNHN,real,,250,base,233720.22006764743,30410.667166276984,10.211588928270288,55535.126210354996,47153.78607148179,4.208511549651765,0.547593374526385,0.00021655925810051065,0.7037236312417002,0.8180320713218361,0.608433342428054,0.848499277480176,0.8809510076608202,0.8293744613803067,0.9640928319363812,0.6906551410204077,False,1e-24,False
HNHN,real,,250,restart,326195.83812214085,36826.97762294054,16.3166843008841,64961.63015085694,53230.243352119316,5.021361646323123,0.5669035327072182,0.0003065303345120714,0.9821645710961674,0.9906276840523877,0.9721909916532331,0.9925231111955041,0.9944744722723511,0.9895634268033721,0.9980902941989599,0.9775927072635654,False,1e-24,False
HNHN,real,,251,base,233478.2187897182,30390.884553549302,10.197975516751782,55505.06354195302,47133.36970587882,4.206430979278958,0.5475335512512046,0.0002163642357927958,0.7029949736269667,0.817499928716174,0.6076222195430422,0.8480399618333261,0.8805695787375214,0.8289644418491844,0.9639875070850089,0.6900331719546732,False,1e-24,False
HNHN,real,,251,restart,326195.8381221397,36826.97762294046,16.31668430088402,64961.630150856814,53230.24335211923,5.021361646323115,0.566903532707218,0.00030653033451207045,0.9821645710961638,0.9906276840523855,0.9721909916532284,0.9925231111955022,0.9944744722723494,0.9895634268033705,0.9980902941989597,0.9775927072635623,False,1e-24,False
HNHN,real,,252,base,233236.85313333478,30371.13694859925,10.184406349153292,55475.049125069236,47112.98054494232,4.204355954827533,0.5474738180064901,0.00021616985873857244,0.7022682298470831,0.8169687278026061,0.6068137328272227,0.847581383402381,0.8801886580656344,0.8285555152568614,0.9638823407412646,0.68941326074435,False,1e-24,False
HNHN,real,,252,restart,326195.8381221386,36826.97762294037,16.316684300883956,64961.6301508567,53230.243352119156,5.021361646323107,0.5669035327072177,0.00030653033451206964,0.9821645710961605,0.9906276840523832,0.9721909916532246,0.9925231111955004,0.9944744722723481,0.9895634268033688,0.998090294198959,0.9775927072635597,False,1e-24,False
HNHN,real,,253,base,232996.11978431745,30351.424210487465,10.170881149969027,55445.082778550866,47092.61850032254,4.202286444677342,0.5474141743409755,0.00021597612266770357,0.7015433899231672,0.8164384647899323,0.6060078658652355,0.847123539419579,0.879808243994564,0.8281476753719316,0.9637773321106493,0.6887953937710315,False,1e-24,False
HNHN,real,,253,restart,326195.83812213765,36826.977622940314,16.316684300883892,64961.6301508566,53230.24335211909,5.0213616463231,0.5669035327072176,0.0003065303345120688,0.9821645710961577,0.9906276840523816,0.9721909916532209,0.992523111195499,0.9944744722723469,0.9895634268033675,0.9980902941989589,0.9775927072635572,False,1e-24,False
HNHN,real,,254,base,232756.01545521035,30331.7461992851,10.1573996463309,55415.16432247098,47072.283484219406,4.20022241747332,0.5473546198072989,0.00021578302335250178,0.7008204439568011,0.8159091359141352,0.6052046023988817,0.8466664271358876,0.879428334883985,0.8277409160152294,0.9636724804055378,0.6881795575516917,False,1e-24,False
HNHN,real,,254,restart,326195.83812213683,36826.97762294025,16.31668430088385,64961.63015085651,53230.24335211904,5.021361646323094,0.5669035327072174,0.00030653033451206834,0.9821645710961553,0.9906276840523799,0.9721909916532183,0.9925231111954975,0.9944744722723459,0.9895634268033664,0.9980902941989584,0.9775927072635556,False,1e-24,False
HNHN,real,,255,base,232516.53688500004,30312.102776063457,10.143961567976147,55385.29357811646,47051.97540937729,4.1981638421227165,0.5472951539619573,0.00021559055660720446,0.7000993821291843,0.8153807374381008,0.6044039263251948,0.8462100438208195,0.879048929103743,0.8273352310592836,0.9635677848450983,0.6875657387370125,False,1e-24,False
HNHN,real,,255,restart,326195.8381221361,36826.9776229402,16.316684300883793,64961.630150856436,53230.24335211898,5.021361646323088,0.5669035327072173,0.0003065303345120676,0.9821645710961531,0.9906276840523784,0.9721909916532149,0.9925231111954964,0.9944744722723448,0.9895634268033652,0.9980902941989582,0.9775927072635532,False,1e-24,False
HNHN,real,,256,base,232277.6808388386,30292.493802883717,10.130566647215304,55355.47036797605,47031.69418907978,4.196110687792379,0.5472357763652637,0.00021539871828745442,0.6993801947002999,0.8148532656513422,0.6036058216945319,0.8457543867622503,0.8786700250337581,0.8269306144277824,0.9634632446552185,0.6869539241097267,False,1e-24,False
HNHN,real,,256,restart,326195.8381221354,36826.97762294014,16.316684300883757,64961.630150856356,53230.24335211894,5.021361646323084,0.566903532707217,0.0003065303345120672,0.982164571096151,0.9906276840523769,0.9721909916532128,0.9925231111954952,0.994474472272344,0.9895634268033643,0.9980902941989579,0.977592707263552,False,1e-24,False
