family,features,seed,step,variant,energy_un,energy_sym,energy_op,norm_f2,norm_pi2,R_un,R_sym,R_op,energy_un_relative,energy_sym_relative,energy_op_relative,norm_f2_relative,norm_pi2_relative,R_un_relative,R_sym_relative,R_op_relative,zero_state,resolution_R_op,censored_R_op
HNHN,real,,0,base,417759.360095268,38129.4524086256,1712.9912314637631,47341.91027201583,47301.714664076746,8.824302984288506,0.8054058695465064,0.036214146646246066,1.0,1.0,1.0,1.0,1.0,1.0,1.0,1.0,False,1e-24,False
HNHN,real,,0,restart,417759.360095268,38129.4524086256,1712.9912314637631,47341.91027201583,47301.714664076746,8.824302984288506,0.8054058695465064,0.036214146646246066,1.0,1.0,1.0,1.0,1.0,1.0,1.0,1.0,False,1e-24,False
HNHN,real,,1,base,362107.94464618573,34745.98523817647,1308.2318064031638,43522.61675755483,44111.87252312462,8.319994789452304,0.7983432023798321,0.029657136085468914,0.8667859519978409,0.911263683144746,0.7637119107056202,0.9193253188872985,0.932563921549029,0.9428500816739732,0.991230921658603,0.8189378690921922,False,1e-24,False
HNHN,real,,1,restart,367197.57010065095,35062.0669352412,1342.630839209104,43880.07096152977,44409.604108242056,8.368208210569618,0.7990430773455351,0.030232893676256003,0.8789691032103106,0.9195533825004395,0.7837931768406172,0.9268758000977332,0.9388582300583894,0.9483137903887756,0.9920998934306825,0.8348365618437105,False,1e-24,False
HNHN,real,,2,base,321705.55130555824,32108.30552737935,1082.1187520508695,40525.387319915,41622.1000360507,7.938370798678724,0.7923010155069061,0.025998658191528048,0.7700738320553604,0.8420867203462866,0.6317129546110936,0.8560150422123939,0.8799279335144393,0.8996031542449113,0.9837288818779293,0.7179144229323722,False,1e-24,False
HNHN,real,,2,restart,333467.32530904055,32875.073706053336,1148.4902034169781,41396.559719906334,42346.07433476216,8.055435706863495,0.79414989865075,0.027121527118138915,0.7982282556948453,0.8621963240840138,0.6704588922125335,0.8744167584715347,0.895233389222608,0.9128693474380963,0.9860244737201951,0.7489207845506506,False,1e-24,False
HNHN,real,,3,base,289716.74858669075,29919.267779352507,933.6225954486326,38025.45742865099,39538.714521107715,7.619020734472435,0.7868220345670129,0.023612871757634376,0.6935015136958804,0.7846760414682538,0.5450247370214765,0.8032091905494597,0.8358833247779781,0.8634133197871773,0.9769261242285739,0.6520344656549313,False,1e-24,False
HNHN,real,,3,restart,308863.89785943204,31210.73815282102,1028.5070876351722,39498.110992655245,40765.29982744445,7.8197131482279225,0.7901830585929722,0.025229964994462027,0.7393344766446337,0.8185467186452582,0.6004158507900275,0.8343159531524625,0.8618144208290958,0.88615646608585,0.9810992053458643,0.696688099292196,False,1e-24,False
HNHN,real,,4,base,263214.15895722166,28039.854208403856,825.3575546937562,35869.94156881416,37729.34248851772,7.338014712186313,0.7817089457648325,0.021875747104390688,0.6300616673129644,0.7353857041508604,0.4818224048867328,0.757678373405586,0.7976316029230807,0.8315687624565362,0.9705776619246433,0.6040663423076493,False,1e-24,False
HNHN,real,,4,restart,290057.1098936302,29898.50861794038,946.5820466713302,37995.85142162945,39507.85406764384,7.633915257614488,0.7868887654645478,0.023959338440671274,0.6943162442308511,0.7841316024558689,0.5525901296426773,0.8025838248459756,0.835230907552027,0.8651012177626404,0.9770089779797795,0.6616016297364522,False,1e-24,False
HNHN,real,,5,base,240681.5397664327,26392.934340129566,741.1367250107825,33973.654002560506,36123.12088421883,7.084358360401656,0.7768647534392503,0.020516962733819716,0.5761248286849789,0.6921928502219714,0.4326564616314328,0.7176232181455211,0.7636746604378912,0.8028235627239017,0.9645630641811358,0.56654552526772,False,1e-24,False
HNHN,real,,5,restart,275279.9673350401,28841.221174083017,887.1557639889658,36781.6048818864,38484.92219437913,7.4841749896183964,0.7841207926271392,0.023052034755537024,0.658943864889739,0.7564027110853182,0.5178986019857702,0.7769353765098974,0.8136052248356754,0.8481321417616575,0.9735722351621897,0.6365477828517763,False,1e-24,False
HNHN,real,,6,base,221204.2974476471,24929.834942678328,672.842971981894,32282.70856393793,34676.64357687403,6.852098454178284,0.7722349223982625,0.019403347688200578,0.529501714568891,0.6538209538262011,0.39278833401087815,0.6819054908948295,0.733094853392475,0.7765030809094279,0.9588146195570674,0.5357946958612627,False,1e-24,False
HNHN,real,,6,restart,263456.272403987,27976.72427933495,842.3386999395566,35785.902876187894,37640.34390625103,7.362012726505554,0.7817805904221238,0.0223786132782827,0.6306412197297198,0.7337300305158878,0.49173555851758344,0.7559032297296465,0.7957500943372136,0.8342882989867267,0.9706666166492117,0.6179522465871069,False,1e-24,False
HNHN,real,,7,base,204169.57763835808,23616.99423165673,615.8826991757979,30759.901063688674,33360.64743856657,6.637523872902679,0.7677851168232795,0.018461353314858236,0.4887253216583782,0.6193898086591487,0.35953639917322977,0.649739330055532,0.705273533432865,0.7521867602144505,0.9532896963559383,0.5097829170240002,False,1e-24,False
HNHN,real,,7,restart,253871.67030705756,27262.242374260437,807.623895254432,34960.77920744472,36935.61133632613,7.2616136156655475,0.7797950443980688,0.021865724324972382,0.6076983415743537,0.7149917098755189,0.471469952922241,0.7384741977365942,0.7808514257597697,0.822910730580614,0.9682013428051399,0.6037895781050793,False,1e-24,False
HNHN,real,,8,base,189137.40305788562,22429.83649070395,567.4047820563957,29377.967693544182,32154.046150114846,6.438069679661627,0.7634917678676907,0.017646450446932915,0.45274246641596194,0.5882548810386247,0.33123624431605775,0.6205488440315372,0.6797649171592127,0.7295839332720647,0.9479590312615725,0.4872805817933621,False,1e-24,False
HNHN,real,,8,restart,246024.99673066437,26666.875239039564,780.2088934403216,34271.48370837214,36342.87305533244,7.178708655399218,0.7781068209931379,0.021468002605419898,0.5889155821058314,0.6993773462376558,0.45546578354264405,0.7239142550745419,0.7683204153047968,0.8135156587642972,0.9661052277049588,0.5928070821363743,False,1e-24,False
HNHN,real,,9,base,175776.98223312068,21349.594180233522,525.513065743053,28116.07605133188,31040.91239227921,6.251831938148212,0.7593376167163333,0.01692969134095954,0.4207613258336943,0.5599239651132216,0.30678094323576793,0.5938939913869827,0.6562322869841589,0.7084788395502141,0.9428011955560835,0.4674883411263388,False,1e-24,False
HNHN,real,,9,restart,239550.97293937017,26167.527668841885,758.2406344378643,33691.97334807256,35841.22361229987,7.110030940145996,0.7766694873732847,0.021155545431145766,0.5734185653787428,0.686281234474857,0.44264128181785395,0.7116732965460447,0.7577151032860858,0.8057328666983968,0.9643206198765325,0.5841790402463821,False,1e-24,False
HNHN,real,,10,base,163831.39079425487,20361.489585644125,488.8788482991744,26957.81362063128,30008.79324919604,6.077324856525896,0.7553093834754138,0.016291186527877855,0.3921668942543715,0.5340094939584806,0.2853948340888027,0.56942809163673,0.6344123772744795,0.6887031040691204,0.9377997007902362,0.4498569768056812,False,1e-24,False
HNHN,real,,10,restart,234175.7938967073,25746.49596831617,740.436100132786,33202.23324923161,35414.54006475086,7.053013336147404,0.7754447050308585,0.020907686469427398,0.5605518781034724,0.6752390695884168,0.4322474549388546,0.7013285492380671,0.7486946364683563,0.7992714380620376,0.962799917844505,0.5773347822789212,False,1e-24,False
HNHN,real,,11,base,153096.2057580928,19453.613262748,456.53260932904914,25889.94593022579,29047.69443649668,5.913345905421813,0.7513964422782533,0.015716655596440154,0.3664698397737395,0.5101991251872063,0.2665119359303076,0.546871593931636,0.6140939000369247,0.670120452113941,0.932941353781462,0.4339921564345168,False,1e-24,False
HNHN,real,,11,restart,229689.75215172576,25389.941690921158,725.8748771609249,32786.57959357342,35050.129166725725,7.005602749630762,0.7744004408406757,0.020709620603909858,0.5498135388261465,0.6658879183163269,0.42374698937639027,0.6925487249075756,0.7409906684280204,0.7938987092922916,0.961503348959589,0.5718654868830549,False,1e-24,False
HNHN,real,,12,base,143405.7198900719,18616.1912344956,427.7438819927782,24901.60484302625,28149.429735327438,5.75889468948155,0.7475900188701736,0.015195472377756949,0.34327350524801864,0.48823652212441077,0.24970582110176245,0.5259949313398488,0.5951037913791634,0.6526175154836757,0.9282152603272104,0.41960045410408975,False,1e-24,False
HNHN,real,,12,restart,225929.46430817503,25086.87849658057,713.8779639188381,32432.531219892535,34737.83540438613,6.966137264352678,0.7735097309084991,0.020550444655187156,0.5408124530271515,0.6579396480109284,0.4167435015466041,0.6850701848223403,0.7343885026385261,0.7894263463931084,0.9603974345804472,0.5674700789150695,False,1e-24,False
HNHN,real,,13,base,134623.60237937918,17841.08403662504,401.9479139657748,23983.7335933459,27307.18381830557,5.613121153777719,0.7438826806171208,0.014719493472495179,0.32225155254134563,0.46790821555541284,0.23464680179495573,0.5066067984063345,0.5772979692646109,0.6360979630653852,0.9236121919945444,0.4064570019081477,False,1e-24,False
HNHN,real,,13,restart,222765.86038059348,24828.473642895875,703.9330995897511,32130.03037541534,34469.428017544444,6.9332601861168905,0.7727497718736571,0.020421954760359216,0.5332396629719865,0.6511626072363738,0.41093794682663687,0.6786804797441316,0.7287141335644272,0.7857006041679916,0.9594538618259181,0.5639220208569001,False,1e-24,False
HNHN,real,,14,base,126636.32546954112,17121.431554991424,378.6987555028678,23128.69333660293,26515.20675943426,5.475290956844908,0.7402679998309911,0.014282323307478063,0.30313222770319814,0.4490342890714642,0.22107454407648489,0.4885458403285952,0.5605548751823834,0.6204785767888471,0.9191241681014916,0.39438519556993507,False,1e-24,False
HNHN,real,,14,restart,220095.8030949871,24607.55147816931,695.6467036570886,31870.887902409457,34238.16553207886,6.905857275421177,0.7721012214507197,0.02031787313503448,0.5268482866423275,0.6453686041555272,0.40610056308499226,0.6732066306426292,0.7238250404922639,0.7825952132102577,0.9586486151205488,0.5610479609945639,False,1e-24,False
HNHN,real,,15,base,119348.3930124835,16451.39357343592,357.6380545192861,22329.975744656265,25768.593544992396,5.344761426399869,0.7367403243764322,0.013878834865195262,0.2856869394506605,0.43146157456261564,0.20877985126268384,0.47167458212719576,0.5447708128128881,0.6056865268470619,0.9147441709001486,0.38324346009776633,False,1e-24,False
HNHN,real,,15,restart,217836.08402418665,24418.23153430758,688.7117955561051,31648.37815368211,34038.477886244524,6.883009390446209,0.7715476418960399,0.020233331168854184,0.5214391461498558,0.64040341499328,0.4020521430034385,0.6685065721226232,0.7196034674002002,0.7800060132456091,0.9579612851970761,0.558713459866976,False,1e-24,False
HNHN,real,,16,base,112678.78775738922,15825.95544891786,338.4735957473499,21581.987761421977,25063.120567959242,5.220964306114736,0.7332946169679013,0.013504846486676342,0.2697217549636551,0.4150585557671878,0.19759213563406383,0.4558748820530644,0.5298564913756374,0.5916574165019671,0.9104659460462982,0.37291632517526807,False,1e-24,False
HNHN,real,,16,restart,215919.02657447787,24255.6591074084,682.8859138199637,31456.936918454667,33865.729096659685,6.863955862396947,0.7710750468262683,0.020164512385688442,0.5168502425062088,0.6361397181230254,0.39865114384527983,0.6644627717324939,0.7159514055074834,0.7778468027013672,0.9573745064217517,0.5568131311408019,False,1e-24,False
HNHN,real,,17,base,106558.26914314774,15240.779471699465,320.9641112871696,20879.886973878616,24395.121578065442,5.1033930057406645,0.7299263396763666,0.013156897384588579,0.25507093154979854,0.39971146997777796,0.1873705512274593,0.4410444541402648,0.5157344031038329,0.5783338372251217,0.9062838592017718,0.36330822628820425,False,1e-24,False
HNHN,real,,17,restart,214289.20485900398,24115.801056992274,677.9755164381531,31291.93207930793,33716.03664901211,6.848065639280376,0.7706715263177714,0.02010839896444406,0.5129489015162614,0.63247173860637,0.3957845807878527,0.660977385566227,0.7127867750345577,0.7760460686213086,0.956873491314022,0.5552636421581532,False,1e-24,False
HNHN,real,,18,base,100927.28063294824,14692.089119554998,304.9082591345888,20219.45342351258,23761.391722610315,4.991592923851395,0.7266313689009032,0.012832087560109168,0.24159190738403147,0.38532127244060216,0.1779975597855469,0.4270941604877413,0.5023367945825415,0.5656642720381231,0.9021927904623316,0.3543390842661022,False,1e-24,False
HNHN,real,,18,restart,212900.95549051746,23995.28862574277,673.8247113030093,31149.48677439219,33586.1318020862,6.834814230889419,0.7703269334591143,0.020062587596382703,0.5096258177003298,0.6293111259136411,0.39336144804852347,0.6579685229306197,0.7100404719068919,0.7745443739928999,0.9564456413669499,0.5539986291092787,False,1e-24,False
HNHN,real,,19,base,95734.30401290397,14176.577536428027,290.1364511662636,19596.988250883507,23159.112075261583,4.88515392198533,0.7234059313062503,0.012527960926282038,0.22916136215612795,0.37180123607600035,0.16937416014578194,0.4139458703352627,0.48960407122090555,0.5536022426568136,0.8981880548170984,0.3459410779069311,False,1e-24,False
HNHN,real,,19,restart,211716.46410023968,23891.294817691047,670.3069565760161,31026.341201053376,33473.25001222847,6.823765094578786,0.7700326204393031,0.020025153109755972,0.506790473951221,0.6265837379895439,0.3913078737730806,0.6553673272325321,0.70765405123146,0.7732922483201634,0.9560802193717304,0.5529649312289336,False,1e-24,False
HNHN,real,,20,base,90934.54799987594,13691.334203891049,276.5046785329619,19009.232489686696,22585.789424700288,4.783704342045989,0.7202465544739469,0.01224241815654983,0.21767207796167334,0.3590750283314798,0.16141628366462024,0.40153074475584055,0.4774835243309488,0.5421056315227705,0.8942653408765081,0.33805623741844737,False,1e-24,False
HNHN,real,,20,restart,210704.27573361984,23801.43760770878,667.318845263071,30919.743342470178,33375.04393231041,6.814554487074429,0.769781215325162,0.019994545823415057,0.5043675758349729,0.6242271027822169,0.3895634916314442,0.6531156678049613,0.7055778880180228,0.7722484709792498,0.9557680722622455,0.5521197563684047,False,1e-24,False
HNHN,real,,21,base,86488.8912456339,13233.785511128233,263.88976864744626,18453.301252275465,22039.20763912086,4.686906156423855,0.717150028074049,0.011973650458241827,0.20703040914729123,0.3470751525436149,0.15405202536965154,0.38978784646092646,0.46592830293017945,0.5311361321986333,0.8904206626627257,0.330634615671194,False,1e-24,False
HNHN,real,,21,restart,209838.1227033807,23723.702749420718,664.7753821377042,30827.361669331,33289.51359766297,6.806879062639372,0.7695664327000307,0.01996951322786445,0.5022942457962597,0.6221883937691686,0.3880786836075331,0.65116429591041,0.7037697012481593,0.7713786658004472,0.9555013960021728,0.5514285183338561,False,1e-24,False
HNHN,real,,22,base,82363.02186319332,12801.646102955896,252.18568870678868,17926.62984952669,21517.38795382274,4.594450967891654,0.7141133726980977,0.0117200883884229,0.19715422257543394,0.3357416719695645,0.14721948605148097,0.37866300169394007,0.45489657418622303,0.5206587960626444,0.886650320912347,0.32363287482401015,False,1e-24,False
HNHN,real,,22,restart,209095.9934677919,23656.381651618645,662.6063483712304,30747.21476155523,33214.949880574735,6.800485672908332,0.7693829127312499,0.019949039536523452,0.5005177943113197,0.6204228006764432,0.38681245776432177,0.6494713581452193,0.7021933584534474,0.7706541451507796,0.9552735357695622,0.5508631676839845,False,1e-24,False
HNHN,real,,23,base,78526.73078429708,12392.878696780132,241.30062783784405,17426.929287147883,21018.55623453589,4.506056660378455,0.7111338143731212,0.01148036169303387,0.18797120611825294,0.32502115592870745,0.14086506889568312,0.3681078601817442,0.4443508313346285,0.5106416527629886,0.8829508714327271,0.3170131773414,False,1e-24,False
HNHN,real,,23,restart,208459.38675308813,23598.02097895571,660.7534715506517,30677.61411408839,33149.88831593825,6.795162947738991,0.769226084244881,0.019932298572268962,0.49899393446396983,0.6188922076839842,0.3857307961734476,0.648001188330209,0.7008178995488701,0.7700509558474637,0.955078815949036,0.5504008907617082,False,1e-24,False
HNHN,real,,24,base,74953.32693812673,12005.660631937171,231.1546676982203,16952.149215003035,20541.115762215035,4.421464558121712,0.708208763365054,0.01125326736746329,0.1794174687576934,0.31486580251074536,0.13494211963986352,0.358079112515736,0.43425731832539616,0.5010553882832491,0.8793190987840945,0.3107423040335481,False,1e-24,False
HNHN,real,,24,restart,207912.7096175684,23547.381472823683,659.1682004983367,30617.11732615895,33093.071123474176,6.790734326903138,0.7690920481499753,0.019918616741217574,0.4976853410780669,0.6175641134436229,0.38480535591246007,0.6467233187304857,0.6996167339491117,0.7695490894854703,0.9549123953901926,0.5500230872700219,False,1e-24,False
HNHN,real,,25,base,71619.14989838807,11638.35582645889,221.6779040848906,16500.446862116904,20083.62443653093,4.340436989183442,0.7053357962795054,0.011037743948331935,0.17143637399783376,0.3052327031013452,0.12940983001732312,0.3485378339680231,0.424585547884661,0.4918730688317823,0.8757519940556844,0.3047909441620406,False,1e-24,False
HNHN,real,,25,restart,207442.7884713868,23503.40409307699,657.8099400296453,30564.48954727269,33043.41577234318,6.787052280082891,0.7689774781523951,0.019907443726814165,0.4965604802345553,0.6164107430968528,0.3840124385619546,0.6456116656817626,0.6985669759967069,0.7691318274278548,0.9547701441328921,0.5497145610326775,False,1e-24,False
HNHN,real,,26,base,68503.16122939767,11289.4911172168,212.80891856688734,16070.160823418786,19644.775550318886,4.262755176013491,0.7025126407425124,0.010832850597951114,0.16397756166079883,0.2960832218682192,0.12423234553573319,0.3394489307905681,0.41530789506956495,0.48306990179317744,0.872246735845209,0.2991331178881731,False,1e-24,False
HNHN,real,,26,restart,207038.46952576388,23465.18202293457,656.644639469016,30518.671545808604,32999.988814307144,6.783993504271594,0.7688795361788037,0.019898329152897402,0.4955926528577355,0.6154083140629185,0.3833321662177503,0.6446438551054503,0.6976488917719713,0.7687851965589075,0.9546485383968343,0.549462875579316,False,1e-24,False
HNHN,real,,27,base,65586.59989642029,10957.736182763401,204.49352484044107,15659.788811743627,19223.381475277158,4.1882173945561405,0.6997371621350315,0.010637749924665256,0.1569961230347145,0.2873824692086204,0.11937803363167242,0.33078067027219743,0.4063992523695202,0.4746230271119631,0.868800673788269,0.2937457018821665,False,1e-24,False
HNHN,real,,27,restart,206690.2906126459,23431.937406256493,655.6436560469733,30478.75313096534,32961.98399349255,6.7814549277823275,0.7687958003259153,0.01989090390239897,0.494759209142582,0.6145364259402726,0.3827478179714447,0.6438006611022108,0.6968454363140772,0.7684975164448197,0.9545445711226257,0.5492578382890281,False,1e-24,False
HNHN,real,,28,base,62852.69021017066,10641.886416296162,196.68373289572514,15267.968674823886,18818.35973986806,4.1166373568614665,0.6970073519894038,0.010451693750919021,0.15045190177387624,0.279098852568068,0.11481887897794871,0.3225042797617928,0.39783673538075043,0.46651133400462974,0.865411314151289,0.2886080363294281,False,1e-24,False
HNHN,real,,28,restart,206390.21037307542,23403.001931282775,654.7828338610349,30443.950932441843,32928.70385241646,6.779350381659589,0.7687242034785947,0.019884865095076733,0.4940409003068396,0.6137775512870617,0.3822452922316002,0.6430655365936405,0.6961418647562081,0.7682590221267431,0.954455675759396,0.5490910855727146,False,1e-24,False
HNHN,real,,29,base,60286.393136238985,10340.848244279776,189.33688745622499,14893.462118898959,18428.721086991798,4.047842781950543,0.6943213177517553,0.010274011232926598,0.14430889860251359,0.27120369139999717,0.11052998052677437,0.3145936028631823,0.38959943033497424,0.45871529900521835,0.8620763071204105,0.28370159687282304,False,1e-24,False
HNHN,real,,29,restart,206131.3838583409,23377.800560495034,654.0417532923185,30413.58974979359,32899.54421467413,6.7776078244673466,0.7686629810166916,0.019879963960126756,0.49342134144243627,0.613116608913233,0.3818126685525618,0.6424242193659705,0.6955254042758765,0.7680615496243433,0.9543796613370805,0.5489557479932362,False,1e-24,False
HNHN,real,,30,base,57874.19361603325,10053.626485007082,182.4149470112691,14535.140689922384,18053.559180784196,3.98167412690811,0.6916772736831877,0.010104098875164044,0.1385347622201339,0.263670885625747,0.10648913062759477,0.30702480331711957,0.38166817649202384,0.4512168421684297,0.8587934355043191,0.2790097188776759,False,1e-24,False
HNHN,real,,30,restart,205907.97589911896,23355.837848381896,653.4031162229527,30387.086842522152,32873.981048128466,6.776167026678641,0.7686106262644078,0.019875996012358572,0.49288656477298953,0.6125406050441565,0.38143984874027353,0.6418644002306808,0.6949849763711544,0.7678982735229593,0.954314657151907,0.5488461789950504,False,1e-24,False
HNHN,real,,31,base,55603.91795700076,9779.313418278469,175.8838771258903,14191.973648496823,17692.041695304793,3.9179834555914765,0.6890735327227914,0.009941412085444457,0.1331003521843785,0.2564766289711049,0.1026764608570683,0.2997761088843474,0.37402537774684524,0.44399919886787287,0.8555606046312807,0.27451736423768464,False,1e-24,False
HNHN,real,,31,restart,205715.00536908477,23336.68639880668,652.8522401806155,30363.938655145495,32851.55930821058,6.774977637304117,0.7685658525348136,0.019872793070660984,0.4924246468641001,0.6120383305984085,0.38111826154693657,0.6413754426190498,0.6945109609981998,0.76776348787738,0.9542590656404876,0.5487577345059705,False,1e-24,False
HNHN,real,,32,base,53464.576456922565,9517.079297831411,169.7131372768579,13863.017441594535,17343.402567540033,3.856633426465128,0.6865084991725112,0.009785457992798572,0.12797936219724731,0.24959916014105854,0.09907414244720729,0.29282758895745425,0.3666548388511478,0.4370468050940438,0.8523758332665966,0.27021092305133537,False,1e-24,False
HNHN,real,,32,restart,205548.2148395826,23319.977099469063,652.3766403919367,30343.70956774932,32831.883435943324,6.773997568776121,0.7685275607915322,0.01987021675636601,0.4920253966127972,0.611600105072415,0.3808406186845897,0.6409481449608028,0.6940949956910859,0.7676524231814215,0.9542115222282412,0.5486865934041205,False,1e-24,False
HNHN,real,,33,base,51446.2273029705,9266.16408608213,163.8752447145803,13547.406527178568,17006.93523638347,3.7974963842533254,0.6839806620914871,0.009635789308116895,0.12314799431720319,0.24301854605144943,0.09566613167923092,0.28616096074996245,0.359541622479478,0.430345194517311,0.8492372454109514,0.2660780440926318,False,1e-24,False
HNHN,real,,33,restart,205403.96119091607,23305.39083848751,651.9656831772886,30326.022338369785,32814.60924455522,6.773191647063788,0.7684948120941179,0.019868153185016713,0.4916800934013177,0.6112175592958526,0.38060071248594735,0.6405745387992028,0.6937298040376589,0.7675610933943814,0.9541708611173001,0.548629610938968,False,1e-24,False
HNHN,real,,34,base,49539.85848465096,9025.870229042648,158.3454021301347,13244.345350232239,16681.986720511177,3.7404535425967493,0.6814885893083708,0.009491999051614316,0.11858467629152256,0.23671649234072994,0.09243795252520202,0.27975941980653607,0.35267192403027836,0.42388090586378907,0.8461430628660445,0.2621074892178427,False,1e-24,False
HNHN,real,,34,restart,205279.12358647684,23292.651461711193,651.6102975342444,30310.549963802707,32799.43697574662,6.772530483004239,0.7684668041169695,0.019866508623793584,0.4913812668127027,0.6108834507269755,0.38039324753427883,0.6402477168674688,0.6934090488828755,0.7674861680364549,0.9541360861321562,0.5485841988175892,False,1e-24,False
HNHN,real,,35,base,47737.28502066966,8795.55632010293,153.10117845998363,12953.10130281872,16367.952413157329,3.6853942468805956,0.6790309219761086,0.009353716005241665,0.11426981554592434,0.2306761771934918,0.08937651031007181,0.2736074912987911,0.34603296158284846,0.41764139937651346,0.8430915984737549,0.2582890077905857,False,1e-24,False
HNHN,real,,35,restart,205171.0258819295,23281.519772193624,651.3027343995733,30297.008733635485,32786.10534454075,6.771989528264893,0.7684428511368739,0.019865205932671794,0.4911225108999143,0.6105915060801373,0.3802137001267838,0.6399616863695565,0.693127206431697,0.7674248652071766,0.954106345871995,0.5485482269324993,False,1e-24,False
HNHN,real,,36,base,46031.05925316547,8574.631526342551,148.12223416549182,12672.998528427306,16064.271492067704,3.632215307996081,0.6766063696060924,0.009220600774746141,0.11018558445385475,0.22488210516243365,0.0864699313369633,0.26769089915491673,0.33961287885971086,0.4116149813150305,0.8400812499504926,0.2546132279414609,False,1e-24,False
HNHN,real,,36,restart,205077.37107286963,23271.788407714925,651.0363651410457,30285.152291123763,32774.38642225108,6.771548285493533,0.7684223669740511,0.019864181643353244,0.4908983272717163,0.61033628698141,0.38005820063931706,0.6397112435284545,0.6928794580705034,0.7673748620769412,0.9540809125301268,0.548519942700689,False,1e-24,False
HNHN,real,,37,base,44414.39233148923,8362.550671393448,143.3900839102366,12403.412453385246,15770.422859396243,3.580820399096482,0.6742137055283579,0.0090923423670154,0.10631573239043823,0.2193199782093299,0.08370742434432006,0.2619964505470536,0.3334006593924402,0.4057907355937416,0.8371104942505351,0.251071562056479,False,1e-24,False
HNHN,real,,37,restart,204996.18581070952,23263.277460134574,650.8055124502584,30274.76654600368,32764.081231977714,6.771189647299505,0.7684048504481488,0.01986338355842778,0.4907039922790985,0.610113075079777,0.3799234348059917,0.6394918661298576,0.6926615972519993,0.7673342199781072,0.954059163836003,0.5484979047680199,False,1e-24,False
HNHN,real,,38,base,42881.085309230766,8158.809885561946,138.88789082167688,12143.76494657326,15485.921539796584,3.531119508479205,0.6718517627322989,0.008968655204971497,0.10264542079787738,0.21397658162319347,0.08107916040118675,0.25651193365028896,0.3273860503741391,0.4001584617806406,0.8341778824018171,0.24765612434778114,False,1e-24,False
HNHN,real,,38,restart,204925.7733606771,23255.83072306849,650.6053080894102,30265.665309982604,32755.015951395737,6.770899342929226,0.7683898729758952,0.019862768775775454,0.4905354444097788,0.6099177736370425,0.3798065606754235,0.6392996213309303,0.6924699492188073,0.7673013217003855,0.9540405676563377,0.5484809284560186,False,1e-24,False
HNHN,real,,39,base,41425.46852604148,7962.942747668387,134.60028753712862,11893.520023891771,15210.315476053298,3.4830284426162947,0.6695194300486635,0.008849276515601509,0.09916107808235487,0.20883968283444374,0.07857616843847573,0.2512260269083844,0.3215594949162543,0.394708618779042,0.8312820347654588,0.24435965872797444,False,1e-24,False
HNHN,real,,39,restart,204864.67365504868,23249.312472973917,650.4315729654612,30257.686546671517,32747.038634332235,6.770665475004225,0.7683770679927097,0.019862302061217346,0.490389188666725,0.6097468231071288,0.3797051386011257,0.6391310864478797,0.6923013016947132,0.7672748189924189,0.9540246688608736,0.548468040825042,False,1e-24,False
HNHN,real,,40,base,40042.348150494756,7774.516854447761,130.51322005166492,11652.180026516557,14943.182670767019,3.4364683741043693,0.6672156486387526,0.00873396403745935,0.09585027165247308,0.20389794144247975,0.07619024409140755,0.2461282183073261,0.31591207162127694,0.3894322735997316,0.8284216366767186,0.24117547550619164,False,1e-24,False
HNHN,real,,40,restart,204811.62932240326,23243.60470401434,650.2807158223649,30250.689145030556,32740.01637645711,6.770478131604773,0.7683661219279262,0.019861954506839304,0.49026221525161506,0.609597128616413,0.3796170721006525,0.6389832808016614,0.6921528449648675,0.7672535886017823,0.9540110781171288,0.5484584436258746,False,1e-24,False
HNHN,real,,41,base,38726.958930040375,7593.130762825218,126.6138110490477,11419.282212455566,14684.128630223831,3.3913654299391074,0.6649394087610009,0.008622494002704586,0.0927015948157544,0.19914082902243593,0.07391386991564183,0.24120873337900756,0.31043544054388544,0.38432105470283207,0.8255954344303489,0.23809739566508295,False,1e-24,False
HNHN,real,,41,restart,204765.55676011706,23238.604749705428,650.149647500048,30244.550139713585,32733.83286189123,6.770329061408092,0.7683567665035701,0.019861702424006478,0.49015193032041526,0.6094659975879543,0.3795405578022081,0.6388536070035047,0.6920221200089163,0.7672366954605397,0.9539994623284813,0.5484514827319651,False,1e-24,False
HNHN,real,,42,base,37474.92233557412,7418.411258291423,122.89023993801105,11194.395709666598,14432.784072932629,3.347650316060717,0.6626897467886961,0.008514659355881343,0.08970456658835399,0.1945585574843776,0.07174014535556056,0.2364584708421386,0.3051217947474026,0.3793671094500201,0.8228022315777654,0.23511970167503496,False,1e-24,False
HNHN,real,,42,restart,204725.52147060228,23234.223234817622,650.035708241201,30239.162313584722,32728.38623710341,6.770211401611176,0.7683487721609211,0.019861526429441563,0.49005609694517827,0.6093510860271784,0.37947404300823,0.6387398003130288,0.6919069735533067,0.767223361852534,0.9539895364725232,0.5484466229028316,False,1e-24,False
HNHN,real,,43,base,36282.209406458205,7250.01090923832,119.33163725986104,10977.118786332323,14188.802870636991,3.3052579745819464,0.6604657424556024,0.008410268177508605,0.08684954275634715,0.19014201493222155,0.06966272510215438,0.23186894494244736,0.2999638167749692,0.3745630652604395,0.8200408855071862,0.23223709396395256,False,1e-24,False
HNHN,real,,43,restart,204690.71700827923,23230.382309730147,649.9366059596452,30234.43212758659,32723.587266473023,6.770119450052932,0.7683419424482663,0.019861410690310787,0.48997278471893607,0.6092503522152601,0.37941618965805785,0.6386398849109897,0.6918055190782529,0.7672129415894936,0.9539810566328385,0.5484434269382296,False,1e-24,False
HNHN,real,,44,base,35145.1077011436,7087.605872702368,115.92799149870771,10767.07640006577,13951.860194084664,3.264127270512255,0.6582665163088351,0.008309142285403569,0.08412763676468896,0.18588270811618104,0.06767576469124505,0.22743223368471194,0.2949546394494742,0.3699019941092195,0.8173103042810951,0.22944465229487573,False,1e-24,False
HNHN,real,,44,restart,204660.44698899807,23227.014126714424,649.8503637372411,30230.27793142628,32719.357730616473,6.770048474355594,0.7683361092280424,0.01986134230040698,0.48990032669124695,0.6091620167474536,0.37936584367798504,0.6385521361037184,0.6917161029569435,0.7672048983822891,0.9539738140481437,0.5484415384523714,False,1e-24,False
HNHN,real,,45,base,34060.191842207125,6930.893921682967,112.6700666278192,10563.917993038262,13721.65083961696,3.2242007051411385,0.6560912273505438,0.008211115990688217,0.08153064921020528,0.18177271069634005,0.06577387236917834,0.22314093225939544,0.2900878104961776,0.3653773800470998,0.8146094437081319,0.22673780141494446,False,1e-24,False
HNHN,real,,45,restart,204634.1097006013,23224.059523726988,649.7752751056748,30226.62841549556,32715.629034237234,6.769994552078339,0.7683311285826794,0.01986131076451804,0.48983728253015196,0.6090845280136588,0.37932200887592243,0.6384750476231364,0.6916372750242624,0.7671987877265976,0.9539676300289414,0.548440667635526,False,1e-24,False
HNHN,real,,46,base,33024.29721532319,6779.592668206142,109.54932897654632,10367.315504446591,13497.887715842198,3.1854241535486123,0.6539390708518846,0.008116034988790911,0.07905100488422846,0.1778046166399303,0.0639520663996252,0.2189881110601232,0.28535726054965105,0.36098308945422614,0.8119373046288985,0.22411228043205084,False,1e-24,False
HNHN,real,,46,restart,204611.18492575316,23221.46688641956,649.7098659074493,30223.421270290353,32712.340995041428,6.7699544368554365,0.7683268773163772,0.019861307572146335,0.4897824069796846,0.6090165323529909,0.37928382467683014,0.638407303309762,0.6915677629733958,0.7671942417332229,0.9539623516140912,0.5484405794829117,False,1e-24,False
HNHN,real,,47,base,32034.496441636264,6633.437959708175,106.55788221149083,10176.961575499843,13280.300472379025,3.147746623978276,0.6518092763244391,0.008023755368571273,0.07668169645398479,0.17397149816417418,0.06220573710726842,0.21496727776773983,0.2807572741642015,0.3567133437714883,0.809292930397252,0.22156411545329097,False,1e-24,False
HNHN,real,,47,restart,204591.22264864587,23219.191163393385,649.652861726724,30220.60202452763,32709.440789312335,6.769925446309628,0.768323249965313,0.01986132584507514,0.4897346228268586,0.6089568482274025,0.3792505471096843,0.6383477525703322,0.6915064500643461,0.7671909564260593,0.9539578478586539,0.548441084062765,False,1e-24,False
HNHN,real,,48,base,31088.07829397601,6492.182429218847,103.68840940067098,9992.567925317819,13068.634254976789,3.1111200370436554,0.6497011056357028,0.00793414272506589,0.07441623399386317,0.17026686771274463,0.060530613056360184,0.21107234304452016,0.2762824634960169,0.3525626944794328,0.8066754045404771,0.21908959508475226,False,1e-24,False
HNHN,real,,48,restart,204573.83336781178,23217.19301337307,649.6031600431472,30218.123037329235,32706.882033176673,6.769905368215504,0.7683201562417449,0.019861360046005406,0.4896929977132283,0.6089044438550842,0.37922153255160373,0.6382953890897681,0.6914523557010903,0.7671886811082058,0.9539540066604641,0.5484420284707777,False,1e-24,False
HNHN,real,,49,base,30182.528770827714,6355.594182310164,100.93412127645988,9813.863878881437,12862.648573305893,3.0754990229462864,0.6476138512565716,0.007847071363352835,0.07224859968175155,0.1666846435190978,0.05892273084796293,0.20729758944016433,0.27192774436725486,0.3485260001183267,0.8040838485833465,0.21668524844741183,False,1e-24,False
HNHN,real,,49,restart,204558.67977973275,23215.438066062525,649.559806396669,30215.942623377643,32704.623981523317,6.769892381959602,0.7683175188485125,0.01986140573772204,0.4896567242277567,0.6088584178253438,0.3791962238134842,0.6382493323518996,0.6914046184960145,0.7671872094615585,0.953950732046593,0.5484432901798297,False,1e-24,False
HNHN,real,,50,base,29315.51407914142,6223.455605910125,98.28870993694676,9640.595030534281,12662.116269415004,3.0408407350678597,0.6455468346298975,0.007762423582727673,0.07017320706460331,0.16321911836589245,0.057378408092000774,0.20363764316103042,0.2676883144583179,0.34459840516378637,0.8015174200225044,0.2143478254107175,False,1e-24,False
HNHN,real,,50,restart,204545.46963362352,23213.896281063968,649.5219739635436,30214.024292950795,32702.630829031743,6.76988499282255,0.7683152716098126,0.019861459384085112,0.48962510280314947,0.6088179822853304,0.3791741382169963,0.6382088115867715,0.6913624814930384,0.7671863720994387,0.9539479418524996,0.5484447715446565,False,1e-24,False
HNHN,real,,51,base,28484.86530893183,6095.562285917341,95.74630733007781,9472.522028564566,12466.822576318018,3.007104678462102,0.6434994046502145,0.007680089031824159,0.06818486437368151,0.1598649311978687,0.05589421917137422,0.20008744839694073,0.26355963340555044,0.34077532059089444,0.798975310438878,0.21207427878520152,False,1e-24,False
HNHN,real,,51,restart,204533.94958781888,23212.541391466155,649.4889460373516,30212.336091297824,32700.87109990147,6.769881977009105,0.7683133578721227,0.019861518185651898,0.48959752700975007,0.6087824483473316,0.37915485736745935,0.6381731518163214,0.691325279265957,0.7671860303372112,0.953945565736603,0.5484463952627951,False,1e-24,False
HNHN,real,,52,base,27688.56461000915,5971.722022136685,93.30144795370977,9309.419468148566,12276.564257438999,2.974252551917266,0.6414709362456439,0.007599964126540831,0.0662787414354879,0.15661704128711193,0.0544669734672156,0.19664224393689994,0.25953740460834557,0.3370524059761845,0.7964567437369583,0.20986174824938578,False,1e-24,False
HNHN,real,,52,restart,204523.89992353797,23211.350420601782,649.460100987134,30210.85002399485,32699.317114699836,6.7698823356872,0.7683117291359314,0.019861579943979076,0.48957347090175857,0.6087512134150381,0.3791380183727886,0.6381417617162085,0.6912924266471319,0.7671860709838317,0.9539435434814234,0.5484481006274909,False,1e-24,False
HNHN,real,,53,base,26924.732704777613,5851.753930426643,90.94903528020312,9151.07488145173,12091.14881873753,2.9422481023897236,0.6394608290538126,0.007521951523684856,0.06445033978086705,0.15347070468556917,0.05309369575843451,0.19329754183706863,0.2556175585727793,0.3334255530015614,0.7939609745008053,0.2077075458152367,False,1e-24,False
HNHN,real,,53,restart,204515.12999321823,23210.303262088637,649.4348993303331,30209.541556778924,32697.94452431228,6.769885256578006,0.7683103438847226,0.019861642949679948,0.4895524781218057,0.6087237501695154,0.37912330629701263,0.6381141230508397,0.6912634088747889,0.7671864019891034,0.9539418235396386,0.548449840436563,False,1e-24,False
HNHN,real,,54,base,26191.617591413098,5735.487623137368,88.68431147856154,8997.287814997957,11910.393786286404,2.911056990724826,0.6374685061843463,0.007445959644144799,0.062695465603548,0.15042145273085258,0.051771608546285534,0.19004910793209634,0.2517962376389654,0.32989087023733255,0.7914872864575481,0.20560914266128766,False,1e-24,False
HNHN,real,,54,restart,204507.4742987298,23209.382314648297,649.4128726132961,30208.38917994812,32696.73190232374,6.769890081874303,0.7683091665825843,0.01986170589015787,0.48953415251328625,0.6086995969917968,0.37911044766899843,0.638089781472222,0.6912377729756011,0.7671869488080765,0.9539403617895039,0.5484515784446,False,1e-24,False
HNHN,real,,55,base,25487.584309363807,5622.762459951309,86.50283006217607,8847.868985559606,11734.126042898833,2.8806466676847817,0.6354934130611659,0.0073719022401779275,0.06101020526159243,0.14746507239845213,0.0504981160868283,0.18689294400504258,0.24806978195676926,0.3264446690932661,0.7890349910399688,0.20356415718391901,False,1e-24,False
HNHN,real,,55,restart,204500.7891101349,23208.572164374742,649.3936138384306,30207.374028776663,32695.660388317683,6.769896281461603,0.7683081668160031,0.019861767773635856,0.4895181500266074,0.6086783496299183,0.37909920489407245,0.6380683385020159,0.6912151202237152,0.7671876513663761,0.9539391204692963,0.5484532872651499,False,1e-24,False
HNHN,real,,56,base,24811.10565441018,5513.426862137927,84.40043113743415,8702.639506815929,11562.181218121847,2.8509862593961364,0.6335350163384106,0.007299698002064709,0.059390903051824206,0.14459758831707445,0.0492707899417053,0.183825271452135,0.2444347165897294,0.32308345083710976,0.7866034260405008,0.20157034413570507,False,1e-24,False
HNHN,real,,56,restart,204494.94954868403,23207.85930813519,649.3767692161442,30206.47955256128,32694.71337557479,6.769903430581814,0.7683073185589858,0.01986182786668115,0.4895041717366906,0.6086596539447059,0.37908937143901617,0.638049444540825,0.6911950995384268,0.7671884615289718,0.9539380672648818,0.5484549466455538,False,1e-24,False
HNHN,real,,57,base,24160.753743808862,5407.337684019432,82.37321896902591,8561.430179896479,11394.403126540901,2.8220464614127123,0.6315928028843442,0.007229270199959361,0.05783414101912431,0.14181524628442319,0.04808735588134763,0.18084251629696502,0.2408877396403216,0.3198038945894434,0.7841919543496376,0.19962558473564757,False,1e-24,False
HNHN,real,,57,restart,204489.84706880624,23207.231912651005,649.3620310526528,30205.691225917188,32693.87623751318,6.769911191217805,0.7683065995436866,0.019861885642901235,0.48949195781555516,0.6086431995913241,0.3790807676801523,0.6380327927699192,0.6911774017008843,0.7671893409906136,0.9539371745282799,0.5484565420502627,False,1e-24,False
HNHN,real,,58,base,23535.192343617437,5304.35963613162,80.41754161274143,8424.080841686175,11230.64324989096,2.793799440664746,0.6296662788280999,0.0071605463572642835,0.05633672059017505,0.13911449813875834,0.04694568199512853,0.17794129542477954,0.23742571130132972,0.31660284621222207,0.7817999627723612,0.1977278776498946,False,1e-24,False
HNHN,real,,58,restart,204485.3872832633,23206.679604549023,649.3491316126141,30204.99629680298,32693.136087953655,6.769919296593552,0.7683059907213202,0.01986194074088469,0.4894812823263407,0.6086287145130685,0.379073237320509,0.6380181138287819,0.691161754285885,0.7671902595193363,0.9539364186083276,0.5484580634994354,False,1e-24,False
HNHN,real,,59,base,22933.169880391986,5204.364755166093,78.52997239674939,8290.43976543522,11070.76025895208,2.766218744632309,0.6277549686645462,0.007093457952289065,0.054895645845402935,0.13649198785736477,0.04584376788061254,0.17511840392160438,0.2340456437482965,0.3134773080159992,0.7794268609167342,0.19587533075349625,False,1e-24,False
HNHN,real,,59,restart,204481.48808364922,23206.193287312624,649.3378378191322,30204.383566495424,32692.481570934724,6.769927538281986,0.7683054758003528,0.019861992929788068,0.4894719487243044,0.6086159601406431,0.37906664429581954,0.6380051711675324,0.6911479172183795,0.7671911934954756,0.9539357792772936,0.5484595046186722,False,1e-24,False
HNHN,real,,60,base,22353.51306827335,5107.2319163093025,76.70729305849243,8160.363108802646,10914.61957163205,2.7392792171417524,0.6258584144129681,0.007027940145331374,0.053508108263991355,0.13394453876693888,0.044779734799310966,0.17237080341530492,0.23074469179700055,0.3104244292176939,0.7770720801493107,0.1940661535941476,False,1e-24,False
HNHN,real,,60,restart,204478.07801524803,23205.764981610395,649.3279466736951,30203.84319737316,32691.902676356884,6.769935755494571,0.768305040850848,0.019862042081242818,0.4894637859666814,0.6086047272045484,0.3790608701008001,0.6379937569867535,0.6911356788760287,0.7671921246979286,0.9539352392396291,0.5484608618632659,False,1e-24,False
HNHN,real,,61,base,21795.121090204484,5012.846384059316,74.94647836701745,8033.714404977539,10762.092944012516,2.712956920238618,0.6239761748256137,0.0069639315286450735,0.052171472795329375,0.13146914176310898,0.043751816699595804,0.169695611326574,0.22752014425781017,0.3074414970869635,0.7747350726124596,0.19229865048792885,False,1e-24,False
HNHN,real,,61,restart,204475.09487108732,23205.38768595336,649.3192812955891,30203.366544918852,32691.390578215964,6.769943826195309,0.7683046739654666,0.01986208814648177,0.48945664514723924,0.6085948320806166,0.37905581147706235,0.6379836886888844,0.6911248526693139,0.7671930392971612,0.9539347837110623,0.5484621338865833,False,1e-24,False
HNHN,real,,62,base,21256.960278798397,4921.099398011707,73.24468208028603,7910.364092976572,10613.05809146527,2.6872290616397745,0.6221078246424886,0.006901373897047393,0.050883265126485375,0.12906294444707164,0.04275835201894053,0.16709009094743793,0.22436941592574758,0.3045259287248332,0.7724153102991091,0.19057121418496228,False,1e-24,False
HNHN,real,,62,restart,204472.4844750047,23205.055255039086,649.3116874947855,30202.946010824784,32690.937492602312,6.769951659739465,0.7683043649689787,0.019862131137772337,0.4894503965832764,0.6085861135994092,0.3790513784124534,0.6379748057753803,0.6911152740395143,0.7671939270210041,0.9539344000579258,0.5484633210273707,False,1e-24,False
HNHN,real,,63,base,20738.059248331032,4831.887790468533,71.5992241042,7790.189083617965,10467.39833723742,2.6620739273121394,0.6202529538890833,0.006840212037167645,0.04964116002954863,0.12672324109683436,0.04179777618769126,0.16455164227335384,0.22129004015126916,0.30167526342328777,0.7701122841807998,0.18888232004982772,False,1e-24,False
HNHN,real,,63,restart,204470.1996277919,23204.762293492353,649.3050308045879,30202.57491449673,32690.536553003287,6.7699591907857375,0.7683041051693396,0.01986217111339936,0.4894449272929839,0.6085784302594128,0.37904749240879193,0.6379669671324967,0.6911067978224918,0.767194780464759,0.95393407748809,0.5484644248950779,False,1e-24,False
HNHN,real,,64,base,20237.50443457415,4745.11363304504,70.00757873508606,7673.072358027328,10325.00228616284,2.637470818765616,0.6184111672139845,0.0067803935335595455,0.048442970685226745,0.12444746339896573,0.040868614765333086,0.16207779352247514,0.2182796619422373,0.298887155559094,0.767825503385254,0.18723052070764165,False,1e-24,False
HNHN,real,,64,restart,204468.1991941257,23204.50406301568,649.2991939108092,30202.24738060629,32690.181700760837,6.769966374271222,0.7683038871443699,0.019862208165569703,0.48944013880981074,0.6085716577919275,0.379044084981088,0.6379600486560651,0.6910992959328676,0.7671955945217442,0.9539338067861025,0.5484654480358605,False,1e-24,False
HNHN,real,,65,base,19754.436003802824,4660.683909733148,68.4673638805184,7558.90259584592,10185.76352138709,2.6133999946842947,0.6165820832635784,0.0067218685900921615,0.0472866388901446,0.12223317187421273,0.03996947714788508,0.15966619328231976,0.21533603155241773,0.29615936797925013,0.7655544944200028,0.18561444111203282,False,1e-24,False
HNHN,real,,65,restart,204466.44731110524,23204.27640122491,649.2940744231897,30201.95824064863,32689.86758880864,6.769973181272567,0.7683037045589453,0.01986224241071797,0.48943594528792284,0.6085656870324124,0.3790410963565548,0.6379539411721044,0.6910926553289396,0.7671963659142674,0.9539335800862092,0.5484663936648877,False,1e-24,False
HNHN,real,,66,base,19288.044096390844,4578.510214133054,66.97633116487071,7447.573830591575,10049.580322197296,2.589842616552988,0.6147653340912734,0.006664589865204106,0.046170226065054054,0.12007804793696196,0.03909905079177724,0.1573146032299819,0.21245699851615407,0.2934897658392001,0.7632988004388701,0.18403277399593101,False,1e-24,False
HNHN,real,,66,restart,204464.91270188702,23204.07565067183,649.2895829424059,30201.70294672829,32689.589497049976,6.769979595605434,0.7683035520083313,0.019862273981782492,0.48943227185923444,0.6085604220590022,0.37903847434617827,0.637948548615723,0.6910867762236971,0.7671970928082644,0.953933390677838,0.5484672654530547,False,1e-24,False
HNHN,real,,67,base,18837.56537401354,4498.508468788765,65.53235683610107,7338.985129871405,9916.35540123047,2.5667806979660166,0.6129605645988806,0.006608512319755048,0.04509190498979538,0.11797988653440818,0.03825609590546661,0.1550208913772864,0.2096405060927197,0.2908763108583327,0.7610579805483856,0.18248427567021194,False,1e-24,False
HNHN,real,,67,restart,204463.56808019642,23203.898596752097,649.285641382542,30201.47749602646,32689.343257944507,6.769985611038309,0.768303424883931,0.019862303022094085,0.4894290532079748,0.6085557785640514,0.37903617336541934,0.6379437864356475,0.6910815705116585,0.7671977744975589,0.9539332328389084,0.5484680673582294,False,1e-24,False
HNHN,real,,68,base,18402.279842671098,4420.598664763202,64.13343339917323,7233.040298367073,9785.99565949609,2.544197057332252,0.6111674320079751,0.00655359307634065,0.04404995219849663,0.11593658931653525,0.0374394405652449,0.1527830257969666,0.20688458608727892,0.2883170559603567,0.7588316091514212,0.18096776213888754,False,1e-24,False
HNHN,real,,68,restart,204462.3896334602,23203.74241336612,649.2821815145,30201.2783646026,32689.125191051513,6.7699912290169895,0.7683033192582357,0.019862329680582515,0.4894262323334504,0.6085516824290137,0.3790341535838942,0.637939580195918,0.6910769603850586,0.7671984111459934,0.9539331016929865,0.5484688034928867,False,1e-24,False
HNHN,real,,69,base,17981.50792657728,4344.704619766828,62.777661909359644,7129.647601711218,9658.41195779406,2.5220752737149956,0.6093856053592377,0.006499791289053464,0.04304274097527506,0.11394615829268961,0.03664797621626801,0.15059906879012458,0.20418735401846086,0.2858101402689255,0.7566192753255693,0.17948210550274635,False,1e-24,False
HNHN,real,,69,restart,204461.35657398897,23203.604615348257,649.2791437005933,30201.102449356662,32688.932045433907,6.769996456812932,0.7683032317862467,0.019862354108056174,0.48942375947570044,0.6085480684768283,0.37903238018666313,0.6379358643499599,0.6910728771162178,0.7671990035775942,0.9539329930868883,0.5484694780213768,False,1e-24,False
HNHN,real,,70,base,17574.60777047356,4270.75375331294,61.463244865600494,7028.719509550368,9533.518903238906,2.500399645567564,0.6076147650379269,0.006447068022775834,0.042068734896725614,0.11200668993470295,0.035880653523882734,0.14846717145896618,0.20154700460529246,0.2833537844314135,0.7544205822339634,0.17802623062620565,False,1e-24,False
HNHN,real,,70,restart,204460.45074909003,23203.483016806793,649.2764757946869,30200.9470171288,32688.760948963987,6.7700013060228885,0.7683031596210106,0.01986237645435333,0.48942159118221507,0.6085448793793254,0.3790308227321605,0.6379325811654206,0.6910692599858212,0.7671995531065444,0.9539329034858078,0.5484700950812615,False,1e-24,False
HNHN,real,,71,base,17180.972750164863,4198.676877515246,60.18847965021871,6930.172456247819,9411.234649717748,2.47915515214568,0.6058546023237813,0.006395386141182211,0.04112648187283422,0.11011636969025619,0.03513647854390196,0.14638556865214408,0.19896180754870402,0.28094628624603735,0.7522351465664325,0.1765991120446615,False,1e-24,False
HNHN,real,,71,restart,204459.6563022361,23203.375694628172,649.274132185765,30200.809660044113,32688.60936369105,6.770005791359219,0.7683031003412603,0.019862396866198527,0.4894196894968675,0.6085420647000724,0.3790294545938543,0.6379296797809201,0.691066055339351,0.7672000614000991,0.9539328298834756,0.5484706587241218,False,1e-24,False
HNHN,real,,72,base,16800.029173064966,4128.408002270982,58.95175246672069,6833.9266178217895,9291.480711214082,2.458327417396197,0.604104818963779,0.006344710202709734,0.04021460864272149,0.10827346687352528,0.03441450918364947,0.14435257425303719,0.19643010358502905,0.2785860165696032,0.7500625980090356,0.17519977109187032,False,1e-24,False
HNHN,real,,72,restart,204458.95937848787,23203.280956494833,649.2720729658308,30200.68825632385,32688.475046534946,6.770009929680173,0.7683030518894285,0.019862415485627102,0.4894180212547769,0.6085395800555954,0.3790282524744877,0.6379271153782679,0.6910632157561126,0.767200530368692,0.9539327697251957,0.5484711728720529,False,1e-24,False
HNHN,real,,73,base,16431.234152314923,4059.8841536872405,57.75153273223038,6739.9057038412475,9174.18178702346,2.4379026761383815,0.6023651267662998,0.0062950063638283005,0.039331815685872025,0.10647632990314905,0.03371385192840788,0.1423665767839803,0.19395030079090952,0.2762714154850551,0.7479025787401684,0.17382727322889538,False,1e-24,False
HNHN,real,,73,restart,204458.34786829265,23203.197312849596,649.2702632056502,30200.580935882965,32688.35601466081,6.770013739217992,0.768303012518564,0.019862432448864997,0.4894165574690341,0.6085373863801044,0.37902719598327667,0.6379248484557828,0.691060699317227,0.7672009620784628,0.9539327208419358,0.5484716412867324,False,1e-24,False
HNHN,real,,74,base,16074.073639623522,3993.0452047110875,56.58636788538689,6648.036763116266,9059.265597971978,2.417867742369223,0.6006352472153521,0.006246242289005679,0.03847687251330026,0.10472338186025944,0.03303365881040351,0.14042603530187442,0.19152087112081015,0.2740009887097245,0.7457547429515843,0.17248072555792668,False,1e-24,False
HNHN,real,,74,restart,204457.81118457482,23203.123452312015,649.268672324079,30200.486050120722,32688.25051496928,6.770017238969488,0.76830298074687,0.019862447885571375,0.4894152727971175,0.6085354492807515,0.3790262672677398,0.6379228441901817,0.6910584689606263,0.7672013586821947,0.953932681393882,0.548472067548506,False,1e-24,False
HNHN,real,,75,base,15728.060603395721,3927.8337170164723,55.45487857434866,6558.250002122475,8946.662732824647,2.398209979538075,0.5989149111036162,0.006198387066820883,0.037648613306495424,0.10301311634173699,0.032373124599687574,0.13852947556277861,0.18914034715995579,0.27177330422675194,0.7436187563927769,0.1711592745058761,False,1e-24,False
HNHN,real,,75,restart,204457.34006872124,23203.05822011512,649.2672735386491,30200.40214538506,32688.156997206293,6.770020448219909,0.7683029553187851,0.01986246191836814,0.4894141450764759,0.6085337384721043,0.3790254506929645,0.6379210718760697,0.691056491912571,0.7672017223653578,0.953932649822117,0.5484724550433958,False,1e-24,False
HNHN,real,,76,base,15392.733339983402,3864.1947932842963,54.355754192946804,6470.478615192013,8836.306504139955,2.378917272648558,0.5972038581831594,0.006151411131730237,0.036845932875024426,0.10134409358604224,0.031731484198257935,0.1366754864350449,0.18680731907696957,0.26958698912357976,0.7414942959373046,0.16986210366406324,False,1e-24,False
HNHN,real,,76,restart,204456.92642165534,23203.00059918603,649.2660433867419,30200.327939657578,32688.074090257054,6.770023386175638,0.7683029351716739,0.01986247466259448,0.4894131549201673,0.6085322272799564,0.3790247325620806,0.637919504433458,0.6910547391864843,0.7672020553044845,0.9539326248072618,0.5484728069563227,False,1e-24,False
HNHN,real,,77,base,15067.653907029548,3802.07593908706,53.28774873606488,6384.658625586886,8728.132812889013,2.3599780020571592,0.5955018368327513,0.006105286191036617,0.03606778290639243,0.09971493685094095,0.031108010220536924,0.13486271654232143,0.18452043176180222,0.2674407266227205,0.7393810491697259,0.16858843177157914,False,1e-24,False
HNHN,real,,77,restart,204456.56315670296,23202.94969354139,649.2649613081121,30200.2623020625,32688.00058124221,6.77002607168547,0.7683029194073181,0.019862486226235827,0.48941228536465975,0.608530892205849,0.3790241008725483,0.6379181179749333,0.691053185141026,0.7672023596355843,0.9539326052340796,0.5484731262691444,False,1e-24,False
HNHN,real,,78,base,14752.406668896294,3741.426933657378,52.249676948037404,6300.728736646198,8622.080021214351,2.341381018848436,0.5938086037407944,0.006059985156653469,0.03531316848420124,0.09812432902422162,0.030502010744905966,0.13308987111934534,0.1822783821357407,0.2653332532911911,0.7372787139919226,0.16733751083105097,False,1e-24,False
HNHN,real,,78,restart,204456.24407139534,23202.904713710446,649.2640092807544,30200.20423485246,32687.93539708049,6.7700285230337345,0.7683029072675343,0.01986249670998625,0.4894115215629641,0.6085297125447706,0.3790235451035868,0.6379168914251445,0.6910518070903109,0.7672026374306995,0.9539325901612024,0.5484734157623782,False,1e-24,False
HNHN,real,,79,base,14446.59694508361,3682.19970888093,51.24041074028932,6218.630192267043,8518.088832754453,2.323115621676324,0.5921239236029502,0.006015482081292168,0.034581144852838565,0.09657100945011073,0.029912827222416092,0.13135570906489008,0.1800799166213632,0.2632633564160914,0.7351869982476695,0.1661086243465502,False,1e-24,False
HNHN,real,,79,restart,204455.9637357343,23202.86496393464,649.2631715031791,30200.152857567875,32687.87758822327,6.770030757791331,0.7683028981133193,0.019862506207411108,0.48941085051717115,0.6085286700494476,0.379023056030695,0.6379158061862032,0.6910505849600428,0.7672028906810243,0.9539325787952373,0.5484736780196929,False,1e-24,False
HNHN,real,,80,base,14149.849753368604,3624.3482359098743,50.258875856617806,6138.306646040662,8416.102180006606,2.3051715349697552,0.5904475688336059,0.005971752098734424,0.03387081440890229,0.09505377095554561,0.029339832530065692,0.12965904017753718,0.17792382876129031,0.26122987153479055,0.7331056193643891,0.16490108567430378,False,1e-24,False
HNHN,real,,80,restart,204455.71739477196,23202.829830924176,649.2624341170739,30200.107393103663,32687.82631430174,6.770032792713194,0.7683028914070238,0.019862514805183158,0.4894102608452551,0.6085277486354684,0.3790226255637482,0.6379148458433705,0.6910495009840835,0.7672031212852847,0.9539325704686336,0.5484739154344285,False,1e-24,False
HNHN,real,,81,base,13861.808640137097,3567.8284188430544,49.30404876647473,6059.70403842149,8316.065118242877,2.2875388884088137,0.5887793192903937,0.005928771367881293,0.033181323901338745,0.0935714570617842,0.028782429157179087,0.1279987225611263,0.1758089569754753,0.25923168010909536,0.7310343040111107,0.16371423647769057,False,1e-24,False
HNHN,real,,81,restart,204455.50088364558,23202.79877397974,649.2617849651315,30200.067155450834,32687.78083145938,6.770034643672746,0.7683028866971193,0.01986252258337063,0.48940974257768993,0.6085269341222123,0.3790222466056249,0.6379139959061247,0.6910485394366495,0.7672033310423109,0.9539325646207689,0.5484741302175504,False,1e-24,False
HNHN,real,,82,base,13582.134591047125,3512.5979949648827,48.37495376836727,5982.770481357684,8217.924725532303,2.2702081975848922,0.5871189620110181,0.005886517020297221,0.0325118618238734,0.09212295936802561,0.02824004751444672,0.12637366018781346,0.1737341824475847,0.2572677073335936,0.7289727877717139,0.16254744527874754,False,1e-24,False
HNHN,real,,82,restart,204455.3105534502,23202.771316311217,649.2612133795096,30200.031538908795,32687.740481169152,6.770036325625562,0.7683028836051868,0.019862529615760315,0.48940928698000963,0.6085262140051693,0.37902191292871434,0.6379132435802927,0.6910476863958979,0.7672035216469194,0.9539325607817946,0.5484743244065714,False,1e-24,False
HNHN,real,,83,base,13310.505015767092,3458.616441076188,47.47066028707756,5907.456149857815,8121.630008457436,2.253170345765065,0.5854662909617082,0.0058449671109917735,0.03186165598475566,0.0907072150948012,0.027712144356111818,0.12478280060764167,0.1716984271317632,0.2553369200691306,0.7269208148326037,0.16140010609908045,False,1e-24,False
HNHN,real,,83,restart,204455.14320654684,23202.747037406745,649.260709996982,30200.000008589737,32687.704680359562,6.770037852595827,0.7683028818148088,0.019862535970201996,0.48940888639795366,0.6085255772558078,0.3790216190670072,0.6379125775674749,0.6910469295351828,0.7672036946883786,0.9539325585588433,0.5484744998750628,False,1e-24,False
HNHN,real,,84,base,13046.612801075347,3405.844885487954,46.590280349829584,5833.713180010516,8027.131813145207,2.236416566686919,0.5838211067966517,0.005804100572203571,0.031229971240142006,0.08932320477588311,0.027198201306621903,0.12322513279441681,0.16970065187174718,0.25343832489306106,0.7248781376840217,0.16027163718367557,False,1e-24,False
HNHN,real,,84,restart,204454.99604008833,23202.725566323086,649.260266597362,30199.97209205826,32687.672912694554,6.770039237680429,0.7683028810620904,0.019862541708963805,0.4894085341222836,0.6085250141456056,0.37902136022177096,0.6379119878884502,0.6910462579387039,0.7672038516508723,0.9539325576242607,0.5484746583424669,False,1e-24,False
HNHN,real,,85,base,12790.16542710058,3354.246025283098,45.73296622781966,5761.495573012117,7934.3827412611345,2.219938428315734,0.5821832166278128,0.00576389716997073,0.03061610737862066,0.08796995008835491,0.026697723483815217,0.12169968511848965,0.16773985462490848,0.25157096625855774,0.7228445168342492,0.1591614798016568,False,1e-24,False
HNHN,real,,85,restart,204454.86659670348,23202.706575784916,649.2598759622169,30199.94737196895,32687.644720870972,6.770040493066382,0.7683028811275762,0.019862546889090064,0.48940822427073455,0.608524516091294,0.3790211321790712,0.6379114657276592,0.6910456619386692,0.7672039939154744,0.9539325577055684,0.548474801383978,False,1e-24,False
HNHN,real,,86,base,12540.884141927514,3303.784048482631,44.8979082306904,5690.759104792143,7843.337070642544,2.2037278175009964,0.5805524338045763,0.005724337463290005,0.030019397145446665,0.0866465118113066,0.026210238211391672,0.1202055234377814,0.16581506878437033,0.24973392475583506,0.7208197205360118,0.1580690971185258,False,1e-24,False
HNHN,real,,86,restart,204454.7527214205,23202.689776994244,649.2595317512901,30199.92547958122,32687.61969981343,6.770041630058209,0.7683028818293626,0.0198625515627556,0.489407951684902,0.6085240755187284,0.37902093123763,0.6379110032962195,0.6910451329714273,0.7672041227632519,0.9539325585769134,0.5484749304403267,False,1e-24,False
HNHN,real,,87,base,12298.50319019619,3254.4245607809653,44.084332642580875,5621.461240858398,7753.950680270654,2.1877769254739547,0.5789285777026926,0.005685402765683068,0.029439204396022572,0.08535198790436217,0.025735293814032254,0.11874174929906213,0.16392536159285123,0.24792631546868318,0.7188035245244306,0.15699397313487196,False,1e-24,False
HNHN,real,,87,restart,204454.65252402824,23202.674915063384,649.2592283943728,30199.906089045664,32687.597490660974,6.770042659112425,0.76830288301723,0.019862555777611667,0.48940771184014487,0.6085236857431108,0.37902075414570346,0.6379105937112356,0.691044663450341,0.7672042393791725,0.9539325600517815,0.5484750468273316,False,1e-24,False
HNHN,real,,88,base,12062.769091688697,3206.1345165411226,43.29149978933845,5553.561056012375,7666.1809793037755,2.1720782341321967,0.5773114735220404,0.005647075109002982,0.028874922369035227,0.0840855116979292,0.02527245848908728,0.11730749824210468,0.16206983264236405,0.2461472864201896,0.7167957117659233,0.1559356116869415,False,1e-24,False
HNHN,real,,88,restart,204454.56434618065,23202.66176499576,649.2589609966698,30199.888912369133,32687.577775452486,6.770043589876951,0.7683028845676487,0.01986255957712003,0.48940750076684286,0.6085233408635808,0.3790205980458367,0.6379102308894476,0.6910442466534314,0.7672043448565714,0.9539325619767969,0.5484751517451253,False,1e-24,False
HNHN,real,,89,base,11833.439966229706,3158.882153764228,42.51870222734242,5487.019158612304,7579.986839914107,2.1566245030612294,0.5757009520927435,0.005609337209327428,0.02832597207045498,0.08284625018767984,0.024821319249258438,0.11590193819989818,0.1602476124543266,0.24439601710198028,0.7147960722174759,0.1548935355048298,False,1e-24,False
HNHN,real,,89,restart,204454.48673263812,23202.650128148078,649.2587252559458,30199.873694976784,32687.560272428713,6.770044431233681,0.7683028863795357,0.019862563000872913,0.48940731498155604,0.6085230356704311,0.37902046042649595,0.6379099094534882,0.6910438766240594,0.7672044402019751,0.9539325642264539,0.5484752462869881,False,1e-24,False
HNHN,real,,90,base,11610.28490152856,3112.6369327694365,41.76526304517343,5421.7976190854,7495.32853368943,2.1414087572466585,0.574096849689219,0.005572172434797236,0.02779180076032501,0.08163340242634325,0.024381480931157315,0.11452426798861697,0.1584578611350373,0.24267171708172233,0.7128044025957636,0.15386728532438976,False,1e-24,False
HNHN,real,,90,restart,204454.4184061185,23202.63982911546,649.2585173899683,30199.86021179974,32687.544731878632,6.7700451913427635,0.768302888370645,0.019862566084897067,0.4894071514268254,0.6085227655634148,0.37902033907971167,0.6379096246492425,0.6910435480831134,0.7672045263401192,0.9539325666986351,0.5484753314477453,False,1e-24,False
HNHN,real,,91,base,11393.083360865217,3067.3694783402207,41.03053427007542,5357.859902413183,7412.167671378089,2.126424275433885,0.5724990078517499,0.005535564775269974,0.02727188053492585,0.0804461980064084,0.023952565265039062,0.1131737158815126,0.15669976710183098,0.24097362468400516,0.7108205061556138,0.15285641904926087,False,1e-24,False
HNHN,real,,91,restart,204454.35824529963,23202.630712988463,649.258334072945,30199.848263825243,32687.530932466638,6.770045877687552,0.7683028904745073,0.019862568861941,0.4894070074185167,0.6085225264798083,0.3790202320639722,0.6379093722729774,0.6910432563513635,0.7672046041190428,0.9539325693108117,0.5484754081316987,False,1e-24,False
HNHN,real,,92,base,11181.624627772086,3023.0515251111306,40.31389537180471,5295.17080433405,7330.467145771484,2.111664579095357,0.5709072732152076,0.005499498813668298,0.026765706997497724,0.07928389562781288,0.023534210001388157,0.11184953826132502,0.15497254587556425,0.23930100574007188,0.7088441924773455,0.15186051095969624,False,1e-24,False
HNHN,real,,92,restart,204454.30526557215,23202.622642937087,649.258172379831,30199.837675054117,32687.51867798408,6.770046497119319,0.768302892637833,0.019862571361744987,0.48940688059974846,0.6085223148310469,0.379020137671712,0.6379091486070742,0.6910429972807856,0.7672046743151556,0.9539325719968186,0.5484754771600818,False,1e-24,False
HNHN,real,,93,base,10975.707285091145,2979.655865985832,39.61475185705071,5233.696391026038,7250.191077532749,2.0971234219682002,0.569321497344573,0.005463959698912056,0.02627279801124788,0.07814578174513143,0.02312606809037757,0.11055101834620552,0.15327543893538603,0.23765315240218818,0.7068752772625514,0.1508791509651228,False,1e-24,False
HNHN,real,,93,restart,204454.2586021954,23202.61549808237,649.25802973751,30199.82828981689,32687.507794475885,6.77004705590116,0.7683028948183154,0.019862573611293587,0.48940676890057133,0.6085221274469051,0.3790200544008123,0.6379089503633367,0.6910427671938157,0.7672047376382126,0.9539325747041274,0.5484755392780332,False,1e-24,False
HNHN,real,,94,base,10775.138725993427,2937.1563033924544,38.93253394815045,5173.403942049875,7171.304763793686,2.082794780127677,0.5677415365769128,0.005428933120331479,0.02579269252886688,0.07703116928917696,0.022727806910536445,0.10927746498450684,0.15160771263203127,0.23602938201873294,0.7049135821378936,0.14991194389759943,False,1e-24,False
HNHN,real,,94,restart,204454.2174955523,23202.609171620894,649.2579038819993,30199.819970405868,32687.498127698425,6.770047559750554,0.7683028969827685,0.019862575635051043,0.4894066705026729,0.6085219615263089,0.3790199809296185,0.6379087746329749,0.6910425628296076,0.7672047947361381,0.9539325773915341,0.5484755951610967,False,1e-24,False
HNHN,real,,95,base,10579.734694736982,2895.5276031963954,38.2666953403093,5114.261896348169,7093.774629354337,2.068672842564325,0.5661672518695107,0.005394405283466451,0.025324949493230563,0.07593939645829723,0.022339107543247687,0.10802821151412745,0.14996865715613686,0.23442903606636753,0.7029589344665418,0.14895850884354972,False,1e-24,False
HNHN,real,,95,restart,204454.18127823866,23202.603569171974,649.2577928209154,30199.812594985546,32687.4895408701,6.770048013880284,0.7683028991055592,0.019862577455179904,0.4894065838084726,0.6085218145939885,0.37901991609502866,0.6379086188424654,0.6910423812964774,0.7672048461996622,0.9539325800272123,0.5484756454212582,False,1e-24,False
HNHN,real,,96,base,10389.318855112582,2854.745451103582,37.616712031988484,5056.239801111135,7017.568180330882,2.054752002234838,0.5645985086538492,0.005360362887163975,0.024869146804378836,0.0748698255749874,0.02195966408995844,0.10680261468240579,0.14835758555831738,0.23285147913589122,0.7010111671668761,0.14801847851134237,False,1e-24,False
HNHN,real,,96,restart,204454.14936375507,23202.598607320655,649.2576948005545,30199.806055748355,32687.48191268073,6.77004842303742,0.7683029011672801,0.01986257909174345,0.4894065074140536,0.608521684462266,0.3790198588732759,0.6379084807145962,0.691042220029821,0.7672048925667393,0.9539325825870656,0.5484756906125356,False,1e-24,False
HNHN,real,,97,base,10203.722384684299,2814.786411399075,36.982081223528205,4999.308263332593,6942.653960108048,2.041026847558783,0.5630351766951669,0.005326793101892213,0.02442488034824017,0.07382184200375029,0.021589183029224704,0.10560005362284088,0.14677383281796,0.23129609796862033,0.6990701185381114,0.14709149863246562,False,1e-24,False
HNHN,real,,97,restart,204454.1212366013,23202.594212333217,649.2576082770051,30199.80025728664,32687.475135529523,6.770048791540282,0.7683029031536349,0.01986258056289264,0.48940644008545137,0.6085215691973681,0.37901980836306437,0.6379083582340777,0.6910420767548624,0.7672049343267359,0.9539325850533437,0.5484757312361406,False,1e-24,False
HNHN,real,,98,base,10022.783593076843,2775.627887876849,36.362320279450465,4943.438903892281,6869.001507461886,2.0274921543351683,0.5614771299573303,0.005293683549195557,0.02399176308291739,0.07279485312642334,0.02122738261093059,0.1044199288851761,0.14521675495790312,0.22976230054034605,0.6971356320925212,0.14617722739420938,False,1e-24,False
HNHN,real,,98,restart,204454.09644359627,23202.59031902447,649.257531890798,30199.795115155164,32687.469113965333,6.77004912331326,0.768302905054502,0.019862581885038335,0.48940638073787623,0.6085214670897191,0.3790197637707712,0.637908249617179,0.6910419494536804,0.7672049719243771,0.9539325874134793,0.5484757677452349,False,1e-24,False
HNHN,real,,99,base,9846.34756269386,2737.2480868266316,35.756965750227785,4888.604314011871,6796.581316727716,2.0141428780545705,0.5599242464727704,0.005261022282220459,0.023569424178666993,0.071788287371455,0.020873992285222152,0.1032616615156225,0.1436857282023515,0.22824951519011885,0.695207556393949,0.145275334901915,False,1e-24,False
HNHN,real,,99,restart,204454.07458627076,23202.586869758776,649.2574644446537,30199.790554601816,32687.46376330572,6.770049421919459,0.7683029068631467,0.019862583073009685,0.4894063284175033,0.6085213766277408,0.3790197243974557,0.637908153284916,0.6910418363360132,0.7672050057634462,0.9539325896591107,0.5484758005493034,False,1e-24,False
HNHN,real,,100,base,9674.265810372714,2699.6259819529796,35.16557244961787,4834.778013942543,6725.364799896262,2.0009741465841957,0.5583764082172528,0.00522879776724681,0.023157508207994535,0.07080159329385684,0.020528752163879227,0.10212469218421923,0.14218014817555516,0.22675718979129456,0.6932857449023229,0.14438550266899147,False,1e-24,False
HNHN,real,,100,restart,204454.05531419822,23202.58381356875,649.2574048839425,30199.786509446432,32687.459008414044,6.770049690591204,0.7683029085755633,0.019862584140199393,0.48940628228550875,0.6085212964747401,0.37901968962745214,0.6379080678393697,0.6910417358134062,0.7672050362102414,0.9539325917852642,0.548475830018166,False,1e-24,False
HNHN,real,,101,base,9506.395968592613,2662.7412811103386,34.58771258395284,4781.93441375163,6655.324250528723,1.9879812532046925,0.5568335009892587,0.0051969988661641955,0.022755674382555366,0.06983423870278233,0.020191412512017004,0.10100848035653238,0.14069942913894207,0.2252847909624424,0.6913700558238923,0.14350742313302342,False,1e-24,False
HNHN,real,,101,restart,204454.03831914748,23202.581105377896,649.257352279525,30199.78292109049,32687.454782616525,6.770049932258414,0.7683029101899276,0.019862585098696817,0.4894062416040726,0.6085212254485206,0.379019658918353,0.6379079920427675,0.6910416464763166,0.7672050635967907,0.9539325937896751,0.5484758564856521,False,1e-24,False
HNHN,real,,102,base,9342.601484955001,2626.57439474574,34.02297493003514,4730.0487760847855,6586.432809388544,1.9751596499789534,0.5552954142937699,0.005165614819836548,0.022363595833794044,0.06888570983389102,0.01986173326816289,0.09991250350708289,0.1392430032645435,0.22383180331587496,0.6894603519669353,0.1426407991964105,False,1e-24,False
HNHN,real,,102,restart,204454.0233299537,23202.57870531443,649.2573058126787,30199.779737642093,32687.451026743012,6.770050149574927,0.7683029117061375,0.019862585959409724,0.48940620572410143,0.6085211625033873,0.3790196317922093,0.6379079247990003,0.6910415670738353,0.7672050882238365,0.9539325956722166,0.5484758802529637,False,1e-24,False
HNHN,real,,103,base,9182.751338748878,2591.1064059481046,33.470964058535664,4679.097180788348,6518.664431694294,1.9625049414343947,0.5537620412302587,0.005134635232302652,0.021980958934480356,0.06795551056384821,0.01953948359089643,0.09883625637206697,0.13781031994269097,0.2223977287417029,0.6875565006026852,0.14178534379008775,False,1e-24,False
HNHN,real,,103,restart,204454.01010801992,23202.576578105876,649.2572647618526,30199.7769131428,32687.447688277243,6.770050344942863,0.7683029131254352,0.019862586732175388,0.4894061740744604,0.6085211067142684,0.3790196078277982,0.6379078651372908,0.6910414964957222,0.7672051103635948,0.9539325974344308,0.5484759015917424,False,1e-24,False
HNHN,real,,104,base,9026.719773500037,2556.319042009879,32.93129960001251,4629.056491284268,6451.993855904052,1.9500128785414101,0.552233278384698,0.005104050055763449,0.021607462658506413,0.06704316166448777,0.01922444143037001,0.09777925023909606,0.13640084512209055,0.22098208572545264,0.6856583733312495,0.14094077945897232,False,1e-24,False
HNHN,real,,104,restart,204453.99844336935,23202.57469254454,649.2572284910286,30199.774406884284,32687.44472060396,6.7700505205350945,0.7683029144500935,0.019862587425862038,0.4894061461525233,0.608521057262697,0.3790195866538288,0.63790781219776,0.6910414337564895,0.7672051302623032,0.9539325990791399,0.5484759207468715,False,1e-24,False
HNHN,real,,105,base,8874.386044482371,2522.1946474129936,32.40361555087429,4579.904322597004,6386.3965739475125,1.9376793529717693,0.5507090257254108,0.005073849576310481,0.021242817976498744,0.06614820009432985,0.018916393123148197,0.09674101227183095,0.13501406068050334,0.21958440869740856,0.6837658459522952,0.14010683796787554,False,1e-24,False
HNHN,real,,105,restart,204453.98815118137,23202.573021015676,649.2571964394901,30199.772182804336,32687.44208234188,6.770050678315941,0.7683029156831572,0.019862588048461156,0.48940612151588087,0.6085210134244367,0.37901956794296915,0.6379077652186683,0.6910413779813004,0.7672051481425649,0.9539326006101242,0.5484759379390236,False,1e-24,False
HNHN,real,,106,base,8725.634180242434,2488.716158156908,31.88755961680074,4531.619010938298,6321.848802827084,1.925500391621788,0.5491891865025972,0.005044024400352767,0.020886747284974288,0.06527017832529673,0.01861513300891365,0.09572108486752325,0.1336494638243676,0.2182042474119602,0.6818787983403012,0.13928325992670124,False,1e-24,False
HNHN,real,,106,restart,204453.97906875054,23202.571539080847,649.2571681128275,30199.770208952883,32687.43973675252,6.770050820060183,0.768302916828232,0.019862588607171557,0.48940609977506144,0.6085209745585538,0.3790195514065957,0.6379077235251362,0.691041328393471,0.767205164205504,0.9539326020318605,0.5484759533669834,False,1e-24,False
HNHN,real,,107,base,8580.35275725569,2455.867077351901,31.38279259130805,4484.179584761957,6258.327457514332,1.9134721513860107,0.5476736671513728,0.00501456544170231,0.020538983866929955,0.06440866370261163,0.01832046306768963,0.09471902504560721,0.13230656651580572,0.21684116635533812,0.6799971143241694,0.13846979443383117,False,1e-24,False
HNHN,real,,107,restart,204453.97105281713,23202.57022510999,649.2571430750261,30199.768457019873,32687.437651216165,6.7700509473705,0.7683029178893125,0.01986258910847574,0.48940608058714086,0.6085209400977689,0.37901953679017447,0.6379076865191726,0.6910412843033916,0.7672051786327417,0.9539326033493086,0.5484759672097557,False,1e-24,False
HNHN,real,,108,base,8438.434686894772,2423.631452005716,30.88898776730658,4437.565737206219,6195.810125072521,1.9015909141680458,0.5461623771981738,0.004985463909280957,0.020199271381903756,0.06356323783599485,0.018032192576322603,0.09373440386560189,0.1309848949255517,0.2154947441802248,0.6781206815710161,0.1376661987366682,False,1e-24,False
HNHN,real,,108,restart,204453.9639772226,23202.56905995635,649.257120941511,30199.7669019177,32687.43579676754,6.770051061693449,0.7683029188706412,0.019862589558209277,0.4894060636501307,0.6085209095399307,0.3790195238692005,0.6379076536708536,0.6910412450987108,0.7672051915882069,0.9539326045677361,0.5484759796284809,False,1e-24,False
HNHN,real,,109,base,8299.777013947318,2391.993850936303,30.405830379647202,4391.757799846673,6134.275039940303,1.8898530821160227,0.5446552291703821,0.004956711295413827,0.0198673633836824,0.06273349602039364,0.017750137783055203,0.09276680587269574,0.12968398891042685,0.21416457316582035,0.6762493914739619,0.13687223790837652,False,1e-24,False
HNHN,real,,109,restart,204453.95773085044,23202.568026669498,649.2571013730259,30199.765521412013,32687.43414768399,6.770051164334041,0.7683029197765984,0.019862589961623767,0.4894060486980488,0.6085208824404895,0.37901951244562476,0.6379076245105244,0.6910412102356289,0.7672052032197876,0.9539326056925816,0.5484759907681743,False,1e-24,False
HNHN,real,,110,base,8164.2807259735755,2360.939343747689,29.933017076789113,4346.736717687473,6073.701060315532,1.8782551730708663,0.5431521385090335,0.00492829936467668,0.0195430228639563,0.06191904668459387,0.01747412159909957,0.09181582856948767,0.1284034015140724,0.21285025870202573,0.6743831390437495,0.13608768453991843,False,1e-24,False
HNHN,real,,110,restart,204453.95221581776,23202.567110241616,649.2570840702467,30199.764295795034,32687.432681120477,6.770051256469097,0.7683029206116123,0.019862590323443875,0.48940603549659073,0.6085208584058438,0.3790195023447096,0.637907598621899,0.6910411792311818,0.7672052136608452,0.9539326067293433,0.5484760007593005,False,1e-24,False
HNHN,real,,111,base,8031.850572842852,2330.4534808099656,29.470255419848804,4302.484025323133,6014.067645581846,1.8667938162163493,0.5416530234844834,0.004900220143266717,0.01922602182033989,0.06111951086616637,0.01720397330619507,0.09088108191245431,0.12714269848972778,0.2115514187964917,0.6725218228040326,0.13531231844654473,False,1e-24,False
HNHN,real,,111,restart,204453.94734588542,23202.56629738335,649.2570687690426,30199.763207596567,32687.431376785862,6.770051339159384,0.7683029213800884,0.019862590647919048,0.48940602383932386,0.6085208370874609,0.37901949341226215,0.6379075756359557,0.6910411516563967,0.7672052230315894,0.953932607683491,0.5484760097192015,False,1e-24,False
HNHN,real,,112,base,7902.394895832717,2300.5222741881257,29.017263407406745,4258.981824207391,5955.354834724067,1.8554657479204848,0.540157805114902,0.004872465908868253,0.018916140847282548,0.060334521711298016,0.016939528279202743,0.0899621878318017,0.12590145784391316,0.21026768360335135,0.6706653446901801,0.13454592638795007,False,1e-24,False
HNHN,real,,112,restart,204453.9430450617,23202.56557632575,649.2570552363043,30199.762241328335,32687.430216655805,6.77005141336069,0.7683029220863556,0.019862590938870345,0.48940601354434515,0.6085208181766831,0.37901948551219933,0.6379075552255365,0.6910411271302233,0.7672052314403336,0.9539326085603995,0.5484760177533905,False,1e-24,False
HNHN,real,,113,base,7775.825465716679,2271.132179467876,28.573769024556388,4216.212760969542,5897.543225681687,1.8442678077584929,0.5386664070874869,0.004845029180986392,0.0186131687484954,0.059563723998147515,0.01668062772285174,0.08905877977344268,0.12467926939994359,0.20899869497252924,0.6688136099514517,0.13378830180135212,False,1e-24,False
HNHN,real,,113,restart,204453.93924637462,23202.564936645183,649.257043266271,30199.76138325771,32687.429184718247,6.770051479933904,0.7683029227346257,0.019862591199732715,0.48940600445134225,0.6085208014001356,0.3790194785244033,0.6379075371005682,0.6910411053141524,0.7672052389846364,0.9539326093652981,0.5484760249567183,False,1e-24,False
HNHN,real,,114,base,7652.057329304453,2242.2700784297995,28.13950981478079,4174.160006722274,5840.613955592681,1.8331969347081087,0.5371787556822778,0.004817902711723619,0.018316902169611324,0.05880677368245015,0.01642711842181199,0.08817050226191765,0.12347573438026616,0.20774410601858062,0.6669665270564056,0.13303924454680033,False,1e-24,False
HNHN,real,,114,restart,204453.9358907924,23202.564369108542,649.2570326772957,30199.760621207457,32687.428266747494,6.770051539654154,0.7683029233289614,0.019862591433593344,0.48940599641900945,0.608520786515667,0.3790194723428333,0.6379075210038317,0.6910410859074404,0.7672052457523381,0.9539326101032313,0.5484760314144331,False,1e-24,False
HNHN,real,,115,base,7531.008663934688,2213.9232625261884,27.714232473334498,4132.80723730844,5784.548681882629,1.822250163508566,0.5356947796984703,0.004791079476975665,0.018027145249880885,0.05806333746417395,0.01617885250332104,0.08729701048314846,0.1222904650066671,0.20650358070807923,0.6651240076014096,0.13229856066406318,False,1e-24,False
HNHN,real,,115,restart,204453.93292627457,23202.56386553638,649.2570233089975,30199.759944378475,32687.42745010391,6.770051593219124,0.7683029238732546,0.01986259164322623,0.48940598932277624,0.6085207733087592,0.379019466873863,0.6379075067072184,0.6910410686428743,0.7672052518225025,0.9539326107790311,0.5484760372031346,False,1e-24,False
HNHN,real,,116,base,7412.60063945306,2186.079417117673,27.297692460894968,4092.1386144373623,5729.329564156829,1.8114246211750662,0.5342144103831249,0.004764552668024483,0.01774370929178619,0.05733309237410241,0.015935687211643748,0.08643796988598192,0.12112308411745515,0.20527679346462505,0.6632859662221245,0.1315660621404805,False,1e-24,False
HNHN,real,,116,restart,204453.9303069376,23202.563418681955,649.2570150197524,30199.75934319289,32687.426723556157,6.770051641256607,0.7683029243712128,0.019862591831123436,0.4894059830528103,0.6085207615893561,0.37901946203481596,0.6379074940084156,0.6910410532830135,0.7672052572662734,0.953932611397301,0.5484760423916375,False,1e-24,False
HNHN,real,,117,base,7296.757287239225,2158.726606429351,26.889653636327253,4052.1387676642225,5674.939246855374,1.800717523661042,0.5327375813621771,0.004738315683507534,0.01746641244752777,0.05661572537928728,0.015697484693689794,0.08559305580154151,0.11997322480077456,0.2040634287906006,0.6614523205078472,0.1308415666892072,False,1e-24,False
HNHN,real,,117,restart,204453.9279923203,23202.563022124174,649.2570076844823,30199.758809155122,32687.426077123506,6.770051684331322,0.7683029248263489,0.019862591999523293,0.48940597751225867,0.608520751189055,0.3790194577526749,0.6379074827279716,0.6910410396168566,0.7672052621476464,0.9539326119624025,0.54847604704175,False,1e-24,False
HNHN,real,,118,base,7183.405375874627,2131.8532591885296,26.48988790748004,4012.792777168812,5621.360842633567,1.7901261726609292,0.5312642285736565,0.0047123621217437656,0.017195079421407782,0.05591093300637762,0.015464111795157436,0.08476195307946423,0.11884053004325243,0.20286318090485025,0.6596229909185928,0.13012489753730663,False,1e-24,False
HNHN,real,,118,restart,204453.92594673854,23202.562670172952,649.2570011927075,30199.758334728824,32687.425501935875,6.770051722951128,0.7683029252419777,0.019862592150435832,0.4894059726157035,0.6085207419586256,0.3790194539629446,0.6379074727066967,0.6910410274568823,0.7672052665241741,0.9539326124784515,0.5484760512089762,False,1e-24,False
HNHN,real,,119,base,7072.474293069467,2105.4481549084758,26.098174899000043,3974.086157292539,5568.57791643212,1.7796479525466038,0.5297942902030269,0.004686685773397883,0.01692954118719596,0.05521842098189125,0.015235439866612141,0.08394435574015381,0.11772465239322863,0.20167575339550683,0.6577979007048137,0.12941588322318515,False,1e-24,False
HNHN,real,,119,restart,204453.92413871642,23202.562357785486,649.2569954468304,30199.757913228,32687.424990109605,6.770051757572606,0.7683029256212142,0.019862592285665795,0.4894059682878002,0.6085207337658127,0.37901945060865005,0.637907463803363,0.6910410166364233,0.7672052704475976,0.9539326129493152,0.5484760549431513,False,1e-24,False
HNHN,real,,120,base,6963.895933491659,2079.500410784634,25.714301636215513,3936.0048407949494,5516.574470203568,1.7692803274309925,0.528327706620564,0.004661280614465561,0.01666963471962322,0.054537903888549205,0.015011344578945953,0.08313996664223226,0.11662525363785864,0.20050085888723002,0.6559769758296465,0.1287143574028893,False,1e-24,False
HNHN,real,,120,restart,204453.92254048653,23202.56208049218,649.2569903606218,30199.757538720456,32687.42453463726,6.7700517886061515,0.7683029259669762,0.019862592406833277,0.48940596446208123,0.608520726493395,0.37901944763945294,0.6379074558926653,0.6910410070073358,0.7672052739644244,0.9539326133786169,0.5484760582890118,False,1e-24,False
HNHN,real,,121,base,6857.6045921633595,2053.9994691717807,25.338062244199552,3898.535163793284,5465.33492826321,1.7590208383527555,0.5268644203206915,0.004636140799563322,0.016415202739202578,0.05386910483684595,0.014791705747698428,0.0823484971644192,0.11554200449341966,0.19933821872216498,0.6541601448935912,0.12802015866481564,False,1e-24,False
HNHN,real,,121,restart,204453.92112754966,23202.561834331107,649.2569858578877,30199.757205942366,32687.424129289742,6.7700518164205485,0.7683029262819892,0.019862592515392408,0.4894059610799024,0.608520720037465,0.37901944501087315,0.6379074488634159,0.6910409984379315,0.7672052771164464,0.95393261376974,0.5484760612867113,False,1e-24,False
HNHN,real,,122,base,6753.536863111801,2028.935085612382,24.969257661178677,3861.6638513506846,5414.8441232346695,1.7488671005762537,0.5254043758631985,0.0046112606555076185,0.016166093469627323,0.053211755151075776,0.014576407165751964,0.08156966690111243,0.11447458430818723,0.1981875626539656,0.6523473390615268,0.1273331303524066,False,1e-24,False
HNHN,real,,122,restart,204453.9198782872,23202.561615790004,649.2569818712924,30199.756910222495,32687.423768529436,6.77005184134712,0.7683029265687907,0.019862592612648153,0.4894059580895147,0.6085207143059088,0.3790194426836019,0.6379074426169449,0.6910409908111402,0.7672052799412101,0.9539326141258359,0.5484760639722845,False,1e-24,False
HNHN,real,,123,base,6651.6315429808465,2004.2973173881733,24.607695365504387,3825.37800368063,5365.087282561738,1.73881680100134,0.5239475198162682,0.0045866346751687204,0.01592216040704384,0.05256559406908145,0.014365336443944863,0.08080320337098523,0.11342268077728374,0.19704862855426297,0.6505384919919732,0.1266531203944348,False,1e-24,False
HNHN,real,,123,restart,204453.91877362,23202.56142175493,649.256978341321,30199.756647415168,32687.423447433106,6.7700518636834595,0.7683029268297387,0.01986259269977139,0.4894059554452479,0.6085207092170586,0.37901944062289583,0.6379074370656833,0.6910409840228804,0.7672052824724401,0.9539326144498314,0.5484760663780637,False,1e-24,False
HNHN,real,,124,base,6551.829539328004,1980.0765125685698,24.253189115452823,3789.665082937034,5316.050015559797,1.728867695677809,0.522493800701245,0.004562257511585674,0.015683262100540107,0.05193036845503292,0.014158384859173097,0.08004884173795442,0.1123859896689341,0.19592116213099472,0.6487335397685163,0.12597998114249628,False,1e-24,False
HNHN,real,,124,restart,204453.91779670786,23202.56124946486,649.2569752153656,30199.75641384077,32687.423161623377,6.770051883696822,0.7683029270670195,0.01986259277781263,0.48940595310679125,0.6085207046985024,0.3790194387980439,0.6379074321319069,0.6910409779806105,0.7672052847404224,0.9539326147444417,0.5484760685330569,False,1e-24,False
HNHN,real,,125,base,6454.073783348666,1956.2632995310114,23.905558701162725,3754.5129005611293,5267.718300981465,1.7190176074196137,0.5210431689390757,0.004538123972329483,0.015449261943231736,0.05130583252458323,0.013955447209578099,0.07930632454390947,0.11136421456159241,0.19480491665803973,0.6469324208333065,0.12531356921535805,False,1e-24,False
HNHN,real,,125,restart,204453.916932685,23202.561096471436,649.2569724469181,30199.756206233113,32687.42290720798,6.7700519016271565,0.7683029272826553,0.01986259284771419,0.48940595103856027,0.6085207006860287,0.3790194371818958,0.6379074277466243,0.6910409726020443,0.7672052867723488,0.9539326150121772,0.5484760704632848,False,1e-24,False
HNHN,real,,126,base,6358.309146785269,1932.8485769297952,23.56462970806351,3719.9096051579154,5220.0784750725625,1.709264423514224,0.5195955767983622,0.004514229014102311,0.015220027973365547,0.050691747581786635,0.013756421676442188,0.07857540145262754,0.11035706659143474,0.19369965271563486,0.6451350759225617,0.12465374534982321,False,1e-24,False
HNHN,real,,126,restart,204453.91616842672,23202.56096060338,649.2569699948567,30199.756021692698,32687.42268072573,6.770051917689866,0.768302927478514,0.019862592910321244,0.489405949209138,0.6085206971226926,0.3790194357504458,0.6379074238485896,0.6910409678140097,0.7672052885926296,0.9539326152553573,0.5484760721920859,False,1e-24,False
HNHN,real,,127,base,6264.482362793819,1909.8235040912155,23.2302332911843,3685.8436708764257,5173.117220095698,1.699606093522746,0.5181509783449646,0.004490567737561254,0.014995432684896,0.050087881767197306,0.013561209692436021,0.07785582900433057,0.10936426420973737,0.1926051379410771,0.6433414480039931,0.12400037425779695,False,1e-24,False
HNHN,real,,127,restart,204453.91549234427,23202.560839934955,649.2569678228194,30199.75585764535,32687.42247909856,6.77005193207828,0.7683029276563178,0.019862592966391774,0.4894059475907842,0.6085206939579888,0.37901943448246656,0.6379074203834283,0.6910409635514334,0.7672052902231735,0.9539326154761203,0.5484760737403905,False,1e-24,False
HNHN,real,,128,base,6172.54195055411,1887.1794918141086,22.902205959770804,3652.303886269515,5126.821553300008,1.6900406271666464,0.516709329393093,0.004467135382355803,0.014775352847022966,0.04949400981660028,0.013369715815883487,0.0771473703803714,0.10838553294968754,0.19152114678923987,0.6415514822160813,0.12335332448925351,False,1e-24,False
HNHN,real,,128,restart,204453.91489420377,23202.560732758047,649.2569658986489,30199.755711805505,32687.422299588943,6.770051944965895,0.7683029278176527,0.019862593016605458,0.4894059461590018,0.6085206911471195,0.37901943335918553,0.637907417302863,0.6910409597564416,0.7672052916836419,0.9539326156764354,0.548476075126967,False,1e-24,False
HNHN,real,,129,base,6082.43814342276,1864.9081935560484,22.5803893716712,3619.2793436101833,5081.178816316734,1.6805660922971501,0.515270587457841,0.004443927322368743,0.01455966933221003,0.048909912829856725,0.013181847610729505,0.07644979517756315,0.10742060520219643,0.19044746030245838,0.6397651258091407,0.1227124683008207,False,1e-24,False
HNHN,real,,129,restart,204453.91436496642,23202.560637557446,649.2569641939026,30199.755582143698,32687.422139762046,6.770051956508367,0.7683029279639765,0.019862593061571693,0.4894059448921544,0.608520688650346,0.3790194323639987,0.6379074145640254,0.6910409563775599,0.7672052929916741,0.9539326158581124,0.5484760763686429,False,1e-24,False
HNHN,real,,130,base,5994.122820440302,1843.0014969865192,22.264630136983705,3586.7594286427106,5036.176664961303,1.6711806129435836,0.5138347117090988,0.004420939061150824,0.014348266952231474,0.048335378049373656,0.012997515531914557,0.07576287919169311,0.10646922000030633,0.18938386588936112,0.6379823280880976,0.12207768152971499,False,1e-24,False
HNHN,real,,130,restart,204453.91389664868,23202.560552988933,649.2569626834219,30199.755466857754,32687.421997452097,6.770051966845342,0.7683029280966271,0.019862593101836842,0.48940594377113167,0.6085206864324145,0.3790194314822191,0.6379074121288482,0.691040953369002,0.7672052941630951,0.9539326160228128,0.5484760774805054,False,1e-24,False
HNHN,real,,131,base,5907.549441014748,1821.4515158894287,21.954779630488066,3554.7338107480546,4991.803059423695,1.6618823674371188,0.5124016629268013,0.0043981662275399845,0.014141034301822846,0.047770198647735684,0.012816632815877027,0.07508640420978714,0.10553112281180616,0.18833015711224638,0.6362030403569263,0.12144884347277296,False,1e-24,False
HNHN,real,,131,restart,204453.91348219744,23202.560477859886,649.2569613449486,30199.75536434713,32687.42187073259,6.7700519761020725,0.7683029282168322,0.019862593137890613,0.4894059427790504,0.6085206844620468,0.37901943070085303,0.6379074099635231,0.6910409506900398,0.7672052952120993,0.9539326161720606,0.5484760784760768,False,1e-24,False
HNHN,real,,132,base,5822.672982614514,1800.2505823982683,21.65069381241109,3523.192433504049,4948.046254829706,1.6526695866065648,0.5109714034574602,0.004375604571456503,0.01393786360953512,0.047214173524060835,0.012639115375920763,0.07442015781071333,0.10460606533968834,0.1872861334826229,0.6344272158646781,0.12082583677034055,False,1e-24,False
HNHN,real,,132,restart,204453.91311538147,23202.56041111211,649.2569601587912,30199.755273190323,32687.421757889657,6.770051984390892,0.768302928325716,0.019862593170172017,0.48940594190099473,0.6085206827114898,0.379019430008405,0.637907408038024,0.6910409483044405,0.7672052961514165,0.9539326163072518,0.54847607936748,False,1e-24,False
HNHN,real,,133,base,5739.449881313502,1779.3912395481452,21.352233057102104,3492.125505622006,4904.894792156679,1.64354055204302,0.5095438971719334,0.0043532499598658144,0.0137386505954161,0.04666710710866683,0.012464881702200233,0.07376393317373652,0.10369380533009932,0.1862516002645547,0.6326548097530482,0.1202085472947923,False,1e-24,False
HNHN,real,,133,restart,204453.9127906947,23202.560351806576,649.2569591075245,30199.755192124678,32687.42165739855,6.7700519918125375,0.7683029284243075,0.019862593199074487,0.4894059411237847,0.6085206811561165,0.3790194293947026,0.6379074063256798,0.6910409461799699,0.7672052969924626,0.953932616429664,0.5484760801655789,False,1e-24,False
HNHN,real,,134,base,5657.837975040205,1758.8662341297443,21.059261989218655,3461.523492242278,4862.337489488083,1.6344935944303576,0.5081191094243882,0.004331098372901265,0.013543294335164536,0.04612880917565592,0.012293852766089974,0.0731175288946549,0.10279410638745368,0.1852263682854658,0.6308857790054235,0.11959686404346694,False,1e-24,False
HNHN,real,,134,restart,204453.91250327128,23202.560299109977,649.2569581757282,30199.75512002859,32687.421567902704,6.770051998457322,0.7683029285135479,0.019862593224950594,0.4894059404357728,0.608520679774072,0.379019428850744,0.637907404802799,0.6910409442879487,0.7672052977454722,0.9539326165404658,0.5484760808801092,False,1e-24,False
HNHN,real,,135,base,5577.796449391313,1738.6685098310847,20.771649327045278,3431.3771065722513,4820.363433592102,1.6255270919386684,0.5066970070124163,0.004309145900139398,0.013351697130422939,0.04559909466304754,0.012125951928718138,0.07248074880917015,0.10190673779639799,0.18421025375407968,0.629120082397361,0.1189906790358149,False,1e-24,False
HNHN,real,,135,restart,204453.91224881087,23202.560252282703,649.256957349755,30199.755055905673,32687.421488195054,6.770052004406212,0.7683029285942953,0.01986259324811631,0.48940593982666514,0.608520678545959,0.37901942836856223,0.6379074034483349,0.6910409426028586,0.7672052984196206,0.9539326166407226,0.5484760815197962,False,1e-24,False
HNHN,real,,136,base,5499.285785878402,1718.791200653672,20.48926773258967,3401.6773018511367,4778.961971810165,1.6166394686779317,0.5052775581382556,0.004287388737020811,0.013163764384894491,0.04507778350010736,0.011961104853456516,0.07185340182315994,0.10103147435032718,0.18320307808518427,0.6273576804484406,0.11838988721456561,False,1e-24,False
HNHN,real,,136,restart,204453.9120235123,23202.560210668333,649.2569566175254,30199.754998870685,32687.42141720155,6.770052009731795,0.7683029286673349,0.019862593268854728,0.48940593928736287,0.6085206774545621,0.3790194279411055,0.6379074022435887,0.6910409411019932,0.7672052990231337,0.9539326167314092,0.5484760820924568,False,1e-24,False
HNHN,real,,137,base,5422.267712483693,1699.2276245903731,20.211993668120403,3372.4152636266926,4738.122704242012,1.6078291932093176,0.5038607323710856,0.004265823181409956,0.01297940448598727,0.044564700441540456,0.011799239422170954,0.07123530174953994,0.1001680961861701,0.1822046677309273,0.6255985353754506,0.11779438635073149,False,1e-24,False
HNHN,real,,137,restart,204453.91182401532,23202.560173684153,649.2569559683457,30199.754948137106,32687.421353966405,6.770052014499118,0.7683029287333811,0.019862593287419492,0.48940593880982247,0.6085206764845985,0.3790194275621312,0.6379074011719467,0.6910409397651465,0.767205299563383,0.9539326168134129,0.5484760826050953,False,1e-24,False
HNHN,real,,138,base,5346.705156408021,1679.9712775529804,19.939707258829177,3343.58240232982,4697.835476214586,1.5990947771116448,0.5024465006103546,0.004244445630287623,0.012798528691705988,0.044059674908232864,0.01164028565504714,0.07062626715141736,0.09931638862517503,0.1812148540183628,0.6238426110468541,0.11720407695227575,False,1e-24,False
HNHN,real,,138,restart,204453.91164734896,23202.560140812897,649.2569553927494,30199.75490300604,32687.42129763903,6.770052018766481,0.7683029287930859,0.01986259330403786,0.4894059383869322,0.6085206756225023,0.379019427226113,0.6379074002186461,0.691040938574336,0.7672053000469752,0.953932616887543,0.5484760830639869,False,1e-24,False
HNHN,real,,139,base,5272.562198900709,1661.0158275380752,19.67229216131796,3315.1703461336647,4658.090371022659,1.5904347736006574,0.5010348350501035,0.00422325257657013,0.012621051022527242,0.043562540834242935,0.011484175633816786,0.07002612119125425,0.09847614201944022,0.1802334729929825,0.622089872938494,0.11661886217627909,False,1e-24,False
HNHN,real,,139,restart,204453.9114908867,23202.560111595325,649.2569548823546,30199.754862856444,32687.421247462426,6.7700520225861345,0.7683029288470427,0.019862593318913383,0.489405938012405,0.6085206748562293,0.3790194269281577,0.637907399370569,0.6910409375135583,0.7672053004798312,0.9539326169545362,0.5484760834747524,False,1e-24,False
HNHN,real,,140,base,5199.804032067228,1642.3551090203757,19.409635437628108,3287.1709340845614,4618.8777029296625,1.5818477761988707,0.4996257091442531,0.004202240606049595,0.012446888158009047,0.04307313651975878,0.01133084342821909,0.06943469148577287,0.09764715160394526,0.17926036526797853,0.6203402880904921,0.1160386477444498,False,1e-24,False
HNHN,real,,140,restart,204453.91135230561,23202.56008562372,649.2569544297394,30199.754827136407,32687.421202762845,6.770052026004883,0.7683029288957915,0.019862593332228423,0.4894059376806803,0.6085206741750864,0.3790194266639326,0.6379073986160569,0.6910409365685698,0.7672053008672555,0.9539326170150634,0.5484760838424275,False,1e-24,False
HNHN,real,,141,base,5128.396917556399,1623.9831175633246,19.151627434543773,3259.5762094927777,4580.188010417812,1.5733324174538714,0.49821909757281996,0.004181406394449893,0.012275959337899437,0.04259130448975315,0.011180225025541182,0.06885180996634896,0.09682921735385276,0.1782953758789967,0.6185938250653031,0.11546334186182833,False,1e-24,False
HNHN,real,,141,restart,204453.9112295513,23202.56006253603,649.2569540283306,30199.754795355413,32687.421162940576,6.770052029064667,0.7683029289398231,0.019862593344146307,0.4894059373868406,0.6085206735695784,0.3790194264296005,0.6379073979447492,0.6910409357266919,0.7672053012140005,0.9539326170697333,0.5484760841715223,False,1e-24,False
HNHN,real,,142,base,5058.308147034232,1605.894004637176,18.89816166791664,3232.378413571637,4542.012049677064,1.5648873677030355,0.49681497620903037,0.004160746704593241,0.012108186267521833,0.04211689135808026,0.011032258263089897,0.06827731274465113,0.09602214384685916,0.17733835414415008,0.6168504539068831,0.11489285513854684,False,1e-24,False
HNHN,real,,142,restart,204453.91112080708,23202.560042010784,649.2569536723076,30199.754767077473,32687.4211274618,6.770052031803063,0.7683029289795843,0.019862593354813333,0.48940593712653707,0.6085206730312741,0.37901942622176354,0.6379073973474362,0.6910409349766392,0.7672053015243249,0.9539326171191013,0.5484760844660763,False,1e-24,False
HNHN,real,,143,base,4989.506004356772,1588.0820726353531,18.649134711772618,3205.5699793141675,4504.340788323012,1.556511333882743,0.4954133220873012,0.004140258383672561,0.0119434930272273,0.041649747696772564,0.01088688276345513,0.06771103998329794,0.09522574013038539,0.17638915352907533,0.6151101461009338,0.11432710051450949,False,1e-24,False
HNHN,real,,143,restart,204453.91102446552,23202.56002376247,649.2569533565143,30199.75474191505,32687.421095851318,6.770052034253722,0.7683029290154801,0.019862593364360515,0.4894059368959221,0.6085206725526857,0.3790194260374115,0.637907396815932,0.6910409343083657,0.7672053018020419,0.95393261716367,0.5484760847297077,False,1e-24,False
HNHN,real,,144,base,4921.959729358949,1570.5417700802984,18.40444609197385,3179.143525596949,4467.165399334263,1.5482030583802442,0.49401411337205897,0.004119938360624981,0.011781805985715125,0.04118972791030726,0.010744039872432458,0.06715283577131372,0.09443981959340787,0.1754476315168222,0.6133728745361884,0.11376599318686559,False,1e-24,False
HNHN,real,,144,restart,204453.91093910497,23202.56000753755,649.2569530763838,30199.754719523662,32687.421067686104,6.770052036446799,0.7683029290478794,0.019862593372905198,0.4894059366915926,0.6085206721271638,0.3790194258738786,0.6379073963429602,0.6910409337129282,0.7672053020505688,0.9539326172038972,0.5484760849656564,False,1e-24,False
HNHN,real,,145,base,4855.6394831811285,1553.2676870104895,18.16399818422172,3153.0918515013673,4430.477255200298,1.5399613179264284,0.49261732932736796,0.004099783643602193,0.011623053717034188,0.04073669011462412,0.01060367259947995,0.06660254800417684,0.09366419984273891,0.1745136494823782,0.6116386134667011,0.11320945054015719,False,1e-24,False
HNHN,real,,145,restart,204453.91086346743,23202.559993110804,649.2569528278692,30199.754699597044,32687.42104258952,6.770052038409288,0.7683029290771158,0.01986259338055244,0.4894059365105373,0.6085206717488014,0.3790194257288022,0.6379073959220516,0.6910409331823644,0.7672053022729647,0.9539326172401974,0.5484760851768237,False,1e-24,False
HNHN,real,,146,base,4790.516315059142,1536.254550540696,17.927696116197687,3127.407930842932,4394.267922271219,1.5317849225278235,0.4912229502873418,0.004079791317533409,0.011467166921087507,0.040290496020686795,0.010465725560590491,0.0660600282682629,0.09289870258357552,0.17358707257163944,0.6099073384751106,0.11265739207902382,False,1e-24,False
HNHN,real,,146,restart,204453.91079643992,23202.55998028221,649.2569526073864,30199.754681862934,32687.421020226273,6.770052040165372,0.7683029291034926,0.01986259338739634,0.48940593635009205,0.608520671412353,0.37901942560009005,0.6379073955474551,0.6910409327095856,0.7672053024719702,0.9539326172729471,0.5484760853658077,False,1e-24,False
HNHN,real,,147,base,4726.562130507696,1519.4972205879633,17.695447673649507,3102.084906899802,4358.52915530123,1.5236727144362348,0.48983095762731277,0.004059958541777042,0.011314078347472157,0.03985101082239053,0.010330144923467368,0.06552513172949567,0.09214315350414373,0.17266776958464633,0.6081790264368424,0.11210973936335719,False,1e-24,False
HNHN,real,,147,restart,204453.91073703734,23202.559968874066,649.2569524117589,30199.75466607925,32687.421000297778,6.770052041736702,0.7683029291272845,0.019862593393521144,0.48940593620789874,0.6085206711131579,0.3790194254858878,0.6379073952140575,0.6910409322882796,0.7672053026500386,0.9539326173024872,0.5484760855349352,False,1e-24,False
HNHN,real,,148,base,4663.749660830734,1502.9906857561534,17.467163210240596,3077.1160873320746,4323.252892178051,1.5156235671544989,0.4884413337357313,0.004040282547857305,0.011163722722495526,0.03941810308862838,0.010196878354896645,0.06499771702602761,0.09139738216427369,0.17175561286291235,0.6064536554852203,0.1115664159458005,False,1e-24,False
HNHN,real,,148,restart,204453.91068438816,23202.55995872851,649.2569522381723,30199.754652030722,32687.420982538195,6.770052043142677,0.7683029291487407,0.019862593399002298,0.4894059360818712,0.6085206708470761,0.3790194253845524,0.6379073949173113,0.6910409319128262,0.7672053028093684,0.9539326173291275,0.5484760856862891,False,1e-24,False
HNHN,real,,149,base,4602.052433895878,1486.7300593722468,17.2427555609896,3052.4949392837957,4288.431248830786,1.5076363844769072,0.487054061986775,0.00402076063728216,0.011016036679217437,0.038991644659337424,0.010065874970215431,0.0644776461647799,0.0906612218877476,0.17085047818068164,0.6047312049774566,0.11102734731149462,False,1e-24,False
HNHN,real,,149,restart,204453.91063772075,23202.559949705308,649.2569520841316,30199.754639525956,32687.420966710793,6.770052044400652,0.7683029291680866,0.01986259340390732,0.4894059359701624,0.6085206706104296,0.37901942529462745,0.637907394653174,0.691040931578221,0.7672053029519265,0.9539326173531476,0.548476085821734,False,1e-24,False
HNHN,real,,150,base,4541.444746113444,1470.7105756679314,17.02213995913635,3028.215084660053,4254.05651430921,1.4997100995629133,0.485669126713644,0.004001390179439229,0.010870958690375698,0.03857151054535546,0.00993708528478036,0.0639647844216809,0.08993450965827143,0.1699522446399582,0.6030116554614954,0.11049246081997655,False,1e-24,False
HNHN,real,,150,restart,204453.9105963523,23202.559941679847,649.2569519474268,30199.754628394738,32687.420952604774,6.770052045526174,0.7683029291855268,0.019862593408296693,0.48940593587113784,0.6085206703999503,0.37901942521482274,0.63790739441805,0.6910409312800073,0.7672053030794744,0.9539326173748015,0.5484760859429401,False,1e-24,False
HNHN,real,,151,base,4481.901635563575,1454.9275861003064,16.805233956278567,3004.2702955718596,4220.121146027658,1.4918436740428012,0.48428651318251725,0.003982168609566363,0.010728429004059894,0.038157578831926116,0.009810461167345484,0.06345900024544862,0.08921708601892663,0.16906079456915735,0.6012949886436769,0.10996168564913987,False,1e-24,False
HNHN,real,,151,restart,204453.91055967825,23202.559934541412,649.2569518260983,30199.754618485684,32687.420940032385,6.77005204653316,0.7683029292012462,0.019862593412224558,0.4894059357833503,0.6085206702127345,0.3790194251439943,0.6379073942087418,0.6910409310142159,0.7672053031935895,0.9539326173943189,0.5484760860514023,False,1e-24,False
HNHN,real,,152,base,4423.398856218072,1439.3765558058487,16.591957345632007,2980.654489941897,4186.617765167053,1.4840360971540514,0.48290620756715325,0.003963093426793874,0.010588389582005624,0.03774973058569901,0.009685955795263506,0.06296016516477124,0.08850879497496476,0.16817601342523572,0.599581187357201,0.10943495274117374,False,1e-24,False
HNHN,real,,152,restart,204453.9105271633,23202.559928191615,649.256951718409,30199.754609664153,32687.42092882644,6.77005204743407,0.7683029292154122,0.01986259341573936,0.48940593570551855,0.6085206700462018,0.379019425081128,0.6379073940224051,0.6910409307773123,0.7672053032956837,0.9539326174119076,0.5484760861484583,False,1e-24,False
HNHN,real,,153,base,4365.912853206222,1424.0530601820437,16.382232088273685,2957.3617272644897,4153.53915222892,1.4762863849072054,0.48152819692411086,0.003944162192255359,0.010450784040387741,0.03734784976507809,0.009563523611428502,0.062468153698745206,0.08780948389981563,0.16729778969916417,0.5978702355313615,0.10891219475039621,False,1e-24,False
HNHN,real,,153,restart,204453.91049833363,23202.559922543027,649.2569516228191,30199.754601810415,32687.420918838012,6.770052048240055,0.7683029292281759,0.01986259341888449,0.4894059356365083,0.6085206698980595,0.3790194250253251,0.6379073938565112,0.6910409305661481,0.7672053033870206,0.953932617427755,0.5484760862353064,False,1e-24,False
HNHN,real,,154,base,4309.420739076572,1408.9527815913711,16.175982242235516,2934.386204513526,4120.878242735464,1.4685935792800677,0.48015246916857446,0.003925372527264432,0.010315557592997628,0.03695182313377885,0.009443120282882607,0.06198284327043863,0.087119003444183,0.1664260148246121,0.5961621181615304,0.10839334599290726,False,1e-24,False
HNHN,real,,154,restart,204453.9104727695,23202.559917517945,649.2569515379631,30199.754594817932,32687.420909934448,6.770052048961099,0.7683029292396748,0.019862593421698778,0.48940593557531487,0.6085206697662694,0.3790194249757884,0.6379073937088094,0.691040930377919,0.7672053034687318,0.9539326174420323,0.5484760863130188,False,1e-24,False
HNHN,real,,155,base,4253.900271009054,1394.071506182563,15.973133894321768,2911.7222521922945,4088.6281230700793,1.4609567474391514,0.47877901305076015,0.003906722111554577,0.010182656996695353,0.03656154017746129,0.009324702661012813,0.06150411412345217,0.08643720744810938,0.16556058308971885,0.5944568212798629,0.10787834239798509,False,1e-24,False
HNHN,real,,155,restart,204453.91045009944,23202.55991304731,649.256951462631,30199.754588591957,32687.42090199762,6.770052049606141,0.7683029292500324,0.019862593424216996,0.48940593552104905,0.6085206696490205,0.37901942493181145,0.6379073935772985,0.6910409302101274,0.7672053035418301,0.9539326174548923,0.5484760863825556,False,1e-24,False
HNHN,real,,156,base,4199.32982893422,1379.4051208243213,15.77361509453058,2889.364330519517,4056.782026452917,1.4533749809873118,0.4774078181328901,0.0038882086815796657,0.010052030499033183,0.03617689302331218,0.009208228743267946,0.06103184924135692,0.08576395285589589,0.16470139155183325,0.5927543319267097,0.10736712146115736,False,1e-24,False
HNHN,real,,156,restart,204453.91042999423,23202.559909069732,649.2569513957493,30199.7545830482,32687.420894922263,6.770052050183176,0.7683029292593606,0.01986259342647025,0.4894059354729227,0.6085206695447029,0.37901942489276763,0.6379073934601982,0.6910409300605481,0.7672053036072217,0.9539326174664743,0.548476086444776,False,1e-24,False
HNHN,real,,157,base,4145.688394518498,1364.9496101468687,15.577355792965296,2867.307025746109,4025.333329046345,1.4458473952365596,0.4760388747667131,0.00386983002887261,0.009923627787952121,0.035797776362455486,0.009093657636329133,0.06056593426989355,0.08509909963376829,0.163848339955106,0.5910546381227052,0.10685962219887774,False,1e-24,False
HNHN,real,,157,restart,204453.91041216246,23202.559905530656,649.256951336366,30199.75457811167,32687.42088861464,6.770052050699365,0.7683029292677604,0.019862593428486394,0.4894059354302384,0.6085206694518854,0.3790194248581012,0.6379073933559242,0.6910409299271995,0.767205303665718,0.9539326174769036,0.5484760865004488,False,1e-24,False
HNHN,real,,158,base,4092.955530976536,1350.7010536869554,15.384287779127348,2845.5450465974377,3994.275546185382,1.4383731285050962,0.47467217407155693,0.0038515839984599133,0.009797399943458256,0.035424087375076005,0.008980949520670556,0.06010625744182235,0.08444251069018502,0.16300133065082767,0.589357728841518,0.10635578510474623,False,1e-24,False
HNHN,real,,158,restart,204453.9103963459,23202.559902381585,649.2569512836372,30199.75457371565,32687.42088299123,6.770052051161114,0.7683029292753236,0.019862593430290353,0.489405935392378,0.6085206693692965,0.3790194248273195,0.6379073932630673,0.6910409298083156,0.767205303718045,0.9539326174862942,0.5484760865502625,False,1e-24,False
HNHN,real,,159,base,4041.111363673546,1336.6556231321292,15.194344623487375,2824.0732208360996,3963.602328728392,1.4309513414376445,0.4733077079128978,0.0038334684873298185,0.009673299391190158,0.03505572565814642,0.008870065616450179,0.05965270950431907,0.0837940517986877,0.16216026852040605,0.5876635939832416,0.10585555210720927,False,1e-24,False
HNHN,real,,159,restart,204453.9103823156,23202.559899579395,649.2569512368142,30199.754569800778,32687.42087797761,6.770052051574152,0.7683029292821322,0.019862593431904444,0.48940593535879334,0.6085206692958051,0.3790194247999854,0.6379073931803737,0.6910409297023232,0.7672053037648519,0.9539326174947478,0.5484760865948332,False,1e-24,False
HNHN,real,,160,base,3990.1365614825468,1322.809579660264,15.007461621236763,2802.8864919404746,3933.307459523544,1.4235812163481953,0.4719454688814266,0.003815481442952002,0.009551279857793289,0.03469259315565255,0.008760968150673358,0.05920518364881618,0.08315359152319887,0.16132506090088397,0.5859722243484037,0.10535886652868326,False,1e-24,False
HNHN,real,,160,restart,204453.91036986918,23202.559897085743,649.2569511952328,30199.754566314215,32687.420873507497,6.770052051943618,0.7683029292882608,0.019862593433348626,0.48940593532900006,0.6085206692304054,0.37901942477571127,0.6379073931067273,0.691040929607821,0.767205303806721,0.9539326175023571,0.548476086634712,False,1e-24,False
HNHN,real,,161,base,3940.0123188630346,1309.1592713705468,14.823575738126031,2781.979915894486,3903.3848499866936,1.41626195658433,0.4705854502726036,0.0037976208618467544,0.009431296328021314,0.03433459409121727,0.008653620325574686,0.05876357544319321,0.08252100114567552,0.16049561751290226,0.5842836116125805,0.10486567304604465,False,1e-24,False
HNHN,real,,161,restart,204453.91035882698,23202.55989486656,649.2569511583038,30199.754563208982,32687.420869521815,6.770052052274096,0.7683029292937766,0.019862593434640773,0.4894059353025681,0.6085206691722042,0.37901942475415307,0.6379073930411356,0.6910409295235602,0.7672053038441718,0.9539326175092057,0.5484760866703928,False,1e-24,False
HNHN,real,,162,base,3890.720338629334,1295.7011308022663,14.64262555830139,2761.3486580842564,3873.8285367866056,1.4089927859123024,0.4692276460666819,0.0037798847882017125,0.00931330500348831,0.033981634903027205,0.008547986288166323,0.05832778276622502,0.08189615459603163,0.15967185039101509,0.5825977483015938,0.10437591765243301,False,1e-24,False
HNHN,real,,162,restart,204453.91034902984,23202.559892891528,649.2569511255047,30199.754560443227,32687.420865967935,6.7700520525697,0.7683029292987404,0.01986259343579688,0.48940593527911647,0.608520669120406,0.37901942473500577,0.6379073929827148,0.6910409294484281,0.7672053038776707,0.9539326175153687,0.548476086702317,False,1e-24,False
HNHN,real,,163,base,3842.242815378429,1282.4316725379385,14.464551234054843,2740.9879902974867,3844.6326786335107,1.4017729479221177,0.46787205090918804,0.0037622713125343215,0.009197263262999598,0.03363362418097115,0.008444031100903407,0.05789770574419988,0.08127892838424554,0.15885367381627152,0.580914627767276,0.10388954762031694,False,1e-24,False
HNHN,real,,163,restart,204453.91034033676,23202.55989113371,649.256951096372,30199.754557979733,32687.42086279897,6.770052052834104,0.7683029293032072,0.019862593436831256,0.48940593525830767,0.6085206690743048,0.3790194247179989,0.6379073929306786,0.6910409293814334,0.7672053039076339,0.9539326175209147,0.5484760867308798,False,1e-24,False
HNHN,real,,164,base,3794.562419548528,1269.3474908874405,14.289294437407314,2720.8932878216096,3815.791553167253,1.3946017054518574,0.4665186600918481,0.003744778570398232,0.009083129624392368,0.033290472605903204,0.008341720713419537,0.05747324668962398,0.08066920153457255,0.15804100425097797,0.5792342441637868,0.1034065114657731,False,1e-24,False
HNHN,real,,164,restart,204453.91033262297,23202.55988956914,649.2569510704939,30199.754555785374,32687.42085997312,6.7700520530706,0.7683029293072258,0.01986259343775671,0.48940593523984294,0.6085206690332716,0.3790194247028919,0.6379073928843273,0.6910409293216925,0.7672053039344344,0.9539326175259042,0.5484760867564348,False,1e-24,False
HNHN,real,,165,base,3747.6622820810603,1256.4452576499834,14.116798313448072,2701.060026636926,3787.299553941373,1.3874783400305444,0.46516746953394295,0.003727404741131971,0.00897086370782075,0.032952092890947256,0.00824102193528753,0.0570543100419322,0.08006685552178587,0.1572337602755619,0.5775565924244644,0.10292675891393263,False,1e-24,False
HNHN,real,,165,restart,204453.91032577737,23202.559888176504,649.2569510475056,30199.754553830655,32687.420857453137,6.770052053282123,0.768302929310841,0.019862593438584708,0.4894059352234565,0.6085206689967477,0.379019424689472,0.6379073928430379,0.6910409292684178,0.7672053039584049,0.9539326175303929,0.5484760867792987,False,1e-24,False
HNHN,real,,166,base,3701.525979660083,1243.7217199508932,13.94700743535736,2681.4837807010917,3759.1511874996677,1.3804021513388733,0.4638184757640838,0.0037101480466482546,0.008860426200423058,0.03261839972476342,0.0081419024097628,0.056640802310128524,0.07947177420937242,0.15643186252745986,0.5758816682391977,0.10245024086554988,False,1e-24,False
HNHN,real,,166,restart,204453.9103197021,23202.55988693685,649.2569510270833,30199.754552089333,32687.420855205848,6.770052053471315,0.768302929314093,0.019862593439325504,0.48940593520891396,0.6085206689642361,0.37901942467754995,0.6379073928062561,0.6910409292209081,0.7672053039798448,0.9539326175344307,0.5484760867997548,False,1e-24,False
HNHN,real,,167,base,3656.137520504341,1231.1736981502959,13.779867761042553,2662.1602193214985,3731.3410705418883,1.3733724566871397,0.46247167590239313,0.0036930067502624077,0.008751778822311908,0.03228930971670029,0.008044330588468663,0.05623263201728304,0.07888384378961324,0.1556352336419547,0.5742094680323021,0.1019769093646508,False,1e-24,False
HNHN,real,,167,restart,204453.91031431002,23202.559885833318,649.2569510089394,30199.754550538048,32687.420853201664,6.770052053640529,0.7683029293170177,0.019862593439988276,0.48940593519600684,0.6085206689352943,0.379019424666958,0.6379073927734884,0.6910409291785379,0.7672053039990208,0.953932617538062,0.5484760868180562,False,1e-24,False
HNHN,real,,168,base,3611.481330688445,1218.7980838209485,13.615326591321427,2643.085104612225,3703.8639271753846,1.366388590509762,0.4611270676430837,0.0036759791555584097,0.008644884293830937,0.03196474134376064,0.007948275706984812,0.055829709646815266,0.07830295272548082,0.15484379819489305,0.5725399889408888,0.10150671756722063,False,1e-24,False
HNHN,real,,168,restart,204453.910309524,23202.55988485093,649.2569509928187,30199.754549155994,32687.420851414226,6.770052053791874,0.7683029293196484,0.01986259344058124,0.4894059351845505,0.6085206689095297,0.3790194246575472,0.6379073927442953,0.6910409291407499,0.7672053040161716,0.9539326175413282,0.54847608683443,False,1e-24,False
HNHN,real,,169,base,3567.5422409706775,1206.591837792552,13.453332529589174,2624.2542890323857,3676.7145862496272,1.359449903875779,0.4597846492374206,0.003659063605291165,0.008539706304024204,0.031644614899310704,0.007853707761301969,0.05543194759049684,0.07772899169428853,0.1540574826472133,0.570873228793711,0.10103961971089166,False,1e-24,False
HNHN,real,,169,restart,204453.9103052757,23202.55988397633,649.2569509784951,30199.75454792467,32687.420849820053,6.770052053927234,0.7683029293220137,0.019862593441111742,0.4894059351743812,0.6085206688865921,0.37901942464918537,0.6379073927182861,0.6910409291070476,0.7672053040315111,0.9539326175442651,0.548476086849079,False,1e-24,False
HNHN,real,,170,base,3524.3054741061023,1194.5519882600238,13.293835442908799,2605.6637130028453,3649.8879787706874,1.352555764014761,0.45844441947705766,0.0036422584803236274,0.008436209480267303,0.03132885244346687,0.007760597485107453,0.05503926009810958,0.07716185353303043,0.1532762152912201,0.5692091860904743,0.10057557108559347,False,1e-24,False
HNHN,real,,170,restart,204453.91030150434,23202.55988319766,649.256950965767,30199.754546827575,32687.420848398175,6.7700520540482945,0.7683029293241407,0.019862593441586366,0.4894059351653536,0.6085206688661704,0.3790194246417551,0.6379073926951123,0.6910409290769879,0.7672053040452301,0.953932617546906,0.5484760868621851,False,1e-24,False
HNHN,real,,171,base,3481.756632624557,1182.6756289532964,13.136786424467155,2587.3094025983746,3623.379135392841,1.3457055538575748,0.4571063776777384,0.003625562198597494,0.008334359359011272,0.03101737775509603,0.0076689163278679945,0.05465156322869703,0.0766014331853516,0.1524999261985424,0.5675478599815987,0.10011452800513021,False,1e-24,False
HNHN,real,,171,restart,204453.91029815623,23202.55988250438,649.2569509544564,30199.754545850043,32687.42084712995,6.770052054156568,0.7683029293260533,0.019862593442010985,0.48940593515733916,0.6085206688479882,0.37901942463515226,0.637907392674464,0.6910409290501764,0.7672053040575,0.9539326175492806,0.5484760868739103,False,1e-24,False
HNHN,real,,172,base,3439.881687054154,1170.9599173663296,12.98213775734171,2569.1874673124835,3597.1831839845913,1.3388986715914764,0.45577052366335113,0.0036089732141362414,0.008234122357592912,0.030710116285368853,0.007578636433677702,0.05426877480335114,0.07604762765009171,0.1517285471697151,0.5658892502484223,0.09965644777965091,False,1e-24,False
HNHN,real,,172,restart,204453.91029518365,23202.559881887086,649.2569509444048,30199.754544979016,32687.420845998724,6.770052054253401,0.7683029293277723,0.01986259344239087,0.4894059351502236,0.6085206688317987,0.3790194246292844,0.6379073926560653,0.6910409290262614,0.7672053040684734,0.953932617551415,0.5484760868844002,False,1e-24,False
HNHN,real,,173,base,3398.6669645717675,1159.4020730431093,12.829842879525442,2551.294097892238,3571.2953472665363,1.3321345302290277,0.4544368577503292,0.0035924900160792866,0.008135465747067206,0.03040699511280762,0.007489730620840511,0.053890814359477325,0.07550033593134742,0.15096201168532705,0.5642333572838318,0.09920128868897927,False,1e-24,False
HNHN,real,,173,restart,204453.91029254443,23202.559881337427,649.2569509354717,30199.75454420285,32687.420844989665,6.770052054340005,0.7683029293293178,0.019862593442730735,0.48940593514390607,0.6085206688173831,0.37901942462406946,0.6379073926396704,0.691040929004929,0.7672053040782877,0.9539326175533338,0.5484760868937851,False,1e-24,False
HNHN,real,,174,base,3358.0991380628516,1147.9993759185077,12.679856350159774,2533.625564240524,3545.710940518567,1.3254125571903403,0.4531053807323855,0.003576111127746167,0.008038357626019565,0.030107942899772897,0.00740217236215783,0.053517603106484055,0.07495945899000052,0.15020025485867958,0.5625801820733092,0.09874900995677235,False,1e-24,False
HNHN,real,,174,restart,204453.91029020085,23202.559880847974,649.2569509275319,30199.75454351119,32687.42084408955,6.770052054417457,0.768302929330707,0.019862593443034794,0.48940593513829617,0.6085206688045465,0.3790194246194344,0.6379073926250605,0.6910409289858997,0.7672053040870648,0.9539326175550588,0.5484760869021813,False,1e-24,False
HNHN,real,,175,base,3318.165215573776,1136.7491647119728,12.532133816927585,2516.1782133832976,3520.425369354013,1.3187321938981869,0.4517760938655771,0.0035598351057296216,0.00794276689531764,0.029812889850335714,0.0073159357658934355,0.05314906388284526,0.07442489969666148,0.1494432133899032,0.5609297261763875,0.09829957172547739,False,1e-24,False
HNHN,real,,175,restart,204453.91028811983,23202.559880412115,649.2569509204748,30199.754542894803,32687.420843286603,6.770052054486727,0.7683029293319558,0.01986259344330681,0.4894059351333148,0.6085206687931154,0.3790194246153146,0.6379073926120407,0.6910409289689248,0.7672053040949147,0.9539326175566092,0.5484760869096926,False,1e-24,False
HNHN,real,,176,base,3278.8525301406107,1125.6488353720886,12.386631984560639,2498.9484674994746,3495.434127558447,1.3120928953855266,0.4504489988536849,0.0035436605390165585,0.007848663233764252,0.02952176766948391,0.007230995557388916,0.052785121114485786,0.07389656278597977,0.14869082552148102,0.5592819917084981,0.09785293503205858,False,1e-24,False
HNHN,real,,176,restart,204453.91028627177,23202.559880023964,649.2569509142018,30199.754542345494,32687.420842570293,6.770052054548674,0.7683029293330778,0.019862593443550167,0.4894059351288911,0.6085206687829356,0.3790194246116526,0.6379073926004376,0.6910409289537813,0.7672053041019348,0.9539326175580023,0.5484760869164125,False,1e-24,False
HNHN,real,,177,base,3240.1487299790438,1114.6958395701445,12.243308584417615,2481.932822011207,3470.732794990927,1.3054941299150171,0.4491240978339063,0.0035275860481358725,0.007756017074614782,0.029234509523613807,0.007147327061304115,0.05242570077444248,0.07337435481227433,0.1479430309951305,0.5576369813232067,0.09740906178446537,False,1e-24,False
HNHN,real,,177,restart,204453.91028463046,23202.55987967828,649.2569509086254,30199.754541855924,32687.420841931256,6.770052054604076,0.7683029293340862,0.01986259344376788,0.4894059351249622,0.6085206687738696,0.37901942460839727,0.6379073925900964,0.6910409289402715,0.7672053041082131,0.9539326175592543,0.5484760869224244,False,1e-24,False
HNHN,real,,178,base,3202.0417690207955,1103.8876832409194,12.102122345091008,2465.127843732387,3446.3170355455654,1.2989353786100868,0.44780139336284935,0.003511610284332183,0.007664799582923972,0.028951050002260174,0.0070649061844582,0.052070730343755124,0.07285818410643935,0.14719977100999537,0.5559946981948237,0.09696791473881641,False,1e-24,False
HNHN,real,,178,restart,204453.91028317277,23202.559879370412,649.2569509036682,30199.75454141959,32687.420841361145,6.770052054653624,0.7683029293349924,0.019862593443962656,0.4894059351214729,0.6085206687657952,0.3790194246055034,0.6379073925808798,0.6910409289282188,0.767205304113828,0.9539326175603796,0.5484760869278028,False,1e-24,False
HNHN,real,,179,base,3164.51989778259,1093.2219251689637,11.963032964002958,2448.530169073307,3422.1825951713836,1.2924161350971888,0.4464808884028227,0.0034957319287645568,0.007574982633688773,0.028671325081019425,0.00698370939924804,0.05172013877354358,0.07234796073408217,0.14646098818210454,0.5543551460013809,0.09652945747727351,False,1e-24,False
HNHN,real,,179,restart,204453.91028187796,23202.559879096203,649.2569508992611,30199.754541030678,32687.420840852512,6.770052054697932,0.7683029293358067,0.019862593444136902,0.4894059351183735,0.6085206687586038,0.3790194246029307,0.6379073925726648,0.6910409289174658,0.7672053041188492,0.9539326175613906,0.5484760869326144,False,1e-24,False
HNHN,real,,180,base,3127.57165455433,1082.6961756187343,11.82600107995174,2432.1365022994873,3398.325299948499,1.2859359051588333,0.44516258630841177,0.0034799496917293235,0.007486538790755287,0.028395272085622925,0.006903713727621558,0.05137385644822917,0.07184359645485229,0.14572662650505272,0.5527183289079654,0.0960936543865808,False,1e-24,False
HNHN,real,,180,restart,204453.9102807279,23202.55987885197,649.256950895343,30199.75454068404,32687.420840398703,6.770052054737558,0.7683029293365383,0.0198625934442928,0.4894059351156206,0.6085206687521983,0.37901942460064336,0.6379073925653428,0.6910409289078719,0.7672053041233398,0.953932617562299,0.5484760869369192,False,1e-24,False
HNHN,real,,181,base,3091.1858568937528,1072.308095007005,11.690988246572507,2415.943613842764,3374.7410542187495,1.2794942063970436,0.443846490813338,0.0034642623119061694,0.007399441286459321,0.02812282965711904,0.0068248967255847975,0.05103181514985987,0.07134500468292103,0.14499663131186194,0.551084251550403,0.09566047063724674,False,1e-24,False
HNHN,real,,181,restart,204453.91027970624,23202.55987863442,649.2569508918592,30199.754540375052,32687.420839993803,6.7700520547729965,0.7683029293371955,0.019862593444432256,0.489405935113175,0.6085206687464928,0.3790194245986096,0.6379073925588161,0.691040928899312,0.7672053041273558,0.9539326175631149,0.5484760869407701,False,1e-24,False
HNHN,real,,182,base,3055.3515934153993,1062.0553926160362,11.557956906677148,2399.9483386628044,3351.4258387689624,1.2730905679068785,0.44253260601758987,0.003448668555626637,0.007313664001971473,0.02785393771812415,0.006747236468222194,0.0506939480235007,0.07085210044857423,0.1442709492379841,0.5494529190192806,0.09522987216334486,False,1e-24,False
HNHN,real,,182,restart,204453.9102787987,23202.559878440643,649.2569508887615,30199.754540099617,32687.420839632527,6.77005205480469,0.7683029293377862,0.01986259344455702,0.4894059351110026,0.6085206687414108,0.37901942459680127,0.6379073925529981,0.6910409288916743,0.7672053041309475,0.9539326175638484,0.5484760869442153,False,1e-24,False
HNHN,real,,183,base,3020.0582158622715,1051.9358253460562,11.42687036744001,2384.1475746572987,3328.3757090651097,1.2667245299596774,0.4412209363748229,0.003433167216164321,0.007229181448318864,0.02758853744010466,0.006670711535210643,0.05036018954365233,0.07036480036088083,0.14354952818540512,0.5478243368443015,0.09480182564291352,False,1e-24,False
HNHN,real,,183,restart,204453.91027799237,23202.55987826802,649.2569508860071,30199.754539854093,32687.420839310173,6.770052054833031,0.7683029293383163,0.019862593444668633,0.4894059351090725,0.6085206687368835,0.3790194245951933,0.6379073925478119,0.6910409288848595,0.7672053041341591,0.9539326175645065,0.5484760869472973,False,1e-24,False
HNHN,real,,184,base,2985.2953314490683,1041.9471965056546,11.297692776397342,2368.5382811191307,3305.5867935356832,1.260395643695706,0.4399114866800194,0.003417757113045952,0.007145968748056983,0.027326571211653345,0.006595300996808597,0.05003047548166201,0.0698830225714018,0.1428323172878147,0.5461985109789639,0.09437629847893252,False,1e-24,False
HNHN,real,,184,restart,204453.91027727598,23202.55987811424,649.2569508835578,30199.754539635214,32687.420839022525,6.770052054858377,0.7683029293387927,0.01986259344476849,0.48940593510735764,0.6085206687328504,0.3790194245937635,0.6379073925431885,0.6910409288787783,0.7672053041370314,0.9539326175650981,0.5484760869500548,False,1e-24,False
HNHN,real,,185,base,2951.0527954663808,1032.0873546387563,11.17038909822986,2353.117477238918,3283.0552919026745,1.2541034708258862,0.4386042620574042,0.0034024370913826826,0.007064001617566169,0.027067982607725014,0.00652098440030232,0.04970474287409277,0.06940668673890565,0.14211926687680515,0.5445754477855564,0.09395325878085758,False,1e-24,False
HNHN,real,,185,restart,204453.91027663948,23202.55987797725,649.2569508813796,30199.754539440084,32687.420838765855,6.7700520548810434,0.768302929339221,0.01986259344485782,0.489405935105834,0.6085206687292576,0.3790194245924919,0.6379073925390668,0.6910409288733521,0.7672053041396,0.9539326175656297,0.5484760869525214,False,1e-24,False
HNHN,real,,186,base,2917.3207041356804,1022.354192386888,11.044925092299076,2337.8822406513495,3260.777473558613,1.2478475833423053,0.43729926794860857,0.0033872060212208595,0.006983256349948448,0.02681271635979782,0.006447741756892188,0.04938292999201787,0.06893571399505753,0.14141032844906537,0.5429551540204633,0.09353267534669286,False,1e-24,False
HNHN,real,,186,restart,204453.91027607385,23202.559877855198,649.2569508794425,30199.75453926612,32687.420838536797,6.770052054901313,0.7683029293396052,0.019862593444937744,0.48940593510448005,0.6085206687260566,0.37901942459136106,0.6379073925353922,0.6910409288685097,0.767205304141897,0.9539326175661068,0.5484760869547284,False,1e-24,False
HNHN,real,,187,base,2884.0893877053995,1012.7456453855092,10.921267290909306,2322.82970602384,3238.7496759881597,1.2416275632372162,0.43599651010107887,0.003372062796911641,0.006903709798501455,0.026560718326927954,0.0063755535290026,0.04906497631120903,0.06847002691105035,0.14070545463453704,0.5413376368197714,0.09311451764558387,False,1e-24,False
HNHN,real,,187,restart,204453.91027557128,23202.559877746462,649.2569508777194,30199.754539111018,32687.420838332397,6.770052054919441,0.7683029293399505,0.019862593445009236,0.48940593510327707,0.6085206687232049,0.37901942459035515,0.637907392532116,0.6910409288641884,0.7672053041439514,0.9539326175665355,0.5484760869567026,False,1e-24,False
HNHN,real,,188,base,2851.3494037788037,1003.2596911932178,10.799382978268415,2307.9570636860517,3216.9683032328276,1.2354430022302483,0.4346959945567211,0.0033570063364988063,0.006825339360747219,0.0263119354676665,0.006304400617999816,0.04875082248318786,0.06800954946514766,0.1400045991655012,0.5397229036851717,0.09269875580091272,False,1e-24,False
HNHN,real,,188,restart,204453.91027512462,23202.55987764958,649.256950876187,30199.75453897273,32687.42083814999,6.770052054935652,0.7683029293402606,0.0198625934450732,0.48940593510220787,0.6085206687206639,0.3790194245894606,0.6379073925291949,0.6910409288603322,0.7672053041457885,0.9539326175669205,0.5484760869584688,False,1e-24,False
HNHN,real,,189,base,2819.091530864769,993.8943482527014,10.679240170121517,2293.261558298909,3195.4298243974417,1.2292935015035569,0.43339772764078005,0.0033420355811241416,0.006748122962994507,0.02606631581280889,0.006234264352302627,0.04844041030711162,0.06755420701110881,0.13930771684656446,0.5381109624701518,0.09228536057387879,False,1e-24,False
HNHN,real,,189,restart,204453.9102747277,23202.55987756326,649.256950874824,30199.75453884944,32687.4208379872,6.770052054950147,0.7683029293405389,0.01986259344513042,0.4894059351012578,0.6085206687184,0.37901942458866494,0.6379073925265907,0.6910409288568906,0.7672053041474312,0.9539326175672661,0.5484760869600489,False,1e-24,False
HNHN,real,,190,base,2787.306762142949,984.6476748823341,10.560807594032893,2278.7404875617735,3174.130772197002,1.223178671444652,0.4321017159509444,0.0033271494944498263,0.006672039045414368,0.02582380843894806,0.006165126475871454,0.048133682702464896,0.06710392624746843,0.1386147635255155,0.5365018213664677,0.09187430334754874,False,1e-24,False
HNHN,real,,190,restart,204453.9102743749,23202.559877486336,649.2569508736116,30199.754538739504,32687.420837841913,6.770052054963111,0.7683029293407886,0.01986259344518161,0.4894059351004133,0.6085206687163827,0.3790194245879571,0.6379073925242685,0.6910409288538192,0.7672053041489002,0.9539326175675761,0.5484760869614624,False,1e-24,False
HNHN,real,,191,base,2755.986299435196,975.5177682973733,10.444054670292434,2264.3912009564997,3153.067741542669,1.2170981313966607,0.43080796634667434,0.0033123470620972386,0.006597066547609386,0.025584363442803938,0.006096969137062025,0.04783058368253042,0.06665863518764287,0.137925696065024,0.5348954888908942,0.09146555611135998,False,1e-24,False
HNHN,real,,191,restart,204453.91027406137,23202.559877417803,649.2569508725331,30199.754538641475,32687.420837712256,6.7700520549747045,0.7683029293410132,0.0198625934452274,0.48940593509966274,0.6085206687145853,0.37901942458732757,0.6379073925221979,0.691040928851078,0.767205304150214,0.953932617567855,0.5484760869627269,False,1e-24,False
HNHN,real,,192,base,2725.1215473754287,966.5027636597516,10.328951493423906,2250.211098527148,3132.237388165628,1.2110515094157734,0.4295164859387485,0.003297627291101643,0.006523184894657963,0.025347931916302857,0.006029774877830369,0.047531058328613006,0.06621826313083749,0.13724047231515354,0.5332919738722454,0.09105909144606263,False,1e-24,False
HNHN,real,,192,restart,204453.9102737827,23202.559877356725,649.2569508715736,30199.75453855406,32687.420837596528,6.770052054985073,0.7683029293412146,0.019862593445268372,0.4894059350989957,0.6085206687129834,0.3790194245867674,0.6379073925203514,0.6910409288486316,0.767205304151389,0.953932617568105,0.5484760869638582,False,1e-24,False
HNHN,real,,193,base,2694.7041077704807,957.6008331554846,10.215468814273219,2236.197629694168,3111.6364272776577,1.205038442035653,0.42822728207902183,0.0032829892093822286,0.006450373983615751,0.025114465922381233,0.005963526623276425,0.047235052764991646,0.06578274063372988,0.1365590510866637,0.5316912854386577,0.09065488250908546,False,1e-24,False
HNHN,real,,193,restart,204453.91027353494,23202.5598773023,649.2569508707203,30199.754538476114,32687.42083749324,6.770052054994343,0.7683029293413955,0.01986259344530503,0.48940593509840263,0.6085206687115561,0.37901942458626925,0.637907392518705,0.6910409288464479,0.7672053041524395,0.9539326175683297,0.5484760869648705,False,1e-24,False
HNHN,real,,194,base,2664.725774144791,948.8101850987707,10.103578022655814,2222.348292101918,3091.261632267221,1.199058574038576,0.4269403623503933,0.0032684318652269994,0.006378614170457158,0.0248839184714893,0.005898207671514019,0.04694251413457571,0.06535199948290411,0.135881392125075,0.5300934330051348,0.0902529030203119,False,1e-24,False
HNHN,real,,194,restart,204453.91027331472,23202.5598772538,649.2569508699607,30199.7545384066,32687.420837401045,6.770052055002633,0.7683029293415579,0.019862593445337817,0.48940593509787544,0.608520668710284,0.3790194245858259,0.6379073925172366,0.6910409288444989,0.767205304153379,0.9539326175685313,0.5484760869657759,False,1e-24,False
HNHN,real,,195,base,2635.1785264620544,940.1290630618832,9.993251130543127,2208.6606304984275,3071.109833430007,1.1931115582330882,0.4256557345569766,0.003253954326792032,0.006307886257440443,0.024656243498771265,0.00583380168385557,0.046653390575242246,0.06492597266801321,0.13520745608547205,0.5284984262613422,0.08985312724825271,False,1e-24,False
HNHN,real,,195,restart,204453.91027311893,23202.55987721057,649.2569508692852,30199.754538344598,32687.42083731875,6.7700520550100505,0.768302929341704,0.019862593445367158,0.4894059350974068,0.6085206687091502,0.37901942458543153,0.637907392515927,0.691040928842759,0.7672053041542195,0.9539326175687126,0.548476086966586,False,1e-24,False
HNHN,real,,196,base,2606.0545260172953,931.5557450299935,9.88446075576889,2195.132235646338,3051.177916732821,1.1871970552379798,0.4243734067144729,0.0032395556816146266,0.006238171480880757,0.024431395841899323,0.00577029267530024,0.0463676311968319,0.06450459435564682,0.13453720450802292,0.5269062751596553,0.0894555299966025,False,1e-24,False
HNHN,real,,196,restart,204453.9102729449,23202.55987717205,649.2569508686842,30199.754538289315,32687.420837245303,6.77005205501668,0.7683029293418349,0.019862593445393397,0.4894059350969902,0.60852066870814,0.37901942458508064,0.6379073925147593,0.6910409288412063,0.7672053041549708,0.9539326175688752,0.5484760869673106,False,1e-24,False
HNHN,real,,197,base,2577.3461104930584,923.0885425800941,9.777180106236788,2181.7607432640266,3031.4628226098257,1.181314733272364,0.42309338704073757,0.003225235036139908,0.006169451499316035,0.02420933121953973,0.005707665005314778,0.0460851860587823,0.06408779986388248,0.13387059979419008,0.5253169899034451,0.08906008659116736,False,1e-24,False
HNHN,real,,197,restart,204453.91027279015,23202.559877137715,649.2569508681491,30199.754538240006,32687.420837179732,6.77005205502261,0.7683029293419523,0.019862593445416875,0.4894059350966198,0.6085206687072395,0.3790194245847683,0.6379073925137176,0.69104092883982,0.7672053041556428,0.953932617569021,0.5484760869679589,False,1e-24,False
HNHN,real,,198,base,2549.04578917368,914.7258000832251,9.671382964611757,2168.5438329959215,3011.961544790112,1.1754642679516796,0.42181568394653957,0.003210991515260433,0.006101708382051291,0.02399000621043005,0.005645903368896694,0.0458060061483781,0.06367552563749965,0.1332076051836128,0.5237305809356071,0.08866677286715197,False,1e-24,False
HNHN,real,,198,restart,204453.91027265257,23202.559877107113,649.2569508676733,30199.754538196034,32687.420837121208,6.770052055027913,0.7683029293420577,0.01986259344543788,0.4894059350962905,0.608520668706437,0.3790194245844905,0.6379073925127888,0.6910409288385828,0.7672053041562438,0.9539326175691518,0.5484760869685389,False,1e-24,False
HNHN,real,,199,base,2521.1462383118665,906.4658939292354,9.567043673477933,2155.479227411072,2992.6711291556544,1.1696453420894222,0.4205403060265091,0.003196824261868412,0.006034924598067488,0.02377337823304737,0.0055849927879098515,0.04553004335959785,0.06326770922383573,0.13254818473163854,0.52214705892732,0.08827556515679467,False,1e-24,False
HNHN,real,,199,restart,204453.91027253022,23202.55987707984,649.2569508672495,30199.754538156805,32687.42083706896,6.770052055032655,0.7683029293421526,0.019862593445456666,0.4894059350959976,0.6085206687057216,0.37901942458424315,0.6379073925119602,0.6910409288374783,0.7672053041567811,0.9539326175692697,0.5484760869690577,False,1e-24,False
HNHN,real,,200,base,2493.6402966420255,898.3072317733407,9.464137120946846,2142.564691029069,2973.588672628721,1.1638576455044332,0.41926726205027015,0.0031827324364201086,0.005969083005281708,0.02355940552584822,0.005524918602682907,0.045257250472538604,0.06286428924926502,0.13189230328748439,0.520566434767037,0.0878864402773392,False,1e-24,False
HNHN,real,,200,restart,204453.9102724214,23202.559877055526,649.2569508668726,30199.75453812182,32687.420837022313,6.770052055036895,0.7683029293422375,0.01986259344547348,0.4894059350957371,0.608520668705084,0.37901942458402305,0.6379073925112212,0.691040928836492,0.7672053041572616,0.9539326175693752,0.548476086969522,False,1e-24,False
HNHN,real,,201,base,2466.520961035036,890.2482518037633,9.362638726700244,2129.798029372448,2954.7113220878573,1.1581008748335655,0.41799656095375287,0.0031687152165120543,0.005904166840145863,0.023348047128061364,0.005465666463861466,0.04498758113339985,0.06246520539628156,0.13123992647300764,0.5189887195496985,0.08749937551933233,False,1e-24,False
HNHN,real,,201,restart,204453.9102723247,23202.55987703385,649.2569508665372,30199.754538090612,32687.420836980684,6.770052055040688,0.7683029293423138,0.019862593445488512,0.4894059350955056,0.6085206687045156,0.37901942458382726,0.637907392510562,0.691040928835612,0.7672053041576915,0.9539326175694699,0.5484760869699371,False,1e-24,False
HNHN,real,,202,base,2439.7813822893504,882.2874220297734,9.262524428452398,2117.1770880447225,2936.036273311562,1.1523747333495675,0.4167282118306848,0.003154771796468705,0.00584015970757177,0.023139262861015635,0.005407222324505132,0.04472098983500888,0.062070398381167624,0.13059102066206787,0.5174139245661677,0.08711434863523773,False,1e-24,False
HNHN,real,,202,restart,204453.91027223863,23202.559877014533,649.2569508662386,30199.754538062778,32687.420836943504,6.770052055044078,0.7683029293423822,0.019862593445501973,0.4894059350952996,0.6085206687040089,0.379019424583653,0.6379073925099741,0.691040928834826,0.7672053041580756,0.9539326175695547,0.5484760869703088,False,1e-24,False
HNHN,real,,203,base,2413.4148610535285,874.4232395894659,9.163770668817444,2104.6997518332446,2917.560769948836,1.146678930784016,0.4154622239242543,0.0031409013869411694,0.005777045571170832,0.022933013309985404,0.005349572432420998,0.0444574318978706,0.06167980993223012,0.12994555296046098,0.51584206129288,0.08673133782835535,False,1e-24,False
HNHN,real,,203,restart,204453.91027216215,23202.55987699731,649.2569508659732,30199.75453803795,32687.420836910318,6.7700520550471115,0.7683029293424437,0.019862593445514016,0.48940593509511654,0.6085206687035573,0.379019424583498,0.6379073925094496,0.6910409288341244,0.7672053041584194,0.9539326175696311,0.5484760869706413,False,1e-24,False
HNHN,real,,204,base,2387.414843875517,866.6542300766441,9.066354382567813,2092.3639438361156,2899.2821025158064,1.1410131831551533,0.4141986066189472,0.0031271032145166644,0.005714808743797095,0.022729259806537127,0.0052927033227254455,0.04419686345172531,0.06129338276858839,0.12930349118640921,0.5142731413817071,0.08635032174203718,False,1e-24,False
HNHN,real,,204,restart,204453.9102720941,23202.559876981955,649.2569508657366,30199.754538015797,32687.42083688069,6.770052055049825,0.7683029293424988,0.01986259344552478,0.48940593509495367,0.6085206687031546,0.3790194245833599,0.6379073925089817,0.6910409288334981,0.7672053041587269,0.9539326175696995,0.5484760869709386,False,1e-24,False
HNHN,real,,205,base,2361.7749193741406,858.9789468861924,8.970252984270386,2080.167624612384,2881.197607417636,1.135377212600466,0.4129373694325492,0.0031133765213383815,0.005653433878382879,0.022527964411360787,0.005236601810626457,0.04393924141759837,0.06091106057949649,0.1286648038515883,0.512707176650027,0.08597127944919039,False,1e-24,False
HNHN,real,,205,restart,204453.9102720336,23202.559876968273,649.2569508655259,30199.754537996032,32687.420836854235,6.7700520550522505,0.7683029293425484,0.019862593445534416,0.48940593509480884,0.6085206687027956,0.37901942458323695,0.6379073925085642,0.6910409288329388,0.7672053041590018,0.9539326175697611,0.5484760869712046,False,1e-24,False
HNHN,real,,206,base,2336.488814528507,851.3959705773489,8.875444356287488,2068.108791354812,2863.304665994976,1.1297707472138736,0.41167852200831356,0.0030997205647354123,0.005592905959056626,0.02232908989757081,0.005181254984418898,0.04368452349032665,0.06053278800418435,0.1280294601426773,0.5111441790709995,0.0855941904420583,False,1e-24,False
HNHN,real,,206,restart,204453.91027197975,23202.55987695607,649.2569508653386,30199.754537978406,32687.420836830617,6.770052055054419,0.7683029293425928,0.019862593445543034,0.48940593509467994,0.6085206687024757,0.37901942458312754,0.637907392508192,0.6910409288324395,0.7672053041592476,0.9539326175698163,0.5484760869714426,False,1e-24,False
HNHN,real,,207,base,2311.5503910811317,843.9039082543121,8.781906837130355,2056.1854770845102,2845.600703594246,1.1241935208873794,0.41042207410728987,0.003086134616862453,0.005533210292532988,0.022132599734461574,0.005126650198685578,0.04343266812154678,0.060158510612202724,0.1273974299034137,0.5095841607640419,0.08521903462227129,False,1e-24,False
HNHN,real,,207,restart,204453.91027193188,23202.559876945186,649.2569508651719,30199.754537962686,32687.42083680953,6.770052055056358,0.7683029293426323,0.019862593445550747,0.4894059350945653,0.6085206687021902,0.3790194245830303,0.6379073925078599,0.6910409288319938,0.7672053041594673,0.9539326175698654,0.5484760869716556,False,1e-24,False
HNHN,real,,208,base,2286.953642050816,836.5013929636325,8.689619210153195,2044.3957498667567,2828.083188661031,1.118645273157053,0.4091680356008133,0.003072617964348968,0.005474332499765625,0.021938458071703127,0.005072775067697138,0.043183634503131035,0.059788174884256716,0.1267686836171399,0.5080271339855027,0.08484579229115906,False,1e-24,False
HNHN,real,,208,restart,204453.9102718893,23202.559876935487,649.2569508650234,30199.754537948647,32687.420836790698,6.7700520550580965,0.7683029293426684,0.019862593445557648,0.4894059350944634,0.6085206687019359,0.3790194245829436,0.6379073925075633,0.6910409288315955,0.7672053041596643,0.9539326175699101,0.5484760869718461,False,1e-24,False
HNHN,real,,209,base,2262.6926883514284,829.1870831078566,8.598560692576351,2032.7377120473634,2810.7496318559183,1.1131257490532094,0.40791641646314686,0.0030591699079575373,0.005416258507853498,0.02174662972396317,0.005019617459004049,0.0429373825510571,0.059421728193513886,0.12614319238982472,0.5064731111195269,0.08447444414031634,False,1e-24,False
HNHN,real,,209,restart,204453.9102718514,23202.559876926844,649.2569508648912,30199.754537936133,32687.420836773887,6.770052055059646,0.7683029293427005,0.01986259344556382,0.4894059350943727,0.6085206687017092,0.3790194245828664,0.637907392507299,0.6910409288312401,0.7672053041598399,0.95393261756995,0.5484760869720166,False,1e-24,False
HNHN,real,,210,base,2238.761775512908,821.9596618749216,8.508710924827618,2021.2094995089487,2793.597585192141,1.1076346989546673,0.4066672267642795,0.0030457897622510996,0.005358974542191872,0.0215570801559421,0.004967165487214353,0.04269387288969835,0.059059118787373195,0.1255209279335477,0.5049221046691136,0.0841049712424143,False,1e-24,False
HNHN,real,,210,restart,204453.91027181767,23202.55987691913,649.2569508647734,30199.75453792497,32687.420836758876,6.770052055061032,0.7683029293427291,0.01986259344556934,0.489405935094292,0.6085206687015069,0.37901942458279764,0.6379073925070632,0.6910409288309228,0.7672053041599969,0.9539326175699855,0.548476086972169,False,1e-24,False
HNHN,real,,211,base,2215.1552705009517,814.8178366828035,8.420049960191053,2009.809280946516,2776.6246411943744,1.102171878446958,0.40542047666287345,0.0030324768552688276,0.0053024671188595185,0.021369775467808095,0.004915407507950908,0.04245306683652201,0.05870029576968126,0.12490186255043066,0.5033741272473596,0.08373735504225038,False,1e-24,False
HNHN,real,,211,restart,204453.91027178772,23202.559876912255,649.2569508646687,30199.75453791501,32687.42083674547,6.770052055062274,0.7683029293427549,0.01986259344557428,0.48940593509422026,0.6085206687013266,0.3790194245827365,0.6379073925068528,0.6910409288306394,0.7672053041601377,0.9539326175700176,0.5484760869723054,False,1e-24,False
HNHN,real,,212,base,2191.86765863197,807.760338638946,8.332558254753124,1998.5352571617489,2759.8284320780817,1.0967370481843712,0.4041761763993594,0.0030192305282103773,0.005246723037233983,0.02118468238101986,0.004864332111982205,0.04221492638718253,0.058345209083383004,0.12428596911700442,0.5018291915688865,0.08337157734802923,False,1e-24,False
HNHN,real,,212,restart,204453.910271761,23202.55987690612,649.2569508645754,30199.754537906112,32687.420836733505,6.770052055063383,0.7683029293427781,0.019862593445578693,0.4894059350941563,0.6085206687011657,0.37901942458268206,0.6379073925066648,0.6910409288303865,0.7672053041602633,0.9539326175700463,0.5484760869724273,False,1e-24,False
HNHN,real,,213,base,2168.8935405800557,800.7859220140152,8.246216657636383,1987.3856603754627,2743.2066289488357,1.0913299737557238,0.40293433628917724,0.003006050135128259,0.005191729372827098,0.021001768224525104,0.004813928119521039,0.04197941420099859,0.057993809493594575,0.12367322106899717,0.5002873104414478,0.08300762032286806,False,1e-24,False
HNHN,real,,213,restart,204453.91027173723,23202.55987690066,649.2569508644925,30199.754537898178,32687.420836722806,6.770052055064375,0.7683029293427992,0.019862593445582662,0.4894059350940994,0.6085206687010225,0.37901942458263366,0.6379073925064972,0.6910409288301602,0.7672053041603758,0.9539326175700725,0.5484760869725369,False,1e-24,False
HNHN,real,,214,base,2146.227629472809,793.8933637295379,8.161006401511184,1976.358753557664,2726.75694102102,1.0859504255537422,0.4016949667161603,0.0029929350426280894,0.005137473470333189,0.020821000921323073,0.004764184574685503,0.041746493586801985,0.05764604857108602,0.1230635923865324,0.4987484967577149,0.08264546647651948,False,1e-24,False
HNHN,real,,214,restart,204453.91027171613,23202.559876895783,649.2569508644186,30199.7545378911,32687.42083671326,6.770052055065262,0.7683029293428177,0.0198625934455862,0.4894059350940489,0.6085206687008945,0.3790194245825905,0.6379073925063478,0.6910409288299584,0.7672053041604763,0.9539326175700955,0.5484760869726346,False,1e-24,False
HNHN,real,,215,base,2123.8647480729937,787.0814628589968,8.076909093376361,1965.4528297746872,2710.4771148553764,1.0805981786479537,0.4004580781260597,0.002979884629576488,0.005083942936882747,0.020642348975380097,0.004715090740116974,0.0415161284891472,0.05730187867616238,0.12245705757972465,0.4972127634872372,0.08228509865730554,False,1e-24,False
HNHN,real,,215,restart,204453.91027169733,23202.55987689144,649.2569508643527,30199.754537884786,32687.420836704736,6.7700520550660555,0.7683029293428344,0.019862593445589362,0.4894059350940039,0.6085206687007806,0.379019424582552,0.6379073925062144,0.6910409288297782,0.7672053041605662,0.9539326175701163,0.5484760869727219,False,1e-24,False
HNHN,real,,216,base,2101.7998260431254,780.3490401419746,7.993906705600118,1954.6662115529086,2694.364933614862,1.0752730126609826,0.3992236810202069,0.0029668982868164,0.005031125635494607,0.020465781458887278,0.004666636091750025,0.04128828347487125,0.0569612529429318,0.12185359167466082,0.49568012366857306,0.08192650004425678,False,1e-24,False
HNHN,real,,216,restart,204453.91027168056,23202.559876887557,649.256950864294,30199.754537879144,32687.42083669713,6.770052055066765,0.7683029293428495,0.01986259344559219,0.48940593509396374,0.6085206687006788,0.37901942458251775,0.6379073925060952,0.6910409288296174,0.7672053041606466,0.9539326175701349,0.5484760869727999,False,1e-24,False
HNHN,real,,217,base,2080.0278972901833,773.6949375109477,7.91198156721267,1943.997250258539,2678.418216338292,1.0699747116481533,0.39799178594931206,0.002953975416889624,0.004979009678719929,0.02029126799984999,0.004618810313729292,0.041062923719993,0.05662412526394978,0.12125317019975648,0.49415059040158993,0.08156965413945026,False,1e-24,False
HNHN,real,,217,restart,204453.9102716657,23202.559876884105,649.2569508642418,30199.754537874116,32687.42083669033,6.7700520550674,0.768302929342863,0.019862593445594726,0.48940593509392816,0.6085206687005883,0.37901942458248733,0.6379073925059889,0.6910409288294737,0.7672053041607186,0.9539326175701518,0.54847608697287,False,1e-24,False
HNHN,real,,218,base,2058.5440973877567,767.1180176303488,7.831116355442507,1933.4443254930195,2662.634817231281,1.0647030639803075,0.3967624035073972,0.002941115433766328,0.004927583422471529,0.020118778769999127,0.0045716032934685616,0.04084001499694222,0.05629045027522897,0.12065576917247627,0.4926241768399318,0.08121454476054048,False,1e-24,False
HNHN,real,,218,restart,204453.91027165248,23202.559876881016,649.2569508641952,30199.754537869627,32687.420836684258,6.770052055067969,0.7683029293428749,0.01986259344559699,0.4894059350938965,0.6085206687005073,0.37901942458246013,0.6379073925058941,0.6910409288293453,0.767205304160783,0.9539326175701666,0.5484760869729326,False,1e-24,False
HNHN,real,,219,base,2037.3436610730405,760.6171634475285,7.751294087488457,1923.0058445035695,2647.012624973985,1.0594578622297364,0.39553554432585947,0.0029283177625813693,0.004876835460032383,0.019948284473014423,0.004525005116847516,0.0406195236621086,0.055960183341604255,0.12006136508640737,0.4911008961836479,0.08086115603347833,False,1e-24,False
HNHN,real,,219,restart,204453.9102716407,23202.55987687827,649.2569508641539,30199.754537865625,32687.420836678837,6.770052055068476,0.7683029293428858,0.01986259344559902,0.4894059350938683,0.6085206687004352,0.3790194245824359,0.6379073925058096,0.6910409288292307,0.7672053041608405,0.95393261757018,0.5484760869729886,False,1e-24,False
HNHN,real,,220,base,2016.4219198161827,754.1912777552589,7.672498112519988,1912.6802416084342,2631.5495620451916,1.0542389030591484,0.3943112190676656,0.002915581839377201,0.004826754616237318,0.019779756333050475,0.004479006063541717,0.0404014166437013,0.055633280542443424,0.11946993489867692,0.4895807616719845,0.0805094723854118,False,1e-24,False
HNHN,real,,220,restart,204453.9102716302,23202.559876875814,649.256950864117,30199.75453786205,32687.420836673984,6.770052055068929,0.7683029293428955,0.01986259344560084,0.48940593509384317,0.6085206687003708,0.37901942458241444,0.6379073925057341,0.6910409288291282,0.7672053041608918,0.953932617570192,0.5484760869730388,False,1e-24,False
HNHN,real,,221,base,1995.7742994595808,747.8392827654342,7.594712103898459,1902.4659776364097,2616.243584062297,1.0490459871135756,0.39308943842167243,0.002902907110853183,0.00477732994182214,0.01961316608355642,0.004433596602481569,0.04018566142991006,0.05530969865769372,0.11888145601770257,0.48806378657633354,0.08015947853776355,False,1e-24,False
HNHN,real,,221,restart,204453.91027162087,23202.559876873624,649.2569508640842,30199.75453785885,32687.420836669666,6.770052055069337,0.7683029293429043,0.01986259344560246,0.48940593509382085,0.6085206687003134,0.37901942458239524,0.6379073925056665,0.6910409288290368,0.7672053041609381,0.9539326175702031,0.5484760869730836,False,1e-24,False
HNHN,real,,222,base,1975.396317924828,741.5601196936361,7.517920051612339,1892.361539380226,2601.092679136725,1.043878918915144,0.391870213097074,0.002890293034121128,0.004728550707934703,0.019448485956380566,0.0043887673874362,0.03997222605735906,0.0549893951542548,0.11829590629126736,0.48654998419333756,0.07981115949948069,False,1e-24,False
HNHN,real,,222,restart,204453.91027161255,23202.559876871674,649.2569508640548,30199.754537856006,32687.420836665795,6.7700520550697,0.7683029293429121,0.019862593445603913,0.4894059350938009,0.6085206687002622,0.37901942458237814,0.6379073925056065,0.691040928828955,0.7672053041609792,0.9539326175702127,0.5484760869731237,False,1e-24,False
HNHN,real,,223,base,1955.2835829850712,735.3527483542413,7.442106254919591,1882.3654390633935,2586.094867244383,1.038737506760621,0.3906535538179717,0.002877739076466881,0.004680406400802553,0.019285688671151508,0.004344509252718275,0.03976107909984516,0.05467232817266962,0.11771326399490954,0.4850393678381484,0.07946450056045115,False,1e-24,False
HNHN,real,,223,restart,204453.91027160516,23202.559876869935,649.2569508640289,30199.75453785346,32687.420836662342,6.770052055070026,0.7683029293429193,0.019862593445605217,0.4894059350937833,0.6085206687002166,0.379019424582363,0.6379073925055526,0.691040928828882,0.7672053041610162,0.9539326175702216,0.5484760869731597,False,1e-24,False
HNHN,real,,224,base,1935.4317901006548,729.216146765762,7.36725531519073,1872.476213820123,2571.2481996107235,1.0336215626216654,0.3894394713180657,0.0028652447151177787,0.004632886716552057,0.019124747424927604,0.004300813209005955,0.03955218965735225,0.05435845651412413,0.11713350782061856,0.4835319508378358,0.0791194872850825,False,1e-24,False
HNHN,real,,224,restart,204453.91027159852,23202.55987686838,649.2569508640055,30199.754537851193,32687.42083665927,6.770052055070314,0.7683029293429257,0.019862593445606373,0.4894059350937674,0.6085206687001758,0.37901942458234933,0.6379073925055048,0.691040928828817,0.7672053041610488,0.9539326175702295,0.5484760869731916,False,1e-24,False
HNHN,real,,225,base,1915.8367203159685,723.1493107661173,7.293352128946233,1862.6924251879395,2556.5507581100255,1.0285309020476996,0.38822797633546713,0.002852809437015821,0.00458598155617404,0.018965635882106906,0.004257670439278321,0.03934552734533383,0.0540477396277475,0.11655661686582817,0.482027746524946,0.07877610550603824,False,1e-24,False
HNHN,real,,225,restart,204453.9102715927,23202.559876866995,649.2569508639849,30199.754537849174,32687.42083665652,6.7700520550705745,0.7683029293429311,0.019862593445607413,0.48940593509375346,0.6085206687001395,0.37901942458233734,0.6379073925054621,0.6910409288287589,0.7672053041610783,0.9539326175702363,0.5484760869732204,False,1e-24,False
HNHN,real,,226,base,1896.494238215533,717.1512536375453,7.220381881082269,1853.0126586126373,2542.000654678502,1.0234653440713408,0.38701907960762727,0.0028404327385963884,0.0045396810206312236,0.01880832816458996,0.004215072294860728,0.039141062284256144,0.053740137598204715,0.11598257062269964,0.4805267682312063,0.07843434131812756,False,1e-24,False
HNHN,real,,226,restart,204453.9102715875,23202.559876865762,649.2569508639666,30199.754537847366,32687.42083665405,6.770052055070807,0.7683029293429362,0.01986259344560835,0.489405935093741,0.6085206687001072,0.3790194245823266,0.6379073925054239,0.6910409288287067,0.7672053041611047,0.9539326175702426,0.5484760869732462,False,1e-24,False
HNHN,real,,227,base,1877.400289937389,711.2210057408784,7.148330038278861,1843.4355229652192,2527.596030740869,1.0184247111163056,0.38581279186638373,0.002828114125572352,0.004493975406102827,0.018652798842188113,0.00417301029157666,0.03893876508939455,0.05343561113357377,0.11541134896768508,0.4790290292813738,0.0780941810723438,False,1e-24,False
HNHN,real,,227,restart,204453.91027158278,23202.559876864656,649.2569508639501,30199.75453784575,32687.420836651858,6.770052055071012,0.7683029293429406,0.01986259344560918,0.4894059350937297,0.6085206687000781,0.379019424582317,0.6379073925053899,0.6910409288286603,0.767205304161128,0.9539326175702482,0.5484760869732691,False,1e-24,False
HNHN,real,,228,base,1858.5509012419589,705.3576141589033,7.077182342584843,1833.9596500704815,2513.3350566500094,1.013408828907731,0.38460912383311996,0.002815853112723428,0.004448855199361961,0.01849902292327015,0.004131476106002796,0.03873860686087585,0.05313412155349962,0.11484293215136482,0.4775345429872256,0.07775561137004777,False,1e-24,False
HNHN,real,,228,restart,204453.91027157867,23202.55987686367,649.2569508639355,30199.75453784431,32687.4208366499,6.7700520550712,0.7683029293429446,0.019862593445609922,0.4894059350937199,0.6085206687000523,0.3790194245823085,0.6379073925053594,0.691040928828619,0.7672053041611492,0.953932617570253,0.5484760869732896,False,1e-24,False
HNHN,real,,229,base,1839.9421756345953,699.5601423485532,7.006924805174187,1824.5836942469214,2499.215931139375,1.008417526384841,0.3834080862140388,0.002803649223690639,0.00440431107328153,0.01834697584564051,0.0040904615718241125,0.0385405591739598,0.05283563077761751,0.11427730078855045,0.47604332264169047,0.07741861905729217,False,1e-24,False
HNHN,real,,229,restart,204453.910271575,23202.559876862797,649.2569508639226,30199.75453784303,32687.420836648143,6.770052055071366,0.7683029293429484,0.01986259344561059,0.48940593509371105,0.6085206687000294,0.379019424582301,0.6379073925053323,0.6910409288285818,0.7672053041611681,0.9539326175702578,0.5484760869733081,False,1e-24,False
HNHN,real,,230,base,1821.5702925401067,693.8276698016688,6.9375437002683755,1815.3063318576392,2485.2368807877933,1.003450635615895,0.38220968969554636,0.0027915019907757237,0.004360333882464552,0.018196633467642245,0.004049958676285923,0.038344594069552804,0.0525401013142385,0.11371443584864648,0.4745553815131173,0.0770831912192825,False,1e-24,False
HNHN,real,,230,restart,204453.9102715717,23202.55987686201,649.2569508639108,30199.75453784188,32687.42083664658,6.770052055071513,0.7683029293429515,0.019862593445611185,0.4894059350937031,0.6085206687000089,0.37901942458229404,0.637907392505308,0.6910409288285487,0.7672053041611847,0.9539326175702616,0.5484760869733245,False,1e-24,False
HNHN,real,,231,base,1803.431505527607,688.1592917140891,6.869025559219828,1806.126260871944,2471.396159496359,0.9985079917153544,0.38101394493974433,0.002779410954745375,0.004316914658994937,0.018047972059478477,0.004009959556739936,0.03815068404494778,0.052247496249290495,0.11315431864626337,0.47307073283967854,0.07674931517497147,False,1e-24,False
HNHN,real,,231,restart,204453.91027156878,23202.559876861313,649.2569508639006,30199.754537840854,32687.42083664518,6.770052055071647,0.7683029293429546,0.01986259344561172,0.4894059350936962,0.6085206686999906,0.3790194245822881,0.6379073925052864,0.6910409288285191,0.7672053041611999,0.9539326175702655,0.5484760869733393,False,1e-24,False
HNHN,real,,232,base,1785.5221405840878,682.5541186628319,6.8013571647513835,1797.0422004373456,2457.6920479770606,0.9935894327632071,0.3798208625800323,0.0027673756646401718,0.004274044608304906,0.017900968294745963,0.003970456497281411,0.03795880204478337,0.05195777923550736,0.11259693083207513,0.4715893898239096,0.07641697847178282,False,1e-24,False
HNHN,real,,232,restart,204453.9102715662,23202.559876860694,649.2569508638913,30199.754537839937,32687.420836643927,6.770052055071767,0.7683029293429574,0.0198625934456122,0.48940593509368996,0.6085206686999742,0.3790194245822827,0.6379073925052671,0.6910409288284927,0.7672053041612135,0.9539326175702689,0.5484760869733526,False,1e-24,False
HNHN,real,,233,base,1767.8385944351953,677.0112762911351,6.734525545347181,1788.0528904616642,2444.1228532528726,0.9886947997263942,0.3786304532168145,0.002755395677588068,0.00423171510515539,0.01775559924217486,0.003931441925474704,0.03776892145221685,0.05167091448186042,0.11204225438391513,0.47011136562737865,0.07608616888046126,False,1e-24,False
HNHN,real,,233,restart,204453.9102715639,23202.559876860134,649.2569508638832,30199.754537839122,32687.420836642817,6.770052055071874,0.7683029293429595,0.019862593445612624,0.48940593509368446,0.6085206686999596,0.37901942458227794,0.6379073925052499,0.6910409288284692,0.7672053041612256,0.9539326175702716,0.5484760869733643,False,1e-24,False
HNHN,real,,234,base,1750.3773329117103,671.5299050011356,6.668517969790324,1779.157091204965,2430.6869081689765,0.9838239363822769,0.3774427274133115,0.002743470558622329,0.004189917689725839,0.01761184235756879,0.003892908409164493,0.037581016080304605,0.05138686674322527,0.11149027159810307,0.46863667336548614,0.0757568743900449,False,1e-24,False
HNHN,real,,234,restart,204453.91027156182,23202.559876859643,649.256950863876,30199.754537838395,32687.42083664182,6.770052055071968,0.7683029293429618,0.01986259344561301,0.4894059350936795,0.6085206686999467,0.3790194245822737,0.6379073925052344,0.6910409288284481,0.7672053041612362,0.9539326175702745,0.5484760869733749,False,1e-24,False
HNHN,real,,235,base,1733.1348893603154,666.1091596539718,6.603321941842925,1770.35358288105,2417.3825709148427,0.978976689244097,0.37625769569147566,0.0027315998805037887,0.004148644063810042,0.017469675475939576,0.003854848653370128,0.03739506016358447,0.05110560131027813,0.11094096508099793,0.46716532610239375,0.07542908320295721,False,1e-24,False
HNHN,real,,235,restart,204453.91027156002,23202.5598768592,649.2569508638693,30199.754537837744,32687.420836640922,6.770052055072054,0.7683029293429637,0.01986259344561335,0.4894059350936752,0.608520668699935,0.37901942458226984,0.6379073925052207,0.6910409288284292,0.767205304161246,0.9539326175702768,0.5484760869733842,False,1e-24,False
HNHN,real,,236,base,1716.1078630972609,660.7482092771,6.538925195064252,1761.6411652682573,2404.2082245568768,0.9741529074883631,0.37507536852800744,0.0027197832235473078,0.004107886087114627,0.017329076803831212,0.0038172554972605984,0.03721102834985467,0.05082708399961558,0.11039431774076919,0.4656973368460776,0.07510278373021496,False,1e-24,False
HNHN,real,,236,restart,204453.9102715584,23202.559876858802,649.2569508638635,30199.754537837165,32687.42083664013,6.770052055072131,0.7683029293429654,0.019862593445613655,0.4894059350936713,0.6085206686999247,0.37901942458226645,0.6379073925052084,0.6910409288284124,0.7672053041612547,0.9539326175702789,0.5484760869733927,False,1e-24,False
HNHN,real,,237,base,1699.2929179036082,655.4462367786256,6.475315687762886,1753.0186573292933,2391.1622765813718,0.96935244288413,0.3738957563504723,0.0027080201754523326,0.004067635773657095,0.017190024911827775,0.0037801219112077317,0.03702889569214354,0.050551281144092186,0.10985031277938241,0.46423271854350756,0.07477796458674925,False,1e-24,False
HNHN,real,,237,restart,204453.9102715569,23202.55987685845,649.2569508638582,30199.754537836645,32687.420836639412,6.770052055072197,0.7683029293429667,0.01986259344561393,0.48940593509366775,0.6085206686999154,0.37901942458226334,0.6379073925051975,0.6910409288283972,0.7672053041612622,0.9539326175702806,0.5484760869734002,False,1e-24,False
HNHN,real,,238,base,1682.6867805607603,650.2024386684511,6.412481598078866,1744.4848968398758,2378.24315844748,0.9645751497241034,0.3727188695335162,0.002696310331137436,0.004027885288260284,0.01705249872724013,0.0037434409939152784,0.03684863764086542,0.050278159583369925,0.10930893368479189,0.46277148407594804,0.0744546145868367,False,1e-24,False
HNHN,real,,238,restart,204453.9102715556,23202.559876858137,649.2569508638537,30199.75453783618,32687.42083663878,6.7700520550722585,0.7683029293429684,0.01986259344561418,0.4894059350936646,0.6085206686999072,0.37901942458226073,0.6379073925051877,0.6910409288283839,0.7672053041612692,0.9539326175702826,0.5484760869734072,False,1e-24,False
HNHN,real,,239,base,1666.2862394250376,645.0160247860538,6.350411319191986,1736.0387400259272,2365.44932514996,0.9598208847575325,0.3715447183951786,0.0026846532925787346,0.003988626943140302,0.016916477526966504,0.0037072059696216394,0.036670230036157055,0.05000768665467425,0.10877016422333574,0.4613136462543803,0.07413272273963754,False,1e-24,False
HNHN,real,,239,restart,204453.9102715545,23202.55987685786,649.2569508638495,30199.75453783577,32687.42083663821,6.770052055072313,0.7683029293429695,0.019862593445614394,0.489405935093662,0.6085206686999,0.3790194245822583,0.637907392505179,0.6910409288283719,0.7672053041612753,0.953932617570284,0.5484760869734131,False,1e-24,False
HNHN,real,,240,base,1650.0881430401132,639.8862180347095,6.289093454652559,1727.6790612091108,2352.7792547914532,0.9550895071248384,0.3703733131933005,0.0026730486686520937,0.00394985319458508,0.016781940930522127,0.0036714101853740867,0.03649364910039034,0.049739830183751665,0.10823398843232786,0.4598592178150424,0.07381227824483834,False,1e-24,False
HNHN,real,,240,restart,204453.9102715534,23202.559876857606,649.2569508638459,30199.754537835397,32687.420836637702,6.7700520550723615,0.7683029293429706,0.01986259344561459,0.48940593509365937,0.6085206686998933,0.3790194245822562,0.6379073925051711,0.6910409288283611,0.7672053041612809,0.9539326175702854,0.5484760869734185,False,1e-24,False
HNHN,real,,241,base,1634.0893987861411,634.8122541219847,6.228516813830981,1719.4047524604619,2340.231448164027,0.9503808782939359,0.3692046641220287,0.0026614960749790006,0.003911556639720759,0.01664886889323326,0.003636047108372335,0.03631887143085595,0.04947455847602315,0.1077003906128416,0.45840821141508925,0.07349327048839599,False,1e-24,False
HNHN,real,,241,restart,204453.91027155248,23202.559876857376,649.2569508638427,30199.75453783507,32687.42083663725,6.770052055072405,0.7683029293429715,0.01986259344561477,0.48940593509365715,0.6085206686998873,0.3790194245822543,0.6379073925051643,0.6910409288283516,0.7672053041612857,0.9539326175702865,0.5484760869734234,False,1e-24,False
HNHN,real,,242,base,1618.2869715644679,629.7933813063268,6.168670407482683,1711.2147232619213,2327.8044283397685,0.9456948619981983,0.36803878130841067,0.002649995133776031,0.0038737300133632564,0.016517241699591144,0.0036011103233794784,0.03614587399261397,0.049211840307929,0.10716935532267977,0.45696063962836453,0.07317568903838102,False,1e-24,False
HNHN,real,,242,restart,204453.9102715517,23202.559876857187,649.2569508638397,30199.754537834782,32687.42083663685,6.770052055072443,0.7683029293429724,0.01986259344561492,0.48940593509365526,0.6085206686998823,0.3790194245822526,0.6379073925051582,0.6910409288283431,0.7672053041612901,0.9539326175702876,0.5484760869734276,False,1e-24,False
HNHN,real,,243,base,1602.6778825168467,624.828860149584,6.109543443425076,1703.107900175542,2315.496740270188,0.9410313241760291,0.36687567480908395,0.002638545473707802,0.003836366184952418,0.016387039956761506,0.0035665935301982996,0.035974634111506525,0.048951644918459804,0.10664086736952669,0.45551651494129014,0.07285952364091705,False,1e-24,False
HNHN,real,,243,restart,204453.91027155097,23202.55987685701,649.2569508638371,30199.754537834513,32687.42083663649,6.77005205507248,0.7683029293429734,0.019862593445615064,0.48940593509365354,0.6085206686998776,0.379019424582251,0.6379073925051525,0.6910409288283355,0.7672053041612942,0.9539326175702888,0.5484760869734316,False,1e-24,False
HNHN,real,,244,base,1587.2592077781248,619.9179632752973,6.05112532232324,1695.0832265201807,2303.30695039422,0.9363901329119948,0.3657153546070542,0.002627146729743322,0.0037994581555663,0.01625824458824539,0.0035324905412110665,0.0358051294673286,0.04869394200086926,0.10611491180427719,0.45407584974886595,0.07254476421621411,False,1e-24,False
HNHN,real,,244,restart,204453.91027155032,23202.559876856845,649.2569508638347,30199.754537834273,32687.42083663616,6.770052055072511,0.7683029293429741,0.01986259344561519,0.489405935093652,0.6085206686998733,0.37901942458224963,0.6379073925051474,0.6910409288283285,0.7672053041612977,0.9539326175702896,0.5484760869734351,False,1e-24,False
HNHN,real,,245,base,1572.028077261378,615.059975132603,5.993405633581221,1687.1396620554606,2291.23364625459,0.9317711583794782,0.36455783060856306,0.0026157985430156627,0.0037629990550131173,0.016130836827687168,0.0034987952789809753,0.03563733808715239,0.04843870169456385,0.10559147391453784,0.452638656350781,0.07223140085469375,False,1e-24,False
HNHN,real,,245,restart,204453.91027154974,23202.559876856703,649.2569508638328,30199.75453783407,32687.420836635876,6.770052055072537,0.7683029293429745,0.0198625934456153,0.4894059350936506,0.6085206686998696,0.3790194245822485,0.6379073925051431,0.6910409288283225,0.7672053041613007,0.9539326175702901,0.5484760869734381,False,1e-24,False
HNHN,real,,246,base,1556.981673474544,610.2541917655982,5.936374151335884,1679.2761826728322,2279.2754361223547,0.9271742727848155,0.36340311264004393,0.0026045005606848528,0.0037269821389985898,0.01600479821282582,0.003465501773913466,0.03547123833880158,0.048185894577165274,0.1050705392182964,0.45120494694763336,0.07191942381320295,False,1e-24,False
HNHN,real,,246,restart,204453.91027154922,23202.559876856572,649.256950863831,30199.75453783388,32687.420836635614,6.770052055072563,0.7683029293429751,0.019862593445615407,0.4894059350936494,0.6085206686998662,0.37901942458224747,0.6379073925051391,0.6910409288283169,0.7672053041613037,0.9539326175702909,0.5484760869734411,False,1e-24,False
HNHN,real,,247,base,1542.1172303676037,605.4999205880249,5.880020830550392,1671.4917800935314,2267.4309486294014,0.9225993503128753,0.36225121044516473,0.002593252435803922,0.003691400786366418,0.0158801105795857,0.0034326041619756995,0.03530680892447137,0.04793549165674115,0.10455209345775467,0.4497747336372588,0.0716088235113152,False,1e-24,False
HNHN,real,,247,restart,204453.91027154878,23202.559876856467,649.2569508638293,30199.754537833713,32687.420836635385,6.770052055072585,0.7683029293429757,0.019862593445615494,0.4894059350936483,0.6085206686998634,0.37901942458224647,0.6379073925051355,0.6910409288283121,0.7672053041613062,0.9539326175702917,0.5484760869734435,False,1e-24,False
HNHN,real,,248,base,1527.432032209402,600.7964801631226,5.824335803204436,1663.7854615732658,2255.6988324087147,0.9180462670740441,0.361102133681955,0.002582053827188005,0.0036562484964096998,0.015756756056302848,0.0034000966824725073,0.035144028874490564,0.04768746436419996,0.10403612259332064,0.4483480284111636,0.07129959052771602,False,1e-24,False
HNHN,real,,248,restart,204453.91027154835,23202.559876856365,649.2569508638279,30199.754537833564,32687.420836635178,6.770052055072605,0.7683029293429762,0.019862593445615574,0.48940593509364727,0.6085206686998608,0.3790194245822457,0.6379073925051324,0.6910409288283077,0.7672053041613084,0.9539326175702922,0.5484760869734456,False,1e-24,False
HNHN,real,,249,base,1512.9234124932439,596.14319998852,5.769309374578509,1656.1562496134425,2244.077755742209,0.9135149010525848,0.35995589192001876,0.002570904399286451,0.003621518886251236,0.015634717058083458,0.003367973675877251,0.03498287754122185,0.047441784545845904,0.10352261279775635,0.44692484315106407,0.07099171559667136,False,1e-24,False
HNHN,real,,249,restart,204453.910271548,23202.559876856274,649.2569508638267,30199.754537833433,32687.420836634996,6.770052055072623,0.7683029293429765,0.019862593445615646,0.48940593509364644,0.6085206686998583,0.3790194245822449,0.6379073925051296,0.6910409288283038,0.7672053041613104,0.9539326175702927,0.5484760869734477,False,1e-24,False
HNHN,real,,250,base,1498.5887528704034,591.5394202860265,5.71493201962949,1648.6031816787845,2232.5664062159517,0.9090051320563264,0.3588124946378289,0.0025598038220578227,0.0035872056882906406,0.015513976281290868,0.003336229581715979,0.03482333459309703,0.047198424456090016,0.10301155045047657,0.4455051896255271,0.07068518960457598,False,1e-24,False
HNHN,real,,250,restart,204453.91027154765,23202.559876856194,649.2569508638254,30199.75453783331,32687.420836634825,6.7700520550726395,0.7683029293429771,0.019862593445615712,0.4894059350936456,0.6085206686998562,0.3790194245822442,0.6379073925051271,0.6910409288283003,0.7672053041613124,0.9539326175702934,0.5484760869734495,False,1e-24,False
HNHN,real,,251,base,1484.425482110738,586.9844917961973,5.661194379455026,1641.1253099211524,2221.16349038259,0.9045168416676584,0.35767195122010453,0.0025487517708477634,0.0035533027477163454,0.01539451669815773,0.0033048589365034255,0.034665380008783345,0.04695735675031356,0.1025029221319953,0.44408907948671406,0.07038000358658086,False,1e-24,False
HNHN,real,,251,restart,204453.9102715474,23202.559876856125,649.2569508638244,30199.754537833207,32687.420836634683,6.770052055072654,0.7683029293429774,0.01986259344561577,0.48940593509364494,0.6085206686998544,0.37901942458224364,0.6379073925051248,0.6910409288282973,0.7672053041613139,0.9539326175702938,0.5484760869734512,False,1e-24,False
HNHN,real,,252,base,1470.4310750896148,582.4777755775431,5.608087257844158,1633.721700909429,2209.867733430805,0.900049913195793,0.3565342709552677,0.002537747926269614,0.0035198040200805796,0.015276321551519992,0.0032738563717293564,0.03450899407147782,0.04671855447788,0.10199671461851591,0.44267652426722276,0.07007614872329665,False,1e-24,False
HNHN,real,,252,restart,204453.91027154712,23202.55987685606,649.2569508638234,30199.754537833112,32687.420836634552,6.770052055072665,0.7683029293429776,0.019862593445615816,0.48940593509364433,0.6085206686998528,0.379019424582243,0.6379073925051228,0.6910409288282945,0.7672053041613153,0.953932617570294,0.5484760869734524,False,1e-24,False
HNHN,real,,253,base,1456.6030518003754,578.018642810266,5.555601617911803,1626.3914353652997,2198.6778788616207,0.8956042316302604,0.35539946303298053,0.0025267919740877415,0.003486703568935485,0.015159374349669583,0.0032432166118938634,0.03435415736332617,0.04648199107529193,0.10149291487666116,0.4412675353770299,0.06977361633757197,False,1e-24,False
HNHN,real,,253,restart,204453.9102715469,23202.559876856,649.2569508638227,30199.75453783303,32687.420836634436,6.770052055072677,0.7683029293429777,0.01986259344561587,0.4894059350936438,0.6085206686998512,0.37901942458224264,0.6379073925051211,0.691040928828292,0.7672053041613166,0.9539326175702941,0.5484760869734538,False,1e-24,False
HNHN,real,,254,base,1442.93897639161,573.6064746044009,5.50372857881474,1619.1336079047828,2187.592688171405,0.8911796835956144,0.3542675365417609,0.002515883605103504,0.0034539955635286175,0.015043658861322654,0.003212934472590245,0.03420085075996321,0.04624764035948935,0.10099151005834023,0.43986212410053027,0.06947239789134446,False,1e-24,False
HNHN,real,,254,restart,204453.91027154672,23202.559876855954,649.2569508638219,30199.75453783295,32687.42083663433,6.770052055072688,0.7683029293429782,0.019862593445615907,0.4894059350936434,0.60852066869985,0.37901942458224214,0.6379073925051194,0.6910409288282898,0.7672053041613178,0.9539326175702947,0.5484760869734548,False,1e-24,False
HNHN,real,,255,base,1429.4364562285114,569.2406618122474,5.452459412546823,1611.947326785366,2176.6109405413963,0.8867761573073063,0.35313850046667367,0.0025050225150437828,0.0034216742765560905,0.014929159110700327,0.003183004858634132,0.03404905542517156,0.04601547652128606,0.10049248749574821,0.43846030159367055,0.06917248498256279,False,1e-24,False
HNHN,real,,255,restart,204453.91027154654,23202.559876855907,649.2569508638213,30199.754537832883,32687.420836634235,6.770052055072697,0.7683029293429783,0.019862593445615948,0.48940593509364294,0.6085206686998487,0.3790194245822418,0.6379073925051181,0.6910409288282878,0.7672053041613189,0.9539326175702949,0.5484760869734561,False,1e-24,False
HNHN,real,,256,base,1416.0931409776333,564.9206048449835,5.401785540811232,1604.8317136586038,2165.7314325336074,0.8823935425287085,0.3520123636870994,0.002494208404452018,0.0033897340819717364,0.014815859372719127,0.0031534227622375907,0.03389875280565584,0.04578547411894078,0.09999583469649585,0.4370620788811786,0.06887386934217779,False,1e-24,False
HNHN,real,,256,restart,204453.91027154637,23202.559876855863,649.2569508638206,30199.75453783282,32687.42083663415,6.770052055072706,0.7683029293429785,0.019862593445615976,0.48940593509364255,0.6085206686998476,0.3790194245822414,0.6379073925051167,0.691040928828286,0.7672053041613199,0.9539326175702951,0.5484760869734568,False,1e-24,False
