family,section,series,step,mean,sd,lower,upper,seeds
HGNN,diagnostics,un,0,1.0,0.0,1.0,1.0,10
HGNN,diagnostics,un,1,0.5150385069514976,0.0031211377507114825,0.5119173692007861,0.518159644702209,10
HGNN,diagnostics,un,2,0.3700180798326985,0.003921756796089994,0.36609632303660855,0.3739398366287885,10
HGNN,diagnostics,un,3,0.3152171345087047,0.004049236757733304,0.3111678977509714,0.319266371266438,10
HGNN,diagnostics,un,4,0.2881851334302758,0.004161928192360994,0.2840232052379148,0.2923470616226368,10
HGNN,diagnostics,un,5,0.27253195474471437,0.004474659851519804,0.2680572948931946,0.27700661459623416,10
HGNN,diagnostics,un,6,0.2628125313011256,0.0049901816094517736,0.25782234969167384,0.26780271291057733,10
HGNN,diagnostics,un,7,0.2567515522194086,0.005647550454511184,0.2511040017648974,0.2623991026739198,10
HGNN,diagnostics,un,8,0.2531949566223645,0.006391222541701384,0.24680373408066314,0.2595861791640659,10
HGNN,diagnostics,un,9,0.25146230551645343,0.007186567798479563,0.24427573771797387,0.25864887331493297,10
HGNN,diagnostics,un,10,0.2511082242820959,0.008015357959906703,0.24309286632218918,0.2591235822420026,10
HGNN,diagnostics,un,11,0.2518210698491769,0.008868909097125864,0.24295216075205103,0.26068997894630275,10
HGNN,diagnostics,un,12,0.25337337487675776,0.009743300246890052,0.24363007462986772,0.26311667512364784,10
HGNN,diagnostics,un,13,0.2555943402894445,0.010636663568262162,0.24495767672118235,0.26623100385770665,10
HGNN,diagnostics,un,14,0.2583530009384769,0.011547812579040067,0.24680518835943685,0.269900813517517,10
HGNN,diagnostics,un,15,0.2615472131887419,0.012475620353585687,0.24907159283515623,0.2740228335423276,10
HGNN,diagnostics,un,16,0.2650961319223148,0.013418785212520172,0.25167734670979464,0.27851491713483495,10
HGNN,diagnostics,un,17,0.2689349209323192,0.014375781784452063,0.2545591391478671,0.2833107027167713,10
HGNN,diagnostics,un,18,0.2730109563755433,0.01534489137644549,0.2576660649990978,0.2883558477519888,10
HGNN,diagnostics,un,19,0.27728105803204617,0.01632425903279702,0.2609567989992492,0.29360531706484316,10
HGNN,diagnostics,un,20,0.2817094430109326,0.017311953013742686,0.2643974899971899,0.29902139602467526,10
HGNN,diagnostics,un,21,0.2862661953879717,0.01830601682923141,0.2679601785587403,0.3045722122172031,10
HGNN,diagnostics,un,22,0.29092610903638033,0.019304510909467283,0.27162159812691306,0.3102306199458476,10
HGNN,diagnostics,un,23,0.29566780332773224,0.02030554409188915,0.27536225923584307,0.3159733474196214,10
HGNN,diagnostics,un,24,0.3004730402378498,0.021307296293184542,0.27916574394466526,0.3217803365310344,10
HGNN,diagnostics,un,25,0.3053261913812956,0.022308034026725435,0.28301815735457014,0.327634225408021,10
HGNN,diagnostics,un,26,0.3102138175478573,0.023306120331797246,0.2869076972160601,0.33351993787965456,10
HGNN,diagnostics,un,27,0.3151243333111161,0.024300020449384032,0.2908243128617321,0.3394243537605001,10
HGNN,diagnostics,un,28,0.3200477364654689,0.025288304323620295,0.29475943214184863,0.3453360407890892,10
HGNN,diagnostics,un,29,0.3249753872589284,0.026269646775089896,0.29870574048383847,0.3512450340340183,10
HGNN,diagnostics,un,30,0.32989982619546226,0.027242825997002635,0.30265700019845965,0.3571426521924649,10
HGNN,diagnostics,un,31,0.3348146219785292,0.028206720868857373,0.3066079011096718,0.3630213428473866,10
HGNN,diagnostics,un,32,0.3397142432350631,0.029160307459998137,0.31055393577506496,0.36887455069506125,10
HGNN,diagnostics,un,33,0.3445939491941645,0.030102655001445197,0.31449129419271926,0.3746966041956097,10
HGNN,diagnostics,un,34,0.3494496956390104,0.031032921532720737,0.31841677410628966,0.38048261717173115,10
HGNN,diagnostics,un,35,0.35427805330658263,0.03195034937608627,0.32232770393049637,0.3862284026826689,10
HGNN,diagnostics,un,36,0.3590761365524647,0.0328542605496174,0.32622187600284724,0.3919303971020821,10
HGNN,diagnostics,un,37,0.363841540581939,0.03374405219967958,0.33009748838225944,0.3975855927816186,10
HGNN,diagnostics,un,38,0.368572285914253,0.03461919211018883,0.3339530938040642,0.40319147802444183,10
HGNN,diagnostics,un,39,0.3732667690240632,0.03547921432867213,0.33778755469539107,0.4087459833527353,10
HGNN,diagnostics,un,40,0.3779237183148766,0.03632371493617135,0.3416000033787052,0.41424743325104796,10
HGNN,diagnostics,un,41,0.38254215474029163,0.037152347978383155,0.34538980676190845,0.4196945027186748,10
HGNN,diagnostics,un,42,0.3871213565123495,0.03796482156829504,0.34915653494405446,0.4250861780806446,10
HGNN,diagnostics,un,43,0.3916608274315746,0.03876089416534134,0.35289993326623326,0.43042172159691594,10
HGNN,diagnostics,un,44,0.396160268447245,0.039540371032302284,0.3566198974149427,0.4357006394795473,10
HGNN,diagnostics,un,45,0.4006195521143117,0.04030310086845806,0.36031645124585365,0.4409226529827698,10
HGNN,diagnostics,un,46,0.40503869965908945,0.04104897261560269,0.36398972704348675,0.44608767227469215,10
HGNN,diagnostics,un,47,0.40941786040233286,0.04177791243223714,0.3676399479700957,0.45119577283457,10
HGNN,diagnostics,un,48,0.41375729331781186,0.04248988083042352,0.3712674124873883,0.4562471741482354,10
HGNN,diagnostics,un,49,0.41805735052867854,0.04318486996928106,0.3748724805593975,0.4612422204979596,10
HGNN,diagnostics,un,50,0.4223184625640414,0.04386290109885199,0.3784555614651894,0.46618136366289337,10
HGNN,diagnostics,un,51,0.42654112521516485,0.04452402214798465,0.3820171030671802,0.47106514736314953,10
HGNN,diagnostics,un,52,0.43072588784532345,0.04516830544992677,0.38555758239539667,0.47589419329525023,10
HGNN,diagnostics,un,53,0.4348733430200629,0.04579584559944895,0.389077497420614,0.48066918861951186,10
HGNN,diagnostics,un,54,0.43898411733588166,0.046406757435502655,0.392577359900379,0.4853908747713843,10
HGNN,diagnostics,un,55,0.44305886333541966,0.04700117414362962,0.39605768919179,0.4900600374790493,10
HGNN,diagnostics,un,56,0.4470982524063601,0.04757924547257395,0.3995190069337861,0.49467749787893406,10
HGNN,diagnostics,un,57,0.45110296856956766,0.04814113605977999,0.4029618325097877,0.49924410462934765,10
HGNN,diagnostics,un,58,0.4550737030696447,0.04868702386069633,0.40638667920894833,0.503760726930341,10
HGNN,diagnostics,un,59,0.4590111496881423,0.04921709867702804,0.4097940510111142,0.5082282483651703,10
HGNN,diagnostics,un,60,0.4629160007062268,0.04973156077929392,0.4131844399269329,0.5126475614855207,10
HGNN,diagnostics,un,61,0.4667889434496866,0.050230619619246616,0.41655832383043995,0.5170195630689332,10
HGNN,diagnostics,un,62,0.4706306573548398,0.05071449262789896,0.4199161647269408,0.5213451499827387,10
HGNN,diagnostics,un,63,0.47444181149917836,0.05118340409507457,0.4232584074041038,0.5256252155942529,10
HGNN,diagnostics,un,64,0.4782230625455009,0.05163758412656177,0.4265854784189391,0.5298606466720627,10
HGNN,diagnostics,un,65,0.48197505305286087,0.05207726767509962,0.42989778537776124,0.5340523207279605,10
HGNN,diagnostics,un,66,0.48569841011190196,0.05250269364156309,0.4331957164703389,0.5382011037534651,10
HGNN,diagnostics,un,67,0.4893937442660971,0.052914104042846966,0.43647964022325014,0.5423078483089441,10
HGNN,diagnostics,un,68,0.49306164868405256,0.053311743243069885,0.4397499054409827,0.5463733919271224,10
HGNN,diagnostics,un,69,0.4967026985514204,0.053695857244836206,0.4430068413065842,0.5503985557962566,10
HGNN,diagnostics,un,70,0.5003174506540681,0.05406669303740596,0.4462507576166621,0.554384143691474,10
HGNN,diagnostics,un,71,0.503906443127024,0.054424497998730406,0.44948194512829365,0.5583309411257544,10
HGNN,diagnostics,un,72,0.5074701953463477,0.05476951934841359,0.4527006759979342,0.5622397146947613,10
HGNN,diagnostics,un,73,0.5110092079434835,0.05510200364876353,0.4559072042947199,0.566111211592247,10
HGNN,diagnostics,un,74,0.514523962923869,0.05542219635119419,0.4591017665726749,0.5699461592750632,10
HGNN,diagnostics,un,75,0.518014923873573,0.0557303413853391,0.46228458248823384,0.573745265258912,10
HGNN,diagnostics,un,76,0.5214825362395745,0.05602668078833334,0.4654558554512412,0.5775092170279079,10
HGNN,diagnostics,un,77,0.5249272276709587,0.05631145437181549,0.46861577329914317,0.5812386820427742,10
HGNN,diagnostics,un,78,0.5283494084098079,0.05658489942429718,0.47176450898551076,0.5849343078341052,10
HGNN,diagnostics,un,79,0.5317494717219325,0.05684725044664157,0.47490222127529097,0.5885967221685742,10
HGNN,diagnostics,un,80,0.5351277943588129,0.05709873891848386,0.478029055440329,0.5922265332772967,10
HGNN,diagnostics,un,81,0.5384847370432287,0.057339593093521005,0.48114514394970775,0.5958243301367497,10
HGNN,diagnostics,un,82,0.5418206449720436,0.05757003782168703,0.4842506071503566,0.5993906827937306,10
HGNN,diagnostics,un,83,0.5451358483305031,0.057790294396321384,0.4873455539341817,0.6029261427268244,10
HGNN,diagnostics,un,84,0.5484306628131913,0.05800058042452684,0.4904300823886645,0.6064312432377181,10
HGNN,diagnostics,un,85,0.5517053901475049,0.058201109718998174,0.4935042804285067,0.609906499866503,10
HGNN,diagnostics,un,86,0.5549603186161236,0.05839209220969159,0.496568226406432,0.6133524108258152,10
HGNN,diagnostics,un,87,0.5581957235755158,0.05857373387378637,0.49962198970172944,0.6167694574493022,10
HGNN,diagnostics,un,88,0.561411867968007,0.05874623668247187,0.5026656312855351,0.6201581046504789,10
HGNN,diagnostics,un,89,0.5646090028253693,0.05890979856317464,0.5056992042621946,0.623518801388544,10
HGNN,diagnostics,un,90,0.5677873677622737,0.059064613375914864,0.5087227543863588,0.6268519811381885,10
HGNN,diagnostics,un,91,0.5709471914582712,0.0592108709025598,0.5117363205557114,0.630158062360831,10
HGNN,diagnostics,un,92,0.5740886921272648,0.05934875684781061,0.5147399352794542,0.6334374489750754,10
HGNN,diagnostics,un,93,0.5772120779736774,0.05947845285083302,0.5177336251228444,0.6366905308245103,10
HGNN,diagnostics,un,94,0.5803175476347455,0.05960013650650711,0.5207174111282384,0.6399176841412526,10
HGNN,diagnostics,un,95,0.5834052906085458,0.05971398139533684,0.523691309213209,0.6431192720038826,10
HGNN,diagnostics,un,96,0.5864754876675258,0.05982015712112345,0.5266553305464023,0.6462956447886492,10
HGNN,diagnostics,un,97,0.5895283112574439,0.05991882935556439,0.5296094819018795,0.6494471406130082,10
HGNN,diagnostics,un,98,0.5925639258817372,0.06001015988899914,0.5325537659927381,0.6525740857707364,10
HGNN,diagnostics,un,99,0.5955824884714287,0.060094306686574214,0.5354881817848545,0.6556767951580029,10
HGNN,diagnostics,un,100,0.598584148740769,0.06017142394915328,0.5384127247916157,0.6587555726899224,10
HGNN,diagnostics,un,101,0.6015690495288651,0.060241662178348566,0.5413273873505166,0.6618107117072137,10
HGNN,diagnostics,un,102,0.6045373271276084,0.0603051682450921,0.5442321588825163,0.6648424953727006,10
HGNN,diagnostics,un,103,0.6074891115962482,0.060362085461214667,0.5471270261350335,0.6678511970574629,10
HGNN,diagnostics,un,104,0.61042452706299,0.06041255365353674,0.5500119734094533,0.6708370807165267,10
HGNN,diagnostics,un,105,0.6133436920140272,0.0604567092400201,0.552886982774007,0.6738004012540473,10
HGNN,diagnostics,un,106,0.6162467195704192,0.06049468530756012,0.5557520342628591,0.6767414048779793,10
HGNN,diagnostics,un,107,0.6191337177532514,0.06052661169103956,0.5586071060622119,0.679660329444291,10
HGNN,diagnostics,un,108,0.622004789737511,0.06055261505329237,0.5614521746842187,0.6825574047908034,10
HGNN,diagnostics,un,109,0.6248600340951119,0.06057281896565916,0.5642872151294528,0.6854328530607711,10
HGNN,diagnostics,un,110,0.6276995450275084,0.06058734398884508,0.5671122010386633,0.6882868890163534,10
HGNN,diagnostics,un,111,0.6305234125883202,0.06059630775381557,0.5699271048345047,0.6911197203421358,10
HGNN,diagnostics,un,112,0.633331722896394,0.0605998250424924,0.5727318978539016,0.6939315479388863,10
HGNN,diagnostics,un,113,0.6361245583397063,0.06059800786803552,0.5755265504716708,0.6967225662077418,10
HGNN,diagnostics,un,114,0.638901997770514,0.06059096555451699,0.578311032215997,0.6994929633250311,10
HGNN,diagnostics,un,115,0.6416641166921341,0.060578804815814714,0.5810853118763194,0.7022429215079488,10
HGNN,diagnostics,un,116,0.6444109874377262,0.060561629833571905,0.5838493576041542,0.7049726172712981,10
HGNN,diagnostics,un,117,0.6471426793414404,0.06053954233408585,0.5866031370073546,0.7076822216755263,10
HGNN,diagnostics,un,118,0.6498592589022716,0.060512641664005454,0.5893466172382661,0.7103719005662771,10
HGNN,diagnostics,un,119,0.6525607899409535,0.06048102486473235,0.5920797650762211,0.7130418148056858,10
HGNN,diagnostics,un,120,0.655247333750206,0.06044478674543391,0.5948025470047722,0.7156921204956399,10
HGNN,diagnostics,un,121,0.6579189492386381,0.060404019954589196,0.5975149292840489,0.7183229691932274,10
HGNN,diagnostics,un,122,0.6605756930685944,0.06035881505000208,0.6002168780185924,0.7209345081185965,10
HGNN,diagnostics,un,123,0.6632176197882146,0.060309260567222266,0.6029083592209923,0.7235268803554369,10
HGNN,diagnostics,un,124,0.6658447819579678,0.06025544308633107,0.6055893388716367,0.7261002250442989,10
HGNN,diagnostics,un,125,0.6684572302719097,0.06019744729705237,0.6082597829748574,0.7286546775689621,10
HGNN,diagnostics,un,126,0.671055013673888,0.06013535606216146,0.6109196576117265,0.7311903697360495,10
HGNN,diagnostics,un,127,0.673638179468926,0.06006925047916805,0.613568928989758,0.733707429948094,10
HGNN,diagnostics,un,128,0.6762067734299892,0.059999209940261145,0.6162075634897282,0.7362059833702503,10
HGNN,diagnostics,un,129,0.6787608399003291,0.05992531219050644,0.6188355277098226,0.7386861520908355,10
HGNN,diagnostics,un,130,0.6813004218915989,0.05984763338429321,0.6214527885073057,0.7411480552758921,10
HGNN,diagnostics,un,131,0.6838255611779116,0.05976624814003487,0.6240593130378768,0.7435918093179464,10
HGNN,diagnostics,un,132,0.6863362983860097,0.05968122959312816,0.6266550687928816,0.7460175279791379,10
HGNN,diagnostics,un,133,0.6888326730817068,0.059592649447184246,0.6292400236345226,0.748425322528891,10
HGNN,diagnostics,un,134,0.6913147238527451,0.05950057802354648,0.6318141458291986,0.7508153018762915,10
HGNN,diagnostics,un,135,0.6937824883882155,0.05940508430911209,0.6343774040791035,0.7531875726973276,10
HGNN,diagnostics,un,136,0.6962360035546712,0.0593062360024814,0.6369297675521898,0.7555422395571526,10
HGNN,diagnostics,un,137,0.698675305469061,0.05920409955845687,0.6394712059106041,0.7578794050275178,10
HGNN,diagnostics,un,138,0.7011004295686016,0.05909874023091882,0.6420016893376828,0.7601991697995205,10
HGNN,diagnostics,un,139,0.7035114106777055,0.058990222114107795,0.6445211885635977,0.7625016327918133,10
HGNN,diagnostics,un,140,0.7059082830720672,0.05887860818234133,0.6470296748897258,0.7647868912544086,10
HGNN,diagnostics,un,141,0.7082910805400118,0.05876396032819849,0.6495271202118132,0.7670550408682103,10
HGNN,diagnostics,un,142,0.7106598364412049,0.05864633939920588,0.6520134970419991,0.7693061758404107,10
HGNN,diagnostics,un,143,0.7130145837628104,0.05852580523305743,0.654488778529753,0.7715403889958677,10
HGNN,diagnostics,un,144,0.7153553551731888,0.05840241669140327,0.6569529384817856,0.773757771864592,10
HGNN,diagnostics,un,145,0.7176821830732169,0.058276231692246286,0.6594059513809706,0.7759584147654631,10
HGNN,diagnostics,un,146,0.7199950996453073,0.058147307240978316,0.661847792404329,0.7781424068862856,10
HGNN,diagnostics,un,147,0.7222941369002058,0.05801569946009572,0.6642784374401101,0.7803098363603016,10
HGNN,diagnostics,un,148,0.7245793267216377,0.05788146361763102,0.6666978631040067,0.7824607903392687,10
HGNN,diagnostics,un,149,0.7268507009088714,0.05774465415433698,0.6691060467545344,0.7845953550632083,10
HGNN,diagnostics,un,150,0.7291082912172682,0.057605324709660094,0.6715029665076081,0.7867136159269282,10
HGNN,diagnostics,un,151,0.7313521293968779,0.05746352814654283,0.673888601250335,0.7888156575434208,10
HGNN,diagnostics,un,152,0.7335822472291477,0.057319316575088805,0.6762629306540588,0.7909015638042365,10
HGNN,diagnostics,un,153,0.7357986765617947,0.05717274137512948,0.6786259351866651,0.7929714179369242,10
HGNN,diagnostics,un,154,0.7380014493419068,0.05702385321772956,0.6809775961241773,0.7950253025596363,10
HGNN,diagnostics,un,155,0.7401905976473208,0.056872702085665215,0.6833178955616556,0.797063299732986,10
HGNN,diagnostics,un,156,0.7423661537163327,0.05671933729291258,0.6856468164234202,0.7990854910092453,10
HGNN,diagnostics,un,157,0.7445281499757928,0.05656380750318173,0.6879643424726111,0.8010919574789744,10
HGNN,diagnostics,un,158,0.7466766190676306,0.056406160747529986,0.6902704583201006,0.8030827798151606,10
HGNN,diagnostics,un,159,0.7488115938738616,0.05624644444109008,0.6925651494327716,0.8050580383149517,10
HGNN,diagnostics,un,160,0.7509331075401191,0.05608470539894602,0.694848402141173,0.8070178129390652,10
HGNN,diagnostics,un,161,0.7530411934977582,0.05592098985119031,0.6971202036465679,0.8089621833489485,10
HGNN,diagnostics,un,162,0.7551358854845753,0.05575534345719388,0.6993805420273814,0.8108912289417692,10
HGNN,diagnostics,un,163,0.7572172175641841,0.05558781131912271,0.7016294062450614,0.8128050288833069,10
HGNN,diagnostics,un,164,0.7592852241440915,0.05541843799472983,0.7038667861493617,0.8147036621388213,10
HGNN,diagnostics,un,165,0.7613399399925126,0.055247267509454294,0.7060926724830583,0.8165872075019669,10
HGNN,diagnostics,un,166,0.7633814002539654,0.05507434336785691,0.7083070568861085,0.8184557436218223,10
HGNN,diagnostics,un,167,0.7654096404636815,0.05489970856442115,0.7105099318992604,0.8203093490281027,10
HGNN,diagnostics,un,168,0.7674246965608732,0.05472340559374815,0.7127012909671251,0.8221481021546213,10
HGNN,diagnostics,un,169,0.7694266049008897,0.05454547646017258,0.714881128440717,0.8239720813610623,10
HGNN,diagnostics,un,170,0.7714154022663046,0.05436596268682605,0.7170494395794785,0.8257813649531306,10
HGNN,diagnostics,un,171,0.7733911258769612,0.05418490532417571,0.7192062205527855,0.827576031201137,10
HGNN,diagnostics,un,172,0.7753538133990193,0.05400234495806088,0.7213514684409584,0.8293561583570802,10
HGNN,diagnostics,un,173,0.7773035029530284,0.05381832171725318,0.7234851812357752,0.8311218246702816,10
HGNN,diagnostics,un,174,0.7792402331210664,0.05363287528056632,0.7256073578405,0.8328731084016328,10
HGNN,diagnostics,un,175,0.7811640429529738,0.053446044883533377,0.7277179980694405,0.8346100878365071,10
HGNN,diagnostics,un,176,0.783074971971714,0.05325786932467987,0.7298171026470341,0.836332841296394,10
HGNN,diagnostics,un,177,0.7849730601778918,0.05306838697140931,0.7319046732064824,0.8380414471493012,10
HGNN,diagnostics,un,178,0.7868583480534606,0.05287763576552536,0.7339807122879352,0.839735983818986,10
HGNN,diagnostics,un,179,0.7887308765646471,0.052685653228409596,0.7360452233362376,0.8414165297930567,10
HGNN,diagnostics,un,180,0.7905906871641235,0.05249247646587313,0.7380982106982503,0.8430831636299967,10
HGNN,diagnostics,un,181,0.792437821792454,0.052298142172704176,0.7401396796197499,0.8447359639651582,10
HGNN,diagnostics,un,182,0.7942723228788447,0.052102686636926424,0.7421696362419183,0.8463750095157712,10
HGNN,diagnostics,un,183,0.7960942333412262,0.05190614574378697,0.7441880875974393,0.8480003790850131,10
HGNN,diagnostics,un,184,0.79790359658569,0.05170855497949159,0.7461950416061984,0.8496121515651816,10
HGNN,diagnostics,un,185,0.7997004565053112,0.051509949434701705,0.7481905070706095,0.8512104059400128,10
HGNN,diagnostics,un,186,0.8014848574783795,0.05131036380781016,0.7501744936705693,0.8527952212861897,10
HGNN,diagnostics,un,187,0.8032568443660631,0.05110983240800973,0.7521470119580534,0.8543666767740729,10
HGNN,diagnostics,un,188,0.8050164625095346,0.050908389158169705,0.7541080733513649,0.8559248516677044,10
HGNN,diagnostics,un,189,0.8067637577265753,0.05070606759753314,0.7560576901290421,0.8574698253241084,10
HGNN,diagnostics,un,190,0.8084987763076896,0.05050290088424905,0.7579958754234406,0.8590016771919387,10
HGNN,diagnostics,un,191,0.8102215650117461,0.050298921797751445,0.7599226432139947,0.8605204868094976,10
HGNN,diagnostics,un,192,0.8119321710611717,0.050094162740997795,0.7618380083201739,0.8620263338021694,10
HGNN,diagnostics,un,193,0.8136306421367188,0.04988865574257792,0.7637419863941408,0.8635192978792967,10
HGNN,diagnostics,un,194,0.8153170263718273,0.04968243245870511,0.7656345939131223,0.8649994588305324,10
HGNN,diagnostics,un,195,0.816991372346602,0.04947552417509934,0.7675158481715026,0.8664668965217014,10
HGNN,diagnostics,un,196,0.8186537290814278,0.04926796180877306,0.7693857672726547,0.8679216908902008,10
HGNN,diagnostics,un,197,0.8203041460302387,0.04905977590972801,0.7712443701205107,0.8693639219399667,10
HGNN,diagnostics,un,198,0.8219426730734647,0.048850996662574454,0.7730916764108903,0.8707936697360391,10
HGNN,diagnostics,un,199,0.8235693605106716,0.04864165388807907,0.7749277066225926,0.8722110143987507,10
HGNN,diagnostics,un,200,0.8251842590529126,0.048431777044650716,0.7767524820082619,0.8736160360975633,10
HGNN,diagnostics,un,201,0.8267874198148139,0.0482213952297725,0.7785660245850413,0.8750088150445864,10
HGNN,diagnostics,un,202,0.8283788943064045,0.04801053718138588,0.7803683571250186,0.8763894314877905,10
HGNN,diagnostics,un,203,0.8299587344247144,0.04779923127923548,0.7821595031454789,0.8777579657039498,10
HGNN,diagnostics,un,204,0.8315269924451514,0.04758750554617983,0.7839394868989715,0.8791144979913312,10
HGNN,diagnostics,un,205,0.8330837210126785,0.04737538764947536,0.7857083333632031,0.8804591086621538,10
HGNN,diagnostics,un,206,0.8346289731328014,0.04716290490203857,0.7874660682307628,0.8817918780348399,10
HGNN,diagnostics,un,207,0.8361628021623873,0.04695008426369175,0.7892127178986955,0.883112886426079,10
HGNN,diagnostics,un,208,0.8376852618003232,0.046736952342399635,0.7909483094579236,0.8844222141427228,10
HGNN,diagnostics,un,209,0.8391964060780343,0.04652353539549746,0.7926728706825368,0.8857199414735317,10
HGNN,diagnostics,un,210,0.8406962893498718,0.04630985933091979,0.794386430018952,0.8870061486807916,10
HGNN,diagnostics,un,211,0.8421849662833842,0.046095949708430714,0.7960890165749536,0.8882809159918149,10
HGNN,diagnostics,un,212,0.8436624918494868,0.04588183174086164,0.7977806601086251,0.8895443235903485,10
HGNN,diagnostics,un,213,0.8451289213125414,0.045667530295357854,0.7994613910171835,0.8907964516078992,10
HGNN,diagnostics,un,214,0.8465843102203537,0.04545306989464091,0.8011312403257128,0.8920373801149947,10
HGNN,diagnostics,un,215,0.8480287143941101,0.04523847471828511,0.802790239675825,0.8932671891123952,10
HGNN,diagnostics,un,216,0.849462189918252,0.045023768604016405,0.8044384213142356,0.8944859585222683,10
HGNN,diagnostics,un,217,0.8508847931303105,0.04480897504903039,0.8060758180812801,0.8956937681793409,10
HGNN,diagnostics,un,218,0.8522965806107049,0.044594117211338186,0.8077024633993667,0.8968906978220431,10
HGNN,diagnostics,un,219,0.853697609172516,0.04437921791113591,0.8093183912613802,0.8980768270836519,10
HGNN,diagnostics,un,220,0.8550879358512461,0.04416429963220522,0.8109236362190408,0.8992522354834513,10
HGNN,diagnostics,un,221,0.8564676178945734,0.04394938452334341,0.81251823337123,0.9004170024179168,10
HGNN,diagnostics,un,222,0.8578367127521089,0.043734494399824894,0.814102218352284,0.9015712071519338,10
HGNN,diagnostics,un,223,0.8591952780651674,0.04351965074489792,0.8156756273202694,0.9027149288100653,10
HGNN,diagnostics,un,224,0.8605433716565571,0.0433048747113131,0.8172384969452441,0.9038482463678702,10
HGNN,diagnostics,un,225,0.8618810515203978,0.04309018712289103,0.8187908643975068,0.9049712386432889,10
HGNN,diagnostics,un,226,0.8632083758119764,0.04287560847612364,0.8203327673358528,0.9060839842881,10
HGNN,diagnostics,un,227,0.8645254028376412,0.04266115894181439,0.8218642438958268,0.9071865617794557,10
HGNN,diagnostics,un,228,0.865832191044753,0.042446858366755116,0.8233853326779978,0.908279049411508,10
HGNN,diagnostics,un,229,0.8671287990116847,0.04223272627544318,0.8248960727362415,0.9093615252871279,10
HGNN,diagnostics,un,230,0.8684152854378896,0.042018781871834575,0.826396503566055,0.9104340673097242,10
HGNN,diagnostics,un,231,0.8696917091340357,0.04180504404113872,0.827886665092897,0.9114967531751744,10
HGNN,diagnostics,un,232,0.8709581290122135,0.041591531351650016,0.8293665976605634,0.9125496603638635,10
HGNN,diagnostics,un,233,0.8722146040762258,0.041378262056619416,0.8308363420196063,0.9135928661328452,10
HGNN,diagnostics,un,234,0.87346119341196,0.04116525409616459,0.8322959393157955,0.9146264475081246,10
HGNN,diagnostics,un,235,0.8746979561778513,0.04095252509921906,0.8337454310786322,0.9156504812770704,10
HGNN,diagnostics,un,236,0.8759249515954389,0.040740092385518796,0.8351848592099201,0.9166650439809577,10
HGNN,diagnostics,un,237,0.8771422389400214,0.04052797296762735,0.8366142659723941,0.9176702119076487,10
HGNN,diagnostics,un,238,0.8783498775314147,0.040316183552999034,0.8380336939784157,0.9186660610844137,10
HGNN,diagnostics,un,239,0.8795479267248144,0.04010474054607701,0.8394431861787374,0.9196526672708915,10
HGNN,diagnostics,un,240,0.8807364459017698,0.03989366005043053,0.8408427858513393,0.9206301059522003,10
HGNN,diagnostics,un,241,0.8819154944612704,0.03968295787092495,0.8422325365903455,0.9215984523321953,10
HGNN,diagnostics,un,242,0.883085131810947,0.039472649515928944,0.8436124822950181,0.922557781326876,10
HGNN,diagnostics,un,243,0.8842454173583947,0.03926275019955448,0.8449826671588402,0.9235081675579492,10
HGNN,diagnostics,un,244,0.8853964105026151,0.03905327484393054,0.8463431356586846,0.9244496853465456,10
HGNN,diagnostics,un,245,0.8865381706255826,0.038844238081509316,0.8476939325440733,0.9253824087070919,10
HGNN,diagnostics,un,246,0.8876707570839389,0.03863565425740352,0.8490351028265354,0.9263064113413425,10
HGNN,diagnostics,un,247,0.8887942292008137,0.03842753743175494,0.8503666917690588,0.9272217666325687,10
HGNN,diagnostics,un,248,0.8899086462577779,0.03821990138213192,0.8516887448756459,0.9281285476399098,10
HGNN,diagnostics,un,249,0.8910140674869268,0.03801275960595488,0.853001307880972,0.9290268270928816,10
HGNN,diagnostics,un,250,0.8921105520630974,0.037806125322951106,0.8543044267401463,0.9299166773860486,10
HGNN,diagnostics,un,251,0.8931981590962211,0.037600011477633616,0.8555981476185875,0.9307981705738547,10
HGNN,diagnostics,un,252,0.8942769476238126,0.037394430741807046,0.8568825168820056,0.9316713783656196,10
HGNN,diagnostics,un,253,0.8953469766035944,0.03718939551709681,0.8581575810864976,0.9325363721206912,10
HGNN,diagnostics,un,254,0.8964083049062598,0.036984917937501714,0.8594233869687581,0.9333932228437615,10
HGNN,diagnostics,un,255,0.8974609913083768,0.03678100987196837,0.8606799814364083,0.9342420011803452,10
HGNN,diagnostics,un,256,0.8985050944854281,0.03657768292698588,0.8619274115584423,0.935082777412414,10
HGNN,diagnostics,sym,0,1.0,0.0,1.0,1.0,10
HGNN,diagnostics,sym,1,0.6630525076703384,0.0013599658344229846,0.6616925418359154,0.6644124735047614,10
HGNN,diagnostics,sym,2,0.4786420460562664,0.0018215200510466852,0.47682052600521974,0.4804635661073131,10
HGNN,diagnostics,sym,3,0.3728032695519945,0.0018646124211570002,0.3709386571308375,0.3746678819731515,10
HGNN,diagnostics,sym,4,0.30451178654516103,0.0017923941842848143,0.3027193923608762,0.3063041807294459,10
HGNN,diagnostics,sym,5,0.2566455817403895,0.0017038993560613588,0.2549416823843281,0.25834948109645084,10
HGNN,diagnostics,sym,6,0.2213889946564065,0.00162971135068716,0.21975928330571934,0.22301870600709364,10
HGNN,diagnostics,sym,7,0.19458491586280674,0.0015800069158521722,0.19300490894695457,0.1961649227786589,10
HGNN,diagnostics,sym,8,0.1737116496269832,0.0015548439489116057,0.1721568056780716,0.17526649357589483,10
HGNN,diagnostics,sym,9,0.15710652572457648,0.0015491307637033186,0.15555739496087317,0.15865565648827978,10
HGNN,diagnostics,sym,10,0.14362497258078166,0.0015565695243770987,0.14206840305640456,0.14518154210515877,10
HGNN,diagnostics,sym,11,0.1324627065296961,0.0015717939009956881,0.13089091262870042,0.1340345004306918,10
HGNN,diagnostics,sym,12,0.12304824354977503,0.0015909590062722263,0.12145728454350281,0.12463920255604725,10
HGNN,diagnostics,sym,13,0.11497204145325424,0.0016115721341680394,0.1133604693190862,0.11658361358742228,10
HGNN,diagnostics,sym,14,0.10793800441404511,0.001632121625428767,0.10630588278861634,0.10957012603947387,10
HGNN,diagnostics,sym,15,0.10172986962672119,0.0016517402128729563,0.10007812941384824,0.10338160983959414,10
HGNN,diagnostics,sym,16,0.09618782662703604,0.0016699600166056262,0.0945178666104304,0.09785778664364167,10
HGNN,diagnostics,sym,17,0.09119222909742937,0.0016865504583698234,0.08950567863905955,0.09287877955579919,10
HGNN,diagnostics,sym,18,0.08665222317025267,0.0017014162359589543,0.08495080693429372,0.08835363940621163,10
HGNN,diagnostics,sym,19,0.08249778053207353,0.001714535157070308,0.08078324537500323,0.08421231568914384,10
HGNN,diagnostics,sym,20,0.07867408976656219,0.0017259213895261779,0.07694816837703601,0.08040001115608837,10
HGNN,diagnostics,sym,21,0.07513758378691412,0.0017356045747388509,0.07340197921217527,0.07687318836165298,10
HGNN,diagnostics,sym,22,0.07185310582660454,0.0017436186780580632,0.07010948714854648,0.07359672450466259,10
HGNN,diagnostics,sym,23,0.0687918711071331,0.0017499966946797367,0.06704187441245336,0.07054186780181283,10
HGNN,diagnostics,sym,24,0.06592998745415632,0.001754768767596458,0.06417521868655986,0.06768475622175278,10
HGNN,diagnostics,sym,25,0.06324737093716717,0.0017579621906312919,0.061489408746535884,0.06500533312779846,10
HGNN,diagnostics,sym,26,0.060726942581569646,0.0017596023545835002,0.058967340226986145,0.062486544936153146,10
HGNN,diagnostics,sym,27,0.05835402657507518,0.001759714068137,0.05659431250693818,0.06011374064321218,10
HGNN,diagnostics,sym,28,0.056115894102571506,0.001758322923071576,0.05435757117949993,0.057874217025643084,10
HGNN,diagnostics,sym,29,0.054001413361015285,0.0017554565234727763,0.05224595683754251,0.05575686988448806,10
HGNN,diagnostics,sym,30,0.052000777720622914,0.0017511454919330997,0.05024963222868981,0.053751923212556015,10
HGNN,diagnostics,sym,31,0.0501052919726096,0.0017454242222675021,0.048359867750342095,0.051850716194877106,10
HGNN,diagnostics,sym,32,0.048307202203029184,0.001738331381199191,0.04656887082182999,0.05004553358422838,10
HGNN,diagnostics,sym,33,0.046599558786195316,0.0017299101794521078,0.04486964860674321,0.048329468965647424,10
HGNN,diagnostics,sym,34,0.044976104800060854,0.0017202084413668096,0.04325589635869404,0.046696313241427666,10
HGNN,diagnostics,sym,35,0.04343118417419532,0.001709278505203382,0.04172190566899194,0.0451404626793987,10
HGNN,diagnostics,sym,36,0.04195966532658224,0.0016971769860566885,0.04026248834052555,0.04365684231263893,10
HGNN,diagnostics,sym,37,0.04055687709344094,0.0016839644312665928,0.038872912662174346,0.042240841524707536,10
HGNN,diagnostics,sym,38,0.03921855452170395,0.001669704895271943,0.037548849626432006,0.04088825941697589,10
HGNN,diagnostics,sym,39,0.037940792657201836,0.0016544654575829608,0.03628632719961888,0.039595258114784794,10
HGNN,diagnostics,sym,40,0.03672000687971218,0.0016383157042508243,0.03508169117546135,0.038358322583963,10
HGNN,diagnostics,sym,41,0.0355528986489178,0.0016213271900726303,0.03393157145884517,0.03717422583899043,10
HGNN,diagnostics,sym,42,0.03443642576151869,0.001603572895873192,0.032832852865645495,0.03603999865739188,10
HGNN,diagnostics,sym,43,0.03336777639965083,0.0015851266925907403,0.03178264970706009,0.03495290309224157,10
HGNN,diagnostics,sym,44,0.032344346389064506,0.0015660628215693692,0.030778283567495138,0.033910409210633874,10
HGNN,diagnostics,sym,45,0.0313637191928223,0.0015464553984195796,0.029817263794402717,0.032910174591241875,10
HGNN,diagnostics,sym,46,0.03042364825032693,0.0015263779460332606,0.02889727030429367,0.03195002619636019,10
HGNN,diagnostics,sym,47,0.029522041337944255,0.0015059029608111341,0.02801613837713312,0.03102794429875539,10
HGNN,diagnostics,sym,48,0.028656946680522245,0.0014851015148577302,0.027171845165664517,0.030142048195379974,10
HGNN,diagnostics,sym,49,0.027826540585822464,0.0014640428958006542,0.02636249769002181,0.02929058348162312,10
HGNN,diagnostics,sym,50,0.027029116408589276,0.0014427942849763189,0.02558632212361296,0.028471910693565593,10
HGNN,diagnostics,sym,51,0.02626307467942716,0.0014214204739742343,0.024841654205452927,0.027684495153401396,10
HGNN,diagnostics,sym,52,0.025526914257156787,0.0013999836189281614,0.024126930638228624,0.02692689787608495,10
HGNN,diagnostics,sym,53,0.02481922438288433,0.0013785430314671757,0.023440681351417154,0.026197767414351505,10
HGNN,diagnostics,sym,54,0.024138677530420982,0.0013571550048771849,0.022781522525543798,0.025495832535298166,10
HGNN,diagnostics,sym,55,0.023484022961531646,0.0013358726737583506,0.022148150287773297,0.024819895635289996,10
HGNN,diagnostics,sym,56,0.022854080906244495,0.001314745905281942,0.021539335000962553,0.024168826811526437,10
HGNN,diagnostics,sym,57,0.022247737298485264,0.0012938212200383319,0.020953916078446932,0.023541558518523596,10
HGNN,diagnostics,sym,58,0.021663939005907365,0.0012731417404141627,0.020390797265493203,0.022937080746321527,10
HGNN,diagnostics,sym,59,0.021101689500205738,0.0012527471644293159,0.019848942335776422,0.022354436664635054,10
HGNN,diagnostics,sym,60,0.02056004492061973,0.0012326737629939416,0.019327371157625787,0.02179271868361367,10
HGNN,diagnostics,sym,61,0.020038110488902004,0.0012129543986021084,0.018825156090299895,0.021251064887504112,10
HGNN,diagnostics,sym,62,0.01953503723888401,0.0011936185635544033,0.01834141867532961,0.020728655802438413,10
HGNN,diagnostics,sym,63,0.019050019028008194,0.0011746924358889148,0.01787532659211928,0.020224711463897108,10
HGNN,diagnostics,sym,64,0.018582289801909232,0.00115619895129288,0.017426090850616353,0.01973848875320211,10
HGNN,diagnostics,sym,65,0.01813112108638511,0.0011381578893603708,0.01699296319702474,0.019269278975745482,10
HGNN,diagnostics,sym,66,0.017695819683963613,0.0011205859726506737,0.01657523371131294,0.018816405656614285,10
HGNN,diagnostics,sym,67,0.017275725554793418,0.0011034969770844659,0.016172228577708954,0.018379222531877883,10
HGNN,diagnostics,sym,68,0.016870209863815287,0.001086901852288548,0.01578330801152674,0.017957111716103834,10
HGNN,diagnostics,sym,69,0.01647867317813534,0.0010708088505632888,0.01540786432757205,0.01754948202869863,10
HGNN,diagnostics,sym,70,0.016100543800261678,0.0010552236632006549,0.015045320137061023,0.017155767463462333,10
HGNN,diagnostics,sym,71,0.01573527622440534,0.0010401495629246433,0.014695126661480698,0.016775425787329983,10
HGNN,diagnostics,sym,72,0.015382349704411097,0.0010255875512621324,0.014356762153148964,0.01640793725567323,10
HGNN,diagnostics,sym,73,0.015041266923093632,0.0010115365096821393,0.014029730413411493,0.01605280343277577,10
HGNN,diagnostics,sym,74,0.014711552753828804,0.000997993353367839,0.013713559400460965,0.015709546107196642,10
HGNN,diagnostics,sym,75,0.014392753106203516,0.0009849531865108595,0.013407799919692657,0.015377706292714375,10
HGNN,diagnostics,sym,76,0.01408443384837551,0.0009724094580439488,0.013112024390331562,0.01505684330641946,10
HGNN,diagnostics,sym,77,0.013786179799548302,0.0009603541167586287,0.012825825682789673,0.01474653391630693,10
HGNN,diagnostics,sym,78,0.013497593786637077,0.0009487777647909008,0.012548816021846177,0.014446371551427977,10
HGNN,diagnostics,sym,79,0.01321829575979852,0.0009376698085023801,0.01228062595129614,0.0141559655683009,10
HGNN,diagnostics,sym,80,0.012947921962029365,0.000927018605837353,0.012020903356192013,0.013874940567866718,10
HGNN,diagnostics,sym,81,0.012686124148512187,0.0009168116092989569,0.01176931253921323,0.013602935757811144,10
HGNN,diagnostics,sym,82,0.012432568851809624,0.0009070355037598974,0.011525533348049727,0.013339604355569521,10
HGNN,diagnostics,sym,83,0.012186936689384986,0.0008976763384041755,0.01128926035098081,0.013084613027789162,10
HGNN,diagnostics,sym,84,0.011948921710263658,0.0008887196521852247,0.011060202058078433,0.012837641362448884,10
HGNN,diagnostics,sym,85,0.011718230777950164,0.0008801505922809088,0.010838080185669256,0.012598381370231072,10
HGNN,diagnostics,sym,86,0.011494582986984147,0.0008719540251252387,0.010622628961858909,0.012366537012109385,10
HGNN,diagnostics,sym,87,0.011277709110758621,0.0008641146396983033,0.010413594471060317,0.012141823750456925,10
HGNN,diagnostics,sym,88,0.011067351078438791,0.0008566170428574517,0.010210734035581339,0.011923968121296244,10
HGNN,diagnostics,sym,89,0.010863261479011854,0.0008494458465922646,0.01001381563241959,0.011712707325604118,10
HGNN,diagnostics,sym,90,0.010665203090670884,0.0008425857471810847,0.0098226173434898,0.011507788837851968,10
HGNN,diagnostics,sym,91,0.010472948433890412,0.0008360215963161157,0.009636926837574297,0.011308970030206528,10
HGNN,diagnostics,sym,92,0.01028627934669014,0.0008297384643458814,0.00945654088234426,0.011116017811036022,10
HGNN,diagnostics,sym,93,0.010104986580708155,0.0008237216958568576,0.009281264884851297,0.010928708276565013,10
HGNN,diagnostics,sym,94,0.009928869416817133,0.0008179569578796021,0.00911091245893753,0.010746826374696735,10
HGNN,diagnostics,sym,95,0.009757735299118244,0.0008124302810582267,0.008945305018060018,0.01057016558017647,10
HGNN,diagnostics,sym,96,0.009591399486238614,0.0008071280941653353,0.008784271392073278,0.01039852758040395,10
HGNN,diagnostics,sym,97,0.009429684718940498,0.000802037252377892,0.008627647466562607,0.01023172197131839,10
HGNN,diagnostics,sym,98,0.009272420903124834,0.0007971450597530919,0.008475275843371741,0.010069565962877926,10
HGNN,diagnostics,sym,99,0.009119444807379123,0.0007924392863580175,0.008327005521021105,0.00991188409373714,10
HGNN,diagnostics,sym,100,0.008970599774280759,0.0007879081805132345,0.008182691593767524,0.009758507954793993,10
HGNN,diagnostics,sym,101,0.008825735444722354,0.0007835404766095612,0.008042194968112792,0.009609275921331916,10
HGNN,diagnostics,sym,102,0.00868470749457611,0.0007793253989499059,0.007905382095626206,0.009464032893526016,10
HGNN,diagnostics,sym,103,0.008547377383060134,0.0007752526620552997,0.007772124721004834,0.009322630045115434,10
HGNN,diagnostics,sym,104,0.008413612112211684,0.0007713124678570381,0.007642299644354645,0.009184924580068721,10
HGNN,diagnostics,sym,105,0.00828328399691049,0.0007674955001761004,0.00751578849673439,0.00905077949708659,10
HGNN,diagnostics,sym,106,0.008156270444930532,0.0007637929168676351,0.007392477528062897,0.008920063361798167,10
HGNN,diagnostics,sym,107,0.008032453746530699,0.0007601963399830096,0.007272257406547689,0.008792650086513708,10
HGNN,diagnostics,sym,108,0.007911720873124493,0.0007566978442755846,0.0071550230288489084,0.008668418717400077,10
HGNN,diagnostics,sym,109,0.007793963284595966,0.0007532899443493969,0.007040673340246569,0.008547253228945362,10
HGNN,diagnostics,sym,110,0.007679076744854374,0.0007499655807230523,0.006929111164131322,0.008429042325577427,10
HGNN,diagnostics,sym,111,0.007566961145243053,0.0007467181050546388,0.006820243040188414,0.008313679250297691,10
HGNN,diagnostics,sym,112,0.007457520335439649,0.0007435412647478198,0.006713979070691829,0.008201061600187468,10
HGNN,diagnostics,sym,113,0.007350661961504544,0.000740429187134684,0.0066102327743698605,0.008091091148639228,10
HGNN,diagnostics,sym,114,0.0072462973107529985,0.0007373763634076255,0.006508920947345373,0.007983673674160623,10
HGNN,diagnostics,sym,115,0.0071443411631435475,0.0007343776324506957,0.006409963530692852,0.007878718795594243,10
HGNN,diagnostics,sym,116,0.007044711648891333,0.0007314281647005447,0.006313283484190788,0.007776139813591878,10
HGNN,diagnostics,sym,117,0.006947330112029916,0.0007285234461483508,0.0062188066658815655,0.007675853558178267,10
HGNN,diagnostics,sym,118,0.006852120979659186,0.0007256592625769842,0.0061264617170822015,0.0075777802422361705,10
HGNN,diagnostics,sym,119,0.006759011636629962,0.0007228316841121012,0.006036179952517861,0.007481843320742063,10
HGNN,diagnostics,sym,120,0.0066679323054282535,0.0007200370501518328,0.005947895255276421,0.0073879693555800865,10
HGNN,diagnostics,sym,121,0.006578815931033617,0.0007172719547271538,0.005861543976306464,0.007296087885760771,10
HGNN,diagnostics,sym,122,0.006491598070536869,0.0007145332323338585,0.005777064838203011,0.007206131302870728,10
HGNN,diagnostics,sym,123,0.006406216787312673,0.0007118179442671897,0.005694398843045483,0.007118034731579862,10
HGNN,diagnostics,sym,124,0.0063226125495520775,0.000709123365481515,0.005613489184070563,0.007031735915033592,10
HGNN,diagnostics,sym,125,0.006240728132969166,0.0007064469719898998,0.005534281160979267,0.006947175104959066,10
HGNN,diagnostics,sym,126,0.006160508527504596,0.0007037864288119518,0.005456722098692644,0.006864294956316548,10
HGNN,diagnostics,sym,127,0.006081900847856829,0.0007011395784726719,0.005380761269384158,0.006783040426329501,10
HGNN,diagnostics,sym,128,0.006004854247679617,0.0006985044300503886,0.005306349817629228,0.006703358677730005,10
HGNN,diagnostics,sym,129,0.005929319837291511,0.0006958791487678173,0.005233440688523694,0.0066251989860593285,10
HGNN,diagnostics,sym,130,0.005855250604750093,0.0006932620461170102,0.005161988558633083,0.0065485126508671035,10
HGNN,diagnostics,sym,131,0.0057826013401501555,0.0006906515705062794,0.0050919497696438765,0.0064732529106564345,10
HGNN,diagnostics,sym,132,0.005711328563011283,0.0006880462984149698,0.005023282264596313,0.0063993748614262535,10
HGNN,diagnostics,sym,133,0.005641390452626187,0.0006854449260402878,0.0049559455265859,0.006326835378666474,10
HGNN,diagnostics,sym,134,0.005572746781246755,0.0006828462614190765,0.004889900519827678,0.006255593042665831,10
HGNN,diagnostics,sym,135,0.005505358849990156,0.0006802492170064793,0.004825109632983676,0.006185608066996635,10
HGNN,diagnostics,sym,136,0.005439189427352386,0.0006776528026928039,0.004761536624659582,0.0061168422300451894,10
HGNN,diagnostics,sym,137,0.005374202690221523,0.0006750561192394903,0.004699146570982033,0.006049258809461013,10
HGNN,diagnostics,sym,138,0.005310364167287572,0.0006724583521149594,0.004637905815172613,0.005982822519402532,10
HGNN,diagnostics,sym,139,0.005247640684750182,0.0006698587657110866,0.004577781919039096,0.005917499450461269,10
HGNN,diagnostics,sym,140,0.00518600031422973,0.0006672566979212671,0.004518743616308463,0.005853257012150998,10
HGNN,diagnostics,sym,141,0.0051254123227912705,0.000664651555061325,0.004460760767729946,0.005790063877852595,10
HGNN,diagnostics,sym,142,0.005065847124994682,0.0006620428071149065,0.004403804317879775,0.005727889932109589,10
HGNN,diagnostics,sym,143,0.005007276236888026,0.0006594299832855143,0.004347846253602512,0.0056667062201735405,10
HGNN,diagnostics,sym,144,0.004949672231864563,0.0006568126678378764,0.004292859564026686,0.005606484899702439,10
HGNN,diagnostics,sym,145,0.004893008698307266,0.0006541904962119357,0.00423881820209533,0.005547199194519202,10
HGNN,diagnostics,sym,146,0.004837260198947873,0.0006515631513934227,0.00418569704755445,0.005488823350341296,10
HGNN,diagnostics,sym,147,0.004782402231870493,0.0006489303605255773,0.004133471871344916,0.00543133259239607,10
HGNN,diagnostics,sym,148,0.004728411193092775,0.0006462918917473168,0.0040821193013454585,0.005374703084840092,10
HGNN,diagnostics,sym,149,0.004675264340660423,0.0006436475512437909,0.004031616789416632,0.005318911891904214,10
HGNN,diagnostics,sym,150,0.00462293976019345,0.0006409971804959756,0.0039819425796974745,0.005263936940689426,10
HGNN,diagnostics,sym,151,0.004571416331825218,0.0006383406537166037,0.003933075678108615,0.005209756985541822,10
HGNN,diagnostics,sym,152,0.004520673698477648,0.0006356778754604263,0.003884995823017222,0.005156351573938075,10
HGNN,diagnostics,sym,153,0.004470692235418403,0.0006330087783974246,0.003837683457020978,0.005103701013815827,10
HGNN,diagnostics,sym,154,0.0044214530210480414,0.0006303333212382357,0.0037911196998098055,0.005051786342286277,10
HGNN,diagnostics,sym,155,0.004372937808867308,0.0006276514868016706,0.003745286322065637,0.005000589295668979,10
HGNN,diagnostics,sym,156,0.004325129000576728,0.0006249632802147916,0.003700165720361937,0.00495009228079152,10
HGNN,diagnostics,sym,157,0.004278009620262719,0.0006222687272365799,0.003655740893026139,0.0049002783474992985,10
HGNN,diagnostics,sym,158,0.004231563289626232,0.0006195678726967777,0.003611995416929454,0.004851131162323009,10
HGNN,diagnostics,sym,159,0.004185774204211785,0.0006168607790420094,0.003568913425169776,0.004802634983253794,10
HGNN,diagnostics,sym,160,0.004140627110596474,0.0006141475249817692,0.0035264795856147046,0.004754774635578243,10
HGNN,diagnostics,sym,161,0.004096107284500157,0.0006114282042273565,0.0034846790802728,0.004707535488727513,10
HGNN,diagnostics,sym,162,0.004052200509779655,0.0006087029243172793,0.0034434975854623754,0.004660903434096934,10
HGNN,diagnostics,sym,163,0.004008893058271281,0.0006059718055230515,0.00340292125274823,0.004614864863794333,10
HGNN,diagnostics,sym,164,0.003966171670447478,0.000603234979829749,0.003362936690617729,0.004569406650277227,10
HGNN,diagnostics,sym,165,0.003924023536854742,0.0006004925899860406,0.003323530946868701,0.004524516126840782,10
HGNN,diagnostics,sym,166,0.003882436280301343,0.0005977447886187692,0.0032846914916825737,0.004480181068920112,10
HGNN,diagnostics,sym,167,0.003841397938764624,0.0005949917374075087,0.0032464062013571153,0.004436389676172133,10
HGNN,diagnostics,sym,168,0.0038008969489889076,0.0005922336063148257,0.003208663342674082,0.004393130555303733,10
HGNN,diagnostics,sym,169,0.003760922130746168,0.0005894705728682791,0.003171451557877889,0.004350392703614447,10
HGNN,diagnostics,sym,170,0.0037214626717328287,0.0005867028214904631,0.0031347598502423656,0.004308165493223292,10
HGNN,diagnostics,sym,171,0.003682508113077043,0.0005839305428736643,0.003098577570203379,0.004266438655950708,10
HGNN,diagnostics,sym,172,0.0036440483354319144,0.0005811539333959504,0.003062894402035964,0.004225202268827865,10
HGNN,diagnostics,sym,173,0.003606073545631065,0.0005783731945757265,0.003027700351055339,0.004184446740206791,10
HGNN,diagnostics,sym,174,0.003568574263883932,0.0005755885325620169,0.0029929857313219154,0.004144162796445949,10
HGNN,diagnostics,sym,175,0.0035315413114890976,0.0005728001576579283,0.002958741153831169,0.004104341469147026,10
HGNN,diagnostics,sym,176,0.0034949657990447857,0.0005700082838749313,0.0029249575151698544,0.004064974082919717,10
HGNN,diagnostics,sym,177,0.003458839115136555,0.0005672131285157779,0.002891625986620777,0.004026052243652333,10
HGNN,diagnostics,sym,178,0.0034231529154829807,0.000564414911784024,0.0028587380036989565,0.003987567827267005,10
HGNN,diagnostics,sym,179,0.0033878991125209173,0.0005616138564182808,0.0028262852561026365,0.0039495129689391985,10
HGNN,diagnostics,sym,180,0.0033530698654126493,0.0005588101873494667,0.0027942596780631823,0.003911880052762116,10
HGNN,diagnostics,sym,181,0.0033186575704579704,0.0005560041313794434,0.002762653439078527,0.003874661701837414,10
HGNN,diagnostics,sym,182,0.0032846548518949033,0.0005531959168795529,0.0027314589350153503,0.0038378507687744563,10
HGNN,diagnostics,sym,183,0.003251054553073416,0.0005503857735076869,0.002700668779565729,0.0038014403265811026,10
HGNN,diagnostics,sym,184,0.003217849727987134,0.0005475739319426028,0.0026702757960445312,0.003765423659929737,10
HGNN,diagnostics,sym,185,0.0031850336331486527,0.0005447606236343313,0.0026402730095143215,0.003729794256782984,10
HGNN,diagnostics,sym,186,0.0031525997197945866,0.0005419460805695692,0.0026106536392250176,0.0036945458003641556,10
HGNN,diagnostics,sym,187,0.0031205416264071272,0.0005391305350510719,0.002581411091356055,0.0036596721614581993,10
HGNN,diagnostics,sym,188,0.0030888531715393204,0.0005363142194901036,0.002552538952049217,0.003625167391029424,10
HGNN,diagnostics,sym,189,0.0030575283469318616,0.0005334973662110966,0.002524030980720765,0.003591025713142958,10
HGNN,diagnostics,sym,190,0.003026561310909645,0.000530680207267733,0.002495881103641912,0.003557241518177378,10
HGNN,diagnostics,sym,191,0.0029959463820467954,0.0005278629742697024,0.002468083407777093,0.0035238093563164977,10
HGNN,diagnostics,sym,192,0.002965678033089362,0.000525045898219476,0.002440632134869886,0.0034907239313088376,10
HGNN,diagnostics,sym,193,0.0029357508851252734,0.0005222292093584669,0.0024135216757668063,0.0034579800944837405,10
HGNN,diagnostics,sym,194,0.0029061597019915822,0.0005194131370219962,0.0023867465649695862,0.0034255728390135782,10
HGNN,diagnostics,sym,195,0.0028768993849094143,0.0005165979095025405,0.002360301475406874,0.0033934972944119545,10
HGNN,diagnostics,sym,196,0.0028479649673374295,0.0005137837539207641,0.0023341812134166653,0.0033617487212581937,10
HGNN,diagnostics,sym,197,0.00281935161003496,0.0005109708961038793,0.0023083807139310806,0.0033303225061388393,10
HGNN,diagnostics,sym,198,0.00279105459632635,0.0005081595604709188,0.0022828950358554315,0.0032992141567972687,10
HGNN,diagnostics,sym,199,0.0027630693275583606,0.000505349969924524,0.0022577193576338367,0.0032684192974828845,10
HGNN,diagnostics,sym,200,0.002735391318742805,0.0005025423457489021,0.002232848972993903,0.003237933664491707,10
HGNN,diagnostics,sym,201,0.0027080161943769474,0.0004997369075135973,0.00220827928686335,0.003207753101890545,10
HGNN,diagnostics,sym,202,0.002680939684434423,0.0004969338729827908,0.002184005811451632,0.003177873557417214,10
HGNN,diagnostics,sym,203,0.0026541576205197804,0.0004941334580298251,0.0021600241624899555,0.0031482910785496053,10
HGNN,diagnostics,sym,204,0.0026276659321800093,0.000491335876556695,0.002136330055623314,0.0031190018087367045,10
HGNN,diagnostics,sym,205,0.0026014606433666645,0.0004885413404182594,0.002112919302948405,0.003090001983784924,10
HGNN,diagnostics,sym,206,0.0025755378690424722,0.0004857500593509404,0.0020897878096915318,0.0030612879283934127,10
HGNN,diagnostics,sym,207,0.00254989381192654,0.00048296224090569906,0.002066931571020841,0.003032856052832239,10
HGNN,diagnostics,sym,208,0.00252452475937252,0.0004801780903850865,0.0020443466689874334,0.0030047028497576064,10
HGNN,diagnostics,sym,209,0.0024994270803743246,0.0004773978107841939,0.002022029269590131,0.0029768248911585184,10
HGNN,diagnostics,sym,210,0.002474597222694167,0.00047462160273531375,0.0019999756199588535,0.002949218825429481,10
HGNN,diagnostics,sym,211,0.002450031710107958,0.00047184966445616765,0.0019781820456517907,0.0029218813745641257,10
HGNN,diagnostics,sym,212,0.0024257271397632486,0.0004690821917015343,0.001956644948061714,0.002894809331464783,10
HGNN,diagnostics,sym,213,0.0024016801796451176,0.0004663193777181492,0.0019353608019269683,0.0028679995573632666,10
HGNN,diagnostics,sym,214,0.0023778875661455904,0.00046356141320273215,0.0019143261529428583,0.002841448979348323,10
HGNN,diagnostics,sym,215,0.0023543461017323424,0.0004608084862630279,0.0018935376154693144,0.00281515458799537,10
HGNN,diagnostics,sym,216,0.0023310526527126115,0.00045806078238173203,0.0018729918703308795,0.0027891134350943435,10
HGNN,diagnostics,sym,217,0.0023080041470884224,0.0004553184843832007,0.0018526856627052216,0.002763322631471623,10
HGNN,diagnostics,sym,218,0.0022851975724993484,0.00045258177240283215,0.0018326158000965163,0.0027377793449021807,10
HGNN,diagnostics,sym,219,0.002262629974249231,0.0004498508238590238,0.0018127791503902073,0.002712480798108255,10
HGNN,diagnostics,sym,220,0.0022402984534133806,0.0004471258134276135,0.001793172639985767,0.002687424266840994,10
HGNN,diagnostics,sym,221,0.002218200165022948,0.00044440691301870827,0.0017737932520042398,0.0026626070780416565,10
HGNN,diagnostics,sym,222,0.0021963323163232814,0.0004416942917558211,0.0017546380245674602,0.0026380266080791026,10
HGNN,diagnostics,sym,223,0.002174692165103203,0.00043898811595723765,0.0017357040491459653,0.0026136802810604407,10
HGNN,diagnostics,sym,224,0.002153277018092277,0.0004362885491195214,0.0017169884689727556,0.0025895655672117986,10
HGNN,diagnostics,sym,225,0.0021320842294232454,0.00043359575190310277,0.0016984884775201425,0.0025656799813263483,10
HGNN,diagnostics,sym,226,0.002111111199156939,0.00043090988211986196,0.001680201317037077,0.002542021081276801,10
HGNN,diagnostics,sym,227,0.002090355371867048,0.00042823109472265236,0.0016621242771443956,0.0025185864665897,10
HGNN,diagnostics,sym,228,0.0020698142352822864,0.00042555954179668694,0.0016442546934855994,0.002495373777078973,10
HGNN,diagnostics,sym,229,0.0020494853189835433,0.0004228953725527326,0.0016265899464308108,0.002472380691536276,10
HGNN,diagnostics,sym,230,0.0020293661931537342,0.0004202387333220467,0.0016091274598316876,0.002449604926475781,10
HGNN,diagnostics,sym,231,0.0020094544673781504,0.00041758976755299583,0.0015918646998251545,0.0024270442349311463,10
HGNN,diagnostics,sym,232,0.001989747789493198,0.00041494861580930735,0.0015747991736838906,0.002404696405302505,10
HGNN,diagnostics,sym,233,0.001970243844481496,0.00041231541576988343,0.0015579284287116125,0.0023825592602513793,10
HGNN,diagnostics,sym,234,0.0019509403534113943,0.0004096903022301406,0.0015412500511812538,0.002360630655641535,10
HGNN,diagnostics,sym,235,0.0019318350724190456,0.00040707340710480997,0.0015247616653142357,0.0023389084795238557,10
HGNN,diagnostics,sym,236,0.001912925791731242,0.00040446485943215,0.001508460932299092,0.002317390651163392,10
HGNN,diagnostics,sym,237,0.0018942103347273018,0.0004018647853795296,0.001492345549347772,0.0022960751201068315,10
HGNN,diagnostics,sym,238,0.0018756865570383544,0.0003992733082503192,0.001476413248788035,0.0022749598652886736,10
HGNN,diagnostics,sym,239,0.0018573523456824608,0.00039669054849205684,0.001460661797190404,0.002254042894174518,10
HGNN,diagnostics,sym,240,0.0018392056182340328,0.00039411662370583315,0.0014450889945281996,0.002233322241939866,10
HGNN,diagnostics,sym,241,0.0018212443220261196,0.00039155164865685714,0.0014296926733692625,0.0022127959706829767,10
HGNN,diagnostics,sym,242,0.0018034664333841544,0.000388995735286152,0.0014144706980980023,0.0021924621686703065,10
HGNN,diagnostics,sym,243,0.0017858699568898354,0.0003864489927233435,0.001399420964166492,0.002172318949613179,10
HGNN,diagnostics,sym,244,0.0017684529246738555,0.00038391152730049853,0.0013845413973733569,0.002152364451974354,10
HGNN,diagnostics,sym,245,0.0017512133957362519,0.00038138344256696745,0.0013698299531692843,0.0021325968383032194,10
HGNN,diagnostics,sym,246,0.001734149455293208,0.000378864839305199,0.001355284615988009,0.002113014294598407,10
HGNN,diagnostics,sym,247,0.0017172592141491603,0.0003763558155474755,0.0013409033986016847,0.002093615029696636,10
HGNN,diagnostics,sym,248,0.0017005408080931535,0.00037385646659354553,0.001326684341499608,0.002074397274686699,10
HGNN,diagnostics,sym,249,0.0016839923973183811,0.0003713668850291022,0.001312625512289279,0.002055359282347483,10
HGNN,diagnostics,sym,250,0.001667612165863939,0.00036888716074507966,0.0012987250051188595,0.0020364993266090187,10
HGNN,diagnostics,sym,251,0.0016513983210778263,0.00036641738095772425,0.001284980940120102,0.0020178157020355504,10
HGNN,diagnostics,sym,252,0.0016353490931002852,0.0003639576302294121,0.0012713914628708731,0.0019993067233296975,10
HGNN,diagnostics,sym,253,0.0016194627343666043,0.000361507990490173,0.0012579547438764313,0.0019809707248567773,10
HGNN,diagnostics,sym,254,0.0016037375191285466,0.0003590685410598871,0.0012446689780686595,0.0019628060601884338,10
HGNN,diagnostics,sym,255,0.001588171742993604,0.00035663935867112645,0.0012315323843224775,0.0019448111016647303,10
HGNN,diagnostics,sym,256,0.0015727637224812966,0.0003542205174925995,0.0012185432049886971,0.001926984239973896,10
HGNN,diagnostics,op,0,1.0,0.0,1.0,1.0,10
HGNN,diagnostics,op,1,0.6630525076703384,0.0013599658344230024,0.6616925418359154,0.6644124735047614,10
HGNN,diagnostics,op,2,0.4786420460562665,0.0018215200510466978,0.4768205260052198,0.48046356610731317,10
HGNN,diagnostics,op,3,0.3728032695519945,0.0018646124211570093,0.3709386571308375,0.3746678819731515,10
HGNN,diagnostics,op,4,0.30451178654516103,0.0017923941842848323,0.3027193923608762,0.3063041807294459,10
HGNN,diagnostics,op,5,0.2566455817403895,0.0017038993560613584,0.2549416823843281,0.25834948109645084,10
HGNN,diagnostics,op,6,0.2213889946564065,0.0016297113506871623,0.21975928330571934,0.22301870600709364,10
HGNN,diagnostics,op,7,0.1945849158628067,0.001580006915852172,0.19300490894695455,0.19616492277865888,10
HGNN,diagnostics,op,8,0.1737116496269832,0.001554843948911605,0.1721568056780716,0.17526649357589483,10
HGNN,diagnostics,op,9,0.15710652572457648,0.0015491307637033173,0.15555739496087317,0.15865565648827978,10
HGNN,diagnostics,op,10,0.14362497258078166,0.0015565695243771023,0.14206840305640456,0.14518154210515877,10
HGNN,diagnostics,op,11,0.1324627065296961,0.0015717939009956786,0.13089091262870042,0.1340345004306918,10
HGNN,diagnostics,op,12,0.12304824354977502,0.001590959006272224,0.1214572845435028,0.12463920255604724,10
HGNN,diagnostics,op,13,0.11497204145325424,0.001611572134168036,0.11336046931908621,0.11658361358742227,10
HGNN,diagnostics,op,14,0.10793800441404508,0.00163212162542876,0.10630588278861632,0.10957012603947384,10
HGNN,diagnostics,op,15,0.10172986962672119,0.0016517402128729487,0.10007812941384824,0.10338160983959414,10
HGNN,diagnostics,op,16,0.09618782662703604,0.0016699600166056254,0.0945178666104304,0.09785778664364167,10
HGNN,diagnostics,op,17,0.09119222909742936,0.0016865504583698202,0.08950567863905953,0.09287877955579918,10
HGNN,diagnostics,op,18,0.08665222317025267,0.001701416235958955,0.08495080693429372,0.08835363940621163,10
HGNN,diagnostics,op,19,0.08249778053207353,0.0017145351570703109,0.08078324537500323,0.08421231568914384,10
HGNN,diagnostics,op,20,0.0786740897665622,0.001725921389526172,0.07694816837703604,0.08040001115608837,10
HGNN,diagnostics,op,21,0.07513758378691412,0.001735604574738852,0.07340197921217527,0.07687318836165298,10
HGNN,diagnostics,op,22,0.07185310582660451,0.0017436186780580604,0.07010948714854645,0.07359672450466256,10
HGNN,diagnostics,op,23,0.06879187110713308,0.0017499966946797367,0.06704187441245335,0.07054186780181282,10
HGNN,diagnostics,op,24,0.06592998745415632,0.0017547687675964598,0.06417521868655986,0.06768475622175278,10
HGNN,diagnostics,op,25,0.06324737093716717,0.0017579621906312873,0.061489408746535884,0.06500533312779846,10
HGNN,diagnostics,op,26,0.060726942581569646,0.0017596023545834974,0.058967340226986145,0.062486544936153146,10
HGNN,diagnostics,op,27,0.05835402657507517,0.0017597140681369968,0.05659431250693817,0.06011374064321217,10
HGNN,diagnostics,op,28,0.05611589410257149,0.0017583229230715724,0.05435757117949992,0.05787421702564306,10
HGNN,diagnostics,op,29,0.054001413361015285,0.0017554565234727776,0.05224595683754251,0.05575686988448806,10
HGNN,diagnostics,op,30,0.052000777720622914,0.0017511454919331019,0.05024963222868981,0.053751923212556015,10
HGNN,diagnostics,op,31,0.0501052919726096,0.0017454242222675039,0.048359867750342095,0.051850716194877106,10
HGNN,diagnostics,op,32,0.048307202203029184,0.0017383313811991927,0.04656887082182999,0.05004553358422838,10
HGNN,diagnostics,op,33,0.04659955878619531,0.001729910179452107,0.0448696486067432,0.04832946896564742,10
HGNN,diagnostics,op,34,0.04497610480006085,0.00172020844136681,0.043255896358694035,0.04669631324142766,10
HGNN,diagnostics,op,35,0.04343118417419532,0.0017092785052033835,0.04172190566899194,0.0451404626793987,10
HGNN,diagnostics,op,36,0.04195966532658224,0.0016971769860566898,0.04026248834052555,0.04365684231263893,10
HGNN,diagnostics,op,37,0.040556877093440934,0.001683964431266594,0.03887291266217434,0.04224084152470753,10
HGNN,diagnostics,op,38,0.03921855452170393,0.001669704895271945,0.037548849626431985,0.04088825941697588,10
HGNN,diagnostics,op,39,0.037940792657201836,0.0016544654575829606,0.03628632719961888,0.039595258114784794,10
HGNN,diagnostics,op,40,0.03672000687971218,0.0016383157042508248,0.03508169117546135,0.038358322583963,10
HGNN,diagnostics,op,41,0.035552898648917794,0.001621327190072631,0.033931571458845164,0.037174225838990424,10
HGNN,diagnostics,op,42,0.03443642576151868,0.0016035728958731922,0.03283285286564549,0.036039998657391874,10
HGNN,diagnostics,op,43,0.03336777639965082,0.0015851266925907424,0.03178264970706008,0.03495290309224156,10
HGNN,diagnostics,op,44,0.032344346389064506,0.0015660628215693692,0.030778283567495138,0.033910409210633874,10
HGNN,diagnostics,op,45,0.0313637191928223,0.0015464553984195764,0.02981726379440272,0.032910174591241875,10
HGNN,diagnostics,op,46,0.03042364825032693,0.0015263779460332606,0.02889727030429367,0.03195002619636019,10
HGNN,diagnostics,op,47,0.029522041337944255,0.0015059029608111357,0.02801613837713312,0.03102794429875539,10
HGNN,diagnostics,op,48,0.028656946680522245,0.0014851015148577302,0.027171845165664517,0.030142048195379974,10
HGNN,diagnostics,op,49,0.027826540585822464,0.0014640428958006553,0.02636249769002181,0.02929058348162312,10
HGNN,diagnostics,op,50,0.027029116408589276,0.0014427942849763186,0.02558632212361296,0.028471910693565593,10
HGNN,diagnostics,op,51,0.02626307467942716,0.0014214204739742328,0.02484165420545293,0.027684495153401392,10
HGNN,diagnostics,op,52,0.02552691425715678,0.0013999836189281635,0.024126930638228617,0.026926897876084942,10
HGNN,diagnostics,op,53,0.02481922438288433,0.0013785430314671768,0.023440681351417154,0.026197767414351505,10
HGNN,diagnostics,op,54,0.024138677530420982,0.001357155004877185,0.022781522525543798,0.025495832535298166,10
HGNN,diagnostics,op,55,0.023484022961531646,0.0013358726737583493,0.022148150287773297,0.024819895635289996,10
HGNN,diagnostics,op,56,0.022854080906244495,0.0013147459052819418,0.021539335000962553,0.024168826811526437,10
HGNN,diagnostics,op,57,0.022247737298485264,0.0012938212200383334,0.020953916078446932,0.023541558518523596,10
HGNN,diagnostics,op,58,0.021663939005907365,0.0012731417404141616,0.020390797265493203,0.022937080746321527,10
HGNN,diagnostics,op,59,0.021101689500205738,0.0012527471644293165,0.019848942335776422,0.022354436664635054,10
HGNN,diagnostics,op,60,0.02056004492061973,0.0012326737629939407,0.01932737115762579,0.021792718683613668,10
HGNN,diagnostics,op,61,0.020038110488901997,0.0012129543986021077,0.018825156090299888,0.021251064887504105,10
HGNN,diagnostics,op,62,0.019535037238884008,0.0011936185635544024,0.018341418675329606,0.02072865580243841,10
HGNN,diagnostics,op,63,0.019050019028008194,0.001174692435888914,0.01787532659211928,0.020224711463897108,10
HGNN,diagnostics,op,64,0.018582289801909232,0.0011561989512928795,0.017426090850616353,0.01973848875320211,10
HGNN,diagnostics,op,65,0.01813112108638511,0.0011381578893603713,0.01699296319702474,0.019269278975745482,10
HGNN,diagnostics,op,66,0.017695819683963613,0.0011205859726506726,0.01657523371131294,0.018816405656614285,10
HGNN,diagnostics,op,67,0.01727572555479342,0.0011034969770844663,0.016172228577708954,0.01837922253187789,10
HGNN,diagnostics,op,68,0.016870209863815287,0.0010869018522885474,0.01578330801152674,0.017957111716103834,10
HGNN,diagnostics,op,69,0.01647867317813534,0.0010708088505632886,0.01540786432757205,0.01754948202869863,10
HGNN,diagnostics,op,70,0.016100543800261678,0.0010552236632006549,0.015045320137061023,0.017155767463462333,10
HGNN,diagnostics,op,71,0.01573527622440534,0.001040149562924642,0.0146951266614807,0.016775425787329983,10
HGNN,diagnostics,op,72,0.015382349704411097,0.001025587551262132,0.014356762153148964,0.01640793725567323,10
HGNN,diagnostics,op,73,0.015041266923093632,0.0010115365096821376,0.014029730413411495,0.01605280343277577,10
HGNN,diagnostics,op,74,0.014711552753828802,0.0009979933533678393,0.013713559400460963,0.015709546107196642,10
HGNN,diagnostics,op,75,0.014392753106203516,0.000984953186510859,0.013407799919692657,0.015377706292714375,10
HGNN,diagnostics,op,76,0.01408443384837551,0.0009724094580439496,0.013112024390331562,0.01505684330641946,10
HGNN,diagnostics,op,77,0.013786179799548302,0.0009603541167586287,0.012825825682789673,0.01474653391630693,10
HGNN,diagnostics,op,78,0.013497593786637074,0.000948777764790901,0.012548816021846173,0.014446371551427974,10
HGNN,diagnostics,op,79,0.013218295759798517,0.0009376698085023806,0.012280625951296137,0.014155965568300897,10
HGNN,diagnostics,op,80,0.012947921962029365,0.0009270186058373529,0.012020903356192013,0.013874940567866718,10
HGNN,diagnostics,op,81,0.012686124148512187,0.0009168116092989571,0.01176931253921323,0.013602935757811144,10
HGNN,diagnostics,op,82,0.012432568851809624,0.0009070355037598976,0.011525533348049727,0.013339604355569521,10
HGNN,diagnostics,op,83,0.012186936689384986,0.0008976763384041758,0.01128926035098081,0.013084613027789162,10
HGNN,diagnostics,op,84,0.011948921710263658,0.0008887196521852246,0.011060202058078434,0.012837641362448882,10
HGNN,diagnostics,op,85,0.011718230777950166,0.0008801505922809091,0.010838080185669256,0.012598381370231075,10
HGNN,diagnostics,op,86,0.011494582986984145,0.0008719540251252388,0.010622628961858907,0.012366537012109383,10
HGNN,diagnostics,op,87,0.011277709110758623,0.0008641146396983037,0.01041359447106032,0.012141823750456927,10
HGNN,diagnostics,op,88,0.011067351078438791,0.0008566170428574516,0.010210734035581339,0.011923968121296244,10
HGNN,diagnostics,op,89,0.010863261479011854,0.0008494458465922649,0.010013815632419588,0.01171270732560412,10
HGNN,diagnostics,op,90,0.010665203090670882,0.000842585747181085,0.009822617343489798,0.011507788837851966,10
HGNN,diagnostics,op,91,0.01047294843389041,0.0008360215963161149,0.009636926837574295,0.011308970030206526,10
HGNN,diagnostics,op,92,0.01028627934669014,0.0008297384643458818,0.00945654088234426,0.011116017811036022,10
HGNN,diagnostics,op,93,0.010104986580708155,0.0008237216958568578,0.009281264884851297,0.010928708276565013,10
HGNN,diagnostics,op,94,0.009928869416817133,0.0008179569578796024,0.00911091245893753,0.010746826374696735,10
HGNN,diagnostics,op,95,0.009757735299118244,0.0008124302810582263,0.008945305018060018,0.01057016558017647,10
HGNN,diagnostics,op,96,0.009591399486238612,0.0008071280941653361,0.008784271392073276,0.010398527580403948,10
HGNN,diagnostics,op,97,0.009429684718940498,0.0008020372523778918,0.008627647466562607,0.01023172197131839,10
HGNN,diagnostics,op,98,0.009272420903124834,0.0007971450597530917,0.008475275843371741,0.010069565962877926,10
HGNN,diagnostics,op,99,0.009119444807379123,0.0007924392863580178,0.008327005521021105,0.00991188409373714,10
HGNN,diagnostics,op,100,0.008970599774280759,0.0007879081805132341,0.008182691593767524,0.009758507954793993,10
HGNN,diagnostics,op,101,0.008825735444722354,0.0007835404766095603,0.008042194968112794,0.009609275921331914,10
HGNN,diagnostics,op,102,0.00868470749457611,0.000779325398949906,0.007905382095626206,0.009464032893526016,10
HGNN,diagnostics,op,103,0.008547377383060134,0.0007752526620552997,0.007772124721004834,0.009322630045115434,10
HGNN,diagnostics,op,104,0.008413612112211682,0.0007713124678570377,0.007642299644354644,0.00918492458006872,10
HGNN,diagnostics,op,105,0.00828328399691049,0.0007674955001761002,0.00751578849673439,0.00905077949708659,10
HGNN,diagnostics,op,106,0.00815627044493053,0.0007637929168676346,0.007392477528062895,0.008920063361798165,10
HGNN,diagnostics,op,107,0.008032453746530699,0.0007601963399830093,0.0072722574065476895,0.008792650086513708,10
HGNN,diagnostics,op,108,0.007911720873124493,0.0007566978442755839,0.007155023028848909,0.008668418717400077,10
HGNN,diagnostics,op,109,0.0077939632845959676,0.0007532899443493969,0.00704067334024657,0.008547253228945364,10
HGNN,diagnostics,op,110,0.007679076744854373,0.0007499655807230528,0.00692911116413132,0.008429042325577426,10
HGNN,diagnostics,op,111,0.007566961145243053,0.0007467181050546388,0.006820243040188414,0.008313679250297691,10
HGNN,diagnostics,op,112,0.007457520335439648,0.0007435412647478204,0.0067139790706918275,0.008201061600187468,10
HGNN,diagnostics,op,113,0.007350661961504542,0.000740429187134684,0.006610232774369859,0.008091091148639226,10
HGNN,diagnostics,op,114,0.0072462973107529985,0.0007373763634076253,0.006508920947345374,0.007983673674160623,10
HGNN,diagnostics,op,115,0.007144341163143548,0.0007343776324506955,0.006409963530692853,0.007878718795594243,10
HGNN,diagnostics,op,116,0.007044711648891333,0.0007314281647005448,0.006313283484190788,0.007776139813591878,10
HGNN,diagnostics,op,117,0.006947330112029916,0.0007285234461483503,0.006218806665881566,0.0076758535581782665,10
HGNN,diagnostics,op,118,0.006852120979659186,0.0007256592625769843,0.0061264617170822015,0.0075777802422361705,10
HGNN,diagnostics,op,119,0.006759011636629962,0.0007228316841121019,0.00603617995251786,0.007481843320742064,10
HGNN,diagnostics,op,120,0.0066679323054282535,0.0007200370501518322,0.0059478952552764214,0.007387969355580086,10
HGNN,diagnostics,op,121,0.006578815931033617,0.000717271954727154,0.005861543976306463,0.007296087885760772,10
HGNN,diagnostics,op,122,0.006491598070536869,0.0007145332323338583,0.005777064838203011,0.007206131302870728,10
HGNN,diagnostics,op,123,0.006406216787312673,0.0007118179442671897,0.005694398843045483,0.007118034731579862,10
HGNN,diagnostics,op,124,0.0063226125495520775,0.0007091233654815149,0.005613489184070563,0.007031735915033592,10
HGNN,diagnostics,op,125,0.006240728132969166,0.0007064469719899004,0.005534281160979266,0.0069471751049590665,10
HGNN,diagnostics,op,126,0.006160508527504596,0.0007037864288119523,0.005456722098692643,0.0068642949563165485,10
HGNN,diagnostics,op,127,0.006081900847856829,0.0007011395784726714,0.005380761269384158,0.006783040426329501,10
HGNN,diagnostics,op,128,0.006004854247679617,0.0006985044300503887,0.005306349817629228,0.006703358677730005,10
HGNN,diagnostics,op,129,0.005929319837291511,0.0006958791487678169,0.0052334406885236944,0.006625198986059328,10
HGNN,diagnostics,op,130,0.005855250604750094,0.0006932620461170101,0.0051619885586330835,0.006548512650867104,10
HGNN,diagnostics,op,131,0.0057826013401501555,0.0006906515705062789,0.0050919497696438765,0.0064732529106564345,10
HGNN,diagnostics,op,132,0.005711328563011283,0.0006880462984149698,0.005023282264596313,0.0063993748614262535,10
HGNN,diagnostics,op,133,0.005641390452626188,0.000685444926040288,0.0049559455265859,0.006326835378666476,10
HGNN,diagnostics,op,134,0.005572746781246755,0.0006828462614190766,0.004889900519827678,0.006255593042665831,10
HGNN,diagnostics,op,135,0.005505358849990156,0.0006802492170064795,0.004825109632983676,0.006185608066996635,10
HGNN,diagnostics,op,136,0.005439189427352386,0.0006776528026928039,0.004761536624659582,0.0061168422300451894,10
HGNN,diagnostics,op,137,0.005374202690221522,0.0006750561192394905,0.004699146570982032,0.006049258809461012,10
HGNN,diagnostics,op,138,0.005310364167287572,0.0006724583521149593,0.004637905815172613,0.005982822519402532,10
HGNN,diagnostics,op,139,0.005247640684750182,0.0006698587657110866,0.004577781919039096,0.005917499450461269,10
HGNN,diagnostics,op,140,0.00518600031422973,0.0006672566979212669,0.004518743616308464,0.005853257012150997,10
HGNN,diagnostics,op,141,0.0051254123227912705,0.0006646515550613251,0.004460760767729945,0.005790063877852596,10
HGNN,diagnostics,op,142,0.005065847124994681,0.0006620428071149065,0.0044038043178797745,0.005727889932109588,10
HGNN,diagnostics,op,143,0.005007276236888026,0.0006594299832855143,0.004347846253602512,0.0056667062201735405,10
HGNN,diagnostics,op,144,0.004949672231864563,0.0006568126678378761,0.004292859564026687,0.0056064848997024385,10
HGNN,diagnostics,op,145,0.004893008698307266,0.0006541904962119357,0.00423881820209533,0.005547199194519202,10
HGNN,diagnostics,op,146,0.004837260198947874,0.0006515631513934227,0.004185697047554451,0.005488823350341297,10
HGNN,diagnostics,op,147,0.004782402231870493,0.0006489303605255775,0.004133471871344916,0.00543133259239607,10
HGNN,diagnostics,op,148,0.0047284111930927745,0.0006462918917473168,0.004082119301345458,0.005374703084840091,10
HGNN,diagnostics,op,149,0.004675264340660423,0.0006436475512437909,0.004031616789416632,0.005318911891904214,10
HGNN,diagnostics,op,150,0.004622939760193451,0.0006409971804959756,0.003981942579697475,0.005263936940689427,10
HGNN,diagnostics,op,151,0.004571416331825219,0.0006383406537166036,0.0039330756781086156,0.005209756985541823,10
HGNN,diagnostics,op,152,0.004520673698477648,0.0006356778754604264,0.0038849958230172217,0.005156351573938075,10
HGNN,diagnostics,op,153,0.004470692235418402,0.0006330087783974246,0.003837683457020977,0.0051037010138158265,10
HGNN,diagnostics,op,154,0.0044214530210480414,0.0006303333212382356,0.003791119699809806,0.005051786342286277,10
HGNN,diagnostics,op,155,0.004372937808867307,0.0006276514868016705,0.0037452863220656363,0.005000589295668977,10
HGNN,diagnostics,op,156,0.004325129000576728,0.0006249632802147913,0.003700165720361937,0.00495009228079152,10
HGNN,diagnostics,op,157,0.004278009620262719,0.0006222687272365795,0.0036557408930261394,0.0049002783474992985,10
HGNN,diagnostics,op,158,0.004231563289626232,0.0006195678726967777,0.003611995416929454,0.004851131162323009,10
HGNN,diagnostics,op,159,0.004185774204211785,0.0006168607790420095,0.0035689134251697756,0.004802634983253794,10
HGNN,diagnostics,op,160,0.004140627110596474,0.0006141475249817688,0.003526479585614705,0.004754774635578243,10
HGNN,diagnostics,op,161,0.004096107284500156,0.0006114282042273566,0.0034846790802727993,0.004707535488727512,10
HGNN,diagnostics,op,162,0.004052200509779654,0.0006087029243172794,0.0034434975854623746,0.004660903434096933,10
HGNN,diagnostics,op,163,0.004008893058271281,0.0006059718055230517,0.0034029212527482296,0.004614864863794333,10
HGNN,diagnostics,op,164,0.003966171670447478,0.000603234979829749,0.003362936690617729,0.004569406650277227,10
HGNN,diagnostics,op,165,0.003924023536854742,0.0006004925899860406,0.003323530946868701,0.004524516126840782,10
HGNN,diagnostics,op,166,0.003882436280301342,0.000597744788618769,0.003284691491682573,0.004480181068920111,10
HGNN,diagnostics,op,167,0.003841397938764624,0.0005949917374075082,0.0032464062013571157,0.004436389676172132,10
HGNN,diagnostics,op,168,0.0038008969489889076,0.0005922336063148257,0.003208663342674082,0.004393130555303733,10
HGNN,diagnostics,op,169,0.003760922130746168,0.0005894705728682791,0.003171451557877889,0.004350392703614447,10
HGNN,diagnostics,op,170,0.0037214626717328287,0.0005867028214904627,0.003134759850242366,0.004308165493223291,10
HGNN,diagnostics,op,171,0.003682508113077043,0.0005839305428736646,0.0030985775702033784,0.004266438655950708,10
HGNN,diagnostics,op,172,0.0036440483354319153,0.0005811539333959504,0.003062894402035965,0.004225202268827865,10
HGNN,diagnostics,op,173,0.0036060735456310646,0.0005783731945757266,0.003027700351055338,0.004184446740206791,10
HGNN,diagnostics,op,174,0.0035685742638839326,0.000575588532562017,0.0029929857313219154,0.00414416279644595,10
HGNN,diagnostics,op,175,0.0035315413114890976,0.0005728001576579283,0.002958741153831169,0.004104341469147026,10
HGNN,diagnostics,op,176,0.0034949657990447857,0.0005700082838749312,0.0029249575151698544,0.004064974082919717,10
HGNN,diagnostics,op,177,0.003458839115136555,0.000567213128515778,0.002891625986620777,0.004026052243652333,10
HGNN,diagnostics,op,178,0.0034231529154829807,0.000564414911784024,0.0028587380036989565,0.003987567827267005,10
HGNN,diagnostics,op,179,0.0033878991125209173,0.0005616138564182808,0.0028262852561026365,0.0039495129689391985,10
HGNN,diagnostics,op,180,0.0033530698654126493,0.0005588101873494669,0.0027942596780631823,0.003911880052762116,10
HGNN,diagnostics,op,181,0.003318657570457971,0.0005560041313794432,0.0027626534390785278,0.003874661701837414,10
HGNN,diagnostics,op,182,0.0032846548518949033,0.000553195916879553,0.0027314589350153503,0.0038378507687744563,10
HGNN,diagnostics,op,183,0.0032510545530734154,0.0005503857735076864,0.002700668779565729,0.0038014403265811017,10
HGNN,diagnostics,op,184,0.003217849727987135,0.0005475739319426028,0.002670275796044532,0.003765423659929738,10
HGNN,diagnostics,op,185,0.0031850336331486527,0.000544760623634331,0.002640273009514322,0.0037297942567829836,10
HGNN,diagnostics,op,186,0.0031525997197945866,0.0005419460805695692,0.0026106536392250176,0.0036945458003641556,10
HGNN,diagnostics,op,187,0.0031205416264071272,0.000539130535051072,0.002581411091356055,0.0036596721614581993,10
HGNN,diagnostics,op,188,0.0030888531715393204,0.0005363142194901028,0.0025525389520492177,0.003625167391029423,10
HGNN,diagnostics,op,189,0.003057528346931861,0.0005334973662110964,0.002524030980720765,0.0035910257131429573,10
HGNN,diagnostics,op,190,0.003026561310909645,0.000530680207267733,0.002495881103641912,0.003557241518177378,10
HGNN,diagnostics,op,191,0.0029959463820467954,0.0005278629742697024,0.002468083407777093,0.0035238093563164977,10
HGNN,diagnostics,op,192,0.002965678033089362,0.0005250458982194761,0.0024406321348698855,0.003490723931308838,10
HGNN,diagnostics,op,193,0.0029357508851252734,0.0005222292093584669,0.0024135216757668063,0.0034579800944837405,10
HGNN,diagnostics,op,194,0.0029061597019915822,0.0005194131370219962,0.0023867465649695862,0.0034255728390135782,10
HGNN,diagnostics,op,195,0.0028768993849094147,0.0005165979095025405,0.002360301475406874,0.0033934972944119554,10
HGNN,diagnostics,op,196,0.0028479649673374295,0.0005137837539207641,0.0023341812134166653,0.0033617487212581937,10
HGNN,diagnostics,op,197,0.0028193516100349595,0.0005109708961038796,0.0023083807139310797,0.0033303225061388393,10
HGNN,diagnostics,op,198,0.00279105459632635,0.0005081595604709184,0.0022828950358554315,0.0032992141567972687,10
HGNN,diagnostics,op,199,0.00276306932755836,0.0005053499699245238,0.0022577193576338362,0.003268419297482884,10
HGNN,diagnostics,op,200,0.002735391318742805,0.0005025423457489021,0.002232848972993903,0.003237933664491707,10
HGNN,diagnostics,op,201,0.0027080161943769474,0.0004997369075135973,0.00220827928686335,0.003207753101890545,10
HGNN,diagnostics,op,202,0.0026809396844344226,0.000496933872982791,0.0021840058114516317,0.0031778735574172134,10
HGNN,diagnostics,op,203,0.00265415762051978,0.0004941334580298251,0.0021600241624899546,0.0031482910785496053,10
HGNN,diagnostics,op,204,0.002627665932180009,0.0004913358765566949,0.0021363300556233138,0.003119001808736704,10
HGNN,diagnostics,op,205,0.002601460643366664,0.0004885413404182592,0.0021129193029484046,0.0030900019837849235,10
HGNN,diagnostics,op,206,0.0025755378690424722,0.0004857500593509405,0.0020897878096915318,0.0030612879283934127,10
HGNN,diagnostics,op,207,0.00254989381192654,0.00048296224090569874,0.0020669315710208414,0.0030328560528322386,10
HGNN,diagnostics,op,208,0.00252452475937252,0.0004801780903850865,0.0020443466689874334,0.0030047028497576064,10
HGNN,diagnostics,op,209,0.0024994270803743246,0.0004773978107841939,0.002022029269590131,0.0029768248911585184,10
HGNN,diagnostics,op,210,0.0024745972226941663,0.0004746216027353137,0.0019999756199588527,0.00294921882542948,10
HGNN,diagnostics,op,211,0.002450031710107958,0.0004718496644561676,0.0019781820456517907,0.0029218813745641257,10
HGNN,diagnostics,op,212,0.002425727139763249,0.0004690821917015343,0.0019566449480617146,0.0028948093314647835,10
HGNN,diagnostics,op,213,0.0024016801796451176,0.0004663193777181492,0.0019353608019269683,0.0028679995573632666,10
HGNN,diagnostics,op,214,0.00237788756614559,0.0004635614132027322,0.0019143261529428579,0.0028414489793483224,10
HGNN,diagnostics,op,215,0.002354346101732342,0.00046080848626302794,0.001893537615469314,0.0028151545879953697,10
HGNN,diagnostics,op,216,0.0023310526527126106,0.00045806078238173203,0.0018729918703308786,0.0027891134350943427,10
HGNN,diagnostics,op,217,0.0023080041470884224,0.0004553184843832005,0.0018526856627052218,0.0027633226314716227,10
HGNN,diagnostics,op,218,0.0022851975724993484,0.00045258177240283215,0.0018326158000965163,0.0027377793449021807,10
HGNN,diagnostics,op,219,0.002262629974249231,0.0004498508238590239,0.0018127791503902073,0.002712480798108255,10
HGNN,diagnostics,op,220,0.0022402984534133806,0.0004471258134276135,0.001793172639985767,0.002687424266840994,10
HGNN,diagnostics,op,221,0.002218200165022948,0.00044440691301870827,0.0017737932520042398,0.0026626070780416565,10
HGNN,diagnostics,op,222,0.0021963323163232814,0.0004416942917558211,0.0017546380245674602,0.0026380266080791026,10
HGNN,diagnostics,op,223,0.002174692165103203,0.0004389881159572375,0.0017357040491459655,0.0026136802810604407,10
HGNN,diagnostics,op,224,0.0021532770180922767,0.00043628854911952124,0.0017169884689727554,0.0025895655672117978,10
HGNN,diagnostics,op,225,0.0021320842294232454,0.00043359575190310277,0.0016984884775201425,0.0025656799813263483,10
HGNN,diagnostics,op,226,0.002111111199156939,0.0004309098821198621,0.0016802013170370768,0.002542021081276801,10
HGNN,diagnostics,op,227,0.002090355371867048,0.00042823109472265236,0.0016621242771443956,0.0025185864665897,10
HGNN,diagnostics,op,228,0.0020698142352822864,0.000425559541796687,0.0016442546934855994,0.0024953737770789736,10
HGNN,diagnostics,op,229,0.002049485318983543,0.00042289537255273276,0.0016265899464308101,0.002472380691536276,10
HGNN,diagnostics,op,230,0.002029366193153734,0.00042023873332204645,0.0016091274598316874,0.0024496049264757804,10
HGNN,diagnostics,op,231,0.0020094544673781504,0.00041758976755299594,0.0015918646998251545,0.0024270442349311463,10
HGNN,diagnostics,op,232,0.001989747789493198,0.0004149486158093074,0.0015747991736838904,0.002404696405302505,10
HGNN,diagnostics,op,233,0.001970243844481496,0.0004123154157698834,0.0015579284287116127,0.0023825592602513793,10
HGNN,diagnostics,op,234,0.0019509403534113943,0.0004096903022301406,0.0015412500511812538,0.002360630655641535,10
HGNN,diagnostics,op,235,0.0019318350724190456,0.00040707340710480975,0.001524761665314236,0.0023389084795238553,10
HGNN,diagnostics,op,236,0.001912925791731242,0.00040446485943215006,0.001508460932299092,0.002317390651163392,10
HGNN,diagnostics,op,237,0.0018942103347273018,0.00040186478537952984,0.0014923455493477719,0.0022960751201068315,10
HGNN,diagnostics,op,238,0.001875686557038354,0.0003992733082503194,0.0014764132487880346,0.002274959865288673,10
HGNN,diagnostics,op,239,0.0018573523456824608,0.0003966905484920567,0.0014606617971904042,0.0022540428941745174,10
HGNN,diagnostics,op,240,0.0018392056182340328,0.0003941166237058332,0.0014450889945281996,0.002233322241939866,10
HGNN,diagnostics,op,241,0.0018212443220261196,0.00039155164865685714,0.0014296926733692625,0.0022127959706829767,10
HGNN,diagnostics,op,242,0.0018034664333841544,0.00038899573528615195,0.0014144706980980025,0.0021924621686703065,10
HGNN,diagnostics,op,243,0.001785869956889835,0.00038644899272334326,0.0013994209641664916,0.0021723189496131784,10
HGNN,diagnostics,op,244,0.0017684529246738555,0.00038391152730049837,0.001384541397373357,0.0021523644519743537,10
HGNN,diagnostics,op,245,0.0017512133957362519,0.0003813834425669677,0.001369829953169284,0.0021325968383032194,10
HGNN,diagnostics,op,246,0.001734149455293208,0.00037886483930519893,0.001355284615988009,0.002113014294598407,10
HGNN,diagnostics,op,247,0.0017172592141491603,0.00037635581554747546,0.0013409033986016847,0.002093615029696636,10
HGNN,diagnostics,op,248,0.0017005408080931535,0.0003738564665935456,0.001326684341499608,0.002074397274686699,10
HGNN,diagnostics,op,249,0.0016839923973183811,0.00037136688502910223,0.001312625512289279,0.0020553592823474836,10
HGNN,diagnostics,op,250,0.001667612165863939,0.0003688871607450796,0.0012987250051188595,0.0020364993266090187,10
HGNN,diagnostics,op,251,0.0016513983210778265,0.00036641738095772436,0.0012849809401201022,0.002017815702035551,10
HGNN,diagnostics,op,252,0.0016353490931002852,0.00036395763022941215,0.0012713914628708731,0.0019993067233296975,10
HGNN,diagnostics,op,253,0.0016194627343666043,0.00036150799049017307,0.0012579547438764313,0.0019809707248567773,10
HGNN,diagnostics,op,254,0.001603737519128547,0.00035906854105988715,0.00124466897806866,0.001962806060188434,10
HGNN,diagnostics,op,255,0.001588171742993604,0.0003566393586711264,0.0012315323843224775,0.0019448111016647303,10
HGNN,diagnostics,op,256,0.0015727637224812962,0.0003542205174925994,0.0012185432049886967,0.0019269842399738956,10
HGNN,restart,base,0,1.0,0.0,1.0,1.0,10
HGNN,restart,base,1,0.23261687003265302,0.0011688843221853674,0.23144798571046765,0.2337857543548384,10
HGNN,restart,base,2,0.08841969713690301,0.0006694017862085213,0.0877502953506945,0.08908909892311152,10
HGNN,restart,base,3,0.043881585454032576,0.00038877426626313626,0.04349281118776944,0.044270359720295714,10
HGNN,restart,base,4,0.02534652925625739,0.00024864150176190077,0.02509788775449549,0.02559517075801929,10
HGNN,restart,base,5,0.01613275326521276,0.00017358144898648898,0.015959171816226272,0.01630633471419925,10
HGNN,restart,base,6,0.010997580708658075,0.00012960230630106756,0.010867978402357007,0.011127183014959142,10
HGNN,restart,base,7,0.007895177020093696,0.0001015921367327713,0.0077935848833609244,0.007996769156826468,10
HGNN,restart,base,8,0.0059020700270477995,8.242913075122829e-05,0.005819640896296571,0.005984499157799028,10
HGNN,restart,base,9,0.004556806973717959,6.854487441985727e-05,0.004488262099298102,0.004625351848137816,10
HGNN,restart,base,10,0.003610928035655437,5.8040581166170316e-05,0.0035528874544892668,0.0036689686168216076,10
HGNN,restart,base,11,0.002922650020967098,4.983916025016981e-05,0.0028728108607169282,0.002972489181217268,10
HGNN,restart,base,12,0.0024071063274543614,4.3287330422210434e-05,0.002363818997032151,0.0024503936578765717,10
HGNN,restart,base,13,0.0020113765425244547,3.796253346718474e-05,0.00197341400905727,0.0020493390759916395,10
HGNN,restart,base,14,0.0017012506433564194,3.357572175041769e-05,0.0016676749216060016,0.0017348263651068372,10
HGNN,restart,base,15,0.001453891034887529,2.9920168873875985e-05,0.001423970866013653,0.001483811203761405,10
HGNN,restart,base,16,0.0012536053666481908,2.684304061968459e-05,0.0012267623260285062,0.0012804484072678755,10
HGNN,restart,base,17,0.0010893276289265191,2.422864488886446e-05,0.0010650989840376547,0.0011135562738153835,10
HGNN,restart,base,18,0.0009530706679778565,2.1987946565437758e-05,0.0009310827214124187,0.0009750586145432943,10
HGNN,restart,base,19,0.0008389485329103762,2.0051620509956983e-05,0.0008188969124004192,0.0008590001534203331,10
HGNN,restart,base,20,0.000742542655291613,1.836521977815383e-05,0.0007241774355134592,0.0007609078750697668,10
HGNN,restart,base,21,0.0006604809656863344,1.688568511929677e-05,0.0006435952805670375,0.0006773666508056312,10
HGNN,restart,base,22,0.000590152116038544,1.5578753708824843e-05,0.0005745733623297192,0.0006057308697473689,10
HGNN,restart,base,23,0.0005295073903612252,1.441700006555971e-05,0.0005150903902956655,0.000543924390426785,10
HGNN,restart,base,24,0.0004769207513878637,1.337833787124047e-05,0.00046354241351662323,0.0004902990892591042,10
HGNN,restart,base,25,0.00043108820719968557,1.2444866377108022e-05,0.0004186433408225775,0.0004435330735767936,10
HGNN,restart,base,26,0.00039095427340771584,1.1601978535301937e-05,0.00037935229487241393,0.00040255625194301776,10
HGNN,restart,base,27,0.0003556574357824279,1.0837669707926066e-05,0.0003448197660745018,0.00036649510549035397,10
HGNN,restart,base,28,0.00032448915499459785,1.0142000788450904e-05,0.00031434715420614696,0.00033463115578304873,10
HGNN,restart,base,29,0.0002968626697462028,9.506680425792944e-06,0.0002873559893204098,0.00030636935017199575,10
HGNN,restart,base,30,0.000272288989015975,8.924739176559269e-06,0.00026336424983941574,0.00028121372819253426,10
HGNN,restart,base,31,0.0002503582272087157,8.39027462883553e-06,0.00024196795257988018,0.0002587485018375512,10
HGNN,restart,base,32,0.00023072495736331376,7.898251338759322e-06,0.00022282670602455444,0.00023862320870207307,10
HGNN,restart,base,33,0.00021309661912766062,7.444343134492675e-06,0.00020565227599316795,0.00022054096226215329,10
HGNN,restart,base,34,0.00019722427247841518,7.024808214566453e-06,0.00019019946426384872,0.00020424908069298164,10
HGNN,restart,base,35,0.00018289516936254857,6.636389684367866e-06,0.0001762587796781807,0.00018953155904691642,10
HGNN,restart,base,36,0.00016992674617665105,6.276235880623573e-06,0.0001636505102960275,0.00017620298205727462,10
HGNN,restart,base,37,0.00015816173543359519,5.941836143275908e-06,0.00015221989929031928,0.0001641035715768711,10
HGNN,restart,base,38,0.00014746416538894398,5.630968697149227e-06,0.00014183319669179475,0.0001530951340860932,10
HGNN,restart,base,39,0.00013771606889533453,5.341658072856529e-06,0.000132374410822478,0.00014305772696819106,10
HGNN,restart,base,40,0.00012881476225674483,5.0721400825533315e-06,0.0001237426221741915,0.00013388690233929817,10
HGNN,restart,base,41,0.00012067058484415056,4.820832814044061e-06,0.0001158497520301065,0.00012549141765819463,10
HGNN,restart,base,42,0.00011320501318837003,4.586312449228225e-06,0.00010861870073914181,0.00011779132563759825,10
HGNN,restart,base,43,0.00010634908097007997,4.3672929751017805e-06,0.0001019817879949782,0.00011071637394518175,10
HGNN,restart,base,44,0.0001000420500796146,4.162609056706714e-06,9.587944102290789e-05,0.00010420465913632131,10
HGNN,restart,base,45,9.423028867364789e-05,3.971201496159308e-06,9.025908717748858e-05,9.82014901698072e-05,10
HGNN,restart,base,46,8.886632061845518e-05,3.7921048212739653e-06,8.507421579718121e-05,9.265842543972915e-05,10
HGNN,restart,base,47,8.39080174076443e-05,3.6244366397408586e-06,8.028358076790344e-05,8.753245404738517e-05,10
HGNN,restart,base,48,7.931790897312968e-05,3.4673884666806476e-06,7.585052050644903e-05,8.278529743981032e-05,10
HGNN,restart,base,49,7.506259407281997e-05,3.320217789511445e-06,7.174237628330853e-05,7.838281186233141e-05,10
HGNN,restart,base,50,7.111223436693893e-05,3.182241178081199e-06,6.792999318885774e-05,7.429447554502013e-05,10
HGNN,restart,base,51,6.744011906383345e-05,3.0528282827202183e-06,6.438729078111324e-05,7.049294734655366e-05,10
HGNN,restart,base,52,6.402228926221331e-05,2.9313965903678098e-06,6.10908926718455e-05,6.695368585258112e-05,10
HGNN,restart,base,53,6.0837212946328824e-05,2.817406830838488e-06,5.801980611549033e-05,6.365461977716732e-05,10
HGNN,restart,base,54,5.786550308676751e-05,2.710358942852351e-06,5.5155144143915164e-05,6.057586202961986e-05,10
HGNN,restart,base,55,5.508967252771423e-05,2.609788523612876e-06,5.2479884004101356e-05,5.7699461051327105e-05,10
HGNN,restart,base,56,5.249392035331245e-05,2.5152636972074123e-06,4.9978656656105036e-05,5.500918405051986e-05,10
HGNN,restart,base,57,5.0063945262185716e-05,2.4263823465018402e-06,4.763756291568388e-05,5.2490327608687554e-05,10
HGNN,restart,base,58,4.778678217290891e-05,2.3427696609452133e-06,4.5444012511963695e-05,5.012955183385412e-05,10
HGNN,restart,base,59,4.565065886043033e-05,2.2640759591402e-06,4.338658290129013e-05,4.791473481957053e-05,10
HGNN,restart,base,60,4.364486990517361e-05,2.1899747504426847e-06,4.1454895154730925e-05,4.583484465561629e-05,10
HGNN,restart,base,61,4.175966563976877e-05,2.1201610044424947e-06,3.963950463532628e-05,4.3879826644211264e-05,10
HGNN,restart,base,62,3.9986154116827176e-05,2.0543496011126543e-06,3.793180451571452e-05,4.2040503717939834e-05,10
HGNN,restart,base,63,3.8316214406059405e-05,1.9922739378266383e-06,3.632394046823277e-05,4.030848834388604e-05,10
HGNN,restart,base,64,3.674241976945564e-05,1.9336846724309294e-06,3.480873509702471e-05,3.867610444188657e-05,10
HGNN,restart,base,65,3.5257969466662606e-05,1.8783485842000778e-06,3.337962088246253e-05,3.713631805086268e-05,10
HGNN,restart,base,66,3.385662811522103e-05,1.8260475368496925e-06,3.203058057837134e-05,3.5682675652070725e-05,10
HGNN,restart,base,67,3.253267167701423e-05,1.7765775298822113e-06,3.075609414713202e-05,3.4309249206896445e-05,10
HGNN,restart,base,68,3.1280839267280725e-05,1.729747826421502e-06,2.9551091440859224e-05,3.301058709370223e-05,10
HGNN,restart,base,69,3.0096290089310935e-05,1.6853801473776804e-06,2.8410909941933256e-05,3.178167023668862e-05,10
HGNN,restart,base,70,2.8974564889336243e-05,1.6433079232898274e-06,2.7331256966046416e-05,3.061787281262607e-05,10
HGNN,restart,base,71,2.7911551404513386e-05,1.6033755965339253e-06,2.630817580797946e-05,2.951492700104731e-05,10
HGNN,restart,base,72,2.6903453344292875e-05,1.5654379677665617e-06,2.5338015376526313e-05,2.8468891312059436e-05,10
HGNN,restart,base,73,2.59467625035004e-05,1.5293595815110806e-06,2.441740292198932e-05,2.747612208501148e-05,10
HGNN,restart,base,74,2.503823365554988e-05,1.4950141466903047e-06,2.3543219508859577e-05,2.6533247802240185e-05,10
HGNN,restart,base,75,2.4174861917516576e-05,1.4622839886782687e-06,2.2712577928838306e-05,2.5637145906194846e-05,10
HGNN,restart,base,76,2.3353862316316976e-05,1.4310595300917772e-06,2.19228027862252e-05,2.4784921846408753e-05,10
HGNN,restart,base,77,2.257265131780242e-05,1.401238798081517e-06,2.1171412519720902e-05,2.3973890115883936e-05,10
HGNN,restart,base,78,2.1828830108880616e-05,1.372726956322454e-06,2.0456103152558163e-05,2.320155706520307e-05,10
HGNN,restart,base,79,2.1120169447431832e-05,1.3454358602553543e-06,1.977473358717648e-05,2.2465605307687186e-05,10
HGNN,restart,base,80,2.0444595916292687e-05,1.3192836344068263e-06,1.912531228188586e-05,2.1763879550699514e-05,10
HGNN,restart,base,81,1.9800179436372672e-05,1.2941942708246859e-06,1.8505985165547986e-05,2.1094373707197357e-05,10
HGNN,restart,base,82,1.918512191041572e-05,1.270097247819711e-06,1.7915024662596008e-05,2.045521915823543e-05,10
HGNN,restart,base,83,1.859774688333692e-05,1.2469271683133748e-06,1.7350819715023545e-05,1.9844674051650296e-05,10
HGNN,restart,base,84,1.803649011772222e-05,1.2246234171630268e-06,1.6811866700559193e-05,1.9261113534885246e-05,10
HGNN,restart,base,85,1.7499890994209046e-05,1.2031298368793688e-06,1.6296761157329678e-05,1.8703020831088414e-05,10
HGNN,restart,base,86,1.6986584656266224e-05,1.1823944211727938e-06,1.580419023509343e-05,1.8168979077439016e-05,10
HGNN,restart,base,87,1.6495294827534392e-05,1.1623690257714542e-06,1.5332925801762938e-05,1.7657663853305847e-05,10
HGNN,restart,base,88,1.602482723752006e-05,1.143009095949647e-06,1.4881818141570413e-05,1.7167836333469706e-05,10
HGNN,restart,base,89,1.557406359818617e-05,1.1242734101946652e-06,1.4449790187991505e-05,1.6698337008380836e-05,10
HGNN,restart,base,90,1.5141956079958151e-05,1.1061238394264579e-06,1.4035832240531693e-05,1.6248079919384608e-05,10
HGNN,restart,base,91,1.4727522240964103e-05,1.0885251211703803e-06,1.3638997119793723e-05,1.5816047362134484e-05,10
HGNN,restart,base,92,1.4329840368032569e-05,1.0714446480703124e-06,1.3258395719962257e-05,1.5401285016102882e-05,10
HGNN,restart,base,93,1.3948045192153973e-05,1.0548522701189994e-06,1.2893192922034974e-05,1.5002897462272973e-05,10
HGNN,restart,base,94,1.3581323944834608e-05,1.0387201099756326e-06,1.2542603834858975e-05,1.4620044054810241e-05,10
HGNN,restart,base,95,1.3228912725089694e-05,1.0230223907374232e-06,1.220589033435227e-05,1.4251935115827118e-05,10
HGNN,restart,base,96,1.2890093149782152e-05,1.0077352755328386e-06,1.1882357874249314e-05,1.389782842531499e-05,10
HGNN,restart,base,97,1.256418926265811e-05,9.928367183090248e-07,1.1571352544349084e-05,1.3557025980967134e-05,10
HGNN,restart,base,98,1.2250564679794712e-05,9.783063251944101e-07,1.1272258354600302e-05,1.3228871004989123e-05,10
HGNN,restart,base,99,1.1948619951293328e-05,9.641252258294536e-07,1.0984494725463875e-05,1.291274517712278e-05,10
HGNN,restart,base,100,1.1657790120948752e-05,9.502759540734052e-07,1.0707514166875347e-05,1.2608066075022158e-05,10
HGNN,restart,base,101,1.1377542467328042e-05,9.367423375124335e-07,1.0440800129815609e-05,1.2314284804840476e-05,10
HGNN,restart,base,102,1.1107374411222065e-05,9.235093952140259e-07,1.0183865016008039e-05,1.2030883806436092e-05,10
HGNN,restart,base,103,1.0846811575808269e-05,9.105632431938679e-07,9.936248332614402e-06,1.1757374819002136e-05,10
HGNN,restart,base,104,1.0595405987101243e-05,8.978910070838929e-07,9.69751498001735e-06,1.1493296994185136e-05,10
HGNN,restart,base,105,1.0352734403383025e-05,8.85480741513614e-07,9.467253661869412e-06,1.1238215144896639e-05,10
HGNN,restart,base,106,1.0118396763311328e-05,8.73321355740757e-07,9.24507540757057e-06,1.0991718119052086e-05,10
HGNN,restart,base,107,9.892014743312012e-06,8.614025450913963e-07,9.030612198220616e-06,1.0753417288403408e-05,10
HGNN,restart,base,108,9.673230415683026e-06,8.49714727793881e-07,8.823515687889145e-06,1.0522945143476907e-05,10
HGNN,restart,base,109,9.461704999579399e-06,8.382489868147073e-07,8.623456012764691e-06,1.0299953986394107e-05,10
HGNN,restart,base,110,9.257117697721015e-06,8.26997016327905e-07,8.43012068139311e-06,1.0084114714048919e-05,10
HGNN,restart,base,111,9.059164612274e-06,8.159510724722486e-07,8.24321353980175e-06,9.875115684746248e-06,10
HGNN,restart,base,112,8.867557733908941e-06,8.05103928072708e-07,8.062453805836234e-06,9.672661661981649e-06,10
HGNN,restart,base,113,8.682023998540633e-06,7.944488310237708e-07,7.887575167516863e-06,9.476472829564404e-06,10
HGNN,restart,base,114,8.502304406709659e-06,7.839794660526053e-07,7.718324940657053e-06,9.286283872762264e-06,10
HGNN,restart,base,115,8.328153200980414e-06,7.736899195994368e-07,7.554463281380977e-06,9.10184312057985e-06,10
HGNN,restart,base,116,8.159337097107182e-06,7.635746475709483e-07,7.395762449536234e-06,8.92291174467813e-06,10
HGNN,restart,base,117,7.995634565063355e-06,7.536284457399637e-07,7.242006119323391e-06,8.749263010803319e-06,10
HGNN,restart,base,118,7.83683515634188e-06,7.438464225811459e-07,7.092988733760734e-06,8.580681578923027e-06,10
HGNN,restart,base,119,7.682738874220607e-06,7.34223974347927e-07,6.94851489987268e-06,8.416962848568534e-06,10
HGNN,restart,base,120,7.533155583946964e-06,7.247567622104641e-07,6.8083988217365e-06,8.257912346157428e-06,10
HGNN,restart,base,121,7.387904460034649e-06,7.15440691288018e-07,6.6724637687466315e-06,8.103345151322667e-06,10
HGNN,restart,base,122,7.246813468082737e-06,7.062718914218886e-07,6.540541576660849e-06,7.953085359504626e-06,10
HGNN,restart,base,123,7.10971887872714e-06,6.972466995469472e-07,6.412472179180193e-06,7.806965578274087e-06,10
HGNN,restart,base,124,6.9764648115166464e-06,6.883616435308101e-07,6.288103167985836e-06,7.664826455047457e-06,10
HGNN,restart,base,125,6.8469028066732885e-06,6.796134273600459e-07,6.167289379313243e-06,7.526516234033334e-06,10
HGNN,restart,base,126,6.720891422849986e-06,6.709989175623053e-07,6.04989250528768e-06,7.391890340412291e-06,10
HGNN,restart,base,127,6.598295859139282e-06,6.625151307621301e-07,5.935780728377152e-06,7.260810989901412e-06,10
HGNN,restart,base,128,6.478987599716257e-06,6.541592222764061e-07,5.82482837743985e-06,7.133146821992663e-06,10
HGNN,restart,base,129,6.3628440796174665e-06,6.459284756629729e-07,5.716915603954494e-06,7.008772555280439e-06,10
HGNN,restart,base,130,6.249748370267e-06,6.37820293142948e-07,5.611928077124052e-06,6.887568663409947e-06,10
HGNN,restart,base,131,6.13958888346127e-06,6.298321868237547e-07,5.509756696637515e-06,6.769421070285024e-06,10
HGNN,restart,base,132,6.032259092616716e-06,6.219617706558355e-07,5.4102973219608806e-06,6.654220863272552e-06,10
HGNN,restart,base,133,5.9276572701698185e-06,6.142067530615184e-07,5.3134505171083e-06,6.541864023231337e-06,10
HGNN,restart,base,134,5.825686240097489e-06,6.065649301795786e-07,5.219121309917911e-06,6.432251170277068e-06,10
HGNN,restart,base,135,5.726253144598403e-06,5.990341796736886e-07,5.127218964924715e-06,6.325287324272092e-06,10
HGNN,restart,base,136,5.6292692240427716e-06,5.916124550572586e-07,5.037656768985513e-06,6.2208816791000305e-06,10
HGNN,restart,base,137,5.534649609359865e-06,5.842977804911063e-07,4.950351828868759e-06,6.118947389850971e-06,10
HGNN,restart,base,138,5.442313126089803e-06,5.77088246014013e-07,4.86522488007579e-06,6.019401372103816e-06,10
HGNN,restart,base,139,5.352182109378877e-06,5.699820031695786e-07,4.782200106209298e-06,5.9221641125484564e-06,10
HGNN,restart,base,140,5.26418222924661e-06,5.629772609958196e-07,4.701204968250791e-06,5.82715949024243e-06,10
HGNN,restart,base,141,5.178242325498025e-06,5.560722823467954e-07,4.6221700431512295e-06,5.73431460784482e-06,10
HGNN,restart,base,142,5.094294251696469e-06,5.492653805180943e-07,4.545028871178374e-06,5.643559632214563e-06,10
HGNN,restart,base,143,5.012272727651244e-06,5.425549161504058e-07,4.469717811500838e-06,5.55482764380165e-06,10
HGNN,restart,base,144,4.9321151999102906e-06,5.35939294387554e-07,4.396175905522737e-06,5.468054494297844e-06,10
HGNN,restart,base,145,4.853761709781615e-06,5.294169622673694e-07,4.324344747514246e-06,5.383178672048984e-06,10
HGNN,restart,base,146,4.777154768438185e-06,5.229864063256017e-07,4.2541683621125835e-06,5.300141174763787e-06,10
HGNN,restart,base,147,4.70223923868983e-06,5.166461503947329e-07,4.1855930882950975e-06,5.218885389084563e-06,10
HGNN,restart,base,148,4.628962223032459e-06,5.103947535811057e-07,4.118567469451354e-06,5.1393569766135645e-06,10
HGNN,restart,base,149,4.5572729576098625e-06,5.042308084051717e-07,4.053042149204691e-06,5.061503766015034e-06,10
HGNN,restart,base,150,4.487122711746439e-06,4.981529390909489e-07,3.98896977265549e-06,4.985275650837388e-06,10
HGNN,restart,base,151,4.418464692730823e-06,4.921597999919726e-07,3.92630489273885e-06,4.910624492722796e-06,10
HGNN,restart,base,152,4.351253955550434e-06,4.862500741420845e-07,3.86500388140835e-06,4.837504029692519e-06,10
HGNN,restart,base,153,4.285447317295659e-06,4.804224719204086e-07,3.8050248453752502e-06,4.765869789216067e-06,10
HGNN,restart,base,154,4.221003275969805e-06,4.746757298207536e-07,3.7463275461490518e-06,4.695679005790559e-06,10
HGNN,restart,base,155,4.157881933457255e-06,4.6900860931653306e-07,3.6888733241407216e-06,4.626890542773788e-06,10
HGNN,restart,base,156,4.096044922417326e-06,4.634198958130278e-07,3.632625026604298e-06,4.559464818230353e-06,10
HGNN,restart,base,157,4.035455336885584e-06,4.5790839767952505e-07,3.577546939206059e-06,4.493363734565109e-06,10
HGNN,restart,base,158,3.9760776663775124e-06,4.524729453545097e-07,3.5236047210230026e-06,4.428550611732022e-06,10
HGNN,restart,base,159,3.917877733301763e-06,4.471123905176508e-07,3.470765342784112e-06,4.364990123819414e-06,10
HGNN,restart,base,160,3.860822633501806e-06,4.4182560532286823e-07,3.4189970281789374e-06,4.302648238824674e-06,10
HGNN,restart,base,161,3.804880679755527e-06,4.366114816872603e-07,3.3682691980682665e-06,4.241492161442787e-06,10
HGNN,restart,base,162,3.7500213480724243e-06,4.314689306311006e-07,3.3185524174413236e-06,4.181490278703525e-06,10
HGNN,restart,base,163,3.696215226637481e-06,4.263968816645391e-07,3.269818344972942e-06,4.12261210830202e-06,10
HGNN,restart,base,164,3.643433967259629e-06,4.2139428221700927e-07,3.22203968504262e-06,4.064828249476638e-06,10
HGNN,restart,base,165,3.591650239191007e-06,4.1646009710568503e-07,3.175190142085322e-06,4.008110336296692e-06,10
HGNN,restart,base,166,3.540837685190914e-06,4.115933080396454e-07,3.1292443771512686e-06,3.9524309932305595e-06,10
HGNN,restart,base,167,3.4909708797156785e-06,4.067929131566963e-07,3.0841779665589824e-06,3.897763792872375e-06,10
HGNN,restart,base,168,3.442025289122432e-06,4.0205792659005007e-07,3.039967362532382e-06,3.844083215712482e-06,10
HGNN,restart,base,169,3.3939772337811816e-06,3.973873780623192e-07,2.9965898557188624e-06,3.7913646118435007e-06,10
HGNN,restart,base,170,3.34680385199555e-06,3.9278031250448676e-07,2.954023539491063e-06,3.739584164500037e-06,10
HGNN,restart,base,171,3.300483065638187e-06,3.8823578969772276e-07,2.9122472759404644e-06,3.68871885533591e-06,10
HGNN,restart,base,172,3.2549935474121325e-06,3.837528839361002e-07,2.8712406634760325e-06,3.6387464313482326e-06,10
HGNN,restart,base,173,3.2103146896543705e-06,3.7933068370843563e-07,2.830984005945935e-06,3.589645373362806e-06,10
HGNN,restart,base,174,3.1664265746024614e-06,3.7496829139762026e-07,2.791458283204841e-06,3.5413948660000816e-06,10
HGNN,restart,base,175,3.1233099460495337e-06,3.7066482299596615e-07,2.7526451230535676e-06,3.4939747690455e-06,10
HGNN,restart,base,176,3.080946182317038e-06,3.6641940783521106e-07,2.714526774481827e-06,3.4473655901522492e-06,10
HGNN,restart,base,177,3.0393172704784953e-06,3.622311883299386e-07,2.6770860821485567e-06,3.401548458808434e-06,10
HGNN,restart,base,178,2.9984057817711926e-06,3.580993197332934e-07,2.640306462037899e-06,3.356505101504486e-06,10
HGNN,restart,base,179,2.958194848136115e-06,3.5402296990395045e-07,2.6041718782321648e-06,3.3122178180400654e-06,10
HGNN,restart,base,180,2.9186681398297215e-06,3.5000131908340813e-07,2.5686668207463135e-06,3.2686694589131296e-06,10
HGNN,restart,base,181,2.87980984405413e-06,3.460335596827368e-07,2.533776284371393e-06,3.225843403736867e-06,10
HGNN,restart,base,182,2.841604644555206e-06,3.4211889607800857e-07,2.499485748477197e-06,3.1837235406332147e-06,10
HGNN,restart,base,183,2.8040377021407103e-06,3.38256544413688e-07,2.4657811577270223e-06,3.1422942465543984e-06,10
HGNN,restart,base,184,2.767094636073209e-06,3.344457324133366e-07,2.4326489036598724e-06,3.1015403684865452e-06,10
HGNN,restart,base,185,2.7307615062948607e-06,3.3068569919703444e-07,2.4000758070978265e-06,3.061447205491895e-06,10
HGNN,restart,base,186,2.695024796443449e-06,3.269756951049826e-07,2.3680491013384665e-06,3.0220004915484316e-06,10
HGNN,restart,base,187,2.659871397621153e-06,3.2331498152679114e-07,2.336556416094362e-06,2.983186379147944e-06,10
HGNN,restart,base,188,2.625288592879576e-06,3.197028307360007e-07,2.3055857621435753e-06,2.944991423615577e-06,10
HGNN,restart,base,189,2.5912640423864553e-06,3.1613852572943896e-07,2.275125516657016e-06,2.9074025681158943e-06,10
HGNN,restart,base,190,2.5577857692412424e-06,3.126213600710275e-07,2.2451644091702147e-06,2.87040712931227e-06,10
HGNN,restart,base,191,2.524842145908482e-06,3.091506377397128e-07,2.215691508168769e-06,2.833992783648195e-06,10
HGNN,restart,base,192,2.4924218812394665e-06,3.0572567298120534e-07,2.186696208258261e-06,2.798147554220672e-06,10
HGNN,restart,base,193,2.460514008054208e-06,3.023457901632521e-07,2.158168217890956e-06,2.76285979821746e-06,10
HGNN,restart,base,194,2.4291078712571533e-06,2.990103236341847e-07,2.1300975476229684e-06,2.728118194891338e-06,10
HGNN,restart,base,195,2.3981931164614582e-06,2.95718617584516e-07,2.1024744988769423e-06,2.693911734045974e-06,10
HGNN,restart,base,196,2.3677596790978717e-06,2.9247002591137204e-07,2.0752896531864996e-06,2.6602297050092437e-06,10
HGNN,restart,base,197,2.3377977739855395e-06,2.8926391208557313e-07,2.0485338618999664e-06,2.6270616860711126e-06,10
HGNN,restart,base,198,2.308297885343131e-06,2.8609964902118646e-07,2.0221982363219448e-06,2.5943975343643176e-06,10
HGNN,restart,base,199,2.2792507572198147e-06,2.8297661894739923e-07,1.9962741382724154e-06,2.562227376167214e-06,10
HGNN,restart,base,200,2.2506473843266032e-06,2.79894213282567e-07,1.9707531710440363e-06,2.53054159760917e-06,10
HGNN,restart,base,201,2.222479003249573e-06,2.7685183251030953e-07,1.9456271707392634e-06,2.4993308357598822e-06,10
HGNN,restart,base,202,2.1947370840273805e-06,2.7384888605753923e-07,1.9208881979698413e-06,2.46858597008492e-06,10
HGNN,restart,base,203,2.167413322076361e-06,2.7088479217431755e-07,1.8965285299020433e-06,2.4382981142506783e-06,10
HGNN,restart,base,204,2.14049963044732e-06,2.6795897781544086e-07,1.8725406526318791e-06,2.4084586082627607e-06,10
HGNN,restart,base,205,2.1139881323989124e-06,2.650708785236758e-07,1.8489172538752366e-06,2.3790590109225883e-06,10
HGNN,restart,base,206,2.0878711542732407e-06,2.622199383145611e-07,1.8256512159586796e-06,2.350091092587802e-06,10
HGNN,restart,base,207,2.0621412186600017e-06,2.594056095627091e-07,1.8027356090972925e-06,2.321546828222711e-06,10
HGNN,restart,base,208,2.0367910378361805e-06,2.566273528895462e-07,1.7801636849466342e-06,2.2934183907257268e-06,10
HGNN,restart,base,209,2.011813507468924e-06,2.538846370524288e-07,1.7579288704164955e-06,2.265698144521353e-06,10
HGNN,restart,base,210,1.987201700569801e-06,2.511769388350938e-07,1.736024761734707e-06,2.2383786394048946e-06,10
HGNN,restart,base,211,1.9629488616892625e-06,2.4850374293938707e-07,1.7144451187498753e-06,2.2114526046286496e-06,10
HGNN,restart,base,212,1.9390484013406158e-06,2.4586454187823744e-07,1.6931838594623783e-06,2.184912943218853e-06,10
HGNN,restart,base,213,1.915493890643355e-06,2.4325883586983484e-07,1.6722350547735204e-06,2.15875272651319e-06,10
HGNN,restart,base,214,1.8922790561761747e-06,2.4068613273298104e-07,1.6515929234431937e-06,2.1329651889091557e-06,10
HGNN,restart,base,215,1.869397775030448e-06,2.3814594778358326e-07,1.6312518272468648e-06,2.1075437228140314e-06,10
HGNN,restart,base,216,1.8468440700553911e-06,2.356378037322636e-07,1.6112062663231276e-06,2.082481873787655e-06,10
HGNN,restart,base,217,1.8246121052865439e-06,2.3316123058306137e-07,1.5914508747034825e-06,2.057773335869605e-06,10
HGNN,restart,base,218,1.8026961815496066e-06,2.3071576553320783e-07,1.5719804160163988e-06,2.0334119470828145e-06,10
HGNN,restart,base,219,1.7810907322320216e-06,2.2830095287395008e-07,1.5527897793580716e-06,2.009391685105972e-06,10
HGNN,restart,base,220,1.7597903192150682e-06,2.259163438924153e-07,1.533873975322653e-06,1.9857066631074834e-06,10
HGNN,restart,base,221,1.7387896289595645e-06,2.235614967744927e-07,1.5152281321850717e-06,1.962351125734057e-06,10
HGNN,restart,base,222,1.7180834687385935e-06,2.212359765087227e-07,1.4968474922298709e-06,1.939319445247316e-06,10
HGNN,restart,base,223,1.697666763010973e-06,2.1893935479118223e-07,1.4787274082197907e-06,1.916606117802155e-06,10
HGNN,restart,base,224,1.6775345499294875e-06,2.1667120993135517e-07,1.4608633399981324e-06,1.8942057598608426e-06,10
HGNN,restart,base,225,1.6576819779781657e-06,2.144311267589765e-07,1.4432508512191892e-06,1.8721131047371422e-06,10
HGNN,restart,base,226,1.6381043027331587e-06,2.1221869653184276e-07,1.4258856062013159e-06,1.8503229992650014e-06,10
HGNN,restart,base,227,1.6187968837420158e-06,2.1003351684458386e-07,1.4087633668974319e-06,1.8288304005865997e-06,10
HGNN,restart,base,228,1.5997551815163994e-06,2.078751915383842e-07,1.3918799899780153e-06,1.8076303730547836e-06,10
HGNN,restart,base,229,1.5809747546335022e-06,2.0574333061165093e-07,1.3752314240218512e-06,1.7867180852451532e-06,10
HGNN,restart,base,230,1.5624512569416436e-06,2.0363755013162293e-07,1.3588137068100208e-06,1.7660888070732665e-06,10
HGNN,restart,base,231,1.544180434865732e-06,2.0155747214691374e-07,1.3426229627188181e-06,1.7457379070126458e-06,10
HGNN,restart,base,232,1.5261581248084703e-06,1.9950272460098633e-07,1.326655400207484e-06,1.7256608494094566e-06,10
HGNN,restart,base,233,1.5083802506433693e-06,1.974729412465539e-07,1.3109073093968154e-06,1.7058531918899233e-06,10
HGNN,restart,base,234,1.4908428212958102e-06,1.9546776156090307e-07,1.2953750597349071e-06,1.6863105828567132e-06,10
HGNN,restart,base,235,1.47354192840856e-06,1.9348683066213506e-07,1.280055097746425e-06,1.667028759070695e-06,10
HGNN,restart,base,236,1.4564737440883186e-06,1.9152979922632358e-07,1.264943944861995e-06,1.6480035433146422e-06,10
HGNN,restart,base,237,1.4396345187300105e-06,1.8959632340558368e-07,1.2500381953244268e-06,1.6292308421355942e-06,10
HGNN,restart,base,238,1.4230205789156893e-06,1.876860647470491e-07,1.2353345141686401e-06,1.6107066436627384e-06,10
HGNN,restart,base,239,1.4066283253850658e-06,1.8579869011275604e-07,1.2208296352723097e-06,1.5924270154978219e-06,10
HGNN,restart,base,240,1.390454231074792e-06,1.839338716004293e-07,1.2065203594743627e-06,1.5743881026752212e-06,10
HGNN,restart,base,241,1.374494839223765e-06,1.8209128646516762e-07,1.1924035527585974e-06,1.5565861256889328e-06,10
HGNN,restart,base,242,1.3587467615418346e-06,1.802706170420253e-07,1.1784761444998093e-06,1.53901737858386e-06,10
HGNN,restart,base,243,1.3432066764394134e-06,1.7847155066948861e-07,1.1647351257699247e-06,1.521678227108902e-06,10
HGNN,restart,base,244,1.327871327315593e-06,1.7669377961384163e-07,1.1511775477017512e-06,1.5045651069294347e-06,10
HGNN,restart,base,245,1.3127375209024786e-06,1.7493700099441853e-07,1.13780051990806e-06,1.4876745218968971e-06,10
HGNN,restart,base,246,1.297802125663551e-06,1.732009167097426e-07,1.1246012089538086e-06,1.4710030423732936e-06,10
HGNN,restart,base,247,1.283062070243959e-06,1.714852333645434e-07,1.1115768368794156e-06,1.4545473036085023e-06,10
HGNN,restart,base,248,1.2685143419707369e-06,1.6978966219765348e-07,1.0987246797730834e-06,1.4383040041683903e-06,10
HGNN,restart,base,249,1.2541559854010302e-06,1.6811391901077682e-07,1.0860420663902533e-06,1.422269904411807e-06,10
HGNN,restart,base,250,1.2399841009164847e-06,1.6645772409813072e-07,1.073526376818354e-06,1.4064418250146153e-06,10
HGNN,restart,base,251,1.2259958433620486e-06,1.6482080217695192e-07,1.0611750411850967e-06,1.3908166455390005e-06,10
HGNN,restart,base,252,1.2121884207274926e-06,1.6320288231886603e-07,1.0489855384086266e-06,1.3753913030463586e-06,10
HGNN,restart,base,253,1.1985590928700482e-06,1.6160369788211727e-07,1.036955394987931e-06,1.3601627907521655e-06,10
HGNN,restart,base,254,1.1851051702766022e-06,1.6002298644465215e-07,1.02508218383195e-06,1.3451281567212544e-06,10
HGNN,restart,base,255,1.1718240128639853e-06,1.584604897380535e-07,1.0133635231259318e-06,1.3302845026020387e-06,10
HGNN,restart,base,256,1.1587130288159215e-06,1.569159535823219e-07,1.0017970752335996e-06,1.3156289823982434e-06,10
HGNN,restart,restart,0,1.0,0.0,1.0,1.0,10
HGNN,restart,restart,1,0.27857986568805404,0.0011745527670766606,0.27740531292097736,0.2797544184551307,10
HGNN,restart,restart,2,0.13559844189599302,0.000788984078315529,0.13480945781767747,0.13638742597430856,10
HGNN,restart,restart,3,0.08835474869150312,0.0005490712845784428,0.08780567740692467,0.08890381997608156,10
HGNN,restart,restart,4,0.06786265452705284,0.0004173450607052732,0.06744530946634757,0.06827999958775811,10
HGNN,restart,restart,5,0.057476202746332895,0.00034147819378964496,0.05713472455254325,0.05781768094012254,10
HGNN,restart,restart,6,0.05165969747065572,0.0002953173083732216,0.0513643801622825,0.05195501477902894,10
HGNN,restart,restart,7,0.048168651571805304,0.00026589108263632837,0.04790276048916898,0.04843454265444163,10
HGNN,restart,restart,8,0.0459638986483516,0.00024640913709526543,0.04571748951125633,0.046210307785446866,10
HGNN,restart,restart,9,0.04451620539945238,0.00023311216265746717,0.04428309323679491,0.04474931756210984,10
HGNN,restart,restart,10,0.04353592141306464,0.00022381030294622874,0.043312111110118415,0.04375973171601087,10
HGNN,restart,restart,11,0.04285535063173502,0.00021717011108304067,0.04263818052065198,0.04307252074281806,10
HGNN,restart,restart,12,0.04237294193764349,0.00021234866630075142,0.042160593271342736,0.04258529060394424,10
HGNN,restart,restart,13,0.04202491218210515,0.000208796338618891,0.041816115843486254,0.04223370852072404,10
HGNN,restart,restart,14,0.04176997403492756,0.00020614542875056887,0.041563828606176995,0.04197611946367813,10
HGNN,restart,restart,15,0.04158071797968517,0.00020414462802399543,0.04137657335166117,0.04178486260770917,10
HGNN,restart,restart,16,0.041438551599675855,0.00020261903235949455,0.041235932567316363,0.041641170632035346,10
HGNN,restart,restart,17,0.04133062599593901,0.00020144498987698832,0.04112918100606202,0.041532070985815996,10
HGNN,restart,restart,18,0.04124791481906092,0.00020053386645795486,0.04104738095260296,0.04144844868551888,10
HGNN,restart,restart,19,0.04118398382769574,0.00019982133687347775,0.04098416249082226,0.041383805164569215,10
HGNN,restart,restart,20,0.0411341858153426,0.00019926018863191503,0.04093492562671069,0.04133344600397452,10
HGNN,restart,restart,21,0.04109512395203689,0.00019881540826084012,0.04089630854377605,0.04129393936029773,10
HGNN,restart,restart,22,0.041064288091893796,0.00019846077857358017,0.04086582731332022,0.041262748870467374,10
HGNN,restart,restart,23,0.041039804615759595,0.00019817649245845083,0.040841628123301145,0.041237981108218046,10
HGNN,restart,restart,24,0.04102026203203886,0.0001979474602476559,0.0408223145717912,0.041218209492286516,10
HGNN,restart,restart,25,0.041004587880571056,0.00019776209629509574,0.04080682578427596,0.04120234997686615,10
HGNN,restart,restart,26,0.0409919608486573,0.00019761144043608478,0.040794349408221214,0.04118957228909338,10
HGNN,restart,restart,27,0.040981747355478104,0.00019748851593547216,0.040784258839542634,0.041179235871413575,10
HGNN,restart,restart,28,0.04097345533503101,0.0001973878560855521,0.04077606747894546,0.04117084319111656,10
HGNN,restart,restart,29,0.040966700237633165,0.00019730515219613096,0.04076939508543703,0.0411640053898293,10
HGNN,restart,restart,30,0.04096117979959772,0.00019723698973773778,0.04076394280985998,0.04115841678933546,10
HGNN,restart,restart,31,0.04095665516487301,0.00019718064904583255,0.04075947451582718,0.04115383581391884,10
HGNN,restart,restart,32,0.04095293664960198,0.0001971339536943477,0.04075580269590763,0.041150070603296326,10
HGNN,restart,restart,33,0.040949872929247025,0.00019709515434305363,0.04075277777490397,0.04114696808359008,10
HGNN,restart,restart,34,0.04094734276900427,0.0001970628391818369,0.04075027992982243,0.04114440560818611,10
HGNN,restart,restart,35,0.04094524865853686,0.00019703586445999716,0.040748212794076866,0.041142284522996855,10
HGNN,restart,restart,36,0.04094351188288571,0.00019701330028698246,0.040746498582598725,0.041140525183172696,10
HGNN,restart,restart,37,0.04094206868389827,0.0001969943881200268,0.04074507429577824,0.0411390630720183,10
HGNN,restart,restart,38,0.04094086725505284,0.00019697850725088477,0.04074388874780195,0.041137845762303726,10
HGNN,restart,restart,39,0.04093986537706092,0.00019696514826206756,0.04074290022879885,0.04113683052532299,10
HGNN,restart,restart,40,0.040939028548978705,0.00019695389191042413,0.04074207465706828,0.04113598244088913,10
HGNN,restart,restart,41,0.04093832850456543,0.00019694439225872057,0.040741384112306704,0.04113527289682415,10
HGNN,restart,restart,42,0.040937742029687876,0.00019693636314841055,0.04074080566653947,0.041134678392836285,10
HGNN,restart,restart,43,0.040937250016100005,0.00019692956731205997,0.04074032044878795,0.04113417958341206,10
HGNN,restart,restart,44,0.04093683670165464,0.00019692380758020358,0.040739912894074436,0.04113376050923485,10
HGNN,restart,restart,45,0.04093648905817911,0.0001969189197566794,0.04073957013842243,0.041133407977935785,10
HGNN,restart,restart,46,0.04093619629677235,0.00019691476682799034,0.04073928152994436,0.04113311106360034,10
HGNN,restart,restart,47,0.04093594946682454,0.00019691123424325964,0.04073903823258128,0.041132860701067794,10
HGNN,restart,restart,48,0.04093574113010492,0.00019690822605611315,0.040738832904048804,0.04113264935616103,10
HGNN,restart,restart,49,0.04093556509517599,0.00019690566176277347,0.04073865943341322,0.041132470756938766,10
HGNN,restart,restart,50,0.04093541620043673,0.00019690347370414612,0.04073851272673259,0.041132319674140876,10
HGNN,restart,restart,51,0.040935290136481,0.00019690160492621579,0.04073838853155479,0.04113219174140721,10
HGNN,restart,restart,52,0.04093518330032868,0.00019690000741377398,0.04073828329291491,0.04113208330774245,10
HGNN,restart,restart,53,0.040935092675562834,0.0001968986406291273,0.04073819403493371,0.04113199131619196,10
HGNN,restart,restart,54,0.04093501573357568,0.00019689747030057173,0.04073811826327511,0.04113191320387625,10
HGNN,restart,restart,55,0.04093495035205368,0.00019689646741587524,0.04073805388463781,0.041131846819469554,10
HGNN,restart,restart,56,0.040934894747573225,0.00019689560738445823,0.04073799914018877,0.04113179035495768,10
HGNN,restart,restart,57,0.04093484741976976,0.00019689486933867174,0.040737952550431084,0.04113174228910843,10
HGNN,restart,restart,58,0.04093480710501871,0.00019689423555008313,0.04073791286946863,0.041131701340568795,10
HGNN,restart,restart,59,0.04093477273794821,0.00019689369094090704,0.040737879047007305,0.041131666428889116,10
HGNN,restart,restart,60,0.04093474341941215,0.00019689322267447048,0.04073785019673768,0.041131636642086626,10
HGNN,restart,restart,61,0.04093471838980164,0.00019689281981135633,0.04073782556999028,0.04113161120961299,10
HGNN,restart,restart,62,0.040934697006774365,0.0001968924730202381,0.04073780453375413,0.0411315894797946,10
HGNN,restart,restart,63,0.040934678726646766,0.00019689217433437812,0.04073778655231239,0.04113157090098114,10
HGNN,restart,restart,64,0.040934663088826644,0.00019689191694624204,0.040737771171880405,0.04113155500577288,10
HGNN,restart,restart,65,0.04093464970277388,0.00019689169503412653,0.04073775800773975,0.041131541397808,10
HGNN,restart,restart,66,0.04093463823706587,0.00019689150361547043,0.040737746733450396,0.04113152974068134,10
HGNN,restart,restart,67,0.040934628410217604,0.00019689133842278384,0.04073773707179482,0.041131519748640384,10
HGNN,restart,restart,68,0.04093461998296647,0.00019689119579838874,0.04073772878716808,0.04113151117876486,10
HGNN,restart,restart,69,0.04093461275178116,0.00019689107260516023,0.040737721679176,0.04113150382438632,10
HGNN,restart,restart,70,0.040934606543395036,0.00019689096615069468,0.04073771557724434,0.04113149750954573,10
HGNN,restart,restart,71,0.040934601210197555,0.00019689087412281292,0.04073771033607474,0.04113149208432037,10
HGNN,restart,restart,72,0.0409345966263455,0.00019689079453470243,0.0407377058318108,0.0411314874208802,10
HGNN,restart,restart,73,0.04093459268447836,0.00019689072567810595,0.040737701958800256,0.04113148341015647,10
HGNN,restart,restart,74,0.04093458929294174,0.0001968906660835231,0.04073769862685822,0.04113147995902526,10
HGNN,restart,restart,75,0.04093458637343796,0.00019689061448611522,0.04073769575895185,0.041131476987924076,10
HGNN,restart,restart,76,0.040934583859036436,0.00019689056979667392,0.04073769328923976,0.04113147442883311,10
HGNN,restart,restart,77,0.040934581692487586,0.00019689053107676302,0.04073769116141082,0.04113147222356435,10
HGNN,restart,restart,78,0.04093457982479239,0.0001968904975174797,0.040737689327274916,0.04113147032230987,10
HGNN,restart,restart,79,0.0409345782139884,0.00019689046842123482,0.040737687745567165,0.04113146868240964,10
HGNN,restart,restart,80,0.040934576824118094,0.0001968904431861741,0.04073768638093192,0.04113146726730427,10
HGNN,restart,restart,81,0.04093457562435211,0.00019689042129283305,0.04073768520305928,0.041131466045644945,10
HGNN,restart,restart,82,0.04093457458824301,0.00019689040229266573,0.04073768418595035,0.041131464990535674,10
HGNN,restart,restart,83,0.040934573693090226,0.00019689038579819305,0.040737683307292036,0.041131464078888416,10
HGNN,restart,restart,84,0.040934572919398726,0.0001968903714745737,0.040737682547924155,0.0411314632908733,10
HGNN,restart,restart,85,0.040934572250417744,0.00019689035903233104,0.040737681891385415,0.041131462609450074,10
HGNN,restart,restart,86,0.040934571671747064,0.00019689034822113565,0.040737681323525926,0.0411314620199682,10
HGNN,restart,restart,87,0.04093457117100109,0.00019689033882439963,0.040737680832176694,0.04113146150982549,10
HGNN,restart,restart,88,0.04093457073752172,0.00019689033065470513,0.04073768040686702,0.041131461068176424,10
HGNN,restart,restart,89,0.04093457036213309,0.00019689032354977898,0.04073768003858331,0.04113146068568287,10
HGNN,restart,restart,90,0.040934570036931704,0.00019689031736909142,0.04073767971956261,0.0411314603543008,10
HGNN,restart,restart,91,0.04093456975510691,0.00019689031199090487,0.04073767944311601,0.041131460067097815,10
HGNN,restart,restart,92,0.04093456951078717,0.00019689030730972657,0.04073767920347744,0.04113145981809689,10
HGNN,restart,restart,93,0.04093456929890828,0.00019689030323410248,0.040737678995674174,0.04113145960214238,10
HGNN,restart,restart,94,0.040934569115100586,0.0001968902996847262,0.04073767881541586,0.04113145941478531,10
HGNN,restart,restart,95,0.04093456895559204,0.00019689029659281275,0.04073767865899923,0.04113145925218485,10
HGNN,restart,restart,96,0.040934568817125205,0.0001968902938986854,0.04073767852322652,0.041131459111023894,10
HGNN,restart,restart,97,0.04093456869688586,0.00019689029155054127,0.04073767840533532,0.0411314589884364,10
HGNN,restart,restart,98,0.040934568592441725,0.00019689028950340242,0.04073767830293832,0.04113145888194513,10
HGNN,restart,restart,99,0.04093456850168985,0.00019689028771822294,0.040737678213971625,0.04113145878940807,10
HGNN,restart,restart,100,0.040934568422811284,0.0001968902861610715,0.04073767813665021,0.041131458708972356,10
HGNN,restart,restart,101,0.040934568354232176,0.00019689028480247283,0.040737678069429704,0.04113145863903465,10
HGNN,restart,restart,102,0.04093456829459019,0.00019689028361680885,0.04073767801097338,0.041131458578207,10
HGNN,restart,restart,103,0.04093456824270572,0.00019689028258179053,0.04073767796012393,0.04113145852528751,10
HGNN,restart,restart,104,0.04093456819755696,0.00019689028167805663,0.04073767791587891,0.041131458479235015,10
HGNN,restart,restart,105,0.04093456815825851,0.00019689028088875788,0.04073767787736975,0.04113145843914726,10
HGNN,restart,restart,106,0.04093456812404295,0.00019689028019922482,0.040737677843843724,0.04113145840424217,10
HGNN,restart,restart,107,0.04093456809424478,0.00019689027959670058,0.040737677814648085,0.04113145837384148,10
HGNN,restart,restart,108,0.04093456806828684,0.00019689027907007596,0.04073767778921676,0.04113145834735692,10
HGNN,restart,restart,109,0.04093456804566829,0.00019689027860967246,0.04073767776705862,0.04113145832427797,10
HGNN,restart,restart,110,0.040934568025954486,0.0001968902782070698,0.04073767774774742,0.04113145830416155,10
HGNN,restart,restart,111,0.04093456800876803,0.0001968902778549182,0.040737677730913115,0.04113145828662295,10
HGNN,restart,restart,112,0.040934567993781174,0.00019689027754682764,0.04073767771623434,0.041131458271328004,10
HGNN,restart,restart,113,0.0409345679807092,0.00019689027727721914,0.04073767770343198,0.04113145825798642,10
HGNN,restart,restart,114,0.04093456796930468,0.00019689027704122836,0.040737677692263455,0.04113145824634591,10
HGNN,restart,restart,115,0.04093456795935255,0.0001968902768346118,0.04073767768251794,0.041131458236187156,10
HGNN,restart,restart,116,0.04093456795066581,0.0001968902766536728,0.04073767767401214,0.04113145822731948,10
HGNN,restart,restart,117,0.0409345679430818,0.00019689027649518435,0.04073767766658661,0.041131458219576984,10
HGNN,restart,restart,118,0.04093456793645903,0.00019689027635632616,0.04073767766010271,0.04113145821281536,10
HGNN,restart,restart,119,0.04093456793067437,0.00019689027623463775,0.04073767765443973,0.041131458206909007,10
HGNN,restart,restart,120,0.04093456792562064,0.00019689027612797524,0.04073767764949267,0.041131458201748614,10
HGNN,restart,restart,121,0.040934567921204514,0.00019689027603445893,0.040737677645170056,0.04113145819723897,10
HGNN,restart,restart,122,0.04093456791734472,0.00019689027595244532,0.04073767764139227,0.041131458193297166,10
HGNN,restart,restart,123,0.040934567913970446,0.00019689027588051198,0.040737677638089935,0.04113145818985096,10
HGNN,restart,restart,124,0.04093456791102001,0.00019689027581740168,0.040737677635202606,0.04113145818683741,10
HGNN,restart,restart,125,0.04093456790843963,0.0001968902757620149,0.04073767763267761,0.04113145818420164,10
HGNN,restart,restart,126,0.04093456790618244,0.00019689027571340617,0.04073767763046903,0.04113145818189585,10
HGNN,restart,restart,127,0.04093456790420755,0.0001968902756707306,0.04073767762853682,0.041131458179878275,10
HGNN,restart,restart,128,0.04093456790247932,0.00019689027563325008,0.04073767762684607,0.04113145817811257,10
HGNN,restart,restart,129,0.04093456790096665,0.0001968902756003327,0.040737677625366314,0.04113145817656698,10
HGNN,restart,restart,130,0.04093456789964237,0.00019689027557141952,0.040737677624070955,0.04113145817521379,10
HGNN,restart,restart,131,0.04093456789848282,0.0001968902755460106,0.04073767762293681,0.04113145817402883,10
HGNN,restart,restart,132,0.040934567897467314,0.00019689027552367508,0.040737677621943635,0.04113145817299099,10
HGNN,restart,restart,133,0.04093456789657779,0.0001968902755040447,0.04073767762107375,0.04113145817208183,10
HGNN,restart,restart,134,0.04093456789579846,0.00019689027548678133,0.04073767762031168,0.041131458171285246,10
HGNN,restart,restart,135,0.04093456789511558,0.00019689027547160526,0.040737677619643975,0.04113145817058718,10
HGNN,restart,restart,136,0.04093456789451706,0.00019689027545824976,0.04073767761905881,0.041131458169975314,10
HGNN,restart,restart,137,0.04093456789399243,0.00019689027544650045,0.04073767761854593,0.041131458169438924,10
HGNN,restart,restart,138,0.04093456789353245,0.00019689027543616248,0.04073767761809628,0.04113145816896861,10
HGNN,restart,restart,139,0.04093456789312911,0.00019689027542706326,0.04073767761770205,0.04113145816855617,10
HGNN,restart,restart,140,0.04093456789277535,0.00019689027541905583,0.0407376776173563,0.041131458168194406,10
HGNN,restart,restart,141,0.04093456789246505,0.00019689027541199962,0.040737677617053054,0.04113145816787705,10
HGNN,restart,restart,142,0.04093456789219281,0.0001968902754057875,0.040737677616787024,0.0411314581675986,10
HGNN,restart,restart,143,0.04093456789195392,0.0001968902754003175,0.0407376776165536,0.04113145816735424,10
HGNN,restart,restart,144,0.04093456789174425,0.00019689027539549354,0.04073767761634876,0.04113145816713975,10
HGNN,restart,restart,145,0.04093456789156021,0.00019689027539125274,0.04073767761616896,0.04113145816695146,10
HGNN,restart,restart,146,0.040934567891398654,0.00019689027538750457,0.04073767761601115,0.04113145816678616,10
HGNN,restart,restart,147,0.04093456789125678,0.0001968902753842039,0.040737677615872575,0.04113145816664099,10
HGNN,restart,restart,148,0.040934567891132194,0.00019689027538129423,0.0407376776157509,0.041131458166513486,10
HGNN,restart,restart,149,0.04093456789102277,0.0001968902753787274,0.04073767761564404,0.04113145816640149,10
HGNN,restart,restart,150,0.04093456789092663,0.0001968902753764649,0.040737677615550166,0.04113145816630309,10
HGNN,restart,restart,151,0.04093456789084217,0.00019689027537446736,0.040737677615467704,0.04113145816621663,10
HGNN,restart,restart,152,0.04093456789076795,0.00019689027537270174,0.04073767761539525,0.04113145816614065,10
HGNN,restart,restart,153,0.04093456789070272,0.00019689027537115014,0.04073767761533157,0.041131458166073866,10
HGNN,restart,restart,154,0.04093456789064538,0.00019689027536977654,0.04073767761527561,0.041131458166015156,10
HGNN,restart,restart,155,0.040934567890594964,0.00019689027536856388,0.0407376776152264,0.04113145816596353,10
HGNN,restart,restart,156,0.040934567890550645,0.00019689027536749963,0.04073767761518315,0.04113145816591814,10
HGNN,restart,restart,157,0.04093456789051167,0.00019689027536655336,0.040737677615145115,0.041131458165878224,10
HGNN,restart,restart,158,0.040934567890477384,0.00019689027536571726,0.04073767761511167,0.0411314581658431,10
HGNN,restart,restart,159,0.040934567890447235,0.00019689027536497853,0.040737677615082256,0.041131458165812214,10
HGNN,restart,restart,160,0.0409345678904207,0.000196890275364329,0.040737677615056374,0.04113145816578503,10
HGNN,restart,restart,161,0.040934567890397344,0.00019689027536375496,0.040737677615033586,0.0411314581657611,10
HGNN,restart,restart,162,0.040934567890376805,0.00019689027536324506,0.04073767761501356,0.04113145816574005,10
HGNN,restart,restart,163,0.04093456789035872,0.00019689027536279446,0.04073767761499593,0.041131458165721516,10
HGNN,restart,restart,164,0.040934567890342805,0.00019689027536239653,0.04073767761498041,0.0411314581657052,10
HGNN,restart,restart,165,0.040934567890328795,0.0001968902753620442,0.04073767761496675,0.04113145816569084,10
HGNN,restart,restart,166,0.04093456789031645,0.00019689027536173737,0.04073767761495471,0.04113145816567819,10
HGNN,restart,restart,167,0.04093456789030559,0.00019689027536146247,0.04073767761494413,0.04113145816566705,10
HGNN,restart,restart,168,0.040934567890296016,0.0001968902753612153,0.0407376776149348,0.041131458165657234,10
HGNN,restart,restart,169,0.040934567890287585,0.00019689027536100087,0.04073767761492658,0.04113145816564859,10
HGNN,restart,restart,170,0.04093456789028016,0.0001968902753608122,0.04073767761491935,0.04113145816564097,10
HGNN,restart,restart,171,0.04093456789027362,0.00019689027536064351,0.040737677614912975,0.04113145816563426,10
HGNN,restart,restart,172,0.04093456789026785,0.00019689027536049078,0.04073767761490736,0.04113145816562834,10
HGNN,restart,restart,173,0.04093456789026277,0.00019689027536036132,0.04073767761490241,0.041131458165623136,10
HGNN,restart,restart,174,0.04093456789025829,0.00019689027536024746,0.04073767761489804,0.041131458165618535,10
HGNN,restart,restart,175,0.040934567890254334,0.00019689027536014194,0.04073767761489419,0.041131458165614476,10
HGNN,restart,restart,176,0.040934567890250864,0.0001968902753600501,0.04073767761489081,0.04113145816561092,10
HGNN,restart,restart,177,0.0409345678902478,0.0001968902753599674,0.04073767761488783,0.041131458165607766,10
HGNN,restart,restart,178,0.040934567890245084,0.00019689027535989636,0.040737677614885184,0.041131458165604984,10
HGNN,restart,restart,179,0.040934567890242704,0.00019689027535983473,0.04073767761488287,0.04113145816560254,10
HGNN,restart,restart,180,0.040934567890240595,0.00019689027535977653,0.04073767761488082,0.04113145816560037,10
HGNN,restart,restart,181,0.040934567890238735,0.00019689027535972647,0.04073767761487901,0.04113145816559846,10
HGNN,restart,restart,182,0.04093456789023709,0.00019689027535968213,0.040737677614877406,0.041131458165596775,10
HGNN,restart,restart,183,0.04093456789023565,0.00019689027535964374,0.040737677614876004,0.04113145816559529,10
HGNN,restart,restart,184,0.04093456789023437,0.00019689027535960965,0.04073767761487476,0.04113145816559398,10
HGNN,restart,restart,185,0.04093456789023324,0.00019689027535957864,0.04073767761487366,0.04113145816559282,10
HGNN,restart,restart,186,0.04093456789023225,0.00019689027535954825,0.0407376776148727,0.04113145816559179,10
HGNN,restart,restart,187,0.04093456789023137,0.0001968902753595265,0.04073767761487185,0.0411314581655909,10
HGNN,restart,restart,188,0.04093456789023059,0.00019689027535950112,0.040737677614871085,0.04113145816559009,10
HGNN,restart,restart,189,0.04093456789022991,0.0001968902753594864,0.040737677614870425,0.04113145816558939,10
HGNN,restart,restart,190,0.040934567890229305,0.00019689027535946686,0.040737677614869836,0.041131458165588775,10
HGNN,restart,restart,191,0.04093456789022877,0.00019689027535945507,0.040737677614869315,0.041131458165588226,10
HGNN,restart,restart,192,0.0409345678902283,0.00019689027535944154,0.04073767761486886,0.04113145816558774,10
HGNN,restart,restart,193,0.04093456789022788,0.00019689027535942823,0.040737677614868455,0.04113145816558731,10
HGNN,restart,restart,194,0.040934567890227515,0.00019689027535941595,0.0407376776148681,0.04113145816558693,10
HGNN,restart,restart,195,0.04093456789022718,0.00019689027535941148,0.04073767761486777,0.041131458165586596,10
HGNN,restart,restart,196,0.040934567890226904,0.00019689027535940305,0.040737677614867504,0.041131458165586304,10
HGNN,restart,restart,197,0.04093456789022665,0.0001968902753593906,0.040737677614867254,0.04113145816558604,10
HGNN,restart,restart,198,0.04093456789022642,0.0001968902753593845,0.04073767761486703,0.041131458165585805,10
HGNN,restart,restart,199,0.040934567890226224,0.0001968902753593757,0.04073767761486685,0.0411314581655856,10
HGNN,restart,restart,200,0.04093456789022605,0.00019689027535937486,0.04073767761486668,0.04113145816558542,10
HGNN,restart,restart,201,0.04093456789022589,0.00019689027535937253,0.04073767761486652,0.04113145816558526,10
HGNN,restart,restart,202,0.04093456789022575,0.00019689027535936716,0.04073767761486639,0.04113145816558512,10
HGNN,restart,restart,203,0.040934567890225634,0.00019689027535936098,0.040737677614866276,0.04113145816558499,10
HGNN,restart,restart,204,0.04093456789022552,0.00019689027535936123,0.040737677614866165,0.04113145816558488,10
HGNN,restart,restart,205,0.04093456789022544,0.00019689027535935367,0.04073767761486609,0.04113145816558479,10
HGNN,restart,restart,206,0.04093456789022535,0.000196890275359353,0.040737677614866,0.0411314581655847,10
HGNN,restart,restart,207,0.040934567890225274,0.00019689027535934987,0.04073767761486592,0.041131458165584625,10
HGNN,restart,restart,208,0.04093456789022521,0.00019689027535934976,0.04073767761486586,0.04113145816558456,10
HGNN,restart,restart,209,0.04093456789022515,0.00019689027535935226,0.0407376776148658,0.0411314581655845,10
HGNN,restart,restart,210,0.0409345678902251,0.00019689027535934776,0.040737677614865755,0.041131458165584445,10
HGNN,restart,restart,211,0.04093456789022505,0.0001968902753593447,0.04073767761486571,0.041131458165584396,10
HGNN,restart,restart,212,0.04093456789022501,0.00019689027535934307,0.040737677614865665,0.041131458165584354,10
HGNN,restart,restart,213,0.04093456789022497,0.00019689027535934112,0.04073767761486563,0.041131458165584306,10
HGNN,restart,restart,214,0.04093456789022494,0.000196890275359339,0.0407376776148656,0.04113145816558428,10
HGNN,restart,restart,215,0.04093456789022491,0.00019689027535933732,0.040737677614865575,0.04113145816558425,10
HGNN,restart,restart,216,0.040934567890224885,0.00019689027535933935,0.04073767761486555,0.04113145816558422,10
HGNN,restart,restart,217,0.04093456789022488,0.00019689027535933762,0.04073767761486554,0.041131458165584216,10
HGNN,restart,restart,218,0.04093456789022485,0.00019689027535934182,0.040737677614865506,0.041131458165584195,10
HGNN,restart,restart,219,0.04093456789022483,0.000196890275359337,0.04073767761486549,0.04113145816558417,10
HGNN,restart,restart,220,0.04093456789022482,0.00019689027535934147,0.04073767761486548,0.04113145816558417,10
HGNN,restart,restart,221,0.0409345678902248,0.00019689027535933762,0.040737677614865464,0.04113145816558414,10
HGNN,restart,restart,222,0.040934567890224795,0.00019689027535933757,0.04073767761486546,0.04113145816558413,10
HGNN,restart,restart,223,0.04093456789022478,0.00019689027535933486,0.04073767761486544,0.04113145816558412,10
HGNN,restart,restart,224,0.040934567890224774,0.00019689027535933605,0.040737677614865436,0.04113145816558411,10
HGNN,restart,restart,225,0.04093456789022477,0.00019689027535933377,0.040737677614865436,0.0411314581655841,10
HGNN,restart,restart,226,0.04093456789022475,0.00019689027535933545,0.040737677614865415,0.04113145816558409,10
HGNN,restart,restart,227,0.040934567890224746,0.0001968902753593367,0.04073767761486541,0.041131458165584084,10
HGNN,restart,restart,228,0.04093456789022474,0.00019689027535933366,0.04073767761486541,0.04113145816558407,10
HGNN,restart,restart,229,0.04093456789022474,0.0001968902753593346,0.0407376776148654,0.04113145816558408,10
HGNN,restart,restart,230,0.04093456789022474,0.00019689027535933445,0.0407376776148654,0.04113145816558408,10
HGNN,restart,restart,231,0.04093456789022473,0.00019689027535933732,0.040737677614865395,0.04113145816558407,10
HGNN,restart,restart,232,0.04093456789022472,0.00019689027535933908,0.04073767761486538,0.041131458165584056,10
HGNN,restart,restart,233,0.04093456789022472,0.00019689027535933556,0.04073767761486538,0.041131458165584056,10
HGNN,restart,restart,234,0.04093456789022472,0.0001968902753593362,0.04073767761486538,0.041131458165584056,10
HGNN,restart,restart,235,0.04093456789022472,0.0001968902753593375,0.04073767761486538,0.041131458165584056,10
HGNN,restart,restart,236,0.04093456789022472,0.0001968902753593374,0.04073767761486538,0.041131458165584056,10
HGNN,restart,restart,237,0.04093456789022471,0.00019689027535933456,0.040737677614865374,0.04113145816558405,10
HGNN,restart,restart,238,0.04093456789022471,0.00019689027535933434,0.040737677614865374,0.04113145816558405,10
HGNN,restart,restart,239,0.04093456789022471,0.000196890275359334,0.04073767761486538,0.04113145816558404,10
HGNN,restart,restart,240,0.04093456789022471,0.00019689027535933377,0.04073767761486538,0.04113145816558404,10
HGNN,restart,restart,241,0.04093456789022471,0.00019689027535933548,0.040737677614865374,0.04113145816558405,10
HGNN,restart,restart,242,0.04093456789022471,0.00019689027535933282,0.04073767761486538,0.04113145816558404,10
HGNN,restart,restart,243,0.04093456789022471,0.00019689027535933402,0.04073767761486538,0.04113145816558404,10
HGNN,restart,restart,244,0.04093456789022471,0.00019689027535933347,0.04073767761486538,0.04113145816558404,10
HGNN,restart,restart,245,0.04093456789022471,0.0001968902753593343,0.040737677614865374,0.04113145816558405,10
HGNN,restart,restart,246,0.04093456789022471,0.0001968902753593314,0.04073767761486538,0.04113145816558404,10
HGNN,restart,restart,247,0.04093456789022471,0.00019689027535933334,0.04073767761486538,0.04113145816558404,10
HGNN,restart,restart,248,0.04093456789022471,0.0001968902753593341,0.04073767761486538,0.04113145816558404,10
HGNN,restart,restart,249,0.04093456789022471,0.00019689027535933326,0.04073767761486538,0.04113145816558404,10
HGNN,restart,restart,250,0.04093456789022471,0.00019689027535933388,0.04073767761486538,0.04113145816558404,10
HGNN,restart,restart,251,0.040934567890224705,0.00019689027535933236,0.040737677614865374,0.041131458165584035,10
HGNN,restart,restart,252,0.04093456789022471,0.00019689027535933271,0.04073767761486538,0.04113145816558404,10
HGNN,restart,restart,253,0.040934567890224705,0.00019689027535933236,0.040737677614865374,0.041131458165584035,10
HGNN,restart,restart,254,0.040934567890224705,0.00019689027535933236,0.040737677614865374,0.041131458165584035,10
HGNN,restart,restart,255,0.04093456789022471,0.00019689027535933217,0.04073767761486538,0.04113145816558404,10
HGNN,restart,restart,256,0.040934567890224705,0.00019689027535933185,0.040737677614865374,0.041131458165584035,10
HNHN,diagnostics,un,0,1.0,0.0,1.0,1.0,10
HNHN,diagnostics,un,1,0.6240810738809502,0.003667949571134613,0.6204131243098157,0.6277490234520848,10
HNHN,diagnostics,un,2,0.4823695158136817,0.003585593268321385,0.47878392254536034,0.48595510908200307,10
HNHN,diagnostics,un,3,0.40642341094612033,0.0033803737423013197,0.403043037203819,0.40980378468842166,10
HNHN,diagnostics,un,4,0.35854101644219716,0.003238941699021497,0.35530207474317566,0.36177995814121866,10
HNHN,diagnostics,un,5,0.3252258614046732,0.0031283875747265756,0.32209747382994663,0.32835424897939974,10
HNHN,diagnostics,un,6,0.30042673201421816,0.003027854984873534,0.29739887702934464,0.30345458699909167,10
HNHN,diagnostics,un,7,0.2810342680901232,0.0029316104596015086,0.2781026576305217,0.2839658785497247,10
HNHN,diagnostics,un,8,0.26529251710408236,0.0028394184139596958,0.2624530986901227,0.26813193551804204,10
HNHN,diagnostics,un,9,0.2521365403908813,0.002752249798186669,0.24938429059269462,0.25488879018906796,10
HNHN,diagnostics,un,10,0.2408830899473855,0.0026709281803734084,0.2382121617670121,0.2435540181277589,10
HNHN,diagnostics,un,11,0.23107354903210459,0.0025958438703047597,0.22847770516179983,0.23366939290240935,10
HNHN,diagnostics,un,12,0.22238862494659822,0.0025269944563056745,0.21986163049029256,0.2249156194029039,10
HNHN,diagnostics,un,13,0.21459929552560886,0.002464097832399437,0.21213519769320943,0.21706339335800828,10
HNHN,diagnostics,un,14,0.20753718448294958,0.0024066996586791204,0.20513048482427046,0.2099438841416287,10
HNHN,diagnostics,un,15,0.20107590055456287,0.002354256623763931,0.19872164393079894,0.2034301571783268,10
HNHN,diagnostics,un,16,0.19511885284898053,0.0023061954431609385,0.1928126574058196,0.19742504829214147,10
HNHN,diagnostics,un,17,0.18959104884917757,0.0022619522366326404,0.18732909661254493,0.19185300108581022,10
HNHN,diagnostics,un,18,0.18443342929689965,0.002220997243994363,0.1822124320529053,0.186654426540894,10
HNHN,diagnostics,un,19,0.1795988690090905,0.002182848997948207,0.1774160200111423,0.1817817180070387,10
HNHN,diagnostics,un,20,0.17504930077137365,0.0021470811091862355,0.1729022196621874,0.1771963818805599,10
HNHN,diagnostics,un,21,0.17075361363137237,0.002113324008642531,0.16864028962272984,0.1728669376400149,10
HNHN,diagnostics,un,22,0.16668609566527984,0.0020812633672953125,0.16460483229798453,0.16876735903257514,10
HNHN,diagnostics,un,23,0.16282526607835612,0.0020506364445889986,0.16077462963376712,0.16487590252294512,10
HNHN,diagnostics,un,24,0.15915298984494652,0.002021227264838368,0.15713176258010816,0.16117421710978488,10
HNHN,diagnostics,un,25,0.15565380007386526,0.0019928612567793056,0.15366093881708595,0.15764666133064456,10
HNHN,diagnostics,un,26,0.1523143748737107,0.0019653997929794326,0.15034897508073125,0.15427977466669013,10
HNHN,diagnostics,un,27,0.14912313032947186,0.001938734917562056,0.1471843954119098,0.1510618652470339,10
HNHN,diagnostics,un,28,0.14606990156091354,0.0019127844411978173,0.1441571171197157,0.14798268600211137,10
HNHN,diagnostics,un,29,0.14314569116861775,0.0018874875028538909,0.14125820366576386,0.14503317867147164,10
HNHN,diagnostics,un,30,0.14034246963392288,0.0018628006414886833,0.1384796689924342,0.14220527027541158,10
HNHN,diagnostics,un,31,0.13765301605483507,0.0018386943822636737,0.1358143216725714,0.13949171043709874,10
HNHN,diagnostics,un,32,0.13507079039722952,0.0018151503165223203,0.1332556400807072,0.13688594071375185,10
HNHN,diagnostics,un,33,0.1325898305112521,0.0017921586392830573,0.13079767187196903,0.13438198915053515,10
HNHN,diagnostics,un,34,0.13020466870952702,0.0017697160995787569,0.12843495260994825,0.13197438480910578,10
HNHN,diagnostics,un,35,0.12791026386901835,0.0017478243155467196,0.12616243955347164,0.12965808818456506,10
HNHN,diagnostics,un,36,0.1257019459033423,0.0017264884061307076,0.12397545749721159,0.127428434309473,10
HNHN,diagnostics,un,37,0.1235753701295198,0.001705715893415065,0.12186965423610474,0.12528108602293486,10
HNHN,diagnostics,un,38,0.1215264795750753,0.0016855158330955626,0.11984096374197974,0.12321199540817086,10
HNHN,diagnostics,un,39,0.11955147367633287,0.0016658981347850595,0.11788557554154781,0.12121737181111793,10
HNHN,diagnostics,un,40,0.11764678213491095,0.0016468730383177156,0.11599990909659323,0.11929365517322867,10
HNHN,diagnostics,un,41,0.1158090429476613,0.00162845071666366,0.11418059223099764,0.11743749366432496,10
HNHN,diagnostics,un,42,0.11403508382124797,0.001610640980306986,0.11242444284094098,0.11564572480155495,10
HNHN,diagnostics,un,43,0.11232190633796439,0.0015934530618611027,0.11072845327610328,0.1139153593998255,10
HNHN,diagnostics,un,44,0.11066667236315057,0.0015768954632381443,0.10908977689991242,0.11224356782638872,10
HNHN,diagnostics,un,45,0.10906669228349859,0.0015609758508295648,0.10750571643266903,0.11062766813432816,10
HNHN,diagnostics,un,46,0.10751941474485689,0.0015457009868963085,0.10597371375796058,0.1090651157317532,10
HNHN,diagnostics,un,47,0.1060224176219104,0.0015310766877272947,0.10449134093418311,0.1075534943096377,10
HNHN,diagnostics,un,48,0.10457340000348433,0.001517107801131739,0.1030562922023526,0.10609050780461607,10
HNHN,diagnostics,un,49,0.10317017501866776,0.0015037981975168095,0.10166637682115096,0.10467397321618457,10
HNHN,diagnostics,un,50,0.10181066336243597,0.001491150770202877,0.1003195125922331,0.10330181413263884,10
HNHN,diagnostics,un,51,0.10049288740651256,0.0014791674417762865,0.09901371996473628,0.10197205484828885,10
HNHN,diagnostics,un,52,0.0992149658030959,0.0014678491742094475,0.09774711662888645,0.10068281497730534,10
HNHN,diagnostics,un,53,0.09797510850676051,0.0014571959812184393,0.09651791252554208,0.09943230448797895,10
HNHN,diagnostics,un,54,0.09677161215413763,0.001447206941907937,0.0953244052122297,0.09821881909604556,10
HNHN,diagnostics,un,55,0.09560285575251334,0.0014378802151961405,0.0941649755373172,0.09704073596770948,10
HNHN,diagnostics,un,56,0.0944672966377834,0.0014292130548408596,0.09303808358294255,0.09589650969262425,10
HNHN,diagnostics,un,57,0.09336346666968964,0.0014212018251207033,0.09194226484456894,0.09478466849481035,10
HNHN,diagnostics,un,58,0.09228996863827635,0.0014138420173797806,0.09087612662089657,0.09370381065565613,10
HNHN,diagnostics,un,59,0.09124547286032644,0.001407128267734259,0.08983834459259218,0.0926526011280607,10
HNHN,diagnostics,un,60,0.09022871394839166,0.0014010543762781912,0.08882765957211347,0.09162976832466985,10
HNHN,diagnostics,un,61,0.08923848773810603,0.0013956133281245806,0.08784287440998144,0.09063410106623061,10
HNHN,diagnostics,un,62,0.08827364836191587,0.0013907973165853459,0.08688285104533053,0.08966444567850121,10
HNHN,diagnostics,un,63,0.08733310545929862,0.0013865977687397542,0.08594650769055887,0.08871970322803838,10
HNHN,diagnostics,un,64,0.0864158215150728,0.0013830053735708185,0.08503281614150197,0.08779882688864361,10
HNHN,diagnostics,un,65,0.08552080931860914,0.00138001011277119,0.08414079920583795,0.08690081943138034,10
HNHN,diagnostics,un,66,0.0846471295376999,0.0013776012942374066,0.0832695282434625,0.0860247308319373,10
HNHN,diagnostics,un,67,0.08379388840158535,0.0013757675881901365,0.08241812081339521,0.08516965598977548,10
HNHN,diagnostics,un,68,0.08296023548821747,0.0013744970657809407,0.08158573842243654,0.08433473255399841,10
HNHN,diagnostics,un,69,0.08214536161129417,0.00137377723997628,0.08077158437131789,0.08351913885127045,10
HNHN,diagnostics,un,70,0.08134849680295189,0.0013735951084486418,0.07997490169450325,0.08272209191140054,10
HNHN,diagnostics,un,71,0.08056890838828305,0.0013739371981553586,0.0791949711901277,0.08194284558643841,10
HNHN,diagnostics,un,72,0.07980589914806557,0.0013747896112471132,0.07843110953681846,0.08118068875931268,10
HNHN,diagnostics,un,73,0.07905880556626618,0.0013761380719224355,0.07768266749434374,0.08043494363818862,10
HNHN,diagnostics,un,74,0.07832699615902436,0.0013779679738296293,0.07694902818519472,0.079704964132854,10
HNHN,diagnostics,un,75,0.07760986988194093,0.001380264427614632,0.0762296054543263,0.07899013430955557,10
HNHN,diagnostics,un,76,0.07690685461259823,0.0013830123082201702,0.07552384230437806,0.07828986692081841,10
HNHN,diagnostics,un,77,0.0762174057053275,0.0013861963015574163,0.0748312094037701,0.07760360200688492,10
HNHN,diagnostics,un,78,0.07554100461532126,0.0013898009501952253,0.07415120366512604,0.07693080556551649,10
HNHN,diagnostics,un,79,0.0748771575892638,0.001393810697741661,0.07348334689152214,0.07627096828700547,10
HNHN,diagnostics,un,80,0.07422539441972668,0.0013982099316273255,0.07282718448809936,0.07562360435135401,10
HNHN,diagnostics,un,81,0.07358526726064778,0.001402983024037718,0.07218228423661006,0.07498825028468549,10
HNHN,diagnostics,un,82,0.07295634950128291,0.00140811437078182,0.07154823513050108,0.07436446387206473,10
HNHN,diagnostics,un,83,0.07233823469609138,0.0014135884279244458,0.07092464626816694,0.07375182312401582,10
HNHN,diagnostics,un,84,0.07173053554808803,0.0014193897460499478,0.07031114580203808,0.07314992529413798,10
HNHN,diagnostics,un,85,0.0711328829432677,0.0014255030020637403,0.06970737994120395,0.07255838594533144,10
HNHN,diagnostics,un,86,0.07054492503378094,0.0014319130284743652,0.06911301200530658,0.07197683806225531,10
HNHN,diagnostics,un,87,0.06996632636761511,0.00143860484013293,0.06852772152748218,0.07140493120774805,10
HNHN,diagnostics,un,88,0.06939676706260853,0.0014455636584370939,0.06795120340417143,0.07084233072104562,10
HNHN,diagnostics,un,89,0.0688359420227016,0.0014527749330345893,0.06738316708966702,0.07028871695573619,10
HNHN,diagnostics,un,90,0.06828356019440344,0.0014602243610841643,0.06682333583331929,0.0697437845554876,10
HNHN,diagnostics,un,91,0.0677393438615277,0.0014678979041526624,0.06627144595737504,0.06920724176568037,10
HNHN,diagnostics,un,92,0.06720302797632614,0.0014757818028430906,0.06572724617348305,0.06867880977916924,10
HNHN,diagnostics,un,93,0.06667435952522215,0.0014838625892618523,0.0651904969359603,0.068158222114484,10
HNHN,diagnostics,un,94,0.06615309692741933,0.0014921270974433442,0.06466096982997599,0.06764522402486267,10
HNHN,diagnostics,un,95,0.06563900946473294,0.0015005624718574205,0.06413844699287552,0.06713957193659037,10
HNHN,diagnostics,un,96,0.06513187674106145,0.0015091561741294801,0.06362272056693197,0.06664103291519094,10
HNHN,diagnostics,un,97,0.06463148816998543,0.0015178959881054254,0.06311359218188001,0.06614938415809085,10
HNHN,diagnostics,un,98,0.06413764248904832,0.001526770023393813,0.06261087246565451,0.06566441251244214,10
HNHN,diagnostics,un,99,0.06365014729933902,0.0015357667175160152,0.062114380581823,0.06518591401685503,10
HNHN,diagnostics,un,100,0.06316881862906039,0.0015448748367923335,0.06162394379226806,0.06471369346585272,10
HNHN,diagnostics,un,101,0.06269348051982981,0.0015540834760877757,0.061139397043742036,0.06424756399591759,10
HNHN,diagnostics,un,102,0.06222396463451739,0.001563382057536219,0.06066058257698117,0.0637873466920536,10
HNHN,diagnostics,un,103,0.061760109885485893,0.001572760328356048,0.06018734955712984,0.06333287021384194,10
HNHN,diagnostics,un,104,0.06130176208215197,0.0015822083578637938,0.05971955372428817,0.06288397044001576,10
HNHN,diagnostics,un,105,0.060848773596841786,0.0015917165337860804,0.05925705706305571,0.062440490130627864,10
HNHN,diagnostics,un,106,0.06040100304796634,0.0016012755579631578,0.05879972749000318,0.0620022786059295,10
HNHN,diagnostics,un,107,0.05995831499959078,0.0016108764415305034,0.05834743855806027,0.06156919144112128,10
HNHN,diagnostics,un,108,0.05952057967651987,0.00162051049965826,0.057900069176861614,0.06114109017617813,10
HNHN,diagnostics,un,109,0.05908767269406704,0.0016301693459216018,0.057457503348145436,0.060717842039988645,10
HNHN,diagnostics,un,110,0.05865947480171798,0.0016398448863685143,0.057019629915349465,0.060299319688086495,10
HNHN,diagnostics,un,111,0.058235871639941206,0.001649529313345543,0.056586342326595665,0.059885400953286747,10
HNHN,diagnostics,un,112,0.05781675350943779,0.0016592150991358735,0.05615753841030192,0.05947596860857366,10
HNHN,diagnostics,un,113,0.057402015152159994,0.0016688949894587079,0.05573312016270129,0.0590709101416187,10
HNHN,diagnostics,un,114,0.05699155554346443,0.0016785619968735207,0.05531299354659091,0.058670117540337956,10
HNHN,diagnostics,un,115,0.05658527769480012,0.0016882093941280201,0.0548970683006721,0.058273487088928135,10
HNHN,diagnostics,un,116,0.05618308846636335,0.0016978307074838215,0.05448525775887953,0.05788091917384717,10
HNHN,diagnostics,un,117,0.055784898389183345,0.0017074197100500628,0.05407747867913328,0.05749231809923341,10
HNHN,diagnostics,un,118,0.05539062149613087,0.0017169704151507863,0.05367365108098008,0.057107591911281654,10
HNHN,diagnostics,un,119,0.05500017516137064,0.0017264770697488813,0.05327369809162175,0.05672665223111952,10
HNHN,diagnostics,un,120,0.054613479947804376,0.0017359341479457457,0.05287754579985863,0.056349414095750124,10
HNHN,diagnostics,un,121,0.054230459462076344,0.001745336344573251,0.05248512311750309,0.055975795806649596,10
HNHN,diagnostics,un,122,0.053851040216736853,0.0017546785688916475,0.05209636164784521,0.0556057187856285,10
HNHN,diagnostics,un,123,0.05347515149918212,0.0017639559384049007,0.05171119556077722,0.05523910743758702,10
HNHN,diagnostics,un,124,0.05310272524700911,0.0017731637728026644,0.05132956147420645,0.054875889019811774,10
HNHN,diagnostics,un,125,0.05273369592944519,0.0017822975880363468,0.05095139834140885,0.054515993517481535,10
HNHN,diagnostics,un,126,0.052368000434530396,0.0017913530905348735,0.05057664734399552,0.05415935352506527,10
HNHN,diagnostics,un,127,0.052005577961748775,0.001800326171564409,0.05020525179018437,0.05380590413331318,10
HNHN,diagnostics,un,128,0.05164636991982178,0.0018092129017348779,0.0498371570180869,0.05345558282155666,10
HNHN,diagnostics,un,129,0.05129031982939275,0.0018180095256550065,0.04947231030373774,0.05310832935504776,10
HNHN,diagnostics,un,130,0.0509373732303469,0.0018267124567367266,0.049110660773610176,0.05276408568708363,10
HNHN,diagnostics,un,131,0.05058747759352503,0.0018353182721486808,0.04875215932137635,0.052422795865673714,10
HNHN,diagnostics,un,132,0.05024058223660312,0.0018438237079180008,0.048396758528685115,0.05208440594452112,10
HNHN,diagnostics,un,133,0.04989663824392222,0.0018522256541788312,0.048044412589743395,0.05174886389810105,10
HNHN,diagnostics,un,134,0.049555598390065535,0.001860521150565631,0.0476950772394999,0.05141611954063117,10
HNHN,diagnostics,un,135,0.04921741706699016,0.0018687073817485538,0.04734870968524161,0.051086124448738716,10
HNHN,diagnostics,un,136,0.04888205021453262,0.0018767816731082587,0.04700526854142436,0.050758831887640875,10
HNHN,diagnostics,un,137,0.04854945525411621,0.0018847414865467715,0.04666471376756944,0.05043419674066298,10
HNHN,diagnostics,un,138,0.04821959102549882,0.001892584416431103,0.04632700660906772,0.05011217544192992,10
HNHN,diagnostics,un,139,0.04789241772640773,0.0019003081856659263,0.04599210954074181,0.049792725912073656,10
HNHN,diagnostics,un,140,0.04756789685491719,0.0019079106418916118,0.045659986213025576,0.049475807496808806,10
HNHN,diagnostics,un,141,0.04724599115443193,0.0019153897538037171,0.04533060140062821,0.049161380908235644,10
HNHN,diagnostics,un,142,0.04692666456114762,0.0019227436075900813,0.04500392095355754,0.0488494081687377,10
HNHN,diagnostics,un,143,0.04660988215386609,0.00192997040348145,0.04467991175038464,0.048539852557347545,10
HNHN,diagnostics,un,144,0.046295610106049795,0.0019370684524118594,0.04435854165363794,0.04823267855846165,10
HNHN,diagnostics,un,145,0.04598381564000645,0.0019440361727846233,0.044039779467221825,0.04792785181279107,10
HNHN,diagnostics,un,146,0.045674466983100445,0.0019508720873402466,0.0437235948957602,0.04762533907044069,10
HNHN,diagnostics,un,147,0.045367533325893425,0.0019575748201222523,0.04340995850577117,0.047325108146015676,10
HNHN,diagnostics,un,148,0.04506298478212127,0.001964143093537243,0.04309884168858403,0.04702712787565851,10
HNHN,diagnostics,un,149,0.0447607923504203,0.0019705757255054674,0.04279021662491483,0.04673136807592577,10
HNHN,diagnostics,un,150,0.04446092787771945,0.0019768716266983376,0.04248405625102111,0.04643779950441779,10
HNHN,diagnostics,un,151,0.04416336402422013,0.0019830297978593397,0.04218033422636079,0.04614639382207947,10
HNHN,diagnostics,un,152,0.04386807422988927,0.001989049327204972,0.041879024902684296,0.04585712355709424,10
HNHN,diagnostics,un,153,0.043575032682395085,0.001994929387902444,0.04158010329449264,0.04556996207029753,10
HNHN,diagnostics,un,154,0.04328421428641889,0.0020006692356209347,0.041283545050797954,0.045284883522039826,10
HNHN,diagnostics,un,155,0.04299559463427936,0.0020062682061533416,0.04098932642812602,0.045001862840432706,10
HNHN,diagnostics,un,156,0.042709149977809543,0.002011725713105621,0.04069742426470392,0.044720875690915166,10
HNHN,diagnostics,un,157,0.042424857201429224,0.0020170412456508723,0.04040781595577835,0.044441898447080096,10
HNHN,diagnostics,un,158,0.042142693796358925,0.0020222143663454475,0.04012047943001348,0.044164908162704374,10
HNHN,diagnostics,un,159,0.041862637835924095,0.002027244709004479,0.03983539312691962,0.04388988254492857,10
HNHN,diagnostics,un,160,0.04158466795190066,0.0020321319766343983,0.03955253597526626,0.04361679992853506,10
HNHN,diagnostics,un,161,0.041308763311855776,0.0020368759394200344,0.03927188737243574,0.04334563925127581,10
HNHN,diagnostics,un,162,0.04103490359743978,0.002041476432764018,0.03899342716467576,0.0430763800302038,10
HNHN,diagnostics,un,163,0.04076306898358749,0.0020459333553763848,0.0387171356282111,0.04280900233896388,10
HNHN,diagnostics,un,164,0.040493240118589166,0.0020502466674123254,0.03844299345117684,0.04254348678600149,10
HNHN,diagnostics,un,165,0.04022539810499336,0.00205441638865604,0.038170981716337316,0.0422798144936494,10
HNHN,diagnostics,un,166,0.039959524481305575,0.0020584425967490323,0.03790108188455654,0.04201796707805461,10
HNHN,diagnostics,un,167,0.039695601204448705,0.0020623254254608873,0.03763327577898782,0.04175792662990959,10
HNHN,diagnostics,un,168,0.03943361063295252,0.0020660650630010065,0.03736754556995151,0.041499675695953524,10
HNHN,diagnostics,un,169,0.03917353551084121,0.0020696617503697004,0.037103873760471515,0.04124319726121091,10
HNHN,diagnostics,un,170,0.03891535895218949,0.002073115779747067,0.036842243172442425,0.04098847473193656,10
HNHN,diagnostics,un,171,0.03865906442631907,0.0020764274929183893,0.03658263693340068,0.04073549191923746,10
HNHN,diagnostics,un,172,0.03840463574360855,0.0020795972797345657,0.036325038463873985,0.040484233023343114,10
HNHN,diagnostics,un,173,0.038152057041891355,0.0020826255766064577,0.0360694314652849,0.04023468261849781,10
HNHN,diagnostics,un,174,0.037901312773416934,0.0020855128650318694,0.035815799908385064,0.039986825638448804,10
HNHN,diagnostics,un,175,0.03765238769235234,0.002088259670154062,0.03556412802219828,0.0397406473625064,10
HNHN,diagnostics,un,176,0.0374052668428015,0.0020908665593508046,0.035314400283450696,0.03949613340215231,10
HNHN,diagnostics,un,177,0.03715993554732134,0.0020933341408529045,0.03506660140646843,0.03925326968817425,10
HNHN,diagnostics,un,178,0.03691637939591407,0.0020956630623912968,0.03482071633352277,0.03901204245830537,10
HNHN,diagnostics,un,179,0.036674584235476586,0.0020978540098718496,0.034576730225604736,0.038772438245348435,10
HNHN,diagnostics,un,180,0.03643453615968815,0.0020999077060770304,0.03433462845361112,0.038534443865765176,10
HNHN,diagnostics,un,181,0.036196221499318816,0.0021018249093936476,0.03409439658992517,0.03829804640871246,10
HNHN,diagnostics,un,182,0.03595962681294162,0.002103606412565969,0.03385602040037565,0.03806323322550759,10
HNHN,diagnostics,un,183,0.03572473887803212,0.0021052530414735044,0.03361948583655861,0.037829991919505625,10
HNHN,diagnostics,un,184,0.035491544682440083,0.002106765653932841,0.03338477902850724,0.037598310336372925,10
HNHN,diagnostics,un,185,0.03526003141621809,0.0021081451385228994,0.03315188627769519,0.03736817655474099,10
HNHN,diagnostics,un,186,0.03503018646379314,0.0021093924134330407,0.0329207940503601,0.03713957887722618,10
HNHN,diagnostics,un,187,0.034801997396467346,0.0021105084253335124,0.03269148897113383,0.03691250582180086,10
HNHN,diagnostics,un,188,0.03457545196523485,0.002111494148267748,0.0324639578169671,0.0366869461135026,10
HNHN,diagnostics,un,189,0.03435053809390231,0.0021123505825659935,0.032238187511336315,0.036462888676468304,10
HNHN,diagnostics,un,190,0.03412724387250102,0.0021130787537798883,0.03201416511872113,0.03624032262628091,10
HNHN,diagnostics,un,191,0.033905557550979036,0.0021136797116375386,0.031791877839341495,0.03601923726261658,10
HNHN,diagnostics,un,192,0.03368546753316237,0.0021141545290187004,0.031571313004143675,0.03579962206218107,10
HNHN,diagnostics,un,193,0.03346696237097463,0.002114504300949745,0.03135245807002488,0.035581466671924376,10
HNHN,diagnostics,un,194,0.033250030758904786,0.002114730143618025,0.03113530061528676,0.03536476090252281,10
HNHN,diagnostics,un,195,0.03303466152871353,0.00211483319340528,0.03091982833530825,0.03514949472211881,10
HNHN,diagnostics,un,196,0.03282084364436864,0.0021148146059398977,0.03070602903842874,0.03493565825030853,10
HNHN,diagnostics,un,197,0.032608566197200387,0.0021146755551676062,0.03049389064203278,0.03472324175236799,10
HNHN,diagnostics,un,198,0.032397818401268416,0.0021144172324404037,0.030283401168828012,0.03451223563370882,10
HNHN,diagnostics,un,199,0.03218858958893169,0.002114040845623417,0.030074548743308276,0.03430263043455511,10
HNHN,diagnostics,un,200,0.031980869206613485,0.0021135476182195124,0.029867321588393975,0.034094416824832996,10
HNHN,diagnostics,un,201,0.03177464681075385,0.002112938788511356,0.029661708022242494,0.033887585599265205,10
HNHN,diagnostics,un,202,0.03156991206394204,0.0021122156087207164,0.02945769645522132,0.03368212767266275,10
HNHN,diagnostics,un,203,0.03136665473122189,0.0021113793441848204,0.02925527538703707,0.03347803407540671,10
HNHN,diagnostics,un,204,0.031164864676563164,0.002110431272549532,0.029054433404013633,0.033275295949112695,10
HNHN,diagnostics,un,205,0.030964531859492616,0.0021093726829791936,0.028855159176513424,0.03307390454247181,10
HNHN,diagnostics,un,206,0.03076564633187796,0.002108204875382884,0.028657441456495077,0.03287385120726084,10
HNHN,diagnostics,un,207,0.030568198234859133,0.0021069291596569444,0.02846126907520219,0.03267512739451608,10
HNHN,diagnostics,un,208,0.03037217779592068,0.0021055468549436374,0.028266630940977044,0.03247772465086432,10
HNHN,diagnostics,un,209,0.03017757532609977,0.0021040592889056786,0.02807351603719409,0.032281634615005446,10
HNHN,diagnostics,un,210,0.029984381217324364,0.0021024677970165246,0.02788191342030784,0.03208684901434089,10
HNHN,diagnostics,un,211,0.029792585939876347,0.0021007737218662927,0.027691812218010054,0.03189335966174264,10
HNHN,diagnostics,un,212,0.02960218003997453,0.0020989784124830547,0.027503201627491473,0.031701158452457585,10
HNHN,diagnostics,un,213,0.029413154137472787,0.0020970832236694562,0.02731607091380333,0.031510237361142245,10
HNHN,diagnostics,un,214,0.029225498923668526,0.002095089515354411,0.027130409408314116,0.03132058843902294,10
HNHN,diagnostics,un,215,0.029039205159217117,0.0020929986519597887,0.026946206507257327,0.031132203811176908,10
HNHN,diagnostics,un,216,0.02885426367214794,0.002090812001781935,0.026763451670366006,0.030945075673929873,10
HNHN,diagnostics,un,217,0.028670665355977766,0.0020885309363878114,0.026582134419589953,0.03075919629236558,10
HNHN,diagnostics,un,218,0.028488401167917614,0.0020861568300257092,0.026402244337891904,0.030574557997943324,10
HNHN,diagnostics,un,219,0.028307462127169197,0.002083691059050302,0.026223771068118896,0.0303911531862195,10
HNHN,diagnostics,un,220,0.02812783931330709,0.0020811350013619466,0.026046704311945144,0.030208974314669037,10
HNHN,diagnostics,un,221,0.02794952386474318,0.002078490035860028,0.02587103382888315,0.03002801390060321,10
HNHN,diagnostics,un,222,0.02777250697726995,0.00207575754191029,0.025696749435359663,0.02984826451918024,10
HNHN,diagnostics,un,223,0.02759677990267914,0.0020729388988258964,0.025523841003853246,0.029669718801505037,10
HNHN,diagnostics,un,224,0.027422333947452693,0.0020700354853621615,0.02535229846209053,0.029492369432814854,10
HNHN,diagnostics,un,225,0.02724916047152285,0.0020670486792247564,0.025182111792298095,0.029316209150747605,10
HNHN,diagnostics,un,226,0.027077250887098482,0.002063979856591272,0.02501327103050721,0.029141230743689753,10
HNHN,diagnostics,un,227,0.026906596657554648,0.0020608303916459466,0.0248457662659087,0.028967427049200595,10
HNHN,diagnostics,un,228,0.026737189296382795,0.0020576016561274393,0.024679587640255355,0.028794790952510235,10
HNHN,diagnostics,un,229,0.02656902036619883,0.002054295018889506,0.024514725347309325,0.028623315385088336,10
HNHN,diagnostics,un,230,0.026402081477806528,0.0020509118454743944,0.024351169632332133,0.028452993323280922,10
HNHN,diagnostics,un,231,0.026236364289313807,0.0020474534976988234,0.024188910791614983,0.02828381778701263,10
HNHN,diagnostics,un,232,0.026071860505299572,0.0020439213332523925,0.02402793917204718,0.028115781838551963,10
HNHN,diagnostics,un,233,0.025908561876028652,0.0020403167053082497,0.023868245170720403,0.027948878581336902,10
HNHN,diagnostics,un,234,0.025746460196712867,0.0020366409621458918,0.023709819234566977,0.027783101158858757,10
HNHN,diagnostics,un,235,0.025585547306815937,0.0020328954467858855,0.02355265186003005,0.027618442753601823,10
HNHN,diagnostics,un,236,0.02542581508940019,0.002029081496636426,0.023396733592763765,0.027454896586036615,10
HNHN,diagnostics,un,237,0.0252672554705133,0.0020252004431514977,0.023242055027361805,0.027292455913664797,10
HNHN,diagnostics,un,238,0.02510986041861286,0.0020212536115005106,0.02308860680711235,0.02713111403011337,10
HNHN,diagnostics,un,239,0.024953621944027244,0.002017242320249262,0.02293637962377798,0.026970864264276508,10
HNHN,diagnostics,un,240,0.024798532098450843,0.002013167881052037,0.022785364217398806,0.02681169997950288,10
HNHN,diagnostics,un,241,0.02464458297447208,0.002009031598354687,0.022635551376117394,0.026653614572826768,10
HNHN,diagnostics,un,242,0.0244917667051325,0.002004834769108525,0.022486931936023975,0.026496601474241023,10
HNHN,diagnostics,un,243,0.024340075463515493,0.002000578682494893,0.0223394967810206,0.026340654146010386,10
HNHN,diagnostics,un,244,0.024189501462362976,0.0019962646196601667,0.02219323684270281,0.026185766082023144,10
HNHN,diagnostics,un,245,0.024040036953718855,0.001991893853461134,0.02204814310025772,0.026031930807179988,10
HNHN,diagnostics,un,246,0.02389167422859757,0.0019874676482204813,0.02190420658037709,0.02587914187681805,10
HNHN,diagnostics,un,247,0.023744405616676654,0.0019829872594922695,0.021761418357184384,0.025727392876168924,10
HNHN,diagnostics,un,248,0.02359822348601187,0.0019784539338372417,0.02161976955217463,0.025576677419849113,10
HNHN,diagnostics,un,249,0.023453120242773816,0.0019738689086077426,0.021479251334166075,0.025426989151381557,10
HNHN,diagnostics,un,250,0.023309088331004653,0.0019692334117421173,0.021339854919262536,0.02527832174274677,10
HNHN,diagnostics,un,251,0.023166120232394012,0.0019645486615684484,0.021201571570825563,0.02513066889396246,10
HNHN,diagnostics,un,252,0.023024208466072858,0.0019598158666173687,0.02106439259945549,0.024984024332690227,10
HNHN,diagnostics,un,253,0.022883345588424336,0.0019550362254438874,0.02092830936298045,0.024838381813868222,10
HNHN,diagnostics,un,254,0.022743524192910577,0.0019502109264579765,0.0207933132664526,0.024693735119368555,10
HNHN,diagnostics,un,255,0.02260473690991443,0.0019453411477637994,0.020659395762150628,0.02455007805767823,10
HNHN,diagnostics,un,256,0.0224669764065954,0.0019404280570073976,0.020526548349588003,0.024407404463602796,10
HNHN,diagnostics,sym,0,1.0,0.0,1.0,1.0,10
HNHN,diagnostics,sym,1,0.86336143565659,0.0007465989859074904,0.8626148366706825,0.8641080346424974,10
HNHN,diagnostics,sym,2,0.7753344338304491,0.001173224011272068,0.774161209819177,0.7765076578417212,10
HNHN,diagnostics,sym,3,0.7131001344645099,0.0015114296043872186,0.7115887048601227,0.7146115640688971,10
HNHN,diagnostics,sym,4,0.6660457739240492,0.0017764334771020029,0.6642693404469472,0.6678222074011512,10
HNHN,diagnostics,sym,5,0.6286313740135283,0.001972080562556165,0.6266592934509722,0.6306034545760845,10
HNHN,diagnostics,sym,6,0.5977255844103128,0.00211092066633061,0.5956146637439822,0.5998365050766433,10
HNHN,diagnostics,sym,7,0.5714392239495028,0.002207615475413087,0.5692316084740897,0.5736468394249158,10
HNHN,diagnostics,sym,8,0.5485680432133524,0.002274907258072214,0.5462931359552802,0.5508429504714246,10
HNHN,diagnostics,sym,9,0.52830810262177,0.0023225403123678916,0.5259855623094021,0.5306306429341379,10
HNHN,diagnostics,sym,10,0.5101017835128,0.002357444656306195,0.5077443388564938,0.5124592281691062,10
HNHN,diagnostics,sym,11,0.4935499765269428,0.00238429045484725,0.4911656860720956,0.49593426698179005,10
HNHN,diagnostics,sym,12,0.47835952442870966,0.0024060654591149104,0.47595345896959473,0.4807655898878246,10
HNHN,diagnostics,sym,13,0.46431036433329725,0.00242456548456266,0.4618857988487346,0.4667349298178599,10
HNHN,diagnostics,sym,14,0.45123418687847855,0.002440777707855559,0.448793409170623,0.4536749645863341,10
HNHN,diagnostics,sym,15,0.4390001164710366,0.002455166411050607,0.436544950059986,0.4414552828820872,10
HNHN,diagnostics,sym,16,0.42750483613178486,0.0024678785050128694,0.425036957626772,0.4299727146367977,10
HNHN,diagnostics,sym,17,0.41666562053730594,0.0024788863147588505,0.4141867342225471,0.4191445068520648,10
HNHN,diagnostics,sym,18,0.406415326938878,0.0024880829514002233,0.40392724398747776,0.40890340989027824,10
HNHN,diagnostics,sym,19,0.39669873651423443,0.002495342911879496,0.39420339360235496,0.3991940794261139,10
HNHN,diagnostics,sym,20,0.3874698464642586,0.0025005579386552816,0.3849692885256033,0.38997040440291386,10
HNHN,diagnostics,sym,21,0.3786898431633249,0.0025036558500720553,0.3761861873132528,0.38119349901339694,10
HNHN,diagnostics,sym,22,0.37032557039779934,0.002504608093953508,0.3678209623038458,0.3728301784917529,10
HNHN,diagnostics,sym,23,0.3623483620499971,0.002503430193443926,0.3598449318565532,0.364851792243441,10
HNHN,diagnostics,sym,24,0.3547331459694535,0.0025001780195361444,0.3522329679499173,0.35723332398898966,10
HNHN,diagnostics,sym,25,0.34745775153438024,0.002494941892716114,0.34496280964166415,0.34995269342709634,10
HNHN,diagnostics,sym,26,0.34050237146127393,0.002487839832527242,0.3380145316287467,0.3429902112938012,10
HNHN,diagnostics,sym,27,0.3338491412628878,0.00247901078545758,0.3313701304774302,0.3363281520483454,10
HNHN,diagnostics,sym,28,0.3274818090077291,0.0024686083213548184,0.3250132006863743,0.3299504173290839,10
HNHN,diagnostics,sym,29,0.3213854747772282,0.0024567950577382026,0.31892867971948996,0.3238422698349664,10
HNHN,diagnostics,sym,30,0.31554638418057346,0.0024437379193440857,0.31310264626122936,0.31799012209991756,10
HNHN,diagnostics,sym,31,0.30995176397482566,0.0024296042438374708,0.3075221597309882,0.31238136821866314,10
HNHN,diagnostics,sym,32,0.30458969060032015,0.002414558686716861,0.3021751319136033,0.307004249287037,10
HNHN,diagnostics,sym,33,0.29944898452660595,0.002398760846654847,0.2970502236799511,0.3018477453732608,10
HNHN,diagnostics,sym,34,0.29451912488947174,0.0023823635180500345,0.2921367613714217,0.2969014884075218,10
HNHN,diagnostics,sym,35,0.28979018011286684,0.002365511474244349,0.2874246686386225,0.2921556915871112,10
HNHN,diagnostics,sym,36,0.28525275114377135,0.002348340688414027,0.2829044104553573,0.2876010918321854,10
HNHN,diagnostics,sym,37,0.2808979246516104,0.002330977906670837,0.27856694674493954,0.28322890255828126,10
HNHN,diagnostics,sym,38,0.27671723410709326,0.0023135404974437873,0.27440369360964945,0.27903077460453707,10
HNHN,diagnostics,sym,39,0.2727026270959725,0.0022961365114822383,0.27040649058449023,0.27499876360745473,10
HNHN,diagnostics,sym,40,0.2688464375693103,0.0022788648969998162,0.2665675726723105,0.2711253024663101,10
HNHN,diagnostics,sym,41,0.265141362004691,0.0022618158240705756,0.2628795461806204,0.2674031778287616,10
HNHN,diagnostics,sym,42,0.26158043866854014,0.0022450710811151063,0.25933536758742504,0.26382550974965524,10
HNHN,diagnostics,sym,43,0.2581570293406921,0.0022287045140391786,0.25592832482665295,0.2603857338547313,10
HNHN,diagnostics,sym,44,0.2548648029980666,0.0022127824852807743,0.2526520205127858,0.25707758548334736,10
HNHN,diagnostics,sym,45,0.25169772106215554,0.0021973643357021473,0.2495003567264534,0.2538950853978577,10
HNHN,diagnostics,sym,46,0.24865002390071989,0.0021825028370033475,0.24646752106371653,0.2508325267377232,10
HNHN,diagnostics,sym,47,0.24571621834216137,0.0021682446262134077,0.24354797371594797,0.24788446296837477,10
HNHN,diagnostics,sym,48,0.24289106601501537,0.0021546306169303157,0.24073643539808506,0.24504569663194567,10
HNHN,diagnostics,sym,49,0.24016957236773012,0.0021416963844303255,0.2380278759832998,0.24231126875216044,10
HNHN,diagnostics,sym,50,0.23754697625759635,0.0021294725236419582,0.2354175037339544,0.2396764487812383,10
HNHN,diagnostics,sym,51,0.23501874002416176,0.002117984980369627,0.23290075504379212,0.2371367250045314,10
HNHN,diagnostics,sym,52,0.23258053998315456,0.0021072553571364187,0.23047328462601815,0.23468779534029097,10
HNHN,diagnostics,sym,53,0.23022825729299606,0.002097301195667759,0.2281309560973283,0.23232555848866382,10
HNHN,diagnostics,sym,54,0.22795796915835292,0.0020881362384194764,0.22586983291993346,0.2300461053967724,10
HNHN,diagnostics,sym,55,0.2257659403446024,0.0020797706717226552,0.22368616967287974,0.22784571101632506,10
HNHN,diagnostics,sym,56,0.22364861498418565,0.0020722113531218803,0.22157640363106376,0.22572082633730753,10
HNHN,diagnostics,sym,57,0.22160260866107992,0.0020654620253619843,0.21953714663571794,0.2236680706864419,10
HNHN,diagnostics,sym,58,0.2196247007634386,0.002059523519269453,0.21756517724416916,0.22168422428270804,10
HNHN,diagnostics,sym,59,0.21771182709714418,0.002054393947507253,0.21565743314963692,0.21976622104465143,10
HNHN,diagnostics,sym,60,0.2158610727548474,0.002050068890876669,0.21381100386397073,0.21791114164572406,10
HNHN,diagnostics,sym,61,0.21406966523623971,0.002046541578525376,0.21202312365771434,0.2161162068147651,10
HNHN,diagnostics,sym,62,0.2123349678159785,0.002043803063104553,0.21029116475287393,0.21437877087908305,10
HNHN,diagnostics,sym,63,0.21065447315599725,0.002041842391618801,0.20861263076437844,0.21269631554761606,10
HNHN,diagnostics,sym,64,0.20902579715898292,0.0020406467724387567,0.20698515038654416,0.21106644393142168,10
HNHN,diagnostics,sym,65,0.20744667305966646,0.002040201738702105,0.20540647132096435,0.20948687479836858,10
HNHN,diagnostics,sym,66,0.20591494575032634,0.002040491308123426,0.20387445444220292,0.20795543705844977,10
HNHN,diagnostics,sym,67,0.20442856633657813,0.0020414981390637073,0.20238706819751442,0.20647006447564184,10
HNHN,diagnostics,sym,68,0.20298558691917035,0.002043203682582474,0.20094238323658786,0.20502879060175283,10
HNHN,diagnostics,sym,69,0.20158415559713996,0.0020455883301013426,0.1995385672670386,0.2036297439272413,10
HNHN,diagnostics,sym,70,0.20022251168733027,0.0020486315562531273,0.19817388013107715,0.2022711432435834,10
HNHN,diagnostics,sym,71,0.19889898115494797,0.002052312056463705,0.19684666909848428,0.20095129321141167,10
HNHN,diagnostics,sym,72,0.19761197224954313,0.0020566078788174175,0.1955553643707257,0.19966858012836056,10
HNHN,diagnostics,sym,73,0.19635997134054578,0.0020614965497816103,0.19429847479076418,0.19842146789032739,10
HNHN,diagnostics,sym,74,0.1951415389462859,0.0020669551934108716,0.193074583752875,0.19720849413969677,10
HNHN,diagnostics,sym,75,0.19395530595025787,0.002072960643709357,0.19188234530654852,0.19602826659396722,10
HNHN,diagnostics,sym,76,0.1927999699982722,0.002079489549897996,0.1907204804483742,0.1948794595481702,10
HNHN,diagnostics,sym,77,0.19167429207005732,0.0020865184744070083,0.18958777359565032,0.1937608105444643,10
HNHN,diagnostics,sym,78,0.1905770932188357,0.0020940239834908434,0.18848306923534486,0.19267111720232655,10
HNHN,diagnostics,sym,79,0.18950725147239394,0.002101982730437449,0.1874052687419565,0.19160923420283138,10
HNHN,diagnostics,sym,80,0.18846369888919715,0.002110371531416952,0.1863533273577802,0.19057407042061408,10
HNHN,diagnostics,sym,81,0.18744541876315435,0.0021191674340813793,0.18532625132907296,0.18956458619723573,10
HNHN,diagnostics,sym,82,0.1864514429707286,0.002128347779088168,0.18432309519164045,0.18857979074981676,10
HNHN,diagnostics,sym,83,0.18548084945419013,0.0021378902547736834,0.18334295919941646,0.1876187397089638,10
HNHN,diagnostics,sym,84,0.18453275983493897,0.0021477729452473973,0.18238498688969157,0.18668053278018637,10
HNHN,diagnostics,sym,85,0.1836063371509641,0.0021579743722156468,0.18144836277874846,0.18576431152317976,10
HNHN,diagnostics,sym,86,0.1827007837126646,0.0021684735308715127,0.18053231018179308,0.18486925724353612,10
HNHN,diagnostics,sym,87,0.18181533907142217,0.002179249920210173,0.179636089151212,0.18399458899163235,10
HNHN,diagnostics,sym,88,0.18094927809549266,0.00219028356814115,0.1787589945273515,0.18313956166363382,10
HNHN,diagnostics,sym,89,0.1801019091479637,0.002201555051778525,0.17790035409618518,0.18230346419974222,10
HNHN,diagnostics,sym,90,0.1792725723617125,0.002213045513289696,0.17705952684842283,0.1814856178750022,10
HNHN,diagnostics,sym,91,0.17846063800648732,0.0022247366716813314,0.176235901334806,0.18068537467816864,10
HNHN,diagnostics,sym,92,0.17766550494342406,0.002236610830892272,0.1754288941125318,0.17990211577431633,10
HNHN,diagnostics,sym,93,0.1768865991625028,0.002248650884552577,0.1746379482779502,0.17913525004705538,10
HNHN,diagnostics,sym,94,0.17612337239863401,0.002260840317752843,0.17386253208088118,0.17838421271638685,10
HNHN,diagnostics,sym,95,0.17537530082225397,0.0022731632061520173,0.17310213761610196,0.17764846402840598,10
HNHN,diagnostics,sym,96,0.1746418838004909,0.00228560421273347,0.17235627958775743,0.17692748801322436,10
HNHN,diagnostics,sym,97,0.17392264272514316,0.002298148582500004,0.17162449414264316,0.17622079130764315,10
HNHN,diagnostics,sym,98,0.17321711990388802,0.0023107821353787056,0.17090633776850933,0.17552790203926671,10
HNHN,diagnostics,sym,99,0.17252487751130843,0.002323491257586266,0.17020138625372216,0.1748483687688947,10
HNHN,diagnostics,sym,100,0.17184549659649334,0.0023362628916854212,0.16950923370480792,0.17418175948817877,10
HNHN,diagnostics,sym,101,0.17117857614412588,0.0023490845255442028,0.16882949161858168,0.17352766066967007,10
HNHN,diagnostics,sym,102,0.17052373218613012,0.002361944180389005,0.1681617880057411,0.17288567636651914,10
HNHN,diagnostics,sym,103,0.16988059696109575,0.002374830398126605,0.16750576656296914,0.17225542735922236,10
HNHN,diagnostics,sym,104,0.16924881811884412,0.0023877322280903865,0.16686108589075374,0.1716365503469345,10
HNHN,diagnostics,sym,105,0.16862805796763697,0.002400639213351492,0.16622741875428548,0.17102869718098845,10
HNHN,diagnostics,sym,106,0.16801799276166057,0.0024135413767190825,0.16560445138494148,0.17043153413837966,10
HNHN,diagnostics,sym,107,0.16741831202654608,0.0024264292065400124,0.16499188282000607,0.1698447412330861,10
HNHN,diagnostics,sym,108,0.16682871792080475,0.002439293642394854,0.1643894242784099,0.1692680115631996,10
HNHN,diagnostics,sym,109,0.16624892463117594,0.002452126060774899,0.16379679857040103,0.16870105069195085,10
HNHN,diagnostics,sym,110,0.16567865779999125,0.0024649182608133284,0.16321373953917792,0.16814357606080457,10
HNHN,diagnostics,sym,111,0.16511765398276604,0.0024776624501343233,0.16263999153263173,0.16759531643290035,10
HNHN,diagnostics,sym,112,0.1645656601343266,0.0024903512308732424,0.16207530890345337,0.16705601136519985,10
HNHN,diagnostics,sym,113,0.16402243312187786,0.002502977585914204,0.16151945553596367,0.16652541070779206,10
HNHN,diagnostics,sym,114,0.16348773926350324,0.0025155348653822756,0.16097220439812096,0.16600327412888552,10
HNHN,diagnostics,sym,115,0.16296135389067673,0.0025280167734221585,0.16043333711725458,0.16548937066409888,10
HNHN,diagnostics,sym,116,0.1624430609334439,0.0025404173552880387,0.15990264357815587,0.16498347828873194,10
HNHN,diagnostics,sym,117,0.16193265252700856,0.0025527309847648513,0.1593799215422437,0.16448538351177341,10
HNHN,diagnostics,sym,118,0.16142992863853078,0.0025649523519358395,0.15886497628659493,0.16399488099046663,10
HNHN,diagnostics,sym,119,0.16093469671301275,0.002577076451307515,0.15835762026170525,0.16351177316432025,10
HNHN,diagnostics,sym,120,0.16044677133721091,0.002589098570299214,0.1578576727669117,0.16303586990751012,10
HNHN,diagnostics,sym,121,0.1599659739205765,0.0026010142781017417,0.15736495964247474,0.16256698819867824,10
HNHN,diagnostics,sym,122,0.15949213239228183,0.0026128194149060676,0.15687931297737576,0.1621049518071879,10
HNHN,diagnostics,sym,123,0.15902508091344508,0.002624510081501792,0.15640057083194328,0.16164959099494688,10
HNHN,diagnostics,sym,124,0.15856465960371752,0.002636082629241666,0.15592857697447585,0.1612007422329592,10
HNHN,diagnostics,sym,125,0.15811071428144513,0.002647533650368514,0.15546318063107661,0.16075824793181365,10
HNHN,diagnostics,sym,126,0.1576630962166622,0.002658859968697617,0.15500423624796458,0.1603219561853598,10
HNHN,diagnostics,sym,127,0.15722166189621778,0.002670058630647942,0.15455160326556983,0.15989172052686573,10
HNHN,diagnostics,sym,128,0.15678627280037544,0.0026811268966138247,0.15410514590376162,0.15946739969698925,10
HNHN,diagnostics,sym,129,0.156356795190266,0.0026920622326681485,0.15366473295759783,0.15904885742293415,10
HNHN,diagnostics,sym,130,0.1559330999056077,0.0027028623025875114,0.15323023760302018,0.1586359622081952,10
HNHN,diagnostics,sym,131,0.155515062172143,0.0027135249601893583,0.15280153721195364,0.15822858713233237,10
HNHN,diagnostics,sym,132,0.15510256141827233,0.0027240482419708676,0.15237851317630147,0.1578266096602432,10
HNHN,diagnostics,sym,133,0.15469548110039497,0.002734430360038685,0.1519610507403563,0.15742991146043364,10
HNHN,diagnostics,sym,134,0.15429370853649615,0.0027446696953194742,0.15154903884117668,0.15703837823181563,10
HNHN,diagnostics,sym,135,0.1538971347475452,0.0027547647910397626,0.15114236995650546,0.15665189953858497,10
HNHN,diagnostics,sym,136,0.15350565430629456,0.0027647143464652993,0.15074093995982926,0.15627036865275987,10
HNHN,diagnostics,sym,137,0.15311916519309351,0.0027745172108885404,0.15034464798220498,0.15589368240398205,10
HNHN,diagnostics,sym,138,0.15273756865835172,0.002784172377854474,0.14995339628049725,0.1555217410362062,10
HNHN,diagnostics,sym,139,0.15236076909130908,0.0027936789796141584,0.14956709011169492,0.15515444807092324,10
HNHN,diagnostics,sym,140,0.15198867389478712,0.0028030362817960657,0.14918563761299106,0.1547917101765832,10
HNHN,diagnostics,sym,141,0.15162119336561702,0.002812243678285676,0.14880894968733135,0.1544334370439027,10
HNHN,diagnostics,sym,142,0.15125824058045395,0.0028213006863034326,0.14843693989415052,0.15407954126675738,10
HNHN,diagnostics,sym,143,0.1508997312867069,0.002830206941672191,0.1480695243450347,0.15372993822837908,10
HNHN,diagnostics,sym,144,0.1505455837983255,0.0028389621942651257,0.14770662160406037,0.15338454599259063,10
HNHN,diagnostics,sym,145,0.15019571889620173,0.0028475663036257332,0.147348152592576,0.15304328519982746,10
HNHN,diagnostics,sym,146,0.14985005973295656,0.0028560192347511343,0.14699404049820544,0.1527060789677077,10
HNHN,diagnostics,sym,147,0.14950853174189524,0.002864321054031497,0.14664421068786374,0.15237285279592674,10
HNHN,diagnostics,sym,148,0.14917106254992613,0.0028724719253373546,0.14629859062458878,0.15204353447526348,10
HNHN,diagnostics,sym,149,0.14883758189424967,0.002880472106247701,0.14595710978800197,0.15171805400049737,10
HNHN,diagnostics,sym,150,0.14850802154263448,0.0028883219444124095,0.14561969959822207,0.1513963434870469,10
HNHN,diagnostics,sym,151,0.14818231521710762,0.0028960218740411475,0.14528629334306647,0.15107833709114876,10
HNHN,diagnostics,sym,152,0.14786039852089483,0.002903572412513967,0.14495682610838087,0.1507639709334088,10
HNHN,diagnostics,sym,153,0.14754220886845676,0.0029109741571061256,0.14463123471135064,0.15045318302556288,10
HNHN,diagnostics,sym,154,0.1472276854184736,0.002918227781822544,0.14430945763665104,0.15014591320029613,10
HNHN,diagnostics,sym,155,0.14691676900964007,0.0029253340343354762,0.1439914349753046,0.14984210304397555,10
HNHN,diagnostics,sym,156,0.14660940209913853,0.002932293733021157,0.14367710836611738,0.14954169583215968,10
HNHN,diagnostics,sym,157,0.14630552870366675,0.0029391077640897323,0.14336642093957702,0.1492446364677565,10
HNHN,diagnostics,sym,158,0.14600509434290104,0.0029457770788043716,0.14305931726409668,0.1489508714217054,10
HNHN,diagnostics,sym,159,0.14570804598528386,0.002952302690784945,0.14275574329449892,0.1486603486760688,10
HNHN,diagnostics,sym,160,0.1454143319960292,0.0029586856733921437,0.14245564632263708,0.14837301766942135,10
HNHN,diagnostics,sym,161,0.14512390208724554,0.00296492715718827,0.14215897493005727,0.1480888292444338,10
HNHN,diagnostics,sym,162,0.1448367072700803,0.0029710283274708696,0.14186567894260943,0.14780773559755117,10
HNHN,diagnostics,sym,163,0.14455269980879587,0.002976990421875777,0.1415757093869201,0.14752969023067164,10
HNHN,diagnostics,sym,164,0.14427183317669035,0.0029828147280465244,0.14128901844864383,0.14725464790473686,10
HNHN,diagnostics,sym,165,0.14399406201378193,0.002988502581366568,0.14100555943241536,0.1469825645951485,10
HNHN,diagnostics,sym,166,0.14371934208617862,0.002994055362752028,0.1407252867234266,0.14671339744893064,10
HNHN,diagnostics,sym,167,0.14344763024705998,0.0029994744965019244,0.14044815575055805,0.1464471047435619,10
HNHN,diagnostics,sym,168,0.14317888439920032,0.003004761448203353,0.14017412295099696,0.14618364584740368,10
HNHN,diagnostics,sym,169,0.14291306345896676,0.0030099177226894772,0.1399031457362773,0.14592298118165623,10
HNHN,diagnostics,sym,170,0.14265012732172838,0.0030149448620477508,0.13963518245968062,0.14566507218377614,10
HNHN,diagnostics,sym,171,0.14239003682861634,0.0030198444436768113,0.13937019238493953,0.14540988127229315,10
HNHN,diagnostics,sym,172,0.14213275373457704,0.003024618078389684,0.13910813565618735,0.14515737181296673,10
HNHN,diagnostics,sym,173,0.14187824067766355,0.003029267408561565,0.13884897326910198,0.14490750808622513,10
HNHN,diagnostics,sym,174,0.14162646114951344,0.0030337941063208413,0.1385926670431926,0.14466025525583429,10
HNHN,diagnostics,sym,175,0.14137737946696283,0.00303819987178139,0.13833917959518144,0.14441557933874422,10
HNHN,diagnostics,sym,176,0.14113096074474876,0.0030424864313148593,0.1380884743134339,0.14417344717606362,10
HNHN,diagnostics,sym,177,0.1408871708692559,0.003046655535861684,0.1378405153333942,0.1439338264051176,10
HNHN,diagnostics,sym,178,0.1406459764732632,0.003050708959279503,0.1375952675139837,0.14369668543254271,10
HNHN,diagnostics,sym,179,0.1404073449116498,0.0030546484967277202,0.1373526964149221,0.1434619934083775,10
HNHN,diagnostics,sym,180,0.1401712442380208,0.0030584759630874914,0.1371127682749333,0.1432297202011083,10
HNHN,diagnostics,sym,181,0.13993764318221508,0.0030621931914156884,0.1368754499907994,0.14299983637363076,10
HNHN,diagnostics,sym,182,0.13970651112866023,0.0030658020314321996,0.13664070909722803,0.14277231316009242,10
HNHN,diagnostics,sym,183,0.13947781809553852,0.003069304348039858,0.13640851374749866,0.1425471224435784,10
HNHN,diagnostics,sym,184,0.13925153471473334,0.0030727020198759213,0.13617883269485742,0.14232423673460926,10
HNHN,diagnostics,sym,185,0.13902763221252296,0.003075996937894495,0.13595163527462847,0.14210362915041744,10
HNHN,diagnostics,sym,186,0.13880608239099268,0.003079191003979454,0.13572689138701322,0.14188527339497214,10
HNHN,diagnostics,sym,187,0.13858685761013662,0.0030822861295869814,0.13550457148054965,0.14166914373972359,10
HNHN,diagnostics,sym,188,0.13836993077062143,0.0030852842344173325,0.1352846465362041,0.14145521500503877,10
HNHN,diagnostics,sym,189,0.13815527529718583,0.003088187245115255,0.13506708805207057,0.14124346254230108,10
HNHN,diagnostics,sym,190,0.13794286512265103,0.0030909970939987956,0.13485186802865223,0.14103386221664982,10
HNHN,diagnostics,sym,191,0.13773267467251804,0.0030937157178157295,0.13463895895470232,0.14082639039033376,10
HNHN,diagnostics,sym,192,0.1375246788501283,0.0030963450565275456,0.13442833379360078,0.14062102390665585,10
HNHN,diagnostics,sym,193,0.13731885302236663,0.0030988870521205477,0.13421996597024607,0.14041774007448718,10
HNHN,diagnostics,sym,194,0.13711517300588402,0.003101343647443677,0.13401382935844033,0.1402165166533277,10
HNHN,diagnostics,sym,195,0.1369136150538215,0.003103716785072895,0.1338098982687486,0.1400173318388944,10
HNHN,diagnostics,sym,196,0.13671415584301433,0.003106008406201704,0.13360814743681262,0.13982016424921603,10
HNHN,diagnostics,sym,197,0.13651677246165894,0.0031082204495577513,0.1334085520121012,0.1396249929112167,10
HNHN,diagnostics,sym,198,0.13632144239742414,0.0031103548503453454,0.13321108754707878,0.1394317972477695,10
HNHN,diagnostics,sym,199,0.13612814352598973,0.0031124135392131542,0.13301572998677658,0.13924055706520289,10
HNHN,diagnostics,sym,200,0.13593685409999617,0.003114398441247766,0.1328224556587484,0.13905125254124395,10
HNHN,diagnostics,sym,201,0.1357475527383895,0.003116311474992267,0.13263124126339723,0.1388638642133818,10
HNHN,diagnostics,sym,202,0.13556021841614613,0.003118154551489837,0.1324420638646563,0.13867837296763597,10
HNHN,diagnostics,sym,203,0.13537483045436352,0.0031199295733525517,0.13225490088101097,0.13849476002771607,10
HNHN,diagnostics,sym,204,0.13519136851070243,0.0031216384338547125,0.13206973007684772,0.13831300694455714,10
HNHN,diagnostics,sym,205,0.13500981257016742,0.0031232830160510677,0.13188652955411634,0.1381330955862185,10
HNHN,diagnostics,sym,206,0.13483014293621273,0.003124865191919647,0.13170527774429308,0.13795500812813238,10
HNHN,diagnostics,sym,207,0.1346523402221617,0.0031263868215288377,0.13152595340063286,0.1377787270436905,10
HNHN,diagnostics,sym,208,0.13447638534292683,0.003127849752229022,0.1313485355906978,0.13760423509515585,10
HNHN,diagnostics,sym,209,0.13430225950702052,0.0031292558178685004,0.13117300368915202,0.137431515324889,10
HNHN,diagnostics,sym,210,0.13412994420884397,0.0031306068380334315,0.13099933737081054,0.1372605510468774,10
HNHN,diagnostics,sym,211,0.1339594212212452,0.0031319046173120197,0.13082751660393319,0.13709132583855724,10
HNHN,diagnostics,sym,212,0.13379067258833527,0.003133150944582457,0.1306575216437528,0.13692382353291774,10
HNHN,diagnostics,sym,213,0.13362368061855276,0.0031343475923249313,0.13048933302622784,0.13675802821087768,10
HNHN,diagnostics,sym,214,0.13345842787796813,0.0031354963159573213,0.1303229315620108,0.13659392419392546,10
HNHN,diagnostics,sym,215,0.1332948971838183,0.003136598853194542,0.13015829833062376,0.13643149603701282,10
HNHN,diagnostics,sym,216,0.13313307159826265,0.0031376569234314792,0.12999541467483117,0.13627072852169414,10
HNHN,diagnostics,sym,217,0.13297293442235292,0.003138672227149314,0.1298342621952036,0.13611160664950223,10
HNHN,diagnostics,sym,218,0.1328144691902084,0.0031396464453452328,0.12967482274486317,0.13595411563555362,10
HNHN,diagnostics,sym,219,0.13265765966338877,0.003140581238985376,0.1295170784244034,0.13579824090237413,10
HNHN,diagnostics,sym,220,0.1325024898254576,0.003141478248480789,0.1293610115769768,0.1356439680739384,10
HNHN,diagnostics,sym,221,0.1323489438767292,0.0031423390931863146,0.1292066047835429,0.13549128296991553,10
HNHN,diagnostics,sym,222,0.13219700622919184,0.0031431653709224202,0.12905384085826943,0.13534017160011425,10
HNHN,diagnostics,sym,223,0.13204666150160096,0.0031439586575195003,0.12890270284408145,0.13519062015912048,10
HNHN,diagnostics,sym,224,0.13189789451473616,0.0031447205063849333,0.12875317400835123,0.13504261502112108,10
HNHN,diagnostics,sym,225,0.1317506902868157,0.0031454524480922074,0.12860523783872352,0.1348961427349079,10
HNHN,diagnostics,sym,226,0.13160503402906257,0.003146155989992459,0.1284588780390701,0.13475119001905503,10
HNHN,diagnostics,sym,227,0.13146091114141684,0.003146832615847889,0.12831407852556895,0.13460774375726473,10
HNHN,diagnostics,sym,228,0.13131830720838872,0.003147483785487058,0.12817082342290165,0.1344657909938758,10
HNHN,diagnostics,sym,229,0.131177207995047,0.003148110934481708,0.1280290970605653,0.1343253189295287,10
HNHN,diagnostics,sym,230,0.13103759944313803,0.0031487154738451266,0.1278888839692929,0.13418631491698316,10
HNHN,diagnostics,sym,231,0.13089946766733027,0.0031492987897516764,0.1277501688775786,0.13404876645708194,10
HNHN,diagnostics,sym,232,0.13076279895157988,0.0031498622432772436,0.12761293670830265,0.13391266119485712,10
HNHN,diagnostics,sym,233,0.13062757974561318,0.0031504071701605606,0.1274771725754526,0.13377798691577375,10
HNHN,diagnostics,sym,234,0.13049379666152078,0.003150934880584878,0.1273428617809359,0.13364473154210565,10
HNHN,diagnostics,sym,235,0.1303614364704601,0.003151446658980192,0.1272099898114799,0.13351288312944032,10
HNHN,diagnostics,sym,236,0.13023048609946256,0.003151943763845118,0.12707854233561744,0.13338242986330767,10
HNHN,diagnostics,sym,237,0.13010093262833988,0.0031524274275888764,0.12694850520075102,0.13325336005592875,10
HNHN,diagnostics,sym,238,0.12997276328668825,0.003152898856392449,0.1268198644302958,0.1331256621430807,10
HNHN,diagnostics,sym,239,0.12984596545098476,0.0031533592300891653,0.1266926062208956,0.13299932468107392,10
HNHN,diagnostics,sym,240,0.12972052664177386,0.0031538097020640844,0.12656671693970978,0.13287433634383794,10
HNHN,diagnostics,sym,241,0.1295964345209401,0.0031542513991719315,0.12644218312176816,0.13275068592011205,10
HNHN,diagnostics,sym,242,0.12947367688906386,0.0031546854216734765,0.1263189914673904,0.13262836231073732,10
HNHN,diagnostics,sym,243,0.12935224168285767,0.0031551128431897965,0.12619712883966788,0.13250735452604745,10
HNHN,diagnostics,sym,244,0.12923211697267956,0.0031555347106741426,0.1260765822620054,0.1323876516833537,10
HNHN,diagnostics,sym,245,0.1291132909601205,0.0031559520444013212,0.12595733891571917,0.13226924300452184,10
HNHN,diagnostics,sym,246,0.12899575197566415,0.003156365837973926,0.12583938613769022,0.1321521178136381,10
HNHN,diagnostics,sym,247,0.12887948847641512,0.003156777058345184,0.12572271141806993,0.1320362655347603,10
HNHN,diagnostics,sym,248,0.1287644890438943,0.0031571866458582603,0.12560730239803602,0.13192167568975255,10
HNHN,diagnostics,sym,249,0.12865074238189772,0.003157595514301377,0.12549314686759636,0.13180833789619908,10
HNHN,diagnostics,sym,250,0.128538237314418,0.0031580045509785083,0.1253802327634395,0.1316962418653965,10
HNHN,diagnostics,sym,251,0.12842696278362462,0.0031584146167953917,0.12526854816682922,0.13158537740042,10
HNHN,diagnostics,sym,252,0.1283169078479021,0.003158826546360204,0.12515808130154188,0.1314757343942623,10
HNHN,diagnostics,sym,253,0.1282080616799433,0.003159241148098888,0.1250488205318444,0.1313673028280422,10
HNHN,diagnostics,sym,254,0.1281004135648962,0.003159659204384371,0.12494075436051184,0.1312600727692806,10
HNHN,diagnostics,sym,255,0.1279939528985619,0.003160081471679616,0.12483387142688229,0.13115403437024153,10
HNHN,diagnostics,sym,256,0.12788866918564237,0.0031605086806938,0.12472816050494857,0.1310491778663362,10
HNHN,diagnostics,op,0,1.0,0.0,1.0,1.0,10
HNHN,diagnostics,op,1,0.6804430024530294,0.001683167225983281,0.6787598352270461,0.6821261696790126,10
HNHN,diagnostics,op,2,0.5259738967337997,0.0018252941853975268,0.5241486025484021,0.5277991909191972,10
HNHN,diagnostics,op,3,0.436089197026137,0.0018145083341965286,0.43427468869194047,0.4379037053603336,10
HNHN,diagnostics,op,4,0.37768129759741825,0.0018132052017831033,0.3758680923956351,0.3794945027992014,10
HNHN,diagnostics,op,5,0.3366123195485099,0.0018093404851582129,0.33480297906335166,0.33842166003366814,10
HNHN,diagnostics,op,6,0.3059642095354479,0.0017924858597954528,0.30417172367565243,0.30775669539524336,10
HNHN,diagnostics,op,7,0.2820180556281218,0.001763749991798784,0.28025430563632303,0.2837818056199206,10
HNHN,diagnostics,op,8,0.2626237762425426,0.0017278847274163087,0.26089589151512627,0.2643516609699589,10
HNHN,diagnostics,op,9,0.24646223026129147,0.0016893505348885573,0.2447728797264029,0.24815158079618002,10
HNHN,diagnostics,op,10,0.2326831191915634,0.0016512847737304628,0.23103183441783293,0.23433440396529387,10
HNHN,diagnostics,op,11,0.22071528323890705,0.001615545210674474,0.21909973802823257,0.22233082844958152,10
HNHN,diagnostics,op,12,0.2101615759827773,0.0015830243076369894,0.2085785516751403,0.21174460029041428,10
HNHN,diagnostics,op,13,0.20073766929056544,0.0015539651009775642,0.19918370418958786,0.20229163439154302,10
HNHN,diagnostics,op,14,0.19223485745844077,0.0015282106337869993,0.19070664682465377,0.19376306809222776,10
HNHN,diagnostics,op,15,0.184496579933155,0.0015053832727777436,0.18299119666037725,0.18600196320593274,10
HNHN,diagnostics,op,16,0.177403110853813,0.0014850066659985533,0.17591810418781445,0.17888811751981154,10
HNHN,diagnostics,op,17,0.17086128926829602,0.0014665846330725438,0.1693947046352235,0.17232787390136856,10
HNHN,diagnostics,op,18,0.1647974614244501,0.0014496490400446537,0.16334781238440543,0.16624711046449475,10
HNHN,diagnostics,op,19,0.15915252805407384,0.0014337860233804502,0.1577187420306934,0.1605863140774543,10
HNHN,diagnostics,op,20,0.15387840533866803,0.0014186476005148246,0.1524597577381532,0.15529705293918286,10
HNHN,diagnostics,op,21,0.14893545578415004,0.0014039538367913778,0.14753150194735867,0.15033940962094142,10
HNHN,diagnostics,op,22,0.14429059705972747,0.0013894892765839637,0.1429011077831435,0.14568008633631144,10
HNHN,diagnostics,op,23,0.13991589252548592,0.0013750962221908954,0.13854079630329502,0.14129098874767682,10
HNHN,diagnostics,op,24,0.13578748893996934,0.00136066659842639,0.13442682234154293,0.13714815553839574,10
HNHN,diagnostics,op,25,0.1318848075970846,0.0013461335212655182,0.13053867407581907,0.13323094111835013,10
HNHN,diagnostics,op,26,0.1281899225663729,0.0013314632481372627,0.12685845931823564,0.12952138581451017,10
HNHN,diagnostics,op,27,0.12468707848731828,0.0013166478837238632,0.12337043060359441,0.12600372637104215,10
HNHN,diagnostics,op,28,0.1213623134243074,0.0013016990130518408,0.12006061441125555,0.12266401243735923,10
HNHN,diagnostics,op,29,0.11820316149290602,0.0012866423046985144,0.1169165191882075,0.11948980379760454,10
HNHN,diagnostics,op,30,0.11519841653698563,0.0012715130490114012,0.11392690348797423,0.11646992958599704,10
HNHN,diagnostics,op,31,0.11233794287645574,0.0012563525529068898,0.11108159032354885,0.11359429542936263,10
HNHN,diagnostics,op,32,0.10961252260033658,0.0012412052922194554,0.10837131730811712,0.11085372789255603,10
HNHN,diagnostics,op,33,0.1070137314211885,0.0012261167163957318,0.10578761470479277,0.10823984813758424,10
HNHN,diagnostics,op,34,0.10453383699189471,0.0012111316028728476,0.10332270538902186,0.10574496859476756,10
HNHN,diagnostics,op,35,0.10216571499493377,0.001196292865947447,0.10096942212898632,0.1033620078608812,10
HNHN,diagnostics,op,36,0.09990277937542559,0.0011816407348488398,0.09872113864057674,0.10108442011027444,10
HNHN,diagnostics,op,37,0.09773892389386334,0.0011672122265109172,0.09657171166735241,0.09890613612037426,10
HNHN,diagnostics,op,38,0.09566847278855295,0.0011530408492362615,0.09451543193931669,0.09682151363778921,10
HNHN,diagnostics,op,39,0.09368613880939229,0.0011391564835117583,0.09254698232588053,0.09482529529290405,10
HNHN,diagnostics,op,40,0.09178698724892456,0.001125585395382829,0.09066140185354174,0.09291257264430738,10
HNHN,diagnostics,op,41,0.08996640487957029,0.0011123503459010788,0.08885405453366921,0.09107875522547138,10
HNHN,diagnostics,op,42,0.08822007292688408,0.0010994707672124214,0.08712060215967166,0.0893195436940965,10
HNHN,diagnostics,op,43,0.08654394338203164,0.0010869629818918238,0.08545698040013981,0.08763090636392347,10
HNHN,diagnostics,op,44,0.0849342180933068,0.0010748404472347881,0.08385937764607201,0.08600905854054158,10
HNHN,diagnostics,op,45,0.08338733018463806,0.001063114010476619,0.08232421617416144,0.08445044419511469,10
HNHN,diagnostics,op,46,0.08189992743494032,0.0010517921644274577,0.08084813527051286,0.08295171959936777,10
HNHN,diagnostics,op,47,0.08046885732065617,0.0010408812958790838,0.0794279760247771,0.08150973861653525,10
HNHN,diagnostics,op,48,0.07909115347860782,0.0010303859214519898,0.07806076755715582,0.08012153940005981,10
HNHN,diagnostics,op,49,0.07776402339021797,0.001020308907388516,0.07674371448282946,0.07878433229760648,10
HNHN,diagnostics,op,50,0.076484837123493,0.0010106516712391853,0.0754741854522538,0.07749548879473218,10
HNHN,diagnostics,op,51,0.07525111699764904,0.0010014143644972448,0.0742497026331518,0.07625253136214628,10
HNHN,diagnostics,op,52,0.07406052805827876,0.0009925960360725645,0.0730679320222062,0.07505312409435132,10
HNHN,diagnostics,op,53,0.07291086926959486,0.0009841947771083866,0.07192667449248648,0.07389506404670325,10
HNHN,diagnostics,op,54,0.07180006534541014,0.0009762078480769684,0.07082385749733318,0.0727762731934871,10
HNHN,diagnostics,op,55,0.0707261591528123,0.0009686317893795074,0.0697575273634328,0.0716947909421918,10
HNHN,diagnostics,op,56,0.06968730463251357,0.0009614625168516017,0.06872584211566198,0.07064876714936517,10
HNHN,diagnostics,op,57,0.06868176018804244,0.0009546954036644079,0.06772706478437802,0.06963645559170685,10
HNHN,diagnostics,op,58,0.0677078825026493,0.0009483253501334704,0.06675955715251583,0.06865620785278276,10
HNHN,diagnostics,op,59,0.06676412074830654,0.0009423468429197161,0.06582177390538682,0.06770646759122625,10
HNHN,diagnostics,op,60,0.06584901115572099,0.0009367540050437866,0.06491225715067721,0.06678576516076477,10
HNHN,diagnostics,op,61,0.06496117191803337,0.0009315406380468742,0.0640296312799865,0.06589271255608024,10
HNHN,diagnostics,op,62,0.06409929840399871,0.0009267002575271028,0.06317259814647161,0.06502599866152581,10
HNHN,diagnostics,op,63,0.06326215865904784,0.0009222261231673158,0.06233993253588053,0.06418438478221516,10
HNHN,diagnostics,op,64,0.062448589174818415,0.0009181112642527864,0.06153047791056563,0.06336670043907121,10
HNHN,diagnostics,op,65,0.06165749090959337,0.0009143485015603437,0.060743142408033024,0.06257183941115371,10
HNHN,diagnostics,op,66,0.06088782554365896,0.0009109304663861788,0.05997689507727278,0.061798756010045135,10
HNHN,diagnostics,op,67,0.060138611954944056,0.0009078496173705615,0.059230762337573496,0.061046461572314616,10
HNHN,diagnostics,op,68,0.059408922901469194,0.0009050982556754276,0.05850382464579377,0.06031402115714462,10
HNHN,diagnostics,op,69,0.05869788189815115,0.0009026685389761517,0.057795213359175,0.0596005504371273,10
HNHN,diagnostics,op,70,0.05800466027640237,0.000900552494642489,0.05710410778175989,0.05890521277104486,10
HNHN,diagnostics,op,71,0.05732847441575821,0.0008987420324058934,0.05642973238335232,0.0582272164481641,10
HNHN,diagnostics,op,72,0.0566685831374734,0.0008972289567412163,0.05577135418073219,0.057565812094214616,10
HNHN,diagnostics,op,73,0.05602428525066864,0.0008960049791303384,0.0551282802715383,0.05692029022979898,10
HNHN,diagnostics,op,74,0.055394917242188514,0.0008950617303226064,0.05449985551186591,0.05628997897251112,10
HNHN,diagnostics,op,75,0.05477985110186343,0.0008943907726625956,0.053885460329200836,0.05567424187452603,10
HNHN,diagnostics,op,76,0.05417849227535657,0.000893983612518336,0.05328450866283824,0.05507247588787491,10
HNHN,diagnostics,op,77,0.05359027773722934,0.0008938317128126272,0.05269644602441671,0.054484109450041965,10
HNHN,diagnostics,op,78,0.05301467417728008,0.0008939265056361643,0.052120747671643916,0.05390860068291624,10
HNHN,diagnostics,op,79,0.05245117629360281,0.0008942594049023142,0.051556916888700496,0.053345435698505125,10
HNHN,diagnostics,op,80,0.05189930518618222,0.0008948218189900336,0.05100448336719219,0.052794127005172255,10
HNHN,diagnostics,op,81,0.05135860684518588,0.0008956051633123828,0.050463001681873496,0.052254212008498266,10
HNHN,diagnostics,op,82,0.050828650728442205,0.0008966008727426457,0.04993204985569956,0.05172525160118485,10
HNHN,diagnostics,op,83,0.05030902842289875,0.0008978004138282252,0.049411228009070524,0.051206828836726975,10
HNHN,diagnostics,op,84,0.04979935238514771,0.0008991952967230669,0.04890015708842464,0.05069854768187078,10
HNHN,diagnostics,op,85,0.04929925475637943,0.0009007770867722114,0.04839847766960722,0.050200031843151645,10
HNHN,diagnostics,op,86,0.048808386247385815,0.0009025374156869442,0.04790584883169887,0.04971092366307276,10
HNHN,diagnostics,op,87,0.048326415089481795,0.0009044679922544113,0.047421947097227385,0.049230883081736204,10
HNHN,diagnostics,op,88,0.04785302604744713,0.000906560612532975,0.04694646543491415,0.048759586659980106,10
HNHN,diagnostics,op,89,0.04738791949081162,0.0009088071694914052,0.046479112321320216,0.048296726660303026,10
HNHN,diagnostics,op,90,0.04693081052001731,0.0009111996620581104,0.0460196108579592,0.04784201018207542,10
HNHN,diagnostics,op,91,0.04648142814418944,0.0009137302035540451,0.0455676979406354,0.047395158347743487,10
HNHN,diagnostics,op,92,0.046039514507436444,0.0009163910294905364,0.045123123477945906,0.04695590553692698,10
HNHN,diagnostics,op,93,0.04560482416077743,0.0009191745047206198,0.04468564965605681,0.04652399866549805,10
HNHN,diagnostics,op,94,0.04517712337696432,0.0009220731299389969,0.04425505024702532,0.04609919650690332,10
HNHN,diagnostics,op,95,0.044756189505625266,0.000925079547532276,0.04383110995809299,0.045681269053157544,10
HNHN,diagnostics,op,96,0.04434181036630713,0.0009281865467864387,0.04341362381952069,0.04526999691309357,10
HNHN,diagnostics,op,97,0.04393378367713742,0.0009313870684637928,0.043002396608673624,0.044865170745601216,10
HNHN,diagnostics,op,98,0.04353191651696069,0.0009346742087658506,0.042597242308194845,0.04446659072572654,10
HNHN,diagnostics,op,99,0.04313602481893211,0.0009380412227022097,0.0421979835962299,0.04407406604163432,10
HNHN,diagnostics,op,100,0.04274593289367102,0.0009414815268887462,0.04180445136678227,0.04368741442055977,10
HNHN,diagnostics,op,101,0.04236147298019037,0.0009449887018007728,0.0414164842783896,0.04330646168199114,10
HNHN,diagnostics,op,102,0.04198248482292561,0.0009485564935087446,0.041033928329416866,0.042931041316434354,10
HNHN,diagnostics,op,103,0.0416088152732869,0.0009521788149255351,0.040656636458361366,0.042560994088212435,10
HNHN,diagnostics,op,104,0.041240317914253956,0.0009558497465950478,0.04028446816765891,0.042196167660849,10
HNHN,diagnostics,op,105,0.0408768527066224,0.0009595635370526665,0.03991728916956973,0.04183641624367507,10
HNHN,diagnostics,op,106,0.04051828565559455,0.0009633146027879225,0.03955497105280663,0.041481600258382476,10
HNHN,diagnostics,op,107,0.04016448849648756,0.0009670975278396892,0.03919739096864787,0.041131586024327246,10
HNHN,diagnostics,op,108,0.03981533839840605,0.0009709070630536821,0.03884443133535237,0.04078624546145973,10
HNHN,diagnostics,op,109,0.03947071768479711,0.0009747381250313302,0.03849597955976578,0.04044545580982844,10
HNHN,diagnostics,op,110,0.0391305135698714,0.00097858579479816,0.03815192777507324,0.04010909936466956,10
HNHN,diagnostics,op,111,0.038794617909936414,0.000982445316218766,0.03781217259371765,0.03977706322615518,10
HNHN,diagnostics,op,112,0.03846292696874655,0.00098631209418435,0.0374766148745622,0.0394492390629309,10
HNHN,diagnostics,op,113,0.03813534119602935,0.000990181692597345,0.037145159503432,0.039125522888626696,10
HNHN,diagnostics,op,114,0.03781176501839899,0.0009940498321765515,0.036817715186222434,0.03880581485057554,10
HNHN,diagnostics,op,115,0.03749210664191659,0.0009979123881046878,0.036494194253811896,0.03849001903002128,10
HNHN,diagnostics,op,116,0.03717627786560258,0.0010017653875388844,0.0361745124780637,0.03817804325314147,10
HNHN,diagnostics,op,117,0.03686419390524888,0.0010056050070033956,0.03585858889824548,0.03786979891225228,10
HNHN,diagnostics,op,118,0.036555773226918775,0.0010094275696822792,0.035546345657236494,0.037565200796601056,10
HNHN,diagnostics,op,119,0.03625093738956045,0.001013229542628603,0.035237707846931844,0.037264166932189056,10
HNHN,diagnostics,op,120,0.03594961089619492,0.0010170075339053601,0.03493260336228956,0.036966618430100275,10
HNHN,diagnostics,op,121,0.03565172105317273,0.0010207582896720475,0.03463096276350068,0.036672479342844774,10
HNHN,diagnostics,op,122,0.035357197837024644,0.0010244786912297183,0.03433271914579492,0.036381676528254366,10
HNHN,diagnostics,op,123,0.03506597376846077,0.0010281657520360898,0.03403780801642468,0.03609413952049686,10
HNHN,diagnostics,op,124,0.03477798379310017,0.001031816614701312,0.03374616717839886,0.035809800407801476,10
HNHN,diagnostics,op,125,0.03449316516853829,0.0010354285479739001,0.033457736620564386,0.03552859371651219,10
HNHN,diagnostics,op,126,0.03421145735738403,0.0010389989437254497,0.03317245841365858,0.035250456301109484,10
HNHN,diagnostics,op,127,0.03393280192592056,0.001042525313941812,0.03289027661197875,0.034975327239862374,10
HNHN,diagnostics,op,128,0.03365714244806526,0.0010460052877275924,0.032611137160337665,0.034703147735792854,10
HNHN,diagnostics,op,129,0.03338442441432408,0.0010494366083300976,0.03233498780599398,0.03443386102265417,10
HNHN,diagnostics,op,130,0.03311459514545415,0.001052817130188039,0.032061778015266114,0.03416741227564219,10
HNHN,diagnostics,op,131,0.032847603710565845,0.0010561448160098096,0.031791458894556035,0.033903748526575656,10
HNHN,diagnostics,op,132,0.03258340084941205,0.0010594177338853475,0.031523983115526705,0.0336428185832974,10
HNHN,diagnostics,op,133,0.03232193889862761,0.0010626340544352176,0.03125930484419239,0.03338457295306283,10
HNHN,diagnostics,op,134,0.03206317172169614,0.0010657920479999457,0.030997379673696195,0.03312896376969609,10
HNHN,diagnostics,op,135,0.031807054642435315,0.0010688900818721602,0.030738164560563153,0.03287594472430747,10
HNHN,diagnostics,op,136,0.03155354438180381,0.0010719266175737176,0.030481617764230088,0.03262547099937752,10
HNHN,diagnostics,op,137,0.031302598997845335,0.0010749002081796785,0.030227698789665657,0.032377499206025014,10
HNHN,diagnostics,op,138,0.031054177828596187,0.0010778094956904272,0.02997636833290576,0.03213198732428661,10
HNHN,diagnostics,op,139,0.030808241437793017,0.0010806532084532178,0.0297275882293398,0.03188889464624624,10
HNHN,diagnostics,op,140,0.030564751563227383,0.0010834301586338717,0.02948132140459351,0.031648181721861256,10
HNHN,diagnostics,op,141,0.03032367106760297,0.0010861392397393537,0.029237531827863615,0.03140981030734232,10
HNHN,diagnostics,op,142,0.03008496389175951,0.0010887794241915042,0.028996184467568006,0.031173743315951012,10
HNHN,diagnostics,op,143,0.02984859501013587,0.0010913497609521703,0.0287572452491837,0.03093994477108804,10
HNHN,diagnostics,op,144,0.029614530388352232,0.0010938493731997515,0.028520681015152483,0.030708379761551982,10
HNHN,diagnostics,op,145,0.02938273694279812,0.0010962774560569738,0.028286459486741147,0.030479014398855094,10
HNHN,diagnostics,op,146,0.029153182502119995,0.0010986332743696567,0.028054549227750337,0.03025181577648965,10
HNHN,diagnostics,op,147,0.02892583577050825,0.0011009161605360848,0.027824919609972167,0.030026751931044336,10
HNHN,diagnostics,op,148,0.02870066629268898,0.0011031255123864336,0.02759754078030255,0.029803791805075412,10
HNHN,diagnostics,op,149,0.028477644420532015,0.001105260791111722,0.027372383629420294,0.029582905211643737,10
HNHN,diagnostics,op,150,0.028256741281191065,0.0011073215192416287,0.027149419761949435,0.029364062800432696,10
HNHN,diagnostics,op,151,0.028037928746697405,0.0011093072786704191,0.026928621468026985,0.029147236025367826,10
HNHN,diagnostics,op,152,0.02782117940493234,0.0011112177087302167,0.02670996169620212,0.028932397113662557,10
HNHN,diagnostics,op,153,0.02760646653190854,0.0011130525043108615,0.02649341402759768,0.0287195190362194,10
HNHN,diagnostics,op,154,0.027393764065294007,0.0011148114140254349,0.02627895265126857,0.028508575479319443,10
HNHN,diagnostics,op,155,0.027183046579116087,0.0011164942384205758,0.026066552340695513,0.02829954081753666,10
HNHN,diagnostics,op,156,0.02697428925958682,0.0011181008282307716,0.025856188431356047,0.028092390087817592,10
HNHN,diagnostics,op,157,0.02676746788199381,0.0011196310826755995,0.025647836799318213,0.02788709896466941,10
HNHN,diagnostics,op,158,0.026562558788604213,0.0011210849477991075,0.025441473840805105,0.02768364373640332,10
HNHN,diagnostics,op,159,0.026359538867532138,0.001122462414850303,0.025237076452681834,0.027482001282382443,10
HNHN,diagnostics,op,160,0.02615838553252271,0.0011237635187039312,0.02503462201381878,0.02728214905122664,10
HNHN,diagnostics,op,161,0.025959076703608246,0.0011249883363205117,0.024834088367287732,0.02708406503992876,10
HNHN,diagnostics,op,162,0.025761590788594968,0.0011261369852448371,0.02463545380335013,0.026887727773839805,10
HNHN,diagnostics,op,163,0.025565906665340338,0.0011272096221419101,0.024438697043198426,0.02669311628748225,10
HNHN,diagnostics,op,164,0.02537200366478371,0.0011282064413694985,0.02424379722341421,0.02650021010615321,10
HNHN,diagnostics,op,165,0.02517986155469477,0.0011291276735864034,0.024050733881108368,0.026308989228281173,10
HNHN,diagnostics,op,166,0.024989460524106173,0.0011299735843955886,0.023859486939710586,0.02611943410850176,10
HNHN,diagnostics,op,167,0.02480078116839857,0.001130744473021279,0.023670036695377292,0.025931525641419848,10
HNHN,diagnostics,op,168,0.024613804475007914,0.0011314406710192283,0.023482363803988687,0.02574524514602714,10
HNHN,diagnostics,op,169,0.024428511809726484,0.0011320625410193746,0.02329644926870711,0.02556057435074586,10
HNHN,diagnostics,op,170,0.024244884903570497,0.0011326104754999689,0.02311227442807053,0.025377495379070466,10
HNHN,diagnostics,op,171,0.024062905840188782,0.0011330848955925766,0.022929820944596207,0.025195990735781357,10
HNHN,diagnostics,op,172,0.02388255704378795,0.0011334862499169948,0.022749070793870955,0.025016043293704947,10
HNHN,diagnostics,op,173,0.02370382126755116,0.0011338150134455418,0.02257000625410562,0.024837636280996705,10
HNHN,diagnostics,op,174,0.02352668158252836,0.001134071686395855,0.022392609896132506,0.024660753268924213,10
HNHN,diagnostics,op,175,0.023351121366977274,0.0011342567931515795,0.022216864573825695,0.024485378160128853,10
HNHN,diagnostics,op,176,0.023177124296135297,0.0011343708812102569,0.02204275341492504,0.024311495177345554,10
HNHN,diagnostics,op,177,0.02300467433240345,0.001134414520157724,0.02187025981224573,0.024139088852561174,10
HNHN,diagnostics,op,178,0.022833755715924532,0.0011343883006684461,0.021699367415256087,0.023968144016592977,10
HNHN,diagnostics,op,179,0.02266435295553847,0.0011342928335311287,0.021530060122007342,0.023798645789069598,10
HNHN,diagnostics,op,180,0.02249645082009863,0.0011341287486989799,0.02136232207139965,0.02363057956879761,10
HNHN,diagnostics,op,181,0.022330034330133662,0.0011338966943641481,0.021196137635769514,0.02346393102449781,10
HNHN,diagnostics,op,182,0.02216508874984032,0.0011335973360556326,0.02103149141378469,0.023298686085895953,10
HNHN,diagnostics,op,183,0.022001599579393103,0.0011332313557602639,0.02086836822363284,0.023134830935153367,10
HNHN,diagnostics,op,184,0.02183955254755752,0.0011327994510661084,0.02070675309649141,0.022972351998623627,10
HNHN,diagnostics,op,185,0.021678933604594282,0.0011323023343278954,0.020546631270266385,0.02281123593892218,10
HNHN,diagnostics,op,186,0.021519728915442224,0.0011317407318538555,0.02038798818358837,0.02265146964729608,10
HNHN,diagnostics,op,187,0.021361924853168502,0.001131115383113625,0.020230809470054876,0.022493040236282128,10
HNHN,diagnostics,op,188,0.021205507992675003,0.0011304270399666457,0.02007508095270836,0.022335935032641648,10
HNHN,diagnostics,op,189,0.021050465104650425,0.0011296764659106508,0.019920788638739775,0.022180141570561075,10
HNHN,diagnostics,op,190,0.02089678314975805,0.0011288644353498393,0.01976791871440821,0.022025647585107888,10
HNHN,diagnostics,op,191,0.020744449273049553,0.0011279917328822593,0.019616457540167293,0.021872441005931813,10
HNHN,diagnostics,op,192,0.02059345079859568,0.0011270591526060126,0.019466391645989664,0.021720509951201693,10
HNHN,diagnostics,op,193,0.020443775224325077,0.0011260674974439234,0.019317707726881152,0.021569842721769,10
HNHN,diagnostics,op,194,0.020295410217062885,0.0011250175784862388,0.019170392638576644,0.021420427795549125,10
HNHN,diagnostics,op,195,0.02014834360776098,0.0011239102143509906,0.01902443339340999,0.02127225382211197,10
HNHN,diagnostics,op,196,0.02000256338691237,0.0011227462305617153,0.018879817156350655,0.021125309617474088,10
HNHN,diagnostics,op,197,0.019858057700142245,0.0011215264589421064,0.018736531241200137,0.020979584159084352,10
HNHN,diagnostics,op,198,0.019714814843968743,0.0011202517370273275,0.018594563106941416,0.02083506658099607,10
HNHN,diagnostics,op,199,0.019572823261726678,0.0011189229074915772,0.018453900354235102,0.020691746169218254,10
HNHN,diagnostics,op,200,0.019432071539647794,0.0011175408175916725,0.018314530722056122,0.020549612357239466,10
HNHN,diagnostics,op,201,0.01929254840309131,0.0011161063186262783,0.018176442084465033,0.020408654721717587,10
HNHN,diagnostics,op,202,0.019154242712918955,0.0011146202654104729,0.018039622447508483,0.020268862978329426,10
HNHN,diagnostics,op,203,0.01901714346200867,0.0011130835157654132,0.017904059946243257,0.020130226977774085,10
HNHN,diagnostics,op,204,0.01888123977190167,0.0011114969300227218,0.017769742841878947,0.01999273670192439,10
HNHN,diagnostics,op,205,0.018746520889577505,0.0011098613705433982,0.017636659519034106,0.019856382260120903,10
HNHN,diagnostics,op,206,0.0186129761843523,0.0011081777012509175,0.017504798483101384,0.019721153885603217,10
HNHN,diagnostics,op,207,0.01848059514489509,0.001106446787178273,0.017374148357716817,0.019587041932073366,10
HNHN,diagnostics,op,208,0.018349367376357936,0.0011046694940286927,0.017244697882329244,0.01945403687038663,10
HNHN,diagnostics,op,209,0.018219282597615176,0.0011028466877497727,0.017116435909865405,0.019322129285364947,10
HNHN,diagnostics,op,210,0.018090330638607616,0.0011009792341207646,0.016989351404486853,0.01919130987272838,10
HNHN,diagnostics,op,211,0.01796250143778763,0.001099067998352798,0.016863433439434833,0.01906156943614043,10
HNHN,diagnostics,op,212,0.017835785039661132,0.001097113844701745,0.016738671194959386,0.018932898884362878,10
HNHN,diagnostics,op,213,0.01771017159242274,0.0010951176360935431,0.016615053956329198,0.01880528922851628,10
HNHN,diagnostics,op,214,0.01758565134568047,0.0010930802337617035,0.016492571111918767,0.018678731579442175,10
HNHN,diagnostics,op,215,0.01746221464826644,0.0010910024968967752,0.016371212151369666,0.018553217145163215,10
HNHN,diagnostics,op,216,0.017339851946130257,0.0010888852823075818,0.016250966663822676,0.01842873722843784,10
HNHN,diagnostics,op,217,0.017218553780311924,0.0010867294440939496,0.016131824336217973,0.018305283224405874,10
HNHN,diagnostics,op,218,0.01709831078499103,0.0010845358333307418,0.016013774951660287,0.01818284661832177,10
HNHN,diagnostics,op,219,0.01697911368560934,0.0010823052977629876,0.015896808387846354,0.018061418983372327,10
HNHN,diagnostics,op,220,0.016860953297063924,0.0010800386815118749,0.015780914615552047,0.0179409919785758,10
HNHN,diagnostics,op,221,0.016743820521967982,0.001077736824791401,0.01566608369717658,0.017821557346759383,10
HNHN,diagnostics,op,222,0.016627706348976777,0.001075400563635488,0.01555230578534129,0.017703106912612267,10
HNHN,diagnostics,op,223,0.016512601851176097,0.001073030729635361,0.015439571121540735,0.01758563258081146,10
HNHN,diagnostics,op,224,0.016398498184530787,0.0010706281496869396,0.015327870034843847,0.017469126334217728,10
HNHN,diagnostics,op,225,0.01628538658639097,0.001068193645748142,0.015217192940642827,0.01735358023213911,10
HNHN,diagnostics,op,226,0.016173258374053708,0.0010657280346057958,0.015107530339447912,0.017238986408659503,10
HNHN,diagnostics,op,227,0.016062104943377863,0.0010632321276520431,0.01499887281572582,0.017125337071029905,10
HNHN,diagnostics,op,228,0.01595191776745008,0.0010607067306700128,0.014891211036780067,0.01701262449812009,10
HNHN,diagnostics,op,229,0.01584268839529986,0.0010581526436285785,0.01478453575167128,0.016900841038928437,10
HNHN,diagnostics,op,230,0.01573440845066173,0.0010555706604860064,0.014678837790175722,0.016789979111147733,10
HNHN,diagnostics,op,231,0.01562706963078265,0.001052961569002352,0.014574108061780297,0.016680031199785,10
HNHN,diagnostics,op,232,0.015520663705272853,0.0010503261505603468,0.014470337554712507,0.0165709898558332,10
HNHN,diagnostics,op,233,0.015415182514998321,0.0010476651799946669,0.014367517335003655,0.01646284769499299,10
HNHN,diagnostics,op,234,0.015310617971013287,0.0010449794254293735,0.014265638545583914,0.01635559739644266,10
HNHN,diagnostics,op,235,0.015206962053531045,0.0010422696481233449,0.0141646924054077,0.01624923170165439,10
HNHN,diagnostics,op,236,0.0151042068109316,0.0010395366023235395,0.014064670208608061,0.01614374341325514,10
HNHN,diagnostics,op,237,0.015002344358804615,0.0010367810351259127,0.013965563323678702,0.01603912539393053,10
HNHN,diagnostics,op,238,0.014901366879026174,0.0010340036863438133,0.01386736319268236,0.015935370565369988,10
HNHN,diagnostics,op,239,0.014801266618868039,0.001031205288383695,0.013770061330484343,0.015832471907251733,10
HNHN,diagnostics,op,240,0.014702035890138002,0.0010283865661279816,0.01367364932401002,0.015730422456265984,10
HNHN,diagnostics,op,241,0.014603667068350045,0.0010255482368249087,0.013578118831525137,0.015629215305174953,10
HNHN,diagnostics,op,242,0.014506152591923116,0.0010226910099851863,0.01348346158193793,0.015528843601908301,10
HNHN,diagnostics,op,243,0.014409484961407235,0.001019815587285323,0.013389669374121912,0.015429300548692558,10
HNHN,diagnostics,op,244,0.014313656738735876,0.0010169226624774516,0.013296734076258424,0.015330579401213327,10
HNHN,diagnostics,op,245,0.014218660546503429,0.0010140129213054962,0.013204647625197932,0.015232673467808926,10
HNHN,diagnostics,op,246,0.014124489067266738,0.0010110870414275189,0.01311340202583922,0.015135576108694256,10
HNHN,diagnostics,op,247,0.014031135042869647,0.0010081456923441133,0.013022989350525534,0.01503928073521376,10
HNHN,diagnostics,op,248,0.013938591273789583,0.0010051895353326678,0.012933401738456916,0.01494378080912225,10
HNHN,diagnostics,op,249,0.013846850618505218,0.001002219223387369,0.012844631395117849,0.014849069841892588,10
HNHN,diagnostics,op,250,0.013755905992884315,0.0009992354011647735,0.012756670591719543,0.014755141394049088,10
HNHN,diagnostics,op,251,0.01366575036959082,0.0009962387049348355,0.012669511664655984,0.014661989074525657,10
HNHN,diagnostics,op,252,0.013576376777510451,0.000993229762537212,0.012583147014973239,0.014569606540047663,10
HNHN,diagnostics,op,253,0.013487778301193864,0.0009902091933427174,0.012497569107851146,0.014477987494536581,10
HNHN,diagnostics,op,254,0.013399948080316682,0.0009871776082197975,0.012412770472096884,0.01438712568853648,10
HNHN,diagnostics,op,255,0.013312879309155614,0.0009841356095058585,0.012328743699649756,0.014297014918661472,10
HNHN,diagnostics,op,256,0.013226565236079933,0.0009810837909833333,0.0122454814450966,0.014207649027063266,10
HNHN,restart,base,0,1.0,0.0,1.0,1.0,10
HNHN,restart,base,1,0.4693990821427292,0.0019478148053529768,0.4674512673373762,0.4713468969480822,10
HNHN,restart,base,2,0.2815010026595846,0.0017179845585460565,0.27978301810103856,0.28321898721813066,10
HNHN,restart,base,3,0.19164755436605818,0.001439513011224468,0.1902080413548337,0.19308706737728265,10
HNHN,restart,base,4,0.14088187848296171,0.001219196562113114,0.1396626819208486,0.14210107504507483,10
HNHN,restart,base,5,0.10890788214395108,0.0010413133193291802,0.10786656882462191,0.10994919546328026,10
HNHN,restart,base,6,0.08718503514935659,0.0008949603416517339,0.08629007480770486,0.08807999549100833,10
HNHN,restart,base,7,0.07159290035617175,0.0007738593200066624,0.07081904103616508,0.07236675967617841,10
HNHN,restart,base,8,0.059931397882173776,0.0006733839625097589,0.05925801391966402,0.060604781844683535,10
HNHN,restart,base,9,0.05092967537610945,0.0005897200588283726,0.050339955317281075,0.051519395434937824,10
HNHN,restart,base,10,0.04380623127195802,0.0005196933607441631,0.043286537911213854,0.044325924632702185,10
HNHN,restart,base,11,0.03805552377752496,0.0004607060123745869,0.037594817765150376,0.03851622978989955,10
HNHN,restart,base,12,0.03333664420542041,0.0004106660684322778,0.03292597813698813,0.033747310273852686,10
HNHN,restart,base,13,0.02941161259012246,0.00036790644924781813,0.029043706140874644,0.02977951903937028,10
HNHN,restart,base,14,0.026109388513577154,0.0003311051861826336,0.02577828332739452,0.026440493699759787,10
HNHN,restart,base,15,0.023303951531022115,0.0002992147147149514,0.023004736816307162,0.023603166245737068,10
HNHN,restart,base,16,0.02090044628209184,0.00027140295926191666,0.020629043322829922,0.021171849241353756,10
HNHN,restart,base,17,0.018826139676388274,0.00024700601118803463,0.01857913366520024,0.019073145687576308,10
HNHN,restart,base,18,0.017024351271546938,0.00022549093006564842,0.01679886034148129,0.017249842201612586,10
HNHN,restart,base,19,0.015450277586018805,0.0002064268614612114,0.015243850724557594,0.015656704447480015,10
HNHN,restart,base,20,0.014068055759319081,0.00018946275837744672,0.013878593000941634,0.014257518517696528,10
HNHN,restart,base,21,0.012848657848574422,0.00017431024451405733,0.012674347604060365,0.013022968093088479,10
HNHN,restart,base,22,0.011768353898211235,0.00016073043620165443,0.01160762346200958,0.01192908433441289,10
HNHN,restart,base,23,0.010807572083771847,0.0001485237931026192,0.010659048290669227,0.010956095876874466,10
HNHN,restart,base,24,0.009950040979640204,0.00013752227906885093,0.009812518700571354,0.010087563258709055,10
HNHN,restart,base,25,0.009182135523427021,0.00012758328329989265,0.009054552240127129,0.009309718806726914,10
HNHN,restart,base,26,0.008492372235404121,0.00011858488346678388,0.008373787351937338,0.008610957118870905,10
HNHN,restart,base,27,0.007871015296263755,0.00011042213351615293,0.007760593162747602,0.007981437429779909,10
HNHN,restart,base,28,0.007309766002379324,0.00010300413584357629,0.007206761866535748,0.0074127701382229,10
HNHN,restart,base,29,0.006801515660873279,9.625171585926474e-05,0.0067052639450140145,0.0068977673767325436,10
HNHN,restart,base,30,0.006340147275157972,9.009556104353941e-05,0.006250051714114433,0.006430242836201511,10
HNHN,restart,base,31,0.0059203751294593645,8.447471983686232e-05,0.005835900409622502,0.006004849849296227,10
HNHN,restart,base,32,0.0055376140849515846,7.933538077421469e-05,0.00545827870417737,0.0056169494657257995,10
HNHN,restart,base,33,0.005187872369114457,7.462987117333657e-05,0.005113242497941121,0.005262502240287794,10
HNHN,restart,base,34,0.004867663089635148,7.031582894868211e-05,0.004797347260686466,0.00493797891858383,10
HNHN,restart,base,35,0.004573930782770358,6.635551190013269e-05,0.0045075752708702245,0.004640286294670491,10
HNHN,restart,base,36,0.004303990116511243,6.271521698410626e-05,0.0042412748995271365,0.00436670533349535,10
HNHN,restart,base,37,0.004055474483502678,5.9364788264868685e-05,0.0039961096952378095,0.004114839271767546,10
HNHN,restart,base,38,0.003826292688871529,5.627719695314019e-05,0.0037700154919183887,0.0038825698858246695,10
HNHN,restart,base,39,0.0036145923008239246,5.3428180532709676e-05,0.003561164120291215,0.0036680204813566344,10
HNHN,restart,base,40,0.0034187285138383926,5.0795930727389375e-05,0.003367932583111003,0.003469524444565782,10
HNHN,restart,base,41,0.003237237595094169,4.83608221754709e-05,0.003188876772918698,0.0032855984172696397,10
HNHN,restart,base,42,0.0030688141588929717,4.610517531091557e-05,0.0030227089835820563,0.003114919334203887,10
HNHN,restart,base,43,0.0029122916520278866,4.4013048215555016e-05,0.0028682786038123314,0.0029563047002434417,10
HNHN,restart,base,44,0.0027666255434107266,4.207005319187458e-05,0.002724555490218852,0.002808695596602601,10
HNHN,restart,base,45,0.0026308787999078684,4.026319457728549e-05,0.002590615605330583,0.0026711419944851537,10
HNHN,restart,base,46,0.0025042093019179198,3.8580724928016724e-05,0.002465628576989903,0.0025427900268459366,10
HNHN,restart,base,47,0.0023858589103329777,3.701201718173007e-05,0.0023488468931512478,0.0024228709275147075,10
HNHN,restart,base,48,0.002275143943925451,3.554745079140596e-05,0.0022395964931340453,0.002310691394716857,10
HNHN,restart,base,49,0.0021714468650464403,3.417831013099189e-05,0.0021372685549154486,0.002205625175177432,10
HNHN,restart,base,50,0.0020742090034931854,3.289669372252097e-05,0.0020413123097706644,0.0021071056972157064,10
HNHN,restart,base,51,0.0019829241748273883,3.169543303780074e-05,0.0019512287417895876,0.0020146196078651892,10
HNHN,restart,base,52,0.0018971330713517265,3.056801979520505e-05,0.0018665650515565214,0.0019277010911469316,10
HNHN,restart,base,53,0.001816418322212885,2.9508540811254008e-05,0.001786909781401631,0.001845926863024139,10
HNHN,restart,base,54,0.00174040013436259,2.8511619583332802e-05,0.0017118885147792574,0.0017689117539459228,10
HNHN,restart,base,55,0.001668732438909078,2.7572363878678904e-05,0.001641160075030399,0.0016963048027877569,10
HNHN,restart,base,56,0.001601099478162208,2.668631868910787e-05,0.0015744131594731003,0.001627785796851316,10
HNHN,restart,base,57,0.0015372127777661779,2.5849423983604396e-05,0.0015113633537825735,0.0015630622017497823,10
HNHN,restart,base,58,0.0014768084560093265,2.5057976753951572e-05,0.0014517504792553749,0.001501866432763278,10
HNHN,restart,base,59,0.0014196448289335007,2.4308596903683458e-05,0.0013953362320298173,0.001443953425837184,10
HNHN,restart,base,60,0.0013655002754266459,2.3598196579084692e-05,0.0013419020788475611,0.0013890984720057306,10
HNHN,restart,base,61,0.0013141713312285878,2.2923952583762983e-05,0.0012912473786448248,0.0013370952838123507,10
HNHN,restart,base,62,0.0012654709848409957,2.2283281556294785e-05,0.0012431877032847009,0.0012877542663972906,10
HNHN,restart,base,63,0.001219227151815545,2.1673817624234492e-05,0.0011975533341913105,0.0012409009694397794,10
HNHN,restart,base,64,0.0011752813068885673,2.1093392277925186e-05,0.001154187914610642,0.0011963746991664925,10
HNHN,restart,base,65,0.001133487256010273,2.054001623449501e-05,0.001112947239775778,0.001154027272244768,10
HNHN,restart,base,66,0.0010937100325441311,2.001186308652576e-05,0.0010736981694576054,0.001113721895630657,10
HNHN,restart,base,67,0.0010558249038392735,1.950725455146751e-05,0.001036317649287806,0.001075332158390741,10
HNHN,restart,base,68,0.0010197164760496332,1.9024647157204307e-05,0.001000691828892429,0.0010387411232068375,10
HNHN,restart,base,69,0.000985277886524862,1.8562620216489697e-05,0.0009667152663083724,0.0010038405067413518,10
HNHN,restart,base,70,0.0009524100743610549,1.8119864958480556e-05,0.0009342902094025743,0.0009705299393195354,10
HNHN,restart,base,71,0.000921021120800352,1.7695174699473477e-05,0.0009033259461008785,0.0009387162954998255,10
HNHN,restart,base,72,0.0008910256521300584,1.7287435947377253e-05,0.0008737382161826812,0.0009083130880774356,10
HNHN,restart,base,73,0.000862344298573009,1.6895620345560548e-05,0.0008454486782274484,0.0008792399189185696,10
HNHN,restart,base,74,0.0008349032033979027,1.6518777371650158e-05,0.0008183844260262526,0.0008514219807695528,10
HNHN,restart,base,75,0.0008086335771250281,1.615602771573176e-05,0.0007924775494092964,0.0008247896048407599,10
HNHN,restart,base,76,0.0007834712922711968,1.5806557270335025e-05,0.0007676647350008618,0.0007992778495415319,10
HNHN,restart,base,77,0.0007593565145779756,1.5469611671662435e-05,0.0007438869029063131,0.0007748261262496381,10
HNHN,restart,base,78,0.0007362333671082479,1.5144491337847437e-05,0.0007210888757704005,0.0007513778584460953,10
HNHN,restart,base,79,0.0007140496239853417,1.483054695566333e-05,0.0006992190770296784,0.0007288801709410051,10
HNHN,restart,base,80,0.0006927564308929289,1.4527175372140546e-05,0.0006782292555207884,0.0007072836062650694,10
HNHN,restart,base,81,0.0006723080497583072,1.4233815852045248e-05,0.000658074233906262,0.0006865418656103524,10
HNHN,restart,base,82,0.0006526616253114117,1.3949946666175161e-05,0.0006387116786452366,0.0006666115719775868,10
HNHN,restart,base,83,0.0006337769714511851,1.3675081979014018e-05,0.000620101889472171,0.0006474520534301991,10
HNHN,restart,base,84,0.0006156163755634931,1.3408769007474952e-05,0.0006022076065560182,0.000629025144570968,10
HNHN,restart,base,85,0.0005981444191237686,1.3150585425320172e-05,0.0005849938336984484,0.0006112950045490887,10
HNHN,restart,base,86,0.0005813278130858445,1.2900136990390965e-05,0.0005684276760954535,0.0005942279500762355,10
HNHN,restart,base,87,0.0005651352467083977,1.2657055374060842e-05,0.0005524781913343368,0.0005777923020824585,10
HNHN,restart,base,88,0.0005495372486042211,1.2420996174362199e-05,0.0005371162524298589,0.0005619582447785832,10
HNHN,restart,base,89,0.0005345060589170508,1.2191637096059833e-05,0.000522314421820991,0.0005466976960131107,10
HNHN,restart,base,90,0.0005200155116375086,1.1968676282575758e-05,0.0005080468353549329,0.0005319841879200843,10
HNHN,restart,base,91,0.0005060409261653366,1.175183078613445e-05,0.0004942890953792021,0.0005177927569514711,10
HNHN,restart,base,92,0.000492559007310752,1.1540835163805347e-05,0.00048101817214694665,0.0005040998424745574,10
HNHN,restart,base,93,0.0004795477530045567,1.1335440188298983e-05,0.00046821231281625773,0.0004908831931928557,10
HNHN,restart,base,94,0.0004669863690555584,1.113541166342833e-05,0.00045585095739213003,0.0004781217807189867,10
HNHN,restart,base,95,0.00045485519035579286,1.0940529335094666e-05,0.0004439146610206982,0.00046579571969088753,10
HNHN,restart,base,96,0.00044313560798970024,1.0750585889514193e-05,0.0004323850221001861,0.0004538861938792144,10
HNHN,restart,base,97,0.00043181000175352373,1.056538603116687e-05,0.00042124461572235687,0.0004423753877846906,10
HNHN,restart,base,98,0.0004208616776363177,1.0384745633643146e-05,0.00041047693200267453,0.00043124642326996084,10
HNHN,restart,base,99,0.0004102748098546395,1.0208490957188103e-05,0.0004000663188974514,0.0004204833008118276,10
HNHN,restart,base,100,0.0004000343870696991,1.003645792730473e-05,0.00038999792914239437,0.00041007084499700386,10
HNHN,restart,base,101,0.0003901261624488815,9.86849146928746e-06,0.00038025767097959405,0.000399994653918169,10
HNHN,restart,base,102,0.0003805366072635051,9.704444894016542e-06,0.00037083216236948854,0.0003902410521575217,10
HNHN,restart,base,103,0.00037125286774176313,9.544179330759019e-06,0.0003617086884110041,0.00038079704707252214,10
HNHN,restart,base,104,0.0003622627249203085,9.387563203098553e-06,0.00035287516171720993,0.00037165028812340703,10
HNHN,restart,base,105,0.0003535545572601462,9.234471744457454e-06,0.0003443200855156887,0.00036278902900460365,10
HNHN,restart,base,106,0.00034511730581262466,9.08478654998223e-06,0.00033603251926264243,0.0003542020923626069,10
HNHN,restart,base,107,0.00033694044173957285,8.938395161845506e-06,0.00032800204657772733,0.0003458788369014184,10
HNHN,restart,base,108,0.0003290139360082074,8.795190685270257e-06,0.00032021874532293715,0.0003378091266934777,10
HNHN,restart,base,109,0.00032132823109648804,8.65507143281431e-06,0.00031267315966367374,0.00032998330252930234,10
HNHN,restart,base,110,0.00031387421455828765,8.517940594662372e-06,0.0003053562739636253,0.00032239215515295,10
HNHN,restart,base,111,0.00030664319431019966,8.383705932864547e-06,0.0002982594883773351,0.0003150269002430642,10
HNHN,restart,base,112,0.0002996268755131379,8.252279497633928e-06,0.00029137459601550394,0.00030787915501077185,10
HNHN,restart,base,113,0.00029281733893221304,8.123577363973371e-06,0.00028469376156823966,0.0003009409162961864,10
HNHN,restart,base,114,0.0002862070206677881,7.997519387047697e-06,0.0002782095012807404,0.00029420454005483576,10
HNHN,restart,base,115,0.000279788693159199,7.874028974847108e-06,0.0002719146641843519,0.0002876627221340461,10
HNHN,restart,base,116,0.0002735554473704715,7.7530328768086e-06,0.0002658024144936629,0.00028130848024728006,10
HNHN,restart,base,117,0.00026750067607452454,7.63446098717233e-06,0.0002598662150873522,0.00027513513706169687,10
HNHN,restart,base,118,0.00026161805815889824,7.518246161947727e-06,0.0002540998119969505,0.000269136304320846,10
HNHN,restart,base,119,0.0002559015438820302,7.404324048458327e-06,0.00024849721983357184,0.0002633058679304885,10
HNHN,restart,base,120,0.00025034534101458757,7.292632926515481e-06,0.0002430527080880721,0.00025763797394110307,10
HNHN,restart,base,121,0.00024494390180537697,7.183113560348886e-06,0.0002377607882450281,0.0002521270153657259,10
HNHN,restart,base,122,0.0002396919107159556,7.075709060491224e-06,0.00023261620165546438,0.0002467676197764468,10
HNHN,restart,base,123,0.00023458427287228486,6.970364754877925e-06,0.00022761390811740692,0.0002415546376271628,10
HNHN,restart,base,124,0.00022961610318563615,6.867028068482936e-06,0.00022274907511715322,0.00023648313125411907,10
HNHN,restart,base,125,0.00022478271609851038,6.765648410862995e-06,0.00021801706768764738,0.00023154836450937338,10
HNHN,restart,base,126,0.00022007961591459963,6.66617707103396e-06,0.00021341343884356568,0.00022674579298563358,10
HNHN,restart,base,127,0.000215502487674816,6.568567119147346e-06,0.00020893392055566865,0.00022207105479396332,10
HNHN,restart,base,128,0.00021104718854417416,6.472773314475726e-06,0.00020457441522969843,0.0002175199618586499,10
HNHN,restart,base,129,0.00020670973967685364,6.378752019255026e-06,0.0002003309876575986,0.00021308849169610866,10
HNHN,restart,base,130,0.00020248631852910434,6.2864611179657024e-06,0.00019619985741113863,0.00020877277964707005,10
HNHN,restart,base,131,0.00019837325159181564,6.195859941666974e-06,0.00019217739165014867,0.0002045691115334826,10
HNHN,restart,base,132,0.00019436700751655425,6.1069091970283215e-06,0.00018826009831952593,0.00020047391671358257,10
HNHN,restart,base,133,0.00019046419061070994,6.019570899728327e-06,0.0001844446197109816,0.00019648376151043827,10
HNHN,restart,base,134,0.00018666153467907984,5.9338083119172046e-06,0.00018072772636716265,0.00019259534299099704,10
HNHN,restart,base,135,0.000182955897190784,5.849585883461148e-06,0.00017710631130732286,0.00018880548307424516,10
HNHN,restart,base,136,0.00017934425375184883,5.766869196708501e-06,0.00017357738455514034,0.00018511112294855732,10
HNHN,restart,base,137,0.00017582369286513064,5.685624914536248e-06,0.0001701380679505944,0.0001815093177796669,10
HNHN,restart,base,138,0.00017239141096048486,5.605820731454445e-06,0.00016678559022903041,0.0001779972316919393,10
HNHN,restart,base,139,0.00016904470767923233,5.527425327561293e-06,0.00016351728235167103,0.00017457213300679363,10
HNHN,restart,base,140,0.000165780981398029,5.450408325157773e-06,0.00016033057307287123,0.0001712313897231868,10
HNHN,restart,base,141,0.0001625977249782311,5.37474024784413e-06,0.00015722298473038696,0.00016797246522607523,10
HNHN,restart,base,142,0.00015949252172775297,5.300392481933791e-06,0.00015419212924581917,0.00016479291420968677,10
HNHN,restart,base,143,0.000156463041563262,5.2273372400320165e-06,0.00015123570432322997,0.00016169037880329402,10
HNHN,restart,base,144,0.00015350703736133627,5.155547526637375e-06,0.0001483514898346989,0.00015866258488797365,10
HNHN,restart,base,145,0.00015062234148793883,5.084997105634607e-06,0.00014553734438230422,0.00015570733859357345,10
HNHN,restart,base,146,0.00014780686249623855,5.015660469557034e-06,0.0001427912020266815,0.00015282252296579558,10
HNHN,restart,base,147,0.0001450585819834341,4.947512810504339e-06,0.00014011106917292975,0.00015000609479393843,10
HNHN,restart,base,148,0.0001423755515978249,4.880529992610657e-06,0.00013749502160521424,0.00014725608159043557,10
HNHN,restart,base,149,0.0001397558901879137,4.814688525964832e-06,0.00013494120166194888,0.00014457057871387853,10
HNHN,restart,base,150,0.00013719778108583347,4.74996554189132e-06,0.00013244781554394214,0.0001419477466277248,10
HNHN,restart,base,151,0.00013469946951786302,4.6863387695071905e-06,0.00013001313074835583,0.0001393858082873702,10
HNHN,restart,base,152,0.00013225926013523472,4.623786513475688e-06,0.00012763547362175902,0.00013688304664871042,10
HNHN,restart,base,153,0.00012987551465884766,4.562287632883162e-06,0.00012531322702596449,0.00013443780229173083,10
HNHN,restart,base,154,0.0001275466496318826,4.50182152117054e-06,0.00012304482811071205,0.00013204847115305316,10
HNHN,restart,base,155,0.00012527113427467212,4.442368087055438e-06,0.00012082876618761669,0.00012971350236172757,10
HNHN,restart,base,156,0.00012304748843651117,4.383907736385299e-06,0.00011866358070012587,0.00012743139617289647,10
HNHN,restart,base,157,0.00012087428063940766,4.326421354865987e-06,0.00011654785928454168,0.00012520070199427364,10
HNHN,restart,base,158,0.00011875012620906086,4.269890291613987e-06,0.00011448023591744688,0.00012302001650067485,10
HNHN,restart,base,159,0.00011667368548862922,4.214296343483644e-06,0.00011245938914514558,0.00012088798183211287,10
HNHN,restart,base,160,0.00011464366213110447,4.159621740124449e-06,0.00011048404039098002,0.00011880328387122891,10
HNHN,restart,base,161,0.0001126588014663458,4.105849129725874e-06,0.00010855295233661992,0.00011676465059607167,10
HNHN,restart,base,162,0.00011071788893905258,4.052961565410481e-06,0.00010666492737364209,0.00011477085050446307,10
HNHN,restart,base,163,0.00010881974861416289,4.000942492238296e-06,0.0001048188061219246,0.00011282069110640119,10
HNHN,restart,base,164,0.00010696324174636099,3.949775734787988e-06,0.00010301346601157301,0.00011091301748114897,10
HNHN,restart,base,165,0.00010514726541056133,3.899445485282419e-06,0.0001012478199252789,0.00010904671089584375,10
HNHN,restart,base,166,0.00010337075119040898,3.849936292228643e-06,9.952081489818034e-05,0.00010722068748263762,10
HNHN,restart,base,167,0.00010163266392199833,3.801233049543625e-06,9.78314308724547e-05,0.00010543389697154195,10
HNHN,restart,base,168,9.993200049016407e-05,3.7533209861396078e-06,9.617867950402446e-05,0.00010368532147630367,10
HNHN,restart,base,169,9.826778867484144e-05,3.7061856559439466e-06,9.45616030188975e-05,0.00010197397433078539,10
HNHN,restart,base,170,9.663908604512681e-05,3.6598129283303255e-06,9.297927311679649e-05,0.00010029889897345714,10
HNHN,restart,base,171,9.504497889879589e-05,3.614188978939391e-06,9.14307899198565e-05,9.865916787773528e-05,10
HNHN,restart,base,172,9.34845812451562e-05,3.5693002808684837e-06,8.991528096428772e-05,9.705388152602468e-05,10
HNHN,restart,base,173,9.195703382922101e-05,3.5251335962110034e-06,8.843190023301001e-05,9.548216742543202e-05,10
HNHN,restart,base,174,9.046150319529832e-05,3.481675967927548e-06,8.697982722737077e-05,9.394317916322587e-05,10
HNHN,restart,base,175,8.8997180788187e-05,3.438914712031831e-06,8.555826607615516e-05,9.243609550021882e-05,10
HNHN,restart,base,176,8.756328209026513e-05,3.396837410075373e-06,8.416644468018976e-05,9.09601195003405e-05,10
HNHN,restart,base,177,8.615904579284446e-05,3.3554319019160302e-06,8.280361389092843e-05,8.95144776947605e-05,10
HNHN,restart,base,178,8.478373300024685e-05,3.314686278756367e-06,8.146904672149048e-05,8.809841927900322e-05,10
HNHN,restart,base,179,8.343662646513743e-05,3.274588876438387e-06,8.016203758869905e-05,8.671121534157582e-05,10
HNHN,restart,base,180,8.211702985372283e-05,3.2351282689824856e-06,7.888190158474034e-05,8.535215812270532e-05,10
HNHN,restart,base,181,8.082426703949217e-05,3.1962932623585267e-06,7.762797377713364e-05,8.40205603018507e-05,10
HNHN,restart,base,182,7.955768142424481e-05,3.1580728884782825e-06,7.639960853576653e-05,8.271575431272309e-05,10
HNHN,restart,base,183,7.831663528521063e-05,3.120456399398653e-06,7.519617888581197e-05,8.143709168460929e-05,10
HNHN,restart,base,184,7.710050914712708e-05,3.083433261725802e-06,7.401707588540128e-05,8.018394240885287e-05,10
HNHN,restart,base,185,7.590870117819354e-05,3.0469931512111857e-06,7.286170802698236e-05,7.895569432940473e-05,10
HNHN,restart,base,186,7.47406266088749e-05,3.0111259475303795e-06,7.172950066134453e-05,7.775175255640528e-05,10
HNHN,restart,base,187,7.359571717257705e-05,2.975821729236776e-06,7.061989544334028e-05,7.657153890181382e-05,10
HNHN,restart,base,188,7.247342056726279e-05,2.941070768882162e-06,6.953234979838062e-05,7.541449133614495e-05,10
HNHN,restart,base,189,7.137319993712204e-05,2.906863528296874e-06,6.846633640882517e-05,7.428006346541892e-05,10
HNHN,restart,base,190,7.029453337345177e-05,2.873190654022594e-06,6.742134271942917e-05,7.316772402747437e-05,10
HNHN,restart,base,191,6.92369134339413e-05,2.840042972891191e-06,6.639687046105012e-05,7.20769564068325e-05,10
HNHN,restart,base,192,6.819984667959574e-05,2.807411487743345e-06,6.539243519185239e-05,7.100725816733909e-05,10
HNHN,restart,base,193,6.718285322856734e-05,2.775287373281176e-06,6.440756585528617e-05,6.995814060184852e-05,10
HNHN,restart,base,194,6.618546632619689e-05,2.7436619720491065e-06,6.344180435414779e-05,6.892912829824599e-05,10
HNHN,restart,base,195,6.520723193060082e-05,2.712526790537941e-06,6.249470514006288e-05,6.791975872113877e-05,10
HNHN,restart,base,196,6.42477083131697e-05,2.68187349540687e-06,6.156583481776282e-05,6.692958180857657e-05,10
HNHN,restart,base,197,6.33064656733723e-05,2.6516939098188545e-06,6.0654771763553454e-05,6.595815958319117e-05,10
HNHN,restart,base,198,6.2383085767288e-05,2.6219800098848693e-06,5.9761105757403126e-05,6.500506577717286e-05,10
HNHN,restart,base,199,6.147716154931526e-05,2.5927239212125913e-06,5.888443762810267e-05,6.406988547052785e-05,10
HNHN,restart,base,200,6.058829682652966e-05,2.5639179155556214e-06,5.802437891097404e-05,6.315221474208529e-05,10
HNHN,restart,base,201,5.971610592518773e-05,2.535554407559333e-06,5.71805515176284e-05,6.225166033274707e-05,10
HNHN,restart,base,202,5.8860213368895925e-05,2.50762595159967e-06,5.6352587417296254e-05,6.136783932049559e-05,10
HNHN,restart,base,203,5.8020253567984945e-05,2.4801252387114277e-06,5.554012832927352e-05,6.050037880669637e-05,10
HNHN,restart,base,204,5.719587051964988e-05,2.45304509360273e-06,5.4742825426047146e-05,5.964891561325261e-05,10
HNHN,restart,base,205,5.638671751843604e-05,2.4263784717524305e-06,5.396033904668361e-05,5.8813095990188475e-05,10
HNHN,restart,base,206,5.5592456876668705e-05,2.4001184565876297e-06,5.319233842008108e-05,5.7992575333256334e-05,10
HNHN,restart,base,207,5.481275965444215e-05,2.3742582567382524e-06,5.2438501397703896e-05,5.7187017911180405e-05,10
HNHN,restart,base,208,5.40473053988003e-05,2.3487912033660718e-06,5.169851419543423e-05,5.639609660216638e-05,10
HNHN,restart,base,209,5.329578189175681e-05,2.323710747565548e-06,5.097207114419126e-05,5.561949263932236e-05,10
HNHN,restart,base,210,5.255788490681761e-05,2.299010457833976e-06,5.0258874448983634e-05,5.485689536465158e-05,10
HNHN,restart,base,211,5.183331797368331e-05,2.2746840176086105e-06,4.95586339560747e-05,5.410800199129192e-05,10
HNHN,restart,base,212,5.112179215082244e-05,2.250725222868455e-06,4.887106692795399e-05,5.3372517373690896e-05,10
HNHN,restart,base,213,5.0423025805619355e-05,2.2271279797986176e-06,4.819589782582074e-05,5.265015378541797e-05,10
HNHN,restart,base,214,4.973674440181352e-05,2.203886302515063e-06,4.753285809929846e-05,5.194063070432858e-05,10
HNHN,restart,base,215,4.9062680293958175e-05,2.1809943108478773e-06,4.6881685983110296e-05,5.1243674604806055e-05,10
HNHN,restart,base,216,4.840057252863805e-05,2.158446228181131e-06,4.624212630045692e-05,5.055901875681918e-05,10
HNHN,restart,base,217,4.775016665219639e-05,2.1362363793474274e-06,4.5613930272848966e-05,4.988640303154382e-05,10
HNHN,restart,base,218,4.71112145247319e-05,2.114359188575573e-06,4.499685533615633e-05,4.922557371330747e-05,10
HNHN,restart,base,219,4.6483474140135894e-05,2.0928091774895044e-06,4.439066496264639e-05,4.85762833176254e-05,10
HNHN,restart,base,220,4.58667094519497e-05,2.0715809631570216e-06,4.379512848879268e-05,4.793829041510672e-05,10
HNHN,restart,base,221,4.526069020483054e-05,2.0506692561867377e-06,4.32100209486438e-05,4.731135946101728e-05,10
HNHN,restart,base,222,4.4665191771423536e-05,2.0300688588717284e-06,4.263512291255181e-05,4.6695260630295265e-05,10
HNHN,restart,base,223,4.4079994994445176e-05,2.009774663378551e-06,4.2070220331066626e-05,4.6089769657823726e-05,10
HNHN,restart,base,224,4.3504886033791017e-05,1.9897816499802007e-06,4.151510438381082e-05,4.5494667683771216e-05,10
HNHN,restart,base,225,4.2939656218488955e-05,1.9700848853317164e-06,4.096957133315724e-05,4.490974110382067e-05,10
HNHN,restart,base,226,4.238410190332517e-05,1.95067952078717e-06,4.0433422382538e-05,4.433478142411233e-05,10
HNHN,restart,base,227,4.1838024329977704e-05,1.9315607907568656e-06,3.9906463539220836e-05,4.376958512073457e-05,10
HNHN,restart,base,228,4.130122949249868e-05,1.9127240111034887e-06,3.938850548139519e-05,4.3213953503602166e-05,10
HNHN,restart,base,229,4.077352800699228e-05,1.8941645775762096e-06,3.887936342941607e-05,4.266769258456849e-05,10
HNHN,restart,base,230,4.025473498534208e-05,1.8758779642815074e-06,3.8378857021060575e-05,4.213061294962359e-05,10
HNHN,restart,base,231,3.974466991284639e-05,1.8578597221897951e-06,3.78868101906566e-05,4.1602529635036185e-05,10
HNHN,restart,base,232,3.924315652962629e-05,1.8401054776767508e-06,3.7403051051949534e-05,4.108326200730304e-05,10
HNHN,restart,base,233,3.875002271567574e-05,1.8226109310984367e-06,3.69274117845773e-05,4.057263364677418e-05,10
HNHN,restart,base,234,3.8265100379428836e-05,1.8053718553992163e-06,3.645972852402962e-05,4.007047223482805e-05,10
HNHN,restart,base,235,3.778822534972313e-05,1.7883840947515882e-06,3.5999841254971546e-05,3.957660944447472e-05,10
HNHN,restart,base,236,3.7319237271043524e-05,1.7716435632270508e-06,3.5547593707816475e-05,3.9090880834270574e-05,10
HNHN,restart,base,237,3.6857979501934866e-05,1.7551462434971546e-06,3.510283325843771e-05,3.861312574543202e-05,10
HNHN,restart,base,238,3.640429901647606e-05,1.738888185563871e-06,3.466541083091219e-05,3.814318720203993e-05,10
HNHN,restart,base,239,3.595804630871231e-05,1.7228655055185857e-06,3.423518080319372e-05,3.7680911814230895e-05,10
HNHN,restart,base,240,3.551907529994603e-05,1.7070743843288103e-06,3.381200091561722e-05,3.722614968427484e-05,10
HNHN,restart,base,241,3.5087243248790717e-05,1.6915110666519815e-06,3.339573218213873e-05,3.67787543154427e-05,10
HNHN,restart,base,242,3.466241066389564e-05,1.6761718596755564e-06,3.2986238804220084e-05,3.633858252357119e-05,10
HNHN,restart,base,243,3.42444412192525e-05,1.6610531319827276e-06,3.258338808726977e-05,3.590549435123523e-05,10
HNHN,restart,base,244,3.38332016719986e-05,1.646151312443082e-06,3.218705035955552e-05,3.547935298444168e-05,10
HNHN,restart,base,245,3.3428561782634205e-05,1.6314628891275032e-06,3.17970988935067e-05,3.506002467176171e-05,10
HNHN,restart,base,246,3.303039423757471e-05,1.6169844082467624e-06,3.1413409829327944e-05,3.464737864582147e-05,10
HNHN,restart,base,247,3.263857457396118e-05,1.6027124731130871e-06,3.103586210084809e-05,3.424128704707427e-05,10
HNHN,restart,base,248,3.2252981106655555e-05,1.58864374312415e-06,3.066433736353141e-05,3.38416248497797e-05,10
HNHN,restart,base,249,3.187349485734958e-05,1.574774932768903e-06,3.0298719924580677e-05,3.3448269790118484e-05,10
HNHN,restart,base,250,3.149999948571895e-05,1.5611028106546489e-06,2.99388966750643e-05,3.30611022963736e-05,10
HNHN,restart,base,251,3.1132381222556696e-05,1.5476241985548474e-06,2.9584757024001848e-05,3.268000542111154e-05,10
HNHN,restart,base,252,3.077052880482212e-05,1.5343359704770715e-06,2.923619283434505e-05,3.230486477529919e-05,10
HNHN,restart,base,253,3.0414333412544112e-05,1.5212350517506403e-06,2.889309836079347e-05,3.193556846429475e-05,10
HNHN,restart,base,254,3.006368860751931e-05,1.5083184181333913e-06,2.8555370189385917e-05,3.15720070256527e-05,10
HNHN,restart,base,255,2.9718490273748403e-05,1.4955830949371e-06,2.8222907178811304e-05,3.1214073368685506e-05,10
HNHN,restart,base,256,2.9378636559555144e-05,1.4830261561710895e-06,2.7895610403384054e-05,3.086166271572623e-05,10
HNHN,restart,restart,0,1.0,0.0,1.0,1.0,10
HNHN,restart,restart,1,0.5082177883746672,0.0018800190895406762,0.5063377692851265,0.510097807464208,10
HNHN,restart,restart,2,0.3382556881874676,0.0017556434860535204,0.3365000447014141,0.3400113316735211,10
HNHN,restart,restart,3,0.25805644214070034,0.0015563672509362662,0.25650007488976406,0.2596128093916366,10
HNHN,restart,restart,4,0.21351846394389704,0.0013979316325702196,0.21212053231132683,0.21491639557646725,10
HNHN,restart,restart,5,0.18619394204113693,0.0012760850712961,0.18491785696984084,0.18747002711243302,10
HNHN,restart,restart,6,0.16828143234215556,0.0011816194412191793,0.1670998129009364,0.16946305178337473,10
HNHN,restart,restart,7,0.1559759898059682,0.001107612776350939,0.15486837702961725,0.15708360258231913,10
HNHN,restart,restart,8,0.14722431544093345,0.0010490925247320334,0.1461752229162014,0.1482734079656655,10
HNHN,restart,restart,9,0.14083227004738963,0.0010024518341597412,0.1398298182132299,0.14183472188154936,10
HNHN,restart,restart,10,0.1360645064852715,0.0009650333661736462,0.13509947311909784,0.13702953985144514,10
HNHN,restart,restart,11,0.13244739145398,0.000934847760899538,0.13151254369308046,0.13338223921487952,10
HNHN,restart,restart,12,0.12966463003541417,0.0009103834717164925,0.1287542465636977,0.13057501350713066,10
HNHN,restart,restart,13,0.127498638660449,0.0008904770219704993,0.1266081616384785,0.1283891156824195,10
HNHN,restart,restart,14,0.12579599044588105,0.0008742230135921125,0.12492176743228894,0.12667021345947316,10
HNHN,restart,restart,15,0.12444621487554634,0.0008609104691757227,0.12358530440637062,0.12530712534472208,10
HNHN,restart,restart,16,0.12336834110452426,0.0008499768882829782,0.12251836421624128,0.12421831799280723,10
HNHN,restart,restart,17,0.12250210355826127,0.0008409744618168314,0.12166112909644444,0.1233430780200781,10
HNHN,restart,restart,18,0.12180204710312861,0.0008335448140016402,0.12096850228912698,0.12263559191713025,10
HNHN,restart,restart,19,0.12123348723094592,0.0008273998528864275,0.1204060873780595,0.12206088708383234,10
HNHN,restart,restart,20,0.12076968691405547,0.0008223070811207779,0.1199473798329347,0.12159199399517624,10
HNHN,restart,restart,21,0.12038984927364357,0.0008180782183128126,0.11957177105533076,0.12120792749195639,10
HNHN,restart,restart,22,0.12007766816223923,0.0008145603172138278,0.1192631078450254,0.12089222847945306,10
HNHN,restart,restart,23,0.11982026709039725,0.0008116287803307501,0.1190086383100665,0.120631895870728,10
HNHN,restart,restart,24,0.11960741279816911,0.0008091818391456253,0.11879823095902349,0.12041659463731473,10
HNHN,restart,restart,25,0.11943092586970168,0.0008071361682964812,0.11862378970140519,0.12023806203799817,10
HNHN,restart,restart,26,0.11928423456630652,0.0008054233865776173,0.1184788111797289,0.12008965795288414,10
HNHN,restart,restart,27,0.11916203399311272,0.0008039872549387253,0.11835804673817399,0.11996602124805145,10
HNHN,restart,restart,28,0.11906002357385263,0.0008027814250550979,0.11825724214879753,0.11986280499890774,10
HNHN,restart,restart,29,0.11897470331688317,0.0008017676247123191,0.11817293569217086,0.11977647094159549,10
HNHN,restart,restart,30,0.11890321461830536,0.0008009141910995909,0.11810230042720576,0.11970412880940495,10
HNHN,restart,restart,31,0.11884321508327508,0.0008001948821672491,0.11804302020110784,0.11964340996544233,10
HNHN,restart,restart,32,0.11879277952854901,0.0007995879109323568,0.11799319161761665,0.11959236743948137,10
HNHN,restart,restart,33,0.1187503212757491,0.000799075159063703,0.1179512461166854,0.1195493964348128,10
HNHN,restart,restart,34,0.11871452927157933,0.0007986415350251036,0.11791588773655422,0.11951317080660444,10
HNHN,restart,restart,35,0.11868431762674303,0.0007982744490792194,0.11788604317766381,0.11948259207582225,10
HNHN,restart,restart,36,0.11865878495292721,0.0007979633829904259,0.11786082156993678,0.11945674833591764,10
HNHN,restart,restart,37,0.11863718146965571,0.0007976995366460331,0.11783948193300968,0.11943488100630174,10
HNHN,restart,restart,38,0.11861888230178172,0.0007974755372918,0.11782140676448992,0.11941635783907352,10
HNHN,restart,restart,39,0.11860336573101651,0.0007972851998464146,0.1178060805311701,0.11940065093086293,10
HNHN,restart,restart,40,0.11859019542807976,0.0007971233289697903,0.11779307209910997,0.11938731875704955,10
HNHN,restart,restart,41,0.11857900589546091,0.0007969855553304465,0.11778202034013047,0.11937599145079136,10
HNHN,restart,restart,42,0.11856949050889057,0.0007968681999373532,0.11777262230895322,0.11936635870882792,10
HNHN,restart,restart,43,0.1185613916691775,0.0007967681615448448,0.11776462350763264,0.11935815983072234,10
HNHN,restart,restart,44,0.11855449267311528,0.0007966828230610265,0.11775780985005425,0.11935117549617631,10
HNHN,restart,restart,45,0.11854861098874787,0.0007966099736347983,0.11775200101511307,0.11934522096238268,10
HNHN,restart,restart,46,0.11854359268099049,0.0007965477437006266,0.11774704493728987,0.11934014042469111,10
HNHN,restart,restart,47,0.11853930778192627,0.0007964945507494207,0.11774281323117684,0.1193358023326757,10
HNHN,restart,restart,48,0.11853564643871262,0.0007964490539926336,0.11773919738471998,0.11933209549270525,10
HNHN,restart,restart,49,0.11853251570300552,0.000796410116411089,0.11773610558659443,0.1193289258194166,10
HNHN,restart,restart,50,0.1185298368507379,0.0007963767729449861,0.11773346007779291,0.11932621362368288,10
HNHN,restart,restart,51,0.11852754314121836,0.0007963482037987762,0.11773119493741958,0.11932389134501713,10
HNHN,restart,restart,52,0.11852557794082101,0.0007963237120113215,0.11772925422880968,0.11932190165283234,10
HNHN,restart,restart,53,0.11852389314978354,0.000796302704588629,0.11772759044519492,0.11932019585437216,10
HNHN,restart,restart,54,0.11852244788141834,0.0007962846766152487,0.1177261632048031,0.11931873255803359,10
HNHN,restart,restart,55,0.11852120735185467,0.0007962691978600038,0.11772493815399467,0.11931747654971468,10
HNHN,restart,restart,56,0.1185201419456404,0.0007962559014726974,0.1177238860441677,0.11931639784711309,10
HNHN,restart,restart,57,0.11851922642845483,0.0007962444744357435,0.11772298195401909,0.11931547090289057,10
HNHN,restart,restart,58,0.11851843928304781,0.0007962346494906512,0.11772220463355716,0.11931467393253846,10
HNHN,restart,restart,59,0.11851776214853413,0.0007962261983050588,0.11772153595022906,0.11931398834683919,10
HNHN,restart,restart,60,0.11851717934648238,0.0007962189256845483,0.11772096042079784,0.11931339827216693,10
HNHN,restart,restart,61,0.11851667747997834,0.0007962126646652533,0.11772046481531308,0.1193128901446436,10
HNHN,restart,restart,62,0.11851624509411182,0.0007962072723497673,0.11772003782176206,0.11931245236646158,10
HNHN,restart,restart,63,0.11851587238822062,0.0007962026263708909,0.11771966976184972,0.11931207501459151,10
HNHN,restart,restart,64,0.1185155509717922,0.0007961986218861523,0.11771935234990605,0.11931174959367835,10
HNHN,restart,restart,65,0.11851527365722761,0.0007961951690217544,0.11771907848820586,0.11931146882624936,10
HNHN,restart,restart,66,0.11851503428375967,0.0007961921906967491,0.11771884209306292,0.11931122647445642,10
HNHN,restart,restart,67,0.1185148275677264,0.0007961896207701035,0.11771863794695629,0.1193110171884965,10
HNHN,restart,restart,68,0.11851464897515854,0.0007961874024611564,0.11771846157269739,0.11931083637761969,10
HNHN,restart,restart,69,0.11851449461327734,0.0007961854870026691,0.11771830912627468,0.11931068010028001,10
HNHN,restart,restart,70,0.11851436113803052,0.0007961838324911851,0.11771817730553934,0.1193105449705217,10
HNHN,restart,restart,71,0.1185142456752412,0.0007961824029054298,0.11771806327233578,0.11931042807814662,10
HNHN,restart,restart,72,0.11851414575332164,0.0007961811672674991,0.11771796458605414,0.11931032692058914,10
HNHN,restart,restart,73,0.11851405924581751,0.0007961800989257886,0.11771787914689172,0.1193102393447433,10
HNHN,restart,restart,74,0.11851398432231577,0.0007961791749416131,0.11771780514737416,0.11931016349725738,10
HNHN,restart,restart,75,0.118513919406473,0.0007961783755642679,0.11771774103090873,0.11931009778203727,10
HNHN,restart,restart,76,0.11851386314010966,0.0007961776837813847,0.11771768545632827,0.11931004082389104,10
HNHN,restart,restart,77,0.11851381435247561,0.0007961770849339208,0.1177176372675417,0.11930999143740953,10
HNHN,restart,restart,78,0.11851377203392714,0.0007961765663859532,0.1177175954675412,0.11930994860031309,10
HNHN,restart,restart,79,0.11851373531336958,0.000796176117241538,0.11771755919612804,0.1193099114306111,10
HNHN,restart,restart,80,0.11851370343891639,0.000796175728101968,0.11771752771081442,0.11930987916701835,10
HNHN,restart,restart,81,0.11851367576129698,0.0007961753908571521,0.11771750037043983,0.11930985115215413,10
HNHN,restart,restart,82,0.11851365171961556,0.0007961750985066074,0.11771747662110896,0.11930982681812216,10
HNHN,restart,restart,83,0.11851363082912107,0.0007961748450057303,0.11771745598411534,0.1193098056741268,10
HNHN,restart,restart,84,0.11851361267069938,0.0007961746251335032,0.11771743804556588,0.11930978729583287,10
HNHN,restart,restart,85,0.11851359688184074,0.0007961744343789114,0.11771742244746183,0.11930977131621964,10
HNHN,restart,restart,86,0.11851358314887095,0.0007961742688431696,0.11771740888002778,0.11930975741771412,10
HNHN,restart,restart,87,0.11851357120026766,0.0007961741251555741,0.11771739707511208,0.11930974532542324,10
HNHN,restart,restart,88,0.11851356080090591,0.0007961740004011219,0.1177173868005048,0.11930973480130704,10
HNHN,restart,restart,89,0.11851355174710274,0.0007961738920581873,0.11771737785504455,0.11930972563916092,10
HNHN,restart,restart,90,0.11851354386234722,0.0007961737979447352,0.11771737006440249,0.11930971766029196,10
HNHN,restart,restart,91,0.11851353699362006,0.0007961737161721226,0.11771736327744795,0.11930971070979218,10
HNHN,restart,restart,92,0.1185135310082194,0.000796173645105121,0.11771735736311428,0.11930970465332452,10
HNHN,restart,restart,93,0.1185135257910225,0.0007961735833275433,0.11771735220769496,0.11930969937435006,10
HNHN,restart,restart,94,0.11851352124212233,0.0007961735296126044,0.11771734771250973,0.11930969477173493,10
HNHN,restart,restart,95,0.11851351727478673,0.0007961734828972556,0.11771734379188947,0.119309690757684,10
HNHN,restart,restart,96,0.11851351381369557,0.0007961734422601089,0.11771734037143546,0.11930968725595568,10
HNHN,restart,restart,97,0.11851351079341743,0.0007961734069023604,0.11771733738651508,0.11930968420031979,10
HNHN,restart,restart,98,0.11851350815709265,0.0007961733761312401,0.11771733478096141,0.11930968153322388,10
HNHN,restart,restart,99,0.11851350585529444,0.0007961733493458803,0.11771733250594855,0.11930967920464032,10
HNHN,restart,restart,100,0.11851350384504344,0.000796173326024913,0.11771733051901853,0.11930967717106836,10
HNHN,restart,restart,101,0.11851350208895514,0.000796173305715883,0.11771732878323926,0.11930967539467102,10
HNHN,restart,restart,102,0.11851350055450123,0.0007961732880260088,0.11771732726647523,0.11930967384252723,10
HNHN,restart,restart,103,0.1185134992133704,0.0007961732726142663,0.11771732594075614,0.11930967248598466,10
HNHN,restart,restart,104,0.11851349804091398,0.000796173259184466,0.11771732478172951,0.11930967130009844,10
HNHN,restart,restart,105,0.11851349701566591,0.0007961732474793099,0.1177173237681866,0.11930967026314522,10
HNHN,restart,restart,106,0.11851349611892628,0.000796173237275232,0.11771732288165104,0.11930966935620152,10
HNHN,restart,restart,107,0.11851349533440003,0.0007961732283779405,0.1177173221060221,0.11930966856277797,10
HNHN,restart,restart,108,0.11851349464788397,0.0007961732206185186,0.11771732142726545,0.11930966786850249,10
HNHN,restart,restart,109,0.11851349404699434,0.0007961732138501124,0.11771732083314422,0.11930966726084445,10
HNHN,restart,restart,110,0.1185134935209311,0.0007961732079449862,0.11771732031298611,0.1193096667288761,10
HNHN,restart,restart,111,0.11851349306027263,0.0007961732027920297,0.1177173198574806,0.11930966626306466,10
HNHN,restart,restart,112,0.11851349265679759,0.0007961731982945894,0.117717319458503,0.11930966585509217,10
HNHN,restart,restart,113,0.11851349230333023,0.0007961731943685203,0.11771731910896172,0.11930966549769875,10
HNHN,restart,restart,114,0.11851349199360565,0.000796173190940568,0.11771731880266509,0.11930966518454622,10
HNHN,restart,restart,115,0.11851349172215275,0.0007961731879470036,0.11771731853420575,0.11930966491009976,10
HNHN,restart,restart,116,0.11851349148419259,0.000796173185332304,0.11771731829886029,0.11930966466952489,10
HNHN,restart,restart,117,0.11851349127554953,0.0007961731830480804,0.11771731809250145,0.1193096644585976,10
HNHN,restart,restart,118,0.11851349109257443,0.0007961731810522297,0.1177173179115222,0.11930966427362666,10
HNHN,restart,restart,119,0.11851349093207733,0.0007961731793079868,0.11771731775276935,0.11930966411138531,10
HNHN,restart,restart,120,0.11851349079126894,0.000796173177783421,0.11771731761348551,0.11930966396905236,10
HNHN,restart,restart,121,0.11851349066770993,0.0007961731764505878,0.11771731749125934,0.11930966384416052,10
HNHN,restart,restart,122,0.11851349055926633,0.0007961731752851967,0.11771731738398113,0.11930966373455153,10
HNHN,restart,restart,123,0.11851349046407093,0.0007961731742660472,0.11771731728980489,0.11930966363833698,10
HNHN,restart,restart,124,0.11851349038048971,0.000796173173374613,0.11771731720711509,0.11930966355386433,10
HNHN,restart,restart,125,0.1185134903070921,0.0007961731725947504,0.11771731713449735,0.11930966347968686,10
HNHN,restart,restart,126,0.11851349024262567,0.00079617317191241,0.11771731707071326,0.11930966341453808,10
HNHN,restart,restart,127,0.11851349018599351,0.000796173171315278,0.11771731701467823,0.11930966335730879,10
HNHN,restart,restart,128,0.11851349013623477,0.0007961731707926365,0.11771731696544213,0.11930966330702741,10
HNHN,restart,restart,129,0.11851349009250763,0.0007961731703351243,0.11771731692217251,0.11930966326284274,10
HNHN,restart,restart,130,0.11851349005407437,0.0007961731699345512,0.11771731688413982,0.11930966322400892,10
HNHN,restart,restart,131,0.1185134900202884,0.000796173169583782,0.1177173168507046,0.11930966318987218,10
HNHN,restart,restart,132,0.11851348999058275,0.000796173169276589,0.11771731682130616,0.11930966315985934,10
HNHN,restart,restart,133,0.11851348996446043,0.0007961731690074764,0.11771731679545296,0.1193096631334679,10
HNHN,restart,restart,134,0.11851348994148544,0.000796173168771718,0.11771731677271373,0.11930966311025716,10
HNHN,restart,restart,135,0.11851348992127539,0.0007961731685651521,0.11771731675271024,0.11930966308984053,10
HNHN,restart,restart,136,0.11851348990349468,0.000796173168384126,0.11771731673511056,0.1193096630718788,10
HNHN,restart,restart,137,0.11851348988784893,0.0007961731682254706,0.11771731671962346,0.1193096630560744,10
HNHN,restart,restart,138,0.11851348987407964,0.0007961731680863718,0.11771731670599327,0.11930966304216602,10
HNHN,restart,restart,139,0.11851348986195993,0.0007961731679644331,0.1177173166939955,0.11930966302992436,10
HNHN,restart,restart,140,0.1185134898512906,0.0007961731678575055,0.11771731668343309,0.1193096630191481,10
HNHN,restart,restart,141,0.11851348984189672,0.0007961731677637453,0.11771731667413297,0.11930966300966046,10
HNHN,restart,restart,142,0.11851348983362461,0.0007961731676814817,0.11771731666594314,0.11930966300130609,10
HNHN,restart,restart,143,0.11851348982633929,0.0007961731676093394,0.11771731665872995,0.11930966299394863,10
HNHN,restart,restart,144,0.11851348981992216,0.0007961731675460397,0.11771731665237611,0.1193096629874682,10
HNHN,restart,restart,145,0.11851348981426893,0.0007961731674904946,0.11771731664677844,0.11930966298175942,10
HNHN,restart,restart,146,0.118513489809288,0.0007961731674417411,0.11771731664184626,0.11930966297672974,10
HNHN,restart,restart,147,0.11851348980489884,0.0007961731673989563,0.11771731663749989,0.1193096629722978,10
HNHN,restart,restart,148,0.11851348980103064,0.0007961731673613998,0.11771731663366924,0.11930966296839204,10
HNHN,restart,restart,149,0.11851348979762108,0.0007961731673284308,0.11771731663029265,0.1193096629649495,10
HNHN,restart,restart,150,0.11851348979461544,0.0007961731672994731,0.11771731662731597,0.11930966296191492,10
HNHN,restart,restart,151,0.11851348979196552,0.0007961731672740488,0.11771731662469147,0.11930966295923957,10
HNHN,restart,restart,152,0.1185134897896289,0.0007961731672517193,0.11771731662237718,0.11930966295688063,10
HNHN,restart,restart,153,0.1185134897875683,0.0007961731672321056,0.1177173166203362,0.1193096629548004,10
HNHN,restart,restart,154,0.11851348978575091,0.0007961731672148711,0.11771731661853604,0.11930966295296577,10
HNHN,restart,restart,155,0.1185134897841478,0.0007961731671997347,0.11771731661694806,0.11930966295134754,10
HNHN,restart,restart,156,0.11851348978273354,0.0007961731671864295,0.11771731661554712,0.11930966294991997,10
HNHN,restart,restart,157,0.11851348978148576,0.0007961731671747438,0.11771731661431102,0.11930966294866051,10
HNHN,restart,restart,158,0.11851348978038476,0.0007961731671644603,0.1177173166132203,0.11930966294754922,10
HNHN,restart,restart,159,0.11851348977941309,0.0007961731671554325,0.11771731661225766,0.11930966294656851,10
HNHN,restart,restart,160,0.11851348977855551,0.0007961731671474847,0.11771731661140802,0.119309662945703,10
HNHN,restart,restart,161,0.11851348977779855,0.0007961731671404999,0.11771731661065805,0.11930966294493904,10
HNHN,restart,restart,162,0.11851348977713028,0.0007961731671343652,0.11771731660999592,0.11930966294426464,10
HNHN,restart,restart,163,0.1185134897765403,0.0007961731671289585,0.11771731660941134,0.11930966294366926,10
HNHN,restart,restart,164,0.11851348977601935,0.0007961731671242136,0.11771731660889513,0.11930966294314356,10
HNHN,restart,restart,165,0.11851348977555931,0.0007961731671200404,0.11771731660843927,0.11930966294267935,10
HNHN,restart,restart,166,0.11851348977515304,0.0007961731671163585,0.11771731660803668,0.1193096629422694,10
HNHN,restart,restart,167,0.11851348977479417,0.0007961731671131294,0.11771731660768105,0.1193096629419073,10
HNHN,restart,restart,168,0.11851348977447718,0.0007961731671102775,0.1177173166073669,0.11930966294158746,10
HNHN,restart,restart,169,0.11851348977419715,0.0007961731671077808,0.11771731660708937,0.11930966294130493,10
HNHN,restart,restart,170,0.11851348977394971,0.0007961731671055754,0.11771731660684413,0.11930966294105529,10
HNHN,restart,restart,171,0.11851348977373108,0.0007961731671036332,0.11771731660662745,0.11930966294083471,10
HNHN,restart,restart,172,0.1185134897735379,0.0007961731671019298,0.11771731660643597,0.11930966294063983,10
HNHN,restart,restart,173,0.11851348977336718,0.0007961731671004264,0.11771731660626675,0.1193096629404676,10
HNHN,restart,restart,174,0.11851348977321625,0.0007961731670990998,0.11771731660611716,0.11930966294031535,10
HNHN,restart,restart,175,0.11851348977308289,0.0007961731670979267,0.11771731660598496,0.11930966294018082,10
HNHN,restart,restart,176,0.11851348977296497,0.0007961731670969112,0.11771731660586805,0.11930966294006189,10
HNHN,restart,restart,177,0.11851348977286069,0.0007961731670960039,0.11771731660576469,0.11930966293995669,10
HNHN,restart,restart,178,0.11851348977276854,0.0007961731670952187,0.11771731660567332,0.11930966293986377,10
HNHN,restart,restart,179,0.11851348977268701,0.0007961731670945021,0.11771731660559251,0.11930966293978151,10
HNHN,restart,restart,180,0.11851348977261493,0.0007961731670938877,0.11771731660552104,0.11930966293970882,10
HNHN,restart,restart,181,0.1185134897725512,0.00079617316709335,0.11771731660545785,0.11930966293964455,10
HNHN,restart,restart,182,0.1185134897724948,0.0007961731670928629,0.11771731660540194,0.11930966293958767,10
HNHN,restart,restart,183,0.11851348977244491,0.0007961731670924442,0.11771731660535246,0.11930966293953736,10
HNHN,restart,restart,184,0.1185134897724008,0.0007961731670920739,0.11771731660530872,0.11930966293949287,10
HNHN,restart,restart,185,0.11851348977236179,0.0007961731670917392,0.11771731660527004,0.11930966293945353,10
HNHN,restart,restart,186,0.11851348977232726,0.0007961731670914488,0.11771731660523581,0.1193096629394187,10
HNHN,restart,restart,187,0.11851348977229667,0.0007961731670911912,0.11771731660520549,0.11930966293938786,10
HNHN,restart,restart,188,0.11851348977226965,0.000796173167090968,0.11771731660517869,0.11930966293936061,10
HNHN,restart,restart,189,0.11851348977224571,0.0007961731670907745,0.11771731660515494,0.11930966293933648,10
HNHN,restart,restart,190,0.11851348977222453,0.0007961731670905992,0.11771731660513393,0.11930966293931514,10
HNHN,restart,restart,191,0.1185134897722058,0.0007961731670904395,0.11771731660511536,0.11930966293929623,10
HNHN,restart,restart,192,0.11851348977218919,0.0007961731670903082,0.11771731660509888,0.1193096629392795,10
HNHN,restart,restart,193,0.11851348977217449,0.0007961731670901835,0.1177173166050843,0.11930966293926468,10
HNHN,restart,restart,194,0.11851348977216147,0.0007961731670900815,0.1177173166050714,0.11930966293925155,10
HNHN,restart,restart,195,0.11851348977215,0.0007961731670899882,0.11771731660506,0.11930966293923999,10
HNHN,restart,restart,196,0.1185134897721398,0.0007961731670899042,0.11771731660504989,0.1193096629392297,10
HNHN,restart,restart,197,0.11851348977213076,0.0007961731670898214,0.11771731660504094,0.11930966293922059,10
HNHN,restart,restart,198,0.11851348977212275,0.0007961731670897676,0.11771731660503298,0.11930966293921252,10
HNHN,restart,restart,199,0.11851348977211569,0.0007961731670897205,0.11771731660502598,0.1193096629392054,10
HNHN,restart,restart,200,0.1185134897721094,0.0007961731670896656,0.11771731660501975,0.11930966293919906,10
HNHN,restart,restart,201,0.11851348977210385,0.000796173167089613,0.11771731660501424,0.11930966293919347,10
HNHN,restart,restart,202,0.11851348977209894,0.0007961731670895704,0.11771731660500936,0.11930966293918852,10
HNHN,restart,restart,203,0.11851348977209457,0.0007961731670895389,0.11771731660500503,0.1193096629391841,10
HNHN,restart,restart,204,0.11851348977209071,0.0007961731670895041,0.1177173166050012,0.11930966293918022,10
HNHN,restart,restart,205,0.11851348977208731,0.0007961731670894806,0.11771731660499783,0.11930966293917679,10
HNHN,restart,restart,206,0.11851348977208424,0.0007961731670894673,0.11771731660499478,0.11930966293917371,10
HNHN,restart,restart,207,0.1185134897720816,0.0007961731670894344,0.11771731660499217,0.11930966293917104,10
HNHN,restart,restart,208,0.1185134897720792,0.0007961731670894237,0.11771731660498978,0.11930966293916863,10
HNHN,restart,restart,209,0.11851348977207707,0.0007961731670894189,0.11771731660498765,0.11930966293916649,10
HNHN,restart,restart,210,0.11851348977207524,0.0007961731670893959,0.11771731660498584,0.11930966293916463,10
HNHN,restart,restart,211,0.11851348977207357,0.0007961731670893842,0.11771731660498419,0.11930966293916295,10
HNHN,restart,restart,212,0.1185134897720721,0.0007961731670893617,0.11771731660498273,0.11930966293916147,10
HNHN,restart,restart,213,0.1185134897720708,0.0007961731670893602,0.11771731660498144,0.11930966293916015,10
HNHN,restart,restart,214,0.11851348977206963,0.000796173167089354,0.11771731660498028,0.11930966293915898,10
HNHN,restart,restart,215,0.11851348977206862,0.0007961731670893449,0.11771731660497928,0.11930966293915796,10
HNHN,restart,restart,216,0.11851348977206773,0.000796173167089331,0.1177173166049784,0.11930966293915705,10
HNHN,restart,restart,217,0.11851348977206691,0.0007961731670893287,0.11771731660497758,0.11930966293915624,10
HNHN,restart,restart,218,0.11851348977206619,0.0007961731670893226,0.11771731660497686,0.11930966293915551,10
HNHN,restart,restart,219,0.11851348977206555,0.0007961731670893202,0.11771731660497622,0.11930966293915488,10
HNHN,restart,restart,220,0.11851348977206502,0.0007961731670893164,0.11771731660497571,0.11930966293915433,10
HNHN,restart,restart,221,0.11851348977206448,0.0007961731670893114,0.11771731660497517,0.1193096629391538,10
HNHN,restart,restart,222,0.11851348977206407,0.0007961731670893011,0.11771731660497477,0.11930966293915336,10
HNHN,restart,restart,223,0.11851348977206369,0.000796173167089296,0.11771731660497439,0.11930966293915299,10
HNHN,restart,restart,224,0.11851348977206333,0.000796173167089303,0.11771731660497403,0.11930966293915263,10
HNHN,restart,restart,225,0.11851348977206302,0.0007961731670893104,0.11771731660497371,0.11930966293915234,10
HNHN,restart,restart,226,0.11851348977206273,0.0007961731670893033,0.11771731660497343,0.11930966293915203,10
HNHN,restart,restart,227,0.11851348977206251,0.0007961731670893035,0.11771731660497321,0.11930966293915181,10
HNHN,restart,restart,228,0.1185134897720623,0.0007961731670892988,0.117717316604973,0.1193096629391516,10
HNHN,restart,restart,229,0.11851348977206211,0.0007961731670892965,0.11771731660497281,0.1193096629391514,10
HNHN,restart,restart,230,0.11851348977206196,0.0007961731670892967,0.11771731660497266,0.11930966293915125,10
HNHN,restart,restart,231,0.11851348977206178,0.0007961731670892955,0.11771731660497248,0.11930966293915107,10
HNHN,restart,restart,232,0.11851348977206164,0.0007961731670892991,0.11771731660497234,0.11930966293915093,10
HNHN,restart,restart,233,0.11851348977206153,0.0007961731670892855,0.11771731660497224,0.11930966293915081,10
HNHN,restart,restart,234,0.11851348977206141,0.0007961731670892877,0.11771731660497213,0.1193096629391507,10
HNHN,restart,restart,235,0.11851348977206133,0.0007961731670892935,0.11771731660497203,0.11930966293915063,10
HNHN,restart,restart,236,0.11851348977206126,0.0007961731670892805,0.11771731660497198,0.11930966293915055,10
HNHN,restart,restart,237,0.11851348977206118,0.0007961731670892915,0.11771731660497188,0.11930966293915048,10
HNHN,restart,restart,238,0.11851348977206111,0.0007961731670892884,0.11771731660497183,0.1193096629391504,10
HNHN,restart,restart,239,0.11851348977206104,0.0007961731670892802,0.11771731660497176,0.11930966293915032,10
HNHN,restart,restart,240,0.11851348977206103,0.0007961731670892814,0.11771731660497174,0.11930966293915031,10
HNHN,restart,restart,241,0.11851348977206096,0.0007961731670892805,0.11771731660497167,0.11930966293915024,10
HNHN,restart,restart,242,0.11851348977206091,0.0007961731670892932,0.11771731660497162,0.11930966293915021,10
HNHN,restart,restart,243,0.11851348977206086,0.0007961731670892885,0.11771731660497158,0.11930966293915014,10
HNHN,restart,restart,244,0.11851348977206085,0.0007961731670892801,0.11771731660497156,0.11930966293915013,10
HNHN,restart,restart,245,0.11851348977206082,0.0007961731670892918,0.11771731660497152,0.11930966293915012,10
HNHN,restart,restart,246,0.1185134897720608,0.0007961731670892869,0.11771731660497152,0.11930966293915009,10
HNHN,restart,restart,247,0.11851348977206078,0.0007961731670892791,0.11771731660497149,0.11930966293915006,10
HNHN,restart,restart,248,0.11851348977206075,0.0007961731670892808,0.11771731660497146,0.11930966293915003,10
HNHN,restart,restart,249,0.11851348977206075,0.0007961731670892845,0.11771731660497146,0.11930966293915003,10
HNHN,restart,restart,250,0.11851348977206073,0.0007961731670892772,0.11771731660497145,0.11930966293915002,10
HNHN,restart,restart,251,0.11851348977206069,0.0007961731670892742,0.11771731660497142,0.11930966293914996,10
HNHN,restart,restart,252,0.1185134897720607,0.0007961731670892836,0.11771731660497142,0.11930966293914999,10
HNHN,restart,restart,253,0.11851348977206069,0.0007961731670892849,0.11771731660497141,0.11930966293914998,10
HNHN,restart,restart,254,0.11851348977206067,0.0007961731670892866,0.11771731660497138,0.11930966293914995,10
HNHN,restart,restart,255,0.11851348977206067,0.0007961731670892759,0.1177173166049714,0.11930966293914994,10
HNHN,restart,restart,256,0.11851348977206067,0.0007961731670892817,0.11771731660497138,0.11930966293914995,10
UniGCN,diagnostics,un,0,1.0,0.0,1.0,1.0,10
UniGCN,diagnostics,un,1,0.5685604524850103,0.001904124493583275,0.5666563279914271,0.5704645769785935,10
UniGCN,diagnostics,un,2,0.3859612451051087,0.0024998187185634596,0.38346142638654523,0.3884610638236722,10
UniGCN,diagnostics,un,3,0.29934388837981957,0.002600948941901155,0.2967429394379184,0.3019448373217207,10
UniGCN,diagnostics,un,4,0.24970377021771215,0.0024653131113083534,0.2472384571064038,0.2521690833290205,10
UniGCN,diagnostics,un,5,0.2174138169699324,0.0022990471812095186,0.21511476978872288,0.2197128641511419,10
UniGCN,diagnostics,un,6,0.1946982605893325,0.002182059479249915,0.1925162011100826,0.19688032006858242,10
UniGCN,diagnostics,un,7,0.17784146747990504,0.0021219048249257,0.17571956265497934,0.17996337230483073,10
UniGCN,diagnostics,un,8,0.16482997084879786,0.0021037908916472533,0.1627261799571506,0.1669337617404451,10
UniGCN,diagnostics,un,9,0.1544760078714924,0.00211277467246065,0.15236323319903175,0.15658878254395306,10
UniGCN,diagnostics,un,10,0.14603281599923248,0.0021387660766133913,0.1438940499226191,0.14817158207584588,10
UniGCN,diagnostics,un,11,0.13900680090091228,0.0021756292470925683,0.1368311716538197,0.14118243014800486,10
UniGCN,diagnostics,un,12,0.13305856665547985,0.0022195641697089204,0.13083900248577093,0.13527813082518877,10
UniGCN,diagnostics,un,13,0.12794732386151747,0.0022680559222086885,0.12567926793930878,0.13021537978372616,10
UniGCN,diagnostics,un,14,0.12349785948844445,0.002319350056961296,0.12117850943148316,0.12581720954540576,10
UniGCN,diagnostics,un,15,0.11957994883509974,0.0023722075855904605,0.11720774124950928,0.12195215642069021,10
UniGCN,diagnostics,un,16,0.11609501010832997,0.002425774076836428,0.11366923603149354,0.1185207841851664,10
UniGCN,diagnostics,un,17,0.1129671799366982,0.00247948818622947,0.11048769175046874,0.11544666812292767,10
UniGCN,diagnostics,un,18,0.11013719612882826,0.0025330054654771864,0.10760419066335107,0.11267020159430545,10
UniGCN,diagnostics,un,19,0.10755812025454456,0.002586133337822449,0.1049719869167221,0.11014425359236701,10
UniGCN,diagnostics,un,20,0.10519229644646697,0.002638778124318951,0.10255351832214801,0.10783107457078592,10
UniGCN,diagnostics,un,21,0.10300915746018194,0.00269090460840734,0.10031825285177459,0.10570006206858928,10
UniGCN,diagnostics,un,22,0.10098362088163888,0.002742507208346462,0.09824111367329243,0.10372612808998534,10
UniGCN,diagnostics,un,23,0.09909490208734147,0.0027935908451189786,0.09630131124222249,0.10188849293246044,10
UniGCN,diagnostics,un,24,0.09732562512755792,0.0028441592564357994,0.09448146587112212,0.10016978438399372,10
UniGCN,diagnostics,un,25,0.09566114900156934,0.0028942086312817986,0.09276694037028754,0.09855535763285114,10
UniGCN,diagnostics,un,26,0.09408905133415921,0.002943724795540526,0.09114532653861868,0.09703277612969974,10
UniGCN,diagnostics,un,27,0.09259872827203162,0.002992682600806401,0.08960604567122522,0.09559141087283803,10
UniGCN,diagnostics,un,28,0.09118108106194399,0.0030410465607018846,0.08814003450124211,0.09422212762264587,10
UniGCN,diagnostics,un,29,0.08982826791774964,0.0030887721005582406,0.0867394958171914,0.09291704001830789,10
UniGCN,diagnostics,un,30,0.08853350553557147,0.00313580702834807,0.08539769850722341,0.09166931256391954,10
UniGCN,diagnostics,un,31,0.08729090871534737,0.003182093004910606,0.08410881571043675,0.09047300172025798,10
UniGCN,diagnostics,un,32,0.08609535949455535,0.003227566903781778,0.08286779259077358,0.08932292639833712,10
UniGCN,diagnostics,un,33,0.08494239933875773,0.003272162020110713,0.08167023731864702,0.08821456135886845,10
UniGCN,diagnostics,un,34,0.08382813949969088,0.0033158091271676435,0.08051233037252324,0.08714394862685852,10
UniGCN,diagnostics,un,35,0.08274918580865426,0.0033584373980820375,0.07939074841057223,0.08610762320673629,10
UniGCN,diagnostics,un,36,0.08170257503526741,0.003399975217261395,0.07830259981800602,0.0851025502525288,10
UniGCN,diagnostics,un,37,0.08068572058974371,0.003440350905715065,0.07724536968402865,0.08412607149545878,10
UniGCN,diagnostics,un,38,0.07969636583775214,0.0034794933807419434,0.0762168724570102,0.08317585921849407,10
UniGCN,diagnostics,un,39,0.07873254367151619,0.0035173327653339127,0.07521521090618227,0.08224987643685011,10
UniGCN,diagnostics,un,40,0.07779254126846467,0.0035538009574844595,0.07423874031098021,0.08134634222594914,10
UniGCN,diagnostics,un,41,0.07687486919092268,0.00358883216505479,0.07328603702586789,0.08046370135597747,10
UniGCN,diagnostics,un,42,0.07597823415274298,0.00362236340823382,0.07235587074450915,0.0796005975609768,10
UniGCN,diagnostics,un,43,0.07510151491309466,0.003654334988995253,0.07144717992409941,0.07875584990208992,10
UniGCN,diagnostics,un,44,0.07424374086257764,0.0036846909252380043,0.07055904993733964,0.07792843178781564,10
UniGCN,diagnostics,un,45,0.07340407294901707,0.0037133793463639034,0.06969069360265318,0.07711745229538097,10
UniGCN,diagnostics,un,46,0.07258178665474688,0.003740352846746069,0.06884143380800081,0.07632213950149294,10
UniGCN,diagnostics,un,47,0.07177625678778128,0.0037655687937190297,0.06801068799406225,0.07554182558150031,10
UniGCN,diagnostics,un,48,0.07098694388900752,0.003788989587240193,0.06719795430176732,0.07477593347624771,10
UniGCN,diagnostics,un,49,0.07021338208874886,0.0038105828691116753,0.06640279921963718,0.07402396495786054,10
UniGCN,diagnostics,un,50,0.06945516827059212,0.003830321680515325,0.0656248465900768,0.07328548995110744,10
UniGCN,diagnostics,un,51,0.0687119524197003,0.003848184567523988,0.0648637678521763,0.07256013698722429,10
UniGCN,diagnostics,un,52,0.06798342904808993,0.0038641556351507295,0.0641192734129392,0.07184758468324066,10
UniGCN,diagnostics,un,53,0.06726932960146095,0.0038782245513421126,0.06339110505011884,0.07114755415280306,10
UniGCN,diagnostics,un,54,0.06656941576184523,0.0038903865030812824,0.06267902925876395,0.07045980226492651,10
UniGCN,diagnostics,un,55,0.06588347356816834,0.003900642107424587,0.06198283146074376,0.06978411567559294,10
UniGCN,diagnostics,un,56,0.0652113082832442,0.00390899728083945,0.061302311002404755,0.06912030556408365,10
UniGCN,diagnostics,un,57,0.06455273994110414,0.003915463070639185,0.060637276870464954,0.06846820301174332,10
UniGCN,diagnostics,un,58,0.06390759951317314,0.003920055452623445,0.059987544060549694,0.06782765496579658,10
UniGCN,diagnostics,un,59,0.0632757256358581,0.003922795099235728,0.05935293053662236,0.06719852073509382,10
UniGCN,diagnostics,un,60,0.0626569618457671,0.0039237071226504005,0.058733254723116704,0.06658066896841751,10
UniGCN,diagnostics,un,61,0.06205115427215031,0.003922820797210332,0.05812833347493998,0.06597397506936065,10
UniGCN,diagnostics,un,62,0.061458149739327984,0.003920169265563582,0.057537980473764405,0.06537831900489156,10
UniGCN,diagnostics,un,63,0.06087779423490812,0.003915789232704479,0.05696200500220364,0.0647935834676126,10
UniGCN,diagnostics,un,64,0.06030993170253043,0.003909720651923101,0.05640021105060733,0.06421965235445352,10
UniGCN,diagnostics,un,65,0.05975440312073057,0.003902006406418366,0.055852396714312205,0.06365640952714893,10
UniGCN,diagnostics,un,66,0.05921104583230543,0.003892691990045069,0.05531835384226036,0.0631037378223505,10
UniGCN,diagnostics,un,67,0.05867969309128236,0.003881825190353693,0.054797867900928665,0.06256151828163606,10
UniGCN,diagnostics,un,68,0.05816017379724625,0.0038694557767538435,0.05429071802049241,0.06202962957400009,10
UniGCN,diagnostics,un,69,0.057652312389352714,0.003855635196295479,0.05379667719305724,0.06150794758564819,10
UniGCN,diagnostics,un,70,0.05715592887484396,0.0038404162792247698,0.053315512595619195,0.06099634515406873,10
UniGCN,diagnostics,un,71,0.05667083896927575,0.0038238529561390273,0.052846986013136726,0.060494691925414776,10
UniGCN,diagnostics,un,72,0.05619685432795039,0.0038059999882438414,0.05239085433970655,0.060002854316194225,10
UniGCN,diagnostics,un,73,0.055733782850224255,0.003786912711909658,0.051946870138314595,0.059520695562133914,10
UniGCN,diagnostics,un,74,0.055281429040409044,0.0037666467984370272,0.051514782241972014,0.059048075838846074,10
UniGCN,diagnostics,un,75,0.0548395944109122,0.003745258029673948,0.05109433638123825,0.058584852440586144,10
UniGCN,diagnostics,un,76,0.05440807791505705,0.0037228020898850142,0.05068527582517204,0.058130880004942063,10
UniGCN,diagnostics,un,77,0.05398667639868704,0.0036993343740530124,0.05028734202463403,0.05768601077274005,10
UniGCN,diagnostics,un,78,0.05357518506118976,0.003674909812598466,0.049900275248591294,0.057250094873788224,10
UniGCN,diagnostics,un,79,0.053173397917978406,0.0036495827123323664,0.04952381520564604,0.05682298063031077,10
UniGCN,diagnostics,un,80,0.05278110825774154,0.0036234066133101796,0.049157701644431354,0.05640451487105172,10
UniGCN,diagnostics,un,81,0.05239810908892256,0.0035964341611312146,0.04880167492779135,0.05599454325005378,10
UniGCN,diagnostics,un,82,0.052024193570922105,0.0035687169941250162,0.04845547657679709,0.05559291056504712,10
UniGCN,diagnostics,un,83,0.05165915542643623,0.003540305644783895,0.04811884978165234,0.055199461071220125,10
UniGCN,diagnostics,un,84,0.05130278933215613,0.0035112494547367133,0.047791539877419416,0.054814038786892845,10
UniGCN,diagnostics,un,85,0.050954891285769896,0.0034815965025119903,0.0474732947832579,0.05443648778828189,10
UniGCN,diagnostics,un,86,0.05061525894782846,0.0034513935433066675,0.04716386540452179,0.054066652491135125,10
UniGCN,diagnostics,un,87,0.050283691957575524,0.0034206859599576695,0.046863005997617856,0.05370437791753319,10
UniGCN,diagnostics,un,88,0.04995999222230112,0.003389517724307172,0.046570474497993945,0.05334950994660829,10
UniGCN,diagnostics,un,89,0.04964396418016717,0.0033579313681552816,0.04628603281201189,0.05300189554832245,10
UniGCN,diagnostics,un,90,0.049335415036779705,0.00332596796300588,0.04600944707377382,0.05266138299978559,10
UniGCN,diagnostics,un,91,0.0490341549760501,0.0032936671078302813,0.04574048786821982,0.05232782208388038,10
UniGCN,diagnostics,un,92,0.04873999734610589,0.0032610669240983386,0.04547893042200755,0.05200106427020423,10
UniGCN,diagnostics,un,93,0.04845275882118409,0.0032282040573558225,0.04522455476382827,0.05168096287853991,10
UniGCN,diagnostics,un,94,0.04817225954057291,0.0031951136846605343,0.04497714585591237,0.051367373225233444,10
UniGCN,diagnostics,un,95,0.047898323225766384,0.0031618295272246733,0.04473649369854171,0.051060152752991056,10
UniGCN,diagnostics,un,96,0.04763077727706557,0.0031283838676492127,0.044502393409416356,0.050759161144714786,10
UniGCN,diagnostics,un,97,0.0473694528509026,0.003094807571173878,0.04427464527972872,0.050464260422076475,10
UniGCN,diagnostics,un,98,0.047114184919185356,0.0030611301104059995,0.04405305480877936,0.050175315029591355,10
UniGCN,diagnostics,un,99,0.04686481231196416,0.0030273795930299036,0.043837432718934255,0.04989219190499407,10
UniGCN,diagnostics,un,100,0.046621177744708836,0.00299358279203712,0.04362759495267172,0.049614760536745954,10
UniGCN,diagnostics,un,101,0.04638312783146053,0.002959765178054966,0.043423362653405566,0.04934289300951549,10
UniGCN,diagnostics,un,102,0.046150513085087684,0.002925950953387447,0.043224562131700235,0.04907646403847513,10
UniGCN,diagnostics,un,103,0.04592318790583282,0.0028921630874170694,0.04303102481841575,0.04881535099324989,10
UniGCN,diagnostics,un,104,0.04570101055928833,0.0028584233530493833,0.04284258720623895,0.04855943391233771,10
UniGCN,diagnostics,un,105,0.04548384314488546,0.0028247523639135506,0.04265909078097191,0.04830859550879901,10
UniGCN,diagnostics,un,106,0.045271551555925466,0.002791169612061986,0.04248038194386348,0.04806272116798745,10
UniGCN,diagnostics,un,107,0.04506400543212215,0.002757693505939673,0.04230631192618248,0.04782169893806182,10
UniGCN,diagnostics,un,108,0.04486107810556695,0.0027243414084199722,0.04213673669714698,0.04758541951398692,10
UniGCN,diagnostics,un,109,0.04466264654096741,0.00269112967472774,0.04197151686623967,0.04735377621569515,10
UniGCN,diagnostics,un,110,0.04446859127095114,0.0026580736900927355,0.0418105175808584,0.047126664961043875,10
UniGCN,diagnostics,un,111,0.04427879632717008,0.002625187906997023,0.04165360842017306,0.0469039842341671,10
UniGCN,diagnostics,un,112,0.04409314916788272,0.0025924858818987175,0.041500663285984,0.04668563504978144,10
UniGCN,diagnostics,un,113,0.04391154060263817,0.0025599803113316747,0.041351560291306495,0.04647152091396984,10
UniGCN,diagnostics,un,114,0.043733864714633676,0.0025276830672963622,0.04120618164733732,0.046261547781930035,10
UniGCN,diagnostics,un,115,0.04356001878126705,0.002495605231871212,0.041064413549395835,0.046055624013138265,10
UniGCN,diagnostics,un,116,0.04338990319335828,0.0024637571309866673,0.04092614606237161,0.04585366032434495,10
UniGCN,diagnostics,un,117,0.04322342137346976,0.0024321483673154995,0.04079127300615426,0.04565556974078526,10
UniGCN,diagnostics,un,118,0.04306047969371228,0.0024007878522433407,0.04065969184146894,0.04546126754595562,10
UniGCN,diagnostics,un,119,0.04290098739338462,0.002369683836892399,0.04053130355649222,0.04527067123027702,10
UniGCN,diagnostics,un,120,0.04274485649675699,0.00233884394217968,0.040406012554577306,0.04508370043893667,10
UniGCN,diagnostics,un,121,0.042592001731274816,0.002308275187897913,0.040283726543376905,0.04490027691917273,10
UniGCN,diagnostics,un,122,0.04244234044642685,0.002277984020813975,0.04016435642561288,0.04472032446724082,10
UniGCN,diagnostics,un,123,0.04229579253349215,0.0022479763417848657,0.04004781619170729,0.044543768875277015,10
UniGCN,diagnostics,un,124,0.04215228034635323,0.0022182575318962687,0.03993402281445696,0.0443705378782495,10
UniGCN,diagnostics,un,125,0.042011728623537484,0.0021888324776326096,0.039822896145904875,0.04420056110117009,10
UniGCN,diagnostics,un,126,0.04187406441162581,0.0021597055950913382,0.03971435881653448,0.04403377000671715,10
UniGCN,diagnostics,un,127,0.04173921699014676,0.0021308808532568644,0.039608336136889896,0.04387009784340362,10
UniGCN,diagnostics,un,128,0.04160711779805461,0.002102361796352251,0.039504756001702356,0.04370947959440686,10
UniGCN,diagnostics,un,129,0.04147770036187291,0.0020741515652887496,0.03940354879658416,0.04355185192716166,10
UniGCN,diagnostics,un,130,0.041350900225569184,0.0020462529182349067,0.03930464730733428,0.04339715314380409,10
UniGCN,diagnostics,un,131,0.041226654882211576,0.002018668250328513,0.03920798663188306,0.04324532313254009,10
UniGCN,diagnostics,un,132,0.04110490370744628,0.001991399612555334,0.03911350409489095,0.04309630332000161,10
UniGCN,diagnostics,un,133,0.04098558789482219,0.0019644487298196393,0.03902113916500255,0.042950036624641835,10
UniGCN,diagnostics,un,134,0.04086865039297962,0.0019378170182319466,0.038930833374747675,0.042806467411211566,10
UniGCN,diagnostics,un,135,0.04075403584471007,0.001911505601639652,0.03884253024307042,0.042665541446349715,10
UniGCN,diagnostics,un,136,0.04064169052788645,0.001885515327426425,0.03875617520046003,0.042527205855312875,10
UniGCN,diagnostics,un,137,0.04053156229825567,0.001859846781606312,0.03867171551664936,0.04239140907986198,10
UniGCN,diagnostics,un,138,0.04042360053407924,0.001834500303238054,0.03858910023084119,0.0422581008373173,10
UniGCN,diagnostics,un,139,0.04031775608260203,0.0018094759981852637,0.03850828008441677,0.042127232080787294,10
UniGCN,diagnostics,un,140,0.04021398120832468,0.0017847737522472993,0.03842920745607738,0.04199875496057198,10
UniGCN,diagnostics,un,141,0.04011222954305084,0.0017603932436856679,0.03835183629936517,0.04187262278673651,10
UniGCN,diagnostics,un,142,0.04001245603767706,0.001736333955169835,0.038276122082507226,0.04174878999284689,10
UniGCN,diagnostics,un,143,0.03991461691569023,0.001712595185166255,0.03820202173052398,0.04162721210085649,10
UniGCN,diagnostics,un,144,0.03981866962833494,0.0016891760587932829,0.03812949356954166,0.041507845687128224,10
UniGCN,diagnostics,un,145,0.039724572811411035,0.001666075538164415,0.03805849727324662,0.04139064834957545,10
UniGCN,diagnostics,un,146,0.03963228624366029,0.0016432924322415088,0.03798899381141878,0.0412755786759018,10
UniGCN,diagnostics,un,147,0.039541770806699815,0.0016208254062188017,0.037920945400481014,0.041162596212918616,10
UniGCN,diagnostics,un,148,0.03945298844645863,0.0015986729904581064,0.03785431545600052,0.041051661436916735,10
UniGCN,diagnostics,un,149,0.03936590213607357,0.0015768335889946535,0.03778906854707892,0.04094273572506822,10
UniGCN,diagnostics,un,150,0.03928047584020024,0.0015553054876324198,0.03772517035256782,0.04083578132783266,10
UniGCN,diagnostics,un,151,0.03919667448069426,0.001534086861647243,0.03766258761904702,0.04073076134234151,10
UniGCN,diagnostics,un,152,0.03911446390361874,0.0015131757831149519,0.037601288120503784,0.04062763968673369,10
UniGCN,diagnostics,un,153,0.03903381084753339,0.0014925702278814864,0.03754124061965191,0.040526381075414876,10
UniGCN,diagnostics,un,154,0.03895468291302194,0.0014722680821910934,0.03748241483083085,0.04042695099521303,10
UniGCN,diagnostics,un,155,0.038877048533413866,0.0014522671489879478,0.03742478138442592,0.04032931568240181,10
UniGCN,diagnostics,un,156,0.038800876946658604,0.0014325651539061977,0.03736831179275241,0.0402334421005648,10
UniGCN,diagnostics,un,157,0.03872613816830963,0.0014131597509624853,0.03731297841734715,0.040139297919272114,10
UniGCN,diagnostics,un,158,0.03865280296557762,0.0013940485279646886,0.03725875443761293,0.040046851493542306,10
UniGCN,diagnostics,un,159,0.038580842832412365,0.0013752290116498,0.03720561382076257,0.03995607184406216,10
UniGCN,diagnostics,un,160,0.038510229965574176,0.0013566986725634612,0.037153531293010716,0.039866928638137636,10
UniGCN,diagnostics,un,161,0.03844093724165635,0.001338454929693078,0.037102482311963274,0.039779392171349424,10
UniGCN,diagnostics,un,162,0.0383729381950215,0.0013204951548658728,0.037052443040155626,0.039693433349887376,10
UniGCN,diagnostics,un,163,0.038306206996615494,0.0013028166769228186,0.03700339031969267,0.039609023673538316,10
UniGCN,diagnostics,un,164,0.038240718433623644,0.0012854167856788047,0.03695530164794484,0.03952613521930245,10
UniGCN,diagnostics,un,165,0.038176447889935225,0.0012682927356791184,0.036908155154256106,0.039444740625614344,10
UniGCN,diagnostics,un,166,0.038113371327383204,0.0012514417497614947,0.03686192957762171,0.0393648130771447,10
UniGCN,diagnostics,un,167,0.038051465267727146,0.0012348610224331208,0.036816604245294024,0.03928632629016027,10
UniGCN,diagnostics,un,168,0.03799070677534862,0.0012185477230709971,0.03677215905227762,0.03920925449841962,10
UniGCN,diagnostics,un,169,0.03793107344062902,0.0012024989989541527,0.03672857444167487,0.039133572439583174,10
UniGCN,diagnostics,un,170,0.03787254336398141,0.001186711978135464,0.03668583138584595,0.03905925534211687,10
UniGCN,diagnostics,un,171,0.03781509514050841,0.0011711837721607137,0.036643911368347694,0.03898627891266913,10
UniGCN,diagnostics,un,172,0.03775870784525952,0.0011559114786421228,0.036602796366617396,0.03891461932390164,10
UniGCN,diagnostics,un,173,0.03770336101906242,0.0011408921836931814,0.03656246883536924,0.038844253202755606,10
UniGCN,diagnostics,un,174,0.03764903465490336,0.0011261229642314551,0.03652291169067191,0.03877515761913481,10
UniGCN,diagnostics,un,175,0.03759570918483299,0.0011116008901555859,0.0364841082946774,0.03870731007498857,10
UniGCN,diagnostics,un,176,0.037543365467374995,0.0010973230264024923,0.0364460424409725,0.03864068849377749,10
UniGCN,diagnostics,un,177,0.03749198477541562,0.001083286434890646,0.03640869834052497,0.03857527121030627,10
UniGCN,diagnostics,un,178,0.03744154878455308,0.0010694881763547404,0.03637206060819834,0.038511036960907824,10
UniGCN,diagnostics,un,179,0.03739203956188689,0.0010559253120771,0.036336114249809794,0.03844796487396399,10
UniGCN,diagnostics,un,180,0.03734343955522793,0.0010425949055208848,0.03630084464970705,0.038386034460748814,10
UniGCN,diagnostics,un,181,0.03729573158271058,0.001029494023869766,0.036266237558840814,0.038325225606580346,10
UniGCN,diagnostics,un,182,0.03724889882278959,0.0010166197394787595,0.03623227908331083,0.03826551856226835,10
UniGCN,diagnostics,un,183,0.03720292480460465,0.0010039691312406368,0.036198955673364015,0.03820689393584529,10
UniGCN,diagnostics,un,184,0.03715779339869647,0.0009915392858719286,0.03616625411282454,0.0381493326845684,10
UniGCN,diagnostics,un,185,0.03711348880805919,0.000979327299122774,0.03613416150893641,0.038092816107181966,10
UniGCN,diagnostics,un,186,0.03706999555951402,0.0009673302769142677,0.036102665282599755,0.038037325836428285,10
UniGCN,diagnostics,un,187,0.037027298495390375,0.0009555453364070693,0.036071753158983304,0.037982843831797446,10
UniGCN,diagnostics,un,188,0.03698538276550075,0.0009439696070047799,0.03604141315849597,0.03792935237250553,10
UniGCN,diagnostics,un,189,0.036944233819396655,0.0009326002312953368,0.03601163358810132,0.03787683405069199,10
UniGCN,diagnostics,un,190,0.03690383739889334,0.0009214343659339219,0.035982403032959416,0.03782527176482726,10
UniGCN,diagnostics,un,191,0.03686417953085139,0.0009104691824700202,0.035953710348381365,0.03777464871332141,10
UniGCN,diagnostics,un,192,0.03682524652020438,0.0008997018681219965,0.035925544652082385,0.03772494838832637,10
UniGCN,diagnostics,un,193,0.03678702494322154,0.0008891296265016957,0.035897895316719844,0.03767615456972323,10
UniGCN,diagnostics,un,194,0.03674950164099552,0.000878749678291971,0.03587075196270355,0.03762825131928749,10
UniGCN,diagnostics,un,195,0.03671266371314546,0.0008685592618794396,0.03584410445126602,0.0375812229750249,10
UniGCN,diagnostics,un,196,0.03667649851172611,0.0008585556339452031,0.0358179428777809,0.037535054145671314,10
UniGCN,diagnostics,un,197,0.036640993635334185,0.0008487360700156844,0.0357922575653185,0.03748972970534987,10
UniGCN,diagnostics,un,198,0.03660613692340361,0.0008390978649757978,0.03576703905842781,0.037445234788379404,10
UniGCN,diagnostics,un,199,0.036571916450681585,0.0008296383335467333,0.03574227811713485,0.03740155478422832,10
UniGCN,diagnostics,un,200,0.03653832052187784,0.0008203548107301964,0.035717965711147645,0.03735867533260803,10
UniGCN,diagnostics,un,201,0.03650533766647976,0.0008112446522211368,0.035694093014258625,0.03731658231870089,10
UniGCN,diagnostics,un,202,0.03647295663372667,0.0008023052347907923,0.035670651398935875,0.03727526186851746,10
UniGCN,diagnostics,un,203,0.036441166387736326,0.0007935339566417156,0.03564763243109461,0.03723470034437804,10
UniGCN,diagnostics,un,204,0.03640995610277763,0.0007849282377365404,0.035625027865041084,0.03719488434051417,10
UniGCN,diagnostics,un,205,0.036379315158683395,0.0007764855201020227,0.03560282963858137,0.03715580067878542,10
UniGCN,diagnostics,un,206,0.03634923313639757,0.0007682032681097018,0.035581029868287865,0.03711743640450727,10
UniGCN,diagnostics,un,207,0.03631969981365134,0.000760078968734859,0.03555962084491648,0.0370797787823862,10
UniGCN,diagnostics,un,208,0.036290705160763145,0.0007521101317948538,0.03553859502896829,0.037042815292558,10
UniGCN,diagnostics,un,209,0.03626223933655739,0.000744294290168193,0.03551794504638919,0.03700653362672558,10
UniGCN,diagnostics,un,210,0.03623429268439742,0.0007366289999955069,0.035497663684401916,0.03697092168439293,10
UniGCN,diagnostics,un,211,0.03620685572832813,0.0007291118408635526,0.03547774388746458,0.03693596756919168,10
UniGCN,diagnostics,un,212,0.03617991916932402,0.0007217404159732116,0.035458178753350805,0.03690165958529723,10
UniGCN,diagnostics,un,213,0.036153473881638434,0.0007145123522925504,0.035438961529345885,0.036867986233930984,10
UniGCN,diagnostics,un,214,0.03612751090925058,0.0007074253006957186,0.03542008560855486,0.036834936209946295,10
UniGCN,diagnostics,un,215,0.03610202146240597,0.0007004769360887429,0.03540154452631723,0.03680249839849471,10
UniGCN,diagnostics,un,216,0.036076996914247414,0.0006936649575227138,0.0353833319567247,0.036770661871770124,10
UniGCN,diagnostics,un,217,0.0360524287975328,0.0006869870882953631,0.03536544170923744,0.036739415885828165,10
UniGCN,diagnostics,un,218,0.03602830880143651,0.0006804410760415533,0.03534786772539496,0.03670874987747806,10
UniGCN,diagnostics,un,219,0.03600462876843179,0.0006740246928132453,0.03533060407561854,0.036678653461245034,10
UniGCN,diagnostics,un,220,0.03598138069125055,0.0006677357351497525,0.0353136449561008,0.0366491164264003,10
UniGCN,diagnostics,un,221,0.0359585567099185,0.0006615720241385148,0.035296984685779985,0.03662012873405702,10
UniGCN,diagnostics,un,222,0.035936149108862295,0.0006555314054669961,0.0352806177033953,0.03659168051432929,10
UniGCN,diagnostics,un,223,0.0359141503140869,0.0006496117494661897,0.03526453856462071,0.03656376206355309,10
UniGCN,diagnostics,un,224,0.035892552890420155,0.0006438109511460012,0.03524874193927415,0.03653636384156616,10
UniGCN,diagnostics,un,225,0.03587134953882251,0.0006381269302229171,0.035233222608599596,0.03650947646904543,10
UniGCN,diagnostics,un,226,0.03585053309375983,0.0006325576311402228,0.03521797546261961,0.03648309072490005,10
UniGCN,diagnostics,un,227,0.035830096520637,0.0006271010230810929,0.03520299549755591,0.03645719754371809,10
UniGCN,diagnostics,un,228,0.03581003291329039,0.0006217550999748014,0.03518827781331559,0.036431788013265194,10
UniGCN,diagnostics,un,229,0.03579033549153734,0.0006165178804961376,0.0351738176110412,0.036406853372033476,10
UniGCN,diagnostics,un,230,0.035770997598780746,0.000611387408058379,0.03515961019072237,0.03638238500683912,10
UniGCN,diagnostics,un,231,0.03575201269966709,0.0006063617507998455,0.03514565094886724,0.03635837445046693,10
UniGCN,diagnostics,un,232,0.03573337437779619,0.0006014390015642572,0.03513193537623193,0.036334813379360446,10
UniGCN,diagnostics,un,233,0.03571507633348108,0.000596617277874899,0.035118459055606184,0.03631169361135598,10
UniGCN,diagnostics,un,234,0.03569711238155659,0.0005918947219027876,0.0351052176596538,0.03628900710345938,10
UniGCN,diagnostics,un,235,0.035679476449234956,0.0005872695004288242,0.03509220694880613,0.03626674594966378,10
UniGCN,diagnostics,un,236,0.035662162574007374,0.0005827398048001153,0.03507942276920726,0.03624490237880749,10
UniGCN,diagnostics,un,237,0.03564516490158985,0.0005783038508803014,0.03506686105070955,0.03622346875247015,10
UniGCN,diagnostics,un,238,0.03562847768391224,0.0005739598789941529,0.035054517804918084,0.03620243756290639,10
UniGCN,diagnostics,un,239,0.03561209527714927,0.0005697061538662597,0.035042389123283016,0.03618180143101553,10
UniGCN,diagnostics,un,240,0.03559601213979226,0.0005655409645540178,0.03503047117523824,0.036161553104346274,10
UniGCN,diagnostics,un,241,0.03558022283076041,0.0005614626243747438,0.03501876020638566,0.03614168545513515,10
UniGCN,diagnostics,un,242,0.03556472200755075,0.0005574694708270246,0.035007252536723724,0.03612219147837778,10
UniGCN,diagnostics,un,243,0.03554950442442555,0.0005535598655063458,0.034995944558919204,0.0361030642899319,10
UniGCN,diagnostics,un,244,0.035534564930636094,0.0005497321940148397,0.03498483273662125,0.03608429712465094,10
UniGCN,diagnostics,un,245,0.03551989846868216,0.0005459848658653629,0.03497391360281679,0.03606588333454752,10
UniGCN,diagnostics,un,246,0.035505500072606076,0.0005423163143797486,0.03496318375822633,0.03604781638698582,10
UniGCN,diagnostics,un,247,0.03549136486632044,0.0005387249965812742,0.03495263986973917,0.03603008986290172,10
UniGCN,diagnostics,un,248,0.03547748806196874,0.0005352093930815188,0.03494227866888722,0.03601269745505026,10
UniGCN,diagnostics,un,249,0.0354638649583181,0.0005317680079612732,0.03493209695035683,0.035995632966279376,10
UniGCN,diagnostics,un,250,0.035450490939183184,0.0005283993686459548,0.03492209157053723,0.03597889030782914,10
UniGCN,diagnostics,un,251,0.03543736147188066,0.0005251020257752427,0.03491225944610542,0.0359624634976559,10
UniGCN,diagnostics,un,252,0.03542447210571338,0.0005218745530670589,0.034902597552646325,0.03594634665878044,10
UniGCN,diagnostics,un,253,0.035411818470483705,0.0005187155471760117,0.034893102923307696,0.035930534017659714,10
UniGCN,diagnostics,un,254,0.03539939627503509,0.000515623627546301,0.03488377264748879,0.03591501990258139,10
UniGCN,diagnostics,un,255,0.03538720130582146,0.0005125974362590899,0.03487460386956237,0.035899798742080546,10
UniGCN,diagnostics,un,256,0.03537522942550358,0.0005096356378745259,0.03486559378762905,0.0358848650633781,10
UniGCN,diagnostics,sym,0,1.0,0.0,1.0,1.0,10
UniGCN,diagnostics,sym,1,0.6683846530348119,0.0014546230705847166,0.6669300299642271,0.6698392761053966,10
UniGCN,diagnostics,sym,2,0.4562659834356875,0.0019261541705680243,0.4543398292651195,0.45819213760625555,10
UniGCN,diagnostics,sym,3,0.3292562168679719,0.001780272840723806,0.3274759440272481,0.3310364897086957,10
UniGCN,diagnostics,sym,4,0.2531296784879107,0.0015487458234574017,0.2515809326644533,0.25467842431136806,10
UniGCN,diagnostics,sym,5,0.20614202325330883,0.0014175237605140846,0.20472449949279475,0.2075595470138229,10
UniGCN,diagnostics,sym,6,0.1755423065389273,0.001377584422572478,0.17416472211635484,0.17691989096149977,10
UniGCN,diagnostics,sym,7,0.15429792925043967,0.0013847005377568113,0.15291322871268287,0.15568262978819647,10
UniGCN,diagnostics,sym,8,0.1386253676146333,0.0014096215751670676,0.1372157460394662,0.14003498918980037,10
UniGCN,diagnostics,sym,9,0.1264645053809313,0.0014383599464767598,0.12502614543445453,0.12790286532740805,10
UniGCN,diagnostics,sym,10,0.11665194878252198,0.0014651986809528406,0.11518675010156915,0.11811714746347482,10
UniGCN,diagnostics,sym,11,0.10849778670339098,0.001488220110313388,0.1070095665930776,0.10998600681370437,10
UniGCN,diagnostics,sym,12,0.1015708200090262,0.001507135172333831,0.10006368483669237,0.10307795518136004,10
UniGCN,diagnostics,sym,13,0.09558748813477717,0.0015223091696318382,0.09406517896514534,0.09710979730440901,10
UniGCN,diagnostics,sym,14,0.09035244083906661,0.001534336684288207,0.08881810415477841,0.09188677752335482,10
UniGCN,diagnostics,sym,15,0.08572543217365473,0.0015438571696400085,0.08418157500401473,0.08726928934329474,10
UniGCN,diagnostics,sym,16,0.08160210134726728,0.0015514733457057802,0.0800506280015615,0.08315357469297306,10
UniGCN,diagnostics,sym,17,0.07790237082126482,0.0015577136231845366,0.07634465719808028,0.07946008444444935,10
UniGCN,diagnostics,sym,18,0.07456318725340448,0.0015630148359419057,0.07300017241746258,0.07612620208934638,10
UniGCN,diagnostics,sym,19,0.07153382828366435,0.001567716127319682,0.06996611215634467,0.07310154441098403,10
UniGCN,diagnostics,sym,20,0.0687727739641805,0.0015720602739093994,0.0672007136902711,0.07034483423808989,10
UniGCN,diagnostics,sym,21,0.06624555924906902,0.001576200429328236,0.06466935881974079,0.06782175967839726,10
UniGCN,diagnostics,sym,22,0.06392325725015909,0.0015802106696082405,0.06234304658055084,0.06550346791976733,10
UniGCN,diagnostics,sym,23,0.06178137771892792,0.001584098825872586,0.06019727889305534,0.06336547654480051,10
UniGCN,diagnostics,sym,24,0.05979904530477457,0.0015878202373198914,0.05821122506745468,0.06138686554209446,10
UniGCN,diagnostics,sym,25,0.057958370868203504,0.0015912913043893296,0.056367079563814176,0.05954966217259283,10
UniGCN,diagnostics,sym,26,0.05624395934111581,0.0015944020270542087,0.054649557314061604,0.05783836136817002,10
UniGCN,diagnostics,sym,27,0.054642516652602335,0.0015970270195575533,0.053045489633044784,0.056239543672159886,10
UniGCN,diagnostics,sym,28,0.05314253038093406,0.0015990347585156815,0.05154349562241838,0.05474156513944974,10
UniGCN,diagnostics,sym,29,0.051734006639258666,0.0016002950253368932,0.05013371161392177,0.05333430166459556,10
UniGCN,diagnostics,sym,30,0.05040825083960019,0.0016006846429920023,0.048807566196608185,0.052008935482592195,10
UniGCN,diagnostics,sym,31,0.04915768339199815,0.0016000916889678102,0.04755759170303034,0.05075777508096596,10
UniGCN,diagnostics,sym,32,0.04797568370078401,0.001598418403371934,0.046377265297412075,0.04957410210415595,10
UniGCN,diagnostics,sym,33,0.04685645740835665,0.0015955830170462997,0.04526087439131035,0.04845204042540295,10
UniGCN,diagnostics,sym,34,0.04579492295629005,0.0015915207109573808,0.04420340224533267,0.04738644366724743,10
UniGCN,diagnostics,sym,35,0.04478661434239722,0.00158618389419822,0.043200430448199,0.04637279823659544,10
UniGCN,diagnostics,sym,36,0.04382759755195793,0.0015795419600761697,0.04224805559188176,0.045407139512034095,10
UniGCN,diagnostics,sym,37,0.042914398597185606,0.0015715806520445207,0.04134281794514109,0.044485979249230125,10
UniGCN,diagnostics,sym,38,0.04204394145379485,0.001562301145952305,0.04048164030784254,0.04360624259974716,10
UniGCN,diagnostics,sym,39,0.0412134944653223,0.0015517189332710664,0.03966177553205123,0.04276521339859336,10
UniGCN,diagnostics,sym,40,0.04042062401346168,0.0015398625718531047,0.038880761441608576,0.04196048658531478,10
UniGCN,diagnostics,sym,41,0.03966315443896133,0.0015267723561639905,0.03813638208279734,0.04118992679512532,10
UniGCN,diagnostics,sym,42,0.038939133351631135,0.0015124989473731332,0.037426634404258,0.04045163229900427,10
UniGCN,diagnostics,sym,43,0.0382468015962393,0.0014971019946614188,0.03674969960157788,0.039743903590900714,10
UniGCN,diagnostics,sym,44,0.037584567248413095,0.0014806487721076697,0.036103918476305424,0.039065216020520765,10
UniGCN,diagnostics,sym,45,0.036950983104827174,0.0014632128500945123,0.03548777025473266,0.03841419595492169,10
UniGCN,diagnostics,sym,46,0.03634472720791486,0.001444872815950443,0.03489985439196441,0.037789600023865305,10
UniGCN,diagnostics,sym,47,0.035764586009448526,0.0014257110552157598,0.03433887495423277,0.037190297064664285,10
UniGCN,diagnostics,sym,48,0.035209439831552204,0.0014058126022518424,0.03380362722930036,0.03661525243380405,10
UniGCN,diagnostics,sym,49,0.03467825032964905,0.0013852640667306787,0.03329298626291837,0.03606351439637973,10
UniGCN,diagnostics,sym,50,0.034170049700856825,0.0013641526407192244,0.032805897060137604,0.035534202341576046,10
UniGCN,diagnostics,sym,51,0.03368393141455766,0.001342565189520732,0.03234136622503693,0.03502649660407839,10
UniGCN,diagnostics,sym,52,0.0332190422702327,0.001320587428093492,0.03189845484213921,0.03453962969832619,10
UniGCN,diagnostics,sym,53,0.03277457561196244,0.0012983031836956104,0.03147627242826683,0.03407287879565805,10
UniGCN,diagnostics,sym,54,0.0323497655499148,0.0012757937443768734,0.031073971805537923,0.033625559294291674,10
UniGCN,diagnostics,sym,55,0.03194388205722837,0.0012531372920399516,0.030690744765188415,0.03319701934926832,10
UniGCN,diagnostics,sym,56,0.031556226826407505,0.001230408418011319,0.030325818408396186,0.03278663524441883,10
UniGCN,diagnostics,sym,57,0.031186129783058354,0.0012076777183913216,0.02997845206466703,0.03239380750144968,10
UniGCN,diagnostics,sym,58,0.030832946166824127,0.0011850114658855347,0.029647934700938593,0.03201795763270966,10
UniGCN,diagnostics,sym,59,0.030496054099979297,0.0011624713543503895,0.029333582745628906,0.031658525454329685,10
UniGCN,diagnostics,sym,60,0.030174852573526513,0.0011401143119088844,0.029034738261617628,0.0313149668854354,10
UniGCN,diagnostics,sym,61,0.029868759788978884,0.0011179923781989448,0.028750767410779938,0.03098675216717783,10
UniGCN,diagnostics,sym,62,0.029577211801443144,0.0010961526411009176,0.028481059160342225,0.030673364442544062,10
UniGCN,diagnostics,sym,63,0.02929966141626118,0.0010746372281427179,0.028225024188118463,0.030374298644403896,10
UniGCN,diagnostics,sym,64,0.029035577297413396,0.0010534833476934105,0.027982093949719986,0.030089060645106806,10
UniGCN,diagnostics,sym,65,0.028784443251213952,0.0010327233750206557,0.027751719876193296,0.02981716662623461,10
UniGCN,diagnostics,sym,66,0.02854575765360202,0.0010123849782965166,0.027533372675305506,0.029558142631898536,10
UniGCN,diagnostics,sym,67,0.028319032993607766,0.0009924912796840787,0.027326541713923687,0.029311524273291846,10
UniGCN,diagnostics,sym,68,0.028103795509395884,0.0009730610467180733,0.02713073446267781,0.02907685655611396,10
UniGCN,diagnostics,sym,69,0.027899584896702558,0.0009541089093028782,0.02694547598739968,0.028853693806005436,10
UniGCN,diagnostics,sym,70,0.027705954072520973,0.0009356455977875052,0.026770308474733467,0.02864159967030848,10
UniGCN,diagnostics,sym,71,0.027522468979587683,0.0009176781977378825,0.0266047907818498,0.028440147177325566,10
UniGCN,diagnostics,sym,72,0.027348708419607414,0.0009002104172109948,0.02644849800239642,0.028248918836818408,10
UniGCN,diagnostics,sym,73,0.027184263905253764,0.0008832428625422447,0.02630102104271152,0.02806750676779601,10
UniGCN,diagnostics,sym,74,0.027028739522823576,0.0008667733188871682,0.026161966203936408,0.027895512841710744,10
UniGCN,diagnostics,sym,75,0.026881751799026292,0.0008507970320098579,0.026030954767016435,0.02773254883103615,10
UniGCN,diagnostics,sym,76,0.02674292956677926,0.0008353069880832372,0.025907622578696023,0.0275782365548625,10
UniGCN,diagnostics,sym,77,0.026611913826075483,0.0008202941885578413,0.02579161963751764,0.027432208014633325,10
UniGCN,diagnostics,sym,78,0.026488357597011646,0.0008057479174646303,0.025682609679547014,0.027294105514476277,10
UniGCN,diagnostics,sym,79,0.026371925762929606,0.0007916559988393311,0.025580269764090276,0.027163581761768935,10
UniGCN,diagnostics,sym,80,0.026262294902350075,0.0007780050422868673,0.02548428986006321,0.027040299944636942,10
UniGCN,diagnostics,sym,81,0.026159153108980187,0.0007647806750402357,0.025394372433939952,0.026923933784020422,10
UniGCN,diagnostics,sym,82,0.026062199799569287,0.0007519677592021913,0.025310232040367097,0.026814167558771477,10
UniGCN,diagnostics,sym,83,0.02597114550978601,0.0007395505931860137,0.025231594916599997,0.026710696102972022,10
UniGCN,diagnostics,sym,84,0.025885711678603946,0.0007275130966867616,0.025158198581917184,0.026613224775290708,10
UniGCN,diagnostics,sym,85,0.025805630421926278,0.0007158389788123435,0.025089791443113935,0.026521469400738622,10
UniGCN,diagnostics,sym,86,0.025730644296360666,0.0007045118892793347,0.02502613240708133,0.02643515618564,10
UniGCN,diagnostics,sym,87,0.02566050605418426,0.0006935155528284239,0.024966990501355837,0.026354021607012685,10
UniGCN,diagnostics,sym,88,0.025594978390622802,0.0006828338872348871,0.024912144503387915,0.02627781227785769,10
UniGCN,diagnostics,sym,89,0.025533833684614766,0.0006724511054800195,0.02486138257913475,0.026206284790094785,10
UniGCN,diagnostics,sym,90,0.025476853734248288,0.0006623518028074888,0.0248145019314408,0.026139205537055777,10
UniGCN,diagnostics,sym,91,0.02542382948805012,0.0006525210295156503,0.02477130845853447,0.02607635051756577,10
UniGCN,diagnostics,sym,92,0.025374560773277856,0.000642944350432847,0.02473161642284501,0.0260175051237107,10
UniGCN,diagnostics,sym,93,0.025328856022323026,0.0006336078920899996,0.024695248130233025,0.025962463914413026,10
UniGCN,diagnostics,sym,94,0.025286531998277233,0.0006244983786451784,0.024662033619632054,0.02591103037692241,10
UniGCN,diagnostics,sym,95,0.02524741352064942,0.0006156031576314464,0.024631810363017974,0.025863016678280865,10
UniGCN,diagnostics,sym,96,0.02521133319215229,0.0006069102165946558,0.024604422975557635,0.025818243408746944,10
UniGCN,diagnostics,sym,97,0.025178131127402508,0.0005984081916657578,0.02457972293573675,0.025776539319068266,10
UniGCN,diagnostics,sym,98,0.0251476546843035,0.0005900863690750536,0.02455756831522845,0.025737741053378553,10
UniGCN,diagnostics,sym,99,0.02511975819880425,0.0005819346805672282,0.024537823518237023,0.025701692879371477,10
UniGCN,diagnostics,sym,100,0.025094302723652616,0.0005739436936186313,0.024520359030033984,0.025668246417271248,10
UniGCN,diagnostics,sym,101,0.025071155771688926,0.0005661045972946471,0.02450505117439428,0.02563726036898357,10
UniGCN,diagnostics,sym,102,0.02505019106415544,0.0005584091845174841,0.024491781879637957,0.025608600248672925,10
UniGCN,diagnostics,sym,103,0.025031288284430887,0.000550849831445609,0.024480438452985278,0.025582138115876497,10
UniGCN,diagnostics,sym,104,0.025014332837535392,0.0005434194745964218,0.02447091336293897,0.025557752312131813,10
UniGCN,diagnostics,sym,105,0.02499921561569307,0.0005361115862758249,0.024463104029417246,0.025535327201968896,10
UniGCN,diagnostics,sym,106,0.024985832770183514,0.0005289201488124041,0.024456912621371108,0.02551475291899592,10
UniGCN,diagnostics,sym,107,0.024974085489663282,0.0005218396280314708,0.024452245861631812,0.025495925117694752,10
UniGCN,diagnostics,sym,108,0.02496387978509172,0.0005148649463454675,0.02444901483874625,0.025478744731437186,10
UniGCN,diagnostics,sym,109,0.024955126281352803,0.0005079914557827293,0.024447134825570073,0.025463117737135534,10
UniGCN,diagnostics,sym,110,0.024947740015626444,0.0005012149112265468,0.0244465251043999,0.02544895492685299,10
UniGCN,diagnostics,sym,111,0.024941640242527895,0.0004945314440910192,0.024447108798436874,0.025436171686618915,10
UniGCN,diagnostics,sym,112,0.02493675024600313,0.0004879375366192407,0.024448812709383892,0.02542468778262237,10
UniGCN,diagnostics,sym,113,0.024932997157940444,0.0004814299969527276,0.024451567160987717,0.02541442715489317,10
UniGCN,diagnostics,sym,114,0.024930311783434474,0.0004750059350887296,0.024455305848345744,0.025405317718523203,10
UniGCN,diagnostics,sym,115,0.024928628432617634,0.00046866273981365056,0.024459965692803984,0.025397291172431283,10
UniGCN,diagnostics,sym,116,0.02492788475895577,0.00046239805667616754,0.024465486702279604,0.025390282815631937,10
UniGCN,diagnostics,sym,117,0.024928021603889034,0.00045620976704231796,0.024471811836846716,0.025384231370931352,10
UniGCN,diagnostics,sym,118,0.024928982847685906,0.00045009596825675626,0.02447888687942915,0.025379078815942663,10
UniGCN,diagnostics,sym,119,0.0249307152663671,0.0004440549549190661,0.024486660311448034,0.025374770221286168,10
UniGCN,diagnostics,sym,120,0.024933168394547154,0.0004380852012710729,0.02449508319327608,0.025371253595818228,10
UniGCN,diagnostics,sym,121,0.02493629439403421,0.0004321853446808179,0.024504109049353393,0.025368479738715026,10
UniGCN,diagnostics,sym,122,0.024940047928022995,0.00042635417020002794,0.024513693757822967,0.025366402098223023,10
UniGCN,diagnostics,sym,123,0.024944386040711766,0.0004205905961652332,0.024523795444546533,0.025364976636877,10
UniGCN,diagnostics,sym,124,0.02494926804217127,0.00041489366080737534,0.024534374381363896,0.025364161702978644,10
UniGCN,diagnostics,sym,125,0.024954655398292207,0.0004092625098307233,0.024545392888461484,0.02536391790812293,10
UniGCN,diagnostics,sym,126,0.024960511625636804,0.00040369638491898464,0.02455681524071782,0.025364208010555788,10
UniGCN,diagnostics,sym,127,0.0249668021910207,0.0003981946131247284,0.02456860757789597,0.025364996804145428,10
UniGCN,diagnostics,sym,128,0.02497349441565223,0.0003927565970968662,0.024580737818555364,0.025366251012749096,10
UniGCN,diagnostics,sym,129,0.02498055738365803,0.00038738180610078954,0.02459317557755724,0.02536793918975882,10
UniGCN,diagnostics,sym,130,0.02498796185482612,0.0003820697677855288,0.02460589208704059,0.025370031622611647,10
UniGCN,diagnostics,sym,131,0.02499568018140064,0.00037682006065319117,0.02461886012074745,0.02537250024205383,10
UniGCN,diagnostics,sym,132,0.02500368622876558,0.00037163230718652426,0.024632053921579057,0.025375318535952103,10
UniGCN,diagnostics,sym,133,0.025011955299858328,0.00036650616759191686,0.024645449132266413,0.025378461467450243,10
UniGCN,diagnostics,sym,134,0.025020464063158,0.00036144133411640457,0.024659022729041594,0.025381905397274404,10
UniGCN,diagnostics,sym,135,0.025029190484097498,0.00035643752589890903,0.02467275295819859,0.025385628009996407,10
UniGCN,diagnostics,sym,136,0.025038113759752394,0.00035149448431762305,0.024686619275434772,0.025389608244070015,10
UniGCN,diagnostics,sym,137,0.025047214256664667,0.00034661196879720476,0.02470060228786746,0.025393826225461873,10
UniGCN,diagnostics,sym,138,0.02505647345166303,0.000341789753041362,0.02471468369862167,0.02539826320470439,10
UniGCN,diagnostics,sym,139,0.02506587387554706,0.0003370276216580873,0.024728846253888975,0.025402901497205147,10
UniGCN,diagnostics,sym,140,0.025075399059506252,0.0003323253671468464,0.024743073692359407,0.025407724426653098,10
UniGCN,diagnostics,sym,141,0.025085033484150053,0.00032768278721861835,0.024757350696931434,0.025412716271368672,10
UniGCN,diagnostics,sym,142,0.025094762531029498,0.00032309968242164543,0.024771662848607854,0.02541786221345114,10
UniGCN,diagnostics,sym,143,0.02510457243653539,0.0003185758540473102,0.02478599658248808,0.0254231482905827,10
UniGCN,diagnostics,sym,144,0.02511445024806284,0.0003141111022923729,0.02480033914577047,0.025428561350355212,10
UniGCN,diagnostics,sym,145,0.025124383782335852,0.00030970522465528614,0.024814678557680565,0.02543408900699114,10
UniGCN,diagnostics,sym,146,0.025134361585790445,0.00030535801454585,0.024829003571244596,0.025439719600336294,10
UniGCN,diagnostics,sym,147,0.025144372896918704,0.00030106926008906265,0.02484330363682964,0.025445442157007767,10
UniGCN,diagnostics,sym,148,0.025154407610480423,0.00029683874310512594,0.024857568867375297,0.02545124635358555,10
UniGCN,diagnostics,sym,149,0.02516445624349285,0.0002926662382492397,0.02487179000524361,0.02545712248174209,10
UniGCN,diagnostics,sym,150,0.0251745099029132,0.00028855151229571904,0.024885958390617482,0.025463061415208918,10
UniGCN,diagnostics,sym,151,0.025184560254931914,0.0002844943235523512,0.024900065931379563,0.025469054578484265,10
UniGCN,diagnostics,sym,152,0.02519459949579886,0.0002804944213919256,0.024914105074406934,0.025475093917190782,10
UniGCN,diagnostics,sym,153,0.02520462032410762,0.0002765515458888974,0.024928068778218723,0.025481171869996516,10
UniGCN,diagnostics,sym,154,0.02521461591446687,0.00027266542755014156,0.024941950486916727,0.025487281342017012,10
UniGCN,diagnostics,sym,155,0.0252245798924908,0.00026883578712958984,0.02495574410536121,0.02549341567962039,10
UniGCN,diagnostics,sym,156,0.025234506311043837,0.0002650623355174445,0.024969443975526393,0.02549956864656128,10
UniGCN,diagnostics,sym,157,0.025244389627677923,0.0002613447736954761,0.024983044853982447,0.0255057344013734,10
UniGCN,diagnostics,sym,158,0.025254224683203486,0.00025768279275040755,0.024996541890453076,0.025511907475953895,10
UniGCN,diagnostics,sym,159,0.025264006681338064,0.00025407607393847416,0.02500993060739959,0.02551808275527654,10
UniGCN,diagnostics,sym,160,0.02527373116937916,0.00025052428879447506,0.025023206880584684,0.025524255458173637,10
UniGCN,diagnostics,sym,161,0.02528339401985053,0.00024702709927940477,0.025036366920571127,0.025530421119129936,10
UniGCN,diagnostics,sym,162,0.025292991413073472,0.00024358415796132125,0.02504940725511215,0.025536575571034795,10
UniGCN,diagnostics,sym,163,0.02530251982061716,0.00024019510822448798,0.025062324712392673,0.025542714928841647,10
UniGCN,diagnostics,sym,164,0.025311975989584103,0.0002368595845023994,0.025075116405081702,0.025548835574086503,10
UniGCN,diagnostics,sym,165,0.025321356927689248,0.00023357721253060008,0.02508777971515865,0.025554934140219848,10
UniGCN,diagnostics,sym,166,0.02533065988909287,0.00023034760961579238,0.02510031227947708,0.02556100749870866,10
UniGCN,diagnostics,sym,167,0.025339882360949795,0.00022717038491786503,0.02511271197603193,0.02556705274586766,10
UniGCN,diagnostics,sym,168,0.025349022050638985,0.00022404513974195848,0.025124976910897025,0.025573067190380945,10
UniGCN,diagnostics,sym,169,0.025358076873639578,0.00022097146783798223,0.025137105405801597,0.025579048341477558,10
UniGCN,diagnostics,sym,170,0.0253670449420209,0.00021794895570517736,0.025149095986315723,0.025584993897726078,10
UniGCN,diagnostics,sym,171,0.025375924553515804,0.0002149771828997771,0.025160947370616027,0.02559090173641558,10
UniGCN,diagnostics,sym,172,0.02538471418114808,0.00021205572234377263,0.025172658458804304,0.025596769903491853,10
UniGCN,diagnostics,sym,173,0.02539341246338613,0.00020918414063332677,0.025184228322752803,0.025602596604019454,10
UniGCN,diagnostics,sym,174,0.025402018194796712,0.0002063619983453423,0.02519565619645137,0.025608380193142054,10
UniGCN,diagnostics,sym,175,0.02541053031717342,0.0002035888503409968,0.025206941466832423,0.025614119167514417,10
UniGCN,diagnostics,sym,176,0.025418947911116478,0.00020086424606521465,0.025218083665051263,0.025619812157181693,10
UniGCN,diagnostics,sym,177,0.025427270188040817,0.0001981877298411246,0.025229082458199693,0.02562545791788194,10
UniGCN,diagnostics,sym,178,0.025435496482591392,0.00019555884115881323,0.025239937641432578,0.025631055323750207,10
UniGCN,diagnostics,sym,179,0.025443626245445057,0.00019297711495778783,0.02525064913048727,0.025636603360402844,10
UniGCN,diagnostics,sym,180,0.025451659036479758,0.00019044208190255934,0.025261216954577198,0.02564210111838232,10
UniGCN,diagnostics,sym,181,0.025459594518292668,0.00018795326865104803,0.02527164124964162,0.025647547786943715,10
UniGCN,diagnostics,sym,182,0.025467432450049742,0.0001855101981154998,0.025281922251934243,0.02565294264816524,10
UniGCN,diagnostics,sym,183,0.02547517268165018,0.00018311238971569933,0.02529206029193448,0.02565828507136588,10
UniGCN,diagnostics,sym,184,0.025482815148189997,0.00018075935962442804,0.02530205578856557,0.025663574507814424,10
UniGCN,diagnostics,sym,185,0.025490359864709787,0.00017845062100508836,0.0253119092437047,0.025668810485714875,10
UniGCN,diagnostics,sym,186,0.025497806921212417,0.00017618568424153795,0.02532162123697088,0.025673992605453954,10
UniGCN,diagnostics,sym,187,0.02550515647793731,0.00017396405716023117,0.02533119242077708,0.02567912053509754,10
UniGCN,diagnostics,sym,188,0.02551240876087829,0.00017178524524483812,0.025340623515633452,0.02568419400612313,10
UniGCN,diagnostics,sym,189,0.025519564057533063,0.00016964875184351434,0.025349915305689547,0.02568921280937658,10
UniGCN,diagnostics,sym,190,0.0255266227128726,0.00016755407836905806,0.025359068634503542,0.025694176791241658,10
UniGCN,diagnostics,sym,191,0.025533585125519544,0.00016550072449226833,0.025368084401027276,0.02569908585001181,10
UniGCN,diagnostics,sym,192,0.025540451744125236,0.00016348818832877777,0.025376963555796456,0.025703939932454015,10
UniGCN,diagnostics,sym,193,0.025547223063935403,0.00016151596661973287,0.02538570709731567,0.025708739030555136,10
UniGCN,diagnostics,sym,194,0.02555389962353515,0.00015958355490660025,0.025394316068628547,0.02571348317844175,10
UniGCN,diagnostics,sym,195,0.025560482001764317,0.0001576904477006385,0.025402791554063678,0.025718172449464956,10
UniGCN,diagnostics,sym,196,0.025566970814794747,0.00015583613864720766,0.02541113467614754,0.025722806953441955,10
UniGCN,diagnostics,sym,197,0.025573366713361367,0.00015402012068552144,0.025419346592675845,0.02572738683404689,10
UniGCN,diagnostics,sym,198,0.02557967038013948,0.00015224188620412021,0.02542742849393536,0.025731912266343603,10
UniGCN,diagnostics,sym,199,0.025585882527260954,0.00015050092719251217,0.025435381600068443,0.025736383454453466,10
UniGCN,diagnostics,sym,200,0.025592003893962434,0.00014879673538940313,0.025443207158573032,0.025740800629351836,10
UniGCN,diagnostics,sym,201,0.025598035244358986,0.00014712880242788415,0.0254509064419311,0.02574516404678687,10
UniGCN,diagnostics,sym,202,0.025603977365336993,0.0001454966199780068,0.025458480745358985,0.025749473985315,10
UniGCN,diagnostics,sym,203,0.025609831064560322,0.00014389967988708919,0.02546593138467323,0.025753730744447412,10
UniGCN,diagnostics,sym,204,0.025615597168584144,0.0001423374743181257,0.025473259694266018,0.02575793464290227,10
UniGCN,diagnostics,sym,205,0.02562127652107109,0.00014080949588672422,0.025480467025184368,0.025762086016957814,10
UniGCN,diagnostics,sym,206,0.02562686998110462,0.00013931523779672243,0.0254875547433079,0.025766185218901342,10
UniGCN,diagnostics,sym,207,0.025632378421594854,0.00013785419397504084,0.025494524227619813,0.025770232615569894,10
UniGCN,diagnostics,sym,208,0.025637802727772073,0.00013642585920582367,0.02550137686856625,0.025774228586977897,10
UniGCN,diagnostics,sym,209,0.025643143795763858,0.00013502972926425364,0.025508114066499603,0.025778173525028113,10
UniGCN,diagnostics,sym,210,0.02564840253125133,0.00013366530105026123,0.025514737230201066,0.02578206783230159,10
UniGCN,diagnostics,sym,211,0.025653579848200898,0.00013233207272228762,0.02552124777547861,0.025785911920923187,10
UniGCN,diagnostics,sym,212,0.025658676667667506,0.00013102954383129763,0.02552764712383621,0.025789706211498804,10
UniGCN,diagnostics,sym,213,0.025663693916665963,0.0001297572154552004,0.025533936701210763,0.025793451132121163,10
UniGCN,diagnostics,sym,214,0.025668632527106893,0.000128514590333735,0.025540117936773157,0.02579714711744063,10
UniGCN,diagnostics,sym,215,0.025673493434794182,0.00012730117300397754,0.025546192261790203,0.02580079460779816,10
UniGCN,diagnostics,sym,216,0.02567827757848066,0.00012611646993640596,0.025552161108544254,0.025804394048417063,10
UniGCN,diagnostics,sym,217,0.025682985898979348,0.00012495998967166524,0.025558025909307683,0.025807945888651013,10
UniGCN,diagnostics,sym,218,0.025687619338327326,0.00012383124295788336,0.025563788095369442,0.02581145058128521,10
UniGCN,diagnostics,sym,219,0.025692178838999623,0.00012272974288858414,0.02556944909611104,0.025814908581888205,10
UniGCN,diagnostics,sym,220,0.025696665343170704,0.00012165500504108646,0.025575010338129617,0.02581832034821179,10
UniGCN,diagnostics,sym,221,0.02570107979202103,0.00012060654761524143,0.02558047324440579,0.02582168633963627,10
UniGCN,diagnostics,sym,222,0.025705423125086564,0.00011958389157244685,0.025585839233514117,0.02582500701665901,10
UniGCN,diagnostics,sym,223,0.02570969627964894,0.00011858656077470147,0.02559110971887424,0.02582828284042364,10
UniGCN,diagnostics,sym,224,0.025713900190164386,0.00011761408212359086,0.025596286108040794,0.025831514272287977,10
UniGCN,diagnostics,sym,225,0.02571803578772926,0.00011666598569888111,0.02560136980203038,0.025834701773428143,10
UniGCN,diagnostics,sym,226,0.02572210399958056,0.00011574180489663616,0.025606362194683926,0.025837845804477195,10
UniGCN,diagnostics,sym,227,0.025726105748629425,0.00011484107656648817,0.025611264672062938,0.02584094682519591,10
UniGCN,diagnostics,sym,228,0.02573004195302615,0.00011396334114787546,0.025616078611878274,0.025844005294174025,10
UniGCN,diagnostics,sym,229,0.025733913525754937,0.00011310814280492648,0.025620805382950012,0.02584702166855986,10
UniGCN,diagnostics,sym,230,0.025737721374256985,0.00011227502955976081,0.025625446344697225,0.025849996403816744,10
UniGCN,diagnostics,sym,231,0.025741466400080393,0.00011146355342383048,0.025630002846656563,0.025852929953504224,10
UniGCN,diagnostics,sym,232,0.02574514949855559,0.00011067327052709022,0.025634476228028502,0.02585582276908268,10
UniGCN,diagnostics,sym,233,0.02574877155849481,0.00010990374124465288,0.025638867817250156,0.025858675299739464,10
UniGCN,diagnostics,sym,234,0.025752333461914616,0.00010915453032063158,0.025643178931593985,0.025861487992235248,10
UniGCN,diagnostics,sym,235,0.025755836083780025,0.00010842520698886853,0.025647410876791156,0.025864261290768895,10
UniGCN,diagnostics,sym,236,0.025759280291769292,0.00010771534509029677,0.025651564946678994,0.02586699563685959,10
UniGCN,diagnostics,sym,237,0.025762666946058194,0.00010702452318658463,0.02565564242287161,0.02586969146924478,10
UniGCN,diagnostics,sym,238,0.02576599689912278,0.0001063523246698364,0.025659644574452942,0.025872349223792616,10
UniGCN,diagnostics,sym,239,0.02576927099555968,0.00010569833786810313,0.025663572657691577,0.025874969333427783,10
UniGCN,diagnostics,sym,240,0.025772490071922987,0.00010506215614633926,0.02566742791577665,0.025877552228069325,10
UniGCN,diagnostics,sym,241,0.025775654956576837,0.00010444337800276395,0.025671211578574073,0.0258800983345796,10
UniGCN,diagnostics,sym,242,0.025778766469562852,0.00010384160716018636,0.025674924862402665,0.02588260807672304,10
UniGCN,diagnostics,sym,243,0.025781825422481724,0.00010325645265229122,0.025678568969829434,0.025885081875134015,10
UniGCN,diagnostics,sym,244,0.025784832618387987,0.00010268752890455594,0.02568214508948343,0.025887520147292543,10
UniGCN,diagnostics,sym,245,0.025787788851697503,0.00010213445580974182,0.025685654395887762,0.025889923307507244,10
UniGCN,diagnostics,sym,246,0.02579069490810677,0.00010159685879772501,0.025689098049309043,0.025892291766904496,10
UniGCN,diagnostics,sym,247,0.025793551564523454,0.00010107436889964246,0.02569247719562381,0.025894625933423097,10
UniGCN,diagnostics,sym,248,0.02579635958900764,0.00010056662280620059,0.025695792966201437,0.02589692621181384,10
UniGCN,diagnostics,sym,249,0.02579911974072301,0.00010007326292005186,0.025699046477802957,0.025899193003643062,10
UniGCN,diagnostics,sym,250,0.025801832769897504,9.9593937402235e-05,0.02570223883249527,0.025901426707299738,10
UniGCN,diagnostics,sym,251,0.02580449941779297,9.91283002126301e-05,0.02570537111758034,0.025903627718005598,10
UniGCN,diagnostics,sym,252,0.02580712041668314,9.86760111444074e-05,0.02570844440553873,0.025905796427827546,10
UniGCN,diagnostics,sym,253,0.02580969648983958,9.823673585245959e-05,0.02571145975398712,0.02590793322569204,10
UniGCN,diagnostics,sym,254,0.025812228351525114,9.781014587592922e-05,0.025714418205649184,0.025910038497401044,10
UniGCN,diagnostics,sym,255,0.02581471670699422,9.739591865476121e-05,0.02571732078833946,0.02591211262564898,10
UniGCN,diagnostics,sym,256,0.0258171622525001,9.699373754047058e-05,0.02572016851495963,0.025914155990040568,10
UniGCN,diagnostics,op,0,1.0,0.0,1.0,1.0,10
UniGCN,diagnostics,op,1,0.6818218913632363,0.0012874199147629613,0.6805344714484733,0.6831093112779993,10
UniGCN,diagnostics,op,2,0.47267033328642966,0.0017609558459353968,0.47090937744049427,0.47443128913236504,10
UniGCN,diagnostics,op,3,0.34774709680818855,0.0017646235482012631,0.34598247325998727,0.34951172035638983,10
UniGCN,diagnostics,op,4,0.27190499818429326,0.0017143161157047485,0.2701906820685885,0.27361931429999803,10
UniGCN,diagnostics,op,5,0.2238114429087498,0.0017134548676302338,0.22209798804111958,0.22552489777638002,10
UniGCN,diagnostics,op,6,0.19148157280287448,0.0017438008422367866,0.18973777196063768,0.19322537364511128,10
UniGCN,diagnostics,op,7,0.1683641633383102,0.001782886391375882,0.1665812769469343,0.17014704972968608,10
UniGCN,diagnostics,op,8,0.15089323980230263,0.0018201361197581773,0.14907310368254445,0.1527133759220608,10
UniGCN,diagnostics,op,9,0.1370849975431346,0.0018519005429889017,0.1352330970001457,0.1389368980861235,10
UniGCN,diagnostics,op,10,0.12579033305265325,0.0018775458051088518,0.1239127872475444,0.1276678788577621,10
UniGCN,diagnostics,op,11,0.1163096912786089,0.0018976075919626273,0.11441208368664628,0.11820729887057153,10
UniGCN,diagnostics,op,12,0.10819460819805686,0.001912983875161983,0.10628162432289488,0.11010759207321884,10
UniGCN,diagnostics,op,13,0.10114318002753626,0.001924601798814747,0.09921857822872152,0.10306778182635101,10
UniGCN,diagnostics,op,14,0.09494306051315043,0.0019332994643205756,0.09300976104882985,0.09687635997747102,10
UniGCN,diagnostics,op,15,0.08943909257634974,0.0019397979863248669,0.08749929459002488,0.0913788905626746,10
UniGCN,diagnostics,op,16,0.08451415351837581,0.0019447045230443424,0.08256944899533147,0.08645885804142014,10
UniGCN,diagnostics,op,17,0.08007736670173433,0.0019485214067739781,0.07812884529496035,0.08202588810850832,10
UniGCN,diagnostics,op,18,0.07605658154015855,0.0019516537468070735,0.07410492779335148,0.07800823528696563,10
UniGCN,diagnostics,op,19,0.07239341704122401,0.0019544151480004155,0.0704390018932236,0.07434783218922443,10
UniGCN,diagnostics,op,20,0.06903989527853763,0.0019570332183673246,0.0670828620601703,0.07099692849690495,10
UniGCN,diagnostics,op,21,0.06595608941546953,0.0019596563087139053,0.06399643310675562,0.06791574572418344,10
UniGCN,diagnostics,op,22,0.06310843593653997,0.00196236206509922,0.061146073871440755,0.0650707980016392,10
UniGCN,diagnostics,op,23,0.06046849223246413,0.0019651676099460016,0.05850332462251813,0.06243365984241013,10
UniGCN,diagnostics,op,24,0.05801199977046316,0.0019680407220974867,0.05604395904836568,0.05998004049256064,10
UniGCN,diagnostics,op,25,0.05571816180947746,0.00197091124494047,0.05374725056453699,0.05768907305441793,10
UniGCN,diagnostics,op,26,0.0535690752472356,0.0019736820184494326,0.05159539322878617,0.055542757265685035,10
UniGCN,diagnostics,op,27,0.05154927576192379,0.0019762388041519845,0.04957303695777181,0.05352551456607578,10
UniGCN,diagnostics,op,28,0.049645368110319305,0.0019784588744703358,0.047666909235848966,0.05162382698478964,10
UniGCN,diagnostics,op,29,0.047845721799469124,0.001980218122381104,0.04586550367708802,0.04982593992185023,10
UniGCN,diagnostics,op,30,0.04614021792619392,0.001981396691503253,0.044158821234690664,0.04812161461769717,10
UniGCN,diagnostics,op,31,0.04452003676009967,0.001981883225297676,0.042538153534801997,0.04650191998539734,10
UniGCN,diagnostics,op,32,0.04297747825432198,0.0019815778915433452,0.040995900362778635,0.044959056145865324,10
UniGCN,diagnostics,op,33,0.04150580950241882,0.00198039436344062,0.0395254151389782,0.04348620386585944,10
UniGCN,diagnostics,op,34,0.0400991344764711,0.0019782609411708933,0.038120873535300207,0.042077395417641994,10
UniGCN,diagnostics,op,35,0.03875228234719446,0.0019751209860038297,0.03677716136119063,0.04072740333319829,10
UniGCN,diagnostics,op,36,0.037460711410666585,0.0019709328197226217,0.03548977859094396,0.03943164423038921,10
UniGCN,diagnostics,op,37,0.03622042620001054,0.0019656692199286527,0.03425475698008189,0.0381860954199392,10
UniGCN,diagnostics,op,38,0.03502790579199448,0.0019593166197028633,0.03306858917229162,0.03698722241169734,10
UniGCN,diagnostics,op,39,0.0338800416604463,0.0019518740998596324,0.03192816756058667,0.035831915760305935,10
UniGCN,diagnostics,op,40,0.032774083702956404,0.001943352244429608,0.030830731458526797,0.034717435947386015,10
UniGCN,diagnostics,op,41,0.03170759329022646,0.001933771915254088,0.02977382137497237,0.03364136520548055,10
UniGCN,diagnostics,op,42,0.030678402369875603,0.0019231629895201817,0.028755239380355423,0.03260156535939578,10
UniGCN,diagnostics,op,43,0.029684577806827088,0.0019115630943869687,0.02777301471244012,0.031596140901214056,10
UniGCN,diagnostics,op,44,0.028724390266820582,0.0018990163651588486,0.026825373901661734,0.03062340663197943,10
UniGCN,diagnostics,op,45,0.02779628705295481,0.0018855722473653822,0.025910714805589426,0.029681859300320194,10
UniGCN,diagnostics,op,46,0.026898868391265533,0.0018712843582581976,0.025027584033007335,0.02877015274952373,10
UniGCN,diagnostics,op,47,0.026030866733232016,0.001856209419342389,0.02417465731388963,0.027887076152574405,10
UniGCN,diagnostics,op,48,0.0251911287032566,0.0018404062683871427,0.023350722434869457,0.02703153497164374,10
UniGCN,diagnostics,op,49,0.02437859936960681,0.0018239349567291824,0.02255466441287763,0.026202534326335992,10
UniGCN,diagnostics,op,50,0.023592308559721435,0.0018068559354606569,0.02178545262426078,0.02539916449518209,10
UniGCN,diagnostics,op,51,0.022831358976550274,0.0017892293321881084,0.021042129644362167,0.02462058830873838,10
UniGCN,diagnostics,op,52,0.02209491590287211,0.0017711143183987493,0.02032380158447336,0.02386603022127086,10
UniGCN,diagnostics,op,53,0.021382198306271954,0.0017525685660349896,0.019629629740236965,0.023134766872306943,10
UniGCN,diagnostics,op,54,0.020692471179447475,0.0017336477906349948,0.01895882338881248,0.02242611897008247,10
UniGCN,diagnostics,op,55,0.020025038969408337,0.0017144053773328154,0.01831063359207552,0.021739444346741153,10
UniGCN,diagnostics,op,56,0.019379239965468566,0.0016948920851198915,0.017684347880348675,0.021074132050588456,10
UniGCN,diagnostics,op,57,0.0187544415301503,0.0016751558240466202,0.01707928570610368,0.02042959735419692,10
UniGCN,diagnostics,op,58,0.018150036069577706,0.0016552414994848341,0.016494794570092872,0.01980527756906254,10
UniGCN,diagnostics,op,59,0.017565437650932995,0.00163519091717487,0.015930246733758126,0.019200628568107864,10
UniGCN,diagnostics,op,60,0.01700007918430877,0.0016150427425381166,0.015385036441770654,0.01861512192684689,10
UniGCN,diagnostics,op,61,0.016453410095012406,0.00159483250763803,0.014858577587374376,0.018048242602650436,10
UniGCN,diagnostics,op,62,0.015924894420210462,0.0015745926592083384,0.014350301761002123,0.0174994870794188,10
UniGCN,diagnostics,op,63,0.015414009270867519,0.001554352641322288,0.01385965662954523,0.016968361912189808,10
UniGCN,diagnostics,op,64,0.014920243606330982,0.001534139006535749,0.013386104599795232,0.01645438261286673,10
UniGCN,diagnostics,op,65,0.014443097274720646,0.0015139755496827102,0.012929121725037936,0.015957072824403357,10
UniGCN,diagnostics,op,66,0.013982080277562028,0.0014938834589164453,0.012488196818645582,0.015475963736478474,10
UniGCN,diagnostics,op,67,0.013536712221907384,0.0014738814790559772,0.012062830742851407,0.015010593700963361,10
UniGCN,diagnostics,op,68,0.013106521927560505,0.0014539860827981535,0.011652535844762352,0.014560508010358658,10
UniGCN,diagnostics,op,69,0.012691047160996352,0.00143421164587487,0.011256835515121482,0.014125258806871223,10
UniGCN,diagnostics,op,70,0.01228983447117516,0.0014145706227581356,0.010875263848417024,0.013704405093933295,10
UniGCN,diagnostics,op,71,0.011902439105719507,0.0013950737200301903,0.010507365385689317,0.013297512825749697,10
UniGCN,diagnostics,op,72,0.01152842498887598,0.0013757300650309393,0.01015269492384504,0.01290415505390692,10
UniGCN,diagnostics,op,73,0.011167364745342578,0.0013565473678619742,0.009810817377480604,0.012523912113204553,10
UniGCN,diagnostics,op,74,0.010818839756429367,0.0013375320752586788,0.009481307681170689,0.012156371831688046,10
UniGCN,diagnostics,op,75,0.010482440237152592,0.0013186895152349227,0.00916375072191767,0.011801129752387514,10
UniGCN,diagnostics,op,76,0.010157765324759616,0.001300024031755382,0.008857741293004234,0.011457789356514998,10
UniGCN,diagnostics,op,77,0.00984442317086215,0.0012815391089978753,0.008562884061864276,0.011125962279860025,10
UniGCN,diagnostics,op,78,0.009542031030834616,0.0012632374850318423,0.008278793545802774,0.010805268515866457,10
UniGCN,diagnostics,op,79,0.009250215345429993,0.0012451212549609459,0.008005094090469046,0.01049533660039094,10
UniGCN,diagnostics,op,80,0.008968611810693226,0.0012271919637597247,0.007741419846933501,0.01019580377445295,10
UniGCN,diagnostics,op,81,0.008696865433226408,0.001209450689179079,0.0074874147440473285,0.009906316122405487,10
UniGCN,diagnostics,op,82,0.008434630568696333,0.0011918981152067012,0.007242732453489632,0.009626528683903034,10
UniGCN,diagnostics,op,83,0.008181570942185887,0.001174534596649712,0.0070070363455361755,0.0093561055388356,10
UniGCN,diagnostics,op,84,0.007937359649590171,0.001157360215461567,0.006779999434128605,0.009094719865051738,10
UniGCN,diagnostics,op,85,0.007701679139757706,0.0011403748294675786,0.006561304310290127,0.008842053969225284,10
UniGCN,diagnostics,op,86,0.00747422117748805,0.0011235781141563988,0.006350643063331651,0.008597799291644448,10
UniGCN,diagnostics,op,87,0.007254686787830286,0.0011069695982023004,0.006147717189627986,0.008361656386032586,10
UniGCN,diagnostics,op,88,0.0070427861823915,0.0010905486933678258,0.005952237489023674,0.008133334875759325,10
UniGCN,diagnostics,op,89,0.006838238668569714,0.0010743147194113678,0.005763923949158346,0.007912553387981082,10
UniGCN,diagnostics,op,90,0.0066407725427796325,0.0010582669245918935,0.005582505618187739,0.007699039467371526,10
UniGCN,diagnostics,op,91,0.006450124968849409,0.001042404502325479,0.00540772046652393,0.0074925294711748885,10
UniGCN,diagnostics,op,92,0.0062660418428391335,0.0010267266045074703,0.005239315238331663,0.007292768447346604,10
UniGCN,diagnostics,op,93,0.006088277645572413,0.0010112323519714317,0.005077045293600981,0.007099509997543845,10
UniGCN,diagnostics,op,94,0.005916595284187167,0.0009959208425128845,0.004920674441674282,0.006912516126700052,10
UniGCN,diagnostics,op,95,0.005750765924004421,0.0009807911568631507,0.00476997476714127,0.006731557080867572,10
UniGCN,diagnostics,op,96,0.005590568811989359,0.0009658423629572389,0.0046247264490321205,0.006556411174946598,10
UniGCN,diagnostics,op,97,0.005435791093040102,0.0009510735188001801,0.004484717574239922,0.006386864611840282,10
UniGCN,diagnostics,op,98,0.00528622762029018,0.0009364836741990335,0.004349743946091146,0.006222711294489213,10
UniGCN,diagnostics,op,99,0.005141680760552847,0.0009220718715931035,0.004219608888959744,0.0060637526321459505,10
UniGCN,diagnostics,op,100,0.005001960195971713,0.0009078371461830931,0.00409412304978862,0.005909797342154807,10
UniGCN,diagnostics,op,101,0.004866882722874496,0.0008937785255307664,0.00397310419734373,0.005760661248405262,10
UniGCN,diagnostics,op,102,0.004736272048756683,0.0008798950287745016,0.003856377019982182,0.005616167077531185,10
UniGCN,diagnostics,op,103,0.004609958588250957,0.0008661856655825242,0.0037437729226684332,0.005476144253833482,10
UniGCN,diagnostics,op,104,0.0044877792588673806,0.0008526494349447379,0.0036351298239226428,0.005340428693812118,10
UniGCN,diagnostics,op,105,0.0043695772772195714,0.0008392853238856199,0.0035302919533339513,0.0052088626011051915,10
UniGCN,diagnostics,op,106,0.004255201956384201,0.0008260923061645394,0.0034291096502196616,0.005081294262548741,10
UniGCN,diagnostics,op,107,0.004144508504975433,0.0008130693410158763,0.0033314391639595567,0.0049575778459913095,10
UniGCN,diagnostics,op,108,0.00403735782845316,0.0008002153719692842,0.003237142456483876,0.004837573200422445,10
UniGCN,diagnostics,op,109,0.0039336163331241845,0.0007875293257801706,0.003146087007344014,0.004721145658904355,10
UniGCN,diagnostics,op,110,0.0038331557332390042,0.0007750101114918133,0.003058145621747191,0.004608165844730817,10
UniGCN,diagnostics,op,111,0.0037358528615340017,0.0007626566196432471,0.002973196241890755,0.004498509481177249,10
UniGCN,diagnostics,op,112,0.0036415894835193086,0.0007504677216310708,0.002891121761888238,0.004392057205150379,10
UniGCN,diagnostics,op,113,0.0035502521157667393,0.0007384422692283801,0.002811809846538359,0.004288694384995119,10
UniGCN,diagnostics,op,114,0.0034617318484097327,0.000726579094260123,0.0027351527541496098,0.004188310942669856,10
UniGCN,diagnostics,op,115,0.003375924172028157,0.0007148770084310089,0.002661047163597148,0.004090801180459166,10
UniGCN,diagnostics,op,116,0.003292728809055143,0.0007033348032997114,0.002589394005755432,0.0039960636123548545,10
UniGCN,diagnostics,op,117,0.003212049549810494,0.00069195125039129,0.002520098299419204,0.0039040008002017837,10
UniGCN,diagnostics,op,118,0.0031337940932356654,0.0006807251014384519,0.0024530689917972135,0.0038145191946741173,10
UniGCN,diagnostics,op,119,0.003057873892378677,0.0006696550887414236,0.002388218803637253,0.003727528981120101,10
UniGCN,diagnostics,op,120,0.0029842040046532898,0.0006587399256356646,0.002325464079017625,0.0036429439302889544,10
UniGCN,diagnostics,op,121,0.0029127029468754076,0.0006479783070564453,0.002264724639818962,0.003560681253931853,10
UniGCN,diagnostics,op,122,0.0028432925550605954,0.0006373689101893147,0.0022059236448712808,0.00348066146524991,10
UniGCN,diagnostics,op,123,0.002775897848949794,0.0006269103951956867,0.0021489874537541074,0.0034028082441454805,10
UniGCN,diagnostics,op,124,0.002710446901215511,0.0006166014060030997,0.0020938454952124114,0.0033270483072186108,10
UniGCN,diagnostics,op,125,0.0026468707112879183,0.0006064405711501693,0.002040430140137749,0.0032533112824380877,10
UniGCN,diagnostics,op,126,0.0025851030837291114,0.0005964265046767796,0.0019886765790523317,0.003181529588405891,10
UniGCN,diagnostics,op,127,0.0025250805110742748,0.0005865578070506328,0.001938522704023642,0.0031116383181249074,10
UniGCN,diagnostics,op,128,0.0024667420610503922,0.000576833066121922,0.0018899089949284704,0.003043575127172314,10
UniGCN,diagnostics,op,129,0.0024100292680763894,0.0005672508580985051,0.0018427784099778843,0.0029772801261748944,10
UniGCN,diagnostics,op,130,0.0023548860289430654,0.0005578097485346142,0.0017970762804084511,0.0029126957774776798,10
UniGCN,diagnostics,op,131,0.0023012585025666754,0.0005485082933267698,0.0017527502092399055,0.002849766795893445,10
UniGCN,diagnostics,op,132,0.0022490950137065624,0.00053934503971118,0.0017097499739953824,0.002788440053417742,10
UniGCN,diagnostics,op,133,0.002198345960534644,0.0005303185272575214,0.0016680274332771226,0.0027286644877921656,10
UniGCN,diagnostics,op,134,0.0021489637259427263,0.0005214272888545449,0.0016275364370881814,0.0026703910147972713,10
UniGCN,diagnostics,op,135,0.0021009025924725033,0.0005126698516835162,0.0015882327407889872,0.0026135724441560195,10
UniGCN,diagnostics,op,136,0.0020541186607526277,0.0005040447381759905,0.0015500739225766372,0.002558163398928618,10
UniGCN,diagnostics,op,137,0.002008569771327265,0.0004955504669529034,0.0015130193043743616,0.0025041202382801685,10
UniGCN,diagnostics,op,138,0.0019642154297610875,0.0004871855537424023,0.001477029876018685,0.00245140098350349,10
UniGCN,diagnostics,op,139,0.0019210167349066301,0.00047894851227423636,0.0014420682226323938,0.0023999652471808665,10
UniGCN,diagnostics,op,140,0.0018789363102212201,0.00047083785514891174,0.0014080984550723084,0.002349774165370132,10
UniGCN,diagnostics,op,141,0.0018379382380223457,0.0004628520946801395,0.0013750861433422061,0.002300790332702485,10
UniGCN,diagnostics,op,142,0.0017979879965722115,0.00045498974370942856,0.001342998252862783,0.00225297774028164,10
UniGCN,diagnostics,op,143,0.0017590523998843525,0.0004472493163919291,0.0013118030834924233,0.0022063017162762817,10
UniGCN,diagnostics,op,144,0.0017210995401474819,0.0004396293289529112,0.0012814702111945708,0.002160728869100393,10
UniGCN,diagnostics,op,145,0.0016840987326642285,0.0004321283004144518,0.0012519704322497766,0.0021162270330786805,10
UniGCN,diagnostics,op,146,0.001648020463204974,0.00042474475329212655,0.0012232757099128475,0.0020727652164971005,10
UniGCN,diagnostics,op,147,0.0016128363376797163,0.0004174772142616559,0.0011953591234180605,0.002030313551941372,10
UniGCN,diagnostics,op,148,0.001578519034033612,0.00041032421479562416,0.001168194819237988,0.0019888432488292364,10
UniGCN,diagnostics,op,149,0.0015450422562746867,0.0004032842917704992,0.0011417579645041876,0.0019483265480451858,10
UniGCN,diagnostics,op,150,0.0015123806905450042,0.0003963559880443244,0.0011160247025006798,0.0019087366785893287,10
UniGCN,diagnostics,op,151,0.0014805099631494834,0.0003895378530055185,0.0010909721101439649,0.001870047816155002,10
UniGCN,diagnostics,op,152,0.0014494066004593663,0.0003828284430933264,0.00106657815736604,0.0018322350435526927,10
UniGCN,diagnostics,op,153,0.0014190479906102213,0.0003762263222905213,0.0010428216683197001,0.0017952743129007426,10
UniGCN,diagnostics,op,154,0.0013894123469171567,0.00036973006258901283,0.001019682284328144,0.0017591424095061694,10
UniGCN,diagnostics,op,155,0.0013604786729327386,0.0003633382444290719,0.0009971404285036667,0.0017238169173618106,10
UniGCN,diagnostics,op,156,0.0013322267290758285,0.0003570494571129038,0.0009751772719629247,0.0016892761861887324,10
UniGCN,diagnostics,op,157,0.0013046370007622871,0.00035086229919334394,0.0009537747015689432,0.001655499299955631,10
UniGCN,diagnostics,op,158,0.0012776906679711156,0.0003447753788384565,0.0009329152891326591,0.0016224660468095722,10
UniGCN,diagnostics,op,159,0.0012513695761822154,0.00033878731417283706,0.0009125822620093784,0.0015901568903550524,10
UniGCN,diagnostics,op,160,0.0012256562086244691,0.0003328967335964258,0.0008927594750280433,0.001558552942220895,10
UniGCN,diagnostics,op,161,0.0012005336597753148,0.000327102276081637,0.0008734313836936778,0.0015276359358569519,10
UniGCN,diagnostics,op,162,0.001175985610055379,0.0003214025914496096,0.0008545830186057695,0.0014973882015049886,10
UniGCN,diagnostics,op,163,0.001151996301664075,0.0003157963406263772,0.0008361999610376977,0.0014677926422904523,10
UniGCN,diagnostics,op,164,0.0011285505155043131,0.00031028219587974764,0.0008182683196245656,0.0014388327113840607,10
UniGCN,diagnostics,op,165,0.0011056335491466793,0.0003048588410376649,0.0008007747081090143,0.0014104923901843442,10
UniGCN,diagnostics,op,166,0.001083231195785538,0.00029952497168881796,0.00078370622409672,0.001382756167474356,10
UniGCN,diagnostics,op,167,0.0010613297241415655,0.00029427929536623916,0.0007670504287753262,0.0013556090195078047,10
UniGCN,diagnostics,op,168,0.0010399158592672051,0.0002891205317146215,0.0007507953275525836,0.0013290363909818266,10
UniGCN,diagnostics,op,169,0.001018976764213414,0.00028404741264205925,0.0007349293515713547,0.0013030241768554733,10
UniGCN,diagnostics,op,170,0.000998500022517933,0.0002790586824569039,0.0007194413400610292,0.001277558704974837,10
UniGCN,diagnostics,op,171,0.0009784736214770598,0.0002741530979903973,0.0007043205234866625,0.0012526267194674571,10
UniGCN,diagnostics,op,172,0.0009588859361646043,0.00026932942870573314,0.0006895565074588712,0.0012282153648703375,10
UniGCN,diagnostics,op,173,0.0009397257141633443,0.0002645864567941667,0.0006751392573691776,0.001204312170957511,10
UniGCN,diagnostics,op,174,0.0009209820609758631,0.0002599229772587794,0.0006610590837170837,0.0011809050382346426,10
UniGCN,diagnostics,op,175,0.0009026444260831518,0.0002553377979864768,0.000647306628096675,0.0011579822240696286,10
UniGCN,diagnostics,op,176,0.000884702589620809,0.00025082973980878264,0.0006338728498120264,0.0011355323294295915,10
UniGCN,diagnostics,op,177,0.0008671466496440496,0.00024639763655196514,0.0006207490130920844,0.0011135442861960148,10
UniGCN,diagnostics,op,178,0.0008499670099540596,0.000242040335077019,0.0006079266748770406,0.0010920073450310787,10
UniGCN,diagnostics,op,179,0.000833154368459511,0.00023775669530999536,0.0005953976731495156,0.0010709110637695063,10
UniGCN,diagnostics,op,180,0.0008166997060482537,0.00023354559026316282,0.0005831541157850908,0.0010502452963114164,10
UniGCN,diagnostics,op,181,0.0008005942759453787,0.00022940590604745732,0.0005711883698979214,0.001030000181992836,10
UniGCN,diagnostics,op,182,0.0007848295935349468,0.00022533654187665978,0.000559493051658287,0.0010101661354116067,10
UniGCN,diagnostics,op,183,0.00076939742662375,0.00022133641006372577,0.0005480610165600243,0.0009907338366874757,10
UniGCN,diagnostics,op,184,0.0007542897861264837,0.00021740443600967192,0.0005368853501168118,0.0009716942221361556,10
UniGCN,diagnostics,op,185,0.0007394989171526816,0.00021353955818540374,0.0005259593589672779,0.0009530384753380853,10
UniGCN,diagnostics,op,186,0.0007250172904766922,0.00020974072810685991,0.0005152765623698323,0.0009347580185835521,10
UniGCN,diagnostics,op,187,0.0007108375943728601,0.00020600691030382665,0.0005048306840690335,0.0009168445046766868,10
UniGCN,diagnostics,op,188,0.0006969527267989247,0.0002023370822827613,0.0004946156445161634,0.0008992898090816859,10
UniGCN,diagnostics,op,189,0.00068335578791145,0.00019873023448395237,0.00048462555342749765,0.0008820860223954024,10
UniGCN,diagnostics,op,190,0.0006700400728978725,0.00019518537023332762,0.0004748547026645449,0.0008652254431312002,10
UniGCN,diagnostics,op,191,0.000656999065110489,0.00019170150568920556,0.0004652975594212834,0.0008487005707996945,10
UniGCN,diagnostics,op,192,0.0006442264294884035,0.00018827766978428005,0.00045594875970412347,0.0008325040992726836,10
UniGCN,diagnostics,op,193,0.000631716006254119,0.000184912904163106,0.000446803102091013,0.000816628910417225,10
UniGCN,diagnostics,op,194,0.0006194618048721024,0.0001816062631153497,0.00043785554175675276,0.0008010680679874521,10
UniGCN,diagnostics,op,195,0.0006074579982572473,0.0001783568135050537,0.0004291011847521936,0.000785814811762301,10
UniGCN,diagnostics,op,196,0.0005956989172217454,0.0001751636346961521,0.0004205352825255933,0.0007708625519178974,10
UniGCN,diagnostics,op,197,0.0005841790451494237,0.00017202581847446802,0.00041215322667495567,0.0007562048636238917,10
UniGCN,diagnostics,op,198,0.000572893012887128,0.00016894246896640913,0.00040395054392071883,0.0007418354818535371,10
UniGCN,diagnostics,op,199,0.000561835593843235,0.00016591270255456972,0.0003959228912886653,0.0007277482963978047,10
UniGCN,diagnostics,op,200,0.00055100169928385,0.00016293564779044218,0.0003880660514934078,0.0007139373470742921,10
UniGCN,diagnostics,op,201,0.000540386373817695,0.00016001044530442507,0.0003803759285132699,0.0007003968191221201,10
UniGCN,diagnostics,op,202,0.0005299847910611338,0.00015713624771331223,0.00037284854334782155,0.000687121038774446,10
UniGCN,diagnostics,op,203,0.0005197922494751767,0.00015431221952543901,0.0003654800299497376,0.0006741044690006157,10
UniGCN,diagnostics,op,204,0.0005098041683667103,0.00015153753704364947,0.0003582666313230609,0.0006613417054103598,10
UniGCN,diagnostics,op,205,0.0005000160840465606,0.00014881138826624782,0.00035120469578031274,0.0006488274723128084,10
UniGCN,diagnostics,op,206,0.000490423646137358,0.00014613297278608475,0.0003442906733512732,0.0006365566189234427,10
UniGCN,diagnostics,op,207,0.00048102261402450236,0.00014350150168792613,0.00033752111233657626,0.0006245241157124285,10
UniGCN,diagnostics,op,208,0.0004718088534438527,0.00014091619744424324,0.00033089265599960945,0.000612725050888096,10
UniGCN,diagnostics,op,209,0.00046277833320006623,0.00013837629380955902,0.00032440203939050724,0.0006011546270096252,10
UniGCN,diagnostics,op,210,0.00045392712200980294,0.00013588103571347782,0.0003180460862963251,0.0005898081577232808,10
UniGCN,diagnostics,op,211,0.00044525138546428936,0.0001334296791525211,0.0003118217063117683,0.0005786810646168104,10
UniGCN,diagnostics,op,212,0.00043674738310599216,0.0001310214910808868,0.00030572589202510533,0.000567768874186879,10
UniGCN,diagnostics,op,213,0.00042841146561440723,0.0001286557493002428,0.0002997557163141644,0.00055706721491465,10
UniGCN,diagnostics,op,214,0.00042024007209620526,0.00012633174234866348,0.0002939083297475418,0.0005465718144448688,10
UniGCN,diagnostics,op,215,0.0004122297274751968,0.0001240487693888097,0.0002881809580863871,0.0005362784968640065,10
UniGCN,diagnostics,op,216,0.00040437703997780176,0.00012180614009545162,0.00028257089988235017,0.0005261831800732533,10
UniGCN,diagnostics,op,217,0.00039667869870990637,0.0001196031745424264,0.00027707552416748,0.0005162818732523328,10
UniGCN,diagnostics,op,218,0.0003891314713211856,0.00011743920308912146,0.00027169226823206414,0.000506570674410307,10
UniGCN,diagnostics,op,219,0.0003817322017531575,0.00011531356626656653,0.00026641863548659096,0.000497045768019724,10
UniGCN,diagnostics,op,220,0.00037447780806740684,0.00011322561466321884,0.00026125219340418797,0.0004877034227306257,10
UniGCN,diagnostics,op,221,0.0003673652803505859,0.00011117470881051646,0.0002561905715400694,0.00047853998916110236,10
UniGCN,diagnostics,op,222,0.0003603916786929568,0.000109160219068275,0.00025123145962468183,0.0004695518977612318,10
UniGCN,diagnostics,op,223,0.0003535541312373926,0.00010718152550999944,0.0002463726057273932,0.000460735656747392,10
UniGCN,diagnostics,op,224,0.0003468498322958976,0.00010523801780817724,0.00024161181448772035,0.00045208785010407486,10
UniGCN,diagnostics,op,225,0.0003402760405308425,0.0001033290951196167,0.0002369469454112258,0.0004436051356504592,10
UniGCN,diagnostics,op,226,0.0003338300771982433,0.00010145416597089493,0.0002323759112273484,0.00043528424316913823,10
UniGCN,diagnostics,op,227,0.0003275093244505325,9.961264814396971e-05,0.00022789667630656278,0.0004271219725945022,10
UniGCN,diagnostics,op,228,0.00032131122369639324,9.780396856201382e-05,0.0002235072551343794,0.00041911519225840707,10
UniGCN,diagnostics,op,229,0.00031523327401533413,9.602756317552429e-05,0.00021920571083980985,0.0004112608371908584,10
UniGCN,diagnostics,op,230,0.00030927303062479365,9.428287684875549e-05,0.00021499015377603815,0.00040355590747354915,10
UniGCN,diagnostics,op,231,0.0003034281033976598,9.256936324652543e-05,0.00021085874015113436,0.00039599746664418524,10
UniGCN,diagnostics,op,232,0.00029769615542819225,9.088648472144042e-05,0.00020680967070675182,0.0003885826401496327,10
UniGCN,diagnostics,op,233,0.00029207490164441925,8.923371220158058e-05,0.00020284118944283869,0.0003813086138459998,10
UniGCN,diagnostics,op,234,0.0002865621074651761,8.761052507868727e-05,0.00019895158238648883,0.0003741726325438634,10
UniGCN,diagnostics,op,235,0.0002811555875000285,8.601641109689171e-05,0.00019513917640313677,0.0003671719985969202,10
UniGCN,diagnostics,op,236,0.0002758532042904076,8.445086624202125e-05,0.00019140233804838637,0.00036030407053242884,10
UniGCN,diagnostics,op,237,0.00027065286709035717,8.291339463151685e-05,0.0001877394724588403,0.00035356626172187403,10
UniGCN,diagnostics,op,238,0.00026555253068536193,8.140350840499639e-05,0.00018414902228036553,0.0003469560390903583,10
UniGCN,diagnostics,op,239,0.0002605501942478015,7.992072761549312e-05,0.0001806294666323084,0.00034047092186329463,10
UniGCN,diagnostics,op,240,0.0002556439002276311,7.846458012139935e-05,0.00017717932010623174,0.00033410848034903047,10
UniGCN,diagnostics,op,241,0.00025083173327695605,7.703460147914195e-05,0.0001737971317978141,0.000327866334756098,10
UniGCN,diagnostics,op,242,0.0002461118192072266,7.563033483661577e-05,0.00017048148437061084,0.0003217421540438424,10
UniGCN,diagnostics,op,243,0.00024148232397783187,7.425133082739984e-05,0.00016723099315043205,0.0003157336548052317,10
UniGCN,diagnostics,op,244,0.00023694145271492998,7.289714746577716e-05,0.00016404430524915282,0.0003098386001807071,10
UniGCN,diagnostics,op,245,0.0002324874487593962,7.156735004258086e-05,0.00016092009871681535,0.00030405479880197704,10
UniGCN,diagnostics,op,246,0.00022811859274282477,7.026151102188624e-05,0.00015785708172093852,0.000298380103764711,10
UniGCN,diagnostics,op,247,0.00022383320169056236,6.897920993856544e-05,0.00015485399175199692,0.0002928124116291278,10
UniGCN,diagnostics,op,248,0.000219629628150797,6.772003329672403e-05,0.00015190959485407297,0.000287349661447521,10
UniGCN,diagnostics,op,249,0.00021550625934876622,6.648357446903358e-05,0.00014902268487973264,0.0002819898338177998,10
UniGCN,diagnostics,op,250,0.00021146151636519005,6.526943359697536e-05,0.0001461920827682147,0.0002767309499621654,10
UniGCN,diagnostics,op,251,0.0002074938533380707,6.407721749200882e-05,0.0001434166358460619,0.0002715710708300795,10
UniGCN,diagnostics,op,252,0.0002036017566870376,6.290653953767595e-05,0.00014069521714936165,0.00026650829622471353,10
UniGCN,diagnostics,op,253,0.0001997837443594507,6.175701959265433e-05,0.00013802672476679638,0.000261540763952105,10
UniGCN,diagnostics,op,254,0.00019603836509750816,6.062828389476732e-05,0.00013541008120274083,0.00025666664899227546,10
UniGCN,diagnostics,op,255,0.000192364197725635,5.951996496596175e-05,0.00013284423275967326,0.00025188416269159676,10
UniGCN,diagnostics,op,256,0.00018875985045746008,5.8431701518260335e-05,0.00013032814893919976,0.0002471915519757204,10
UniGCN,restart,base,0,1.0,0.0,1.0,1.0,10
UniGCN,restart,base,1,0.18630140678787424,0.0008937112408923832,0.18540769554698186,0.18719511802876662,10
UniGCN,restart,base,2,0.0580491010275667,0.00041538999760226165,0.05763371102996444,0.05846449102516896,10
UniGCN,restart,base,3,0.024932937214767623,0.00021426909118227528,0.024718668123585346,0.0251472063059499,10
UniGCN,restart,base,4,0.013107206953030016,0.00013250846206870924,0.012974698490961306,0.013239715415098725,10
UniGCN,restart,base,5,0.00787095935920348,9.224590223691691e-05,0.007778713456966563,0.007963205261440396,10
UniGCN,restart,base,6,0.005168264670264268,6.836075539215587e-05,0.005099903914872112,0.005236625425656424,10
UniGCN,restart,base,7,0.0036077268886864433,5.2476578797620614e-05,0.0035552503098888228,0.003660203467484064,10
UniGCN,restart,base,8,0.002629734923606381,4.12430636486291e-05,0.0025884918599577518,0.00267097798725501,10
UniGCN,restart,base,9,0.0019788941453270314,3.301453091962113e-05,0.0019458796144074103,0.0020119086762466526,10
UniGCN,restart,base,10,0.0015259572893967315,2.6844198453253474e-05,0.001499113090943478,0.001552801487849985,10
UniGCN,restart,base,11,0.0011997860307913105,2.2130532937235466e-05,0.001177655497854075,0.001221916563728546,10
UniGCN,restart,base,12,0.0009584969467987568,1.8469486862091894e-05,0.0009400274599366649,0.0009769664336608487,10
UniGCN,restart,base,13,0.0007760693947670956,1.5581422547461913e-05,0.0007604879722196337,0.0007916508173145576,10
UniGCN,restart,base,14,0.0006356265358547557,1.3269459917160269e-05,0.0006223570759375954,0.0006488959957719159,10
UniGCN,restart,base,15,0.000525833453853971,1.1393285430811776e-05,0.0005144401684231592,0.0005372267392847827,10
UniGCN,restart,base,16,0.0004388555816406789,9.851755286353267e-06,0.00042900382635432564,0.0004487073369270322,10
UniGCN,restart,base,17,0.0003691461903034863,8.571054273781097e-06,0.0003605751360297052,0.00037771724457726736,10
UniGCN,restart,base,18,0.00031269744717271153,7.496568979708615e-06,0.0003052008781930029,0.00032019401615242016,10
UniGCN,restart,base,19,0.00026656219314065237,6.587297651498101e-06,0.0002599748954891543,0.00027314949079215045,10
UniGCN,restart,base,20,0.00022853980219722427,5.811997223324463e-06,0.0002227278049738998,0.00023435179942054874,10
UniGCN,restart,base,21,0.00019696472150480875,5.146515519001383e-06,0.00019181820598580736,0.00020211123702381013,10
UniGCN,restart,base,22,0.00017056107386612254,4.571929075013586e-06,0.00016598914479110894,0.00017513300294113614,10
UniGCN,restart,base,23,0.000148340805453993,4.073228345012629e-06,0.00014426757710898037,0.00015241403379900564,10
UniGCN,restart,base,24,0.00012953115490550406,3.6383763173445884e-06,0.00012589277858815947,0.00013316953122284865,10
UniGCN,restart,base,25,0.00011352224210982567,3.2576240454664405e-06,0.00011026461806435923,0.0001167798661552921,10
UniGCN,restart,base,26,9.982869647349427e-05,2.9230051388311354e-06,9.690569133466314e-05,0.0001027517016123254,10
UniGCN,restart,base,27,8.806123015982976e-05,2.62795681472967e-06,8.543327334510009e-05,9.068918697455944e-05,10
UniGCN,restart,base,28,7.790535170431482e-05,2.3670319475534203e-06,7.55383197567614e-05,8.027238365186824e-05,10
UniGCN,restart,base,29,6.910526929128791e-05,2.135677643430919e-06,6.6969591647857e-05,7.124094693471883e-05,10
UniGCN,restart,base,30,6.145160797214317e-05,1.9300632173409327e-06,5.952154475480224e-05,6.338167118948411e-05,10
UniGCN,restart,base,31,5.4771958353708045e-05,1.7469453736285536e-06,5.302501298007949e-05,5.65189037273366e-05,10
UniGCN,restart,base,32,4.8923547055751047e-05,1.583561741273624e-06,4.7339985314477424e-05,5.050710879702467e-05,10
UniGCN,restart,base,33,4.378751088717152e-05,1.437546237661204e-06,4.234996464951032e-05,4.5225057124832725e-05,10
UniGCN,restart,base,34,3.92643929363011e-05,1.3068613767054042e-06,3.795753155959569e-05,4.057125431300651e-05,10
UniGCN,restart,base,35,3.527057667668244e-05,1.1897438211705768e-06,3.4080832855511864e-05,3.6460320497853015e-05,10
UniGCN,restart,base,36,3.173544524396128e-05,1.0846603481095859e-06,3.0650784895851695e-05,3.282010559207087e-05,10
UniGCN,restart,base,37,2.8599105079363442e-05,9.902720441194068e-07,2.7608833035244034e-05,2.958937712348285e-05,10
UniGCN,restart,base,38,2.5810551572864983e-05,9.054050360132284e-07,2.4905146536851754e-05,2.6715956608878212e-05,10
UniGCN,restart,base,39,2.3326182954557828e-05,8.290264350992278e-07,2.24971565194586e-05,2.4155209389657057e-05,10
UniGCN,restart,base,40,2.1108590143452947e-05,7.602244592943978e-07,2.0348365684158548e-05,2.1868814602747346e-05,10
UniGCN,restart,base,41,1.9125566469841335e-05,6.981919180850913e-07,1.8427374551756243e-05,1.9823758387926426e-05,10
UniGCN,restart,base,42,1.7349293506905567e-05,6.422124164504959e-07,1.670708109045507e-05,1.7991505923356063e-05,10
UniGCN,restart,base,43,1.575566867020757e-05,5.916487668939336e-07,1.5164019903313636e-05,1.6347317437101505e-05,10
UniGCN,restart,base,44,1.4323747493721205e-05,5.459332024518771e-07,1.3777814291269328e-05,1.4869680696173082e-05,10
UniGCN,restart,base,45,1.303527910082703e-05,5.045590646774839e-07,1.2530720036149547e-05,1.3539838165504515e-05,10
UniGCN,restart,base,46,1.1874317752751083e-05,4.6707370428880684e-07,1.1407244048462275e-05,1.234139145703989e-05,10
UniGCN,restart,base,47,1.0826896769565932e-05,4.3307238242535264e-07,1.0393824387140579e-05,1.1259969151991285e-05,10
UniGCN,restart,base,48,9.880753800847314e-06,4.021930003576421e-07,9.478560800489671e-06,1.0282946801204957e-05,10
UniGCN,restart,base,49,9.025098540985409e-06,3.741115174209678e-07,8.650987023564441e-06,9.399210058406376e-06,10
UniGCN,restart,base,50,8.250415664394777e-06,3.485379427129312e-07,7.901877721681846e-06,8.598953607107709e-06,10
UniGCN,restart,base,51,7.5482970948788814e-06,3.252128070762191e-07,7.223084287802663e-06,7.8735099019551e-06,10
UniGCN,restart,base,52,6.911298795115765e-06,3.039040391049073e-07,6.607394756010858e-06,7.215202834220672e-06,10
UniGCN,restart,base,53,6.332818123604051e-06,2.8440418311547654e-07,6.048413940488574e-06,6.6172223067195276e-06,10
UniGCN,restart,base,54,5.806988501539687e-06,2.6652790876122647e-07,5.5404605927784605e-06,6.073516410300914e-06,10
UniGCN,restart,base,55,5.328588695276569e-06,2.5010977164423555e-07,5.0784789236323334e-06,5.578698466920805e-06,10
UniGCN,restart,base,56,4.892964478045567e-06,2.3500219219766103e-07,4.657962285847906e-06,5.1279666702432275e-06,10
UniGCN,restart,base,57,4.495960808480271e-06,2.2107362651648197e-07,4.274887181963789e-06,4.717034434996753e-06,10
UniGCN,restart,base,58,4.133862969777846e-06,2.0820690791445707e-07,3.9256560618633884e-06,4.342069877692303e-06,10
UniGCN,restart,base,59,3.803345365102648e-06,1.9629774196739462e-07,3.6070476231352534e-06,3.999643107070042e-06,10
UniGCN,restart,base,60,3.5014268725151465e-06,1.8525334084466527e-07,3.316173531670481e-06,3.686680213359812e-06,10
UniGCN,restart,base,61,3.2254318345660015e-06,1.7499118500015603e-07,3.0504406495658456e-06,3.4004230195661575e-06,10
UniGCN,restart,base,62,2.972955900364405e-06,1.6543790194758459e-07,2.8075179984168203e-06,3.1383938023119894e-06,10
UniGCN,restart,base,63,2.741836056734164e-06,1.5652825302639365e-07,2.5853078037077707e-06,2.8983643097605577e-06,10
UniGCN,restart,base,64,2.530124284299211e-06,1.4820421989914164e-07,2.3819200644000697e-06,2.6783285041983526e-06,10
UniGCN,restart,base,65,2.3360643574597874e-06,1.4041418311536282e-07,2.1956501743444247e-06,2.47647854057515e-06,10
UniGCN,restart,base,66,2.1580713770439567e-06,1.3311218551573268e-07,2.024959191528224e-06,2.2911835625596894e-06,10
UniGCN,restart,base,67,1.9947136832350494e-06,1.2625727359931186e-07,1.8684564096357375e-06,2.120970956834361e-06,10
UniGCN,restart,base,68,1.8446968460524007e-06,1.1981291028262295e-07,1.7248839357697777e-06,1.9645097563350238e-06,10
UniGCN,restart,base,69,1.7068494727299709e-06,1.1374645277362136e-07,1.5931030199563494e-06,1.8205959255035923e-06,10
UniGCN,restart,base,70,1.5801106070513518e-06,1.0802868958480839e-07,1.4720819174665434e-06,1.68813929663616e-06,10
UniGCN,restart,base,71,1.4635185260947333e-06,1.0263343102665294e-07,1.3608850950680805e-06,1.5661519571213862e-06,10
UniGCN,restart,base,72,1.35620076577217e-06,9.753714785717639e-08,1.2586636179149935e-06,1.4537379136293465e-06,10
UniGCN,restart,base,73,1.2573652287214164e-06,9.271865311344596e-08,1.1646465756079705e-06,1.3500838818348622e-06,10
UniGCN,restart,base,74,1.1662922471133433e-06,8.815882251076897e-08,1.0781334246025744e-06,1.2544510696241122e-06,10
UniGCN,restart,base,75,1.0823274892625983e-06,8.384034915932294e-08,9.984871401032753e-07,1.1661678384219213e-06,10
UniGCN,restart,base,76,1.00487561298201e-06,7.974752870947824e-08,9.251280842725316e-07,1.0846231416914882e-06,10
UniGCN,restart,base,77,9.333945807438883e-07,7.586607139030016e-08,8.575285093535882e-07,1.0092606521341885e-06,10
UniGCN,restart,base,78,8.6739056219033e-07,7.21829377457977e-08,7.952076244445324e-07,9.395734999361277e-07,10
UniGCN,restart,base,79,8.064133586107944e-07,6.868619519650213e-08,7.377271634142923e-07,8.750995538072965e-07,10
UniGCN,restart,base,80,7.500522918815942e-07,6.536489285718058e-08,6.846873990244136e-07,8.154171847387748e-07,10
UniGCN,restart,base,81,6.979325072099554e-07,6.220895232311141e-08,6.35723554886844e-07,7.601414595330668e-07,10
UniGCN,restart,base,82,6.497116449901124e-07,5.92090723964995e-08,5.905025725936129e-07,7.089207173866119e-07,10
UniGCN,restart,base,83,6.050768422836173e-07,5.635664596110479e-08,5.487201963225126e-07,6.614334882447221e-07,10
UniGCN,restart,base,84,5.637420289853453e-07,5.3643687427414245e-08,5.10098341557931e-07,6.173857164127595e-07,10
UniGCN,restart,base,85,5.254454877197157e-07,5.106276936354207e-08,4.743827183561736e-07,5.765082570832577e-07,10
UniGCN,restart,base,86,4.89947650004581e-07,4.860696709964093e-08,4.4134068290494003e-07,5.385546171042219e-07,10
UniGCN,restart,base,87,4.5702910428814985e-07,4.6269810247292416e-08,4.107592940408574e-07,5.032989145354422e-07,10
UniGCN,restart,base,88,4.264887941630183e-07,4.4045240211575204e-08,3.824435539514431e-07,4.705340343745935e-07,10
UniGCN,restart,base,89,3.98142387438832e-07,4.192757289378358e-08,3.562148145450484e-07,4.400699603326156e-07,10
UniGCN,restart,base,90,3.718207988524777e-07,3.991146588857697e-08,3.3190933296390075e-07,4.117322647410547e-07,10
UniGCN,restart,base,91,3.473688510475955e-07,3.799188957213081e-08,3.093769614754647e-07,3.853607406197263e-07,10
UniGCN,restart,base,92,3.246440600942503e-07,3.616410155899824e-08,2.8847995853525204e-07,3.6080816165324855e-07,10
UniGCN,restart,base,93,3.035155332713811e-07,3.442362407616934e-08,2.6909190919521174e-07,3.3793915734755046e-07,10
UniGCN,restart,base,94,2.838629681221451e-07,3.276622386440885e-08,2.5109674425773626e-07,3.166291919865539e-07,10
UniGCN,restart,base,95,2.6557574293545364e-07,3.1187894270454365e-08,2.3438784866499927e-07,2.96763637205908e-07,10
UniGCN,restart,base,96,2.48552089823222e-07,2.968483924003793e-08,2.1886725058318407e-07,2.7823692906325993e-07,10
UniGCN,restart,base,97,2.3269834246723542e-07,2.82534589618411e-08,2.0444488350539433e-07,2.6095180142907654e-07,10
UniGCN,restart,base,98,2.179282514152515e-07,2.6890336947193487e-08,1.9103791446805802e-07,2.44818588362445e-07,10
UniGCN,restart,base,99,2.0416236052453424e-07,2.559222836027777e-08,1.7857013216425646e-07,2.2975458888481202e-07,10
UniGCN,restart,base,100,1.9132743879251492e-07,2.4356049439425978e-08,1.6697138935308894e-07,2.156834882319409e-07,10
UniGCN,restart,base,101,1.7935596238753195e-07,2.3178867872334827e-08,1.5617709451519713e-07,2.0253483025986677e-07,10
UniGCN,restart,base,102,1.681856422053573e-07,2.2057894007163074e-08,1.4612774819819423e-07,1.9024353621252038e-07,10
UniGCN,restart,base,103,1.57758992736272e-07,2.099047279792619e-08,1.3676851993834583e-07,1.787494655341982e-07,10
UniGCN,restart,base,104,1.480229384387972e-07,1.9974076396736212e-08,1.28048862042061e-07,1.679970148355334e-07,10
UniGCN,restart,base,105,1.3892845418509014e-07,1.900629731756648e-08,1.1992215686752364e-07,1.5793475150265663e-07,10
UniGCN,restart,base,106,1.3043023667412768e-07,1.80848421066292e-08,1.1234539456749849e-07,1.4851507878075688e-07,10
UniGCN,restart,base,107,1.2248640400623097e-07,1.7207525463378475e-08,1.0527887854285249e-07,1.3969392946960945e-07,10
UniGCN,restart,base,108,1.1505822087986414e-07,1.6372264763800503e-08,9.868595611606364e-08,1.3143048564366464e-07,10
UniGCN,restart,base,109,1.0810984711218433e-07,1.557707494420513e-08,9.25327721679792e-08,1.2368692205638947e-07,10
UniGCN,restart,base,110,1.0160810740137589e-07,1.482006370934581e-08,8.678804369203008e-08,1.164281711107217e-07,10
UniGCN,restart,base,111,9.55222804438987e-08,1.4099427033500386e-08,8.142285341039831e-08,1.096217074773991e-07,10
UniGCN,restart,base,112,8.982390569566182e-08,1.3413444927258978e-08,7.641046076840283e-08,1.032373506229208e-07,10
UniGCN,restart,base,113,8.44866062247975e-08,1.2760477446287189e-08,7.17261287785103e-08,9.724708367108469e-08,10
UniGCN,restart,base,114,7.948592624693022e-08,1.213896092134826e-08,6.734696532558196e-08,9.162488716827848e-08,10
UniGCN,restart,base,115,7.479918206319578e-08,1.1547404391448535e-08,6.325177767174725e-08,8.634658645464432e-08,10
UniGCN,restart,base,116,7.040532523817619e-08,1.0984386224182165e-08,5.942093901399403e-08,8.138971146235836e-08,10
UniGCN,restart,base,117,6.628481696063635e-08,1.0448550909244919e-08,5.583626605139143e-08,7.673336786988127e-08,10
UniGCN,restart,base,118,6.241951262560375e-08,9.938606012710575e-09,5.248090661289318e-08,7.235811863831432e-08,10
UniGCN,restart,base,119,5.879255576292737e-08,9.453319281057443e-09,4.933923648186993e-08,6.824587504398482e-08,10
UniGCN,restart,base,120,5.538828051588742e-08,8.991515885127582e-09,4.639676463075983e-08,6.4379796401015e-08,10
UniGCN,restart,base,121,5.219212194450753e-08,8.552075795231068e-09,4.364004614927646e-08,6.07441977397386e-08,10
UniGCN,restart,base,122,4.9190533492670454e-08,8.133931279492136e-09,4.105660221317832e-08,5.732446477216259e-08,10
UniGCN,restart,base,123,4.637091101660094e-08,7.73606451829841e-09,3.863484649830253e-08,5.4106975534899345e-08,10
UniGCN,restart,base,124,4.372152282534062e-08,7.357505328373665e-09,3.636401749696695e-08,5.1079028153714284e-08,10
UniGCN,restart,base,125,4.1231445232017465e-08,6.997328990566603e-09,3.423411624145086e-08,4.822877422258407e-08,10
UniGCN,restart,base,126,3.889050315847977e-08,6.654654175943986e-09,3.223584898253578e-08,4.554515733442376e-08,10
UniGCN,restart,base,127,3.668921537563938e-08,6.328640965209043e-09,3.036057441043034e-08,4.301785634084843e-08,10
UniGCN,restart,base,128,3.4618743998035206e-08,6.0184889568436565e-09,2.860025504119155e-08,4.0637232954878866e-08,10
UniGCN,restart,base,129,3.267084788402386e-08,5.723435459704479e-09,2.694741242431938e-08,3.839428334372834e-08,10
UniGCN,restart,base,130,3.083783962294028e-08,5.442753766094795e-09,2.5395085856845487e-08,3.628059338903508e-08,10
UniGCN,restart,base,131,2.9112545817824086e-08,5.1757515015925565e-09,2.393679431623153e-08,3.428829731941664e-08,10
UniGCN,restart,base,132,2.7488270397127775e-08,4.921769048144412e-09,2.2566501348983364e-08,3.241003944527219e-08,10
UniGCN,restart,base,133,2.5958760711437598e-08,4.6801780371410465e-09,2.1278582674296553e-08,3.063893874857864e-08,10
UniGCN,restart,base,134,2.451817619184965e-08,4.450379909373151e-09,2.0067796282476497e-08,2.89685561012228e-08,10
UniGCN,restart,base,135,2.3161059365439263e-08,4.2318045389341895e-09,1.8929254826505073e-08,2.7392863904373453e-08,10
UniGCN,restart,base,136,2.1882309040405592e-08,4.023908918287041e-09,1.7858400122118552e-08,2.5906217958692632e-08,10
UniGCN,restart,base,137,2.067715548911811e-08,3.826175901849847e-09,1.6850979587268264e-08,2.4503331390967956e-08,10
UniGCN,restart,base,138,1.954113747157274e-08,3.6381130055830275e-09,1.590302446598971e-08,2.3179250477155767e-08,10
UniGCN,restart,base,139,1.8470080954807317e-08,3.4592512601764937e-09,1.5010829694630822e-08,2.1929332214983812e-08,10
UniGCN,restart,base,140,1.7460079395739842e-08,3.2891441155446214e-09,1.417093528019522e-08,2.0749223511284464e-08,10
UniGCN,restart,base,141,1.6507475465780737e-08,3.1273663944376176e-09,1.338010907134312e-08,1.9634841860218354e-08,10
UniGCN,restart,base,142,1.5608844105523898e-08,2.9735132930727787e-09,1.263533081245112e-08,1.8582357398596677e-08,10
UniGCN,restart,base,143,1.4760976806923758e-08,2.827199426777989e-09,1.1933777380145769e-08,1.7588176233701745e-08,10
UniGCN,restart,base,144,1.3960867028692903e-08,2.6880579187240244e-09,1.1272809109968878e-08,1.6648924947416927e-08,10
UniGCN,restart,base,145,1.3205696658275781e-08,2.555739529901654e-09,1.0649957128374127e-08,1.5761436188177433e-08,10
UniGCN,restart,base,146,1.2492823440730282e-08,2.4299118285751785e-09,1.0062911612155104e-08,1.4922735269305462e-08,10
UniGCN,restart,base,147,1.1819769301238472e-08,2.3102583975159242e-09,9.509510903722548e-09,1.4130027698754395e-08,10
UniGCN,restart,base,148,1.1184209493820403e-08,2.196478077388019e-09,8.987731416432384e-09,1.3380687571208423e-08,10
UniGCN,restart,base,149,1.0583962514189033e-08,2.0882842447242576e-09,8.495678269464775e-09,1.267224675891329e-08,10
UniGCN,restart,base,150,1.0016980719601133e-08,1.9854041229929888e-09,8.031576596608145e-09,1.2002384842594121e-08,10
UniGCN,restart,base,151,9.481341603068402e-09,1.8875781253171556e-09,7.593763477751246e-09,1.1368919728385558e-08,10
UniGCN,restart,base,152,8.975239673429205e-09,1.7945592274646337e-09,7.180680445964571e-09,1.0769798900893838e-08,10
UniGCN,restart,base,153,8.496978896577343e-09,1.7061123697847637e-09,6.790866526792579e-09,1.0203091266362106e-08,10
UniGCN,restart,base,154,8.044965656628402e-09,1.6220138868194664e-09,6.422951769808935e-09,9.666979543447868e-09,10
UniGCN,restart,base,155,7.617702199003865e-09,1.5420509633690357e-09,6.075651235634829e-09,9.1597531623729e-09,10
UniGCN,restart,base,156,7.213780520352107e-09,1.4660211158422915e-09,5.747759404509816e-09,8.679801636194398e-09,10
UniGCN,restart,base,157,6.831876672925934e-09,1.3937316977686375e-09,5.438144975157297e-09,8.225608370694572e-09,10
UniGCN,restart,base,158,6.470745453518622e-09,1.3249994283956828e-09,5.145746025122939e-09,7.795744881914304e-09,10
UniGCN,restart,base,159,6.129215449342718e-09,1.259649943340455e-09,4.869565506002263e-09,7.388865392683173e-09,10
UniGCN,restart,base,160,5.806184415335324e-09,1.197517366305032e-09,4.608667049030292e-09,7.003701781640356e-09,10
UniGCN,restart,base,161,5.500614959304986e-09,1.138443900908621e-09,4.362171058396365e-09,6.6390588602136065e-09,10
UniGCN,restart,base,162,5.211530513113201e-09,1.0822794417278137e-09,4.1292510713853865e-09,6.293809954841015e-09,10
UniGCN,restart,base,163,4.938011569720306e-09,1.028881203674954e-09,3.909130366045352e-09,5.9668927733952604e-09,10
UniGCN,restart,base,164,4.679192167433056e-09,9.781133688814034e-10,3.701078798551652e-09,5.657305536314459e-09,10
UniGCN,restart,base,165,4.434256604079995e-09,9.298467502878603e-10,3.5044098537921345e-09,5.364103354367855e-09,10
UniGCN,restart,base,166,4.202436365120833e-09,8.839584711780458e-10,3.3184778939427872e-09,5.086394836298879e-09,10
UniGCN,restart,base,167,3.983007250875972e-09,8.403316599248156e-10,3.142675590951156e-09,4.823338910800787e-09,10
UniGCN,restart,base,168,3.775286689150667e-09,7.988551592493637e-10,2.9764315299013035e-09,4.574141848400031e-09,10
UniGCN,restart,base,169,3.5786312205322665e-09,7.594232493244552e-10,2.819207971207811e-09,4.338054469856722e-09,10
UniGCN,restart,base,170,3.392434144565378e-09,7.219353840818326e-10,2.6704987604835455e-09,4.114369528647211e-09,10
UniGCN,restart,base,171,3.216123315865189e-09,6.862959401119179e-10,2.5298273757532713e-09,3.902419255977107e-09,10
UniGCN,restart,base,172,3.049159080018877e-09,6.524139775708636e-10,2.3967451024480134e-09,3.7015730575897405e-09,10
UniGCN,restart,base,173,2.891032339854653e-09,6.202030125358224e-10,2.2708293273188303e-09,3.5112353523904756e-09,10
UniGCN,restart,base,174,2.741262743332148e-09,5.895808002741272e-10,2.151681943058021e-09,3.330843543606275e-09,10
UniGCN,restart,base,175,2.5993969849310186e-09,5.604691289158499e-10,2.0389278560151687e-09,3.1598661138468684e-09,10
UniGCN,restart,base,176,2.4650072129908805e-09,5.327936230420524e-10,1.932213589948828e-09,2.997800836032933e-09,10
UniGCN,restart,base,177,2.337689535988675e-09,5.064835567229355e-10,1.8312059792657393e-09,2.8441730927116106e-09,10
UniGCN,restart,base,178,2.2170626212327637e-09,4.814716755610651e-10,1.7355909456716985e-09,2.698534296793829e-09,10
UniGCN,restart,base,179,2.1027663799095033e-09,4.5769402731499697e-10,1.6450723525945063e-09,2.5604604072245e-09,10
UniGCN,restart,base,180,1.994460732840728e-09,4.350898006978584e-10,1.5593709321428697e-09,2.4295505335385863e-09,10
UniGCN,restart,base,181,1.8918244517020134e-09,4.13601171963946e-10,1.4782232797380675e-09,2.3054256236659593e-09,10
UniGCN,restart,base,182,1.794554070814303e-09,3.931731589140399e-10,1.401380911900263e-09,2.187727229728343e-09,10
UniGCN,restart,base,183,1.7023628649576258e-09,3.7375348196707796e-10,1.3286093829905478e-09,2.0761163469247035e-09,10
UniGCN,restart,base,184,1.614979888967288e-09,3.5529243196202644e-10,1.2596874570052615e-09,1.9702723209293143e-09,10
UniGCN,restart,base,185,1.5321490751619688e-09,3.3774274436927084e-10,1.194406330792698e-09,1.8698918195312395e-09,10
UniGCN,restart,base,186,1.4536283849212892e-09,3.210594796056837e-10,1.1325689053156055e-09,1.774687864526973e-09,10
UniGCN,restart,base,187,1.3791890109793029e-09,3.051999091616994e-10,1.0739891018176035e-09,1.6843889201410022e-09,10
UniGCN,restart,base,188,1.3086146272313515e-09,2.9012340726227766e-10,1.0184912199690737e-09,1.5987380344936292e-09,10
UniGCN,restart,base,189,1.2417006830663024e-09,2.757913477965948e-10,9.659093352697077e-10,1.517492030862897e-09,10
UniGCN,restart,base,190,1.1782537394354648e-09,2.6216700626369145e-10,9.160867331717734e-10,1.4404207456991562e-09,10
UniGCN,restart,base,191,1.1180908440546915e-09,2.4921546649312455e-10,8.68875377561567e-10,1.367306310547816e-09,10
UniGCN,restart,base,192,1.061038943308325e-09,2.36903531910986e-10,8.241354113973389e-10,1.297942475219311e-09,10
UniGCN,restart,base,193,1.0069343285837386e-09,2.251996411324402e-10,7.817346874512984e-10,1.2321339697161787e-09,10
UniGCN,restart,base,194,9.55622114914104e-10,2.1407378767224197e-10,7.41548327241862e-10,1.169695902586346e-09,10
UniGCN,restart,base,195,9.069557499455911e-10,2.0349744357454386e-10,7.034583063710473e-10,1.1104531935201349e-09,10
UniGCN,restart,base,196,8.607965513741333e-10,1.9344348677269078e-10,6.673530646014425e-10,1.054240038146824e-09,10
UniGCN,restart,base,197,8.170132711169773e-10,1.8388613199867686e-10,6.331271391183005e-10,1.000899403115654e-09,10
UniGCN,restart,base,198,7.754816845960406e-10,1.7480086507048942e-10,6.006808195255512e-10,9.502825496665301e-10,10
UniGCN,restart,base,199,7.360842036142892e-10,1.6616438039373665e-10,5.699198232205525e-10,9.022485840080258e-10,10
UniGCN,restart,base,200,6.987095114034269e-10,1.5795452152174342e-10,5.407549898816835e-10,8.566640329251704e-10,10
UniGCN,restart,base,201,6.632522185117013e-10,1.5015022462572945e-10,5.131019938859719e-10,8.134024431374307e-10,10
UniGCN,restart,base,202,6.29612538285027e-10,1.4273146473377455e-10,4.868810735512525e-10,7.723440030188015e-10,10
UniGCN,restart,base,203,5.97695980773356e-10,1.3567920460402832e-10,4.6201677616932767e-10,7.333751853773843e-10,10
UniGCN,restart,base,204,5.67413063967686e-10,1.2897534610407175e-10,4.3843771786361423e-10,6.963884100717577e-10,10
UniGCN,restart,base,205,5.386790413416652e-10,1.2260268397447535e-10,4.160763573671899e-10,6.612817253161406e-10,10
UniGCN,restart,base,206,5.114136447357654e-10,1.1654486186045964e-10,3.948687828753058e-10,6.27958506596225e-10,10
UniGCN,restart,base,207,4.85540841681787e-10,1.1078633050114116e-10,3.7475451118064585e-10,5.963271721829281e-10,10
UniGCN,restart,base,208,4.6098860632131274e-10,1.0531230797116961e-10,3.556762983501431e-10,5.663009142924824e-10,10
UniGCN,restart,base,209,4.376887031239195e-10,1.001087418746294e-10,3.375799612492901e-10,5.37797444998549e-10,10
UniGCN,restart,base,210,4.155764826597551e-10,9.516227339590881e-11,3.204142092638463e-10,5.107387560556639e-10,10
UniGCN,restart,base,211,3.945906887266956e-10,9.046020311684302e-11,3.041304856098526e-10,4.850508918435386e-10,10
UniGCN,restart,base,212,3.746732761749796e-10,8.599045851381966e-11,2.8868281766115993e-10,4.6066373468879923e-10,10
UniGCN,restart,base,213,3.5576923881212535e-10,8.17415630527121e-11,2.7402767575941324e-10,4.3751080186483745e-10,10
UniGCN,restart,base,214,3.3782644680829845e-10,7.770260680348359e-11,2.601238400048149e-10,4.15529053611782e-10,10
UniGCN,restart,base,215,3.207954930572654e-10,7.386321850009392e-11,2.469322745571715e-10,3.9465871155735936e-10,10
UniGCN,restart,base,216,3.046295479808147e-10,7.021353897494634e-11,2.344160090058684e-10,3.7484308695576104e-10,10
UniGCN,restart,base,217,2.892842222951884e-10,6.674419590054965e-11,2.2254002639463876e-10,3.560284181957381e-10,10
UniGCN,restart,base,218,2.747174372868061e-10,6.344627977434114e-11,2.1127115751246496e-10,3.3816371706114725e-10,10
UniGCN,restart,base,219,2.6088930217147835e-10,6.031132108573006e-11,2.005779810857483e-10,3.212006232572084e-10,10
UniGCN,restart,base,220,2.4776199813654995e-10,5.733126860738732e-11,1.9043072952916262e-10,3.050932667439373e-10,10
UniGCN,restart,base,221,2.3529966868907055e-10,5.449846875562952e-11,1.8080119993344102e-10,2.897981374447001e-10,10
UniGCN,restart,base,222,2.2346831595528126e-10,5.180564596743272e-11,1.7166266998784854e-10,2.75273961922714e-10,10
UniGCN,restart,base,223,2.1223570259752415e-10,4.924588404416967e-11,1.6298981855335447e-10,2.614815866416938e-10,10
UniGCN,restart,base,224,2.015712590342095e-10,4.6812608414598585e-11,1.547586506196109e-10,2.483838674488081e-10,10
UniGCN,restart,base,225,1.9144599566680902e-10,4.4499569271948065e-11,1.4694642639486096e-10,2.359455649387571e-10,10
UniGCN,restart,base,226,1.8183241983505027e-10,4.230082554215035e-11,1.395315942928999e-10,2.2413324537720063e-10,10
UniGCN,restart,base,227,1.7270445723764655e-10,4.021072964237099e-11,1.3249372759527555e-10,2.1291518688001755e-10,10
UniGCN,restart,base,228,1.640373775710711e-10,3.82239129909824e-11,1.2581346458008872e-10,2.022612905620535e-10,10
UniGCN,restart,base,229,1.5580772415314208e-10,3.6335272232028736e-11,1.1947245192111333e-10,1.9214299638517083e-10,10
UniGCN,restart,base,230,1.4799324731157928e-10,3.453995613903713e-11,1.1345329117254215e-10,1.8253320345061642e-10,10
UniGCN,restart,base,231,1.4057284133028514e-10,3.283335316475251e-11,1.0773948816553264e-10,1.7340619449503765e-10,10
UniGCN,restart,base,232,1.3352648475793643e-10,3.1211079605009074e-11,1.0231540515292736e-10,1.647375643629455e-10,10
UniGCN,restart,base,233,1.2683518389460192e-10,2.9668968346509925e-11,9.7166215548092e-11,1.5650415224111185e-10,10
UniGCN,restart,base,234,1.2048091928256717e-10,2.820305816976775e-11,9.227786111279943e-11,1.4868397745233492e-10,10
UniGCN,restart,base,235,1.1444659503739193e-10,2.6809583579869598e-11,8.763701145752234e-11,1.4125617861726152e-10,10
UniGCN,restart,base,236,1.0871599086448838e-10,2.5484965139069943e-11,8.323102572541845e-11,1.3420095600355832e-10,10
UniGCN,restart,base,237,1.032737166152246e-10,2.4225800276491468e-11,7.904791633873314e-11,1.2749951689171606e-10,10
UniGCN,restart,base,238,9.810516924476222e-11,2.30288545514274e-11,7.507631469333482e-11,1.2113402379618962e-10,10
UniGCN,restart,base,239,9.319649204156057e-11,2.1891053347893036e-11,7.130543869366754e-11,1.150875453894536e-10,10
UniGCN,restart,base,240,8.853453600575299e-11,2.0809473979172313e-11,6.772506202658067e-11,1.093440099849253e-10,10
UniGCN,restart,base,241,8.410682326044901e-11,1.9781338182149784e-11,6.432548507829923e-11,1.0388816144259879e-10,10
UniGCN,restart,base,242,7.990151238646967e-11,1.8804004982211488e-11,6.109750740425819e-11,9.870551736868116e-11,10
UniGCN,restart,base,243,7.590736557710067e-11,1.7874963910443428e-11,5.803240166665725e-11,9.37823294875441e-11,10
UniGCN,restart,base,244,7.211371751517587e-11,1.6991828555754254e-11,5.512188895942162e-11,8.910554607093012e-11,10
UniGCN,restart,base,245,6.851044588020282e-11,1.6152330435404266e-11,5.2358115444798556e-11,8.466277631560709e-11,10
UniGCN,restart,base,246,6.508794339833009e-11,1.5354313168234852e-11,4.9733630230095236e-11,8.044225656656495e-11,10
UniGCN,restart,base,247,6.183709135275414e-11,1.459572693566551e-11,4.724136441708863e-11,7.643281828841966e-11,10
UniGCN,restart,base,248,5.874923447668735e-11,1.387462321626152e-11,4.4874611260425824e-11,7.262385769294887e-11,10
UniGCN,restart,base,249,5.5816157155275946e-11,1.3189149780372892e-11,4.262700737490305e-11,6.900530693564884e-11,10
UniGCN,restart,base,250,5.303006086688054e-11,1.2537545932011429e-11,4.049251493486911e-11,6.556760679889197e-11,10
UniGCN,restart,base,251,5.0383542797929536e-11,1.1918137985763915e-11,3.8465404812165624e-11,6.230168078369345e-11,10
UniGCN,restart,base,252,4.786957556913805e-11,1.1329334967140858e-11,3.6540240601997196e-11,5.919891053627891e-11,10
UniGCN,restart,base,253,4.548148801426602e-11,1.0769624525332044e-11,3.471186348893398e-11,5.6251112539598065e-11,10
UniGCN,restart,base,254,4.321294695578041e-11,1.0237569047883115e-11,3.2975377907897296e-11,5.3450516003663526e-11,10
UniGCN,restart,base,255,4.105793992479863e-11,9.731801967324937e-12,3.132613795747369e-11,5.078974189212357e-11,10
UniGCN,restart,base,256,3.901075877553475e-11,9.251024250278208e-12,2.9759734525256546e-11,4.826178302581296e-11,10
UniGCN,restart,restart,0,1.0,0.0,1.0,1.0,10
UniGCN,restart,restart,1,0.23278486898438727,0.0009198302908234593,0.2318650386935638,0.23370469927521073,10
UniGCN,restart,restart,2,0.10137797175395254,0.0005304140504844494,0.1008475577034681,0.10190838580443698,10
UniGCN,restart,restart,3,0.06317450730652613,0.0003392922185862912,0.06283521508793984,0.06351379952511242,10
UniGCN,restart,restart,4,0.04826833912295518,0.0002485575418871677,0.04801978158106801,0.04851689666484235,10
UniGCN,restart,restart,5,0.0413464550583522,0.00020114372201785705,0.041145311336334346,0.04154759878037006,10
UniGCN,restart,restart,6,0.037739765135116524,0.00017411907153944733,0.037565646063577075,0.03791388420665597,10
UniGCN,restart,restart,7,0.03569954524802627,0.00015765474414427492,0.035541890503882,0.035857199992170546,10
UniGCN,restart,restart,8,0.03447185470687208,0.00014710787991277586,0.0343247468269593,0.03461896258678485,10
UniGCN,restart,restart,9,0.0336964831090957,0.00014008334652245753,0.03355639976257324,0.03383656645561815,10
UniGCN,restart,restart,10,0.03318735840401903,0.0001352552107978092,0.033052103193221216,0.03332261361481684,10
UniGCN,restart,restart,11,0.03284225292412942,0.000131848780501216,0.032710404143628205,0.03297410170463064,10
UniGCN,restart,restart,12,0.03260209896975878,0.00012939201768692745,0.032472706952071856,0.03273149098744571,10
UniGCN,restart,restart,13,0.032431286954826236,0.00012758713811150134,0.032303699816714736,0.032558874092937735,10
UniGCN,restart,restart,14,0.03230755288557136,0.00012624049313504138,0.03218131239243632,0.0324337933787064,10
UniGCN,restart,restart,15,0.03221653031827436,0.0001252226596639768,0.03209130765861038,0.032341752977938336,10
UniGCN,restart,restart,16,0.032148690799743605,0.0001244449703452319,0.032024245829398376,0.032273135770088834,10
UniGCN,restart,restart,17,0.03209756175824737,0.00012384531770750088,0.03197371644053987,0.032221407075954875,10
UniGCN,restart,restart,18,0.03205865405241965,0.00012337934027181318,0.03193527471214784,0.03218203339269146,10
UniGCN,restart,restart,19,0.03202879733341815,0.0001230148105949651,0.03190578252282319,0.032151812144013116,10
UniGCN,restart,restart,20,0.03200571706394435,0.00012272797375630228,0.03188298909018805,0.032128445037700654,10
UniGCN,restart,restart,21,0.03198775880530763,0.0001225011020091025,0.03186525770329853,0.03211025990731673,10
UniGCN,restart,restart,22,0.03197370458409989,0.00012232082560470706,0.03185138375849519,0.0320960254097046,10
UniGCN,restart,restart,23,0.03196264819936898,0.0001221769704693901,0.031840471228899596,0.03208482516983837,10
UniGCN,restart,restart,24,0.03195390907440648,0.00012206173426141818,0.03183184734014506,0.03207597080866789,10
UniGCN,restart,restart,25,0.03194697181056637,0.00012196909307785139,0.03182500271748852,0.03206894090364422,10
UniGCN,restart,restart,26,0.031941443184549875,0.00012189436840398047,0.0318195488161459,0.032063337552953854,10
UniGCN,restart,restart,27,0.03193702117459656,0.00012183390731041896,0.031815187267286146,0.03205885508190698,10
UniGCN,restart,restart,28,0.03193347240210438,0.00012178484390043298,0.03181168755820395,0.03205525724600482,10
UniGCN,restart,restart,29,0.03193061553777078,0.00012174491982027869,0.031808870617950506,0.03205236045759106,10
UniGCN,restart,restart,30,0.0319283089851231,0.00012171234819301215,0.031806596636930085,0.03205002133331611,10
UniGCN,restart,restart,31,0.03192644166432131,0.0001216857097905665,0.03180475595453074,0.03204812737411188,10
UniGCN,restart,restart,32,0.031924926064818344,0.00012166387334260924,0.03180326219147574,0.03204658993816095,10
UniGCN,restart,restart,33,0.03192369297303691,0.00012164593404965275,0.03180204703898726,0.032045338907086565,10
UniGCN,restart,restart,34,0.03192268744656207,0.00012163116591469015,0.03180105628064738,0.03204431861247676,10
UniGCN,restart,restart,35,0.03192186572275938,0.00012161898462443586,0.031800246738134946,0.032043484707383815,10
UniGCN,restart,restart,36,0.031921192832566725,0.00012160891852627395,0.031799583914040454,0.032042801751092996,10
UniGCN,restart,restart,37,0.03192064074973466,0.00012160058584712236,0.03179904016388754,0.032042241335581784,10
UniGCN,restart,restart,38,0.03192018694895345,0.00012159367674592416,0.03179859327220752,0.03204178062569937,10
UniGCN,restart,restart,39,0.031919813277861676,0.00012158793912450554,0.03179822533873717,0.03204140121698618,10
UniGCN,restart,restart,40,0.03191950507118267,0.00012158316737201745,0.03179792190381065,0.03204108823855469,10
UniGCN,restart,restart,41,0.03191925045248556,0.00012157919340758871,0.03179767125907797,0.03204082964589315,10
UniGCN,restart,restart,42,0.03191903978195295,0.00012157587952976328,0.03179746390242319,0.03204061566148271,10
UniGCN,restart,restart,43,0.031918865218219704,0.00012157311269115126,0.031797292105528556,0.03204043833091085,10
UniGCN,restart,restart,44,0.03191872036966352,0.00012157079990101937,0.0317971495697625,0.03204029116956454,10
UniGCN,restart,restart,45,0.031918600016087866,0.00012156886452332645,0.03179703115156454,0.03204016888061119,10
UniGCN,restart,restart,46,0.03191849988598132,0.0001215672432878673,0.031796932642693454,0.032040067129269184,10
UniGCN,restart,restart,47,0.03191841647779309,0.00012156588387086436,0.031796850593922225,0.03203998236166395,10
UniGCN,restart,restart,48,0.031918346916172284,0.00012156474293177888,0.03179678217324051,0.03203991165910406,10
UniGCN,restart,restart,49,0.03191828883605838,0.00012156378451646053,0.031796725051541914,0.03203985262057484,10
UniGCN,restart,restart,50,0.031918240289016395,0.00012156297875533477,0.03179667731026106,0.03203980326777173,10
UniGCN,restart,restart,51,0.03191819966738471,0.00012156230079986406,0.03179663736658485,0.032039761968184574,10
UniGCN,restart,restart,52,0.031918165642720604,0.00012156172995174481,0.03179660391276886,0.03203972737267235,10
UniGCN,restart,restart,53,0.03191813711574969,0.00012156124894862143,0.03179657586680106,0.03203969836469831,10
UniGCN,restart,restart,54,0.031918113175591484,0.00012156084337699682,0.031796552332214484,0.032039674018968484,10
UniGCN,restart,restart,55,0.03191809306648104,0.00012156050118881378,0.031796532565292225,0.03203965356766985,10
UniGCN,restart,restart,56,0.03191807616056073,0.00012156021230276991,0.031796515948257956,0.0320396363728635,10
UniGCN,restart,restart,57,0.03191806193559697,0.00012155996827488979,0.03179650196732208,0.032039621903871864,10
UniGCN,restart,restart,58,0.03191804995670077,0.0001215597620259741,0.031796490194674794,0.03203960971872675,10
UniGCN,restart,restart,59,0.03191803986130871,0.00012155958761572665,0.03179648027369298,0.032039599448924434,10
UniGCN,restart,restart,60,0.03191803134682426,0.00012155944005531224,0.03179647190676895,0.032039590786879575,10
UniGCN,restart,restart,61,0.031918024160433184,0.00012155931515158421,0.0317964648452816,0.03203958347558477,10
UniGCN,restart,restart,62,0.031918018090698524,0.00012155920937749714,0.03179645888132103,0.03203957730007602,10
UniGCN,restart,restart,63,0.03191801296061479,0.0001215591197641325,0.03179645384085066,0.03203957208037892,10
UniGCN,restart,restart,64,0.03191800862186051,0.00012155904381065346,0.031796449578049855,0.03203956766567117,10
UniGCN,restart,restart,65,0.031918004950036015,0.00012155897940911428,0.0317964459706269,0.03203956392944513,10
UniGCN,restart,restart,66,0.03191800184071305,0.00012155892478163838,0.03179644291593141,0.03203956076549469,10
UniGCN,restart,restart,67,0.03191799920615351,0.00012155887842781385,0.0317964403277257,0.032039558084581324,10
UniGCN,restart,restart,68,0.03191799697258112,0.00012155883908069455,0.03179643813350042,0.03203955581166181,10
UniGCN,restart,restart,69,0.03191799507791013,0.0001215588056698581,0.03179643627224027,0.032039553883579985,10
UniGCN,restart,restart,70,0.03191799346985248,0.00012155877729048902,0.03179643469256199,0.03203955224714297,10
UniGCN,restart,restart,71,0.031917992104338884,0.00012155875317734607,0.031796433351161536,0.03203955085751623,10
UniGCN,restart,restart,72,0.031917990944200045,0.00012155873268294398,0.0317964322115171,0.03203954967688299,10
UniGCN,restart,restart,73,0.03191798995806448,0.00012155871525916773,0.03179643124280532,0.03203954867332365,10
UniGCN,restart,restart,74,0.031917989119436295,0.0001215587004418296,0.031796430418994465,0.032039547819878125,10
UniGCN,restart,restart,75,0.03191798840592271,0.00012155868783765003,0.031796429718085065,0.03203954709376036,10
UniGCN,restart,restart,76,0.03191798779858678,0.00012155867711329617,0.031796429121473485,0.03203954647570008,10
UniGCN,restart,restart,77,0.03191798728140418,0.00012155866798612821,0.031796428613418054,0.032039545949390305,10
UniGCN,restart,restart,78,0.03191798684080717,0.00012155866021640684,0.03179642818059076,0.03203954550102358,10
UniGCN,restart,restart,79,0.03191798646530144,0.00012155865360071148,0.03179642781170073,0.03203954511890215,10
UniGCN,restart,restart,80,0.03191798614514373,0.00012155864796637396,0.03179642749717736,0.03203954479311011,10
UniGCN,restart,restart,81,0.031917985872070696,0.00012155864316677841,0.03179642722890392,0.032039544515237474,10
UniGCN,restart,restart,82,0.031917985639070404,0.00012155863907740682,0.031796426999992994,0.032039544278147813,10
UniGCN,restart,restart,83,0.031917985440189756,0.00012155863559244543,0.03179642680459731,0.0320395440757822,10
UniGCN,restart,restart,84,0.031917985270372214,0.00012155863262199363,0.03179642663775022,0.032039543902994204,10
UniGCN,restart,restart,85,0.0319179851253206,0.00012155863008959799,0.031796426495231,0.032039543755410196,10
UniGCN,restart,restart,86,0.03191798500138143,0.00012155862793027548,0.031796426373451155,0.03203954362931171,10
UniGCN,restart,restart,87,0.03191798489544713,0.00012155862608872815,0.0317964262693584,0.03203954352153586,10
UniGCN,restart,restart,88,0.031917984804873165,0.00012155862451792799,0.03179642618035523,0.032039543429391096,10
UniGCN,restart,restart,89,0.03191798472740824,0.00012155862317783966,0.031796426104230405,0.03203954335058608,10
UniGCN,restart,restart,90,0.031917984661134956,0.00012155862203439741,0.03179642603910056,0.03203954328316935,10
UniGCN,restart,restart,91,0.03191798460441964,0.00012155862105858849,0.031796425983361055,0.03203954322547823,10
UniGCN,restart,restart,92,0.031917984555869826,0.00012155862022571247,0.031796425935644114,0.03203954317609554,10
UniGCN,restart,restart,93,0.031917984514298184,0.00012155861951473342,0.03179642589478345,0.032039543133812916,10
UniGCN,restart,restart,94,0.03191798447869192,0.00012155861890771725,0.031796425859784205,0.03203954309759964,10
UniGCN,restart,restart,95,0.03191798444818684,0.00012155861838939425,0.03179642582979744,0.032039543066576234,10
UniGCN,restart,restart,96,0.03191798442204523,0.00012155861794674437,0.031796425804098485,0.03203954303999197,10
UniGCN,restart,restart,97,0.03191798439963718,0.00012155861756866769,0.03179642578206851,0.03203954301720585,10
UniGCN,restart,restart,98,0.03191798438042463,0.00012155861724571033,0.03179642576317892,0.032039542997670346,10
UniGCN,restart,restart,99,0.03191798436394784,0.00012155861696979778,0.031796425746978045,0.032039542980917636,10
UniGCN,restart,restart,100,0.03191798434981384,0.0001215586167340535,0.03179642573307979,0.032039542966547895,10
UniGCN,restart,restart,101,0.031917984337686674,0.0001215586165325983,0.03179642572115408,0.03203954295421927,10
UniGCN,restart,restart,102,0.031917984327278964,0.0001215586163604325,0.03179642571091853,0.0320395429436394,10
UniGCN,restart,restart,103,0.031917984318344916,0.00012155861621327958,0.031796425702131634,0.0320395429345582,10
UniGCN,restart,restart,104,0.031917984310674156,0.00012155861608749728,0.03179642569458666,0.03203954292676165,10
UniGCN,restart,restart,105,0.03191798430408661,0.00012155861597996165,0.03179642568810665,0.032039542920066576,10
UniGCN,restart,restart,106,0.031917984298428126,0.00012155861588801723,0.03179642568254011,0.03203954291431614,10
UniGCN,restart,restart,107,0.03191798429356664,0.00012155861580940459,0.031796425677757235,0.032039542909376044,10
UniGCN,restart,restart,108,0.03191798428938904,0.00012155861574217599,0.031796425673646864,0.03203954290513121,10
UniGCN,restart,restart,109,0.03191798428579838,0.00012155861568468614,0.0317964256701137,0.032039542901483066,10
UniGCN,restart,restart,110,0.0319179842827116,0.00012155861563551077,0.03179642566707609,0.03203954289834711,10
UniGCN,restart,restart,111,0.03191798428005747,0.00012155861559344923,0.031796425664464015,0.03203954289565092,10
UniGCN,restart,restart,112,0.0319179842777749,0.00012155861555746861,0.03179642566221743,0.032039542893332364,10
UniGCN,restart,restart,113,0.03191798427581151,0.00012155861552668765,0.03179642566028482,0.032039542891338195,10
UniGCN,restart,restart,114,0.03191798427412234,0.00012155861550035207,0.031796425658621986,0.03203954288962269,10
UniGCN,restart,restart,115,0.031917984272668856,0.00012155861547781761,0.03179642565719104,0.03203954288814667,10
UniGCN,restart,restart,116,0.03191798427141791,0.00012155861545853428,0.03179642565595938,0.032039542886876445,10
UniGCN,restart,restart,117,0.03191798427034111,0.00012155861544203097,0.031796425654899076,0.03203954288578314,10
UniGCN,restart,restart,118,0.03191798426941404,0.00012155861542791301,0.03179642565398613,0.032039542884841954,10
UniGCN,restart,restart,119,0.031917984268615744,0.00012155861541582123,0.03179642565319992,0.03203954288403157,10
UniGCN,restart,restart,120,0.031917984267928225,0.00012155861540547786,0.03179642565252275,0.0320395428833337,10
UniGCN,restart,restart,121,0.03191798426733601,0.00012155861539662254,0.03179642565193939,0.032039542882732634,10
UniGCN,restart,restart,122,0.031917984266825794,0.00012155861538904071,0.031796425651436755,0.03203954288221483,10
UniGCN,restart,restart,123,0.03191798426638616,0.000121558615382552,0.03179642565100361,0.03203954288176871,10
UniGCN,restart,restart,124,0.031917984266007275,0.0001215586153769962,0.03179642565063028,0.03203954288138427,10
UniGCN,restart,restart,125,0.031917984265680696,0.00012155861537223902,0.031796425650308456,0.032039542881052936,10
UniGCN,restart,restart,126,0.03191798426539916,0.00012155861536816371,0.03179642565003099,0.032039542880767324,10
UniGCN,restart,restart,127,0.031917984265156414,0.00012155861536467763,0.03179642564979174,0.03203954288052109,10
UniGCN,restart,restart,128,0.03191798426494708,0.00012155861536169054,0.03179642564958539,0.032039542880308775,10
UniGCN,restart,restart,129,0.03191798426476653,0.00012155861535913198,0.0317964256494074,0.032039542880125664,10
UniGCN,restart,restart,130,0.0319179842646108,0.00012155861535694123,0.03179642564925386,0.03203954287996774,10
UniGCN,restart,restart,131,0.03191798426447644,0.00012155861535506583,0.03179642564912137,0.032039542879831504,10
UniGCN,restart,restart,132,0.0319179842643605,0.00012155861535346072,0.03179642564900704,0.032039542879713966,10
UniGCN,restart,restart,133,0.03191798426426044,0.00012155861535208438,0.03179642564890836,0.032039542879612526,10
UniGCN,restart,restart,134,0.03191798426417409,0.00012155861535090482,0.031796425648823186,0.03203954287952499,10
UniGCN,restart,restart,135,0.03191798426409954,0.00012155861534989566,0.03179642564874964,0.032039542879449434,10
UniGCN,restart,restart,136,0.03191798426403518,0.00012155861534903154,0.03179642564868615,0.03203954287938421,10
UniGCN,restart,restart,137,0.031917984263979605,0.00012155861534828822,0.03179642564863132,0.03203954287932789,10
UniGCN,restart,restart,138,0.0319179842639316,0.00012155861534765695,0.03179642564858395,0.03203954287927926,10
UniGCN,restart,restart,139,0.03191798426389015,0.00012155861534711483,0.031796425648543035,0.032039542879237264,10
UniGCN,restart,restart,140,0.031917984263854345,0.00012155861534664711,0.031796425648507695,0.032039542879200994,10
UniGCN,restart,restart,141,0.031917984263823404,0.00012155861534624856,0.03179642564847716,0.03203954287916965,10
UniGCN,restart,restart,142,0.031917984263796675,0.00012155861534590546,0.03179642564845077,0.03203954287914258,10
UniGCN,restart,restart,143,0.03191798426377356,0.00012155861534561305,0.031796425648427946,0.03203954287911918,10
UniGCN,restart,restart,144,0.03191798426375359,0.00012155861534536223,0.03179642564840823,0.03203954287909895,10
UniGCN,restart,restart,145,0.03191798426373634,0.00012155861534514798,0.03179642564839119,0.03203954287908149,10
UniGCN,restart,restart,146,0.03191798426372141,0.00012155861534496176,0.031796425648376446,0.03203954287906637,10
UniGCN,restart,restart,147,0.03191798426370851,0.00012155861534480724,0.0317964256483637,0.03203954287905332,10
UniGCN,restart,restart,148,0.03191798426369736,0.00012155861534466951,0.03179642564835269,0.03203954287904203,10
UniGCN,restart,restart,149,0.0319179842636877,0.00012155861534455414,0.031796425648343146,0.032039542879032254,10
UniGCN,restart,restart,150,0.03191798426367935,0.00012155861534445598,0.031796425648334896,0.03203954287902381,10
UniGCN,restart,restart,151,0.031917984263672136,0.00012155861534436936,0.03179642564832777,0.0320395428790165,10
UniGCN,restart,restart,152,0.03191798426366589,0.00012155861534429866,0.031796425648321594,0.03203954287901019,10
UniGCN,restart,restart,153,0.03191798426366048,0.00012155861534423431,0.031796425648316244,0.032039542879004713,10
UniGCN,restart,restart,154,0.0319179842636558,0.00012155861534418302,0.031796425648311616,0.03203954287899999,10
UniGCN,restart,restart,155,0.031917984263651764,0.00012155861534413675,0.031796425648307626,0.0320395428789959,10
UniGCN,restart,restart,156,0.03191798426364825,0.00012155861534409746,0.03179642564830416,0.03203954287899235,10
UniGCN,restart,restart,157,0.03191798426364521,0.00012155861534406203,0.03179642564830115,0.032039542878989274,10
UniGCN,restart,restart,158,0.03191798426364258,0.00012155861534403387,0.03179642564829855,0.03203954287898662,10
UniGCN,restart,restart,159,0.03191798426364032,0.00012155861534401177,0.03179642564829631,0.032039542878984334,10
UniGCN,restart,restart,160,0.03191798426363835,0.00012155861534398753,0.031796425648294366,0.032039542878982336,10
UniGCN,restart,restart,161,0.03191798426363664,0.00012155861534396735,0.03179642564829267,0.0320395428789806,10
UniGCN,restart,restart,162,0.031917984263635166,0.00012155861534395213,0.031796425648291216,0.032039542878979116,10
UniGCN,restart,restart,163,0.03191798426363388,0.00012155861534394185,0.03179642564828994,0.032039542878977825,10
UniGCN,restart,restart,164,0.03191798426363277,0.00012155861534393151,0.03179642564828884,0.0320395428789767,10
UniGCN,restart,restart,165,0.03191798426363181,0.00012155861534392216,0.031796425648287885,0.03203954287897573,10
UniGCN,restart,restart,166,0.031917984263630975,0.00012155861534390986,0.031796425648287066,0.03203954287897488,10
UniGCN,restart,restart,167,0.03191798426363025,0.00012155861534390345,0.03179642564828635,0.032039542878974155,10
UniGCN,restart,restart,168,0.03191798426362963,0.00012155861534389799,0.031796425648285734,0.03203954287897352,10
UniGCN,restart,restart,169,0.03191798426362909,0.00012155861534389626,0.03179642564828519,0.03203954287897298,10
UniGCN,restart,restart,170,0.031917984263628615,0.00012155861534388918,0.03179642564828473,0.0320395428789725,10
UniGCN,restart,restart,171,0.0319179842636282,0.00012155861534388714,0.03179642564828431,0.03203954287897209,10
UniGCN,restart,restart,172,0.03191798426362785,0.00012155861534388192,0.03179642564828397,0.03203954287897173,10
UniGCN,restart,restart,173,0.031917984263627554,0.00012155861534387853,0.03179642564828367,0.032039542878971435,10
UniGCN,restart,restart,174,0.03191798426362728,0.0001215586153438772,0.03179642564828341,0.03203954287897116,10
UniGCN,restart,restart,175,0.03191798426362705,0.00012155861534387555,0.03179642564828317,0.03203954287897092,10
UniGCN,restart,restart,176,0.03191798426362685,0.00012155861534387047,0.03179642564828298,0.03203954287897073,10
UniGCN,restart,restart,177,0.03191798426362667,0.00012155861534387005,0.031796425648282806,0.03203954287897054,10
UniGCN,restart,restart,178,0.03191798426362652,0.00012155861534386792,0.03179642564828265,0.03203954287897039,10
UniGCN,restart,restart,179,0.031917984263626395,0.00012155861534386945,0.03179642564828253,0.03203954287897026,10
UniGCN,restart,restart,180,0.031917984263626284,0.00012155861534387118,0.03179642564828241,0.03203954287897016,10
UniGCN,restart,restart,181,0.03191798426362617,0.00012155861534386612,0.031796425648282306,0.03203954287897004,10
UniGCN,restart,restart,182,0.0319179842636261,0.00012155861534386708,0.03179642564828223,0.032039542878969964,10
UniGCN,restart,restart,183,0.03191798426362602,0.0001215586153438643,0.03179642564828215,0.03203954287896989,10
UniGCN,restart,restart,184,0.03191798426362596,0.00012155861534386388,0.03179642564828209,0.032039542878969825,10
UniGCN,restart,restart,185,0.0319179842636259,0.00012155861534386454,0.031796425648282035,0.03203954287896977,10
UniGCN,restart,restart,186,0.03191798426362585,0.00012155861534386403,0.03179642564828198,0.032039542878969714,10
UniGCN,restart,restart,187,0.03191798426362581,0.00012155861534386561,0.031796425648281945,0.03203954287896968,10
UniGCN,restart,restart,188,0.03191798426362577,0.0001215586153438655,0.031796425648281904,0.03203954287896964,10
UniGCN,restart,restart,189,0.031917984263625736,0.00012155861534386224,0.031796425648281876,0.032039542878969596,10
UniGCN,restart,restart,190,0.03191798426362571,0.00012155861534386185,0.03179642564828185,0.03203954287896957,10
UniGCN,restart,restart,191,0.03191798426362569,0.00012155861534386071,0.03179642564828183,0.03203954287896955,10
UniGCN,restart,restart,192,0.03191798426362567,0.00012155861534386242,0.03179642564828181,0.03203954287896953,10
UniGCN,restart,restart,193,0.031917984263625646,0.0001215586153438626,0.031796425648281786,0.032039542878969506,10
UniGCN,restart,restart,194,0.03191798426362563,0.00012155861534386328,0.03179642564828177,0.03203954287896949,10
UniGCN,restart,restart,195,0.03191798426362562,0.00012155861534386107,0.03179642564828176,0.03203954287896948,10
UniGCN,restart,restart,196,0.03191798426362561,0.00012155861534386304,0.03179642564828175,0.03203954287896947,10
UniGCN,restart,restart,197,0.0319179842636256,0.00012155861534386042,0.03179642564828174,0.03203954287896946,10
UniGCN,restart,restart,198,0.0319179842636256,0.00012155861534386183,0.03179642564828174,0.03203954287896946,10
UniGCN,restart,restart,199,0.031917984263625576,0.00012155861534386258,0.031796425648281716,0.032039542878969436,10
UniGCN,restart,restart,200,0.03191798426362557,0.00012155861534385975,0.03179642564828171,0.03203954287896943,10
UniGCN,restart,restart,201,0.03191798426362557,0.00012155861534385906,0.03179642564828171,0.03203954287896943,10
UniGCN,restart,restart,202,0.03191798426362556,0.000121558615343863,0.0317964256482817,0.03203954287896942,10
UniGCN,restart,restart,203,0.03191798426362556,0.00012155861534386141,0.0317964256482817,0.03203954287896942,10
UniGCN,restart,restart,204,0.031917984263625555,0.00012155861534385892,0.031796425648281695,0.032039542878969415,10
UniGCN,restart,restart,205,0.03191798426362555,0.00012155861534386106,0.03179642564828169,0.03203954287896941,10
UniGCN,restart,restart,206,0.03191798426362555,0.00012155861534386091,0.03179642564828169,0.03203954287896941,10
UniGCN,restart,restart,207,0.03191798426362555,0.00012155861534385801,0.03179642564828169,0.03203954287896941,10
UniGCN,restart,restart,208,0.03191798426362555,0.00012155861534386156,0.03179642564828169,0.03203954287896941,10
UniGCN,restart,restart,209,0.03191798426362555,0.00012155861534386198,0.03179642564828169,0.03203954287896941,10
UniGCN,restart,restart,210,0.03191798426362554,0.0001215586153438618,0.03179642564828168,0.0320395428789694,10
UniGCN,restart,restart,211,0.031917984263625535,0.00012155861534386163,0.031796425648281675,0.032039542878969395,10
UniGCN,restart,restart,212,0.031917984263625535,0.00012155861534385943,0.031796425648281675,0.032039542878969395,10
UniGCN,restart,restart,213,0.031917984263625535,0.00012155861534385998,0.031796425648281675,0.032039542878969395,10
UniGCN,restart,restart,214,0.031917984263625535,0.00012155861534385968,0.031796425648281675,0.032039542878969395,10
UniGCN,restart,restart,215,0.031917984263625535,0.00012155861534386139,0.031796425648281675,0.032039542878969395,10
UniGCN,restart,restart,216,0.031917984263625535,0.00012155861534386014,0.031796425648281675,0.032039542878969395,10
UniGCN,restart,restart,217,0.031917984263625535,0.0001215586153438589,0.031796425648281675,0.032039542878969395,10
UniGCN,restart,restart,218,0.031917984263625535,0.00012155861534386018,0.031796425648281675,0.032039542878969395,10
UniGCN,restart,restart,219,0.031917984263625535,0.00012155861534385935,0.031796425648281675,0.032039542878969395,10
UniGCN,restart,restart,220,0.031917984263625535,0.00012155861534386009,0.031796425648281675,0.032039542878969395,10
UniGCN,restart,restart,221,0.03191798426362553,0.00012155861534386217,0.03179642564828167,0.03203954287896939,10
UniGCN,restart,restart,222,0.031917984263625535,0.00012155861534386128,0.031796425648281675,0.032039542878969395,10
UniGCN,restart,restart,223,0.03191798426362553,0.00012155861534386217,0.03179642564828167,0.03203954287896939,10
UniGCN,restart,restart,224,0.031917984263625535,0.00012155861534386128,0.031796425648281675,0.032039542878969395,10
UniGCN,restart,restart,225,0.031917984263625535,0.00012155861534386125,0.031796425648281675,0.032039542878969395,10
UniGCN,restart,restart,226,0.031917984263625535,0.00012155861534386274,0.031796425648281675,0.032039542878969395,10
UniGCN,restart,restart,227,0.031917984263625535,0.00012155861534386036,0.031796425648281675,0.032039542878969395,10
UniGCN,restart,restart,228,0.031917984263625535,0.00012155861534386128,0.031796425648281675,0.032039542878969395,10
UniGCN,restart,restart,229,0.031917984263625535,0.00012155861534386143,0.031796425648281675,0.032039542878969395,10
UniGCN,restart,restart,230,0.031917984263625535,0.00012155861534386143,0.031796425648281675,0.032039542878969395,10
UniGCN,restart,restart,231,0.031917984263625535,0.00012155861534386143,0.031796425648281675,0.032039542878969395,10
UniGCN,restart,restart,232,0.031917984263625535,0.00012155861534386113,0.031796425648281675,0.032039542878969395,10
UniGCN,restart,restart,233,0.031917984263625535,0.00012155861534386201,0.031796425648281675,0.032039542878969395,10
UniGCN,restart,restart,234,0.03191798426362553,0.00012155861534386265,0.03179642564828167,0.03203954287896939,10
UniGCN,restart,restart,235,0.03191798426362553,0.00012155861534386384,0.03179642564828166,0.032039542878969395,10
UniGCN,restart,restart,236,0.03191798426362553,0.00012155861534386236,0.03179642564828167,0.03203954287896939,10
UniGCN,restart,restart,237,0.03191798426362553,0.00012155861534386265,0.03179642564828167,0.03203954287896939,10
UniGCN,restart,restart,238,0.03191798426362553,0.00012155861534386265,0.03179642564828167,0.03203954287896939,10
UniGCN,restart,restart,239,0.03191798426362553,0.00012155861534386234,0.03179642564828167,0.03203954287896939,10
UniGCN,restart,restart,240,0.03191798426362553,0.00012155861534386175,0.03179642564828167,0.03203954287896939,10
UniGCN,restart,restart,241,0.03191798426362553,0.00012155861534386265,0.03179642564828167,0.03203954287896939,10
UniGCN,restart,restart,242,0.03191798426362553,0.00012155861534386265,0.03179642564828167,0.03203954287896939,10
UniGCN,restart,restart,243,0.03191798426362553,0.00012155861534386323,0.03179642564828167,0.03203954287896939,10
UniGCN,restart,restart,244,0.03191798426362553,0.00012155861534386263,0.03179642564828167,0.03203954287896939,10
UniGCN,restart,restart,245,0.03191798426362553,0.00012155861534386323,0.03179642564828167,0.03203954287896939,10
UniGCN,restart,restart,246,0.03191798426362553,0.00012155861534386234,0.03179642564828167,0.03203954287896939,10
UniGCN,restart,restart,247,0.03191798426362553,0.00012155861534386295,0.03179642564828167,0.03203954287896939,10
UniGCN,restart,restart,248,0.03191798426362553,0.00012155861534386202,0.03179642564828167,0.03203954287896939,10
UniGCN,restart,restart,249,0.03191798426362553,0.00012155861534386323,0.03179642564828167,0.03203954287896939,10
UniGCN,restart,restart,250,0.03191798426362553,0.00012155861534386144,0.03179642564828167,0.03203954287896939,10
UniGCN,restart,restart,251,0.03191798426362553,0.0001215586153438626,0.03179642564828167,0.03203954287896939,10
UniGCN,restart,restart,252,0.03191798426362553,0.00012155861534386292,0.03179642564828167,0.03203954287896939,10
UniGCN,restart,restart,253,0.03191798426362553,0.00012155861534386228,0.03179642564828167,0.03203954287896939,10
UniGCN,restart,restart,254,0.03191798426362553,0.00012155861534386292,0.03179642564828167,0.03203954287896939,10
UniGCN,restart,restart,255,0.03191798426362553,0.0001215586153438626,0.03179642564828167,0.03203954287896939,10
UniGCN,restart,restart,256,0.03191798426362553,0.00012155861534386292,0.03179642564828167,0.03203954287896939,10
